0,0.75,1,0,0.125009,0.124888,0.124679,0.124969,0.125027,0.125268,0.124881,0.125279,1600,0
0,0.75,1,1000,0.00237891,0.390327,0.00620625,0.222503,0.0622188,0.0838215,0.0225758,0.209968,1600,520
0,0.75,1,2000,0.00237891,0.390327,0.00620625,0.222503,0.0622188,0.0838215,0.0225758,0.209968,1600,520
0,0.75,1,3000,0.00237891,0.390327,0.00620625,0.222503,0.0622188,0.0838215,0.0225758,0.209968,1600,520
0,0.75,1,5000,0.00237891,0.390327,0.00620625,0.222503,0.0622188,0.0838215,0.0225758,0.209968,1600,520
0,0.75,1,7000,0.00237891,0.390327,0.00620625,0.222503,0.0622188,0.0838215,0.0225758,0.209968,1600,520
0,0.75,1,10000,0.00237891,0.390327,0.00620625,0.222503,0.0622188,0.0838215,0.0225758,0.209968,1600,520
0,0.75,1,25000,0.00237891,0.390327,0.00620625,0.222503,0.0622188,0.0838215,0.0225758,0.209968,1600,520
0,0.75,1,50000,0.00237891,0.390327,0.00620625,0.222503,0.0622188,0.0838215,0.0225758,0.209968,1600,520
0,0.75,1,0,0.125109,0.1249,0.12518,0.124964,0.12491,0.124944,0.12465,0.125343,1600,0
0,0.75,1,1000,0.00223203,0.392617,0.00615391,0.220609,0.0609875,0.0838391,0.0215969,0.211964,1600,480
0,0.75,1,2000,0.00223203,0.392617,0.00615391,0.220609,0.0609875,0.0838391,0.0215969,0.211964,1600,480
0,0.75,1,3000,0.00223203,0.392617,0.00615391,0.220609,0.0609875,0.0838391,0.0215969,0.211964,1600,480
0,0.75,1,5000,0.00223203,0.392617,0.00615391,0.220609,0.0609875,0.0838391,0.0215969,0.211964,1600,480
0,0.75,1,7000,0.00223203,0.392617,0.00615391,0.220609,0.0609875,0.0838391,0.0215969,0.211964,1600,480
0,0.75,1,10000,0.00223203,0.392617,0.00615391,0.220609,0.0609875,0.0838391,0.0215969,0.211964,1600,480
0,0.75,1,25000,0.00223203,0.392617,0.00615391,0.220609,0.0609875,0.0838391,0.0215969,0.211964,1600,480
0,0.75,1,50000,0.00223203,0.392617,0.00615391,0.220609,0.0609875,0.0838391,0.0215969,0.211964,1600,480
0.05,0.75,1,0,0.125273,0.124994,0.125038,0.125037,0.124954,0.124793,0.12486,0.125051,1600,0
0.05,0.75,1,1000,0.0832434,0.194539,0.0927211,0.147505,0.0963293,0.116012,0.0854805,0.18417,1600,0
0.05,0.75,1,2000,0.111789,0.188625,0.117657,0.126623,0.12902,0.0667762,0.10528,0.15423,1600,0
0.05,0.75,1,3000,0.1162,0.185819,0.120987,0.121705,0.136053,0.0590676,0.10694,0.153228,1600,0
0.05,0.75,1,5000,0.126223,0.187313,0.13057,0.111072,0.147232,0.0390004,0.117595,0.140995,1600,0
0.05,0.75,1,7000,0.134605,0.189788,0.13733,0.10777,0.148698,0.0321297,0.112486,0.137194,1600,0
0.05,0.75,1,10000,0.133789,0.186529,0.135834,0.10566,0.154929,0.0310539,0.11898,0.133226,1600,0
0.05,0.75,1,25000,0.139795,0.183266,0.141732,0.103236,0.154811,0.0204855,0.124716,0.131958,1600,0
0.05,0.75,1,50000,0.145358,0.186763,0.141284,0.10104,0.163104,0.0157523,0.11808,0.128619,1600,0
0.05,0.75,1,0,0.125246,0.124903,0.124895,0.124914,0.124885,0.125055,0.125246,0.124856,1600,0
0.05,0.75,1,1000,0.0826121,0.192586,0.0900594,0.147206,0.0965359,0.117161,0.0771715,0.196667,1600,0
0.05,0.75,1,2000,0.110905,0.19227,0.114596,0.12973,0.126255,0.0717281,0.101266,0.15325,1600,0
0.05,0.75,1,3000,0.120146,0.186027,0.12021,0.122842,0.142418,0.0550055,0.105343,0.148009,1600,0
0.05,0.75,1,5000,0.125498,0.187535,0.126704,0.117195,0.143419,0.0441398,0.112451,0.143058,1600,0
0.05,0.75,1,7000,0.130986,0.187387,0.131372,0.114844,0.147326,0.040202,0.106077,0.141806,1600,0
0.05,0.75,1,10000,0.129106,0.192254,0.131856,0.108288,0.149196,0.0354121,0.116004,0.137884,1600,0
0.05,0.75,1,25000,0.137217,0.18158,0.138316,0.105017,0.162995,0.0211398,0.123383,0.130352,1600,0
0.05,0.75,1,50000,0.137871,0.18113,0.140756,0.100438,0.164866,0.0237602,0.126841,0.124337,1600,0
0.1,0.75,1,0,0.124871,0.1247,0.124734,0.125131,0.125037,0.125092,0.125145,0.125289,1600,0
0.1,0.75,1,1000,0.119824,0.188959,0.122075,0.113056,0.137184,0.0507762,0.117045,0.15108,1600,0
0.1,0.75,1,2000,0.133829,0.178625,0.140094,0.102305,0.159316,0.0225254,0.133378,0.129929,1600,0
0.1,0.75,1,3000,0.141639,0.18288,0.14666,0.0919828,0.170584,0.0111168,0.135796,0.119341,1600,0
0.1,0.75,1,5000,0.14868,0.180132,0.150973,0.092393,0.18052,0.00361875,0.133422,0.110261,1600,0
0.1,0.75,1,7000,0.147537,0.185369,0.146891,0.0940707,0.173504,0.000380469,0.139106,0.113141,1600,0
0.1,0.75,1,10000,0.143976,0.186089,0.145446,0.0891867,0.18497,0,0.140752,0.10958,1600,0
0.1,0.75,1,25000,0.149097,0.176343,0.150855,0.0884699,0.178957,0,0.139739,0.116539,1600,0
0.1,0.75,1,50000,0.145374,0.182675,0.147057,0.0873457,0.180834,0,0.144939,0.111775,1600,0
0.1,0.75,1,0,0.124401,0.125056,0.124911,0.124919,0.125265,0.125117,0.125333,0.124998,1600,0
0.1,0.75,1,1000,0.114433,0.188672,0.122136,0.116626,0.142914,0.0515281,0.114755,0.148938,1600,0
0.1,0.75,1,2000,0.130382,0.189518,0.137714,0.10252,0.166177,0.021732,0.125903,0.126054,1600,0
0.1,0.75,1,3000,0.142944,0.182133,0.140742,0.0962852,0.179233,0.00785742,0.134483,0.116323,1600,0
0.1,0.75,1,5000,0.139403,0.177964,0.146061,0.0946797,0.182072,0.00461602,0.138114,0.11709,1600,0
0.1,0.75,1,7000,0.14907,0.179055,0.143808,0.0906504,0.18012,0.000641406,0.136228,0.120427,1600,0
0.1,0.75,1,10000,0.150152,0.181009,0.149061,0.092252,0.181318,0,0.133878,0.11233,1600,0
0.1,0.75,1,25000,0.150397,0.178387,0.151525,0.0917336,0.178974,0,0.136345,0.112638,1600,0
0.1,0.75,1,50000,0.142626,0.18014,0.148304,0.0907926,0.182385,0,0.138686,0.117066,1600,0
0.15,0.75,1,0,0.12515,0.125148,0.124908,0.124815,0.124831,0.124914,0.125151,0.125082,1600,0
0.15,0.75,1,1000,0.121117,0.188607,0.127792,0.10558,0.158919,0.0348559,0.126069,0.13706,1600,0
0.15,0.75,1,2000,0.132191,0.18538,0.135471,0.0996535,0.167669,0.0156066,0.137105,0.126922,1600,0
0.15,0.75,1,3000,0.133986,0.189064,0.141152,0.0916316,0.176546,0.0074543,0.13907,0.121097,1600,0
0.15,0.75,1,5000,0.142322,0.183089,0.139012,0.0886031,0.187869,0.00172031,0.146732,0.110652,1600,0
0.15,0.75,1,7000,0.140573,0.189646,0.14347,0.0862047,0.185175,0.000239453,0.145399,0.109293,1600,0
0.15,0.75,1,10000,0.142079,0.185091,0.141654,0.088827,0.182038,0,0.146681,0.11363,1600,0
0.15,0.75,1,25000,0.141427,0.18558,0.145912,0.0888191,0.18753,0,0.136683,0.114048,1600,0
0.15,0.75,1,50000,0.143048,0.184432,0.142776,0.0853254,0.174856,0,0.147739,0.121824,1600,0
0.15,0.75,1,0,0.124772,0.124884,0.1247,0.124687,0.125398,0.125241,0.125386,0.124931,1600,0
0.15,0.75,1,1000,0.117814,0.203608,0.128126,0.105429,0.154625,0.0335879,0.119555,0.137254,1600,0
0.15,0.75,1,2000,0.134729,0.184741,0.133442,0.0970594,0.181464,0.0118184,0.136389,0.120358,1600,0
0.15,0.75,1,3000,0.13798,0.182108,0.147291,0.0857055,0.178066,0.00472188,0.146243,0.117884,1600,0
0.15,0.75,1,5000,0.145987,0.181809,0.143764,0.0913363,0.1826,0.00177383,0.137782,0.114948,1600,0
0.15,0.75,1,7000,0.14133,0.183832,0.144421,0.0923254,0.182855,0.000326172,0.142063,0.112847,1600,0
0.15,0.75,1,10000,0.141907,0.184169,0.142052,0.0928676,0.184232,0,0.144795,0.109976,1600,0
0.15,0.75,1,25000,0.143937,0.187979,0.139717,0.0925184,0.183008,0,0.139698,0.113144,1600,0
0.15,0.75,1,50000,0.136268,0.182272,0.147506,0.0907891,0.186495,0,0.142334,0.114337,1600,0
0.2,0.75,1,0,0.124728,0.125432,0.124839,0.125034,0.125219,0.124879,0.125176,0.124694,1600,0
0.2,0.75,1,1000,0.110581,0.192703,0.121012,0.105624,0.161657,0.0384887,0.128475,0.141459,1600,0
0.2,0.75,1,2000,0.130128,0.198451,0.129768,0.10042,0.170526,0.0115238,0.137456,0.121727,1600,0
0.2,0.75,1,3000,0.13059,0.189853,0.135073,0.0891453,0.186849,0.00443008,0.145506,0.118554,1600,0
0.2,0.75,1,5000,0.135678,0.191771,0.13446,0.0864879,0.192912,0.000569531,0.146086,0.112034,1600,0
0.2,0.75,1,7000,0.133484,0.19195,0.141468,0.0882891,0.190317,0,0.145208,0.109285,1600,0
0.2,0.75,1,10000,0.131802,0.192836,0.135192,0.0855297,0.198064,0,0.146011,0.110566,1600,0
0.2,0.75,1,25000,0.136382,0.189777,0.142527,0.0862504,0.190772,0,0.141697,0.112593,1600,0
0.2,0.75,1,50000,0.138084,0.184777,0.140509,0.0844371,0.184544,0,0.151676,0.115974,1600,0
0.2,0.75,1,0,0.124924,0.125479,0.125065,0.124778,0.125214,0.12501,0.12486,0.124671,1600,0
0.2,0.75,1,1000,0.110755,0.1966,0.118849,0.0999211,0.168354,0.0382836,0.129762,0.137475,1600,0
0.2,0.75,1,2000,0.121946,0.19492,0.133341,0.0927168,0.179814,0.0161871,0.138167,0.122909,1600,0
0.2,0.75,1,3000,0.130823,0.199373,0.136006,0.0877742,0.186803,0.00842422,0.137865,0.112932,1600,0
0.2,0.75,1,5000,0.132296,0.191544,0.136625,0.0860781,0.193358,0.00312227,0.142507,0.11447,1600,0
0.2,0.75,1,7000,0.135116,0.189187,0.135156,0.0904801,0.18474,0.000545703,0.152745,0.11203,1600,0
0.2,0.75,1,10000,0.131295,0.192052,0.1336,0.0890438,0.192775,3.35938e-05,0.144042,0.117159,1600,0
0.2,0.75,1,25000,0.129743,0.191735,0.135694,0.0896191,0.198875,0,0.146315,0.108018,1600,0
0.2,0.75,1,50000,0.136338,0.192105,0.135295,0.0872941,0.190258,0,0.146995,0.111715,1600,0
0.25,0.75,1,0,0.12479,0.124838,0.124983,0.125268,0.125393,0.124946,0.124831,0.124951,1600,0
0.25,0.75,1,1000,0.105554,0.21027,0.115657,0.103627,0.168399,0.0361055,0.125564,0.134824,1600,0
0.25,0.75,1,2000,0.119219,0.204242,0.124918,0.0896883,0.189495,0.0122332,0.145941,0.114264,1600,0
0.25,0.75,1,3000,0.122977,0.203681,0.12739,0.0869195,0.19413,0.00341172,0.14385,0.117641,1600,0
0.25,0.75,1,5000,0.121046,0.194811,0.134099,0.0842484,0.201155,0.000730078,0.15027,0.113641,1600,0
0.25,0.75,1,7000,0.128553,0.202859,0.132886,0.0872906,0.193093,9.53125e-05,0.149536,0.105687,1600,0
0.25,0.75,1,10000,0.122496,0.187614,0.129321,0.0866172,0.205612,0,0.152017,0.116324,1600,0
0.25,0.75,1,25000,0.133532,0.200972,0.135411,0.08535,0.192801,0,0.142525,0.109409,1600,0
0.25,0.75,1,50000,0.126808,0.190021,0.137257,0.084432,0.18955,0,0.15963,0.112301,1600,0
0.25,0.75,1,0,0.125158,0.125037,0.124615,0.124969,0.124917,0.125382,0.125023,0.124898,1600,0
0.25,0.75,1,1000,0.105084,0.206559,0.122321,0.107411,0.157379,0.0393086,0.121611,0.140327,1600,0
0.25,0.75,1,2000,0.121545,0.203063,0.122259,0.0975734,0.182814,0.0147855,0.134686,0.123275,1600,0
0.25,0.75,1,3000,0.121093,0.202332,0.126194,0.0884914,0.193843,0.00737891,0.141032,0.119636,1600,0
0.25,0.75,1,5000,0.122362,0.202575,0.131669,0.0883348,0.200199,0.00245547,0.14143,0.110975,1600,0
0.25,0.75,1,7000,0.123729,0.203889,0.132272,0.0856328,0.195654,0.00159336,0.145187,0.112043,1600,0
0.25,0.75,1,10000,0.120647,0.197702,0.128815,0.0819891,0.205875,0,0.153232,0.111739,1600,0
0.25,0.75,1,25000,0.121592,0.205773,0.126692,0.0875469,0.201936,0,0.143343,0.113118,1600,0
0.25,0.75,1,50000,0.127205,0.200648,0.133788,0.085923,0.202238,0,0.142353,0.107845,1600,0
0.3,0.75,1,0,0.124867,0.124753,0.12511,0.124909,0.125295,0.125182,0.124769,0.125116,1600,0
0.3,0.75,1,1000,0.0938375,0.20692,0.110931,0.108239,0.163202,0.0476125,0.118839,0.150418,1600,0
0.3,0.75,1,2000,0.103773,0.210727,0.118127,0.0931312,0.190534,0.0176789,0.138227,0.127802,1600,0
0.3,0.75,1,3000,0.10945,0.202629,0.127472,0.0837438,0.200725,0.0094625,0.148064,0.118454,1600,0
0.3,0.75,1,5000,0.111375,0.20592,0.124786,0.0827703,0.210329,0.00234141,0.147452,0.115026,1600,0
0.3,0.75,1,7000,0.11226,0.206497,0.122774,0.0869699,0.208132,0.00280781,0.14483,0.115729,1600,0
0.3,0.75,1,10000,0.115282,0.206664,0.123667,0.0777586,0.205743,0,0.155048,0.115836,1600,0
0.3,0.75,1,25000,0.116368,0.208992,0.122993,0.083934,0.195087,0,0.15233,0.120296,1600,0
0.3,0.75,1,50000,0.112918,0.214472,0.12098,0.0781949,0.202163,0,0.15433,0.116941,1600,0
0.3,0.75,1,0,0.12512,0.124434,0.124841,0.124829,0.125117,0.125325,0.125142,0.125192,1600,0
0.3,0.75,1,1000,0.0940461,0.216701,0.106072,0.108868,0.166695,0.0399859,0.124604,0.143028,1600,0
0.3,0.75,1,2000,0.109323,0.207096,0.118638,0.0890301,0.193363,0.0154363,0.143332,0.12378,1600,0
0.3,0.75,1,3000,0.114175,0.208305,0.120418,0.0862355,0.202377,0.00620586,0.145704,0.116579,1600,0
0.3,0.75,1,5000,0.111011,0.208275,0.127566,0.0768668,0.21053,0.000742969,0.15395,0.111057,1600,0
0.3,0.75,1,7000,0.116968,0.208255,0.120705,0.0846496,0.207268,0,0.149668,0.112486,1600,0
0.3,0.75,1,10000,0.116118,0.205844,0.123987,0.0781395,0.213919,0,0.149327,0.112666,1600,0
0.3,0.75,1,25000,0.116186,0.213524,0.121865,0.082532,0.207816,0,0.151383,0.106694,1600,0
0.3,0.75,1,50000,0.115467,0.211459,0.126909,0.0780738,0.19958,0,0.154795,0.113717,1600,0
0.35,0.75,1,0,0.124963,0.124905,0.12496,0.125409,0.124908,0.124972,0.125177,0.124708,1600,0
0.35,0.75,1,1000,0.0621414,0.235809,0.078243,0.135802,0.138061,0.0845086,0.0981383,0.167296,1600,0
0.35,0.75,1,2000,0.0718039,0.22917,0.0857945,0.130245,0.142338,0.0741668,0.11009,0.156392,1600,0
0.35,0.75,1,3000,0.0818344,0.227801,0.0951734,0.114346,0.151668,0.0583297,0.112928,0.15792,1600,0
0.35,0.75,1,5000,0.0815574,0.222631,0.0968383,0.113851,0.168079,0.049909,0.124069,0.143065,1600,0
0.35,0.75,1,7000,0.087123,0.22293,0.0976582,0.107915,0.173299,0.0388266,0.131506,0.140742,1600,0
0.35,0.75,1,10000,0.0950758,0.22045,0.107234,0.0967227,0.18008,0.0291984,0.136392,0.134848,1600,0
0.35,0.75,1,25000,0.0969785,0.2167,0.113375,0.0897945,0.184343,0.0200687,0.142884,0.135856,1600,0
0.35,0.75,1,50000,0.100709,0.213634,0.12223,0.0809859,0.209434,0.00435742,0.149771,0.118879,1600,0
0.35,0.75,1,0,0.124862,0.125059,0.125145,0.124987,0.125353,0.125044,0.124629,0.124923,1600,0
0.35,0.75,1,1000,0.0653238,0.223141,0.0807961,0.129767,0.137511,0.089275,0.101452,0.172734,1600,0
0.35,0.75,1,2000,0.0701848,0.227754,0.0837449,0.12506,0.147064,0.0771992,0.106663,0.16233,1600,0
0.35,0.75,1,3000,0.0758699,0.219216,0.0943477,0.124171,0.154865,0.0649656,0.11568,0.150885,1600,0
0.35,0.75,1,5000,0.0836172,0.222066,0.098598,0.111508,0.165515,0.0494359,0.123682,0.145577,1600,0
0.35,0.75,1,7000,0.079768,0.223437,0.0936582,0.111013,0.172052,0.0455187,0.1261,0.148453,1600,0
0.35,0.75,1,10000,0.0842637,0.224461,0.0989301,0.102165,0.177466,0.0391746,0.134815,0.138725,1600,0
0.35,0.75,1,25000,0.0984059,0.215987,0.114647,0.0858152,0.207373,0.011398,0.140718,0.125655,1600,0
0.35,0.75,1,50000,0.100698,0.222861,0.114408,0.0773281,0.211838,0,0.153011,0.119856,1600,0
0.4,0.75,1,0,0.125227,0.124934,0.125173,0.124977,0.124952,0.125109,0.124985,0.124645,1600,0
0.4,0.75,1,1000,0.0371141,0.246358,0.0522789,0.171792,0.0893461,0.134348,0.0680176,0.200745,1600,0
0.4,0.75,1,2000,0.0198508,0.24252,0.0257215,0.20992,0.0476645,0.188314,0.0390652,0.226944,1600,0
0.4,0.75,1,3000,0.00589023,0.254228,0.0101887,0.232269,0.0172348,0.225226,0.0127855,0.242178,1600,0
0.4,0.75,1,5000,0.0004875,0.255042,0.00100156,0.244379,0.00174922,0.247604,0.00158555,0.248151,1600,0
0.4,0.75,1,7000,0,0.254093,0,0.247269,0,0.247227,0,0.251411,1600,0
0.4,0.75,1,10000,0,0.249287,0,0.249774,0,0.25007,0,0.25087,1600,0
0.4,0.75,1,25000,0,0.250593,0,0.254853,0,0.249428,0,0.245126,1600,0
0.4,0.75,1,50000,0,0.250427,0,0.245289,0,0.252469,0,0.251814,1600,0
0,0.75,1,0,0.124911,0.12459,0.125138,0.12483,0.125282,0.125012,0.125357,0.124879,1600,0
0,0.75,1,1000,0.0021043,0.395214,0.00615273,0.21669,0.0647379,0.0825512,0.0219715,0.210578,1600,540
0,0.75,1,2000,0.0021043,0.395214,0.00615273,0.21669,0.0647379,0.0825512,0.0219715,0.210578,1600,540
0,0.75,1,3000,0.0021043,0.395214,0.00615273,0.21669,0.0647379,0.0825512,0.0219715,0.210578,1600,540
0,0.75,1,5000,0.0021043,0.395214,0.00615273,0.21669,0.0647379,0.0825512,0.0219715,0.210578,1600,540
0,0.75,1,7000,0.0021043,0.395214,0.00615273,0.21669,0.0647379,0.0825512,0.0219715,0.210578,1600,540
0,0.75,1,10000,0.0021043,0.395214,0.00615273,0.21669,0.0647379,0.0825512,0.0219715,0.210578,1600,540
0,0.75,1,25000,0.0021043,0.395214,0.00615273,0.21669,0.0647379,0.0825512,0.0219715,0.210578,1600,540
0,0.75,1,50000,0.0021043,0.395214,0.00615273,0.21669,0.0647379,0.0825512,0.0219715,0.210578,1600,540
0.4,0.75,1,0,0.124895,0.125245,0.124818,0.124731,0.124562,0.124915,0.1256,0.125234,1600,0
0.4,0.75,1,1000,0.0362406,0.242939,0.0448602,0.178631,0.0848785,0.145274,0.0612086,0.205968,1600,0
0.4,0.75,1,2000,0.0180547,0.251212,0.024659,0.21019,0.0452328,0.195303,0.0326711,0.222678,1600,0
0.4,0.75,1,3000,0.00638281,0.2502,0.0103953,0.235405,0.014784,0.227932,0.0146352,0.240265,1600,0
0.4,0.75,1,5000,0.000410938,0.247003,0.000111328,0.248853,0.000316016,0.252378,0.000647656,0.25028,1600,0
0.4,0.75,1,7000,0,0.251735,0,0.249047,0,0.250095,0,0.249122,1600,0
0.4,0.75,1,10000,0,0.24993,0,0.250825,0,0.248677,0,0.250568,1600,0
0.4,0.75,1,25000,0,0.250991,0,0.251634,0,0.248623,0,0.248752,1600,0
0.4,0.75,1,50000,0,0.253248,0,0.248082,0,0.2517,0,0.246969,1600,0
0,0.75,1,0,0.125145,0.125091,0.124784,0.124963,0.124729,0.125414,0.12506,0.124814,1600,0
0,0.75,1,1000,0.00216602,0.395088,0.00615312,0.216471,0.0641051,0.0820785,0.021877,0.212061,1600,440
0,0.75,1,2000,0.00216602,0.395088,0.00615312,0.216471,0.0641051,0.0820785,0.021877,0.212061,1600,440
0,0.75,1,3000,0.00216602,0.395088,0.00615312,0.216471,0.0641051,0.0820785,0.021877,0.212061,1600,440
0,0.75,1,5000,0.00216602,0.395088,0.00615312,0.216471,0.0641051,0.0820785,0.021877,0.212061,1600,440
0,0.75,1,7000,0.00216602,0.395088,0.00615312,0.216471,0.0641051,0.0820785,0.021877,0.212061,1600,440
0,0.75,1,10000,0.00216602,0.395088,0.00615312,0.216471,0.0641051,0.0820785,0.021877,0.212061,1600,440
0,0.75,1,25000,0.00216602,0.395088,0.00615312,0.216471,0.0641051,0.0820785,0.021877,0.212061,1600,440
0,0.75,1,50000,0.00216602,0.395088,0.00615312,0.216471,0.0641051,0.0820785,0.021877,0.212061,1600,440
0.05,0.75,1,0,0.124642,0.125236,0.124747,0.125286,0.124975,0.125083,0.124756,0.125275,1600,0
0.05,0.75,1,1000,0.0859316,0.20547,0.0928723,0.151244,0.0971273,0.112673,0.0770449,0.177637,1600,0
0.05,0.75,1,2000,0.108146,0.190118,0.113755,0.130146,0.12184,0.0654504,0.100639,0.169906,1600,0
0.05,0.75,1,3000,0.113609,0.191915,0.125466,0.125164,0.135505,0.0562453,0.108037,0.144058,1600,0
0.05,0.75,1,5000,0.120726,0.182206,0.130887,0.115741,0.146691,0.0434277,0.115434,0.144887,1600,0
0.05,0.75,1,7000,0.127577,0.187214,0.133774,0.107202,0.147096,0.0388246,0.115198,0.143115,1600,0
0.05,0.75,1,10000,0.132927,0.18279,0.137415,0.105273,0.160553,0.0293867,0.119472,0.132183,1600,0
0.05,0.75,1,25000,0.140887,0.185025,0.145218,0.105332,0.15625,0.0180188,0.121848,0.127421,1600,0
0.05,0.75,1,50000,0.143124,0.179162,0.138232,0.103846,0.172603,0.0164414,0.122296,0.124296,1600,0
0.05,0.75,1,0,0.12519,0.125045,0.1247,0.124964,0.124967,0.124734,0.125121,0.125278,1600,0
0.05,0.75,1,1000,0.0844402,0.202079,0.0936559,0.150352,0.0995809,0.113308,0.0796156,0.176968,1600,0
0.05,0.75,1,2000,0.10631,0.187433,0.114705,0.134764,0.12706,0.0688711,0.100573,0.160283,1600,0
0.05,0.75,1,3000,0.115058,0.189269,0.1269,0.120173,0.136532,0.0523531,0.10745,0.152265,1600,0
0.05,0.75,1,5000,0.128152,0.190781,0.125367,0.113581,0.142941,0.0432797,0.110275,0.145622,1600,0
0.05,0.75,1,7000,0.128556,0.192258,0.131845,0.113964,0.144255,0.0381145,0.111646,0.139362,1600,0
0.05,0.75,1,10000,0.14073,0.185911,0.138111,0.104624,0.151194,0.0284211,0.118166,0.132843,1600,0
0.05,0.75,1,25000,0.14137,0.186619,0.1427,0.102398,0.160164,0.0180469,0.126221,0.12248,1600,0
0.05,0.75,1,50000,0.14089,0.182499,0.142237,0.100517,0.163586,0.0180266,0.124809,0.127436,1600,0
0.1,0.75,1,0,0.125143,0.12515,0.124514,0.125286,0.125036,0.124999,0.124902,0.124971,1600,0
0.1,0.75,1,1000,0.117526,0.18663,0.128383,0.116215,0.14375,0.0518641,0.115291,0.140341,1600,0
0.1,0.75,1,2000,0.136392,0.18285,0.144027,0.101993,0.151934,0.0227617,0.124542,0.135501,1600,0
0.1,0.75,1,3000,0.139599,0.189061,0.134441,0.101368,0.167434,0.014309,0.12763,0.126159,1600,0
0.1,0.75,1,5000,0.136596,0.182934,0.148985,0.0913105,0.181951,0.00680703,0.139021,0.112395,1600,0
0.1,0.75,1,7000,0.150115,0.179211,0.145381,0.089757,0.174777,0.00319492,0.139957,0.117607,1600,0
0.1,0.75,1,10000,0.153557,0.180168,0.148614,0.0935688,0.170778,0.00102109,0.134818,0.117475,1600,0
0.1,0.75,1,25000,0.151655,0.179819,0.148259,0.0863375,0.18371,0,0.138721,0.111498,1600,0
0.1,0.75,1,50000,0.146373,0.182154,0.142582,0.0911727,0.187155,0,0.140051,0.110512,1600,0
0.1,0.75,1,0,0.125167,0.124924,0.125173,0.124649,0.125086,0.125051,0.12521,0.124739,1600,0
0.1,0.75,1,1000,0.116621,0.190832,0.116827,0.110599,0.137987,0.0539219,0.118641,0.154571,1600,0
0.1,0.75,1,2000,0.134302,0.185029,0.138349,0.108296,0.15999,0.0232937,0.12679,0.123951,1600,0
0.1,0.75,1,3000,0.138669,0.188296,0.137975,0.0948051,0.177414,0.0103648,0.133742,0.118733,1600,0
0.1,0.75,1,5000,0.14963,0.179942,0.144456,0.089468,0.177918,0.00408047,0.136091,0.118415,1600,0
0.1,0.75,1,7000,0.152215,0.184873,0.146993,0.0904219,0.178166,0.00140195,0.13436,0.111569,1600,0
0.1,0.75,1,10000,0.143682,0.183246,0.146554,0.0885605,0.184587,0,0.14119,0.112181,1600,0
0.1,0.75,1,25000,0.145604,0.185633,0.144218,0.0899723,0.176644,0,0.142694,0.115236,1600,0
0.1,0.75,1,50000,0.14987,0.1783,0.149194,0.0910801,0.180544,0,0.139733,0.11128,1600,0
0.15,0.75,1,0,0.124901,0.124733,0.125313,0.1249,0.125091,0.124868,0.125199,0.124995,1600,0
0.15,0.75,1,1000,0.116911,0.190307,0.130411,0.104673,0.150405,0.0370539,0.12862,0.14162,1600,0
0.15,0.75,1,2000,0.132985,0.185497,0.138479,0.0946504,0.171589,0.0143926,0.135916,0.126491,1600,0
0.15,0.75,1,3000,0.133886,0.18875,0.146566,0.094034,0.170976,0.00901211,0.139093,0.117682,1600,0
0.15,0.75,1,5000,0.141553,0.183291,0.139055,0.0957621,0.183189,0.00326133,0.138932,0.114956,1600,0
0.15,0.75,1,7000,0.141719,0.189207,0.141286,0.0890613,0.185209,0.00133633,0.140009,0.112173,1600,0
0.15,0.75,1,10000,0.141964,0.186233,0.140407,0.0891039,0.18758,0.000375,0.142345,0.111991,1600,0
0.15,0.75,1,25000,0.143095,0.184002,0.146134,0.0870184,0.185771,0,0.142508,0.111472,1600,0
0.15,0.75,1,50000,0.140834,0.187766,0.140804,0.0855527,0.186469,0,0.145188,0.113387,1600,0
0.15,0.75,1,0,0.124747,0.125345,0.124912,0.125032,0.12463,0.12484,0.125202,0.125292,1600,0
0.15,0.75,1,1000,0.119146,0.194612,0.127688,0.112243,0.153184,0.0359863,0.123521,0.13362,1600,0
0.15,0.75,1,2000,0.12902,0.195971,0.132515,0.0968344,0.171668,0.0161668,0.13337,0.124455,1600,0
0.15,0.75,1,3000,0.139014,0.189302,0.138302,0.0911328,0.172602,0.0108227,0.138233,0.12059,1600,0
0.15,0.75,1,5000,0.143132,0.185189,0.144824,0.0884898,0.180998,0.00103711,0.137944,0.118386,1600,0
0.15,0.75,1,7000,0.143328,0.183234,0.142216,0.0869441,0.187077,0.000439062,0.141893,0.114869,1600,0
0.15,0.75,1,10000,0.138914,0.18853,0.143795,0.0906832,0.188727,0.000226953,0.138077,0.111047,1600,0
0.15,0.75,1,25000,0.143197,0.188136,0.145021,0.0899496,0.179388,0,0.142688,0.111621,1600,0
0.15,0.75,1,50000,0.141207,0.183115,0.139962,0.0892605,0.181738,0,0.146657,0.118059,1600,0
0.2,0.75,1,0,0.125058,0.124733,0.124882,0.125309,0.124898,0.125244,0.124826,0.125051,1600,0
0.2,0.75,1,1000,0.113207,0.195798,0.120052,0.108723,0.156327,0.0335773,0.124332,0.147984,1600,0
0.2,0.75,1,2000,0.120661,0.197656,0.134732,0.0945141,0.17477,0.0210211,0.135872,0.120772,1600,0
0.2,0.75,1,3000,0.131448,0.192287,0.134028,0.0896715,0.183263,0.0103543,0.141159,0.117791,1600,0
0.2,0.75,1,5000,0.133102,0.192314,0.13827,0.0831914,0.19026,0.00332656,0.145685,0.113852,1600,0
0.2,0.75,1,7000,0.137545,0.189829,0.140991,0.083,0.185101,0.00118555,0.147687,0.114662,1600,0
0.2,0.75,1,10000,0.130568,0.189684,0.137261,0.0849168,0.194384,8.4375e-05,0.149568,0.113533,1600,0
0.2,0.75,1,25000,0.133323,0.188154,0.134137,0.090257,0.18696,0,0.150613,0.116557,1600,0
0.2,0.75,1,50000,0.132686,0.189371,0.13948,0.0885273,0.188287,0,0.149015,0.112633,1600,0
0.2,0.75,1,0,0.124969,0.125014,0.124598,0.125018,0.12494,0.125227,0.125047,0.125188,1600,0
0.2,0.75,1,1000,0.11084,0.201258,0.128075,0.106361,0.161992,0.0365437,0.124304,0.130626,1600,0
0.2,0.75,1,2000,0.121402,0.198616,0.130448,0.0955891,0.182417,0.0149133,0.138032,0.118584,1600,0
0.2,0.75,1,3000,0.131333,0.191623,0.138064,0.0950137,0.179511,0.00554336,0.137606,0.121305,1600,0
0.2,0.75,1,5000,0.135935,0.19362,0.136826,0.0876484,0.187501,0.00293828,0.139698,0.115834,1600,0
0.2,0.75,1,7000,0.134285,0.190109,0.139416,0.0895488,0.187736,0.0013625,0.143798,0.113745,1600,0
0.2,0.75,1,10000,0.13438,0.193042,0.138861,0.0866598,0.191978,0.000101172,0.146715,0.108264,1600,0
0.2,0.75,1,25000,0.141854,0.186552,0.13956,0.0842781,0.181102,0,0.144877,0.121779,1600,0
0.2,0.75,1,50000,0.136151,0.190209,0.137233,0.0897223,0.188667,0,0.14237,0.115647,1600,0
0.25,0.75,1,0,0.125265,0.124904,0.12503,0.125195,0.12474,0.124886,0.125195,0.124786,1600,0
0.25,0.75,1,1000,0.10877,0.204046,0.119726,0.108257,0.163635,0.041368,0.12903,0.125167,1600,0
0.25,0.75,1,2000,0.118723,0.200542,0.126959,0.0872176,0.188901,0.0139758,0.139995,0.123686,1600,0
0.25,0.75,1,3000,0.125503,0.200528,0.132085,0.0853039,0.191652,0.00551719,0.141403,0.118008,1600,0
0.25,0.75,1,5000,0.130815,0.194528,0.135143,0.0838234,0.188179,0.00121875,0.152074,0.114219,1600,0
0.25,0.75,1,7000,0.12014,0.197743,0.133752,0.0827266,0.203741,0,0.147488,0.11441,1600,0
0.25,0.75,1,10000,0.128678,0.19571,0.136533,0.0821367,0.19484,0,0.149473,0.112629,1600,0
0.25,0.75,1,25000,0.122611,0.199459,0.134246,0.0895137,0.195321,0,0.147983,0.110867,1600,0
0.25,0.75,1,50000,0.126858,0.198549,0.13109,0.0859637,0.196749,0,0.148876,0.111914,1600,0
0.25,0.75,1,0,0.125156,0.124938,0.125084,0.124695,0.124885,0.125042,0.124933,0.125267,1600,0
0.25,0.75,1,1000,0.10875,0.20227,0.113098,0.106046,0.157549,0.0385168,0.125938,0.147832,1600,0
0.25,0.75,1,2000,0.118147,0.204604,0.122113,0.0901527,0.183501,0.0126828,0.142663,0.126136,1600,0
0.25,0.75,1,3000,0.125593,0.19983,0.12857,0.0883574,0.186248,0.00399414,0.150323,0.117085,1600,0
0.25,0.75,1,5000,0.126898,0.200492,0.126105,0.0867027,0.193267,0.00108125,0.149162,0.116292,1600,0
0.25,0.75,1,7000,0.12532,0.199395,0.128575,0.087952,0.200195,0.000861719,0.146437,0.111265,1600,0
0.25,0.75,1,10000,0.127638,0.202138,0.135595,0.0827504,0.194475,0.000258594,0.149447,0.107698,1600,0
0.25,0.75,1,25000,0.124964,0.195853,0.130588,0.0842652,0.194507,0,0.150886,0.118936,1600,0
0.25,0.75,1,50000,0.124225,0.199289,0.13361,0.0897156,0.191036,0,0.147046,0.115078,1600,0
0.3,0.75,1,0,0.1252,0.124734,0.124818,0.124848,0.125404,0.125031,0.12509,0.124875,1600,0
0.3,0.75,1,1000,0.083602,0.218746,0.104218,0.108254,0.157983,0.055252,0.113753,0.158192,1600,0
0.3,0.75,1,2000,0.100909,0.212621,0.115456,0.0988992,0.175159,0.0264398,0.130781,0.139734,1600,0
0.3,0.75,1,3000,0.109798,0.2039,0.115,0.0978246,0.193927,0.0129398,0.147674,0.118937,1600,0
0.3,0.75,1,5000,0.114701,0.20734,0.128777,0.0816301,0.1973,0.00354258,0.149729,0.11698,1600,0
0.3,0.75,1,7000,0.11933,0.203473,0.129054,0.0797086,0.204812,0.0011582,0.146601,0.115865,1600,0
0.3,0.75,1,10000,0.116291,0.205792,0.122522,0.0849238,0.204771,0,0.150223,0.115477,1600,0
0.3,0.75,1,25000,0.114576,0.206453,0.123241,0.082557,0.204486,0,0.15265,0.116036,1600,0
0.3,0.75,1,50000,0.114963,0.204502,0.131003,0.0781336,0.203018,0,0.152223,0.116157,1600,0
0.3,0.75,1,0,0.124927,0.124671,0.124591,0.124908,0.125299,0.125272,0.124972,0.125359,1600,0
0.3,0.75,1,1000,0.0923438,0.216824,0.107166,0.107521,0.165936,0.047268,0.117985,0.144956,1600,0
0.3,0.75,1,2000,0.110921,0.207154,0.116484,0.0978691,0.177298,0.0223953,0.136403,0.131476,1600,0
0.3,0.75,1,3000,0.104013,0.21003,0.123664,0.0893664,0.197508,0.0111531,0.141173,0.123093,1600,0
0.3,0.75,1,5000,0.116129,0.208978,0.119743,0.0855816,0.202592,0.00407852,0.148284,0.114614,1600,0
0.3,0.75,1,7000,0.111834,0.202206,0.129754,0.0806793,0.206368,0.000278125,0.150702,0.118177,1600,0
0.3,0.75,1,10000,0.120324,0.200139,0.126406,0.086782,0.195734,0.000854297,0.154196,0.115565,1600,0
0.3,0.75,1,25000,0.116673,0.206894,0.123559,0.0829172,0.205931,0,0.147603,0.116423,1600,0
0.3,0.75,1,50000,0.118148,0.205208,0.12416,0.085682,0.206989,0,0.147194,0.112619,1600,0
0.35,0.75,1,0,0.125029,0.125166,0.124861,0.12505,0.12499,0.125217,0.124917,0.12477,1600,0
0.35,0.75,1,1000,0.0760969,0.226331,0.0838105,0.125527,0.139453,0.0730492,0.106926,0.168807,1600,0
0.35,0.75,1,2000,0.0770371,0.225271,0.0943055,0.119718,0.158014,0.0623055,0.11492,0.148428,1600,0
0.35,0.75,1,3000,0.0823148,0.225757,0.0950348,0.114779,0.160058,0.0449582,0.123738,0.153361,1600,0
0.35,0.75,1,5000,0.0853504,0.222593,0.100393,0.104992,0.172047,0.0435125,0.12522,0.145892,1600,0
0.35,0.75,1,7000,0.0889754,0.220027,0.106655,0.0970766,0.193406,0.030052,0.13787,0.125937,1600,0
0.35,0.75,1,10000,0.0989281,0.217854,0.108164,0.0935137,0.193739,0.0223379,0.137399,0.128065,1600,0
0.35,0.75,1,25000,0.101907,0.225354,0.110604,0.0816402,0.203248,0.0039707,0.155136,0.11814,1600,0
0.35,0.75,1,50000,0.100784,0.224817,0.11143,0.081423,0.214386,0,0.144491,0.122668,1600,0
0.35,0.75,1,0,0.124805,0.125075,0.125112,0.124731,0.125038,0.124985,0.125064,0.125189,1600,0
0.35,0.75,1,1000,0.0684246,0.222761,0.0841367,0.127763,0.13449,0.0854461,0.103312,0.173667,1600,0
0.35,0.75,1,2000,0.0741293,0.226961,0.0877688,0.126286,0.146272,0.0696391,0.108796,0.160147,1600,0
0.35,0.75,1,3000,0.0694965,0.233481,0.0844102,0.12476,0.146742,0.0696871,0.113146,0.158277,1600,0
0.35,0.75,1,5000,0.0769902,0.218924,0.0948695,0.117627,0.169412,0.0555488,0.117069,0.149559,1600,0
0.35,0.75,1,7000,0.085052,0.22352,0.0945633,0.111984,0.165118,0.0507449,0.12658,0.142437,1600,0
0.35,0.75,1,10000,0.0819016,0.222891,0.0948531,0.109846,0.167544,0.0529414,0.12216,0.147863,1600,0
0.35,0.75,1,25000,0.0755387,0.233148,0.0865586,0.115056,0.167733,0.0566875,0.1155,0.149779,1600,0
0.35,0.75,1,50000,0.0725098,0.231452,0.0852957,0.125414,0.1521,0.0732504,0.104408,0.15557,1600,0
0.4,0.75,1,0,0.124883,0.124881,0.124868,0.124857,0.125068,0.125032,0.125179,0.125232,1600,0
0.4,0.75,1,1000,0.0371352,0.239064,0.0514512,0.173173,0.0897309,0.140883,0.0656793,0.202883,1600,0
0.4,0.75,1,2000,0.017916,0.250371,0.0269375,0.213305,0.043891,0.18918,0.0362699,0.222129,1600,0
0.4,0.75,1,3000,0.00752773,0.248928,0.0116461,0.232703,0.0179012,0.224665,0.0168098,0.239819,1600,0
0.4,0.75,1,5000,0.00131133,0.248058,0.00145312,0.249473,0.00175234,0.247334,0.00116758,0.24945,1600,0
0.4,0.75,1,7000,0,0.250285,0.000102344,0.249161,0.000185547,0.253335,0.000250781,0.246681,1600,0
0.4,0.75,1,10000,0,0.254038,0,0.250737,0,0.247688,0,0.247538,1600,0
0.4,0.75,1,25000,0,0.2472,0,0.249373,0,0.250711,0,0.252716,1600,0
0.4,0.75,1,50000,0,0.247536,0,0.250536,0,0.248166,0,0.253762,1600,0
0,0.75,1,0,0.125219,0.124971,0.125014,0.125176,0.124778,0.124695,0.124809,0.125337,1600,0
0,0.75,1,1000,0.00219102,0.395185,0.00603477,0.217868,0.0627691,0.0828219,0.0217117,0.211418,1600,520
0,0.75,1,2000,0.00219102,0.395185,0.00603477,0.217868,0.0627691,0.0828219,0.0217117,0.211418,1600,520
0,0.75,1,3000,0.00219102,0.395185,0.00603477,0.217868,0.0627691,0.0828219,0.0217117,0.211418,1600,520
0,0.75,1,5000,0.00219102,0.395185,0.00603477,0.217868,0.0627691,0.0828219,0.0217117,0.211418,1600,520
0,0.75,1,7000,0.00219102,0.395185,0.00603477,0.217868,0.0627691,0.0828219,0.0217117,0.211418,1600,520
0,0.75,1,10000,0.00219102,0.395185,0.00603477,0.217868,0.0627691,0.0828219,0.0217117,0.211418,1600,520
0,0.75,1,25000,0.00219102,0.395185,0.00603477,0.217868,0.0627691,0.0828219,0.0217117,0.211418,1600,520
0,0.75,1,50000,0.00219102,0.395185,0.00603477,0.217868,0.0627691,0.0828219,0.0217117,0.211418,1600,520
0.4,0.75,1,0,0.124655,0.12489,0.125351,0.125308,0.124941,0.124677,0.125317,0.124862,1600,0
0.4,0.75,1,1000,0.0444113,0.256028,0.058384,0.153744,0.102155,0.118909,0.0783223,0.188046,1600,0
0.4,0.75,1,2000,0.0225434,0.251732,0.0351297,0.188337,0.0644746,0.172914,0.0481898,0.216679,1600,0
0.4,0.75,1,3000,0.010693,0.251713,0.0166918,0.22502,0.0302574,0.216655,0.0240836,0.224886,1600,0
0.4,0.75,1,5000,0.000646094,0.248916,0.000851953,0.252887,0.00139297,0.246589,0.00177266,0.246943,1600,0
0.4,0.75,1,7000,0,0.253725,0,0.246396,0,0.247117,0,0.252762,1600,0
0.4,0.75,1,10000,0,0.247686,0,0.247662,0,0.253336,0,0.251317,1600,0
0.4,0.75,1,25000,0,0.245472,0,0.24674,0,0.25441,0,0.253377,1600,0
0.4,0.75,1,50000,0,0.245874,0,0.249124,0,0.254985,0,0.250018,1600,0
0,0.75,1,0,0.124897,0.124987,0.125071,0.125156,0.124761,0.125269,0.124844,0.125016,1600,0
0,0.75,1,1000,0.00233242,0.391635,0.00621133,0.221257,0.0616695,0.0838945,0.0216613,0.211339,1600,700
0,0.75,1,2000,0.00233242,0.391635,0.00621133,0.221257,0.0616695,0.0838945,0.0216613,0.211339,1600,700
0,0.75,1,3000,0.00233242,0.391635,0.00621133,0.221257,0.0616695,0.0838945,0.0216613,0.211339,1600,700
0,0.75,1,5000,0.00233242,0.391635,0.00621133,0.221257,0.0616695,0.0838945,0.0216613,0.211339,1600,700
0,0.75,1,7000,0.00233242,0.391635,0.00621133,0.221257,0.0616695,0.0838945,0.0216613,0.211339,1600,700
0,0.75,1,10000,0.00233242,0.391635,0.00621133,0.221257,0.0616695,0.0838945,0.0216613,0.211339,1600,700
0,0.75,1,25000,0.00233242,0.391635,0.00621133,0.221257,0.0616695,0.0838945,0.0216613,0.211339,1600,700
0,0.75,1,50000,0.00233242,0.391635,0.00621133,0.221257,0.0616695,0.0838945,0.0216613,0.211339,1600,700
0.05,0.75,1,0,0.124968,0.125101,0.125247,0.125032,0.124727,0.124882,0.125046,0.124996,1600,0
0.05,0.75,1,1000,0.0828297,0.201146,0.0949441,0.148986,0.096557,0.116646,0.0780293,0.180863,1600,0
0.05,0.75,1,2000,0.113851,0.197067,0.116239,0.123666,0.127564,0.0673949,0.0999789,0.15424,1600,0
0.05,0.75,1,3000,0.117144,0.196992,0.12355,0.118188,0.136148,0.0517738,0.101132,0.155073,1600,0
0.05,0.75,1,5000,0.128426,0.185282,0.131833,0.112828,0.148876,0.0394402,0.114582,0.138733,1600,0
0.05,0.75,1,7000,0.128691,0.18728,0.131905,0.107921,0.149263,0.0393129,0.117038,0.138589,1600,0
0.05,0.75,1,10000,0.136975,0.185029,0.136194,0.103045,0.151614,0.0288266,0.118781,0.139536,1600,0
0.05,0.75,1,25000,0.135781,0.184891,0.138966,0.104676,0.152298,0.0285719,0.123302,0.131514,1600,0
0.05,0.75,1,50000,0.142766,0.184162,0.138734,0.100048,0.155111,0.0235113,0.126409,0.129258,1600,0
0.05,0.75,1,0,0.125394,0.125246,0.124596,0.124621,0.12508,0.125482,0.124675,0.124906,1600,0
0.05,0.75,1,1000,0.0842426,0.206268,0.0907031,0.145312,0.101828,0.104759,0.083323,0.183565,1600,0
0.05,0.75,1,2000,0.106027,0.190452,0.115511,0.123954,0.125146,0.0673977,0.103072,0.16844,1600,0
0.05,0.75,1,3000,0.119175,0.188675,0.123914,0.117886,0.134224,0.0572246,0.108656,0.150245,1600,0
0.05,0.75,1,5000,0.123575,0.188918,0.127073,0.112845,0.140107,0.0478043,0.112541,0.147137,1600,0
0.05,0.75,1,7000,0.131007,0.191115,0.130783,0.110537,0.143557,0.0357086,0.114138,0.143154,1600,0
0.05,0.75,1,10000,0.131765,0.190518,0.134242,0.108992,0.153945,0.0360051,0.114496,0.130036,1600,0
0.05,0.75,1,25000,0.140753,0.183547,0.140759,0.0973508,0.158283,0.0222555,0.122171,0.13488,1600,0
0.05,0.75,1,50000,0.144038,0.182409,0.141836,0.0959191,0.167719,0.01525,0.124471,0.128357,1600,0
0.1,0.75,1,0,0.125065,0.125014,0.124909,0.125237,0.124768,0.12471,0.125254,0.125044,1600,0
0.1,0.75,1,1000,0.118722,0.19822,0.120916,0.118291,0.139171,0.0485879,0.110029,0.146062,1600,0
0.1,0.75,1,2000,0.134027,0.185922,0.133756,0.0990125,0.161258,0.025627,0.133688,0.126709,1600,0
0.1,0.75,1,3000,0.138347,0.183029,0.139479,0.0931473,0.172625,0.0140012,0.137357,0.122013,1600,0
0.1,0.75,1,5000,0.144084,0.186102,0.14524,0.0909883,0.182926,0.00403164,0.137181,0.109447,1600,0
0.1,0.75,1,7000,0.148647,0.184264,0.149568,0.0857797,0.1705,0.00170234,0.141485,0.118054,1600,0
0.1,0.75,1,10000,0.14438,0.174961,0.14884,0.0918223,0.186427,0.000266016,0.142054,0.11125,1600,0
0.1,0.75,1,25000,0.149614,0.177888,0.146891,0.090916,0.181355,0,0.140872,0.112465,1600,0
0.1,0.75,1,50000,0.148327,0.180588,0.148206,0.0921781,0.176109,0,0.139171,0.115421,1600,0
0.1,0.75,1,0,0.12542,0.124934,0.124845,0.125004,0.12472,0.125021,0.125087,0.124969,1600,0
0.1,0.75,1,1000,0.116418,0.19275,0.122492,0.117112,0.137409,0.0532082,0.111579,0.149032,1600,0
0.1,0.75,1,2000,0.130852,0.185576,0.135648,0.10007,0.162129,0.0273055,0.125209,0.133211,1600,0
0.1,0.75,1,3000,0.141571,0.191295,0.142169,0.0939383,0.162139,0.013877,0.135993,0.11902,1600,0
0.1,0.75,1,5000,0.145827,0.178875,0.142921,0.0878656,0.185904,0.00266914,0.142589,0.11335,1600,0
0.1,0.75,1,7000,0.143298,0.186573,0.151304,0.0908844,0.182964,0.000746875,0.13814,0.10609,1600,0
0.1,0.75,1,10000,0.151711,0.179222,0.151998,0.0900984,0.178663,0.000646484,0.13575,0.111913,1600,0
0.1,0.75,1,25000,0.150448,0.183054,0.146124,0.0886633,0.18096,0,0.13983,0.11092,1600,0
0.1,0.75,1,50000,0.144704,0.177518,0.149442,0.0946828,0.185811,0,0.137833,0.110009,1600,0
0.15,0.75,1,0,0.125132,0.125053,0.124863,0.124886,0.125205,0.12503,0.124831,0.124999,1600,0
0.15,0.75,1,1000,0.120838,0.196563,0.127349,0.106383,0.155498,0.0374281,0.118859,0.137081,1600,0
0.15,0.75,1,2000,0.137439,0.181002,0.138116,0.0935039,0.171958,0.0129609,0.13456,0.130459,1600,0
0.15,0.75,1,3000,0.134759,0.188439,0.142164,0.0911047,0.18234,0.00735039,0.1401,0.113744,1600,0
0.15,0.75,1,5000,0.146536,0.180895,0.144905,0.0894277,0.181807,0.000935156,0.14007,0.115423,1600,0
0.15,0.75,1,7000,0.144936,0.189277,0.140674,0.0864613,0.17963,0.000621484,0.141229,0.117171,1600,0
0.15,0.75,1,10000,0.140434,0.190601,0.14573,0.0884941,0.178665,0,0.141844,0.114232,1600,0
0.15,0.75,1,25000,0.145852,0.18783,0.142058,0.0876102,0.183159,0,0.144058,0.109434,1600,0
0.15,0.75,1,50000,0.144813,0.195586,0.141418,0.0847352,0.181859,0,0.140779,0.110811,1600,0
0.15,0.75,1,0,0.124729,0.125281,0.125289,0.124717,0.12517,0.12485,0.124968,0.124996,1600,0
0.15,0.75,1,1000,0.121008,0.188516,0.128212,0.110915,0.147245,0.0374352,0.124537,0.14213,1600,0
0.15,0.75,1,2000,0.129931,0.191907,0.136971,0.0965789,0.167166,0.0174586,0.132853,0.127135,1600,0
0.15,0.75,1,3000,0.140407,0.187231,0.136348,0.091127,0.183823,0.00711484,0.137844,0.116105,1600,0
0.15,0.75,1,5000,0.140141,0.183411,0.141212,0.0900336,0.185266,0.00169766,0.146084,0.112154,1600,0
0.15,0.75,1,7000,0.13892,0.186436,0.145895,0.0872184,0.189954,0,0.141744,0.109833,1600,0
0.15,0.75,1,10000,0.136364,0.188255,0.141033,0.0892191,0.189955,0,0.145732,0.109441,1600,0
0.15,0.75,1,25000,0.141084,0.185948,0.138977,0.0867105,0.189616,0,0.145752,0.111913,1600,0
0.15,0.75,1,50000,0.138987,0.185629,0.140606,0.0878242,0.194876,0,0.140729,0.111349,1600,0
0.2,0.75,1,0,0.125139,0.124937,0.125188,0.124847,0.125091,0.125145,0.124929,0.124725,1600,0
0.2,0.75,1,1000,0.113758,0.206675,0.121181,0.107325,0.160629,0.0348863,0.120153,0.135393,1600,0
0.2,0.75,1,2000,0.126657,0.19415,0.134977,0.0954434,0.178984,0.0133941,0.136243,0.12015,1600,0
0.2,0.75,1,3000,0.127815,0.1955,0.136862,0.0877289,0.192193,0.00649062,0.139089,0.114322,1600,0
0.2,0.75,1,5000,0.136895,0.192629,0.143815,0.083034,0.178545,0.00118281,0.152015,0.111885,1600,0
0.2,0.75,1,7000,0.134133,0.195267,0.13703,0.0864398,0.191002,0.000959766,0.143003,0.112165,1600,0
0.2,0.75,1,10000,0.135629,0.188711,0.13959,0.0899875,0.187897,0.000421875,0.141365,0.116399,1600,0
0.2,0.75,1,25000,0.13261,0.187629,0.14089,0.0847098,0.187955,0,0.14916,0.117046,1600,0
0.2,0.75,1,50000,0.135432,0.19267,0.143868,0.0886914,0.180138,0,0.15015,0.109052,1600,0
0.2,0.75,1,0,0.124737,0.12525,0.125039,0.125213,0.124808,0.125255,0.125134,0.124564,1600,0
0.2,0.75,1,1000,0.113457,0.196939,0.123427,0.106481,0.169909,0.0357492,0.119863,0.134173,1600,0
0.2,0.75,1,2000,0.126494,0.197372,0.13195,0.0918172,0.176066,0.0120891,0.140727,0.123484,1600,0
0.2,0.75,1,3000,0.133179,0.195134,0.133965,0.0861187,0.186585,0.0074375,0.139852,0.117729,1600,0
0.2,0.75,1,5000,0.13013,0.191839,0.138652,0.0922527,0.192382,0.00162617,0.138264,0.114854,1600,0
0.2,0.75,1,7000,0.131463,0.191314,0.13815,0.0828848,0.19258,0.000661328,0.149958,0.112989,1600,0
0.2,0.75,1,10000,0.137863,0.19792,0.141864,0.0833363,0.18613,0,0.142996,0.109889,1600,0
0.2,0.75,1,25000,0.131132,0.191114,0.130751,0.0914742,0.200014,0,0.142423,0.113091,1600,0
0.2,0.75,1,50000,0.134852,0.193239,0.136896,0.0845418,0.187879,0,0.147312,0.115281,1600,0
0.25,0.75,1,0,0.124977,0.124897,0.12504,0.124807,0.125164,0.125125,0.124797,0.125193,1600,0
0.25,0.75,1,1000,0.103585,0.202929,0.112198,0.113113,0.162709,0.0407477,0.124601,0.140118,1600,0
0.25,0.75,1,2000,0.12008,0.203751,0.12318,0.0916023,0.184357,0.0129461,0.140177,0.123907,1600,0
0.25,0.75,1,3000,0.123001,0.200213,0.130101,0.088032,0.185312,0.00437461,0.149194,0.119772,1600,0
0.25,0.75,1,5000,0.128936,0.199394,0.1354,0.0847895,0.188094,0.000896484,0.148293,0.114197,1600,0
0.25,0.75,1,7000,0.124101,0.197624,0.129929,0.0818777,0.20196,0.000862109,0.149861,0.113786,1600,0
0.25,0.75,1,10000,0.125939,0.198567,0.134026,0.083191,0.197589,0,0.145794,0.114894,1600,0
0.25,0.75,1,25000,0.12144,0.202714,0.136592,0.0845633,0.193625,0,0.147343,0.113723,1600,0
0.25,0.75,1,50000,0.127625,0.196709,0.135443,0.0832887,0.190518,0,0.15371,0.112707,1600,0
0.25,0.75,1,0,0.125306,0.124777,0.12496,0.124963,0.124961,0.124996,0.125302,0.124735,1600,0
0.25,0.75,1,1000,0.103682,0.205701,0.116114,0.101912,0.163701,0.0353211,0.135514,0.138054,1600,0
0.25,0.75,1,2000,0.11782,0.198362,0.128352,0.0920863,0.189921,0.0134137,0.134922,0.125122,1600,0
0.25,0.75,1,3000,0.115028,0.198605,0.128182,0.0868363,0.201212,0.00510508,0.146346,0.118686,1600,0
0.25,0.75,1,5000,0.122867,0.197751,0.12958,0.0839012,0.202437,0.00140664,0.14908,0.112978,1600,0
0.25,0.75,1,7000,0.126071,0.196494,0.134886,0.084777,0.19233,0,0.152628,0.112814,1600,0
0.25,0.75,1,10000,0.124102,0.197458,0.128582,0.083048,0.205182,0,0.150076,0.111552,1600,0
0.25,0.75,1,25000,0.123188,0.199662,0.13338,0.0836258,0.197643,0,0.151631,0.110869,1600,0
0.25,0.75,1,50000,0.126421,0.198516,0.129624,0.0874316,0.195641,0,0.145524,0.116842,1600,0
0.3,0.75,1,0,0.124902,0.124971,0.124826,0.125006,0.124914,0.124859,0.125404,0.125118,1600,0
0.3,0.75,1,1000,0.0926594,0.211482,0.106714,0.103852,0.162925,0.0468187,0.128694,0.146855,1600,0
0.3,0.75,1,2000,0.104941,0.204235,0.118321,0.0953949,0.179806,0.0206641,0.144006,0.132632,1600,0
0.3,0.75,1,3000,0.112583,0.207054,0.119326,0.0877613,0.195521,0.00970625,0.149116,0.118931,1600,0
0.3,0.75,1,5000,0.112313,0.205943,0.126991,0.0850125,0.197079,0.00157148,0.1503,0.12079,1600,0
0.3,0.75,1,7000,0.113564,0.203819,0.124514,0.0827582,0.200869,0,0.155366,0.119109,1600,0
0.3,0.75,1,10000,0.114701,0.206177,0.119995,0.0815117,0.213034,0,0.147548,0.117033,1600,0
0.3,0.75,1,25000,0.113644,0.208308,0.127663,0.0806711,0.202426,0,0.14947,0.117817,1600,0
0.3,0.75,1,50000,0.120058,0.201985,0.127413,0.0848203,0.205446,0,0.148297,0.11198,1600,0
0.3,0.75,1,0,0.124681,0.124999,0.125165,0.124645,0.125605,0.12532,0.124804,0.124781,1600,0
0.3,0.75,1,1000,0.0904594,0.206697,0.106889,0.111595,0.159837,0.0488238,0.130332,0.145367,1600,0
0.3,0.75,1,2000,0.104346,0.208772,0.121945,0.0935016,0.187839,0.0202012,0.13998,0.123415,1600,0
0.3,0.75,1,3000,0.113474,0.207493,0.122782,0.0857637,0.198579,0.00723086,0.147558,0.11712,1600,0
0.3,0.75,1,5000,0.113217,0.203752,0.123932,0.0864371,0.198944,0.00267461,0.149123,0.121921,1600,0
0.3,0.75,1,7000,0.116655,0.205842,0.127461,0.0875852,0.205907,0,0.14543,0.11112,1600,0
0.3,0.75,1,10000,0.117189,0.209586,0.123997,0.0822734,0.205832,0,0.148085,0.113037,1600,0
0.3,0.75,1,25000,0.115152,0.206152,0.124119,0.0845414,0.200887,0,0.152531,0.116617,1600,0
0.3,0.75,1,50000,0.114988,0.20968,0.126284,0.0892039,0.198891,0,0.149405,0.111547,1600,0
0.35,0.75,1,0,0.124953,0.124671,0.125005,0.125005,0.124955,0.125156,0.12501,0.125246,1600,0
0.35,0.75,1,1000,0.0712773,0.234892,0.0927414,0.12119,0.143425,0.0667355,0.109063,0.160675,1600,0
0.35,0.75,1,2000,0.0816652,0.221042,0.0989277,0.114749,0.158354,0.056141,0.120814,0.148306,1600,0
0.35,0.75,1,3000,0.0844594,0.221558,0.102233,0.10253,0.170199,0.0366992,0.13635,0.145971,1600,0
0.35,0.75,1,5000,0.0954734,0.226232,0.105415,0.0870988,0.202202,0.0168211,0.141542,0.125216,1600,0
0.35,0.75,1,7000,0.103482,0.2209,0.112385,0.0873777,0.1977,0.0101633,0.14715,0.120843,1600,0
0.35,0.75,1,10000,0.101149,0.215816,0.114327,0.0814301,0.209681,0.00241445,0.158072,0.11711,1600,0
0.35,0.75,1,25000,0.103864,0.213882,0.121018,0.0721918,0.208709,0,0.156086,0.12425,1600,0
0.35,0.75,1,50000,0.0999621,0.22226,0.117221,0.078782,0.213057,0,0.152712,0.116005,1600,0
0.35,0.75,1,0,0.12504,0.125226,0.1249,0.124732,0.125252,0.125037,0.125129,0.124684,1600,0
0.35,0.75,1,1000,0.065841,0.234125,0.0801238,0.144341,0.1202,0.0898207,0.0972812,0.168267,1600,0
0.35,0.75,1,2000,0.0672641,0.220423,0.0853977,0.128205,0.145692,0.0852539,0.104117,0.163647,1600,0
0.35,0.75,1,3000,0.0726391,0.227479,0.088009,0.133502,0.143978,0.0740164,0.10586,0.154516,1600,0
0.35,0.75,1,5000,0.0819598,0.220581,0.096416,0.10944,0.169972,0.0482352,0.123066,0.15033,1600,0
0.35,0.75,1,7000,0.0865809,0.226072,0.100949,0.101493,0.176099,0.0360242,0.131729,0.141054,1600,0
0.35,0.75,1,10000,0.0868898,0.222584,0.106075,0.0947371,0.190234,0.0273336,0.137056,0.13509,1600,0
0.35,0.75,1,25000,0.103375,0.215186,0.117182,0.0731207,0.21314,0.000430469,0.153564,0.124002,1600,0
0.35,0.75,1,50000,0.101985,0.223662,0.114705,0.0761031,0.210558,0,0.155328,0.117659,1600,0
0.4,0.75,1,0,0.124699,0.125146,0.124791,0.125217,0.124779,0.12458,0.125052,0.125736,1600,0
0.4,0.75,1,1000,0.039357,0.242192,0.0586789,0.165702,0.0924535,0.130561,0.0736465,0.197409,1600,0
0.4,0.75,1,2000,0.0221988,0.252489,0.0290691,0.200691,0.0569359,0.180946,0.0423984,0.215272,1600,0
0.4,0.75,1,3000,0.0111375,0.251032,0.0141363,0.226759,0.0277051,0.214835,0.0224984,0.231896,1600,0
0.4,0.75,1,5000,0.000892187,0.254052,0.00142812,0.243291,0.00461133,0.241792,0.00298438,0.250949,1600,0
0.4,0.75,1,7000,0,0.253191,0,0.250843,0,0.246767,0,0.249199,1600,0
0.4,0.75,1,10000,0,0.252344,0,0.248703,0,0.251337,0,0.247616,1600,0
0.4,0.75,1,25000,0,0.250729,0,0.250721,0,0.248387,0,0.250164,1600,0
0.4,0.75,1,50000,0,0.246548,0,0.250503,0,0.254096,0,0.248853,1600,0
0,0.75,1,0,0.125216,0.125133,0.125109,0.125062,0.124906,0.124921,0.124661,0.12499,1600,0
0,0.75,1,1000,0.00234844,0.391909,0.00628789,0.220003,0.0629344,0.0828043,0.022498,0.211214,1600,560
0,0.75,1,2000,0.00234844,0.391909,0.00628789,0.220003,0.0629344,0.0828043,0.022498,0.211214,1600,560
0,0.75,1,3000,0.00234844,0.391909,0.00628789,0.220003,0.0629344,0.0828043,0.022498,0.211214,1600,560
0,0.75,1,5000,0.00234844,0.391909,0.00628789,0.220003,0.0629344,0.0828043,0.022498,0.211214,1600,560
0,0.75,1,7000,0.00234844,0.391909,0.00628789,0.220003,0.0629344,0.0828043,0.022498,0.211214,1600,560
0,0.75,1,10000,0.00234844,0.391909,0.00628789,0.220003,0.0629344,0.0828043,0.022498,0.211214,1600,560
0,0.75,1,25000,0.00234844,0.391909,0.00628789,0.220003,0.0629344,0.0828043,0.022498,0.211214,1600,560
0,0.75,1,50000,0.00234844,0.391909,0.00628789,0.220003,0.0629344,0.0828043,0.022498,0.211214,1600,560
0.4,0.75,1,0,0.12503,0.125111,0.125183,0.124367,0.125234,0.124915,0.125141,0.125018,1600,0
0.4,0.75,1,1000,0.0360687,0.255254,0.0479496,0.168911,0.0896473,0.134818,0.0690055,0.198346,1600,0
0.4,0.75,1,2000,0.0187277,0.254934,0.0273824,0.207244,0.0475789,0.190557,0.0386293,0.214946,1600,0
0.4,0.75,1,3000,0.00808906,0.249871,0.0107652,0.232457,0.0198727,0.22606,0.0126051,0.24028,1600,0
0.4,0.75,1,5000,0.000161719,0.250027,0.000335156,0.246494,0.000873828,0.247637,0.000376172,0.254095,1600,0
0.4,0.75,1,7000,0,0.2484,0,0.252979,0,0.249762,0,0.24886,1600,0
0.4,0.75,1,10000,0,0.249463,0,0.249025,0,0.250395,0,0.251117,1600,0
0.4,0.75,1,25000,0,0.249188,0,0.251756,0,0.248201,0,0.250855,1600,0
0.4,0.75,1,50000,0,0.247765,0,0.247488,0,0.252657,0,0.25209,1600,0
0,0.75,1,0,0.124737,0.124936,0.124925,0.125324,0.124972,0.125255,0.124982,0.12487,1600,0
0,0.75,1,1000,0.00222266,0.394792,0.00629805,0.217795,0.0637809,0.0828324,0.0221977,0.210082,1600,560
0,0.75,1,2000,0.00222266,0.394792,0.00629805,0.217795,0.0637809,0.0828324,0.0221977,0.210082,1600,560
0,0.75,1,3000,0.00222266,0.394792,0.00629805,0.217795,0.0637809,0.0828324,0.0221977,0.210082,1600,560
0,0.75,1,5000,0.00222266,0.394792,0.00629805,0.217795,0.0637809,0.0828324,0.0221977,0.210082,1600,560
0,0.75,1,7000,0.00222266,0.394792,0.00629805,0.217795,0.0637809,0.0828324,0.0221977,0.210082,1600,560
0,0.75,1,10000,0.00222266,0.394792,0.00629805,0.217795,0.0637809,0.0828324,0.0221977,0.210082,1600,560
0,0.75,1,25000,0.00222266,0.394792,0.00629805,0.217795,0.0637809,0.0828324,0.0221977,0.210082,1600,560
0,0.75,1,50000,0.00222266,0.394792,0.00629805,0.217795,0.0637809,0.0828324,0.0221977,0.210082,1600,560
0,0.75,1,0,0.124741,0.12499,0.124883,0.124755,0.125217,0.125123,0.125344,0.124946,1600,0
0,0.75,1,1000,0.00234883,0.390194,0.00620352,0.222611,0.0630656,0.0834547,0.022316,0.209807,1600,500
0,0.75,1,2000,0.00234883,0.390194,0.00620352,0.222611,0.0630656,0.0834547,0.022316,0.209807,1600,500
0,0.75,1,3000,0.00234883,0.390194,0.00620352,0.222611,0.0630656,0.0834547,0.022316,0.209807,1600,500
0,0.75,1,5000,0.00234883,0.390194,0.00620352,0.222611,0.0630656,0.0834547,0.022316,0.209807,1600,500
0,0.75,1,7000,0.00234883,0.390194,0.00620352,0.222611,0.0630656,0.0834547,0.022316,0.209807,1600,500
0,0.75,1,10000,0.00234883,0.390194,0.00620352,0.222611,0.0630656,0.0834547,0.022316,0.209807,1600,500
0,0.75,1,25000,0.00234883,0.390194,0.00620352,0.222611,0.0630656,0.0834547,0.022316,0.209807,1600,500
0,0.75,1,50000,0.00234883,0.390194,0.00620352,0.222611,0.0630656,0.0834547,0.022316,0.209807,1600,500
0.05,0.75,1,0,0.125176,0.125586,0.124824,0.124856,0.125072,0.125185,0.124659,0.124643,1600,0
0.05,0.75,1,1000,0.0839332,0.197436,0.0930855,0.150991,0.100898,0.104722,0.0820406,0.186894,1600,0
0.05,0.75,1,2000,0.109603,0.186389,0.115887,0.126227,0.12589,0.0704937,0.104977,0.160534,1600,0
0.05,0.75,1,3000,0.124255,0.187867,0.12508,0.119524,0.132348,0.0531973,0.109668,0.148061,1600,0
0.05,0.75,1,5000,0.127577,0.185104,0.13007,0.111578,0.141725,0.0461414,0.112334,0.145471,1600,0
0.05,0.75,1,7000,0.133406,0.181745,0.13195,0.110519,0.145266,0.0395187,0.113548,0.144048,1600,0
0.05,0.75,1,10000,0.126762,0.185773,0.134207,0.106971,0.157318,0.0336512,0.119528,0.135791,1600,0
0.05,0.75,1,25000,0.137088,0.184436,0.137761,0.102995,0.157718,0.0230148,0.124902,0.132087,1600,0
0.05,0.75,1,50000,0.147302,0.185491,0.143371,0.0950895,0.160511,0.0134871,0.130415,0.124333,1600,0
0.05,0.75,1,0,0.12502,0.124834,0.125166,0.125262,0.124691,0.125123,0.125177,0.124726,1600,0
0.05,0.75,1,1000,0.0845289,0.201034,0.0912969,0.152281,0.0967488,0.117607,0.0756535,0.180849,1600,0
0.05,0.75,1,2000,0.115504,0.193591,0.11726,0.126692,0.122809,0.0669973,0.100234,0.156914,1600,0
0.05,0.75,1,3000,0.117817,0.186031,0.124295,0.122075,0.133685,0.0553102,0.110041,0.150746,1600,0
0.05,0.75,1,5000,0.12728,0.189205,0.128718,0.1125,0.148672,0.0407812,0.114738,0.138106,1600,0
0.05,0.75,1,7000,0.127773,0.18566,0.131471,0.110473,0.152513,0.0394137,0.112274,0.140421,1600,0
0.05,0.75,1,10000,0.135445,0.187873,0.138171,0.101739,0.15234,0.0262273,0.121916,0.136288,1600,0
0.05,0.75,1,25000,0.139681,0.182265,0.133326,0.101135,0.163846,0.0252934,0.121489,0.132965,1600,0
0.05,0.75,1,50000,0.141161,0.180413,0.142441,0.1025,0.165,0.0169863,0.121346,0.130152,1600,0
0.05,0.75,1,0,0.124736,0.124694,0.125268,0.125211,0.125201,0.125017,0.124943,0.124931,1600,0
0.05,0.75,1,1000,0.0883555,0.202418,0.0948328,0.150889,0.0990102,0.103062,0.085032,0.1764,1600,0
0.05,0.75,1,2000,0.110904,0.192282,0.120149,0.121587,0.122774,0.0678242,0.10237,0.162111,1600,0
0.05,0.75,1,3000,0.114659,0.19625,0.123564,0.117484,0.132529,0.0545414,0.107047,0.153924,1600,0
0.05,0.75,1,5000,0.127748,0.185879,0.128857,0.110025,0.14967,0.0407621,0.113357,0.143701,1600,0
0.05,0.75,1,7000,0.133807,0.186878,0.133412,0.108615,0.154512,0.0317812,0.117062,0.133932,1600,0
0.05,0.75,1,10000,0.131781,0.194321,0.134218,0.105107,0.153369,0.0325238,0.114455,0.134225,1600,0
0.05,0.75,1,25000,0.139502,0.184175,0.142621,0.098416,0.159349,0.0239742,0.119977,0.131986,1600,0
0.05,0.75,1,50000,0.140961,0.185802,0.143696,0.103166,0.163921,0.022641,0.115469,0.124344,1600,0
0,0.75,1,0,0.125163,0.124833,0.125342,0.124709,0.12529,0.124895,0.124758,0.125009,1600,0
0,0.75,1,1000,0.00220312,0.394044,0.00622891,0.219083,0.0632676,0.0836039,0.0222879,0.209281,1600,520
0,0.75,1,2000,0.00220312,0.394044,0.00622891,0.219083,0.0632676,0.0836039,0.0222879,0.209281,1600,520
0,0.75,1,3000,0.00220312,0.394044,0.00622891,0.219083,0.0632676,0.0836039,0.0222879,0.209281,1600,520
0,0.75,1,5000,0.00220312,0.394044,0.00622891,0.219083,0.0632676,0.0836039,0.0222879,0.209281,1600,520
0,0.75,1,7000,0.00220312,0.394044,0.00622891,0.219083,0.0632676,0.0836039,0.0222879,0.209281,1600,520
0,0.75,1,10000,0.00220312,0.394044,0.00622891,0.219083,0.0632676,0.0836039,0.0222879,0.209281,1600,520
0,0.75,1,25000,0.00220312,0.394044,0.00622891,0.219083,0.0632676,0.0836039,0.0222879,0.209281,1600,520
0,0.75,1,50000,0.00220312,0.394044,0.00622891,0.219083,0.0632676,0.0836039,0.0222879,0.209281,1600,520
0.1,0.75,1,0,0.124746,0.124895,0.125406,0.125187,0.125141,0.124988,0.124897,0.12474,1600,0
0.1,0.75,1,1000,0.116439,0.188343,0.122744,0.114275,0.14565,0.046777,0.114955,0.150817,1600,0
0.1,0.75,1,2000,0.130238,0.183346,0.138889,0.099109,0.161958,0.0259902,0.126771,0.133698,1600,0
0.1,0.75,1,3000,0.139077,0.184625,0.142921,0.0949008,0.167409,0.0132738,0.131538,0.126255,1600,0
0.1,0.75,1,5000,0.139715,0.181787,0.147502,0.0885004,0.175167,0.00405781,0.141925,0.121346,1600,0
0.1,0.75,1,7000,0.14837,0.182592,0.14498,0.0883375,0.183815,0.000496094,0.135344,0.116065,1600,0
0.1,0.75,1,10000,0.151045,0.187178,0.14967,0.0878664,0.179509,0.000152734,0.133957,0.110621,1600,0
0.1,0.75,1,25000,0.154232,0.183304,0.152656,0.088243,0.176702,0,0.132891,0.111972,1600,0
0.1,0.75,1,50000,0.149173,0.183051,0.151616,0.0901781,0.180812,0,0.137417,0.107754,1600,0
0.1,0.75,1,0,0.1252,0.124766,0.125182,0.124747,0.124704,0.125208,0.125474,0.124718,1600,0
0.1,0.75,1,1000,0.114817,0.190943,0.126946,0.116917,0.14078,0.0491375,0.113926,0.146534,1600,0
0.1,0.75,1,2000,0.137867,0.188178,0.135953,0.0990188,0.157396,0.0217285,0.1287,0.131159,1600,0
0.1,0.75,1,3000,0.136389,0.181214,0.139869,0.0983859,0.175151,0.012618,0.130852,0.125523,1600,0
0.1,0.75,1,5000,0.142962,0.188244,0.14295,0.0901348,0.173898,0.00496406,0.137772,0.119075,1600,0
0.1,0.75,1,7000,0.145892,0.183355,0.145768,0.0888172,0.17534,0.00445898,0.13997,0.116399,1600,0
0.1,0.75,1,10000,0.145078,0.181434,0.149317,0.0915902,0.176889,0.000642578,0.140208,0.114841,1600,0
0.1,0.75,1,25000,0.142116,0.179079,0.148622,0.0925437,0.180638,0,0.138357,0.118645,1600,0
0.1,0.75,1,50000,0.148891,0.178014,0.150948,0.087423,0.182377,0,0.136942,0.115405,1600,0
0.1,0.75,1,0,0.125155,0.125105,0.12509,0.12492,0.125044,0.124747,0.124939,0.125,1600,0
0.1,0.75,1,1000,0.1157,0.191199,0.122643,0.117034,0.141381,0.0489691,0.110656,0.152418,1600,0
0.1,0.75,1,2000,0.132602,0.193263,0.135158,0.107421,0.15737,0.0242547,0.119507,0.130425,1600,0
0.1,0.75,1,3000,0.136416,0.18565,0.142024,0.0987109,0.162312,0.0149293,0.134521,0.125437,1600,0
0.1,0.75,1,5000,0.149276,0.18718,0.146779,0.0949672,0.171183,0.00558672,0.129591,0.115437,1600,0
0.1,0.75,1,7000,0.146516,0.18113,0.147384,0.0909336,0.185289,0.00230664,0.138603,0.107838,1600,0
0.1,0.75,1,10000,0.143849,0.179739,0.147363,0.0892293,0.184308,0.000754688,0.138089,0.116668,1600,0
0.1,0.75,1,25000,0.147133,0.176016,0.148555,0.0934219,0.191075,0,0.138648,0.105152,1600,0
0.1,0.75,1,50000,0.144322,0.178179,0.147412,0.0911273,0.180814,0,0.14343,0.114715,1600,0
0.05,0.75,1,0,0.125164,0.124825,0.125107,0.125209,0.124996,0.124744,0.124836,0.12512,1600,0
0.05,0.75,1,1000,0.0874988,0.195368,0.0869398,0.144866,0.100703,0.111353,0.0806176,0.192654,1600,0
0.05,0.75,1,2000,0.111666,0.188931,0.113893,0.134632,0.130245,0.0638004,0.102182,0.15465,1600,0
0.05,0.75,1,3000,0.11746,0.191781,0.12405,0.118399,0.132972,0.0589176,0.109122,0.147298,1600,0
0.05,0.75,1,5000,0.125118,0.187231,0.133147,0.114954,0.142886,0.0428488,0.112284,0.141531,1600,0
0.05,0.75,1,7000,0.124074,0.191739,0.134305,0.110373,0.145179,0.0389,0.117272,0.138157,1600,0
0.05,0.75,1,10000,0.129684,0.186514,0.137096,0.108864,0.151667,0.0345707,0.117937,0.133667,1600,0
0.05,0.75,1,25000,0.137674,0.188127,0.137909,0.105003,0.160573,0.0249465,0.120638,0.125129,1600,0
0.05,0.75,1,50000,0.139852,0.184772,0.142734,0.0977695,0.161982,0.0170586,0.12856,0.127272,1600,0
0.15,0.75,1,0,0.124807,0.125219,0.125382,0.12491,0.12496,0.125348,0.124748,0.124626,1600,0
0.15,0.75,1,1000,0.122339,0.192307,0.128798,0.10573,0.158326,0.0330137,0.123327,0.136159,1600,0
0.15,0.75,1,2000,0.133045,0.184861,0.137388,0.100746,0.173975,0.0123461,0.135197,0.122442,1600,0
0.15,0.75,1,3000,0.14117,0.186059,0.140242,0.0951906,0.176809,0.00509844,0.141293,0.114139,1600,0
0.15,0.75,1,5000,0.143724,0.186244,0.136418,0.086357,0.193589,0.000583594,0.143415,0.109669,1600,0
0.15,0.75,1,7000,0.143111,0.184647,0.145797,0.0852883,0.183956,0.000634375,0.144863,0.111704,1600,0
0.15,0.75,1,10000,0.140463,0.193337,0.144277,0.0864777,0.178205,0,0.146925,0.110314,1600,0
0.15,0.75,1,25000,0.141375,0.188686,0.143552,0.0833367,0.190938,0,0.14094,0.111172,1600,0
0.15,0.75,1,50000,0.140476,0.182462,0.147546,0.0943223,0.18822,0,0.139278,0.107694,1600,0
0.15,0.75,1,0,0.124954,0.124989,0.125206,0.124887,0.12494,0.125071,0.124993,0.124959,1600,0
0.15,0.75,1,1000,0.120133,0.192294,0.123588,0.105664,0.156378,0.035482,0.126183,0.140278,1600,0
0.15,0.75,1,2000,0.127673,0.18822,0.136871,0.0984375,0.178876,0.0152438,0.132087,0.122591,1600,0
0.15,0.75,1,3000,0.139782,0.194046,0.135698,0.0984895,0.170588,0.00687852,0.13357,0.120947,1600,0
0.15,0.75,1,5000,0.138954,0.18779,0.141145,0.0886293,0.187137,0.00089375,0.141991,0.113459,1600,0
0.15,0.75,1,7000,0.140861,0.18554,0.143044,0.0910078,0.180025,0,0.144391,0.115131,1600,0
0.15,0.75,1,10000,0.1395,0.187103,0.142711,0.0845609,0.181688,0,0.14671,0.117727,1600,0
0.15,0.75,1,25000,0.145117,0.187057,0.145939,0.0941953,0.177632,0,0.139389,0.110671,1600,0
0.15,0.75,1,50000,0.139905,0.193007,0.145515,0.0864633,0.183482,0,0.144555,0.107073,1600,0
0.15,0.75,1,0,0.125428,0.125143,0.124913,0.125299,0.124686,0.125006,0.125018,0.124507,1600,0
0.15,0.75,1,1000,0.118617,0.195846,0.126954,0.104663,0.159796,0.0346711,0.125362,0.13409,1600,0
0.15,0.75,1,2000,0.131355,0.182809,0.142135,0.0928145,0.173679,0.0134246,0.140461,0.123321,1600,0
0.15,0.75,1,3000,0.138978,0.187461,0.137399,0.0944207,0.180162,0.00680391,0.136182,0.118594,1600,0
0.15,0.75,1,5000,0.137523,0.190048,0.140673,0.0911691,0.187391,0.00392188,0.135074,0.1142,1600,0
0.15,0.75,1,7000,0.139036,0.192237,0.140722,0.0914926,0.178755,0.00116914,0.138534,0.118054,1600,0
0.15,0.75,1,10000,0.142825,0.184781,0.14173,0.0849629,0.189984,0.000107422,0.144351,0.111259,1600,0
0.15,0.75,1,25000,0.143546,0.18528,0.142569,0.0908547,0.181112,0,0.142265,0.114374,1600,0
0.15,0.75,1,50000,0.142402,0.187393,0.146008,0.0888375,0.177832,0,0.142166,0.115361,1600,0
0.2,0.75,1,0,0.125411,0.125143,0.124962,0.12483,0.124593,0.12525,0.124813,0.124998,1600,0
0.2,0.75,1,1000,0.118977,0.198198,0.124847,0.103538,0.160316,0.0328766,0.123004,0.138243,1600,0
0.2,0.75,1,2000,0.123467,0.191592,0.132316,0.0957609,0.178171,0.0161516,0.139407,0.123134,1600,0
0.2,0.75,1,3000,0.129175,0.188711,0.134946,0.0956453,0.186164,0.00642305,0.138154,0.120782,1600,0
0.2,0.75,1,5000,0.135973,0.192683,0.135284,0.0868176,0.194498,0.000245312,0.138344,0.116155,1600,0
0.2,0.75,1,7000,0.13471,0.188741,0.139457,0.088148,0.18219,0.000461328,0.148516,0.117778,1600,0
0.2,0.75,1,10000,0.133702,0.194941,0.133275,0.0897348,0.193834,0,0.142011,0.112502,1600,0
0.2,0.75,1,25000,0.133076,0.195625,0.13285,0.0866859,0.195804,0,0.140438,0.115521,1600,0
0.2,0.75,1,50000,0.134395,0.191283,0.137202,0.084018,0.194056,0,0.146392,0.112654,1600,0
0.1,0.75,1,0,0.125459,0.124819,0.124641,0.125087,0.125067,0.124904,0.12501,0.125013,1600,0
0.1,0.75,1,1000,0.1186,0.191354,0.122532,0.117648,0.142667,0.049918,0.107807,0.149474,1600,0
0.1,0.75,1,2000,0.131071,0.185417,0.138756,0.100655,0.156542,0.0239172,0.129148,0.134494,1600,0
0.1,0.75,1,3000,0.143796,0.181278,0.141377,0.0925582,0.169732,0.0124117,0.135632,0.123215,1600,0
0.1,0.75,1,5000,0.144725,0.176779,0.148122,0.0923449,0.177477,0.00410117,0.141063,0.115388,1600,0
0.1,0.75,1,7000,0.147811,0.178055,0.148229,0.0885074,0.183049,0.00138828,0.138223,0.114737,1600,0
0.1,0.75,1,10000,0.148534,0.187968,0.141535,0.0899109,0.176467,0.00101484,0.140779,0.113791,1600,0
0.1,0.75,1,25000,0.150837,0.181275,0.148879,0.0890891,0.177553,0,0.137189,0.115179,1600,0
0.1,0.75,1,50000,0.150922,0.178597,0.149667,0.0908988,0.181142,0,0.138245,0.110528,1600,0
0.2,0.75,1,0,0.124641,0.12502,0.12503,0.125329,0.12522,0.12534,0.124817,0.124604,1600,0
0.2,0.75,1,1000,0.115433,0.195489,0.123996,0.1015,0.159412,0.0359348,0.127448,0.140787,1600,0
0.2,0.75,1,2000,0.126587,0.195775,0.133247,0.0942957,0.18503,0.0125797,0.133051,0.119434,1600,0
0.2,0.75,1,3000,0.13031,0.187507,0.138178,0.0892762,0.190898,0.00436562,0.147111,0.112355,1600,0
0.2,0.75,1,5000,0.13138,0.195243,0.139526,0.0915414,0.185689,0.00112305,0.144418,0.111079,1600,0
0.2,0.75,1,7000,0.135277,0.186205,0.13523,0.0858063,0.187293,0.000404687,0.155612,0.114173,1600,0
0.2,0.75,1,10000,0.135656,0.189785,0.133263,0.0888539,0.189999,0,0.150626,0.111817,1600,0
0.2,0.75,1,25000,0.133758,0.192834,0.138676,0.088,0.187324,0,0.148,0.111408,1600,0
0.2,0.75,1,50000,0.138943,0.195221,0.13629,0.0929906,0.181074,0,0.144644,0.110836,1600,0
0.2,0.75,1,0,0.125029,0.124714,0.124917,0.124735,0.125052,0.125337,0.125297,0.12492,1600,0
0.2,0.75,1,1000,0.113979,0.197218,0.119705,0.112448,0.154436,0.036491,0.118937,0.146786,1600,0
0.2,0.75,1,2000,0.120496,0.195399,0.132659,0.0974344,0.18363,0.0130285,0.133885,0.123469,1600,0
0.2,0.75,1,3000,0.131399,0.182336,0.133697,0.0931285,0.196399,0.00674883,0.142729,0.113562,1600,0
0.2,0.75,1,5000,0.133111,0.190168,0.136509,0.0873207,0.188828,0.0022543,0.14741,0.114399,1600,0
0.2,0.75,1,7000,0.138226,0.187268,0.138512,0.087577,0.186282,0.000212109,0.14538,0.116543,1600,0
0.2,0.75,1,10000,0.132343,0.192457,0.140557,0.0819187,0.186039,0,0.152648,0.114037,1600,0
0.2,0.75,1,25000,0.135508,0.19409,0.140835,0.0891027,0.188395,0,0.140022,0.112047,1600,0
0.2,0.75,1,50000,0.132152,0.194177,0.138886,0.0894836,0.188571,0,0.14767,0.10906,1600,0
0.25,0.75,1,0,0.125475,0.125102,0.12476,0.125113,0.124988,0.124654,0.124945,0.124963,1600,0
0.25,0.75,1,1000,0.104712,0.204193,0.114749,0.105904,0.159207,0.0436328,0.127422,0.140179,1600,0
0.25,0.75,1,2000,0.116458,0.212619,0.12375,0.0933211,0.181929,0.0128016,0.135389,0.123732,1600,0
0.25,0.75,1,3000,0.124976,0.194592,0.133371,0.088684,0.193003,0.00638906,0.146425,0.112561,1600,0
0.25,0.75,1,5000,0.121068,0.195985,0.130179,0.0825129,0.203435,0.0002,0.148818,0.117802,1600,0
0.25,0.75,1,7000,0.125017,0.191917,0.129359,0.0874715,0.201253,0,0.150802,0.11418,1600,0
0.25,0.75,1,10000,0.130805,0.198185,0.131188,0.0849754,0.196769,0,0.146808,0.111269,1600,0
0.25,0.75,1,25000,0.127027,0.198938,0.139047,0.079652,0.195554,0,0.149596,0.110186,1600,0
0.25,0.75,1,50000,0.124514,0.197523,0.136798,0.0831578,0.19487,0,0.148382,0.114755,1600,0
0.15,0.75,1,0,0.12518,0.124918,0.125,0.125103,0.125348,0.124721,0.124812,0.124918,1600,0
0.15,0.75,1,1000,0.118038,0.192671,0.125915,0.109594,0.156002,0.0374715,0.125808,0.134499,1600,0
0.15,0.75,1,2000,0.12783,0.194193,0.138648,0.0990652,0.170346,0.0141293,0.134381,0.121406,1600,0
0.15,0.75,1,3000,0.141038,0.189392,0.142394,0.0905621,0.178531,0.0059875,0.139545,0.112551,1600,0
0.15,0.75,1,5000,0.13879,0.183669,0.146208,0.0920453,0.178489,0.00176602,0.143063,0.115969,1600,0
0.15,0.75,1,7000,0.140975,0.188453,0.141637,0.0883285,0.184931,0.000794141,0.142089,0.112792,1600,0
0.15,0.75,1,10000,0.141923,0.186689,0.145501,0.088509,0.185404,0.000103906,0.142514,0.109355,1600,0
0.15,0.75,1,25000,0.139003,0.183255,0.150023,0.0852891,0.186323,0,0.137434,0.118673,1600,0
0.15,0.75,1,50000,0.144804,0.177381,0.140921,0.0911289,0.186441,0,0.145157,0.114167,1600,0
0.25,0.75,1,0,0.125254,0.124917,0.125032,0.124751,0.124479,0.125396,0.125072,0.125098,1600,0
0.25,0.75,1,1000,0.104407,0.209187,0.11024,0.105016,0.165797,0.0348156,0.128645,0.141891,1600,0
0.25,0.75,1,2000,0.118342,0.201862,0.123928,0.0926008,0.192316,0.0123516,0.140024,0.118576,1600,0
0.25,0.75,1,3000,0.124486,0.197996,0.12919,0.0851797,0.198282,0.00498789,0.145637,0.114241,1600,0
0.25,0.75,1,5000,0.123599,0.198423,0.132713,0.0868312,0.197785,0.000721875,0.144098,0.115829,1600,0
0.25,0.75,1,7000,0.126613,0.199705,0.13455,0.0890391,0.195178,0.000140625,0.144589,0.110186,1600,0
0.25,0.75,1,10000,0.124779,0.197782,0.128368,0.085477,0.203328,0,0.149398,0.110868,1600,0
0.25,0.75,1,25000,0.125497,0.200377,0.132435,0.0835422,0.200693,0,0.145195,0.112261,1600,0
0.25,0.75,1,50000,0.1215,0.199132,0.131918,0.0828195,0.201771,0,0.14846,0.1144,1600,0
0.25,0.75,1,0,0.125154,0.124815,0.125201,0.125201,0.125118,0.124894,0.124647,0.124971,1600,0
0.25,0.75,1,1000,0.105895,0.204903,0.115246,0.101825,0.161675,0.0401516,0.126108,0.144196,1600,0
0.25,0.75,1,2000,0.11727,0.205222,0.121378,0.0973801,0.187168,0.0186887,0.13373,0.119163,1600,0
0.25,0.75,1,3000,0.123424,0.203841,0.129887,0.090541,0.187826,0.00799414,0.141535,0.114952,1600,0
0.25,0.75,1,5000,0.123704,0.19345,0.132386,0.0899926,0.196636,0.00160352,0.147857,0.114371,1600,0
0.25,0.75,1,7000,0.126534,0.193025,0.127621,0.0896066,0.195716,0.00013125,0.145496,0.121869,1600,0
0.25,0.75,1,10000,0.126144,0.201205,0.130551,0.0885191,0.194461,0,0.14322,0.1159,1600,0
0.25,0.75,1,25000,0.124745,0.201054,0.138332,0.0861121,0.187867,0,0.152654,0.109236,1600,0
0.25,0.75,1,50000,0.129045,0.200398,0.132828,0.0816656,0.188571,0,0.151865,0.115627,1600,0
0.3,0.75,1,0,0.124449,0.124432,0.125256,0.125168,0.124923,0.125562,0.125054,0.125155,1600,0
0.3,0.75,1,1000,0.091382,0.209913,0.103398,0.116373,0.168631,0.0476906,0.119412,0.1432,1600,0
0.3,0.75,1,2000,0.108627,0.206063,0.11832,0.0941031,0.187695,0.0181625,0.138512,0.128517,1600,0
0.3,0.75,1,3000,0.107925,0.201638,0.121407,0.0876156,0.201569,0.00956445,0.139855,0.130426,1600,0
0.3,0.75,1,5000,0.118877,0.206077,0.120663,0.0829,0.208215,0,0.155452,0.107815,1600,0
0.3,0.75,1,7000,0.11179,0.210103,0.124503,0.087559,0.206602,0,0.148263,0.111181,1600,0
0.3,0.75,1,10000,0.114659,0.215786,0.11878,0.0837324,0.208348,0,0.143866,0.114827,1600,0
0.3,0.75,1,25000,0.117557,0.210021,0.118127,0.0832133,0.206482,0,0.143106,0.121493,1600,0
0.3,0.75,1,50000,0.112101,0.20922,0.122824,0.0853414,0.205575,0,0.150021,0.114918,1600,0
0.3,0.75,1,0,0.124941,0.12489,0.124939,0.125043,0.125327,0.125298,0.124685,0.124877,1600,0
0.3,0.75,1,1000,0.089068,0.214826,0.105188,0.11341,0.156662,0.0529777,0.122441,0.145428,1600,0
0.3,0.75,1,2000,0.102073,0.208805,0.112339,0.095802,0.185265,0.0231305,0.140502,0.132083,1600,0
0.3,0.75,1,3000,0.10382,0.207783,0.123146,0.0859125,0.192738,0.012707,0.148318,0.125576,1600,0
0.3,0.75,1,5000,0.115387,0.210031,0.12264,0.0798223,0.203923,0.00182305,0.146947,0.119427,1600,0
0.3,0.75,1,7000,0.114595,0.205302,0.119724,0.0888441,0.200884,0.000541406,0.154704,0.115406,1600,0
0.3,0.75,1,10000,0.120857,0.207108,0.123835,0.0828797,0.209426,0,0.144465,0.11143,1600,0
0.3,0.75,1,25000,0.118607,0.201733,0.126996,0.0802418,0.20599,0,0.150868,0.115564,1600,0
0.3,0.75,1,50000,0.117647,0.20694,0.122416,0.0799137,0.201055,0,0.154109,0.117919,1600,0
0.3,0.75,1,0,0.125156,0.125107,0.125207,0.125267,0.124899,0.124979,0.124555,0.12483,1600,0
0.3,0.75,1,1000,0.0879453,0.216805,0.103016,0.11229,0.159273,0.0506324,0.124282,0.145757,1600,0
0.3,0.75,1,2000,0.104194,0.214298,0.114937,0.0933273,0.179015,0.0241918,0.137878,0.132159,1600,0
0.3,0.75,1,3000,0.10903,0.203431,0.118793,0.0905176,0.19746,0.0125973,0.143014,0.125157,1600,0
0.3,0.75,1,5000,0.118348,0.204446,0.126613,0.0810375,0.200931,0.00171953,0.151132,0.115773,1600,0
0.3,0.75,1,7000,0.116605,0.20158,0.126618,0.0827621,0.206145,0.000133203,0.148113,0.118045,1600,0
0.3,0.75,1,10000,0.116284,0.205716,0.12672,0.0795418,0.199862,0,0.158242,0.113634,1600,0
0.3,0.75,1,25000,0.115181,0.203625,0.122054,0.0840242,0.209754,0,0.149097,0.116264,1600,0
0.3,0.75,1,50000,0.117329,0.202339,0.127275,0.0782168,0.204416,0,0.153971,0.116453,1600,0
0.2,0.75,1,0,0.124622,0.125262,0.124721,0.125171,0.125287,0.124763,0.125207,0.124967,1600,0
0.2,0.75,1,1000,0.115634,0.197961,0.124846,0.104818,0.161748,0.0357012,0.123333,0.135957,1600,0
0.2,0.75,1,2000,0.125832,0.191218,0.133096,0.0933547,0.180602,0.0140367,0.139552,0.122308,1600,0
0.2,0.75,1,3000,0.131044,0.190522,0.135104,0.0884141,0.188298,0.00645391,0.143082,0.117082,1600,0
0.2,0.75,1,5000,0.131868,0.192841,0.136753,0.0907684,0.184273,0.00197383,0.147441,0.114081,1600,0
0.2,0.75,1,7000,0.135731,0.194766,0.137065,0.0857547,0.190267,0,0.145682,0.110734,1600,0
0.2,0.75,1,10000,0.135275,0.191582,0.138861,0.087157,0.189593,0,0.14505,0.112482,1600,0
0.2,0.75,1,25000,0.132015,0.198198,0.136546,0.092259,0.186832,0,0.14088,0.11327,1600,0
0.2,0.75,1,50000,0.135466,0.188954,0.139964,0.0851473,0.191917,0,0.148646,0.109905,1600,0
0.35,0.75,1,0,0.12512,0.12513,0.12495,0.124944,0.125069,0.124693,0.12508,0.125014,1600,0
0.35,0.75,1,1000,0.0666234,0.234018,0.0812418,0.136377,0.133006,0.0827078,0.102043,0.163983,1600,0
0.35,0.75,1,2000,0.0745555,0.228094,0.0916,0.122657,0.148305,0.0613441,0.115257,0.158188,1600,0
0.35,0.75,1,3000,0.0791766,0.227182,0.0911062,0.112557,0.161364,0.0574133,0.120786,0.150414,1600,0
0.35,0.75,1,5000,0.0810832,0.223608,0.100527,0.118353,0.164375,0.0507148,0.120071,0.141269,1600,0
0.35,0.75,1,7000,0.0831672,0.224015,0.100609,0.103332,0.177511,0.044041,0.12695,0.140373,1600,0
0.35,0.75,1,10000,0.0873938,0.224675,0.100571,0.102429,0.179889,0.0370555,0.129496,0.138491,1600,0
0.35,0.75,1,25000,0.0942449,0.220321,0.101301,0.0934344,0.180061,0.0323125,0.140553,0.137773,1600,0
0.35,0.75,1,50000,0.0878172,0.223192,0.104876,0.0917258,0.198827,0.0256016,0.135088,0.132872,1600,0
0.35,0.75,1,0,0.125087,0.125204,0.125173,0.124773,0.124816,0.125111,0.124945,0.12489,1600,0
0.35,0.75,1,1000,0.0671543,0.224481,0.082123,0.130431,0.140534,0.0811508,0.108526,0.1656,1600,0
0.35,0.75,1,2000,0.0733445,0.224702,0.0932086,0.118482,0.154456,0.0644199,0.114946,0.156441,1600,0
0.35,0.75,1,3000,0.0836707,0.219779,0.0936672,0.117491,0.158042,0.0577887,0.116716,0.152846,1600,0
0.35,0.75,1,5000,0.0892379,0.219078,0.102521,0.104829,0.177848,0.039866,0.130589,0.136032,1600,0
0.35,0.75,1,7000,0.0863844,0.221566,0.105239,0.0940445,0.188694,0.0321832,0.133175,0.138714,1600,0
0.35,0.75,1,10000,0.0936656,0.216424,0.108605,0.0943766,0.199261,0.0227676,0.135859,0.129041,1600,0
0.35,0.75,1,25000,0.10132,0.214552,0.119082,0.0782574,0.214449,0.00300156,0.147866,0.121471,1600,0
0.35,0.75,1,50000,0.104571,0.214239,0.118205,0.0807352,0.210032,0,0.151364,0.120854,1600,0
0.35,0.75,1,0,0.125064,0.124991,0.12474,0.124854,0.124771,0.125157,0.125179,0.125242,1600,0
0.35,0.75,1,1000,0.0653813,0.229017,0.0834234,0.13101,0.133929,0.0870188,0.100082,0.170138,1600,0
0.35,0.75,1,2000,0.0685645,0.223033,0.0880559,0.125177,0.140116,0.0763465,0.113717,0.164991,1600,0
0.35,0.75,1,3000,0.0742465,0.231807,0.0940547,0.116645,0.148528,0.0605684,0.116501,0.157649,1600,0
0.35,0.75,1,5000,0.0828402,0.231471,0.09545,0.106916,0.176537,0.0397504,0.128035,0.139,1600,0
0.35,0.75,1,7000,0.0910785,0.219891,0.110637,0.087591,0.191711,0.0237191,0.140776,0.134596,1600,0
0.35,0.75,1,10000,0.0977316,0.223135,0.114615,0.0837816,0.199557,0.0131348,0.145675,0.12237,1600,0
0.35,0.75,1,25000,0.104503,0.215654,0.11846,0.0771,0.213666,0.000290234,0.148333,0.121993,1600,0
0.35,0.75,1,50000,0.0993461,0.222107,0.112521,0.0771344,0.217381,0,0.155288,0.116222,1600,0
0.25,0.75,1,0,0.124884,0.125199,0.125072,0.124801,0.124918,0.12476,0.125069,0.125298,1600,0
0.25,0.75,1,1000,0.106231,0.196264,0.119157,0.110358,0.165452,0.0372512,0.12749,0.137796,1600,0
0.25,0.75,1,2000,0.115832,0.200953,0.128895,0.0942496,0.177173,0.0146754,0.141913,0.126309,1600,0
0.25,0.75,1,3000,0.117721,0.202224,0.129902,0.0861566,0.195477,0.00708516,0.144289,0.117145,1600,0
0.25,0.75,1,5000,0.122348,0.200965,0.128251,0.0872566,0.194681,0.00287187,0.148571,0.115056,1600,0
0.25,0.75,1,7000,0.122536,0.199738,0.131061,0.0869453,0.195476,0.000629297,0.151643,0.111973,1600,0
0.25,0.75,1,10000,0.123184,0.19625,0.132988,0.088184,0.201146,0,0.14652,0.111729,1600,0
0.25,0.75,1,25000,0.122886,0.200187,0.132127,0.0842266,0.195572,0,0.144854,0.120148,1600,0
0.25,0.75,1,50000,0.124613,0.194668,0.130445,0.0882859,0.203226,0,0.141705,0.117057,1600,0
0.4,0.75,1,0,0.125144,0.124645,0.125024,0.125064,0.125134,0.125218,0.125145,0.124626,1600,0
0.4,0.75,1,1000,0.0379559,0.243596,0.0555297,0.165407,0.0929656,0.136202,0.0650648,0.20328,1600,0
0.4,0.75,1,2000,0.0236039,0.244511,0.030225,0.200505,0.0561793,0.181137,0.0427957,0.221044,1600,0
0.4,0.75,1,3000,0.0140738,0.255297,0.0178687,0.220286,0.0305254,0.20687,0.0231719,0.231908,1600,0
0.4,0.75,1,5000,0.00184648,0.255807,0.00123398,0.246829,0.00352305,0.239272,0.00360039,0.247888,1600,0
0.4,0.75,1,7000,1.48437e-05,0.2468,6.95312e-05,0.252669,0.000762891,0.250338,0.000210547,0.249136,1600,0
0.4,0.75,1,10000,0,0.251501,0,0.247679,0,0.251569,0,0.249251,1600,0
0.4,0.75,1,25000,0,0.25247,0,0.248619,0,0.249204,0,0.249707,1600,0
0.4,0.75,1,50000,0,0.246807,0,0.249098,0,0.251381,0,0.252714,1600,0
0,0.75,1,0,0.124729,0.12511,0.124955,0.125073,0.125178,0.125166,0.124922,0.124867,1600,0
0,0.75,1,1000,0.00219766,0.390898,0.00639805,0.221451,0.0641047,0.0824129,0.0222289,0.210309,1600,660
0,0.75,1,2000,0.00219766,0.390898,0.00639805,0.221451,0.0641047,0.0824129,0.0222289,0.210309,1600,660
0,0.75,1,3000,0.00219766,0.390898,0.00639805,0.221451,0.0641047,0.0824129,0.0222289,0.210309,1600,660
0,0.75,1,5000,0.00219766,0.390898,0.00639805,0.221451,0.0641047,0.0824129,0.0222289,0.210309,1600,660
0,0.75,1,7000,0.00219766,0.390898,0.00639805,0.221451,0.0641047,0.0824129,0.0222289,0.210309,1600,660
0,0.75,1,10000,0.00219766,0.390898,0.00639805,0.221451,0.0641047,0.0824129,0.0222289,0.210309,1600,660
0,0.75,1,25000,0.00219766,0.390898,0.00639805,0.221451,0.0641047,0.0824129,0.0222289,0.210309,1600,660
0,0.75,1,50000,0.00219766,0.390898,0.00639805,0.221451,0.0641047,0.0824129,0.0222289,0.210309,1600,660
0.4,0.75,1,0,0.125046,0.12524,0.124804,0.125125,0.124981,0.124675,0.12484,0.125289,1600,0
0.4,0.75,1,1000,0.0343031,0.246975,0.0466777,0.174744,0.0870668,0.147323,0.0630363,0.199874,1600,0
0.4,0.75,1,2000,0.014307,0.250628,0.0189801,0.219864,0.0352676,0.208389,0.0297031,0.222861,1600,0
0.4,0.75,1,3000,0.00544648,0.247861,0.00707422,0.240058,0.0141355,0.231669,0.0120008,0.241756,1600,0
0.4,0.75,1,5000,0,0.24752,0,0.250136,0,0.25212,0,0.250224,1600,0
0.4,0.75,1,7000,0,0.249798,0,0.247471,0,0.251918,0,0.250814,1600,0
0.4,0.75,1,10000,0,0.249922,0,0.248786,0,0.251319,0,0.249973,1600,0
0.4,0.75,1,25000,0,0.249409,0,0.248093,0,0.250279,0,0.252219,1600,0
0.4,0.75,1,50000,0,0.249913,0,0.250024,0,0.248698,0,0.251365,1600,0
0,0.75,1,0,0.125139,0.124479,0.125027,0.124971,0.125234,0.124916,0.125212,0.125022,1600,0
0,0.75,1,1000,0.0022332,0.39353,0.00603125,0.21902,0.0625383,0.082027,0.0229586,0.211661,1600,560
0,0.75,1,2000,0.0022332,0.39353,0.00603125,0.21902,0.0625383,0.082027,0.0229586,0.211661,1600,560
0,0.75,1,3000,0.0022332,0.39353,0.00603125,0.21902,0.0625383,0.082027,0.0229586,0.211661,1600,560
0,0.75,1,5000,0.0022332,0.39353,0.00603125,0.21902,0.0625383,0.082027,0.0229586,0.211661,1600,560
0,0.75,1,7000,0.0022332,0.39353,0.00603125,0.21902,0.0625383,0.082027,0.0229586,0.211661,1600,560
0,0.75,1,10000,0.0022332,0.39353,0.00603125,0.21902,0.0625383,0.082027,0.0229586,0.211661,1600,560
0,0.75,1,25000,0.0022332,0.39353,0.00603125,0.21902,0.0625383,0.082027,0.0229586,0.211661,1600,560
0,0.75,1,50000,0.0022332,0.39353,0.00603125,0.21902,0.0625383,0.082027,0.0229586,0.211661,1600,560
0.4,0.75,1,0,0.125164,0.124952,0.125052,0.125038,0.124838,0.12497,0.125272,0.124714,1600,0
0.4,0.75,1,1000,0.0331945,0.249725,0.0439551,0.180596,0.0753027,0.15606,0.0610793,0.200088,1600,0
0.4,0.75,1,2000,0.0157617,0.253799,0.0202664,0.218559,0.0402172,0.19706,0.0288078,0.225529,1600,0
0.4,0.75,1,3000,0.00609297,0.246134,0.0109312,0.238923,0.0169082,0.226749,0.0116961,0.242565,1600,0
0.4,0.75,1,5000,0.000158203,0.250417,5.35156e-05,0.250481,9.375e-05,0.249736,0.000230078,0.248831,1600,0
0.4,0.75,1,7000,0,0.249564,0,0.251617,0,0.24815,0,0.250669,1600,0
0.4,0.75,1,10000,0,0.252014,0,0.251332,0,0.250094,0,0.246559,1600,0
0.4,0.75,1,25000,0,0.247672,0,0.250077,0,0.254697,0,0.247553,1600,0
0.4,0.75,1,50000,0,0.25042,0,0.250182,0,0.247918,0,0.251481,1600,0
0,0.75,1,0,0.125237,0.124783,0.125159,0.124743,0.12502,0.12509,0.124976,0.124992,1600,0
0,0.75,1,1000,0.00222656,0.393325,0.00607773,0.218473,0.0646801,0.0817523,0.0220582,0.211408,1600,740
0,0.75,1,2000,0.00222656,0.393325,0.00607773,0.218473,0.0646801,0.0817523,0.0220582,0.211408,1600,740
0,0.75,1,3000,0.00222656,0.393325,0.00607773,0.218473,0.0646801,0.0817523,0.0220582,0.211408,1600,740
0,0.75,1,5000,0.00222656,0.393325,0.00607773,0.218473,0.0646801,0.0817523,0.0220582,0.211408,1600,740
0,0.75,1,7000,0.00222656,0.393325,0.00607773,0.218473,0.0646801,0.0817523,0.0220582,0.211408,1600,740
0,0.75,1,10000,0.00222656,0.393325,0.00607773,0.218473,0.0646801,0.0817523,0.0220582,0.211408,1600,740
0,0.75,1,25000,0.00222656,0.393325,0.00607773,0.218473,0.0646801,0.0817523,0.0220582,0.211408,1600,740
0,0.75,1,50000,0.00222656,0.393325,0.00607773,0.218473,0.0646801,0.0817523,0.0220582,0.211408,1600,740
0.05,0.75,1,0,0.125168,0.124768,0.124996,0.125275,0.124802,0.125059,0.125142,0.124789,1600,0
0.05,0.75,1,1000,0.0825973,0.199895,0.0908324,0.151163,0.0999812,0.110017,0.0827137,0.1828,1600,0
0.05,0.75,1,2000,0.108439,0.191432,0.118537,0.126996,0.128469,0.065893,0.09985,0.160384,1600,0
0.05,0.75,1,3000,0.116864,0.195913,0.12274,0.116102,0.132001,0.0545102,0.107441,0.154429,1600,0
0.05,0.75,1,5000,0.120679,0.185072,0.127491,0.116862,0.142068,0.0453723,0.113168,0.149287,1600,0
0.05,0.75,1,7000,0.1315,0.183532,0.134937,0.10752,0.147805,0.037241,0.117763,0.139703,1600,0
0.05,0.75,1,10000,0.130641,0.183965,0.135017,0.107838,0.155895,0.0299023,0.122205,0.134537,1600,0
0.05,0.75,1,25000,0.137896,0.183442,0.140139,0.103841,0.15723,0.0273609,0.117653,0.132437,1600,0
0.05,0.75,1,50000,0.139959,0.182043,0.142353,0.0973645,0.167434,0.0210063,0.122114,0.127726,1600,0
0.3,0.75,1,0,0.125263,0.124896,0.124846,0.125264,0.125131,0.124704,0.125005,0.12489,1600,0
0.3,0.75,1,1000,0.0905109,0.208277,0.109409,0.114378,0.162268,0.0502785,0.114245,0.150634,1600,0
0.3,0.75,1,2000,0.110002,0.211503,0.115058,0.094516,0.177112,0.0207531,0.137752,0.133305,1600,0
0.3,0.75,1,3000,0.116583,0.205461,0.121512,0.0883578,0.194159,0.00836914,0.142234,0.123323,1600,0
0.3,0.75,1,5000,0.116855,0.208371,0.122175,0.0823543,0.201571,0.00296328,0.149511,0.116199,1600,0
0.3,0.75,1,7000,0.109653,0.201841,0.124977,0.0832016,0.203764,0.000880859,0.154404,0.121279,1600,0
0.3,0.75,1,10000,0.114859,0.204158,0.127836,0.0814688,0.205566,6.5625e-05,0.155621,0.110425,1600,0
0.3,0.75,1,25000,0.115738,0.20568,0.127105,0.0826762,0.201748,0,0.148988,0.118064,1600,0
0.3,0.75,1,50000,0.111909,0.212277,0.125163,0.0800445,0.213968,0,0.146227,0.110411,1600,0
0.05,0.75,1,0,0.125038,0.125101,0.125104,0.125075,0.124952,0.124876,0.125017,0.124838,1600,0
0.05,0.75,1,1000,0.0854148,0.19347,0.0969309,0.154071,0.100352,0.111095,0.0818906,0.176775,1600,0
0.05,0.75,1,2000,0.111923,0.193607,0.117146,0.12707,0.128172,0.0640844,0.0985484,0.159448,1600,0
0.05,0.75,1,3000,0.122786,0.18673,0.124784,0.116519,0.137015,0.0569738,0.105116,0.150077,1600,0
0.05,0.75,1,5000,0.129732,0.194517,0.131303,0.111725,0.143414,0.039284,0.113709,0.136316,1600,0
0.05,0.75,1,7000,0.131187,0.18789,0.126374,0.105802,0.158002,0.0367219,0.117001,0.137022,1600,0
0.05,0.75,1,10000,0.133411,0.190551,0.134306,0.105755,0.149594,0.0353043,0.117977,0.133101,1600,0
0.05,0.75,1,25000,0.143873,0.189132,0.142348,0.0992699,0.161559,0.018093,0.119966,0.12576,1600,0
0.05,0.75,1,50000,0.136682,0.184966,0.139788,0.109012,0.163844,0.021643,0.119667,0.124398,1600,0
0.05,0.75,1,0,0.12507,0.125011,0.125015,0.12515,0.125033,0.124727,0.124951,0.125043,1600,0
0.05,0.75,1,1000,0.0823594,0.199719,0.0929652,0.151502,0.100545,0.117855,0.0810582,0.173996,1600,0
0.05,0.75,1,2000,0.112572,0.199357,0.11864,0.130042,0.12587,0.0605637,0.095523,0.157432,1600,0
0.05,0.75,1,3000,0.123246,0.189571,0.125404,0.119931,0.132176,0.0537645,0.109505,0.146402,1600,0
0.05,0.75,1,5000,0.12743,0.192057,0.133203,0.113429,0.141046,0.0401945,0.10882,0.143822,1600,0
0.05,0.75,1,7000,0.13109,0.185012,0.132018,0.111993,0.146427,0.0371414,0.116882,0.139436,1600,0
0.05,0.75,1,10000,0.13228,0.184614,0.137231,0.106943,0.150566,0.0316945,0.114786,0.141885,1600,0
0.05,0.75,1,25000,0.138471,0.183605,0.143527,0.100105,0.160013,0.0210082,0.122168,0.131102,1600,0
0.05,0.75,1,50000,0.146545,0.184897,0.143537,0.0995914,0.161469,0.0156934,0.123708,0.124559,1600,0
0.1,0.75,1,0,0.124879,0.124874,0.124723,0.124932,0.125091,0.125438,0.124919,0.125144,1600,0
0.1,0.75,1,1000,0.11435,0.184875,0.122792,0.114232,0.143052,0.0524871,0.114546,0.153666,1600,0
0.1,0.75,1,2000,0.129097,0.187326,0.137968,0.104775,0.160052,0.0252285,0.125321,0.130234,1600,0
0.1,0.75,1,3000,0.137895,0.183398,0.140112,0.0964855,0.171135,0.0124246,0.135721,0.122829,1600,0
0.1,0.75,1,5000,0.147369,0.179565,0.147229,0.0978344,0.177289,0.00158945,0.13223,0.116895,1600,0
0.1,0.75,1,7000,0.149113,0.176758,0.149205,0.0890418,0.1839,0.000451953,0.139659,0.111872,1600,0
0.1,0.75,1,10000,0.148787,0.187163,0.149627,0.086648,0.181221,0,0.136111,0.110443,1600,0
0.1,0.75,1,25000,0.148137,0.180855,0.141729,0.091816,0.182734,0,0.139455,0.115275,1600,0
0.1,0.75,1,50000,0.147137,0.179945,0.150271,0.0909113,0.176189,0,0.141217,0.11433,1600,0
0.35,0.75,1,0,0.12517,0.125239,0.125044,0.124835,0.125347,0.124546,0.125052,0.124767,1600,0
0.35,0.75,1,1000,0.0627793,0.224324,0.0766219,0.13677,0.130388,0.0895785,0.0987168,0.180821,1600,0
0.35,0.75,1,2000,0.0743293,0.219639,0.0933996,0.12015,0.146909,0.0781551,0.107249,0.160169,1600,0
0.35,0.75,1,3000,0.0806035,0.221338,0.0923687,0.117673,0.158708,0.0617215,0.114192,0.153396,1600,0
0.35,0.75,1,5000,0.0861309,0.219368,0.10311,0.101264,0.178369,0.0399152,0.127159,0.144684,1600,0
0.35,0.75,1,7000,0.0975102,0.219764,0.110912,0.091727,0.192015,0.0219586,0.14066,0.125454,1600,0
0.35,0.75,1,10000,0.0999461,0.221084,0.1171,0.0836715,0.19097,0.010202,0.148868,0.128158,1600,0
0.35,0.75,1,25000,0.103625,0.216011,0.117643,0.0780145,0.215189,0,0.151742,0.117775,1600,0
0.35,0.75,1,50000,0.105663,0.214492,0.11676,0.0802793,0.220418,0,0.148138,0.11425,1600,0
0.1,0.75,1,0,0.125264,0.124639,0.125061,0.124918,0.124873,0.124989,0.125123,0.125132,1600,0
0.1,0.75,1,1000,0.118973,0.193754,0.118521,0.118794,0.139441,0.0526969,0.11275,0.14507,1600,0
0.1,0.75,1,2000,0.130686,0.18769,0.136289,0.104657,0.157714,0.0250453,0.127863,0.130055,1600,0
0.1,0.75,1,3000,0.14151,0.182682,0.141789,0.0935957,0.172995,0.0117848,0.128423,0.127221,1600,0
0.1,0.75,1,5000,0.152872,0.180179,0.148682,0.0873797,0.177832,0.00323828,0.132745,0.117072,1600,0
0.1,0.75,1,7000,0.14665,0.183188,0.148825,0.0891363,0.17732,0.00134648,0.136835,0.116699,1600,0
0.1,0.75,1,10000,0.148198,0.17958,0.150851,0.0922281,0.172138,0.000531641,0.145556,0.110917,1600,0
0.1,0.75,1,25000,0.143485,0.181767,0.149522,0.0917203,0.181261,0,0.13885,0.113395,1600,0
0.1,0.75,1,50000,0.148724,0.181954,0.150465,0.0852824,0.18953,0,0.131429,0.112616,1600,0
0.1,0.75,1,0,0.124891,0.125174,0.125262,0.124688,0.125037,0.124857,0.125454,0.124637,1600,0
0.1,0.75,1,1000,0.116518,0.18647,0.125018,0.116188,0.142041,0.0482309,0.114606,0.150927,1600,0
0.1,0.75,1,2000,0.13713,0.176449,0.136088,0.10043,0.163559,0.0181773,0.135595,0.132573,1600,0
0.1,0.75,1,3000,0.141716,0.185157,0.144917,0.0950465,0.172007,0.0104445,0.133373,0.117337,1600,0
0.1,0.75,1,5000,0.14542,0.180514,0.147829,0.0927715,0.178424,0.00363594,0.136692,0.114713,1600,0
0.1,0.75,1,7000,0.14488,0.182748,0.146623,0.0915324,0.176106,0.00162188,0.137022,0.119466,1600,0
0.1,0.75,1,10000,0.14343,0.187427,0.153802,0.0895125,0.180003,0.000221875,0.136829,0.108774,1600,0
0.1,0.75,1,25000,0.146996,0.18294,0.148534,0.0875449,0.178859,0,0.145492,0.109634,1600,0
0.1,0.75,1,50000,0.14584,0.183049,0.144502,0.0920504,0.184946,0,0.134125,0.115488,1600,0
0.15,0.75,1,0,0.124503,0.124913,0.124859,0.125506,0.125114,0.124856,0.125397,0.124852,1600,0
0.15,0.75,1,1000,0.119071,0.196896,0.123895,0.110149,0.152549,0.037159,0.121268,0.139013,1600,0
0.15,0.75,1,2000,0.132223,0.185716,0.143145,0.0975656,0.172783,0.0155457,0.134654,0.118368,1600,0
0.15,0.75,1,3000,0.133019,0.194678,0.142698,0.0935906,0.177908,0.00572031,0.136361,0.116025,1600,0
0.15,0.75,1,5000,0.144809,0.184039,0.146684,0.083643,0.182714,0.000805469,0.143173,0.114132,1600,0
0.15,0.75,1,7000,0.141295,0.189292,0.143526,0.0868223,0.185055,0,0.143886,0.110124,1600,0
0.15,0.75,1,10000,0.142246,0.187428,0.146113,0.0904723,0.183378,0,0.143096,0.107267,1600,0
0.15,0.75,1,25000,0.138884,0.18285,0.139199,0.0879566,0.18766,0,0.143753,0.119697,1600,0
0.15,0.75,1,50000,0.141523,0.184228,0.136975,0.087818,0.184399,0,0.147258,0.117799,1600,0
0.15,0.75,1,0,0.125083,0.124825,0.125132,0.125023,0.124898,0.124995,0.124992,0.125052,1600,0
0.15,0.75,1,1000,0.117215,0.192036,0.125832,0.108089,0.156086,0.0357648,0.119986,0.144991,1600,0
0.15,0.75,1,2000,0.131647,0.185725,0.136723,0.0927586,0.174984,0.0132219,0.140281,0.124658,1600,0
0.15,0.75,1,3000,0.141765,0.183926,0.140182,0.0941395,0.179697,0.0043793,0.138089,0.117822,1600,0
0.15,0.75,1,5000,0.142735,0.185504,0.1422,0.0860195,0.184587,0.000901172,0.143842,0.114211,1600,0
0.15,0.75,1,7000,0.146917,0.187177,0.141285,0.0916352,0.180745,0.000422266,0.13929,0.112528,1600,0
0.15,0.75,1,10000,0.142851,0.18725,0.139748,0.0908633,0.185387,0,0.142607,0.111294,1600,0
0.15,0.75,1,25000,0.142272,0.182371,0.141997,0.0863086,0.180163,0,0.149602,0.117287,1600,0
0.15,0.75,1,50000,0.1425,0.193304,0.142048,0.0884211,0.183313,0,0.139693,0.110721,1600,0
0.15,0.75,1,0,0.125145,0.12468,0.125014,0.124905,0.125081,0.124924,0.125351,0.124901,1600,0
0.15,0.75,1,1000,0.117662,0.190617,0.124927,0.111121,0.160827,0.0360277,0.12171,0.137108,1600,0
0.15,0.75,1,2000,0.134401,0.194371,0.135408,0.0942605,0.176206,0.014584,0.133589,0.117179,1600,0
0.15,0.75,1,3000,0.131184,0.189951,0.136002,0.0915051,0.187022,0.00613281,0.139329,0.118874,1600,0
0.15,0.75,1,5000,0.142233,0.18201,0.142734,0.0826762,0.194449,0.000749219,0.143843,0.111305,1600,0
0.15,0.75,1,7000,0.138169,0.187667,0.14076,0.0885031,0.185474,0,0.145421,0.114006,1600,0
0.15,0.75,1,10000,0.145134,0.18536,0.140304,0.0856633,0.178572,0,0.147713,0.117252,1600,0
0.15,0.75,1,25000,0.138686,0.18474,0.144806,0.0914129,0.190177,0,0.141515,0.108663,1600,0
0.15,0.75,1,50000,0.144116,0.187482,0.144718,0.0845715,0.184575,0,0.143865,0.110673,1600,0
0.4,0.75,1,0,0.1252,0.125132,0.125024,0.124993,0.124803,0.125365,0.124866,0.124618,1600,0
0.4,0.75,1,1000,0.0384906,0.246389,0.0521629,0.17192,0.0863465,0.13586,0.0710934,0.197738,1600,0
0.4,0.75,1,2000,0.0198742,0.255116,0.0253801,0.212602,0.0453176,0.184164,0.0373148,0.220232,1600,0
0.4,0.75,1,3000,0.00919766,0.251758,0.0141922,0.227523,0.0235461,0.219216,0.0193371,0.23523,1600,0
0.4,0.75,1,5000,0.000125391,0.253943,0.000217578,0.247425,0.000700781,0.250513,0.000953516,0.246122,1600,0
0.4,0.75,1,7000,0,0.249672,0,0.249546,0,0.249752,0,0.25103,1600,0
0.4,0.75,1,10000,0,0.252083,0,0.252941,0,0.245257,0,0.249718,1600,0
0.4,0.75,1,25000,0,0.246639,0,0.251892,0,0.253771,0,0.247697,1600,0
0.4,0.75,1,50000,0,0.249584,0,0.249431,0,0.248639,0,0.252346,1600,0
0,0.75,1,0,0.125054,0.124974,0.125082,0.125086,0.125009,0.124749,0.125199,0.124847,1600,0
0,0.75,1,1000,0.00231016,0.39349,0.00614766,0.221486,0.0628195,0.0818855,0.0220461,0.209815,1600,620
0,0.75,1,2000,0.00231016,0.39349,0.00614766,0.221486,0.0628195,0.0818855,0.0220461,0.209815,1600,620
0,0.75,1,3000,0.00231016,0.39349,0.00614766,0.221486,0.0628195,0.0818855,0.0220461,0.209815,1600,620
0,0.75,1,5000,0.00231016,0.39349,0.00614766,0.221486,0.0628195,0.0818855,0.0220461,0.209815,1600,620
0,0.75,1,7000,0.00231016,0.39349,0.00614766,0.221486,0.0628195,0.0818855,0.0220461,0.209815,1600,620
0,0.75,1,10000,0.00231016,0.39349,0.00614766,0.221486,0.0628195,0.0818855,0.0220461,0.209815,1600,620
0,0.75,1,25000,0.00231016,0.39349,0.00614766,0.221486,0.0628195,0.0818855,0.0220461,0.209815,1600,620
0,0.75,1,50000,0.00231016,0.39349,0.00614766,0.221486,0.0628195,0.0818855,0.0220461,0.209815,1600,620
0.2,0.75,1,0,0.124726,0.124999,0.124925,0.125109,0.124892,0.125194,0.125211,0.124944,1600,0
0.2,0.75,1,1000,0.114169,0.19355,0.124466,0.100128,0.164144,0.0344891,0.132834,0.136221,1600,0
0.2,0.75,1,2000,0.127504,0.192911,0.133699,0.0914051,0.181136,0.0122078,0.135256,0.125881,1600,0
0.2,0.75,1,3000,0.128264,0.186377,0.13594,0.0941516,0.189003,0.00515703,0.143747,0.117361,1600,0
0.2,0.75,1,5000,0.13396,0.197874,0.134895,0.086432,0.181346,0.00111563,0.151421,0.112956,1600,0
0.2,0.75,1,7000,0.136383,0.195885,0.139915,0.089523,0.186161,0.000622656,0.138271,0.11324,1600,0
0.2,0.75,1,10000,0.134711,0.190312,0.137291,0.0870324,0.191457,0,0.146034,0.113163,1600,0
0.2,0.75,1,25000,0.133846,0.196696,0.137575,0.0928531,0.189059,0,0.136217,0.113754,1600,0
0.2,0.75,1,50000,0.137183,0.187941,0.133263,0.0880125,0.192884,0,0.142061,0.118655,1600,0
0.2,0.75,1,0,0.125039,0.124868,0.125275,0.124854,0.1251,0.12495,0.125023,0.124891,1600,0
0.2,0.75,1,1000,0.115417,0.199412,0.123889,0.107641,0.168702,0.030218,0.126666,0.128055,1600,0
0.2,0.75,1,2000,0.12683,0.197413,0.133776,0.0928016,0.178166,0.0148195,0.136311,0.119882,1600,0
0.2,0.75,1,3000,0.124931,0.193414,0.133057,0.0889047,0.192102,0.00923711,0.144254,0.1141,1600,0
0.2,0.75,1,5000,0.135193,0.189456,0.142307,0.0866359,0.191511,0.00236602,0.143066,0.109464,1600,0
0.2,0.75,1,7000,0.131513,0.193236,0.135448,0.0864562,0.191972,0.000922266,0.146525,0.113928,1600,0
0.2,0.75,1,10000,0.133043,0.190167,0.142207,0.0812992,0.196993,0,0.145907,0.110384,1600,0
0.2,0.75,1,25000,0.135928,0.183109,0.140074,0.0852223,0.188885,0,0.152245,0.114537,1600,0
0.2,0.75,1,50000,0.133837,0.193516,0.134452,0.0921418,0.195185,0,0.143209,0.107659,1600,0
0.2,0.75,1,0,0.124961,0.124853,0.125002,0.125325,0.124873,0.125416,0.12484,0.12473,1600,0
0.2,0.75,1,1000,0.11247,0.19481,0.123821,0.10776,0.16078,0.0299848,0.132879,0.137495,1600,0
0.2,0.75,1,2000,0.128309,0.192119,0.133712,0.0925813,0.173833,0.0132926,0.139371,0.126782,1600,0
0.2,0.75,1,3000,0.132687,0.195646,0.131917,0.0900547,0.185393,0.00807813,0.136959,0.119265,1600,0
0.2,0.75,1,5000,0.13581,0.195802,0.129086,0.0911531,0.193868,0.00150664,0.145563,0.107212,1600,0
0.2,0.75,1,7000,0.130508,0.18445,0.140431,0.0885426,0.190205,0.000158594,0.149135,0.116569,1600,0
0.2,0.75,1,10000,0.138079,0.192179,0.142774,0.0897582,0.179065,0,0.147434,0.11071,1600,0
0.2,0.75,1,25000,0.134352,0.197425,0.136879,0.0920461,0.1961,0,0.140182,0.103017,1600,0
0.2,0.75,1,50000,0.134397,0.194728,0.133589,0.0866074,0.194689,0,0.144205,0.111784,1600,0
0.25,0.75,1,0,0.125007,0.125122,0.124931,0.124589,0.125057,0.125035,0.12538,0.124879,1600,0
0.25,0.75,1,1000,0.102964,0.209044,0.113377,0.109387,0.163599,0.035184,0.128141,0.138304,1600,0
0.25,0.75,1,2000,0.116033,0.207108,0.122107,0.093152,0.181695,0.0140996,0.139691,0.126116,1600,0
0.25,0.75,1,3000,0.122968,0.196414,0.130903,0.0863961,0.191027,0.00637539,0.145563,0.120354,1600,0
0.25,0.75,1,5000,0.125894,0.204203,0.131218,0.0869527,0.18547,0.00156953,0.145643,0.11905,1600,0
0.25,0.75,1,7000,0.125429,0.197488,0.130257,0.0821215,0.198135,7.46094e-05,0.149394,0.1171,1600,0
0.25,0.75,1,10000,0.125254,0.200363,0.135553,0.0813742,0.195027,0,0.150526,0.111904,1600,0
0.25,0.75,1,25000,0.122489,0.198249,0.130275,0.0854043,0.198107,0,0.145888,0.119587,1600,0
0.25,0.75,1,50000,0.126231,0.198844,0.130805,0.0837059,0.199833,0,0.152395,0.108186,1600,0
0.05,0.75,1,0,0.125084,0.124845,0.124811,0.12471,0.12477,0.125249,0.125439,0.125093,1600,0
0.05,0.75,1,1000,0.0846297,0.201537,0.0921164,0.146019,0.0995742,0.109323,0.0831211,0.18368,1600,0
0.05,0.75,1,2000,0.111895,0.195773,0.118383,0.124028,0.127677,0.06435,0.0999578,0.157937,1600,0
0.05,0.75,1,3000,0.119872,0.186615,0.127446,0.113252,0.142555,0.0506668,0.106978,0.152615,1600,0
0.05,0.75,1,5000,0.122839,0.184991,0.127267,0.117636,0.146192,0.0469074,0.114644,0.139524,1600,0
0.05,0.75,1,7000,0.126789,0.187241,0.131783,0.114382,0.142879,0.0392613,0.108934,0.148729,1600,0
0.05,0.75,1,10000,0.124148,0.183472,0.134711,0.109115,0.152252,0.0371992,0.116218,0.142884,1600,0
0.05,0.75,1,25000,0.144227,0.181994,0.142555,0.1023,0.156163,0.0206992,0.124245,0.127817,1600,0
0.05,0.75,1,50000,0.143761,0.182964,0.137297,0.096934,0.165185,0.0181887,0.126716,0.128954,1600,0
0.25,0.75,1,0,0.125179,0.125082,0.124884,0.125202,0.125161,0.124837,0.124912,0.124744,1600,0
0.25,0.75,1,1000,0.105285,0.207946,0.116864,0.108234,0.165018,0.0357441,0.127986,0.132923,1600,0
0.25,0.75,1,2000,0.117878,0.200623,0.123532,0.0924422,0.181514,0.014009,0.140586,0.129417,1600,0
0.25,0.75,1,3000,0.128014,0.192971,0.131367,0.0871367,0.193912,0.00678008,0.147087,0.112732,1600,0
0.25,0.75,1,5000,0.121367,0.20067,0.133869,0.083843,0.198473,0.000796875,0.150492,0.11049,1600,0
0.25,0.75,1,7000,0.12814,0.200361,0.135256,0.0851098,0.18879,0.000258984,0.147634,0.11445,1600,0
0.25,0.75,1,10000,0.124111,0.20151,0.132162,0.0812898,0.19582,0.000563672,0.15067,0.113873,1600,0
0.25,0.75,1,25000,0.12662,0.199868,0.13043,0.0864758,0.190305,0,0.152339,0.113962,1600,0
0.25,0.75,1,50000,0.123298,0.199782,0.127782,0.0857242,0.207633,0,0.144228,0.111553,1600,0
0.25,0.75,1,0,0.125543,0.124645,0.124631,0.12526,0.124788,0.125411,0.124761,0.124961,1600,0
0.25,0.75,1,1000,0.108548,0.209725,0.115597,0.10849,0.160573,0.038157,0.116571,0.142337,1600,0
0.25,0.75,1,2000,0.113137,0.198152,0.125504,0.0957617,0.188614,0.0172652,0.136241,0.125325,1600,0
0.25,0.75,1,3000,0.121926,0.194715,0.133484,0.0902324,0.18755,0.00871875,0.143659,0.119715,1600,0
0.25,0.75,1,5000,0.122484,0.199359,0.129898,0.0861309,0.198016,0.00170195,0.152609,0.109802,1600,0
0.25,0.75,1,7000,0.124182,0.198845,0.13398,0.0808492,0.196477,0.000312891,0.147996,0.117358,1600,0
0.25,0.75,1,10000,0.126752,0.197254,0.131243,0.0818324,0.202067,0.000425781,0.148554,0.111872,1600,0
0.25,0.75,1,25000,0.128744,0.199696,0.135866,0.0824047,0.197989,0,0.145902,0.109398,1600,0
0.25,0.75,1,50000,0.129752,0.189545,0.131536,0.087007,0.198513,0,0.147681,0.115966,1600,0
0.3,0.75,1,0,0.125114,0.124877,0.124754,0.12486,0.125352,0.125096,0.125091,0.124857,1600,0
0.3,0.75,1,1000,0.0913812,0.216623,0.106571,0.109477,0.157575,0.0443211,0.120428,0.153623,1600,0
0.3,0.75,1,2000,0.107362,0.20587,0.117565,0.0979445,0.180987,0.0215187,0.142032,0.12672,1600,0
0.3,0.75,1,3000,0.111965,0.204344,0.124827,0.086166,0.194812,0.00899727,0.144592,0.124297,1600,0
0.3,0.75,1,5000,0.113944,0.212835,0.123917,0.0830902,0.203421,0.00205781,0.145637,0.115098,1600,0
0.3,0.75,1,7000,0.111319,0.207021,0.122794,0.0845629,0.216298,0,0.144119,0.113886,1600,0
0.3,0.75,1,10000,0.115512,0.210505,0.125881,0.0823086,0.198523,0,0.150237,0.117032,1600,0
0.3,0.75,1,25000,0.115632,0.205035,0.129666,0.0787797,0.20369,0,0.155294,0.111904,1600,0
0.3,0.75,1,50000,0.119655,0.203841,0.1257,0.0844762,0.204171,0,0.153375,0.108781,1600,0
0.1,0.75,1,0,0.124982,0.124761,0.124876,0.125248,0.12494,0.125185,0.125049,0.124959,1600,0
0.1,0.75,1,1000,0.115735,0.188397,0.125241,0.111299,0.139728,0.0490121,0.118627,0.151961,1600,0
0.1,0.75,1,2000,0.13169,0.190707,0.136811,0.100126,0.157021,0.0221633,0.128087,0.133395,1600,0
0.1,0.75,1,3000,0.138388,0.188298,0.137759,0.0954281,0.171446,0.0141594,0.127237,0.127284,1600,0
0.1,0.75,1,5000,0.144187,0.18401,0.150081,0.0884242,0.171216,0.00403281,0.140212,0.117837,1600,0
0.1,0.75,1,7000,0.147238,0.17876,0.146988,0.0891133,0.183081,0.00225938,0.139607,0.112953,1600,0
0.1,0.75,1,10000,0.145318,0.176565,0.150235,0.0920969,0.180247,0,0.139896,0.115642,1600,0
0.1,0.75,1,25000,0.143115,0.180153,0.148271,0.0931613,0.176687,0,0.14214,0.116473,1600,0
0.1,0.75,1,50000,0.148555,0.181095,0.15069,0.0907414,0.178778,0,0.139005,0.111135,1600,0
0.3,0.75,1,0,0.125279,0.125253,0.124969,0.125132,0.124836,0.1246,0.125014,0.124918,1600,0
0.3,0.75,1,1000,0.0923703,0.219108,0.105617,0.110558,0.159834,0.0447754,0.12455,0.143187,1600,0
0.3,0.75,1,2000,0.102507,0.212486,0.115923,0.0942762,0.187532,0.0220199,0.130891,0.134364,1600,0
0.3,0.75,1,3000,0.109266,0.205884,0.1243,0.0882961,0.19183,0.00877266,0.150337,0.121314,1600,0
0.3,0.75,1,5000,0.117237,0.206212,0.124297,0.0872105,0.200505,0.00154219,0.151192,0.111804,1600,0
0.3,0.75,1,7000,0.112448,0.206136,0.125329,0.0842125,0.20569,9.25781e-05,0.152381,0.113711,1600,0
0.3,0.75,1,10000,0.118646,0.21152,0.125894,0.0803664,0.192497,0,0.157943,0.113134,1600,0
0.3,0.75,1,25000,0.108085,0.211885,0.128056,0.0823086,0.211098,0,0.141856,0.116711,1600,0
0.3,0.75,1,50000,0.113133,0.206038,0.127779,0.0809668,0.200093,0,0.15582,0.11617,1600,0
0.3,0.75,1,0,0.125234,0.125192,0.124655,0.125112,0.125137,0.125018,0.124636,0.125016,1600,0
0.3,0.75,1,1000,0.0895645,0.218958,0.105898,0.108329,0.155456,0.0525105,0.120301,0.148984,1600,0
0.3,0.75,1,2000,0.103014,0.210503,0.119078,0.0899746,0.183714,0.0216109,0.142446,0.129659,1600,0
0.3,0.75,1,3000,0.111346,0.207129,0.124098,0.0880887,0.194895,0.00773945,0.147531,0.119172,1600,0
0.3,0.75,1,5000,0.114459,0.205373,0.125717,0.0796781,0.201866,0.00268086,0.147606,0.122619,1600,0
0.3,0.75,1,7000,0.113282,0.214386,0.122315,0.0804066,0.210635,0.000668359,0.141287,0.11702,1600,0
0.3,0.75,1,10000,0.117304,0.202649,0.12333,0.0804016,0.21259,0,0.150629,0.113097,1600,0
0.3,0.75,1,25000,0.117085,0.208376,0.119052,0.0878664,0.204146,0,0.148031,0.115444,1600,0
0.3,0.75,1,50000,0.110494,0.20588,0.128128,0.0772402,0.209351,0,0.155813,0.113094,1600,0
0.35,0.75,1,0,0.125082,0.124647,0.125227,0.125082,0.125053,0.125115,0.124654,0.125141,1600,0
0.35,0.75,1,1000,0.0710937,0.227196,0.0889637,0.126302,0.141714,0.0759227,0.108299,0.160509,1600,0
0.35,0.75,1,2000,0.0753875,0.224117,0.0930594,0.112566,0.163237,0.0566188,0.118646,0.156368,1600,0
0.35,0.75,1,3000,0.080677,0.226236,0.0946258,0.113291,0.167565,0.0493625,0.12376,0.144484,1600,0
0.35,0.75,1,5000,0.0917645,0.218337,0.109676,0.0980656,0.187135,0.0321734,0.131141,0.131708,1600,0
0.35,0.75,1,7000,0.0938141,0.219398,0.108027,0.0940426,0.19643,0.0206488,0.136134,0.131506,1600,0
0.35,0.75,1,10000,0.0963656,0.226643,0.110496,0.083723,0.206173,0.0106344,0.144172,0.121792,1600,0
0.35,0.75,1,25000,0.103407,0.214056,0.113453,0.0801191,0.219252,0,0.154296,0.115417,1600,0
0.35,0.75,1,50000,0.104308,0.220689,0.121873,0.0796113,0.205376,0,0.152617,0.115525,1600,0
0.35,0.75,1,0,0.125137,0.125079,0.12475,0.124982,0.124839,0.125374,0.12507,0.12477,1600,0
0.35,0.75,1,1000,0.0642008,0.241905,0.0773945,0.131155,0.133913,0.0810805,0.0997844,0.170568,1600,0
0.35,0.75,1,2000,0.0780715,0.228429,0.0936461,0.118617,0.143519,0.0602266,0.118408,0.159083,1600,0
0.35,0.75,1,3000,0.0843078,0.223724,0.0994191,0.113249,0.162256,0.0453859,0.128309,0.143349,1600,0
0.35,0.75,1,5000,0.0879645,0.224039,0.103832,0.0942031,0.179852,0.0340563,0.13328,0.142774,1600,0
0.35,0.75,1,7000,0.0958555,0.217693,0.108814,0.0881645,0.198186,0.0178195,0.143498,0.12997,1600,0
0.35,0.75,1,10000,0.0967055,0.215434,0.117167,0.0792816,0.209314,0.00752266,0.146868,0.127707,1600,0
0.35,0.75,1,25000,0.103594,0.214616,0.116103,0.0773246,0.219041,0,0.153054,0.116267,1600,0
0.35,0.75,1,50000,0.10106,0.21753,0.112555,0.0775754,0.224155,0,0.150662,0.116462,1600,0
0.35,0.75,1,0,0.12518,0.125074,0.12521,0.124779,0.124813,0.12525,0.125119,0.124575,1600,0
0.35,0.75,1,1000,0.0714773,0.22853,0.0867934,0.123051,0.146768,0.069809,0.111431,0.162141,1600,0
0.35,0.75,1,2000,0.0765816,0.224774,0.0988914,0.113913,0.158213,0.0545062,0.121374,0.151747,1600,0
0.35,0.75,1,3000,0.086025,0.217416,0.103225,0.108786,0.164822,0.0443484,0.130052,0.145325,1600,0
0.35,0.75,1,5000,0.094616,0.22408,0.106229,0.0963023,0.181116,0.0285219,0.138057,0.131079,1600,0
0.35,0.75,1,7000,0.0979813,0.224314,0.107884,0.0943984,0.200494,0.0154297,0.132539,0.12696,1600,0
0.35,0.75,1,10000,0.100012,0.227576,0.114793,0.0842086,0.197355,0.00405273,0.150378,0.121623,1600,0
0.35,0.75,1,25000,0.0967746,0.220701,0.116916,0.0758703,0.213765,0,0.155623,0.12035,1600,0
0.35,0.75,1,50000,0.0992563,0.221438,0.112355,0.0801289,0.213838,0,0.158177,0.114806,1600,0
0.15,0.75,1,0,0.125243,0.125177,0.1243,0.125196,0.125076,0.125121,0.125082,0.124806,1600,0
0.15,0.75,1,1000,0.1188,0.195696,0.124818,0.108823,0.155754,0.0333605,0.1191,0.143649,1600,0
0.15,0.75,1,2000,0.1345,0.187323,0.147096,0.0926156,0.168511,0.0131953,0.135974,0.120784,1600,0
0.15,0.75,1,3000,0.13221,0.184602,0.144282,0.0906527,0.175909,0.00695352,0.144289,0.121102,1600,0
0.15,0.75,1,5000,0.142669,0.187899,0.147328,0.0896383,0.185854,0.000761719,0.137402,0.108449,1600,0
0.15,0.75,1,7000,0.137032,0.189497,0.135611,0.0873465,0.192402,5.97656e-05,0.141651,0.116402,1600,0
0.15,0.75,1,10000,0.136886,0.183675,0.143623,0.0882727,0.189459,0,0.148057,0.110027,1600,0
0.15,0.75,1,25000,0.143593,0.184622,0.139221,0.0884918,0.186784,0,0.140897,0.116391,1600,0
0.15,0.75,1,50000,0.141632,0.178286,0.143462,0.090323,0.182971,0,0.150264,0.113062,1600,0
0.4,0.75,1,0,0.125542,0.125032,0.124839,0.124979,0.125198,0.124696,0.124958,0.124755,1600,0
0.4,0.75,1,1000,0.0412023,0.248923,0.0556551,0.160282,0.107023,0.124843,0.0721234,0.189948,1600,0
0.4,0.75,1,2000,0.0242949,0.248892,0.0372035,0.193727,0.0622848,0.176169,0.0421391,0.21529,1600,0
0.4,0.75,1,3000,0.0119914,0.248292,0.017916,0.225471,0.0270863,0.211157,0.0226477,0.235437,1600,0
0.4,0.75,1,5000,0.000130469,0.249709,0.000440625,0.248866,0.0016832,0.248871,0.000577734,0.249723,1600,0
0.4,0.75,1,7000,0,0.249182,0,0.250195,0,0.251321,0,0.249301,1600,0
0.4,0.75,1,10000,0,0.2491,0,0.251995,0,0.246948,0,0.251957,1600,0
0.4,0.75,1,25000,0,0.249935,0,0.249953,0,0.251855,0,0.248257,1600,0
0.4,0.75,1,50000,0,0.251164,0,0.250826,0,0.245921,0,0.252089,1600,0
0,0.75,1,0,0.124937,0.125174,0.124654,0.124741,0.125217,0.125145,0.125071,0.12506,1600,0
0,0.75,1,1000,0.00227344,0.392192,0.00622461,0.219753,0.0637117,0.0824125,0.0222766,0.211156,1600,400
0,0.75,1,2000,0.00227344,0.392192,0.00622461,0.219753,0.0637117,0.0824125,0.0222766,0.211156,1600,400
0,0.75,1,3000,0.00227344,0.392192,0.00622461,0.219753,0.0637117,0.0824125,0.0222766,0.211156,1600,400
0,0.75,1,5000,0.00227344,0.392192,0.00622461,0.219753,0.0637117,0.0824125,0.0222766,0.211156,1600,400
0,0.75,1,7000,0.00227344,0.392192,0.00622461,0.219753,0.0637117,0.0824125,0.0222766,0.211156,1600,400
0,0.75,1,10000,0.00227344,0.392192,0.00622461,0.219753,0.0637117,0.0824125,0.0222766,0.211156,1600,400
0,0.75,1,25000,0.00227344,0.392192,0.00622461,0.219753,0.0637117,0.0824125,0.0222766,0.211156,1600,400
0,0.75,1,50000,0.00227344,0.392192,0.00622461,0.219753,0.0637117,0.0824125,0.0222766,0.211156,1600,400
0.4,0.75,1,0,0.125019,0.124942,0.125017,0.125122,0.125316,0.124904,0.124546,0.125134,1600,0
0.4,0.75,1,1000,0.0354887,0.243609,0.0475344,0.17785,0.0792043,0.152807,0.0589406,0.204566,1600,0
0.4,0.75,1,2000,0.0183355,0.245241,0.0213031,0.218927,0.0341922,0.202623,0.0284078,0.23097,1600,0
0.4,0.75,1,3000,0.00638945,0.241882,0.0104168,0.237421,0.0166164,0.229877,0.012232,0.245165,1600,0
0.4,0.75,1,5000,0.0018957,0.252719,0.00157305,0.24667,0.00310977,0.245369,0.00276055,0.245903,1600,0
0.4,0.75,1,7000,0,0.252441,0,0.247125,0,0.250418,0,0.250016,1600,0
0.4,0.75,1,10000,0,0.247881,0,0.250766,0,0.252862,0,0.248491,1600,0
0.4,0.75,1,25000,0,0.252889,0,0.250514,0,0.24838,0,0.248216,1600,0
0.4,0.75,1,50000,0,0.248438,0,0.252711,0,0.249986,0,0.248865,1600,0
0,0.75,1,0,0.12477,0.124879,0.125232,0.124906,0.125152,0.124791,0.125186,0.125084,1600,0
0,0.75,1,1000,0.00217656,0.394239,0.00616172,0.217297,0.0639023,0.0829016,0.0222352,0.211087,1600,560
0,0.75,1,2000,0.00217656,0.394239,0.00616172,0.217297,0.0639023,0.0829016,0.0222352,0.211087,1600,560
0,0.75,1,3000,0.00217656,0.394239,0.00616172,0.217297,0.0639023,0.0829016,0.0222352,0.211087,1600,560
0,0.75,1,5000,0.00217656,0.394239,0.00616172,0.217297,0.0639023,0.0829016,0.0222352,0.211087,1600,560
0,0.75,1,7000,0.00217656,0.394239,0.00616172,0.217297,0.0639023,0.0829016,0.0222352,0.211087,1600,560
0,0.75,1,10000,0.00217656,0.394239,0.00616172,0.217297,0.0639023,0.0829016,0.0222352,0.211087,1600,560
0,0.75,1,25000,0.00217656,0.394239,0.00616172,0.217297,0.0639023,0.0829016,0.0222352,0.211087,1600,560
0,0.75,1,50000,0.00217656,0.394239,0.00616172,0.217297,0.0639023,0.0829016,0.0222352,0.211087,1600,560
0.4,0.75,1,0,0.124321,0.125311,0.124966,0.125055,0.124905,0.125234,0.125018,0.125189,1600,0
0.4,0.75,1,1000,0.0344441,0.245114,0.0472391,0.18815,0.0779977,0.149041,0.0600527,0.197961,1600,0
0.4,0.75,1,2000,0.0126664,0.256358,0.0178824,0.21892,0.0356137,0.202555,0.0275023,0.228503,1600,0
0.4,0.75,1,3000,0.0030793,0.252096,0.00482148,0.244864,0.00728008,0.239623,0.0072207,0.241016,1600,0
0.4,0.75,1,5000,0,0.247364,0,0.249408,0,0.247027,0,0.256201,1600,0
0.4,0.75,1,7000,0,0.255043,0,0.246937,0,0.247234,0,0.250786,1600,0
0.4,0.75,1,10000,0,0.246469,0,0.251774,0,0.253212,0,0.248545,1600,0
0.4,0.75,1,25000,0,0.253004,0,0.24762,0,0.251585,0,0.247791,1600,0
0.4,0.75,1,50000,0,0.250866,0,0.249614,0,0.248692,0,0.250828,1600,0
0,0.75,1,0,0.125147,0.125393,0.12485,0.124713,0.124754,0.12515,0.125166,0.124825,1600,0
0,0.75,1,1000,0.00225664,0.392472,0.00616055,0.219845,0.0629176,0.0840367,0.0224016,0.20991,1600,540
0,0.75,1,2000,0.00225664,0.392472,0.00616055,0.219845,0.0629176,0.0840367,0.0224016,0.20991,1600,540
0,0.75,1,3000,0.00225664,0.392472,0.00616055,0.219845,0.0629176,0.0840367,0.0224016,0.20991,1600,540
0,0.75,1,5000,0.00225664,0.392472,0.00616055,0.219845,0.0629176,0.0840367,0.0224016,0.20991,1600,540
0,0.75,1,7000,0.00225664,0.392472,0.00616055,0.219845,0.0629176,0.0840367,0.0224016,0.20991,1600,540
0,0.75,1,10000,0.00225664,0.392472,0.00616055,0.219845,0.0629176,0.0840367,0.0224016,0.20991,1600,540
0,0.75,1,25000,0.00225664,0.392472,0.00616055,0.219845,0.0629176,0.0840367,0.0224016,0.20991,1600,540
0,0.75,1,50000,0.00225664,0.392472,0.00616055,0.219845,0.0629176,0.0840367,0.0224016,0.20991,1600,540
0.2,0.75,1,0,0.124986,0.124802,0.124962,0.124679,0.124943,0.125368,0.124983,0.125276,1600,0
0.2,0.75,1,1000,0.115573,0.202904,0.120761,0.102539,0.160599,0.031557,0.124967,0.141099,1600,0
0.2,0.75,1,2000,0.125074,0.190775,0.136561,0.0899898,0.181536,0.0140977,0.140202,0.121765,1600,0
0.2,0.75,1,3000,0.126855,0.195879,0.131829,0.0918566,0.189612,0.00770469,0.140844,0.115419,1600,0
0.2,0.75,1,5000,0.134434,0.192773,0.14372,0.0866555,0.181613,0.00157031,0.14455,0.114684,1600,0
0.2,0.75,1,7000,0.13771,0.190923,0.136731,0.0860625,0.182509,0.000133984,0.150777,0.115154,1600,0
0.2,0.75,1,10000,0.130739,0.189219,0.139859,0.0904172,0.188528,0,0.14638,0.114858,1600,0
0.2,0.75,1,25000,0.135172,0.190741,0.135173,0.0865555,0.192041,0,0.146095,0.114224,1600,0
0.2,0.75,1,50000,0.139881,0.193236,0.13435,0.0890187,0.189017,0,0.141522,0.112975,1600,0
0.05,0.75,1,0,0.1249,0.125036,0.124977,0.124761,0.125157,0.125007,0.125258,0.124904,1600,0
0.05,0.75,1,1000,0.0820086,0.194748,0.0908918,0.148225,0.0944586,0.109242,0.0795668,0.20086,1600,0
0.05,0.75,1,2000,0.111567,0.194369,0.119611,0.124832,0.123779,0.0652937,0.100686,0.159862,1600,0
0.05,0.75,1,3000,0.123524,0.181379,0.125891,0.115939,0.140375,0.0501613,0.110023,0.152707,1600,0
0.05,0.75,1,5000,0.129509,0.184276,0.129563,0.111813,0.144137,0.0408281,0.117861,0.142013,1600,0
0.05,0.75,1,7000,0.132465,0.184687,0.132847,0.108102,0.152207,0.0344004,0.116457,0.138834,1600,0
0.05,0.75,1,10000,0.137845,0.183477,0.135518,0.111577,0.152619,0.0327039,0.115031,0.131229,1600,0
0.05,0.75,1,25000,0.143912,0.181179,0.141711,0.101855,0.15418,0.0200578,0.122588,0.134516,1600,0
0.05,0.75,1,50000,0.141622,0.184109,0.142858,0.0994348,0.168105,0.0144211,0.125752,0.123697,1600,0
0.05,0.75,1,0,0.125169,0.124835,0.125217,0.125004,0.12495,0.124883,0.124916,0.125027,1600,0
0.05,0.75,1,1000,0.081552,0.199864,0.0904926,0.153867,0.0977488,0.114515,0.0797621,0.182198,1600,0
0.05,0.75,1,2000,0.109423,0.193509,0.116213,0.128549,0.120602,0.0679805,0.102404,0.161319,1600,0
0.05,0.75,1,3000,0.115633,0.18644,0.128879,0.114362,0.132726,0.0558918,0.109821,0.156247,1600,0
0.05,0.75,1,5000,0.120044,0.184118,0.130922,0.114704,0.149556,0.0445199,0.117072,0.139064,1600,0
0.05,0.75,1,7000,0.128,0.184058,0.136334,0.103545,0.151496,0.0304559,0.122132,0.143979,1600,0
0.05,0.75,1,10000,0.135589,0.185345,0.131333,0.104476,0.153947,0.0292777,0.122417,0.137616,1600,0
0.05,0.75,1,25000,0.139068,0.187139,0.143287,0.101788,0.154767,0.0200207,0.121336,0.132594,1600,0
0.05,0.75,1,50000,0.141635,0.182735,0.138915,0.0991438,0.16152,0.0190453,0.127693,0.129314,1600,0
0.05,0.75,1,0,0.124796,0.124904,0.125032,0.125199,0.124979,0.125079,0.124945,0.125067,1600,0
0.05,0.75,1,1000,0.0838262,0.197162,0.0916855,0.150598,0.0958008,0.115027,0.0848172,0.181084,1600,0
0.05,0.75,1,2000,0.111356,0.191305,0.116345,0.128567,0.126816,0.0641785,0.10141,0.160024,1600,0
0.05,0.75,1,3000,0.114758,0.187522,0.123397,0.125127,0.132095,0.0580926,0.104176,0.154832,1600,0
0.05,0.75,1,5000,0.12698,0.184966,0.129498,0.111508,0.146396,0.0420801,0.115746,0.142825,1600,0
0.05,0.75,1,7000,0.130813,0.181848,0.134636,0.105482,0.148323,0.0364738,0.122122,0.140302,1600,0
0.05,0.75,1,10000,0.134862,0.189289,0.138813,0.104427,0.153594,0.0285219,0.117037,0.133455,1600,0
0.05,0.75,1,25000,0.140761,0.184228,0.143064,0.0985008,0.155913,0.0214195,0.126748,0.129367,1600,0
0.05,0.75,1,50000,0.141443,0.180616,0.138611,0.0990602,0.160427,0.0214512,0.121596,0.136796,1600,0
0.1,0.75,1,0,0.12474,0.125252,0.124845,0.124963,0.125048,0.124725,0.125137,0.125289,1600,0
0.1,0.75,1,1000,0.116115,0.196155,0.123788,0.11888,0.141289,0.0477602,0.11081,0.145203,1600,0
0.1,0.75,1,2000,0.133394,0.185749,0.139953,0.102502,0.166893,0.0235672,0.125965,0.121977,1600,0
0.1,0.75,1,3000,0.143812,0.180234,0.140487,0.097173,0.173415,0.0108848,0.136235,0.117759,1600,0
0.1,0.75,1,5000,0.143327,0.182489,0.142692,0.0879301,0.178107,0.00504102,0.139303,0.121111,1600,0
0.1,0.75,1,7000,0.144603,0.177676,0.14709,0.0898086,0.182888,0.00190117,0.14002,0.116014,1600,0
0.1,0.75,1,10000,0.151363,0.175007,0.147669,0.0875922,0.180296,0.00148398,0.141473,0.115117,1600,0
0.1,0.75,1,25000,0.147506,0.188794,0.147575,0.0918492,0.172304,0,0.139921,0.112052,1600,0
0.1,0.75,1,50000,0.14367,0.181183,0.14899,0.0911605,0.185602,0,0.139485,0.10991,1600,0
0.25,0.75,1,0,0.125257,0.1251,0.124668,0.125125,0.124841,0.125028,0.125015,0.124966,1600,0
0.25,0.75,1,1000,0.1047,0.2019,0.116995,0.108176,0.158456,0.0396188,0.127652,0.142504,1600,0
0.25,0.75,1,2000,0.114212,0.201096,0.121979,0.100771,0.183552,0.0164973,0.132861,0.129033,1600,0
0.25,0.75,1,3000,0.116585,0.19705,0.129981,0.0949246,0.187548,0.00958125,0.147191,0.117139,1600,0
0.25,0.75,1,5000,0.123337,0.198494,0.130425,0.0863348,0.198046,0.00233398,0.146801,0.114229,1600,0
0.25,0.75,1,7000,0.128942,0.197628,0.133462,0.0877086,0.189753,0.000851172,0.145025,0.11663,1600,0
0.25,0.75,1,10000,0.123219,0.198446,0.129141,0.0900512,0.192729,0.000206641,0.148781,0.117427,1600,0
0.25,0.75,1,25000,0.124893,0.198955,0.13062,0.0852992,0.199674,0,0.145857,0.114702,1600,0
0.25,0.75,1,50000,0.122661,0.199333,0.1296,0.0817668,0.198707,0,0.155844,0.112088,1600,0
0.1,0.75,1,0,0.124762,0.124812,0.12517,0.125218,0.125309,0.124401,0.125198,0.125129,1600,0
0.1,0.75,1,1000,0.115835,0.194902,0.121695,0.116898,0.136956,0.0516586,0.111367,0.150689,1600,0
0.1,0.75,1,2000,0.135266,0.192363,0.139341,0.100323,0.155066,0.0206508,0.125297,0.131693,1600,0
0.1,0.75,1,3000,0.142887,0.185102,0.145963,0.0897469,0.173889,0.0103855,0.132419,0.119607,1600,0
0.1,0.75,1,5000,0.144148,0.186984,0.146239,0.0893797,0.172632,0.00598125,0.141392,0.113243,1600,0
0.1,0.75,1,7000,0.145115,0.182449,0.146661,0.0881668,0.18075,0.00327852,0.13792,0.11566,1600,0
0.1,0.75,1,10000,0.142282,0.181427,0.150222,0.0883668,0.181052,0.000211328,0.139507,0.116932,1600,0
0.1,0.75,1,25000,0.152913,0.180656,0.149996,0.0907824,0.170057,0,0.140943,0.114652,1600,0
0.1,0.75,1,50000,0.147666,0.179308,0.154402,0.0872383,0.179934,0,0.139994,0.111458,1600,0
0.1,0.75,1,0,0.125177,0.125458,0.124847,0.124778,0.124947,0.124756,0.124891,0.125145,1600,0
0.1,0.75,1,1000,0.11396,0.18755,0.119743,0.116927,0.143876,0.0491664,0.114607,0.154172,1600,0
0.1,0.75,1,2000,0.130248,0.19259,0.136734,0.102882,0.162504,0.0235125,0.127045,0.124484,1600,0
0.1,0.75,1,3000,0.139991,0.177667,0.145391,0.0937297,0.165117,0.0107582,0.138419,0.128926,1600,0
0.1,0.75,1,5000,0.145979,0.18056,0.147363,0.0930566,0.176888,0.00366836,0.134084,0.118402,1600,0
0.1,0.75,1,7000,0.148027,0.176891,0.146211,0.089475,0.179879,0.00124375,0.141416,0.116857,1600,0
0.1,0.75,1,10000,0.151409,0.181386,0.14427,0.0908578,0.180931,0,0.141937,0.10921,1600,0
0.1,0.75,1,25000,0.149007,0.181991,0.146172,0.0900168,0.18547,0,0.136722,0.11062,1600,0
0.1,0.75,1,50000,0.144709,0.175911,0.14722,0.0881457,0.188609,0,0.138383,0.117023,1600,0
0.15,0.75,1,0,0.124861,0.124907,0.125034,0.125116,0.124873,0.125028,0.124901,0.125279,1600,0
0.15,0.75,1,1000,0.12502,0.188105,0.128589,0.106322,0.159554,0.0403109,0.119614,0.132485,1600,0
0.15,0.75,1,2000,0.133907,0.190494,0.131587,0.0976285,0.174576,0.0140391,0.132368,0.125402,1600,0
0.15,0.75,1,3000,0.132882,0.185877,0.135888,0.096068,0.17822,0.00695742,0.140528,0.12358,1600,0
0.15,0.75,1,5000,0.13472,0.185043,0.144411,0.090152,0.188108,0.00159766,0.143461,0.112509,1600,0
0.15,0.75,1,7000,0.141861,0.18173,0.144859,0.0882191,0.185682,0.000285156,0.138735,0.118629,1600,0
0.15,0.75,1,10000,0.142916,0.179427,0.147836,0.0874008,0.188045,0.000236719,0.147471,0.106667,1600,0
0.15,0.75,1,25000,0.139349,0.18851,0.145955,0.0866125,0.186685,0,0.139513,0.113376,1600,0
0.15,0.75,1,50000,0.142308,0.186262,0.144867,0.0913434,0.186474,0,0.135399,0.113347,1600,0
0.3,0.75,1,0,0.124806,0.124977,0.125307,0.124878,0.125023,0.124902,0.125093,0.125013,1600,0
0.3,0.75,1,1000,0.0929289,0.215445,0.106116,0.113166,0.15945,0.0481625,0.120783,0.143948,1600,0
0.3,0.75,1,2000,0.105431,0.213756,0.116845,0.0975379,0.185493,0.0162785,0.137637,0.12702,1600,0
0.3,0.75,1,3000,0.11352,0.210002,0.12159,0.0874184,0.188548,0.00580781,0.150179,0.122936,1600,0
0.3,0.75,1,5000,0.11562,0.206707,0.125507,0.0801004,0.204815,0.000964453,0.14937,0.116917,1600,0
0.3,0.75,1,7000,0.116272,0.207175,0.124409,0.0835137,0.205371,0.000346875,0.147486,0.115427,1600,0
0.3,0.75,1,10000,0.121374,0.201198,0.123209,0.079052,0.204393,0.000629688,0.154871,0.115274,1600,0
0.3,0.75,1,25000,0.115684,0.209729,0.123579,0.0786391,0.21659,0,0.144571,0.111208,1600,0
0.3,0.75,1,50000,0.112659,0.208139,0.125671,0.0763645,0.209245,0,0.15347,0.114451,1600,0
0.15,0.75,1,0,0.12494,0.125344,0.124886,0.125149,0.124971,0.124754,0.124976,0.12498,1600,0
0.15,0.75,1,1000,0.117612,0.192943,0.122394,0.107141,0.161988,0.0389758,0.123796,0.13515,1600,0
0.15,0.75,1,2000,0.139459,0.190592,0.134925,0.0943355,0.165597,0.0120633,0.137467,0.125561,1600,0
0.15,0.75,1,3000,0.140837,0.185625,0.139957,0.0962496,0.179194,0.00500586,0.139651,0.113481,1600,0
0.15,0.75,1,5000,0.139993,0.188379,0.13767,0.0879102,0.18574,0.000748047,0.147509,0.112052,1600,0
0.15,0.75,1,7000,0.140977,0.183454,0.14305,0.0918883,0.181448,0,0.146832,0.11235,1600,0
0.15,0.75,1,10000,0.138456,0.18392,0.146225,0.0886043,0.185312,0,0.143666,0.113817,1600,0
0.15,0.75,1,25000,0.145933,0.185508,0.144793,0.0919477,0.183154,0,0.138342,0.110323,1600,0
0.15,0.75,1,50000,0.139065,0.188373,0.144705,0.0848336,0.190926,0,0.143334,0.108763,1600,0
0.15,0.75,1,0,0.124946,0.12518,0.124948,0.124798,0.124726,0.125255,0.124989,0.125158,1600,0
0.15,0.75,1,1000,0.121146,0.193892,0.126216,0.110736,0.154625,0.0358539,0.122885,0.134646,1600,0
0.15,0.75,1,2000,0.129884,0.191525,0.136368,0.0976133,0.167321,0.0176078,0.134997,0.124683,1600,0
0.15,0.75,1,3000,0.140174,0.189206,0.137793,0.0964949,0.177658,0.00693086,0.138207,0.113536,1600,0
0.15,0.75,1,5000,0.144106,0.190228,0.14064,0.0817641,0.183928,0.00167227,0.144894,0.112768,1600,0
0.15,0.75,1,7000,0.139237,0.184329,0.143865,0.0890758,0.188429,1.32812e-05,0.140512,0.114539,1600,0
0.15,0.75,1,10000,0.136454,0.184066,0.138703,0.0838734,0.202179,0,0.146243,0.108481,1600,0
0.15,0.75,1,25000,0.145025,0.184607,0.143347,0.0839152,0.182122,0,0.145755,0.115229,1600,0
0.15,0.75,1,50000,0.146875,0.186421,0.142362,0.0873805,0.182399,0,0.1403,0.114263,1600,0
0.2,0.75,1,0,0.124738,0.125059,0.125101,0.125233,0.125093,0.125004,0.124918,0.124853,1600,0
0.2,0.75,1,1000,0.114704,0.196238,0.120098,0.105448,0.167879,0.0345551,0.125637,0.135441,1600,0
0.2,0.75,1,2000,0.130358,0.192929,0.137914,0.091984,0.172209,0.00950781,0.140595,0.124504,1600,0
0.2,0.75,1,3000,0.134305,0.191085,0.138358,0.0932191,0.185159,0.00377383,0.144765,0.109334,1600,0
0.2,0.75,1,5000,0.133636,0.191614,0.138492,0.0899906,0.192507,0.000610547,0.139365,0.113784,1600,0
0.2,0.75,1,7000,0.136014,0.186421,0.138775,0.0899066,0.191243,0,0.146696,0.110943,1600,0
0.2,0.75,1,10000,0.135062,0.193392,0.140553,0.0853051,0.18907,0,0.14753,0.109088,1600,0
0.2,0.75,1,25000,0.130941,0.189106,0.142379,0.0867316,0.187105,0,0.152433,0.111305,1600,0
0.2,0.75,1,50000,0.132228,0.188133,0.138738,0.0893902,0.190268,0,0.146881,0.114362,1600,0
0.2,0.75,1,0,0.124726,0.125413,0.125045,0.124867,0.124904,0.125134,0.125016,0.124894,1600,0
0.2,0.75,1,1000,0.116102,0.192707,0.121976,0.0995293,0.167098,0.0341113,0.129055,0.139422,1600,0
0.2,0.75,1,2000,0.12844,0.185205,0.135201,0.0895563,0.180416,0.01145,0.144474,0.125257,1600,0
0.2,0.75,1,3000,0.132107,0.189918,0.132025,0.0918066,0.192307,0.00380117,0.138801,0.119234,1600,0
0.2,0.75,1,5000,0.132644,0.192441,0.13691,0.0845043,0.196677,0.00132187,0.141693,0.113809,1600,0
0.2,0.75,1,7000,0.134117,0.19519,0.137218,0.0913742,0.189333,0,0.14778,0.104988,1600,0
0.2,0.75,1,10000,0.137284,0.196397,0.139875,0.0864086,0.181677,0,0.145024,0.113335,1600,0
0.2,0.75,1,25000,0.131973,0.194833,0.134387,0.0866914,0.19771,0,0.140396,0.114009,1600,0
0.2,0.75,1,50000,0.13283,0.18874,0.140166,0.0872133,0.191008,0,0.14399,0.116053,1600,0
0.2,0.75,1,0,0.125063,0.124727,0.1248,0.125173,0.125178,0.124854,0.125364,0.124841,1600,0
0.2,0.75,1,1000,0.117512,0.189792,0.123715,0.10548,0.162952,0.0358859,0.133341,0.131323,1600,0
0.2,0.75,1,2000,0.127178,0.193446,0.131828,0.090091,0.187054,0.0144406,0.137692,0.11827,1600,0
0.2,0.75,1,3000,0.13384,0.197578,0.133908,0.0864711,0.18274,0.00854023,0.139169,0.117754,1600,0
0.2,0.75,1,5000,0.126719,0.195715,0.13574,0.0878199,0.192377,0.00102773,0.142361,0.11824,1600,0
0.2,0.75,1,7000,0.141071,0.189943,0.137704,0.0826852,0.186707,3.82812e-05,0.147777,0.114075,1600,0
0.2,0.75,1,10000,0.132581,0.191357,0.136714,0.0858277,0.191659,0,0.147959,0.113902,1600,0
0.2,0.75,1,25000,0.140364,0.192152,0.137408,0.0879797,0.192738,0,0.139055,0.110304,1600,0
0.2,0.75,1,50000,0.134231,0.197364,0.140454,0.0876598,0.1819,0,0.145573,0.112817,1600,0
0.35,0.75,1,0,0.124885,0.125044,0.125118,0.125025,0.124594,0.125583,0.125049,0.124703,1600,0
0.35,0.75,1,1000,0.067459,0.230686,0.0812395,0.131932,0.131063,0.0813254,0.104232,0.172063,1600,0
0.35,0.75,1,2000,0.0735203,0.230906,0.0858961,0.126909,0.149211,0.0753285,0.105094,0.153136,1600,0
0.35,0.75,1,3000,0.081552,0.223828,0.0937082,0.108602,0.169622,0.0565746,0.122431,0.143682,1600,0
0.35,0.75,1,5000,0.0869457,0.225338,0.0993164,0.103848,0.180782,0.0369914,0.129077,0.1377,1600,0
0.35,0.75,1,7000,0.0924738,0.216355,0.108179,0.102117,0.185138,0.0321063,0.131186,0.132445,1600,0
0.35,0.75,1,10000,0.0915332,0.214855,0.111792,0.0931246,0.201335,0.01715,0.144166,0.126044,1600,0
0.35,0.75,1,25000,0.102811,0.223586,0.117641,0.0764937,0.20763,0,0.153923,0.117916,1600,0
0.35,0.75,1,50000,0.103284,0.217596,0.118748,0.0771441,0.210587,0,0.156015,0.116627,1600,0
0.25,0.75,1,0,0.124884,0.125082,0.124936,0.124881,0.12527,0.124949,0.125145,0.124853,1600,0
0.25,0.75,1,1000,0.104578,0.197315,0.117899,0.106957,0.161684,0.0396094,0.133431,0.138526,1600,0
0.25,0.75,1,2000,0.118386,0.203856,0.12146,0.0927547,0.188525,0.012602,0.139224,0.123193,1600,0
0.25,0.75,1,3000,0.121764,0.197537,0.129292,0.0874281,0.188508,0.00748203,0.142633,0.125356,1600,0
0.25,0.75,1,5000,0.126209,0.200781,0.12972,0.0865871,0.195062,0.00277891,0.144278,0.114585,1600,0
0.25,0.75,1,7000,0.123532,0.200484,0.127618,0.0865684,0.196835,0.000265234,0.148638,0.116059,1600,0
0.25,0.75,1,10000,0.124946,0.195847,0.134858,0.0864613,0.196513,0,0.147687,0.113687,1600,0
0.25,0.75,1,25000,0.125369,0.196405,0.139868,0.0803668,0.195258,0,0.149504,0.113229,1600,0
0.25,0.75,1,50000,0.125394,0.197825,0.131663,0.0846172,0.195179,0,0.151462,0.113861,1600,0
0.25,0.75,1,0,0.125238,0.124916,0.1251,0.12503,0.124966,0.125019,0.124717,0.125014,1600,0
0.25,0.75,1,1000,0.103657,0.206035,0.120218,0.101678,0.161056,0.0407758,0.124848,0.141734,1600,0
0.25,0.75,1,2000,0.115291,0.19954,0.126089,0.0913316,0.189362,0.0163727,0.139286,0.122727,1600,0
0.25,0.75,1,3000,0.124458,0.203935,0.130993,0.0872418,0.192529,0.00513477,0.137395,0.118314,1600,0
0.25,0.75,1,5000,0.124479,0.200029,0.130858,0.0837797,0.203902,0.000390234,0.146018,0.110545,1600,0
0.25,0.75,1,7000,0.124959,0.199343,0.128977,0.0881582,0.196969,0,0.151338,0.110257,1600,0
0.25,0.75,1,10000,0.131647,0.193189,0.131398,0.0925082,0.194591,0,0.147866,0.108801,1600,0
0.25,0.75,1,25000,0.127194,0.199942,0.134116,0.0846344,0.190432,0,0.147773,0.11591,1600,0
0.25,0.75,1,50000,0.126739,0.203916,0.12827,0.0866582,0.196308,0,0.146951,0.111157,1600,0
0.25,0.75,1,0,0.12539,0.124906,0.12493,0.125161,0.124808,0.125116,0.124793,0.124896,1600,0
0.25,0.75,1,1000,0.103816,0.194576,0.116255,0.106366,0.165119,0.0385855,0.132784,0.1425,1600,0
0.25,0.75,1,2000,0.109746,0.203065,0.120716,0.0982316,0.186734,0.0154152,0.141561,0.124531,1600,0
0.25,0.75,1,3000,0.120506,0.199316,0.132285,0.089473,0.185627,0.00841836,0.146189,0.118186,1600,0
0.25,0.75,1,5000,0.129199,0.198103,0.132353,0.0835453,0.19473,0.00146602,0.146751,0.113854,1600,0
0.25,0.75,1,7000,0.130355,0.198191,0.134561,0.0831859,0.196062,0.000298437,0.147488,0.109859,1600,0
0.25,0.75,1,10000,0.123656,0.203664,0.131786,0.0860355,0.198503,0,0.144777,0.111579,1600,0
0.25,0.75,1,25000,0.12495,0.207724,0.132082,0.0852406,0.189168,0,0.147194,0.113643,1600,0
0.25,0.75,1,50000,0.127504,0.198677,0.129514,0.0843156,0.200221,0,0.148361,0.111409,1600,0
0.4,0.75,1,0,0.125212,0.124955,0.124628,0.124982,0.124943,0.12492,0.125136,0.125224,1600,0
0.4,0.75,1,1000,0.028441,0.251881,0.0430285,0.180282,0.0790641,0.152051,0.0600516,0.2052,1600,0
0.4,0.75,1,2000,0.0173988,0.245289,0.0236027,0.216727,0.0366105,0.200601,0.0313598,0.228412,1600,0
0.4,0.75,1,3000,0.00527656,0.252009,0.0098043,0.234157,0.0173164,0.230054,0.012318,0.239065,1600,0
0.4,0.75,1,5000,0.0020293,0.245558,0.00344336,0.250159,0.00722031,0.247119,0.00463164,0.239839,1600,0
0.4,0.75,1,7000,0.000655859,0.248354,0.00125352,0.247493,0.00229883,0.247804,0.00182578,0.250314,1600,0
0.4,0.75,1,10000,0,0.249482,0,0.254713,0,0.245609,0,0.250196,1600,0
0.4,0.75,1,25000,0,0.249218,0,0.249738,0,0.251951,0,0.249093,1600,0
0.4,0.75,1,50000,0,0.248632,0,0.248841,0,0.249505,0,0.253022,1600,0
0.3,0.75,1,0,0.124695,0.125138,0.125257,0.125046,0.12511,0.125039,0.124596,0.12512,1600,0
0.3,0.75,1,1000,0.0938988,0.20918,0.114831,0.104954,0.161273,0.0476789,0.122918,0.145266,1600,0
0.3,0.75,1,2000,0.10746,0.208366,0.114065,0.102172,0.184922,0.0178434,0.140064,0.125107,1600,0
0.3,0.75,1,3000,0.117472,0.198151,0.127592,0.0891465,0.18614,0.0113219,0.148405,0.121772,1600,0
0.3,0.75,1,5000,0.113157,0.209269,0.125019,0.0825867,0.207169,0.00281016,0.143023,0.116966,1600,0
0.3,0.75,1,7000,0.115266,0.208168,0.12585,0.0836563,0.198139,0.000714453,0.152641,0.115565,1600,0
0.3,0.75,1,10000,0.114853,0.208507,0.120718,0.0785512,0.205544,2.61719e-05,0.152696,0.119105,1600,0
0.3,0.75,1,25000,0.117283,0.205834,0.129523,0.0859633,0.192055,0,0.152416,0.116926,1600,0
0.3,0.75,1,50000,0.115688,0.209756,0.129271,0.0791531,0.200017,0,0.153879,0.112236,1600,0
0,0.75,1,0,0.124876,0.125166,0.125493,0.124799,0.125134,0.12491,0.124743,0.124879,1600,0
0,0.75,1,1000,0.00242109,0.395771,0.00622656,0.218408,0.0645484,0.0808984,0.022098,0.209628,1600,700
0,0.75,1,2000,0.00242109,0.395771,0.00622656,0.218408,0.0645484,0.0808984,0.022098,0.209628,1600,700
0,0.75,1,3000,0.00242109,0.395771,0.00622656,0.218408,0.0645484,0.0808984,0.022098,0.209628,1600,700
0,0.75,1,5000,0.00242109,0.395771,0.00622656,0.218408,0.0645484,0.0808984,0.022098,0.209628,1600,700
0,0.75,1,7000,0.00242109,0.395771,0.00622656,0.218408,0.0645484,0.0808984,0.022098,0.209628,1600,700
0,0.75,1,10000,0.00242109,0.395771,0.00622656,0.218408,0.0645484,0.0808984,0.022098,0.209628,1600,700
0,0.75,1,25000,0.00242109,0.395771,0.00622656,0.218408,0.0645484,0.0808984,0.022098,0.209628,1600,700
0,0.75,1,50000,0.00242109,0.395771,0.00622656,0.218408,0.0645484,0.0808984,0.022098,0.209628,1600,700
0.3,0.75,1,0,0.125017,0.124901,0.124718,0.125145,0.12526,0.12508,0.12502,0.124858,1600,0
0.3,0.75,1,1000,0.0850484,0.217508,0.104288,0.116003,0.152329,0.0524543,0.118384,0.153985,1600,0
0.3,0.75,1,2000,0.103335,0.207245,0.112749,0.100559,0.186766,0.0222531,0.13681,0.130284,1600,0
0.3,0.75,1,3000,0.110768,0.214261,0.122762,0.0909402,0.186379,0.0109816,0.138598,0.12531,1600,0
0.3,0.75,1,5000,0.109473,0.206986,0.124959,0.0818023,0.206643,0.00236211,0.150585,0.117189,1600,0
0.3,0.75,1,7000,0.114853,0.213936,0.12992,0.0792602,0.201104,0.000585937,0.144485,0.115857,1600,0
0.3,0.75,1,10000,0.116699,0.201759,0.127487,0.0819406,0.210188,0,0.148412,0.113514,1600,0
0.3,0.75,1,25000,0.111258,0.207871,0.127517,0.0774672,0.209561,0,0.152748,0.113577,1600,0
0.3,0.75,1,50000,0.113139,0.204524,0.128258,0.0852164,0.211648,0,0.144955,0.11226,1600,0
0.3,0.75,1,0,0.124823,0.125186,0.124887,0.12481,0.125072,0.125434,0.12492,0.124869,1600,0
0.3,0.75,1,1000,0.0916344,0.21448,0.107834,0.110458,0.162307,0.0499871,0.117479,0.145821,1600,0
0.3,0.75,1,2000,0.100637,0.20467,0.116233,0.0966617,0.183962,0.0243645,0.138046,0.135427,1600,0
0.3,0.75,1,3000,0.107002,0.206963,0.12098,0.0903523,0.200756,0.0131746,0.138572,0.122199,1600,0
0.3,0.75,1,5000,0.114298,0.207599,0.122523,0.0836914,0.199615,0.00293672,0.151659,0.117676,1600,0
0.3,0.75,1,7000,0.110596,0.206832,0.124245,0.0797348,0.202667,0.00169023,0.152957,0.121278,1600,0
0.3,0.75,1,10000,0.113992,0.20472,0.124988,0.0865937,0.199084,0.00129141,0.147986,0.121346,1600,0
0.3,0.75,1,25000,0.112928,0.209109,0.123045,0.0853574,0.20315,0,0.148389,0.118022,1600,0
0.3,0.75,1,50000,0.115426,0.201486,0.124197,0.0854539,0.208383,0,0.146752,0.118302,1600,0
0.35,0.75,1,0,0.124914,0.125025,0.124704,0.1253,0.12509,0.125339,0.124735,0.124893,1600,0
0.35,0.75,1,1000,0.0715578,0.225354,0.0900824,0.126552,0.141527,0.0765391,0.105218,0.16317,1600,0
0.35,0.75,1,2000,0.076591,0.228394,0.0895199,0.121671,0.151566,0.0624191,0.115202,0.154636,1600,0
0.35,0.75,1,3000,0.080691,0.228381,0.0943937,0.111798,0.1666,0.0481934,0.123063,0.14688,1600,0
0.35,0.75,1,5000,0.0896344,0.225513,0.103973,0.0969434,0.18182,0.0253875,0.143871,0.132858,1600,0
0.35,0.75,1,7000,0.0960258,0.216838,0.110718,0.0907191,0.197823,0.0169484,0.140667,0.130261,1600,0
0.35,0.75,1,10000,0.0970559,0.224564,0.1095,0.0806172,0.205007,0.0140133,0.146318,0.122926,1600,0
0.35,0.75,1,25000,0.098148,0.221693,0.11691,0.082732,0.196069,0.00409141,0.155471,0.124886,1600,0
0.35,0.75,1,50000,0.104736,0.22104,0.118167,0.0743996,0.213648,0,0.149404,0.118605,1600,0
0.05,0.75,1,0,0.124875,0.125254,0.124864,0.1247,0.124932,0.12506,0.125352,0.124963,1600,0
0.05,0.75,1,1000,0.0863234,0.194529,0.0885137,0.15342,0.0972066,0.11769,0.0803898,0.181927,1600,0
0.05,0.75,1,2000,0.107775,0.189741,0.119089,0.127662,0.130438,0.0666586,0.100973,0.157663,1600,0
0.05,0.75,1,3000,0.123579,0.193879,0.130051,0.120096,0.132869,0.0508008,0.108752,0.139974,1600,0
0.05,0.75,1,5000,0.132372,0.191755,0.129669,0.11355,0.141848,0.03885,0.110012,0.141944,1600,0
0.05,0.75,1,7000,0.127055,0.193034,0.13175,0.109521,0.142049,0.0373664,0.11259,0.146634,1600,0
0.05,0.75,1,10000,0.12984,0.188183,0.135504,0.10631,0.148475,0.0310937,0.120989,0.139604,1600,0
0.05,0.75,1,25000,0.137011,0.178025,0.145202,0.104193,0.163692,0.0184434,0.12518,0.128254,1600,0
0.05,0.75,1,50000,0.137925,0.191459,0.140559,0.0980285,0.162878,0.0220367,0.123688,0.123426,1600,0
0.35,0.75,1,0,0.125418,0.124682,0.125554,0.124859,0.125353,0.124558,0.125088,0.124488,1600,0
0.35,0.75,1,1000,0.0639832,0.233143,0.081707,0.140426,0.128076,0.0906777,0.100005,0.161983,1600,0
0.35,0.75,1,2000,0.0736762,0.227258,0.0848816,0.13195,0.137042,0.0751539,0.106654,0.163384,1600,0
0.35,0.75,1,3000,0.0738895,0.225244,0.0860945,0.125745,0.15016,0.0695039,0.11146,0.157903,1600,0
0.35,0.75,1,5000,0.0764434,0.223043,0.0934051,0.116435,0.16416,0.0545785,0.121961,0.149974,1600,0
0.35,0.75,1,7000,0.0810008,0.224759,0.0956957,0.112064,0.169801,0.0529871,0.119013,0.144679,1600,0
0.35,0.75,1,10000,0.0847961,0.221752,0.0943148,0.101062,0.185107,0.0437844,0.12333,0.145852,1600,0
0.35,0.75,1,25000,0.0852453,0.224803,0.10067,0.095993,0.188846,0.0294398,0.136653,0.138351,1600,0
0.35,0.75,1,50000,0.096809,0.217722,0.105182,0.0968574,0.195083,0.0231613,0.135449,0.129736,1600,0
0.35,0.75,1,0,0.125238,0.125096,0.124863,0.12534,0.124953,0.124913,0.124923,0.124674,1600,0
0.35,0.75,1,1000,0.067743,0.225981,0.0840785,0.131966,0.131218,0.0801703,0.101472,0.177371,1600,0
0.35,0.75,1,2000,0.0737043,0.219775,0.0897598,0.125112,0.139602,0.0767746,0.106046,0.169226,1600,0
0.35,0.75,1,3000,0.0807789,0.218096,0.0965551,0.125866,0.143496,0.0668137,0.114284,0.15411,1600,0
0.35,0.75,1,5000,0.0777852,0.229336,0.092107,0.112505,0.164471,0.0541492,0.122502,0.147145,1600,0
0.35,0.75,1,7000,0.083648,0.222982,0.0937898,0.109031,0.167178,0.0456664,0.128832,0.148873,1600,0
0.35,0.75,1,10000,0.083032,0.222459,0.0990121,0.110021,0.17078,0.0454363,0.123128,0.146132,1600,0
0.35,0.75,1,25000,0.0875926,0.225264,0.103923,0.0995625,0.180561,0.0266273,0.137285,0.139185,1600,0
0.35,0.75,1,50000,0.0960758,0.214856,0.112725,0.0924461,0.189011,0.0182172,0.145148,0.13152,1600,0
0.4,0.75,1,0,0.124551,0.125036,0.125176,0.124707,0.124955,0.125221,0.125177,0.125177,1600,0
0.4,0.75,1,1000,0.0328906,0.249181,0.0500156,0.172621,0.0894242,0.138548,0.066327,0.200991,1600,0
0.4,0.75,1,2000,0.0150504,0.251495,0.0226063,0.211186,0.0413934,0.197696,0.0314703,0.229102,1600,0
0.4,0.75,1,3000,0.00451875,0.2498,0.00704414,0.236413,0.011766,0.23371,0.0106633,0.246085,1600,0
0.4,0.75,1,5000,0.00019375,0.251071,0.000394922,0.246171,0.000928125,0.249823,0.000926562,0.250492,1600,0
0.4,0.75,1,7000,0,0.252489,0,0.247224,0,0.249753,0,0.250534,1600,0
0.4,0.75,1,10000,0,0.250136,0,0.251715,0,0.247198,0,0.250951,1600,0
0.4,0.75,1,25000,0,0.250767,0,0.248152,0,0.248555,0,0.252527,1600,0
0.4,0.75,1,50000,0,0.249531,0,0.253463,0,0.247884,0,0.249121,1600,0
0,0.75,1,0,0.124951,0.125252,0.124658,0.124883,0.125045,0.125264,0.125076,0.124871,1600,0
0,0.75,1,1000,0.00229023,0.391277,0.00612305,0.22153,0.0622852,0.0824883,0.0224766,0.21153,1600,620
0,0.75,1,2000,0.00229023,0.391277,0.00612305,0.22153,0.0622852,0.0824883,0.0224766,0.21153,1600,620
0,0.75,1,3000,0.00229023,0.391277,0.00612305,0.22153,0.0622852,0.0824883,0.0224766,0.21153,1600,620
0,0.75,1,5000,0.00229023,0.391277,0.00612305,0.22153,0.0622852,0.0824883,0.0224766,0.21153,1600,620
0,0.75,1,7000,0.00229023,0.391277,0.00612305,0.22153,0.0622852,0.0824883,0.0224766,0.21153,1600,620
0,0.75,1,10000,0.00229023,0.391277,0.00612305,0.22153,0.0622852,0.0824883,0.0224766,0.21153,1600,620
0,0.75,1,25000,0.00229023,0.391277,0.00612305,0.22153,0.0622852,0.0824883,0.0224766,0.21153,1600,620
0,0.75,1,50000,0.00229023,0.391277,0.00612305,0.22153,0.0622852,0.0824883,0.0224766,0.21153,1600,620
0.1,0.75,1,0,0.124796,0.12501,0.125033,0.125205,0.124556,0.125228,0.125232,0.12494,1600,0
0.1,0.75,1,1000,0.113515,0.194142,0.118516,0.118061,0.15072,0.0497293,0.110614,0.144704,1600,0
0.1,0.75,1,2000,0.132699,0.188394,0.136855,0.103166,0.155945,0.0210223,0.129217,0.132701,1600,0
0.1,0.75,1,3000,0.136043,0.182959,0.139655,0.100895,0.17075,0.013743,0.132781,0.123173,1600,0
0.1,0.75,1,5000,0.14703,0.179865,0.143022,0.0956094,0.177401,0.00461914,0.132885,0.119568,1600,0
0.1,0.75,1,7000,0.150359,0.182976,0.149361,0.0872383,0.175654,0.00209336,0.134568,0.117752,1600,0
0.1,0.75,1,10000,0.144818,0.184199,0.145928,0.0880809,0.185818,0.000625,0.138762,0.11177,1600,0
0.1,0.75,1,25000,0.14885,0.183674,0.1474,0.0868164,0.179374,0,0.142277,0.111608,1600,0
0.1,0.75,1,50000,0.144403,0.181857,0.14938,0.0877418,0.186858,0,0.136808,0.112953,1600,0
0.4,0.75,1,0,0.124694,0.125082,0.12487,0.124618,0.125055,0.125316,0.12493,0.125433,1600,0
0.4,0.75,1,1000,0.0396969,0.241243,0.0525129,0.167857,0.0947285,0.137186,0.0704406,0.196336,1600,0
0.4,0.75,1,2000,0.0234273,0.254258,0.0272773,0.205644,0.0504586,0.181801,0.0383668,0.218766,1600,0
0.4,0.75,1,3000,0.00971055,0.254165,0.015634,0.226092,0.0235621,0.216297,0.019259,0.23528,1600,0
0.4,0.75,1,5000,0.00100703,0.248536,0.000925781,0.25203,0.00248047,0.247571,0.00152539,0.245924,1600,0
0.4,0.75,1,7000,0,0.244618,0,0.251281,0,0.251261,0,0.25284,1600,0
0.4,0.75,1,10000,0,0.247734,0,0.254378,0,0.248328,0,0.249561,1600,0
0.4,0.75,1,25000,0,0.251401,0,0.24517,0,0.247386,0,0.256043,1600,0
0.4,0.75,1,50000,0,0.247147,0,0.250808,0,0.250928,0,0.251118,1600,0
0,0.75,1,0,0.125121,0.125202,0.124888,0.124655,0.124858,0.125361,0.124974,0.12494,1600,0
0,0.75,1,1000,0.00220937,0.394723,0.00647695,0.21792,0.0639645,0.083982,0.0225109,0.208214,1600,680
0,0.75,1,2000,0.00220937,0.394723,0.00647695,0.21792,0.0639645,0.083982,0.0225109,0.208214,1600,680
0,0.75,1,3000,0.00220937,0.394723,0.00647695,0.21792,0.0639645,0.083982,0.0225109,0.208214,1600,680
0,0.75,1,5000,0.00220937,0.394723,0.00647695,0.21792,0.0639645,0.083982,0.0225109,0.208214,1600,680
0,0.75,1,7000,0.00220937,0.394723,0.00647695,0.21792,0.0639645,0.083982,0.0225109,0.208214,1600,680
0,0.75,1,10000,0.00220937,0.394723,0.00647695,0.21792,0.0639645,0.083982,0.0225109,0.208214,1600,680
0,0.75,1,25000,0.00220937,0.394723,0.00647695,0.21792,0.0639645,0.083982,0.0225109,0.208214,1600,680
0,0.75,1,50000,0.00220937,0.394723,0.00647695,0.21792,0.0639645,0.083982,0.0225109,0.208214,1600,680
0.4,0.75,1,0,0.124591,0.125337,0.124407,0.124952,0.124944,0.125345,0.125314,0.12511,1600,0
0.4,0.75,1,1000,0.0345969,0.248353,0.0424812,0.180906,0.076443,0.15775,0.0601566,0.199313,1600,0
0.4,0.75,1,2000,0.0150457,0.250948,0.0201152,0.214247,0.0365855,0.203386,0.0285625,0.23111,1600,0
0.4,0.75,1,3000,0.00389336,0.252438,0.00488398,0.240898,0.0102523,0.237958,0.00926211,0.240414,1600,0
0.4,0.75,1,5000,0,0.251404,0,0.248703,9.76563e-06,0.251728,4.14063e-05,0.248113,1600,0
0.4,0.75,1,7000,0,0.246426,0,0.251351,0,0.249154,0,0.253069,1600,0
0.4,0.75,1,10000,0,0.247346,0,0.251786,0,0.249561,0,0.251307,1600,0
0.4,0.75,1,25000,0,0.251705,0,0.248188,0,0.248547,0,0.25156,1600,0
0.4,0.75,1,50000,0,0.249362,0,0.250496,0,0.253664,0,0.246478,1600,0
0,0.75,1,0,0.12488,0.124982,0.125007,0.124853,0.12543,0.125011,0.125138,0.124699,1600,0
0,0.75,1,1000,0.00233555,0.3949,0.00615859,0.217254,0.0641539,0.0811082,0.0229332,0.211157,1600,540
0,0.75,1,2000,0.00233555,0.3949,0.00615859,0.217254,0.0641539,0.0811082,0.0229332,0.211157,1600,540
0,0.75,1,3000,0.00233555,0.3949,0.00615859,0.217254,0.0641539,0.0811082,0.0229332,0.211157,1600,540
0,0.75,1,5000,0.00233555,0.3949,0.00615859,0.217254,0.0641539,0.0811082,0.0229332,0.211157,1600,540
0,0.75,1,7000,0.00233555,0.3949,0.00615859,0.217254,0.0641539,0.0811082,0.0229332,0.211157,1600,540
0,0.75,1,10000,0.00233555,0.3949,0.00615859,0.217254,0.0641539,0.0811082,0.0229332,0.211157,1600,540
0,0.75,1,25000,0.00233555,0.3949,0.00615859,0.217254,0.0641539,0.0811082,0.0229332,0.211157,1600,540
0,0.75,1,50000,0.00233555,0.3949,0.00615859,0.217254,0.0641539,0.0811082,0.0229332,0.211157,1600,540
0.05,0.75,1,0,0.124729,0.125271,0.125003,0.124839,0.125089,0.124862,0.125002,0.125204,1600,0
0.05,0.75,1,1000,0.08165,0.195611,0.0889105,0.141104,0.0938543,0.122436,0.0811438,0.19529,1600,0
0.05,0.75,1,2000,0.110359,0.192353,0.114592,0.126338,0.12495,0.0688418,0.102028,0.160538,1600,0
0.05,0.75,1,3000,0.122319,0.184694,0.127741,0.117977,0.143241,0.0480402,0.108915,0.147071,1600,0
0.05,0.75,1,5000,0.132346,0.187827,0.13558,0.106716,0.146241,0.0354742,0.116982,0.138832,1600,0
0.05,0.75,1,7000,0.133562,0.183346,0.136906,0.106218,0.154125,0.032268,0.122387,0.131188,1600,0
0.05,0.75,1,10000,0.136761,0.178161,0.132665,0.106057,0.155622,0.0296875,0.122971,0.138075,1600,0
0.05,0.75,1,25000,0.136634,0.183423,0.144032,0.101778,0.162855,0.0220324,0.123833,0.125413,1600,0
0.05,0.75,1,50000,0.14172,0.18457,0.14649,0.10447,0.160464,0.0174402,0.121594,0.123252,1600,0
0.05,0.75,1,0,0.125408,0.124693,0.124902,0.12519,0.125211,0.124859,0.12474,0.124997,1600,0
0.05,0.75,1,1000,0.0808016,0.206817,0.0906781,0.151044,0.0932855,0.11942,0.0724367,0.185517,1600,0
0.05,0.75,1,2000,0.107739,0.196371,0.11903,0.127331,0.119702,0.0690793,0.0993727,0.161375,1600,0
0.05,0.75,1,3000,0.118451,0.188495,0.123143,0.124686,0.137541,0.0568156,0.108693,0.142176,1600,0
0.05,0.75,1,5000,0.124185,0.187077,0.132471,0.112077,0.145845,0.0441793,0.114307,0.139857,1600,0
0.05,0.75,1,7000,0.124553,0.191209,0.128761,0.118197,0.140675,0.0406617,0.113178,0.142766,1600,0
0.05,0.75,1,10000,0.136977,0.182658,0.142396,0.106231,0.151549,0.0306887,0.117096,0.132404,1600,0
0.05,0.75,1,25000,0.133166,0.185326,0.142658,0.104069,0.153439,0.0276605,0.118726,0.134956,1600,0
0.05,0.75,1,50000,0.140566,0.179802,0.146365,0.100279,0.158783,0.0198398,0.121489,0.132877,1600,0
0.05,0.75,1,0,0.124997,0.124387,0.125011,0.125265,0.125323,0.124918,0.124861,0.125236,1600,0
0.05,0.75,1,1000,0.0848883,0.192566,0.0906523,0.147521,0.0970543,0.116791,0.0805977,0.189929,1600,0
0.05,0.75,1,2000,0.107657,0.193842,0.112908,0.125395,0.127665,0.0721875,0.100672,0.159674,1600,0
0.05,0.75,1,3000,0.116175,0.192908,0.123223,0.121873,0.130542,0.0600633,0.103664,0.151552,1600,0
0.05,0.75,1,5000,0.123638,0.187493,0.132791,0.112077,0.143831,0.0432383,0.117011,0.139923,1600,0
0.05,0.75,1,7000,0.127571,0.188721,0.134823,0.112116,0.144993,0.041332,0.110194,0.140248,1600,0
0.05,0.75,1,10000,0.135539,0.180547,0.137337,0.107976,0.149404,0.033132,0.117313,0.138753,1600,0
0.05,0.75,1,25000,0.139305,0.183356,0.13775,0.10192,0.1552,0.0252281,0.122325,0.134916,1600,0
0.05,0.75,1,50000,0.1386,0.187957,0.141896,0.0987262,0.156342,0.0247086,0.119167,0.132604,1600,0
0.15,0.75,1,0,0.125004,0.124998,0.12464,0.125063,0.124825,0.125017,0.125109,0.125345,1600,0
0.15,0.75,1,1000,0.117776,0.192542,0.133003,0.104403,0.155629,0.0330926,0.126284,0.13727,1600,0
0.15,0.75,1,2000,0.133463,0.187888,0.139322,0.0971305,0.176685,0.0134801,0.127679,0.124352,1600,0
0.15,0.75,1,3000,0.137854,0.191573,0.139056,0.093859,0.172965,0.00511133,0.13712,0.122462,1600,0
0.15,0.75,1,5000,0.135984,0.18129,0.145472,0.0852258,0.194675,0.00139062,0.145872,0.110089,1600,0
0.15,0.75,1,7000,0.141102,0.186707,0.137246,0.0864266,0.188634,0.000677344,0.145028,0.114179,1600,0
0.15,0.75,1,10000,0.136979,0.189148,0.139004,0.0869961,0.187111,0.000552734,0.145728,0.114481,1600,0
0.15,0.75,1,25000,0.140234,0.188912,0.141436,0.0875812,0.183976,0,0.145259,0.112602,1600,0
0.15,0.75,1,50000,0.146709,0.185763,0.134329,0.0862074,0.188989,0,0.144102,0.1139,1600,0
0.1,0.75,1,0,0.124961,0.124949,0.124833,0.124945,0.125138,0.124832,0.125195,0.125149,1600,0
0.1,0.75,1,1000,0.116241,0.196481,0.119948,0.117313,0.136605,0.0531195,0.108756,0.151536,1600,0
0.1,0.75,1,2000,0.138616,0.1831,0.135921,0.104094,0.156395,0.026273,0.123755,0.131845,1600,0
0.1,0.75,1,3000,0.139333,0.185128,0.141998,0.0967379,0.169105,0.0153176,0.131642,0.120739,1600,0
0.1,0.75,1,5000,0.146328,0.187951,0.143282,0.0950418,0.173499,0.00591758,0.133656,0.114324,1600,0
0.1,0.75,1,7000,0.150904,0.183535,0.148198,0.0852938,0.176086,0.00248906,0.14327,0.110223,1600,0
0.1,0.75,1,10000,0.146151,0.182244,0.149416,0.0944598,0.179509,0.000875,0.134556,0.11279,1600,0
0.1,0.75,1,25000,0.14834,0.182523,0.147131,0.0937645,0.18032,0,0.138582,0.109339,1600,0
0.1,0.75,1,50000,0.149287,0.177484,0.149699,0.0847527,0.186916,0,0.137608,0.114254,1600,0
0.1,0.75,1,0,0.125146,0.124784,0.124851,0.124717,0.125034,0.125015,0.125418,0.125034,1600,0
0.1,0.75,1,1000,0.116161,0.191739,0.128299,0.115564,0.144445,0.0452414,0.113186,0.145366,1600,0
0.1,0.75,1,2000,0.130981,0.182683,0.131255,0.0998965,0.167103,0.0256949,0.129215,0.133172,1600,0
0.1,0.75,1,3000,0.139821,0.187545,0.142692,0.0987187,0.172906,0.0117301,0.128057,0.118531,1600,0
0.1,0.75,1,5000,0.145714,0.183691,0.144855,0.0909477,0.177145,0.00474375,0.13504,0.117863,1600,0
0.1,0.75,1,7000,0.145475,0.186231,0.145672,0.0918945,0.181438,0.00409414,0.131461,0.113735,1600,0
0.1,0.75,1,10000,0.149835,0.181853,0.14089,0.0892344,0.182492,0.000736719,0.141752,0.113207,1600,0
0.1,0.75,1,25000,0.144679,0.187984,0.141695,0.0893965,0.183998,0,0.140561,0.111686,1600,0
0.1,0.75,1,50000,0.143848,0.177045,0.149073,0.0894883,0.188225,0,0.136771,0.11555,1600,0
0.1,0.75,1,0,0.124924,0.125305,0.124877,0.125218,0.125139,0.124926,0.124717,0.124895,1600,0
0.1,0.75,1,1000,0.113667,0.196535,0.123625,0.116016,0.138002,0.051323,0.110518,0.150314,1600,0
0.1,0.75,1,2000,0.129623,0.182911,0.13796,0.100307,0.158486,0.0242879,0.136348,0.130079,1600,0
0.1,0.75,1,3000,0.143878,0.183352,0.144666,0.0954168,0.167801,0.0111168,0.130804,0.122965,1600,0
0.1,0.75,1,5000,0.14693,0.189584,0.147284,0.091723,0.171438,0.00490859,0.134523,0.113609,1600,0
0.1,0.75,1,7000,0.146811,0.181491,0.144316,0.0908227,0.175697,0.000295313,0.140105,0.120462,1600,0
0.1,0.75,1,10000,0.144516,0.179004,0.146577,0.0898707,0.180907,6.79687e-05,0.142241,0.116816,1600,0
0.1,0.75,1,25000,0.146702,0.186689,0.148751,0.0880016,0.182446,0,0.137788,0.109622,1600,0
0.1,0.75,1,50000,0.14572,0.179296,0.146871,0.0934156,0.179816,0,0.138367,0.116514,1600,0
0.15,0.75,1,0,0.124799,0.124895,0.125139,0.12488,0.124932,0.125277,0.125167,0.124911,1600,0
0.15,0.75,1,1000,0.119543,0.191815,0.125473,0.110963,0.158275,0.0340801,0.126291,0.13356,1600,0
0.15,0.75,1,2000,0.134348,0.192554,0.135838,0.0939418,0.174509,0.013523,0.137564,0.117722,1600,0
0.15,0.75,1,3000,0.135532,0.184597,0.139051,0.0861695,0.190066,0.00534023,0.143468,0.115776,1600,0
0.15,0.75,1,5000,0.137254,0.182935,0.144345,0.0905582,0.18358,0.00124805,0.143318,0.116761,1600,0
0.15,0.75,1,7000,0.142874,0.187817,0.143505,0.0892148,0.180679,0.000759766,0.143614,0.111537,1600,0
0.15,0.75,1,10000,0.143093,0.187061,0.14242,0.0904848,0.193606,0.000353125,0.134435,0.108546,1600,0
0.15,0.75,1,25000,0.144799,0.184948,0.145171,0.0831734,0.188804,0,0.13793,0.115173,1600,0
0.15,0.75,1,50000,0.138648,0.19092,0.146904,0.0870488,0.181762,0,0.140709,0.114008,1600,0
0.2,0.75,1,0,0.125012,0.125083,0.125261,0.124786,0.125344,0.124697,0.125138,0.12468,1600,0
0.2,0.75,1,1000,0.115598,0.19504,0.125149,0.106339,0.164682,0.0308949,0.126733,0.135565,1600,0
0.2,0.75,1,2000,0.131161,0.188384,0.135849,0.094752,0.183766,0.0103926,0.134342,0.121353,1600,0
0.2,0.75,1,3000,0.138846,0.189126,0.13258,0.083141,0.186442,0.00559063,0.147284,0.11699,1600,0
0.2,0.75,1,5000,0.133013,0.187801,0.139477,0.0822598,0.198364,0.00106523,0.148009,0.110011,1600,0
0.2,0.75,1,7000,0.137224,0.19011,0.142622,0.0886223,0.185922,0.000620312,0.14581,0.10907,1600,0
0.2,0.75,1,10000,0.132473,0.187985,0.142634,0.0879105,0.193298,0.000425781,0.147235,0.108039,1600,0
0.2,0.75,1,25000,0.136814,0.190648,0.142651,0.0843961,0.18358,0,0.154225,0.107686,1600,0
0.2,0.75,1,50000,0.135809,0.194726,0.136816,0.087125,0.184289,0,0.146168,0.115068,1600,0
0.15,0.75,1,0,0.125441,0.124825,0.124995,0.124922,0.125016,0.124923,0.124924,0.124954,1600,0
0.15,0.75,1,1000,0.117572,0.194359,0.124087,0.109435,0.148707,0.0369145,0.121718,0.147208,1600,0
0.15,0.75,1,2000,0.130552,0.190638,0.133771,0.0982727,0.16707,0.0155141,0.134471,0.129711,1600,0
0.15,0.75,1,3000,0.136773,0.188282,0.14086,0.0973527,0.17095,0.00832773,0.140796,0.116659,1600,0
0.15,0.75,1,5000,0.141325,0.185676,0.143029,0.092277,0.177191,0.00171992,0.142276,0.116506,1600,0
0.15,0.75,1,7000,0.141863,0.190267,0.141676,0.0860117,0.18208,0.000530469,0.147403,0.110168,1600,0
0.15,0.75,1,10000,0.146116,0.185019,0.141257,0.0897848,0.186804,0,0.13703,0.113989,1600,0
0.15,0.75,1,25000,0.141068,0.189846,0.140768,0.0866004,0.184718,0,0.14325,0.113749,1600,0
0.15,0.75,1,50000,0.145371,0.190365,0.144124,0.0868449,0.180842,0,0.139379,0.113073,1600,0
0.15,0.75,1,0,0.125057,0.124917,0.12487,0.125061,0.124998,0.125203,0.124762,0.125132,1600,0
0.15,0.75,1,1000,0.122868,0.193323,0.125966,0.110777,0.144341,0.0350422,0.129672,0.138011,1600,0
0.15,0.75,1,2000,0.135805,0.190168,0.135142,0.0975484,0.176113,0.0130305,0.134427,0.117766,1600,0
0.15,0.75,1,3000,0.136707,0.187001,0.134157,0.090127,0.187662,0.00398164,0.142348,0.118015,1600,0
0.15,0.75,1,5000,0.137608,0.185331,0.14313,0.0897187,0.190896,0.00182969,0.138914,0.112573,1600,0
0.15,0.75,1,7000,0.144685,0.184171,0.148549,0.0910805,0.178866,0,0.140992,0.111657,1600,0
0.15,0.75,1,10000,0.144866,0.183281,0.138766,0.0889953,0.186739,0,0.144737,0.112615,1600,0
0.15,0.75,1,25000,0.146059,0.185858,0.140631,0.0913262,0.182027,0,0.14466,0.109438,1600,0
0.15,0.75,1,50000,0.138483,0.189087,0.137665,0.0893871,0.191659,0,0.142601,0.111119,1600,0
0.2,0.75,1,0,0.124947,0.125496,0.124791,0.124871,0.125005,0.12496,0.124976,0.124954,1600,0
0.2,0.75,1,1000,0.111103,0.194067,0.125161,0.109952,0.160449,0.0372602,0.124232,0.137777,1600,0
0.2,0.75,1,2000,0.125938,0.193649,0.141119,0.0937191,0.171491,0.0136328,0.135773,0.124679,1600,0
0.2,0.75,1,3000,0.129463,0.1926,0.135687,0.090257,0.184436,0.00525391,0.144586,0.117718,1600,0
0.2,0.75,1,5000,0.133671,0.197436,0.139057,0.0869379,0.189026,0.0017543,0.140084,0.112034,1600,0
0.2,0.75,1,7000,0.131827,0.190516,0.13313,0.085384,0.192941,0,0.145654,0.120547,1600,0
0.2,0.75,1,10000,0.137421,0.188211,0.14037,0.0833445,0.187628,0,0.150837,0.112188,1600,0
0.2,0.75,1,25000,0.133224,0.187976,0.132837,0.0919516,0.194012,0,0.14546,0.114538,1600,0
0.2,0.75,1,50000,0.129086,0.193455,0.134275,0.086677,0.199755,0,0.145886,0.110866,1600,0
0.25,0.75,1,0,0.12521,0.125139,0.125246,0.124847,0.124845,0.125084,0.125055,0.124575,1600,0
0.25,0.75,1,1000,0.106453,0.202551,0.121272,0.1012,0.167051,0.0374727,0.130482,0.13352,1600,0
0.25,0.75,1,2000,0.120787,0.204854,0.124117,0.0954738,0.185431,0.0121281,0.139812,0.117396,1600,0
0.25,0.75,1,3000,0.115824,0.201834,0.132597,0.091668,0.186626,0.00558945,0.144564,0.121298,1600,0
0.25,0.75,1,5000,0.127195,0.195922,0.132159,0.085125,0.193187,0.0022918,0.147546,0.116575,1600,0
0.25,0.75,1,7000,0.123479,0.196022,0.136115,0.0886324,0.191646,0.00041875,0.149651,0.114035,1600,0
0.25,0.75,1,10000,0.128409,0.20103,0.133137,0.0807563,0.193214,0,0.149132,0.114321,1600,0
0.25,0.75,1,25000,0.123495,0.205574,0.128028,0.0895223,0.193575,0,0.142835,0.116971,1600,0
0.25,0.75,1,50000,0.122354,0.201305,0.127797,0.0888637,0.192119,0,0.150238,0.117323,1600,0
0.2,0.75,1,0,0.124711,0.124827,0.125206,0.124885,0.124791,0.125619,0.124909,0.125052,1600,0
0.2,0.75,1,1000,0.117815,0.195146,0.125214,0.102017,0.154252,0.0359691,0.125735,0.143851,1600,0
0.2,0.75,1,2000,0.125621,0.196112,0.136434,0.0921598,0.182244,0.0140773,0.133614,0.119738,1600,0
0.2,0.75,1,3000,0.130556,0.192679,0.136634,0.0920109,0.183775,0.00717148,0.141185,0.115989,1600,0
0.2,0.75,1,5000,0.136202,0.190578,0.139261,0.0889027,0.180857,0.000879297,0.146133,0.117187,1600,0
0.2,0.75,1,7000,0.134924,0.190645,0.137485,0.0885629,0.189885,0,0.14162,0.116879,1600,0
0.2,0.75,1,10000,0.136005,0.191273,0.138307,0.0876184,0.188995,0,0.144857,0.112945,1600,0
0.2,0.75,1,25000,0.133993,0.199386,0.132669,0.0852926,0.199487,0,0.142275,0.106898,1600,0
0.2,0.75,1,50000,0.133038,0.190946,0.137935,0.0811648,0.187954,0,0.151613,0.11735,1600,0
0.2,0.75,1,0,0.1248,0.124887,0.12509,0.125196,0.125252,0.12482,0.124913,0.125042,1600,0
0.2,0.75,1,1000,0.110424,0.203034,0.116556,0.107629,0.161919,0.0368594,0.125437,0.138142,1600,0
0.2,0.75,1,2000,0.127085,0.192505,0.131696,0.0960418,0.178616,0.0108828,0.137946,0.125228,1600,0
0.2,0.75,1,3000,0.128293,0.194735,0.137874,0.0888941,0.194044,0.00357969,0.143779,0.108801,1600,0
0.2,0.75,1,5000,0.132742,0.186225,0.144677,0.0831852,0.193798,0.000583203,0.147976,0.110813,1600,0
0.2,0.75,1,7000,0.131833,0.189371,0.142639,0.0838336,0.190739,0,0.151521,0.110063,1600,0
0.2,0.75,1,10000,0.134336,0.192736,0.1377,0.0891156,0.187971,0,0.144529,0.113612,1600,0
0.2,0.75,1,25000,0.130723,0.186254,0.142443,0.0863668,0.184896,0,0.147091,0.122226,1600,0
0.2,0.75,1,50000,0.138922,0.189754,0.137146,0.0899449,0.188566,0,0.145489,0.110178,1600,0
0.25,0.75,1,0,0.124972,0.125252,0.124892,0.125145,0.124916,0.124844,0.125003,0.124976,1600,0
0.25,0.75,1,1000,0.107423,0.196387,0.117296,0.107646,0.161136,0.0391832,0.12555,0.145379,1600,0
0.25,0.75,1,2000,0.111935,0.199893,0.126171,0.0962766,0.181405,0.0167051,0.138157,0.129457,1600,0
0.25,0.75,1,3000,0.118505,0.205791,0.132171,0.0917695,0.184212,0.00574883,0.146294,0.115509,1600,0
0.25,0.75,1,5000,0.12527,0.200727,0.132333,0.0843902,0.19478,0.000123047,0.150106,0.112271,1600,0
0.25,0.75,1,7000,0.123572,0.196071,0.131129,0.085968,0.204597,0,0.143721,0.114942,1600,0
0.25,0.75,1,10000,0.125782,0.192107,0.134466,0.0895668,0.189535,0,0.151739,0.116804,1600,0
0.25,0.75,1,25000,0.127467,0.194933,0.129627,0.0862547,0.201071,0,0.146773,0.113874,1600,0
0.25,0.75,1,50000,0.127252,0.20107,0.12874,0.0892137,0.19643,0,0.145177,0.112116,1600,0
0.25,0.75,1,0,0.125155,0.125093,0.124989,0.125434,0.124914,0.124416,0.124964,0.125035,1600,0
0.25,0.75,1,1000,0.100371,0.198708,0.122102,0.108098,0.163243,0.0400742,0.129317,0.138087,1600,0
0.25,0.75,1,2000,0.116524,0.1968,0.125311,0.0903656,0.1856,0.0167496,0.140889,0.127761,1600,0
0.25,0.75,1,3000,0.124389,0.193853,0.126211,0.0897387,0.19293,0.00922773,0.142454,0.121196,1600,0
0.25,0.75,1,5000,0.125479,0.196977,0.131769,0.0827008,0.195416,0.00239922,0.149051,0.116208,1600,0
0.25,0.75,1,7000,0.121986,0.19693,0.133329,0.0877648,0.195005,8.39844e-05,0.151304,0.113598,1600,0
0.25,0.75,1,10000,0.122971,0.194889,0.136006,0.0849555,0.200809,0,0.148575,0.111795,1600,0
0.25,0.75,1,25000,0.12488,0.201534,0.130211,0.0832375,0.19556,0,0.15065,0.113927,1600,0
0.25,0.75,1,50000,0.124747,0.198201,0.130375,0.081016,0.198778,0,0.149834,0.11705,1600,0
0.3,0.75,1,0,0.124827,0.125145,0.124804,0.12499,0.125075,0.125233,0.124772,0.125154,1600,0
0.3,0.75,1,1000,0.0960391,0.215289,0.106926,0.107727,0.157493,0.0496281,0.124677,0.142222,1600,0
0.3,0.75,1,2000,0.106486,0.21733,0.110829,0.0989465,0.177707,0.0178914,0.138775,0.132036,1600,0
0.3,0.75,1,3000,0.108161,0.20505,0.120856,0.0823051,0.196643,0.00883203,0.150475,0.127678,1600,0
0.3,0.75,1,5000,0.112618,0.20535,0.127034,0.0830828,0.204893,0.00156875,0.152599,0.112855,1600,0
0.3,0.75,1,7000,0.117462,0.204306,0.130177,0.0820148,0.194674,0.000911719,0.148173,0.122282,1600,0
0.3,0.75,1,10000,0.115102,0.204505,0.128045,0.0814094,0.200214,0,0.149246,0.121479,1600,0
0.3,0.75,1,25000,0.116867,0.207954,0.125765,0.0796156,0.210757,0,0.150209,0.108832,1600,0
0.3,0.75,1,50000,0.11369,0.209859,0.122861,0.079666,0.207275,0,0.154227,0.112422,1600,0
0.25,0.75,1,0,0.125014,0.124773,0.124908,0.125154,0.125187,0.12529,0.124767,0.124907,1600,0
0.25,0.75,1,1000,0.106202,0.20467,0.108396,0.105592,0.174661,0.0342641,0.128481,0.137734,1600,0
0.25,0.75,1,2000,0.114682,0.202595,0.123414,0.0970902,0.190254,0.0124469,0.1358,0.123718,1600,0
0.25,0.75,1,3000,0.125187,0.201983,0.128577,0.0858098,0.180489,0.00546289,0.152928,0.119564,1600,0
0.25,0.75,1,5000,0.127019,0.197842,0.131358,0.0842355,0.205241,0.000863672,0.14151,0.11193,1600,0
0.25,0.75,1,7000,0.123532,0.199177,0.131766,0.0869617,0.1969,0.000191016,0.146121,0.115352,1600,0
0.25,0.75,1,10000,0.125055,0.197661,0.134026,0.083018,0.196639,0,0.151918,0.111682,1600,0
0.25,0.75,1,25000,0.130355,0.204225,0.128293,0.086423,0.193379,0,0.144821,0.112504,1600,0
0.25,0.75,1,50000,0.129034,0.200134,0.129197,0.087666,0.193675,0,0.14609,0.114204,1600,0
0.3,0.75,1,0,0.125153,0.124793,0.124574,0.125232,0.124909,0.12509,0.125132,0.125118,1600,0
0.3,0.75,1,1000,0.0863453,0.210751,0.101247,0.113126,0.155532,0.0562766,0.123271,0.15345,1600,0
0.3,0.75,1,2000,0.103654,0.209582,0.120494,0.0941027,0.178295,0.0224445,0.142549,0.128879,1600,0
0.3,0.75,1,3000,0.113209,0.209641,0.120538,0.0864777,0.19222,0.00979883,0.146102,0.122014,1600,0
0.3,0.75,1,5000,0.114036,0.210346,0.124802,0.0811602,0.193903,0.0014,0.15165,0.122704,1600,0
0.3,0.75,1,7000,0.112518,0.210787,0.127994,0.0808773,0.210367,0.00140625,0.148348,0.107702,1600,0
0.3,0.75,1,10000,0.111582,0.213085,0.128523,0.0797969,0.198148,0,0.156492,0.112373,1600,0
0.3,0.75,1,25000,0.108905,0.206789,0.122918,0.0799434,0.209646,0,0.154121,0.117678,1600,0
0.3,0.75,1,50000,0.117801,0.206293,0.120561,0.0824539,0.204373,0,0.15006,0.118459,1600,0
0.3,0.75,1,0,0.124872,0.125148,0.1249,0.125086,0.124911,0.125131,0.12508,0.124871,1600,0
0.3,0.75,1,1000,0.0948891,0.208966,0.110809,0.11194,0.155469,0.047016,0.125608,0.145302,1600,0
0.3,0.75,1,2000,0.107367,0.215842,0.109644,0.0975047,0.178488,0.022075,0.140185,0.128894,1600,0
0.3,0.75,1,3000,0.106675,0.213334,0.120121,0.089284,0.198833,0.0106656,0.138968,0.12212,1600,0
0.3,0.75,1,5000,0.114475,0.204773,0.124698,0.0822555,0.20507,0.00246484,0.152204,0.11406,1600,0
0.3,0.75,1,7000,0.117152,0.207018,0.120916,0.085357,0.202961,0.000929687,0.15191,0.113757,1600,0
0.3,0.75,1,10000,0.10904,0.207361,0.1219,0.0830453,0.211412,0,0.155188,0.112054,1600,0
0.3,0.75,1,25000,0.115781,0.203424,0.128286,0.0858391,0.20082,0,0.150034,0.115816,1600,0
0.3,0.75,1,50000,0.114797,0.209442,0.122291,0.0827508,0.202739,0,0.150365,0.117616,1600,0
0.3,0.75,1,0,0.124812,0.125052,0.125173,0.125058,0.124903,0.124974,0.125235,0.124793,1600,0
0.3,0.75,1,1000,0.0850973,0.212661,0.101936,0.115411,0.157989,0.0576844,0.114542,0.154679,1600,0
0.3,0.75,1,2000,0.104421,0.215443,0.11326,0.0968375,0.180602,0.0260719,0.137916,0.125448,1600,0
0.3,0.75,1,3000,0.109115,0.202315,0.118347,0.0887711,0.199038,0.0123375,0.144297,0.125778,1600,0
0.3,0.75,1,5000,0.119332,0.20263,0.121568,0.0795379,0.200788,0.00295742,0.15444,0.118747,1600,0
0.3,0.75,1,7000,0.117865,0.205845,0.126243,0.0824613,0.206931,0,0.145496,0.115159,1600,0
0.3,0.75,1,10000,0.116692,0.205011,0.1234,0.0842883,0.206084,0,0.149334,0.11519,1600,0
0.3,0.75,1,25000,0.11505,0.216343,0.117135,0.0787668,0.209605,0,0.143408,0.119692,1600,0
0.3,0.75,1,50000,0.116247,0.201271,0.131663,0.0835711,0.205366,0,0.149204,0.112678,1600,0
0.35,0.75,1,0,0.124928,0.125057,0.124723,0.125332,0.124952,0.124735,0.125379,0.124893,1600,0
0.35,0.75,1,1000,0.0688621,0.228811,0.0843195,0.128318,0.136295,0.0781414,0.101927,0.173326,1600,0
0.35,0.75,1,2000,0.075993,0.230166,0.0918516,0.121088,0.151051,0.0656305,0.108938,0.155282,1600,0
0.35,0.75,1,3000,0.0745938,0.224818,0.0927879,0.117818,0.15533,0.0600398,0.117644,0.156968,1600,0
0.35,0.75,1,5000,0.0815965,0.222538,0.0992125,0.105774,0.172798,0.0507074,0.119179,0.148194,1600,0
0.35,0.75,1,7000,0.0922613,0.22107,0.103904,0.0994852,0.177697,0.0349301,0.128313,0.14234,1600,0
0.35,0.75,1,10000,0.0910301,0.217757,0.108,0.0923773,0.19573,0.0246797,0.132348,0.138078,1600,0
0.35,0.75,1,25000,0.0980387,0.224572,0.111354,0.0870992,0.205898,0.0101699,0.141653,0.121216,1600,0
0.35,0.75,1,50000,0.101644,0.209671,0.123909,0.0758297,0.21752,0,0.154822,0.116604,1600,0
0.35,0.75,1,0,0.125299,0.125028,0.124652,0.124867,0.124929,0.124766,0.125225,0.125233,1600,0
0.35,0.75,1,1000,0.0699461,0.22343,0.0918168,0.126614,0.136771,0.0768449,0.10538,0.169196,1600,0
0.35,0.75,1,2000,0.0765793,0.230672,0.0931625,0.116838,0.149689,0.0619,0.11513,0.156029,1600,0
0.35,0.75,1,3000,0.0801098,0.226961,0.0960215,0.107044,0.165366,0.0502691,0.121592,0.152636,1600,0
0.35,0.75,1,5000,0.0884227,0.224438,0.104245,0.101687,0.178605,0.0361723,0.132006,0.134424,1600,0
0.35,0.75,1,7000,0.0961059,0.215529,0.114462,0.0889891,0.193921,0.0182691,0.145352,0.127371,1600,0
0.35,0.75,1,10000,0.0986156,0.214429,0.119017,0.076616,0.210394,0.00797305,0.148946,0.12401,1600,0
0.35,0.75,1,25000,0.10328,0.21592,0.118659,0.0787703,0.213165,0,0.153201,0.117004,1600,0
0.35,0.75,1,50000,0.100175,0.22031,0.118244,0.0794875,0.210487,0,0.151046,0.12025,1600,0
0.35,0.75,1,0,0.124639,0.125273,0.124997,0.124852,0.12515,0.124852,0.125091,0.125145,1600,0
0.35,0.75,1,1000,0.0657539,0.238725,0.0776031,0.133234,0.1274,0.0830059,0.106875,0.167402,1600,0
0.35,0.75,1,2000,0.0713852,0.225287,0.0916172,0.117803,0.146034,0.0741828,0.107587,0.166104,1600,0
0.35,0.75,1,3000,0.0724559,0.228939,0.0935324,0.119667,0.154846,0.0629031,0.118289,0.149367,1600,0
0.35,0.75,1,5000,0.0880547,0.223963,0.10192,0.10586,0.168577,0.042434,0.126973,0.142219,1600,0
0.35,0.75,1,7000,0.0902277,0.218483,0.109762,0.0970492,0.188155,0.0275203,0.131378,0.137425,1600,0
0.35,0.75,1,10000,0.0867137,0.226343,0.109263,0.0883797,0.196187,0.0225863,0.138875,0.131652,1600,0
0.35,0.75,1,25000,0.102786,0.215684,0.118428,0.0807289,0.208084,0.00457266,0.14716,0.122557,1600,0
0.35,0.75,1,50000,0.103172,0.218857,0.119722,0.0738215,0.21179,0,0.158772,0.113866,1600,0
0.35,0.75,1,0,0.124823,0.125421,0.124893,0.124942,0.124895,0.125658,0.124713,0.124655,1600,0
0.35,0.75,1,1000,0.0707484,0.222477,0.0875359,0.12335,0.150706,0.0736555,0.10831,0.163218,1600,0
0.35,0.75,1,2000,0.0796527,0.225007,0.0917488,0.114152,0.157656,0.0580125,0.116639,0.157132,1600,0
0.35,0.75,1,3000,0.0808324,0.230129,0.0979562,0.103194,0.173956,0.045434,0.121845,0.146655,1600,0
0.35,0.75,1,5000,0.0946793,0.221203,0.1024,0.102179,0.178945,0.0351922,0.132213,0.13319,1600,0
0.35,0.75,1,7000,0.0930215,0.22303,0.10508,0.0932602,0.181851,0.027077,0.139226,0.137454,1600,0
0.35,0.75,1,10000,0.0976801,0.227518,0.109768,0.0891039,0.193889,0.0124766,0.145009,0.124555,1600,0
0.35,0.75,1,25000,0.0985168,0.218598,0.115605,0.075259,0.221004,0,0.14886,0.122157,1600,0
0.35,0.75,1,50000,0.101976,0.217426,0.116883,0.0822008,0.208023,0,0.151917,0.121575,1600,0
0.4,0.75,1,0,0.12459,0.125066,0.125155,0.125046,0.124857,0.125264,0.125068,0.124955,1600,0
0.4,0.75,1,1000,0.0360996,0.24968,0.0458824,0.167861,0.0853867,0.140595,0.067098,0.207397,1600,0
0.4,0.75,1,2000,0.0134215,0.248461,0.0183387,0.220015,0.0393023,0.200018,0.0292133,0.23123,1600,0
0.4,0.75,1,3000,0.00500039,0.247713,0.00678125,0.242481,0.0129242,0.233321,0.00965078,0.242128,1600,0
0.4,0.75,1,5000,5.19531e-05,0.245663,0,0.250571,0,0.251638,8.98437e-06,0.252068,1600,0
0.4,0.75,1,7000,0,0.247937,0,0.251609,0,0.25019,0,0.250264,1600,0
0.4,0.75,1,10000,0,0.250753,0,0.250758,0,0.250017,0,0.248472,1600,0
0.4,0.75,1,25000,0,0.250905,0,0.250706,0,0.249886,0,0.248503,1600,0
0.4,0.75,1,50000,0,0.252218,0,0.2454,0,0.250651,0,0.251731,1600,0
0,0.75,1,0,0.125086,0.124887,0.12501,0.12491,0.125052,0.124807,0.125236,0.125012,1600,0
0,0.75,1,1000,0.00233242,0.392021,0.00612148,0.221773,0.0627422,0.0828133,0.0231863,0.20901,1600,820
0,0.75,1,2000,0.00233242,0.392021,0.00612148,0.221773,0.0627422,0.0828133,0.0231863,0.20901,1600,820
0,0.75,1,3000,0.00233242,0.392021,0.00612148,0.221773,0.0627422,0.0828133,0.0231863,0.20901,1600,820
0,0.75,1,5000,0.00233242,0.392021,0.00612148,0.221773,0.0627422,0.0828133,0.0231863,0.20901,1600,820
0,0.75,1,7000,0.00233242,0.392021,0.00612148,0.221773,0.0627422,0.0828133,0.0231863,0.20901,1600,820
0,0.75,1,10000,0.00233242,0.392021,0.00612148,0.221773,0.0627422,0.0828133,0.0231863,0.20901,1600,820
0,0.75,1,25000,0.00233242,0.392021,0.00612148,0.221773,0.0627422,0.0828133,0.0231863,0.20901,1600,820
0,0.75,1,50000,0.00233242,0.392021,0.00612148,0.221773,0.0627422,0.0828133,0.0231863,0.20901,1600,820
0.4,0.75,1,0,0.125116,0.12463,0.125004,0.124977,0.125454,0.124754,0.12496,0.125106,1600,0
0.4,0.75,1,1000,0.0395266,0.254303,0.052057,0.151521,0.100482,0.126457,0.0784266,0.197227,1600,0
0.4,0.75,1,2000,0.0250957,0.240418,0.0324293,0.199394,0.0620477,0.17575,0.0469645,0.2179,1600,0
0.4,0.75,1,3000,0.0121613,0.247175,0.0186187,0.220649,0.0280586,0.2172,0.0232172,0.23292,1600,0
0.4,0.75,1,5000,0.00242305,0.250854,0.00301445,0.245219,0.00440156,0.245281,0.00344219,0.245365,1600,0
0.4,0.75,1,7000,0.000213672,0.249623,0.000248047,0.246958,0.000210547,0.252439,0.000237109,0.25007,1600,0
0.4,0.75,1,10000,0,0.250363,0,0.249572,0,0.251334,0,0.24873,1600,0
0.4,0.75,1,25000,0,0.253832,0,0.248111,0,0.243945,0,0.254112,1600,0
0.4,0.75,1,50000,0,0.246154,0,0.251714,0,0.250561,0,0.251571,1600,0
0,0.75,1,0,0.125284,0.124665,0.125409,0.125085,0.12475,0.12488,0.124908,0.125019,1600,0
0,0.75,1,1000,0.00219062,0.391909,0.00642773,0.218623,0.0635027,0.0822473,0.0218863,0.213213,1600,560
0,0.75,1,2000,0.00219062,0.391909,0.00642773,0.218623,0.0635027,0.0822473,0.0218863,0.213213,1600,560
0,0.75,1,3000,0.00219062,0.391909,0.00642773,0.218623,0.0635027,0.0822473,0.0218863,0.213213,1600,560
0,0.75,1,5000,0.00219062,0.391909,0.00642773,0.218623,0.0635027,0.0822473,0.0218863,0.213213,1600,560
0,0.75,1,7000,0.00219062,0.391909,0.00642773,0.218623,0.0635027,0.0822473,0.0218863,0.213213,1600,560
0,0.75,1,10000,0.00219062,0.391909,0.00642773,0.218623,0.0635027,0.0822473,0.0218863,0.213213,1600,560
0,0.75,1,25000,0.00219062,0.391909,0.00642773,0.218623,0.0635027,0.0822473,0.0218863,0.213213,1600,560
0,0.75,1,50000,0.00219062,0.391909,0.00642773,0.218623,0.0635027,0.0822473,0.0218863,0.213213,1600,560
0.4,0.75,1,0,0.125133,0.125327,0.124554,0.125111,0.124623,0.124864,0.125155,0.125233,1600,0
0.4,0.75,1,1000,0.0374504,0.242351,0.0462207,0.180195,0.0803992,0.145448,0.0671641,0.200773,1600,0
0.4,0.75,1,2000,0.0191605,0.246227,0.0250543,0.213861,0.0418398,0.197665,0.0333293,0.222862,1600,0
0.4,0.75,1,3000,0.00671875,0.252453,0.0100996,0.232648,0.0177875,0.229612,0.0148437,0.235838,1600,0
0.4,0.75,1,5000,0.000374219,0.248408,0.00165039,0.248717,0.00220703,0.246399,0.00192461,0.25032,1600,0
0.4,0.75,1,7000,0,0.247371,0,0.249663,4.72656e-05,0.250219,7.8125e-05,0.252622,1600,0
0.4,0.75,1,10000,0,0.251087,0,0.250742,0,0.247352,0,0.25082,1600,0
0.4,0.75,1,25000,0,0.251995,0,0.24859,0,0.250418,0,0.248997,1600,0
0.4,0.75,1,50000,0,0.250318,0,0.25143,0,0.247676,0,0.250575,1600,0
0,0.75,1,0,0.125209,0.124812,0.124923,0.12504,0.125073,0.124802,0.125034,0.125108,1600,0
0,0.75,1,1000,0.00225742,0.39541,0.00616094,0.217652,0.062884,0.0850816,0.021875,0.208679,1600,520
0,0.75,1,2000,0.00225742,0.39541,0.00616094,0.217652,0.062884,0.0850816,0.021875,0.208679,1600,520
0,0.75,1,3000,0.00225742,0.39541,0.00616094,0.217652,0.062884,0.0850816,0.021875,0.208679,1600,520
0,0.75,1,5000,0.00225742,0.39541,0.00616094,0.217652,0.062884,0.0850816,0.021875,0.208679,1600,520
0,0.75,1,7000,0.00225742,0.39541,0.00616094,0.217652,0.062884,0.0850816,0.021875,0.208679,1600,520
0,0.75,1,10000,0.00225742,0.39541,0.00616094,0.217652,0.062884,0.0850816,0.021875,0.208679,1600,520
0,0.75,1,25000,0.00225742,0.39541,0.00616094,0.217652,0.062884,0.0850816,0.021875,0.208679,1600,520
0,0.75,1,50000,0.00225742,0.39541,0.00616094,0.217652,0.062884,0.0850816,0.021875,0.208679,1600,520
0.4,0.75,1,0,0.125061,0.124937,0.124827,0.125198,0.125091,0.124652,0.125225,0.125009,1600,0
0.4,0.75,1,1000,0.0441391,0.24385,0.0601187,0.157078,0.108154,0.121202,0.0773566,0.188101,1600,0
0.4,0.75,1,2000,0.0282551,0.245679,0.036141,0.190104,0.0698988,0.167916,0.054166,0.20784,1600,0
0.4,0.75,1,3000,0.0155406,0.259911,0.022857,0.208429,0.0418109,0.195768,0.033584,0.222099,1600,0
0.4,0.75,1,5000,0.00257227,0.253281,0.00463203,0.237558,0.00943828,0.2413,0.00633008,0.244888,1600,0
0.4,0.75,1,7000,6.13281e-05,0.251572,0.000123828,0.25106,0.000648438,0.246068,0.000325,0.250141,1600,0
0.4,0.75,1,10000,0,0.252804,0,0.254159,0,0.246139,0,0.246898,1600,0
0.4,0.75,1,25000,0,0.249946,0,0.250176,0,0.246234,0,0.253644,1600,0
0.4,0.75,1,50000,0,0.248954,0,0.248245,0,0.252836,0,0.249964,1600,0
0,0.75,1,0,0.124958,0.125088,0.125111,0.124934,0.12505,0.124819,0.125114,0.124925,1600,0
0,0.75,1,1000,0.0022418,0.394578,0.00621172,0.220247,0.0644824,0.0809535,0.0227316,0.208554,1600,780
0,0.75,1,2000,0.0022418,0.394578,0.00621172,0.220247,0.0644824,0.0809535,0.0227316,0.208554,1600,780
0,0.75,1,3000,0.0022418,0.394578,0.00621172,0.220247,0.0644824,0.0809535,0.0227316,0.208554,1600,780
0,0.75,1,5000,0.0022418,0.394578,0.00621172,0.220247,0.0644824,0.0809535,0.0227316,0.208554,1600,780
0,0.75,1,7000,0.0022418,0.394578,0.00621172,0.220247,0.0644824,0.0809535,0.0227316,0.208554,1600,780
0,0.75,1,10000,0.0022418,0.394578,0.00621172,0.220247,0.0644824,0.0809535,0.0227316,0.208554,1600,780
0,0.75,1,25000,0.0022418,0.394578,0.00621172,0.220247,0.0644824,0.0809535,0.0227316,0.208554,1600,780
0,0.75,1,50000,0.0022418,0.394578,0.00621172,0.220247,0.0644824,0.0809535,0.0227316,0.208554,1600,780
0.05,0.75,1,0,0.124958,0.124741,0.125074,0.125169,0.124874,0.124867,0.125098,0.125219,1600,0
0.05,0.75,1,1000,0.0852137,0.197865,0.0932957,0.155253,0.0950668,0.115739,0.0792418,0.178325,1600,0
0.05,0.75,1,2000,0.111138,0.191405,0.111921,0.123888,0.129649,0.0663492,0.103653,0.161996,1600,0
0.05,0.75,1,3000,0.116436,0.197057,0.126545,0.11657,0.130304,0.0565363,0.106779,0.149773,1600,0
0.05,0.75,1,5000,0.128566,0.188904,0.130383,0.112042,0.144509,0.0453219,0.113012,0.137263,1600,0
0.05,0.75,1,7000,0.131346,0.190814,0.131697,0.103301,0.159117,0.0282391,0.11865,0.136836,1600,0
0.05,0.75,1,10000,0.133666,0.178371,0.134071,0.109309,0.152036,0.0296656,0.121041,0.14184,1600,0
0.05,0.75,1,25000,0.144187,0.186693,0.137237,0.102318,0.162012,0.0204578,0.117458,0.129639,1600,0
0.05,0.75,1,50000,0.139186,0.180493,0.143603,0.1001,0.165268,0.0197141,0.122932,0.128704,1600,0
0.05,0.75,1,0,0.124751,0.125041,0.125034,0.125192,0.124806,0.125111,0.125193,0.124873,1600,0
0.05,0.75,1,1000,0.0835035,0.202614,0.0947609,0.146987,0.0961719,0.110762,0.0801504,0.18505,1600,0
0.05,0.75,1,2000,0.109408,0.194025,0.122017,0.123549,0.126587,0.0630441,0.104159,0.157211,1600,0
0.05,0.75,1,3000,0.11629,0.186136,0.12293,0.121468,0.137285,0.0564477,0.108847,0.150596,1600,0
0.05,0.75,1,5000,0.124251,0.185755,0.125032,0.118746,0.141714,0.0462469,0.110978,0.147277,1600,0
0.05,0.75,1,7000,0.129061,0.190334,0.132671,0.109432,0.142768,0.0403312,0.10805,0.147352,1600,0
0.05,0.75,1,10000,0.132288,0.186754,0.133971,0.106287,0.152358,0.0319785,0.11762,0.138745,1600,0
0.05,0.75,1,25000,0.142342,0.180274,0.142423,0.100333,0.162578,0.0195059,0.126106,0.126438,1600,0
0.05,0.75,1,50000,0.139174,0.179074,0.147241,0.101468,0.166468,0.0147004,0.127095,0.124781,1600,0
0.05,0.75,1,0,0.124958,0.125088,0.125095,0.125073,0.124657,0.125083,0.125098,0.124948,1600,0
0.05,0.75,1,1000,0.0862215,0.194526,0.093957,0.144226,0.093332,0.109975,0.0846508,0.193111,1600,0
0.05,0.75,1,2000,0.107307,0.19867,0.114164,0.129935,0.118418,0.0686953,0.103037,0.159775,1600,0
0.05,0.75,1,3000,0.11418,0.18718,0.124701,0.122991,0.138066,0.051282,0.11097,0.150629,1600,0
0.05,0.75,1,5000,0.123302,0.183901,0.133177,0.113704,0.144121,0.0451797,0.113855,0.142761,1600,0
0.05,0.75,1,7000,0.132024,0.184951,0.135781,0.107341,0.147248,0.0351258,0.115587,0.141941,1600,0
0.05,0.75,1,10000,0.133318,0.191583,0.131343,0.107404,0.142762,0.0359172,0.116668,0.141006,1600,0
0.05,0.75,1,25000,0.142873,0.181277,0.143244,0.102587,0.158645,0.0210809,0.124112,0.126181,1600,0
0.05,0.75,1,50000,0.143298,0.185662,0.142566,0.0990203,0.153589,0.0212598,0.122472,0.132134,1600,0
0.05,0.75,1,0,0.124912,0.125023,0.124679,0.125222,0.125,0.125019,0.125204,0.124941,1600,0
0.05,0.75,1,1000,0.0849008,0.198913,0.0904379,0.155106,0.101721,0.111177,0.0770312,0.180712,1600,0
0.05,0.75,1,2000,0.112242,0.187499,0.117054,0.127422,0.126611,0.0690117,0.101414,0.158746,1600,0
0.05,0.75,1,3000,0.117846,0.187199,0.125278,0.119195,0.136196,0.0522992,0.111645,0.150342,1600,0
0.05,0.75,1,5000,0.128982,0.186898,0.12877,0.113096,0.144529,0.0403754,0.117907,0.139443,1600,0
0.05,0.75,1,7000,0.135551,0.178846,0.135061,0.10703,0.152982,0.0330629,0.120572,0.136896,1600,0
0.05,0.75,1,10000,0.131481,0.184759,0.135188,0.10323,0.155621,0.0324605,0.117037,0.140223,1600,0
0.05,0.75,1,25000,0.1334,0.18481,0.141826,0.106164,0.155808,0.0294348,0.118532,0.130025,1600,0
0.05,0.75,1,50000,0.140189,0.18448,0.141782,0.0942969,0.172845,0.0149383,0.125365,0.126103,1600,0
0.1,0.75,1,0,0.125009,0.125126,0.125267,0.125279,0.124815,0.124663,0.124943,0.124898,1600,0
0.1,0.75,1,1000,0.117583,0.186416,0.121409,0.117326,0.144764,0.0516973,0.109905,0.1509,1600,0
0.1,0.75,1,2000,0.133749,0.187948,0.135118,0.104808,0.160119,0.0227055,0.127868,0.127684,1600,0
0.1,0.75,1,3000,0.140261,0.183543,0.142286,0.0949082,0.164045,0.0150523,0.133079,0.126825,1600,0
0.1,0.75,1,5000,0.148429,0.181414,0.142021,0.0884219,0.169254,0.00390234,0.145255,0.121302,1600,0
0.1,0.75,1,7000,0.145201,0.182896,0.149342,0.089527,0.173916,0.00191563,0.136046,0.121156,1600,0
0.1,0.75,1,10000,0.149258,0.181547,0.146045,0.0886594,0.177654,0.00014375,0.144521,0.112172,1600,0
0.1,0.75,1,25000,0.145681,0.178147,0.151707,0.0884777,0.18674,0,0.138979,0.110268,1600,0
0.1,0.75,1,50000,0.145588,0.182109,0.148297,0.0887426,0.189367,0,0.133216,0.11268,1600,0
0.1,0.75,1,0,0.125236,0.124937,0.125086,0.12522,0.124779,0.124861,0.125053,0.124829,1600,0
0.1,0.75,1,1000,0.115521,0.189766,0.122738,0.116754,0.142939,0.0454023,0.113844,0.153036,1600,0
0.1,0.75,1,2000,0.130971,0.184675,0.138974,0.100124,0.167641,0.0218027,0.125448,0.130364,1600,0
0.1,0.75,1,3000,0.140328,0.1829,0.142886,0.0984281,0.171066,0.0110602,0.133297,0.120034,1600,0
0.1,0.75,1,5000,0.149898,0.190816,0.140779,0.0933191,0.173603,0.00428945,0.133879,0.113416,1600,0
0.1,0.75,1,7000,0.147093,0.181939,0.141285,0.090516,0.185923,0.000683594,0.134427,0.118134,1600,0
0.1,0.75,1,10000,0.146828,0.18418,0.145521,0.0918957,0.179309,0.000983984,0.136877,0.114405,1600,0
0.1,0.75,1,25000,0.153648,0.183968,0.144141,0.0940391,0.179805,0,0.135955,0.108444,1600,0
0.1,0.75,1,50000,0.148073,0.180796,0.147455,0.0855422,0.182914,0,0.14262,0.1126,1600,0
0.1,0.75,1,0,0.125382,0.124861,0.124699,0.124916,0.125006,0.124739,0.124996,0.125401,1600,0
0.1,0.75,1,1000,0.118016,0.191729,0.123355,0.115942,0.142493,0.0485871,0.111272,0.148605,1600,0
0.1,0.75,1,2000,0.134687,0.189679,0.131993,0.101325,0.165108,0.0222449,0.123669,0.131294,1600,0
0.1,0.75,1,3000,0.138993,0.181357,0.145727,0.0988543,0.167414,0.0111125,0.135249,0.121292,1600,0
0.1,0.75,1,5000,0.152833,0.182905,0.144586,0.0884473,0.17865,0.00380898,0.13434,0.11443,1600,0
0.1,0.75,1,7000,0.147459,0.181067,0.144736,0.0877266,0.185453,0.00120234,0.139948,0.112409,1600,0
0.1,0.75,1,10000,0.143062,0.183425,0.148198,0.0932004,0.178813,0.0018957,0.141302,0.110103,1600,0
0.1,0.75,1,25000,0.147215,0.182076,0.149201,0.089418,0.177423,0,0.139915,0.114752,1600,0
0.1,0.75,1,50000,0.146076,0.17739,0.145298,0.0904773,0.184602,0,0.142065,0.114091,1600,0
0.1,0.75,1,0,0.124895,0.124838,0.12506,0.125098,0.125228,0.124914,0.124904,0.125063,1600,0
0.1,0.75,1,1000,0.119975,0.198013,0.11766,0.116914,0.142615,0.0515984,0.111044,0.142181,1600,0
0.1,0.75,1,2000,0.132187,0.177627,0.136614,0.103188,0.161723,0.0245441,0.131585,0.132532,1600,0
0.1,0.75,1,3000,0.138301,0.189266,0.142673,0.098709,0.168606,0.0156477,0.125494,0.121304,1600,0
0.1,0.75,1,5000,0.143543,0.182273,0.150563,0.0947359,0.178844,0.00638906,0.130211,0.113439,1600,0
0.1,0.75,1,7000,0.144816,0.179624,0.15282,0.0897281,0.178262,0.00145977,0.138477,0.114814,1600,0
0.1,0.75,1,10000,0.14462,0.18491,0.149671,0.0892336,0.184078,0.000825781,0.134161,0.1125,1600,0
0.1,0.75,1,25000,0.145373,0.174748,0.146683,0.0919195,0.186634,0,0.135891,0.118752,1600,0
0.1,0.75,1,50000,0.149426,0.183269,0.152898,0.0882906,0.176306,0,0.1373,0.112511,1600,0
0.15,0.75,1,0,0.124876,0.124964,0.12488,0.125061,0.125364,0.124812,0.125008,0.125036,1600,0
0.15,0.75,1,1000,0.119373,0.190803,0.132066,0.103589,0.15525,0.0324945,0.127161,0.139263,1600,0
0.15,0.75,1,2000,0.129868,0.184715,0.141221,0.0939469,0.177207,0.0151402,0.137679,0.120224,1600,0
0.15,0.75,1,3000,0.132847,0.184916,0.135471,0.0911844,0.187361,0.00812695,0.14143,0.118664,1600,0
0.15,0.75,1,5000,0.136829,0.187726,0.141522,0.0883613,0.191132,0.00176211,0.141558,0.111109,1600,0
0.15,0.75,1,7000,0.140793,0.185491,0.139683,0.091509,0.190796,0.00154531,0.140442,0.109741,1600,0
0.15,0.75,1,10000,0.144105,0.184638,0.142117,0.0918555,0.181051,0,0.144158,0.112075,1600,0
0.15,0.75,1,25000,0.140605,0.188493,0.141437,0.0897883,0.182358,0,0.143904,0.113414,1600,0
0.15,0.75,1,50000,0.141596,0.186098,0.14471,0.0888293,0.183176,0,0.145333,0.110258,1600,0
0.15,0.75,1,0,0.124878,0.124988,0.124996,0.125335,0.125077,0.124947,0.124858,0.124921,1600,0
0.15,0.75,1,1000,0.119087,0.196174,0.124998,0.105553,0.156284,0.0378031,0.127056,0.133045,1600,0
0.15,0.75,1,2000,0.131566,0.1893,0.137811,0.102373,0.171209,0.0141168,0.132567,0.121058,1600,0
0.15,0.75,1,3000,0.139613,0.183086,0.141588,0.0942148,0.175297,0.00519453,0.139346,0.12166,1600,0
0.15,0.75,1,5000,0.142129,0.185542,0.142502,0.0966,0.175267,0.00161211,0.14341,0.112938,1600,0
0.15,0.75,1,7000,0.1413,0.184726,0.142442,0.0852312,0.185143,0.000298047,0.148365,0.112495,1600,0
0.15,0.75,1,10000,0.144136,0.179757,0.143551,0.0840953,0.193098,0,0.142948,0.112414,1600,0
0.15,0.75,1,25000,0.14237,0.184921,0.142316,0.0980449,0.175616,0,0.143499,0.113234,1600,0
0.15,0.75,1,50000,0.140345,0.190316,0.142837,0.0891105,0.187178,0,0.141452,0.108762,1600,0
0.15,0.75,1,0,0.124848,0.125029,0.125087,0.12488,0.125159,0.12473,0.125377,0.12489,1600,0
0.15,0.75,1,1000,0.12126,0.190574,0.130286,0.103068,0.154407,0.0373363,0.123269,0.1398,1600,0
0.15,0.75,1,2000,0.139177,0.188482,0.134445,0.0918285,0.174089,0.0142992,0.137563,0.120115,1600,0
0.15,0.75,1,3000,0.139764,0.188889,0.140945,0.0880352,0.183387,0.00630937,0.136831,0.115839,1600,0
0.15,0.75,1,5000,0.142186,0.185671,0.142077,0.0841812,0.187079,0.00106367,0.142066,0.115677,1600,0
0.15,0.75,1,7000,0.139975,0.189783,0.145482,0.0885223,0.180538,0,0.144023,0.111677,1600,0
0.15,0.75,1,10000,0.137946,0.180752,0.140152,0.087584,0.197845,0,0.140784,0.114937,1600,0
0.15,0.75,1,25000,0.142386,0.181729,0.146242,0.094823,0.177971,0,0.135481,0.121369,1600,0
0.15,0.75,1,50000,0.143538,0.184657,0.139233,0.0878293,0.186538,0,0.144357,0.113848,1600,0
0.2,0.75,1,0,0.125,0.125218,0.125207,0.124823,0.124876,0.125076,0.12468,0.125121,1600,0
0.2,0.75,1,1000,0.117667,0.196828,0.124995,0.101304,0.163283,0.032975,0.12461,0.138339,1600,0
0.2,0.75,1,2000,0.123841,0.193764,0.130091,0.0979305,0.173409,0.0131047,0.139767,0.128093,1600,0
0.2,0.75,1,3000,0.130056,0.194056,0.135597,0.0951133,0.172338,0.00997812,0.140118,0.122743,1600,0
0.2,0.75,1,5000,0.13133,0.196861,0.133066,0.0908883,0.190542,0.00226016,0.139009,0.116043,1600,0
0.2,0.75,1,7000,0.132266,0.190829,0.137264,0.0906914,0.185885,0.000632422,0.149566,0.112866,1600,0
0.2,0.75,1,10000,0.131101,0.188459,0.137449,0.0860223,0.190115,0,0.153191,0.113662,1600,0
0.2,0.75,1,25000,0.138559,0.191621,0.132753,0.0876633,0.194344,0,0.142163,0.112896,1600,0
0.2,0.75,1,50000,0.131482,0.1884,0.138173,0.088993,0.190857,0,0.153255,0.108839,1600,0
0.15,0.75,1,0,0.125185,0.124932,0.125162,0.124918,0.125226,0.124937,0.124883,0.124757,1600,0
0.15,0.75,1,1000,0.118984,0.187415,0.122528,0.113741,0.152186,0.0375441,0.124021,0.14358,1600,0
0.15,0.75,1,2000,0.13573,0.190809,0.136887,0.0992004,0.165318,0.0145813,0.137618,0.119856,1600,0
0.15,0.75,1,3000,0.137362,0.187828,0.138833,0.0930566,0.179561,0.00645234,0.136389,0.120518,1600,0
0.15,0.75,1,5000,0.141283,0.18693,0.136891,0.0893125,0.187279,0.00163906,0.139783,0.116884,1600,0
0.15,0.75,1,7000,0.142832,0.188407,0.145877,0.0870699,0.181674,0.000841406,0.138946,0.114353,1600,0
0.15,0.75,1,10000,0.140104,0.189255,0.136664,0.0874703,0.188413,0.000170312,0.142407,0.115517,1600,0
0.15,0.75,1,25000,0.139224,0.182336,0.142716,0.0915281,0.188481,0,0.142112,0.113604,1600,0
0.15,0.75,1,50000,0.141056,0.185092,0.141064,0.0879547,0.188095,0,0.145032,0.111705,1600,0
0.2,0.75,1,0,0.12524,0.124989,0.125126,0.124959,0.124835,0.124869,0.124769,0.125213,1600,0
0.2,0.75,1,1000,0.112861,0.19905,0.124598,0.107191,0.159876,0.0341793,0.125929,0.136315,1600,0
0.2,0.75,1,2000,0.128389,0.194939,0.135884,0.0898496,0.178629,0.0134137,0.139586,0.119309,1600,0
0.2,0.75,1,3000,0.127144,0.194357,0.131355,0.089734,0.186753,0.00555625,0.145216,0.119884,1600,0
0.2,0.75,1,5000,0.133004,0.188284,0.140373,0.0857785,0.191622,0.00264102,0.147087,0.11121,1600,0
0.2,0.75,1,7000,0.133075,0.187776,0.136343,0.0898961,0.194907,0.000151172,0.144337,0.113515,1600,0
0.2,0.75,1,10000,0.138243,0.188042,0.141621,0.0810098,0.188858,0,0.149854,0.112371,1600,0
0.2,0.75,1,25000,0.134826,0.187335,0.143005,0.0827441,0.191562,0,0.147211,0.113317,1600,0
0.2,0.75,1,50000,0.134843,0.187475,0.136503,0.0900363,0.189935,0,0.145081,0.116127,1600,0
0.2,0.75,1,0,0.124803,0.125288,0.124819,0.124801,0.12516,0.125157,0.12511,0.124863,1600,0
0.2,0.75,1,1000,0.111303,0.197757,0.122879,0.11086,0.159172,0.037784,0.128968,0.131277,1600,0
0.2,0.75,1,2000,0.124851,0.197532,0.13527,0.0934137,0.174884,0.012166,0.137113,0.124771,1600,0
0.2,0.75,1,3000,0.129648,0.194082,0.131112,0.0934766,0.186235,0.00700547,0.13798,0.12046,1600,0
0.2,0.75,1,5000,0.132116,0.19834,0.137107,0.0820715,0.191411,0.000481641,0.143568,0.114905,1600,0
0.2,0.75,1,7000,0.13167,0.186745,0.136578,0.0819488,0.203758,0,0.148804,0.110495,1600,0
0.2,0.75,1,10000,0.134288,0.189928,0.141463,0.0884469,0.191077,0,0.137868,0.116928,1600,0
0.2,0.75,1,25000,0.131488,0.192804,0.13583,0.0894496,0.193693,0,0.14389,0.112845,1600,0
0.2,0.75,1,50000,0.133725,0.185458,0.135739,0.0883648,0.186254,0,0.151285,0.119174,1600,0
0.25,0.75,1,0,0.125267,0.124727,0.124786,0.12477,0.125026,0.125221,0.125119,0.125084,1600,0
0.25,0.75,1,1000,0.108996,0.208158,0.113688,0.106108,0.152946,0.0381809,0.126274,0.145648,1600,0
0.25,0.75,1,2000,0.116512,0.202318,0.128389,0.0865367,0.18637,0.0119707,0.143046,0.124859,1600,0
0.25,0.75,1,3000,0.124238,0.197109,0.127647,0.0867613,0.196367,0.00518477,0.139703,0.122989,1600,0
0.25,0.75,1,5000,0.122556,0.196787,0.129738,0.0863391,0.192655,0.00154258,0.150231,0.120152,1600,0
0.25,0.75,1,7000,0.12439,0.197538,0.126157,0.0879047,0.201009,7.65625e-05,0.144689,0.118235,1600,0
0.25,0.75,1,10000,0.125239,0.19318,0.13731,0.0890953,0.193779,6.01563e-05,0.143386,0.11795,1600,0
0.25,0.75,1,25000,0.125127,0.190241,0.135158,0.084898,0.19732,0,0.15186,0.115397,1600,0
0.25,0.75,1,50000,0.127921,0.191618,0.136088,0.0835684,0.196397,0,0.148976,0.115431,1600,0
0.2,0.75,1,0,0.124833,0.12499,0.124767,0.125216,0.125158,0.125229,0.124984,0.124823,1600,0
0.2,0.75,1,1000,0.112692,0.201089,0.125672,0.103248,0.163627,0.0322418,0.124328,0.137103,1600,0
0.2,0.75,1,2000,0.127671,0.191157,0.131535,0.0949262,0.180395,0.0150906,0.139606,0.119618,1600,0
0.2,0.75,1,3000,0.132727,0.194319,0.136653,0.0865059,0.181529,0.00644961,0.145425,0.116391,1600,0
0.2,0.75,1,5000,0.130923,0.194194,0.129672,0.0901113,0.196273,0.000242969,0.145863,0.11272,1600,0
0.2,0.75,1,7000,0.13917,0.192147,0.137368,0.0846684,0.191075,0,0.145015,0.110556,1600,0
0.2,0.75,1,10000,0.132773,0.193745,0.134314,0.0872398,0.197925,0,0.142821,0.111181,1600,0
0.2,0.75,1,25000,0.137673,0.187871,0.141521,0.0899926,0.17674,0,0.147558,0.118645,1600,0
0.2,0.75,1,50000,0.134479,0.18639,0.136806,0.0906156,0.187536,0,0.150065,0.114108,1600,0
0.25,0.75,1,0,0.125093,0.125048,0.124838,0.125067,0.125028,0.124918,0.124998,0.125011,1600,0
0.25,0.75,1,1000,0.104544,0.207469,0.114684,0.107771,0.165304,0.0350828,0.122859,0.142288,1600,0
0.25,0.75,1,2000,0.121238,0.204029,0.121482,0.0920926,0.182561,0.014216,0.137193,0.127189,1600,0
0.25,0.75,1,3000,0.124614,0.199709,0.128931,0.0990289,0.181261,0.00448477,0.144,0.117971,1600,0
0.25,0.75,1,5000,0.127707,0.200408,0.127118,0.0875141,0.191434,0.000883203,0.153027,0.111907,1600,0
0.25,0.75,1,7000,0.120741,0.196863,0.131857,0.0904285,0.19942,0,0.145576,0.115115,1600,0
0.25,0.75,1,10000,0.123136,0.199536,0.131527,0.0865047,0.199643,0,0.148989,0.110663,1600,0
0.25,0.75,1,25000,0.123305,0.195851,0.134973,0.0824938,0.200429,0,0.151101,0.111847,1600,0
0.25,0.75,1,50000,0.125725,0.203761,0.131516,0.089443,0.189586,0,0.147839,0.11213,1600,0
0.25,0.75,1,0,0.124992,0.124843,0.124925,0.124688,0.124909,0.1252,0.125313,0.125131,1600,0
0.25,0.75,1,1000,0.102655,0.201728,0.119392,0.102342,0.16312,0.0379305,0.133173,0.13966,1600,0
0.25,0.75,1,2000,0.11313,0.195199,0.132305,0.0911547,0.179905,0.0144277,0.148689,0.125189,1600,0
0.25,0.75,1,3000,0.127664,0.196289,0.127752,0.0871898,0.190852,0.00518047,0.145482,0.119591,1600,0
0.25,0.75,1,5000,0.12541,0.194343,0.133345,0.0882555,0.202158,0.000576563,0.14577,0.110142,1600,0
0.25,0.75,1,7000,0.119917,0.199813,0.135213,0.0836617,0.200089,0,0.151318,0.109989,1600,0
0.25,0.75,1,10000,0.122495,0.199753,0.129396,0.0893504,0.192924,0,0.14842,0.117662,1600,0
0.25,0.75,1,25000,0.124896,0.203194,0.129582,0.0854395,0.191309,0,0.150103,0.115476,1600,0
0.25,0.75,1,50000,0.12759,0.190873,0.134768,0.0832336,0.194838,0,0.154018,0.114679,1600,0
0.3,0.75,1,0,0.12495,0.125168,0.125193,0.125019,0.124802,0.124963,0.124857,0.125048,1600,0
0.3,0.75,1,1000,0.0898383,0.221372,0.101246,0.113002,0.15893,0.0500707,0.116648,0.148893,1600,0
0.3,0.75,1,2000,0.101806,0.211113,0.114018,0.0950277,0.185632,0.0248277,0.134666,0.132909,1600,0
0.3,0.75,1,3000,0.108339,0.207436,0.121548,0.0888977,0.195367,0.0129746,0.143972,0.121466,1600,0
0.3,0.75,1,5000,0.110943,0.210262,0.123295,0.08585,0.19333,0.00576172,0.148879,0.12168,1600,0
0.3,0.75,1,7000,0.117992,0.199446,0.12727,0.0799309,0.20562,0.00114492,0.153868,0.114728,1600,0
0.3,0.75,1,10000,0.114504,0.213989,0.123135,0.0860398,0.203056,0.000305078,0.145322,0.113649,1600,0
0.3,0.75,1,25000,0.117187,0.211882,0.122298,0.0823297,0.202884,0,0.147291,0.116129,1600,0
0.3,0.75,1,50000,0.112249,0.211752,0.124056,0.0839836,0.199,0,0.156528,0.112432,1600,0
0.3,0.75,1,0,0.124921,0.125015,0.125193,0.125175,0.124799,0.12511,0.125219,0.124568,1600,0
0.3,0.75,1,1000,0.0953914,0.212873,0.104561,0.114561,0.158027,0.0492094,0.120651,0.144727,1600,0
0.3,0.75,1,2000,0.102015,0.221352,0.115558,0.0894906,0.179683,0.0209988,0.142134,0.128768,1600,0
0.3,0.75,1,3000,0.107077,0.20845,0.119032,0.091352,0.197238,0.00914961,0.147082,0.12062,1600,0
0.3,0.75,1,5000,0.116238,0.206041,0.125308,0.0855633,0.200649,0.00201758,0.150732,0.11345,1600,0
0.3,0.75,1,7000,0.114377,0.2053,0.126043,0.081352,0.197158,0,0.154834,0.120936,1600,0
0.3,0.75,1,10000,0.109735,0.204591,0.116679,0.0843074,0.207971,0,0.155989,0.120727,1600,0
0.3,0.75,1,25000,0.117448,0.206971,0.12603,0.0823914,0.202573,0,0.149853,0.114734,1600,0
0.3,0.75,1,50000,0.11268,0.199164,0.124768,0.0889758,0.202103,0,0.150002,0.122307,1600,0
0.25,0.75,1,0,0.124908,0.125406,0.125216,0.125159,0.124929,0.124643,0.124777,0.124962,1600,0
0.25,0.75,1,1000,0.107537,0.204941,0.120615,0.107927,0.157284,0.0346832,0.126314,0.140698,1600,0
0.25,0.75,1,2000,0.114904,0.205832,0.130702,0.0907109,0.189195,0.010607,0.136375,0.121673,1600,0
0.25,0.75,1,3000,0.12492,0.201796,0.131297,0.0875855,0.186664,0.00459063,0.145044,0.118104,1600,0
0.25,0.75,1,5000,0.126001,0.201918,0.136276,0.0828523,0.191919,0.000860547,0.150961,0.109213,1600,0
0.25,0.75,1,7000,0.123888,0.196123,0.130143,0.0867598,0.200052,7.38281e-05,0.149054,0.113907,1600,0
0.25,0.75,1,10000,0.122141,0.197566,0.132021,0.0857137,0.19387,0,0.149865,0.118823,1600,0
0.25,0.75,1,25000,0.125246,0.199072,0.13353,0.0825914,0.197284,0,0.14851,0.113766,1600,0
0.25,0.75,1,50000,0.123884,0.193127,0.134594,0.0861152,0.203237,0,0.149404,0.10964,1600,0
0.3,0.75,1,0,0.125075,0.125217,0.124333,0.125098,0.124902,0.125196,0.125288,0.124891,1600,0
0.3,0.75,1,1000,0.092816,0.218029,0.103378,0.109148,0.157707,0.0476766,0.120604,0.150642,1600,0
0.3,0.75,1,2000,0.10933,0.210041,0.115609,0.0950832,0.187987,0.0150094,0.14398,0.122961,1600,0
0.3,0.75,1,3000,0.112049,0.206389,0.130162,0.0908121,0.191069,0.00735781,0.147144,0.115017,1600,0
0.3,0.75,1,5000,0.110709,0.20732,0.124439,0.0797984,0.20972,0.00100273,0.151435,0.115576,1600,0
0.3,0.75,1,7000,0.115752,0.204468,0.121211,0.0841152,0.214913,0.000186328,0.147065,0.112289,1600,0
0.3,0.75,1,10000,0.11152,0.205858,0.125154,0.0843031,0.208758,0,0.150385,0.114022,1600,0
0.3,0.75,1,25000,0.116714,0.198657,0.124872,0.0836289,0.20538,0,0.148837,0.12191,1600,0
0.3,0.75,1,50000,0.11292,0.204313,0.128068,0.0822961,0.209695,0,0.148661,0.114048,1600,0
0.35,0.75,1,0,0.125051,0.125022,0.125078,0.124931,0.125077,0.125032,0.124774,0.125035,1600,0
0.35,0.75,1,1000,0.069123,0.230259,0.0836285,0.130121,0.144141,0.0672563,0.111665,0.163806,1600,0
0.35,0.75,1,2000,0.0803918,0.22627,0.0900312,0.121242,0.152057,0.0602805,0.118878,0.15085,1600,0
0.35,0.75,1,3000,0.0820109,0.229286,0.0910574,0.109456,0.158139,0.0514027,0.12998,0.148669,1600,0
0.35,0.75,1,5000,0.0928746,0.224402,0.108378,0.0937219,0.188017,0.0290434,0.129871,0.133692,1600,0
0.35,0.75,1,7000,0.0949262,0.221006,0.109652,0.0892906,0.200724,0.0176238,0.139867,0.126911,1600,0
0.35,0.75,1,10000,0.0981926,0.220537,0.109335,0.0888629,0.19424,0.017091,0.144368,0.127374,1600,0
0.35,0.75,1,25000,0.0936938,0.218727,0.112489,0.0833453,0.202446,0.00874375,0.149393,0.131162,1600,0
0.35,0.75,1,50000,0.103711,0.215493,0.121956,0.0775574,0.217856,0,0.148713,0.114714,1600,0
0.35,0.75,1,0,0.124813,0.124942,0.125216,0.124855,0.125059,0.125004,0.125162,0.124948,1600,0
0.35,0.75,1,1000,0.0685016,0.231472,0.0826152,0.13098,0.135143,0.0777797,0.109845,0.163664,1600,0
0.35,0.75,1,2000,0.0732699,0.225652,0.0923484,0.118878,0.145956,0.0668707,0.115878,0.161146,1600,0
0.35,0.75,1,3000,0.0781625,0.217726,0.0923863,0.115243,0.158827,0.0647094,0.107404,0.165542,1600,0
0.35,0.75,1,5000,0.0831438,0.222587,0.0992402,0.115856,0.161618,0.0517492,0.122836,0.142969,1600,0
0.35,0.75,1,7000,0.0826289,0.22238,0.0995148,0.10976,0.174143,0.0481168,0.121132,0.142325,1600,0
0.35,0.75,1,10000,0.0838082,0.224988,0.099027,0.102281,0.179255,0.0414059,0.128158,0.141077,1600,0
0.35,0.75,1,25000,0.0840383,0.226848,0.0971738,0.102785,0.178621,0.0398211,0.126855,0.143859,1600,0
0.35,0.75,1,50000,0.0990293,0.2201,0.11338,0.0781309,0.213666,0.00132305,0.153661,0.12071,1600,0
0.3,0.75,1,0,0.124883,0.125184,0.124837,0.125087,0.124804,0.125132,0.12508,0.124993,1600,0
0.3,0.75,1,1000,0.0886758,0.212949,0.102023,0.115423,0.160591,0.0500234,0.117707,0.152607,1600,0
0.3,0.75,1,2000,0.102116,0.211726,0.11257,0.0987855,0.188131,0.0227719,0.136104,0.127796,1600,0
0.3,0.75,1,3000,0.113482,0.206794,0.121269,0.0909777,0.191103,0.0134352,0.141436,0.121504,1600,0
0.3,0.75,1,5000,0.120854,0.204766,0.124783,0.0781078,0.201237,0.0017418,0.150263,0.118246,1600,0
0.3,0.75,1,7000,0.114587,0.207929,0.1296,0.0858332,0.199907,0,0.151063,0.11108,1600,0
0.3,0.75,1,10000,0.112401,0.21267,0.12532,0.0824043,0.199943,0,0.147063,0.120199,1600,0
0.3,0.75,1,25000,0.112766,0.20256,0.127473,0.0818695,0.208289,0,0.147965,0.119077,1600,0
0.3,0.75,1,50000,0.11244,0.208268,0.124291,0.0764582,0.213738,0,0.156439,0.108366,1600,0
0.4,0.75,1,0,0.124705,0.125079,0.125239,0.125273,0.124939,0.124925,0.124993,0.124846,1600,0
0.4,0.75,1,1000,0.0351262,0.244866,0.0425344,0.180371,0.0833984,0.145236,0.0676848,0.200783,1600,0
0.4,0.75,1,2000,0.0155406,0.253127,0.0209059,0.22061,0.0368574,0.196402,0.0294152,0.227142,1600,0
0.4,0.75,1,3000,0.00571836,0.254816,0.00843594,0.231152,0.0156945,0.230726,0.0117605,0.241697,1600,0
0.4,0.75,1,5000,0.000880078,0.250898,0.000805469,0.244243,0.000998828,0.250093,0.00145859,0.250623,1600,0
0.4,0.75,1,7000,0,0.247408,0,0.24926,0,0.25189,0,0.251442,1600,0
0.4,0.75,1,10000,0,0.249741,0,0.248789,0,0.249531,0,0.251939,1600,0
0.4,0.75,1,25000,0,0.246964,0,0.253423,0,0.249135,0,0.250477,1600,0
0.4,0.75,1,50000,0,0.252419,0,0.252455,0,0.244779,0,0.250347,1600,0
0,0.75,1,0,0.125106,0.125019,0.125259,0.125171,0.12499,0.125005,0.124615,0.124834,1600,0
0,0.75,1,1000,0.00219414,0.389962,0.00625,0.223711,0.0622203,0.0822187,0.0220852,0.211359,1600,520
0,0.75,1,2000,0.00219414,0.389962,0.00625,0.223711,0.0622203,0.0822187,0.0220852,0.211359,1600,520
0,0.75,1,3000,0.00219414,0.389962,0.00625,0.223711,0.0622203,0.0822187,0.0220852,0.211359,1600,520
0,0.75,1,5000,0.00219414,0.389962,0.00625,0.223711,0.0622203,0.0822187,0.0220852,0.211359,1600,520
0,0.75,1,7000,0.00219414,0.389962,0.00625,0.223711,0.0622203,0.0822187,0.0220852,0.211359,1600,520
0,0.75,1,10000,0.00219414,0.389962,0.00625,0.223711,0.0622203,0.0822187,0.0220852,0.211359,1600,520
0,0.75,1,25000,0.00219414,0.389962,0.00625,0.223711,0.0622203,0.0822187,0.0220852,0.211359,1600,520
0,0.75,1,50000,0.00219414,0.389962,0.00625,0.223711,0.0622203,0.0822187,0.0220852,0.211359,1600,520
0.35,0.75,1,0,0.125161,0.124902,0.124929,0.12493,0.124979,0.125026,0.125276,0.124797,1600,0
0.35,0.75,1,1000,0.0660805,0.229235,0.0834117,0.132769,0.132345,0.0867328,0.100079,0.169348,1600,0
0.35,0.75,1,2000,0.0734094,0.219327,0.0896145,0.128829,0.154501,0.0683277,0.10792,0.158071,1600,0
0.35,0.75,1,3000,0.0806051,0.224015,0.0937844,0.119628,0.156575,0.0592113,0.113934,0.152248,1600,0
0.35,0.75,1,5000,0.0864246,0.21857,0.100729,0.106635,0.171079,0.0411027,0.134229,0.141232,1600,0
0.35,0.75,1,7000,0.0889219,0.225133,0.104592,0.096859,0.185639,0.0289859,0.130851,0.139018,1600,0
0.35,0.75,1,10000,0.099082,0.221491,0.115339,0.0832203,0.192983,0.0124871,0.142219,0.133179,1600,0
0.35,0.75,1,25000,0.101571,0.218751,0.118196,0.0781977,0.212923,0.00430391,0.143809,0.122248,1600,0
0.35,0.75,1,50000,0.104105,0.213591,0.118102,0.0796738,0.203625,0,0.155044,0.12586,1600,0
0.4,0.75,1,0,0.125224,0.125099,0.124983,0.12483,0.124718,0.124971,0.125042,0.125133,1600,0
0.4,0.75,1,1000,0.0359793,0.249232,0.0498234,0.173122,0.0889559,0.138321,0.068041,0.196526,1600,0
0.4,0.75,1,2000,0.0202332,0.245131,0.0290094,0.202377,0.0526543,0.186132,0.0403254,0.224138,1600,0
0.4,0.75,1,3000,0.010598,0.250464,0.0123902,0.227849,0.024641,0.218481,0.0182109,0.237366,1600,0
0.4,0.75,1,5000,0.000463672,0.253375,0.00100469,0.243371,0.00354961,0.246127,0.00188984,0.250219,1600,0
0.4,0.75,1,7000,0,0.248448,0,0.251079,0,0.249352,0,0.251121,1600,0
0.4,0.75,1,10000,0,0.251604,0,0.251315,0,0.245837,0,0.251243,1600,0
0.4,0.75,1,25000,0,0.25249,0,0.252614,0,0.245555,0,0.249341,1600,0
0.4,0.75,1,50000,0,0.248211,0,0.249988,0,0.248951,0,0.252851,1600,0
0,0.75,1,0,0.125233,0.124886,0.124713,0.125056,0.124966,0.125014,0.124979,0.125153,1600,0
0,0.75,1,1000,0.00235586,0.391159,0.00638984,0.219641,0.0635312,0.0817129,0.0219652,0.213245,1600,660
0,0.75,1,2000,0.00235586,0.391159,0.00638984,0.219641,0.0635312,0.0817129,0.0219652,0.213245,1600,660
0,0.75,1,3000,0.00235586,0.391159,0.00638984,0.219641,0.0635312,0.0817129,0.0219652,0.213245,1600,660
0,0.75,1,5000,0.00235586,0.391159,0.00638984,0.219641,0.0635312,0.0817129,0.0219652,0.213245,1600,660
0,0.75,1,7000,0.00235586,0.391159,0.00638984,0.219641,0.0635312,0.0817129,0.0219652,0.213245,1600,660
0,0.75,1,10000,0.00235586,0.391159,0.00638984,0.219641,0.0635312,0.0817129,0.0219652,0.213245,1600,660
0,0.75,1,25000,0.00235586,0.391159,0.00638984,0.219641,0.0635312,0.0817129,0.0219652,0.213245,1600,660
0,0.75,1,50000,0.00235586,0.391159,0.00638984,0.219641,0.0635312,0.0817129,0.0219652,0.213245,1600,660
0.05,0.75,1,0,0.124648,0.125003,0.12491,0.125478,0.125078,0.124766,0.125105,0.125011,1600,0
0.05,0.75,1,1000,0.0810195,0.201458,0.0911469,0.154578,0.102028,0.105811,0.0796129,0.184346,1600,0
0.05,0.75,1,2000,0.107709,0.191745,0.116225,0.125604,0.123609,0.0719777,0.101829,0.1613,1600,0
0.05,0.75,1,3000,0.117416,0.188627,0.125279,0.116416,0.133472,0.0577926,0.110656,0.15034,1600,0
0.05,0.75,1,5000,0.123776,0.187957,0.12979,0.11791,0.146517,0.0419652,0.112173,0.139911,1600,0
0.05,0.75,1,7000,0.129386,0.185532,0.127491,0.107584,0.146458,0.0396465,0.118942,0.14496,1600,0
0.05,0.75,1,10000,0.134218,0.186306,0.140384,0.106471,0.153805,0.0297609,0.119112,0.129943,1600,0
0.05,0.75,1,25000,0.140138,0.182991,0.142629,0.100081,0.164233,0.0229945,0.12824,0.118693,1600,0
0.05,0.75,1,50000,0.136568,0.186464,0.141712,0.0948027,0.158491,0.0233543,0.126109,0.132498,1600,0
0.4,0.75,1,0,0.124877,0.124886,0.12485,0.125011,0.124662,0.124987,0.125372,0.125355,1600,0
0.4,0.75,1,1000,0.0341914,0.251165,0.0501105,0.165962,0.088475,0.137946,0.0752703,0.19688,1600,0
0.4,0.75,1,2000,0.0219324,0.249097,0.0294625,0.204093,0.0508902,0.187489,0.0397453,0.217291,1600,0
0.4,0.75,1,3000,0.00919492,0.249675,0.010273,0.228417,0.0251738,0.222909,0.0190859,0.235272,1600,0
0.4,0.75,1,5000,0,0.252121,2.34375e-06,0.246794,0.000189844,0.252755,0.000215625,0.247922,1600,0
0.4,0.75,1,7000,0,0.254538,0,0.246943,0,0.245198,0,0.253321,1600,0
0.4,0.75,1,10000,0,0.251382,0,0.247645,0,0.248505,0,0.252467,1600,0
0.4,0.75,1,25000,0,0.253265,0,0.247923,0,0.249519,0,0.249293,1600,0
0.4,0.75,1,50000,0,0.2483,0,0.251886,0,0.250016,0,0.249798,1600,0
0,0.75,1,0,0.125022,0.125537,0.124849,0.125025,0.124881,0.125236,0.124756,0.124694,1600,0
0,0.75,1,1000,0.00232422,0.391752,0.00647578,0.219627,0.0627828,0.0848902,0.022066,0.210081,1600,700
0,0.75,1,2000,0.00232422,0.391752,0.00647578,0.219627,0.0627828,0.0848902,0.022066,0.210081,1600,700
0,0.75,1,3000,0.00232422,0.391752,0.00647578,0.219627,0.0627828,0.0848902,0.022066,0.210081,1600,700
0,0.75,1,5000,0.00232422,0.391752,0.00647578,0.219627,0.0627828,0.0848902,0.022066,0.210081,1600,700
0,0.75,1,7000,0.00232422,0.391752,0.00647578,0.219627,0.0627828,0.0848902,0.022066,0.210081,1600,700
0,0.75,1,10000,0.00232422,0.391752,0.00647578,0.219627,0.0627828,0.0848902,0.022066,0.210081,1600,700
0,0.75,1,25000,0.00232422,0.391752,0.00647578,0.219627,0.0627828,0.0848902,0.022066,0.210081,1600,700
0,0.75,1,50000,0.00232422,0.391752,0.00647578,0.219627,0.0627828,0.0848902,0.022066,0.210081,1600,700
0.35,0.75,1,0,0.125047,0.124971,0.125096,0.125018,0.125228,0.124909,0.124714,0.125017,1600,0
0.35,0.75,1,1000,0.0663387,0.228209,0.0795363,0.134722,0.134067,0.0908344,0.0970609,0.169231,1600,0
0.35,0.75,1,2000,0.072348,0.22965,0.0813172,0.134571,0.136511,0.0841254,0.100929,0.160548,1600,0
0.35,0.75,1,3000,0.0706027,0.226407,0.0844863,0.126034,0.150298,0.0750109,0.105245,0.161915,1600,0
0.35,0.75,1,5000,0.0798945,0.219061,0.093827,0.114655,0.167164,0.0554121,0.12178,0.148207,1600,0
0.35,0.75,1,7000,0.0845687,0.221978,0.0987598,0.1079,0.173838,0.0454176,0.124657,0.14288,1600,0
0.35,0.75,1,10000,0.0891148,0.221261,0.099657,0.108836,0.175513,0.037052,0.127145,0.14142,1600,0
0.35,0.75,1,25000,0.093202,0.224048,0.11061,0.0948242,0.186238,0.0239488,0.136537,0.130592,1600,0
0.35,0.75,1,50000,0.0985395,0.218391,0.114012,0.0845711,0.200998,0.0146484,0.137345,0.131495,1600,0
0.05,0.75,1,0,0.124689,0.125205,0.125105,0.124955,0.125073,0.125311,0.12457,0.125093,1600,0
0.05,0.75,1,1000,0.0834187,0.196634,0.0935828,0.146503,0.101903,0.111516,0.0810687,0.185375,1600,0
0.05,0.75,1,2000,0.113314,0.189101,0.117393,0.123074,0.126648,0.0673848,0.103778,0.159308,1600,0
0.05,0.75,1,3000,0.117264,0.194879,0.123327,0.114385,0.137551,0.0513535,0.108985,0.152255,1600,0
0.05,0.75,1,5000,0.1289,0.188183,0.137208,0.110906,0.144527,0.0347789,0.116016,0.139481,1600,0
0.05,0.75,1,7000,0.132867,0.188884,0.132568,0.105454,0.15172,0.0349504,0.115857,0.1377,1600,0
0.05,0.75,1,10000,0.134984,0.18356,0.137665,0.109055,0.154045,0.0318922,0.116781,0.132018,1600,0
0.05,0.75,1,25000,0.132114,0.17989,0.14404,0.102399,0.155784,0.0284699,0.122598,0.134705,1600,0
0.05,0.75,1,50000,0.149277,0.179976,0.146971,0.0895273,0.171979,0.00847539,0.132925,0.12087,1600,0
0.1,0.75,1,0,0.125294,0.125255,0.12469,0.125061,0.124973,0.125138,0.125078,0.124511,1600,0
0.1,0.75,1,1000,0.117029,0.194783,0.119664,0.115696,0.141848,0.0522207,0.112979,0.14578,1600,0
0.1,0.75,1,2000,0.129403,0.184006,0.139646,0.101804,0.162112,0.0209508,0.129057,0.133021,1600,0
0.1,0.75,1,3000,0.136632,0.187528,0.139927,0.103863,0.165415,0.0133027,0.131587,0.121746,1600,0
0.1,0.75,1,5000,0.142798,0.182667,0.144424,0.0900398,0.173974,0.00661953,0.140367,0.119111,1600,0
0.1,0.75,1,7000,0.145311,0.181709,0.143515,0.0928992,0.178646,0.00304453,0.136671,0.118204,1600,0
0.1,0.75,1,10000,0.1504,0.182357,0.14483,0.0872211,0.175233,0.000843359,0.139614,0.119501,1600,0
0.1,0.75,1,25000,0.145586,0.178346,0.148354,0.0849898,0.188602,0,0.143814,0.110307,1600,0
0.1,0.75,1,50000,0.149141,0.1826,0.144151,0.0909332,0.17498,0,0.1411,0.117096,1600,0
0.05,0.75,1,0,0.125024,0.124838,0.125044,0.12538,0.124748,0.124743,0.125144,0.12508,1600,0
0.05,0.75,1,1000,0.0810891,0.197368,0.0923398,0.151611,0.102754,0.108768,0.0814266,0.184644,1600,0
0.05,0.75,1,2000,0.114143,0.191346,0.118427,0.129358,0.12675,0.0695406,0.0942605,0.156174,1600,0
0.05,0.75,1,3000,0.120868,0.191107,0.126427,0.119854,0.133398,0.0506359,0.110037,0.147672,1600,0
0.05,0.75,1,5000,0.128404,0.182924,0.133051,0.106904,0.144864,0.0380684,0.118274,0.14751,1600,0
0.05,0.75,1,7000,0.135085,0.182009,0.139461,0.105656,0.154579,0.0320727,0.118377,0.132761,1600,0
0.05,0.75,1,10000,0.134396,0.182636,0.143086,0.105164,0.158988,0.0279305,0.117376,0.130424,1600,0
0.05,0.75,1,25000,0.131748,0.186433,0.139449,0.104586,0.153136,0.0295305,0.124689,0.130428,1600,0
0.05,0.75,1,50000,0.14487,0.184396,0.146832,0.0992758,0.162654,0.0150156,0.122393,0.124563,1600,0
0.4,0.75,1,0,0.124768,0.125008,0.125145,0.124823,0.125109,0.124891,0.124949,0.125308,1600,0
0.4,0.75,1,1000,0.0403602,0.239773,0.0535102,0.171873,0.0944043,0.135023,0.0728719,0.192184,1600,0
0.4,0.75,1,2000,0.0188941,0.249764,0.0277312,0.206054,0.0468156,0.190564,0.0404793,0.219698,1600,0
0.4,0.75,1,3000,0.0108816,0.250456,0.0125988,0.224825,0.0219645,0.222739,0.0194641,0.237071,1600,0
0.4,0.75,1,5000,0.00139844,0.253714,0.00224141,0.244255,0.00326797,0.24505,0.0020668,0.248005,1600,0
0.4,0.75,1,7000,0,0.25536,0,0.24999,0,0.245813,0,0.248837,1600,0
0.4,0.75,1,10000,0,0.252811,0,0.2483,0,0.248131,0,0.250758,1600,0
0.4,0.75,1,25000,0,0.249813,0,0.24897,0,0.249479,0,0.251739,1600,0
0.4,0.75,1,50000,0,0.249224,0,0.252702,0,0.247775,0,0.250298,1600,0
0,0.75,1,0,0.124753,0.124732,0.124952,0.125216,0.125084,0.125538,0.124868,0.124858,1600,0
0,0.75,1,1000,0.00239961,0.392861,0.00624531,0.215529,0.0638992,0.0825871,0.0220625,0.214416,1600,500
0,0.75,1,2000,0.00239961,0.392861,0.00624531,0.215529,0.0638992,0.0825871,0.0220625,0.214416,1600,500
0,0.75,1,3000,0.00239961,0.392861,0.00624531,0.215529,0.0638992,0.0825871,0.0220625,0.214416,1600,500
0,0.75,1,5000,0.00239961,0.392861,0.00624531,0.215529,0.0638992,0.0825871,0.0220625,0.214416,1600,500
0,0.75,1,7000,0.00239961,0.392861,0.00624531,0.215529,0.0638992,0.0825871,0.0220625,0.214416,1600,500
0,0.75,1,10000,0.00239961,0.392861,0.00624531,0.215529,0.0638992,0.0825871,0.0220625,0.214416,1600,500
0,0.75,1,25000,0.00239961,0.392861,0.00624531,0.215529,0.0638992,0.0825871,0.0220625,0.214416,1600,500
0,0.75,1,50000,0.00239961,0.392861,0.00624531,0.215529,0.0638992,0.0825871,0.0220625,0.214416,1600,500
0.1,0.75,1,0,0.124977,0.124819,0.125102,0.125068,0.124943,0.125288,0.124602,0.125202,1600,0
0.1,0.75,1,1000,0.120893,0.194596,0.120567,0.112508,0.140264,0.0493777,0.114574,0.14722,1600,0
0.1,0.75,1,2000,0.129871,0.186876,0.135218,0.0987152,0.16719,0.0228121,0.131894,0.127425,1600,0
0.1,0.75,1,3000,0.137617,0.180252,0.14198,0.100327,0.170579,0.0148434,0.130154,0.124248,1600,0
0.1,0.75,1,5000,0.143454,0.181975,0.141573,0.0904016,0.179214,0.00495,0.138613,0.11982,1600,0
0.1,0.75,1,7000,0.14742,0.183381,0.148405,0.0929539,0.173189,0.00105859,0.140264,0.113329,1600,0
0.1,0.75,1,10000,0.145079,0.178943,0.14755,0.0870805,0.188026,0.000396875,0.139272,0.113654,1600,0
0.1,0.75,1,25000,0.151637,0.182161,0.14564,0.0892734,0.185996,0,0.134994,0.110298,1600,0
0.1,0.75,1,50000,0.14545,0.182424,0.150279,0.0863551,0.17887,0,0.14219,0.114432,1600,0
0.15,0.75,1,0,0.124924,0.125442,0.124962,0.125038,0.124654,0.124763,0.125321,0.124896,1600,0
0.15,0.75,1,1000,0.114921,0.192682,0.129472,0.104039,0.157811,0.0357645,0.123256,0.142055,1600,0
0.15,0.75,1,2000,0.130488,0.191963,0.131454,0.0955543,0.177443,0.0139437,0.140336,0.118818,1600,0
0.15,0.75,1,3000,0.137213,0.186857,0.139566,0.09405,0.171213,0.00753594,0.142114,0.121452,1600,0
0.15,0.75,1,5000,0.140148,0.187079,0.143875,0.0906078,0.17984,0.00316367,0.140157,0.11513,1600,0
0.15,0.75,1,7000,0.143984,0.180205,0.146337,0.0918621,0.17696,0.00123125,0.143927,0.115494,1600,0
0.15,0.75,1,10000,0.142121,0.185189,0.144961,0.0878836,0.181322,0.000109766,0.144788,0.113625,1600,0
0.15,0.75,1,25000,0.136396,0.185893,0.142909,0.0868687,0.18776,0,0.142464,0.117708,1600,0
0.15,0.75,1,50000,0.146204,0.184226,0.144604,0.0895258,0.178971,0,0.141207,0.115262,1600,0
0.1,0.75,1,0,0.125477,0.124834,0.124808,0.124645,0.125152,0.12525,0.124958,0.124875,1600,0
0.1,0.75,1,1000,0.119023,0.193561,0.120927,0.116668,0.138561,0.049891,0.110366,0.151002,1600,0
0.1,0.75,1,2000,0.126871,0.189084,0.134306,0.10093,0.161285,0.0306164,0.127204,0.129703,1600,0
0.1,0.75,1,3000,0.138563,0.181639,0.143245,0.0973082,0.167983,0.0117613,0.137309,0.122192,1600,0
0.1,0.75,1,5000,0.143618,0.181786,0.148521,0.0935023,0.183564,0.00315313,0.134448,0.111407,1600,0
0.1,0.75,1,7000,0.149421,0.184904,0.145979,0.0857332,0.181116,0.00122031,0.138841,0.112786,1600,0
0.1,0.75,1,10000,0.147061,0.182261,0.151032,0.0882504,0.175425,0,0.140826,0.115145,1600,0
0.1,0.75,1,25000,0.148464,0.180907,0.148805,0.0863441,0.184432,0,0.139223,0.111825,1600,0
0.1,0.75,1,50000,0.148134,0.180433,0.148345,0.0926137,0.181011,0,0.137445,0.112019,1600,0
0.15,0.75,1,0,0.12492,0.125039,0.124818,0.125076,0.125023,0.124893,0.125251,0.12498,1600,0
0.15,0.75,1,1000,0.122313,0.192972,0.122047,0.110758,0.157224,0.0363629,0.121108,0.137214,1600,0
0.15,0.75,1,2000,0.135295,0.185752,0.136564,0.0934348,0.175712,0.0136203,0.136087,0.123536,1600,0
0.15,0.75,1,3000,0.139035,0.184411,0.136321,0.0908023,0.183382,0.00882031,0.138611,0.118617,1600,0
0.15,0.75,1,5000,0.139072,0.188454,0.140244,0.0869891,0.188693,0.00216328,0.142351,0.112035,1600,0
0.15,0.75,1,7000,0.144419,0.187077,0.145154,0.0932719,0.183052,0.000503516,0.136903,0.10962,1600,0
0.15,0.75,1,10000,0.146506,0.188644,0.143678,0.0851957,0.176365,0,0.143238,0.116372,1600,0
0.15,0.75,1,25000,0.142114,0.182289,0.142289,0.0834535,0.192221,0,0.146193,0.111439,1600,0
0.15,0.75,1,50000,0.144488,0.189708,0.143316,0.0848324,0.180776,0,0.14592,0.11096,1600,0
0.05,0.75,1,0,0.124884,0.124813,0.12497,0.12544,0.124773,0.125259,0.124869,0.124992,1600,0
0.05,0.75,1,1000,0.0857117,0.195935,0.0939688,0.155208,0.0940781,0.112865,0.0821734,0.18006,1600,0
0.05,0.75,1,2000,0.113092,0.195989,0.119467,0.127903,0.125622,0.0637738,0.0980598,0.156093,1600,0
0.05,0.75,1,3000,0.118885,0.193372,0.127118,0.118847,0.136891,0.0486395,0.110645,0.145602,1600,0
0.05,0.75,1,5000,0.128134,0.185077,0.129243,0.119593,0.142251,0.0458551,0.108086,0.141761,1600,0
0.05,0.75,1,7000,0.129346,0.187638,0.129653,0.10612,0.1523,0.0346234,0.120619,0.1397,1600,0
0.05,0.75,1,10000,0.136172,0.176976,0.133666,0.105195,0.163332,0.0290398,0.117907,0.137713,1600,0
0.05,0.75,1,25000,0.135514,0.18635,0.144282,0.102627,0.158664,0.025334,0.126905,0.120325,1600,0
0.05,0.75,1,50000,0.142907,0.180706,0.145866,0.0980277,0.16464,0.0157852,0.129746,0.122322,1600,0
0.2,0.75,1,0,0.125004,0.125111,0.124866,0.125174,0.12468,0.125017,0.125311,0.124837,1600,0
0.2,0.75,1,1000,0.114428,0.195626,0.125054,0.105664,0.163553,0.0341809,0.128424,0.13307,1600,0
0.2,0.75,1,2000,0.126471,0.193751,0.130636,0.0912766,0.186615,0.0136773,0.137135,0.120438,1600,0
0.2,0.75,1,3000,0.129771,0.196428,0.1294,0.0915023,0.187151,0.00710664,0.141517,0.117123,1600,0
0.2,0.75,1,5000,0.131011,0.195605,0.135929,0.084298,0.190041,0.000976172,0.15065,0.111489,1600,0
0.2,0.75,1,7000,0.139398,0.195847,0.138253,0.0836836,0.191338,0,0.139137,0.112343,1600,0
0.2,0.75,1,10000,0.131571,0.195278,0.137955,0.0876711,0.189715,0,0.146549,0.111262,1600,0
0.2,0.75,1,25000,0.132472,0.195386,0.138528,0.0865016,0.188707,0,0.148717,0.109689,1600,0
0.2,0.75,1,50000,0.13109,0.194312,0.13896,0.0901191,0.185214,0,0.149629,0.110676,1600,0
0.15,0.75,1,0,0.124923,0.12494,0.124829,0.125211,0.124912,0.125316,0.124911,0.124958,1600,0
0.15,0.75,1,1000,0.121353,0.190998,0.128464,0.106432,0.153564,0.0323629,0.126264,0.140562,1600,0
0.15,0.75,1,2000,0.131088,0.190109,0.141622,0.0900316,0.178061,0.0136703,0.13848,0.116939,1600,0
0.15,0.75,1,3000,0.139184,0.190206,0.142137,0.0876992,0.176702,0.0071668,0.141567,0.115339,1600,0
0.15,0.75,1,5000,0.139909,0.186037,0.144512,0.0902355,0.172545,0.00196797,0.145104,0.119689,1600,0
0.15,0.75,1,7000,0.13807,0.18688,0.145973,0.0908543,0.188867,0.000719531,0.136446,0.11219,1600,0
0.15,0.75,1,10000,0.144467,0.187955,0.142593,0.0938207,0.18226,0,0.137877,0.111027,1600,0
0.15,0.75,1,25000,0.142932,0.185644,0.143031,0.0885336,0.181445,0,0.145187,0.113227,1600,0
0.15,0.75,1,50000,0.139177,0.17861,0.148645,0.0867055,0.180983,0,0.145669,0.120211,1600,0
0.2,0.75,1,0,0.12458,0.124935,0.125005,0.125134,0.124641,0.125236,0.125123,0.125346,1600,0
0.2,0.75,1,1000,0.116596,0.190517,0.12741,0.104321,0.158121,0.0343656,0.130515,0.138153,1600,0
0.2,0.75,1,2000,0.132579,0.189062,0.129553,0.0897625,0.18154,0.012959,0.1433,0.121245,1600,0
0.2,0.75,1,3000,0.130936,0.188442,0.132645,0.0933273,0.186441,0.00564766,0.144358,0.118203,1600,0
0.2,0.75,1,5000,0.136242,0.194059,0.138214,0.0891727,0.18197,0.000281641,0.142821,0.117241,1600,0
0.2,0.75,1,7000,0.135845,0.191853,0.140691,0.087848,0.186595,0.000180078,0.1459,0.111088,1600,0
0.2,0.75,1,10000,0.132079,0.199217,0.131161,0.0863477,0.191809,0,0.145657,0.11373,1600,0
0.2,0.75,1,25000,0.131941,0.190936,0.141175,0.0830609,0.193807,0,0.147326,0.111753,1600,0
0.2,0.75,1,50000,0.139398,0.182482,0.136163,0.0852238,0.19792,0,0.142176,0.116636,1600,0
0.1,0.75,1,0,0.125166,0.124747,0.125049,0.125267,0.124948,0.125323,0.124695,0.124805,1600,0
0.1,0.75,1,1000,0.116964,0.192592,0.122947,0.121329,0.144393,0.0496004,0.105359,0.146816,1600,0
0.1,0.75,1,2000,0.13042,0.18831,0.136365,0.098859,0.16873,0.0212496,0.130115,0.125952,1600,0
0.1,0.75,1,3000,0.14067,0.181723,0.147932,0.0974215,0.169179,0.0127785,0.127976,0.12232,1600,0
0.1,0.75,1,5000,0.148064,0.179992,0.147027,0.0914176,0.173054,0.00407617,0.140771,0.115598,1600,0
0.1,0.75,1,7000,0.147493,0.178549,0.148343,0.0896285,0.18117,0.000961719,0.137691,0.116164,1600,0
0.1,0.75,1,10000,0.151517,0.186645,0.150586,0.0843219,0.177711,3.94531e-05,0.137102,0.112077,1600,0
0.1,0.75,1,25000,0.150498,0.183272,0.144038,0.0912098,0.18224,0,0.138522,0.11022,1600,0
0.1,0.75,1,50000,0.151664,0.179271,0.148204,0.0861816,0.184679,0,0.13974,0.110259,1600,0
0.25,0.75,1,0,0.125032,0.125144,0.125384,0.125233,0.12478,0.124915,0.124599,0.124913,1600,0
0.25,0.75,1,1000,0.108387,0.203223,0.118872,0.10483,0.161743,0.038777,0.124911,0.139257,1600,0
0.25,0.75,1,2000,0.120427,0.202084,0.131352,0.087941,0.181027,0.0128621,0.143561,0.120746,1600,0
0.25,0.75,1,3000,0.12157,0.206186,0.129396,0.0862359,0.200434,0.00365703,0.141153,0.111367,1600,0
0.25,0.75,1,5000,0.121972,0.200109,0.134581,0.0845359,0.199584,0.000719531,0.145878,0.112621,1600,0
0.25,0.75,1,7000,0.122014,0.191881,0.128466,0.0864883,0.206881,0.000281641,0.150199,0.113788,1600,0
0.25,0.75,1,10000,0.125362,0.201341,0.128665,0.084882,0.199205,0,0.153829,0.106716,1600,0
0.25,0.75,1,25000,0.124941,0.196973,0.130023,0.0890082,0.196664,0,0.149099,0.113293,1600,0
0.25,0.75,1,50000,0.126836,0.200678,0.132874,0.0780102,0.196298,0,0.15195,0.113354,1600,0
0.2,0.75,1,0,0.125073,0.124927,0.125214,0.125018,0.125025,0.124792,0.124833,0.125118,1600,0
0.2,0.75,1,1000,0.116229,0.200692,0.122154,0.108624,0.163708,0.0309656,0.122686,0.134942,1600,0
0.2,0.75,1,2000,0.124418,0.190758,0.131989,0.0931418,0.18276,0.0121539,0.140815,0.123964,1600,0
0.2,0.75,1,3000,0.131431,0.191289,0.134748,0.093298,0.183565,0.00495391,0.141634,0.119081,1600,0
0.2,0.75,1,5000,0.1336,0.189429,0.141203,0.0873211,0.184722,0.00157852,0.141997,0.12015,1600,0
0.2,0.75,1,7000,0.132877,0.191997,0.142027,0.0850754,0.188719,0.0018918,0.146119,0.111294,1600,0
0.2,0.75,1,10000,0.130227,0.189189,0.14007,0.0849691,0.203522,0.000246875,0.143046,0.10873,1600,0
0.2,0.75,1,25000,0.133604,0.188398,0.13285,0.0859875,0.192662,0,0.151767,0.114731,1600,0
0.2,0.75,1,50000,0.128793,0.19353,0.136754,0.092041,0.189214,0,0.143731,0.115937,1600,0
0.25,0.75,1,0,0.124505,0.125145,0.125077,0.124826,0.125433,0.124967,0.125305,0.124742,1600,0
0.25,0.75,1,1000,0.104402,0.206068,0.111631,0.107455,0.159356,0.0400852,0.125152,0.14585,1600,0
0.25,0.75,1,2000,0.118993,0.198362,0.124104,0.0918875,0.180822,0.0146527,0.145647,0.125531,1600,0
0.25,0.75,1,3000,0.121235,0.199739,0.126539,0.0922672,0.191989,0.00606484,0.146976,0.115189,1600,0
0.25,0.75,1,5000,0.125321,0.200834,0.130798,0.0851676,0.200781,0.000590234,0.14175,0.114757,1600,0
0.25,0.75,1,7000,0.125391,0.196108,0.133084,0.0838984,0.205029,0,0.148214,0.108276,1600,0
0.25,0.75,1,10000,0.129737,0.20013,0.1336,0.0854867,0.193363,0,0.148151,0.109532,1600,0
0.25,0.75,1,25000,0.121453,0.198218,0.133021,0.0867562,0.193376,0,0.14606,0.121116,1600,0
0.25,0.75,1,50000,0.124571,0.196779,0.134816,0.0830965,0.20299,0,0.147937,0.109809,1600,0
0.3,0.75,1,0,0.125077,0.125071,0.124504,0.125086,0.125219,0.124797,0.125382,0.124864,1600,0
0.3,0.75,1,1000,0.0941512,0.215824,0.106084,0.118371,0.153267,0.0467828,0.120282,0.145239,1600,0
0.3,0.75,1,2000,0.105307,0.212582,0.114029,0.0961734,0.183733,0.0192293,0.143654,0.125293,1600,0
0.3,0.75,1,3000,0.107575,0.208141,0.123466,0.091652,0.195757,0.0086207,0.143912,0.120876,1600,0
0.3,0.75,1,5000,0.110823,0.201077,0.130493,0.0877125,0.204811,0.00445586,0.148416,0.112211,1600,0
0.3,0.75,1,7000,0.1139,0.207449,0.122017,0.0837039,0.203077,0.000198828,0.151448,0.118206,1600,0
0.3,0.75,1,10000,0.114089,0.208541,0.127422,0.0767379,0.207183,0,0.150377,0.115649,1600,0
0.3,0.75,1,25000,0.111097,0.202995,0.125132,0.0769719,0.214643,0,0.148134,0.121026,1600,0
0.3,0.75,1,50000,0.11705,0.200216,0.127311,0.0861668,0.207166,0,0.144228,0.117862,1600,0
0.25,0.75,1,0,0.125395,0.12488,0.124944,0.124889,0.124819,0.124996,0.125292,0.124784,1600,0
0.25,0.75,1,1000,0.106242,0.197202,0.117018,0.107041,0.159766,0.0358926,0.129982,0.146856,1600,0
0.25,0.75,1,2000,0.120941,0.202797,0.127535,0.0951066,0.176808,0.0158703,0.130708,0.130234,1600,0
0.25,0.75,1,3000,0.125411,0.193138,0.124787,0.0928273,0.194056,0.00574492,0.140555,0.123479,1600,0
0.25,0.75,1,5000,0.121687,0.18929,0.137255,0.0888449,0.194264,0.00168203,0.146203,0.120774,1600,0
0.25,0.75,1,7000,0.127308,0.200586,0.132137,0.091523,0.188713,0.000136719,0.14689,0.112705,1600,0
0.25,0.75,1,10000,0.124019,0.195187,0.131664,0.0828992,0.195957,0,0.152979,0.117295,1600,0
0.25,0.75,1,25000,0.121942,0.202685,0.127499,0.0832773,0.203724,0,0.145091,0.115782,1600,0
0.25,0.75,1,50000,0.123352,0.202404,0.129665,0.0872586,0.19991,0,0.148855,0.108555,1600,0
0.15,0.75,1,0,0.12508,0.124846,0.12522,0.125066,0.124968,0.125136,0.124792,0.12489,1600,0
0.15,0.75,1,1000,0.119454,0.191998,0.123891,0.110157,0.156297,0.0343473,0.123693,0.140164,1600,0
0.15,0.75,1,2000,0.141038,0.187232,0.138871,0.0967418,0.167876,0.0131422,0.130147,0.124953,1600,0
0.15,0.75,1,3000,0.136496,0.186489,0.138172,0.0964242,0.174634,0.00648437,0.14219,0.119111,1600,0
0.15,0.75,1,5000,0.139609,0.185812,0.139346,0.0956387,0.189317,0.00323437,0.137177,0.109866,1600,0
0.15,0.75,1,7000,0.141403,0.18196,0.143725,0.0882887,0.190543,0.000469141,0.142718,0.110894,1600,0
0.15,0.75,1,10000,0.141617,0.182251,0.146795,0.082282,0.190732,7.10938e-05,0.143864,0.112388,1600,0
0.15,0.75,1,25000,0.139495,0.186145,0.145994,0.0875438,0.187009,0,0.143829,0.109985,1600,0
0.15,0.75,1,50000,0.137623,0.188218,0.140733,0.0948508,0.178499,0,0.143014,0.117063,1600,0
0.3,0.75,1,0,0.124769,0.12515,0.125002,0.124999,0.124866,0.125081,0.124998,0.125135,1600,0
0.3,0.75,1,1000,0.0934184,0.214205,0.105566,0.107253,0.165016,0.0475395,0.126583,0.140418,1600,0
0.3,0.75,1,2000,0.108633,0.210085,0.118532,0.0930875,0.185974,0.02235,0.138069,0.123269,1600,0
0.3,0.75,1,3000,0.113801,0.209221,0.118824,0.0827461,0.202277,0.00653789,0.145989,0.120604,1600,0
0.3,0.75,1,5000,0.111877,0.204705,0.127591,0.0768465,0.211368,0.0020168,0.148796,0.1168,1600,0
0.3,0.75,1,7000,0.116698,0.205368,0.127721,0.0851949,0.200278,0,0.150574,0.114166,1600,0
0.3,0.75,1,10000,0.115391,0.210105,0.129549,0.0758402,0.194156,0,0.151984,0.122975,1600,0
0.3,0.75,1,25000,0.1195,0.204169,0.127131,0.0817707,0.200912,0,0.156957,0.109561,1600,0
0.3,0.75,1,50000,0.115392,0.209331,0.119637,0.0865832,0.209682,0,0.145743,0.113632,1600,0
0.35,0.75,1,0,0.12482,0.125043,0.1249,0.124816,0.125464,0.12474,0.125143,0.125073,1600,0
0.35,0.75,1,1000,0.0684492,0.225299,0.0861637,0.131936,0.135501,0.083066,0.104204,0.165382,1600,0
0.35,0.75,1,2000,0.0733188,0.228949,0.0892926,0.123368,0.143087,0.0673559,0.113216,0.161412,1600,0
0.35,0.75,1,3000,0.0782902,0.220392,0.0951289,0.112095,0.162885,0.0503758,0.124609,0.156225,1600,0
0.35,0.75,1,5000,0.0806301,0.226974,0.0934359,0.112582,0.176192,0.0439773,0.11875,0.147458,1600,0
0.35,0.75,1,7000,0.0873301,0.217135,0.10143,0.106515,0.175875,0.0417586,0.126595,0.143361,1600,0
0.35,0.75,1,10000,0.0912004,0.223535,0.102978,0.101862,0.177285,0.0302984,0.135008,0.137833,1600,0
0.35,0.75,1,25000,0.0980879,0.22086,0.112326,0.0828863,0.201356,0.01155,0.145768,0.127166,1600,0
0.35,0.75,1,50000,0.101989,0.217696,0.120647,0.0745844,0.209813,0,0.150251,0.12502,1600,0
0.3,0.75,1,0,0.124995,0.125379,0.125143,0.124973,0.124989,0.124817,0.124798,0.124906,1600,0
0.3,0.75,1,1000,0.0929363,0.214058,0.103656,0.112305,0.152409,0.0494293,0.124036,0.151169,1600,0
0.3,0.75,1,2000,0.1093,0.210966,0.121727,0.0897742,0.180518,0.0186973,0.140242,0.128777,1600,0
0.3,0.75,1,3000,0.109006,0.202159,0.127521,0.0837012,0.192118,0.0103359,0.150286,0.124872,1600,0
0.3,0.75,1,5000,0.11575,0.20287,0.127227,0.081257,0.198731,0.00144336,0.156376,0.116346,1600,0
0.3,0.75,1,7000,0.114166,0.211126,0.123145,0.0838605,0.205764,0.000316406,0.144501,0.117121,1600,0
0.3,0.75,1,10000,0.118755,0.204073,0.130042,0.0808242,0.203106,5.58594e-05,0.150302,0.112841,1600,0
0.3,0.75,1,25000,0.114089,0.205289,0.126656,0.0827125,0.19951,0,0.15253,0.119213,1600,0
0.3,0.75,1,50000,0.112625,0.200584,0.128329,0.0859879,0.203941,0,0.150254,0.118278,1600,0
0.2,0.75,1,0,0.125071,0.125263,0.12506,0.125007,0.125255,0.124868,0.124723,0.124754,1600,0
0.2,0.75,1,1000,0.113706,0.187701,0.123535,0.107905,0.157006,0.0352336,0.130809,0.144104,1600,0
0.2,0.75,1,2000,0.127716,0.187516,0.130411,0.096398,0.181899,0.0120785,0.146689,0.117293,1600,0
0.2,0.75,1,3000,0.132099,0.192798,0.133246,0.0909238,0.192316,0.0032957,0.143581,0.111741,1600,0
0.2,0.75,1,5000,0.12943,0.199134,0.134446,0.0895906,0.189476,0.00186914,0.142193,0.113862,1600,0
0.2,0.75,1,7000,0.132006,0.187879,0.137286,0.085741,0.189212,0.000702734,0.152519,0.114655,1600,0
0.2,0.75,1,10000,0.13377,0.187816,0.139668,0.0821977,0.192821,0.000504688,0.151741,0.111482,1600,0
0.2,0.75,1,25000,0.136206,0.197776,0.140087,0.0815437,0.185696,0,0.149013,0.109678,1600,0
0.2,0.75,1,50000,0.134241,0.189835,0.139461,0.0935449,0.188348,0,0.143458,0.111113,1600,0
0.35,0.75,1,0,0.124938,0.124996,0.125107,0.125037,0.124845,0.125298,0.124682,0.125096,1600,0
0.35,0.75,1,1000,0.0731,0.227923,0.0872875,0.126989,0.140277,0.072709,0.110767,0.160947,1600,0
0.35,0.75,1,2000,0.0769988,0.220509,0.0926105,0.111893,0.167474,0.0578562,0.118632,0.154027,1600,0
0.35,0.75,1,3000,0.0825645,0.222674,0.0976344,0.114253,0.163455,0.0497469,0.12127,0.148402,1600,0
0.35,0.75,1,5000,0.0922762,0.213134,0.110037,0.0947426,0.189741,0.0278715,0.135226,0.136971,1600,0
0.35,0.75,1,7000,0.0932539,0.219661,0.107566,0.0928117,0.200257,0.0221824,0.136424,0.127844,1600,0
0.35,0.75,1,10000,0.101143,0.216465,0.119699,0.0837824,0.201494,0.0115348,0.146244,0.119638,1600,0
0.35,0.75,1,25000,0.0994648,0.220439,0.118888,0.0758816,0.207226,0,0.155148,0.122952,1600,0
0.35,0.75,1,50000,0.100958,0.218409,0.120002,0.0779891,0.213743,0,0.152443,0.116456,1600,0
0.4,0.75,1,0,0.125025,0.124724,0.124831,0.12502,0.124801,0.12499,0.125118,0.125491,1600,0
0.4,0.75,1,1000,0.0416395,0.246705,0.0512625,0.172085,0.086416,0.137305,0.0668555,0.197732,1600,0
0.4,0.75,1,2000,0.0184281,0.248973,0.0279332,0.209564,0.0449801,0.191004,0.0352387,0.223879,1600,0
0.4,0.75,1,3000,0.00873164,0.247765,0.00958516,0.23749,0.0138301,0.231827,0.0138242,0.236947,1600,0
0.4,0.75,1,5000,0,0.25142,0,0.248002,0,0.248878,0,0.251701,1600,0
0.4,0.75,1,7000,0,0.248048,0,0.251582,0,0.248327,0,0.252043,1600,0
0.4,0.75,1,10000,0,0.249179,0,0.250558,0,0.251442,0,0.248821,1600,0
0.4,0.75,1,25000,0,0.247323,0,0.252415,0,0.252065,0,0.248196,1600,0
0.4,0.75,1,50000,0,0.249128,0,0.249689,0,0.248277,0,0.252906,1600,0
0,0.75,1,0,0.125039,0.124726,0.124838,0.125145,0.125415,0.125124,0.124676,0.125037,1600,0
0,0.75,1,1000,0.0023793,0.389375,0.00625234,0.225388,0.0618277,0.0822395,0.0226355,0.209902,1600,580
0,0.75,1,2000,0.0023793,0.389375,0.00625234,0.225388,0.0618277,0.0822395,0.0226355,0.209902,1600,580
0,0.75,1,3000,0.0023793,0.389375,0.00625234,0.225388,0.0618277,0.0822395,0.0226355,0.209902,1600,580
0,0.75,1,5000,0.0023793,0.389375,0.00625234,0.225388,0.0618277,0.0822395,0.0226355,0.209902,1600,580
0,0.75,1,7000,0.0023793,0.389375,0.00625234,0.225388,0.0618277,0.0822395,0.0226355,0.209902,1600,580
0,0.75,1,10000,0.0023793,0.389375,0.00625234,0.225388,0.0618277,0.0822395,0.0226355,0.209902,1600,580
0,0.75,1,25000,0.0023793,0.389375,0.00625234,0.225388,0.0618277,0.0822395,0.0226355,0.209902,1600,580
0,0.75,1,50000,0.0023793,0.389375,0.00625234,0.225388,0.0618277,0.0822395,0.0226355,0.209902,1600,580
0.35,0.75,1,0,0.124998,0.124965,0.124942,0.125114,0.124845,0.125101,0.125158,0.124877,1600,0
0.35,0.75,1,1000,0.0733367,0.227049,0.0895352,0.129572,0.136728,0.0718289,0.10455,0.167401,1600,0
0.35,0.75,1,2000,0.083052,0.227027,0.0959371,0.112339,0.161122,0.0524109,0.122802,0.145311,1600,0
0.35,0.75,1,3000,0.0871316,0.218266,0.104478,0.10286,0.1727,0.0394223,0.132275,0.142866,1600,0
0.35,0.75,1,5000,0.0923168,0.222759,0.107446,0.0889098,0.191677,0.0251059,0.141162,0.130623,1600,0
0.35,0.75,1,7000,0.0973836,0.212093,0.116656,0.0869746,0.197382,0.0161512,0.140087,0.133273,1600,0
0.35,0.75,1,10000,0.0958383,0.219074,0.113302,0.0840094,0.208497,0.00943008,0.145566,0.124283,1600,0
0.35,0.75,1,25000,0.101131,0.216745,0.115646,0.0776352,0.215051,0,0.152219,0.121573,1600,0
0.35,0.75,1,50000,0.100379,0.211882,0.121168,0.0719879,0.213487,0,0.155248,0.125849,1600,0
0.4,0.75,1,0,0.125395,0.124887,0.125019,0.124753,0.125306,0.124808,0.124857,0.124976,1600,0
0.4,0.75,1,1000,0.0367871,0.248926,0.0468141,0.169898,0.090682,0.141263,0.0657887,0.199841,1600,0
0.4,0.75,1,2000,0.0117746,0.254021,0.0192539,0.217024,0.0336227,0.201212,0.0313883,0.231703,1600,0
0.4,0.75,1,3000,0.0038457,0.249328,0.00547656,0.242793,0.0112465,0.237189,0.00785547,0.242266,1600,0
0.4,0.75,1,5000,0,0.249937,0,0.254092,0,0.249121,0,0.24685,1600,0
0.4,0.75,1,7000,0,0.246064,0,0.252855,0,0.251965,0,0.249116,1600,0
0.4,0.75,1,10000,0,0.253023,0,0.245809,0,0.252054,0,0.249115,1600,0
0.4,0.75,1,25000,0,0.245977,0,0.251239,0,0.252713,0,0.250071,1600,0
0.4,0.75,1,50000,0,0.244552,0,0.249275,0,0.256965,0,0.249208,1600,0
0,0.75,1,0,0.124477,0.125307,0.125016,0.125236,0.124828,0.124848,0.125161,0.125127,1600,0
0,0.75,1,1000,0.00228555,0.392236,0.00608477,0.222457,0.0619133,0.0828617,0.0220863,0.210075,1600,640
0,0.75,1,2000,0.00228555,0.392236,0.00608477,0.222457,0.0619133,0.0828617,0.0220863,0.210075,1600,640
0,0.75,1,3000,0.00228555,0.392236,0.00608477,0.222457,0.0619133,0.0828617,0.0220863,0.210075,1600,640
0,0.75,1,5000,0.00228555,0.392236,0.00608477,0.222457,0.0619133,0.0828617,0.0220863,0.210075,1600,640
0,0.75,1,7000,0.00228555,0.392236,0.00608477,0.222457,0.0619133,0.0828617,0.0220863,0.210075,1600,640
0,0.75,1,10000,0.00228555,0.392236,0.00608477,0.222457,0.0619133,0.0828617,0.0220863,0.210075,1600,640
0,0.75,1,25000,0.00228555,0.392236,0.00608477,0.222457,0.0619133,0.0828617,0.0220863,0.210075,1600,640
0,0.75,1,50000,0.00228555,0.392236,0.00608477,0.222457,0.0619133,0.0828617,0.0220863,0.210075,1600,640
0.25,0.75,1,0,0.125009,0.124908,0.125045,0.124884,0.124752,0.125158,0.12502,0.125224,1600,0
0.25,0.75,1,1000,0.103929,0.204787,0.116332,0.109361,0.158888,0.0391277,0.127519,0.140055,1600,0
0.25,0.75,1,2000,0.121458,0.198764,0.123497,0.0929578,0.18367,0.011584,0.146548,0.121521,1600,0
0.25,0.75,1,3000,0.120709,0.1967,0.135129,0.0822676,0.194119,0.0070457,0.147009,0.117021,1600,0
0.25,0.75,1,5000,0.123538,0.204724,0.130637,0.0853094,0.199745,0.00208437,0.143322,0.110639,1600,0
0.25,0.75,1,7000,0.127319,0.193992,0.133527,0.0880285,0.185964,0.00140156,0.149504,0.120264,1600,0
0.25,0.75,1,10000,0.123512,0.202298,0.13437,0.0858324,0.191855,0,0.150365,0.111769,1600,0
0.25,0.75,1,25000,0.129591,0.201576,0.132341,0.0846563,0.194493,0,0.14563,0.111712,1600,0
0.25,0.75,1,50000,0.12628,0.202519,0.130192,0.085775,0.19328,0,0.147317,0.114637,1600,0
0.05,0.75,1,0,0.125081,0.125022,0.124977,0.125211,0.12479,0.125068,0.124709,0.125142,1600,0
0.05,0.75,1,1000,0.0851582,0.201303,0.0900551,0.14977,0.0950262,0.107658,0.0793051,0.191725,1600,0
0.05,0.75,1,2000,0.10873,0.195727,0.111836,0.133225,0.124914,0.069098,0.100675,0.155795,1600,0
0.05,0.75,1,3000,0.122801,0.191916,0.123716,0.114227,0.133275,0.0517898,0.10984,0.152436,1600,0
0.05,0.75,1,5000,0.126945,0.192133,0.128724,0.110098,0.141768,0.041427,0.113283,0.145621,1600,0
0.05,0.75,1,7000,0.124377,0.183348,0.135097,0.113095,0.149155,0.0359918,0.116722,0.142216,1600,0
0.05,0.75,1,10000,0.131203,0.192937,0.130797,0.107627,0.147223,0.0358004,0.116209,0.138204,1600,0
0.05,0.75,1,25000,0.130769,0.192165,0.134189,0.107204,0.153629,0.0306012,0.120636,0.130807,1600,0
0.05,0.75,1,50000,0.135532,0.187977,0.137158,0.100306,0.159341,0.0245477,0.11525,0.139889,1600,0
0.4,0.75,1,0,0.124926,0.124584,0.125395,0.124497,0.125362,0.125352,0.125221,0.124662,1600,0
0.4,0.75,1,1000,0.032052,0.244454,0.0422035,0.189046,0.0760645,0.155782,0.055843,0.204555,1600,0
0.4,0.75,1,2000,0.0146008,0.251003,0.017377,0.21575,0.0338152,0.202498,0.028225,0.236732,1600,0
0.4,0.75,1,3000,0.00535938,0.248348,0.00745742,0.236303,0.0161266,0.231656,0.0103211,0.244428,1600,0
0.4,0.75,1,5000,0.000258984,0.25544,0.000176953,0.254012,0.000805859,0.242827,0.000644922,0.245834,1600,0
0.4,0.75,1,7000,0,0.250809,0,0.249475,0,0.24807,0,0.251645,1600,0
0.4,0.75,1,10000,0,0.25425,0,0.246438,0,0.248598,0,0.250713,1600,0
0.4,0.75,1,25000,0,0.254297,0,0.252303,0,0.247762,0,0.245638,1600,0
0.4,0.75,1,50000,0,0.246162,0,0.249841,0,0.250706,0,0.253291,1600,0
0,0.75,1,0,0.124718,0.125033,0.124985,0.125413,0.125156,0.124872,0.124651,0.125173,1600,0
0,0.75,1,1000,0.00234375,0.394352,0.00612617,0.218644,0.0628484,0.0830258,0.0229141,0.209746,1600,520
0,0.75,1,2000,0.00234375,0.394352,0.00612617,0.218644,0.0628484,0.0830258,0.0229141,0.209746,1600,520
0,0.75,1,3000,0.00234375,0.394352,0.00612617,0.218644,0.0628484,0.0830258,0.0229141,0.209746,1600,520
0,0.75,1,5000,0.00234375,0.394352,0.00612617,0.218644,0.0628484,0.0830258,0.0229141,0.209746,1600,520
0,0.75,1,7000,0.00234375,0.394352,0.00612617,0.218644,0.0628484,0.0830258,0.0229141,0.209746,1600,520
0,0.75,1,10000,0.00234375,0.394352,0.00612617,0.218644,0.0628484,0.0830258,0.0229141,0.209746,1600,520
0,0.75,1,25000,0.00234375,0.394352,0.00612617,0.218644,0.0628484,0.0830258,0.0229141,0.209746,1600,520
0,0.75,1,50000,0.00234375,0.394352,0.00612617,0.218644,0.0628484,0.0830258,0.0229141,0.209746,1600,520
0.05,0.75,1,0,0.125114,0.125068,0.124805,0.124869,0.12504,0.124894,0.125023,0.125186,1600,0
0.05,0.75,1,1000,0.0872742,0.204798,0.0906621,0.144517,0.0955871,0.110478,0.0798773,0.186807,1600,0
0.05,0.75,1,2000,0.110759,0.197161,0.116261,0.128357,0.123602,0.064634,0.101076,0.15815,1600,0
0.05,0.75,1,3000,0.120127,0.195874,0.120765,0.116698,0.13624,0.0507414,0.106646,0.152909,1600,0
0.05,0.75,1,5000,0.126841,0.191581,0.131211,0.112908,0.142787,0.042973,0.110183,0.141516,1600,0
0.05,0.75,1,7000,0.130574,0.185462,0.132187,0.107954,0.150922,0.038823,0.117361,0.136717,1600,0
0.05,0.75,1,10000,0.13045,0.184015,0.132022,0.108199,0.151284,0.0331793,0.121718,0.139132,1600,0
0.05,0.75,1,25000,0.140155,0.183058,0.140707,0.0986625,0.168739,0.0190738,0.125495,0.12411,1600,0
0.05,0.75,1,50000,0.134158,0.183092,0.14152,0.103855,0.163558,0.0221164,0.123861,0.127841,1600,0
0.1,0.75,1,0,0.125175,0.125111,0.124944,0.124879,0.125083,0.124901,0.125069,0.124839,1600,0
0.1,0.75,1,1000,0.116307,0.18813,0.125677,0.121886,0.137,0.050477,0.108981,0.151542,1600,0
0.1,0.75,1,2000,0.133771,0.182273,0.137193,0.100565,0.164624,0.0242227,0.123517,0.133835,1600,0
0.1,0.75,1,3000,0.138661,0.185893,0.143861,0.0989258,0.161848,0.015959,0.132652,0.1222,1600,0
0.1,0.75,1,5000,0.141855,0.181236,0.144261,0.0896121,0.174092,0.00613477,0.142104,0.120705,1600,0
0.1,0.75,1,7000,0.149011,0.180485,0.146437,0.0929609,0.174533,0.00181445,0.137838,0.11692,1600,0
0.1,0.75,1,10000,0.147354,0.18138,0.148578,0.0895027,0.181039,0,0.14003,0.112116,1600,0
0.1,0.75,1,25000,0.151633,0.17478,0.148504,0.0894492,0.183975,0,0.136509,0.115149,1600,0
0.1,0.75,1,50000,0.149848,0.17918,0.150778,0.0914621,0.18138,0,0.137432,0.10992,1600,0
0.3,0.75,1,0,0.124996,0.125255,0.124696,0.125135,0.124768,0.124895,0.12526,0.124995,1600,0
0.3,0.75,1,1000,0.0915203,0.210536,0.103841,0.109861,0.163193,0.0476207,0.12315,0.150279,1600,0
0.3,0.75,1,2000,0.110177,0.204148,0.123593,0.0934699,0.184011,0.017641,0.1373,0.129659,1600,0
0.3,0.75,1,3000,0.111637,0.205639,0.1235,0.0890281,0.19635,0.00724805,0.145195,0.121404,1600,0
0.3,0.75,1,5000,0.114304,0.204011,0.12444,0.0768363,0.21317,0.000957813,0.152079,0.114202,1600,0
0.3,0.75,1,7000,0.111716,0.20882,0.123978,0.0777141,0.210257,0.000182031,0.150338,0.116995,1600,0
0.3,0.75,1,10000,0.117792,0.201107,0.126373,0.0816477,0.203236,0,0.155625,0.114221,1600,0
0.3,0.75,1,25000,0.116667,0.20657,0.126114,0.0793699,0.212565,0,0.146173,0.112541,1600,0
0.3,0.75,1,50000,0.118174,0.203602,0.125949,0.0816871,0.203266,0,0.148098,0.119224,1600,0
0.05,0.75,1,0,0.125388,0.124985,0.124916,0.125287,0.12474,0.124642,0.125139,0.124903,1600,0
0.05,0.75,1,1000,0.0841297,0.197818,0.0921184,0.151653,0.0960961,0.114319,0.079509,0.184357,1600,0
0.05,0.75,1,2000,0.109441,0.186796,0.113939,0.126782,0.127894,0.0741035,0.102708,0.158336,1600,0
0.05,0.75,1,3000,0.117423,0.189872,0.118539,0.120112,0.137241,0.0547027,0.111147,0.150962,1600,0
0.05,0.75,1,5000,0.12298,0.186103,0.128486,0.113997,0.144347,0.038882,0.112651,0.152554,1600,0
0.05,0.75,1,7000,0.129085,0.184375,0.1353,0.106229,0.146195,0.037977,0.116385,0.144454,1600,0
0.05,0.75,1,10000,0.135286,0.186536,0.136566,0.109233,0.154587,0.0284875,0.120348,0.128957,1600,0
0.05,0.75,1,25000,0.140271,0.1823,0.145586,0.0937527,0.174479,0.0124734,0.12727,0.123868,1600,0
0.05,0.75,1,50000,0.135054,0.18229,0.140718,0.103161,0.162696,0.0235406,0.121259,0.131282,1600,0
0.1,0.75,1,0,0.125052,0.125175,0.124847,0.125073,0.124982,0.124938,0.124938,0.124996,1600,0
0.1,0.75,1,1000,0.116559,0.184703,0.123654,0.116314,0.141063,0.0494699,0.109624,0.158614,1600,0
0.1,0.75,1,2000,0.133006,0.1812,0.139144,0.0991695,0.165684,0.0214035,0.128262,0.132131,1600,0
0.1,0.75,1,3000,0.141479,0.181216,0.142442,0.0996594,0.166532,0.0139008,0.132466,0.122305,1600,0
0.1,0.75,1,5000,0.144465,0.18007,0.150846,0.090527,0.177608,0.00474727,0.134394,0.117343,1600,0
0.1,0.75,1,7000,0.147245,0.180561,0.144616,0.0913066,0.184573,0.000783594,0.133437,0.117476,1600,0
0.1,0.75,1,10000,0.149143,0.184165,0.150309,0.0904352,0.171161,0,0.138653,0.116134,1600,0
0.1,0.75,1,25000,0.149285,0.183696,0.147085,0.0916535,0.184188,0,0.13973,0.104362,1600,0
0.1,0.75,1,50000,0.152498,0.176534,0.145162,0.0884133,0.186601,0,0.13976,0.111031,1600,0
0.15,0.75,1,0,0.124747,0.125112,0.124943,0.125009,0.125079,0.125041,0.124804,0.125264,1600,0
0.15,0.75,1,1000,0.120826,0.193232,0.126158,0.109259,0.152915,0.0337691,0.123967,0.139875,1600,0
0.15,0.75,1,2000,0.134143,0.188102,0.133412,0.0981848,0.177615,0.0156441,0.129086,0.123812,1600,0
0.15,0.75,1,3000,0.138154,0.191408,0.136983,0.0913676,0.183931,0.00805273,0.135619,0.114484,1600,0
0.15,0.75,1,5000,0.139863,0.184045,0.146154,0.0915469,0.175016,0.00251563,0.147567,0.113293,1600,0
0.15,0.75,1,7000,0.139015,0.182436,0.143034,0.0880516,0.188421,6.48438e-05,0.146953,0.112025,1600,0
0.15,0.75,1,10000,0.143369,0.188122,0.142807,0.0867172,0.188287,0,0.14183,0.108868,1600,0
0.15,0.75,1,25000,0.139286,0.180645,0.144161,0.0823688,0.184724,0,0.149836,0.11898,1600,0
0.15,0.75,1,50000,0.145271,0.184573,0.141946,0.093341,0.183537,0,0.137742,0.113589,1600,0
0.1,0.75,1,0,0.124704,0.124751,0.125175,0.125059,0.124893,0.125087,0.125127,0.125203,1600,0
0.1,0.75,1,1000,0.114637,0.199666,0.122048,0.119916,0.136841,0.0485754,0.111821,0.146496,1600,0
0.1,0.75,1,2000,0.134209,0.190687,0.137326,0.102656,0.161961,0.0226898,0.124612,0.125861,1600,0
0.1,0.75,1,3000,0.135588,0.184686,0.142201,0.0962164,0.170429,0.0131137,0.130555,0.127211,1600,0
0.1,0.75,1,5000,0.144641,0.185296,0.140329,0.091073,0.17869,0.00350273,0.140227,0.11624,1600,0
0.1,0.75,1,7000,0.144396,0.178821,0.146769,0.0878883,0.187333,0.00292656,0.136636,0.11523,1600,0
0.1,0.75,1,10000,0.147207,0.17732,0.146028,0.093207,0.180848,0.000839062,0.140588,0.113964,1600,0
0.1,0.75,1,25000,0.148396,0.178596,0.147146,0.090475,0.186652,0,0.133316,0.115418,1600,0
0.1,0.75,1,50000,0.147123,0.184233,0.146914,0.0872016,0.181051,0,0.137367,0.116111,1600,0
0.35,0.75,1,0,0.125005,0.124748,0.125318,0.125288,0.124987,0.124618,0.124887,0.12515,1600,0
0.35,0.75,1,1000,0.0720871,0.225785,0.089398,0.132198,0.140186,0.0729996,0.108254,0.159092,1600,0
0.35,0.75,1,2000,0.0763723,0.230643,0.0921941,0.112814,0.163753,0.055141,0.118177,0.150905,1600,0
0.35,0.75,1,3000,0.087673,0.22373,0.101538,0.10567,0.173263,0.0399086,0.129683,0.138534,1600,0
0.35,0.75,1,5000,0.0877516,0.223632,0.105632,0.0963848,0.194935,0.0256516,0.135321,0.130693,1600,0
0.35,0.75,1,7000,0.0996984,0.216604,0.116826,0.0847906,0.196794,0.0132695,0.148441,0.123576,1600,0
0.35,0.75,1,10000,0.0995945,0.213894,0.116447,0.0834531,0.204777,0.0100461,0.144952,0.126836,1600,0
0.35,0.75,1,25000,0.0999793,0.217018,0.116447,0.0796836,0.21625,0,0.154857,0.115764,1600,0
0.35,0.75,1,50000,0.105341,0.213543,0.11669,0.0781258,0.215454,0,0.153739,0.117107,1600,0
0.15,0.75,1,0,0.125039,0.125085,0.124975,0.125255,0.125126,0.124591,0.125054,0.124876,1600,0
0.15,0.75,1,1000,0.119797,0.18875,0.130021,0.105537,0.156291,0.0362652,0.123631,0.139708,1600,0
0.15,0.75,1,2000,0.127021,0.18422,0.143375,0.101437,0.172411,0.0168426,0.133234,0.121459,1600,0
0.15,0.75,1,3000,0.137439,0.193416,0.137395,0.0929254,0.1858,0.0050457,0.138879,0.1091,1600,0
0.15,0.75,1,5000,0.14208,0.189676,0.143196,0.0909414,0.182777,0.00133672,0.142195,0.107797,1600,0
0.15,0.75,1,7000,0.138372,0.184414,0.148063,0.0917027,0.180858,0.000803125,0.140964,0.114822,1600,0
0.15,0.75,1,10000,0.137831,0.183673,0.140858,0.0907371,0.191062,0.000328516,0.140131,0.115379,1600,0
0.15,0.75,1,25000,0.142658,0.182846,0.139595,0.0853051,0.185395,0,0.147499,0.116702,1600,0
0.15,0.75,1,50000,0.140862,0.188039,0.136776,0.088041,0.184095,0,0.146239,0.115948,1600,0
0.2,0.75,1,0,0.124961,0.124965,0.124902,0.125289,0.12508,0.125056,0.124914,0.124832,1600,0
0.2,0.75,1,1000,0.119543,0.19564,0.125139,0.100569,0.16288,0.0348641,0.130899,0.130466,1600,0
0.2,0.75,1,2000,0.126002,0.194228,0.133927,0.0940645,0.178824,0.0121195,0.141193,0.119642,1600,0
0.2,0.75,1,3000,0.134789,0.202895,0.133159,0.0880898,0.181385,0.00375664,0.14284,0.113087,1600,0
0.2,0.75,1,5000,0.134223,0.193954,0.138817,0.084723,0.187476,0.00111836,0.148823,0.110865,1600,0
0.2,0.75,1,7000,0.139077,0.184531,0.140641,0.0835766,0.193669,0.00025,0.147255,0.111001,1600,0
0.2,0.75,1,10000,0.135546,0.193362,0.141616,0.0913539,0.18612,0,0.142973,0.109028,1600,0
0.2,0.75,1,25000,0.138739,0.192869,0.133482,0.0896898,0.186684,0,0.14174,0.116796,1600,0
0.2,0.75,1,50000,0.139613,0.189695,0.138879,0.0922824,0.186286,0,0.138425,0.11482,1600,0
0.15,0.75,1,0,0.124832,0.12532,0.124941,0.124845,0.124869,0.125072,0.124959,0.125163,1600,0
0.15,0.75,1,1000,0.123041,0.189048,0.128734,0.104802,0.154059,0.0326328,0.124584,0.1431,1600,0
0.15,0.75,1,2000,0.134095,0.187841,0.132969,0.0956895,0.172994,0.0174457,0.135105,0.123861,1600,0
0.15,0.75,1,3000,0.139685,0.189009,0.133543,0.0941059,0.182065,0.00722578,0.13503,0.119336,1600,0
0.15,0.75,1,5000,0.140786,0.185058,0.140811,0.0944992,0.185607,0.00165273,0.139391,0.112196,1600,0
0.15,0.75,1,7000,0.135952,0.183029,0.142546,0.0924434,0.183585,0,0.148159,0.114286,1600,0
0.15,0.75,1,10000,0.14172,0.184321,0.142452,0.0905559,0.190696,0,0.14113,0.109125,1600,0
0.15,0.75,1,25000,0.143517,0.180396,0.143625,0.0908742,0.175526,0,0.148767,0.117295,1600,0
0.15,0.75,1,50000,0.142663,0.183261,0.144005,0.0861609,0.186668,0,0.142228,0.115014,1600,0
0.2,0.75,1,0,0.12514,0.124627,0.125241,0.124972,0.125262,0.124729,0.125218,0.124811,1600,0
0.2,0.75,1,1000,0.11357,0.198606,0.124477,0.1009,0.165468,0.0343602,0.129405,0.133213,1600,0
0.2,0.75,1,2000,0.12467,0.196114,0.130568,0.0887223,0.171884,0.0174281,0.140959,0.129656,1600,0
0.2,0.75,1,3000,0.130546,0.191627,0.138371,0.0909688,0.191415,0.00642227,0.138756,0.111894,1600,0
0.2,0.75,1,5000,0.131938,0.187266,0.13911,0.0882402,0.192661,0.000803516,0.145082,0.114899,1600,0
0.2,0.75,1,7000,0.135624,0.192275,0.142242,0.0886684,0.184405,0.000245312,0.143847,0.112693,1600,0
0.2,0.75,1,10000,0.132051,0.189019,0.139816,0.0866934,0.193107,0,0.153373,0.105941,1600,0
0.2,0.75,1,25000,0.134966,0.190578,0.138203,0.0864145,0.18939,0,0.145283,0.115166,1600,0
0.2,0.75,1,50000,0.135143,0.193197,0.133061,0.0854984,0.194068,0,0.14987,0.109164,1600,0
0.4,0.75,1,0,0.12535,0.125244,0.124956,0.124582,0.125216,0.124804,0.125129,0.12472,1600,0
0.4,0.75,1,1000,0.037025,0.243002,0.0450453,0.170689,0.0880535,0.143705,0.0709266,0.201554,1600,0
0.4,0.75,1,2000,0.0168258,0.251371,0.0226254,0.214002,0.0426961,0.198101,0.0337395,0.220639,1600,0
0.4,0.75,1,3000,0.0072375,0.24847,0.00803555,0.235875,0.0169258,0.224863,0.0150555,0.243538,1600,0
0.4,0.75,1,5000,0,0.249426,0,0.24745,0.000103125,0.249855,0.000123047,0.253043,1600,0
0.4,0.75,1,7000,0,0.24761,0,0.246475,0,0.253952,0,0.251963,1600,0
0.4,0.75,1,10000,0,0.249918,0,0.253577,0,0.245809,0,0.250696,1600,0
0.4,0.75,1,25000,0,0.247613,0,0.250059,0,0.250907,0,0.25142,1600,0
0.4,0.75,1,50000,0,0.251119,0,0.24848,0,0.246098,0,0.254304,1600,0
0,0.75,1,0,0.125045,0.125106,0.124757,0.12486,0.124984,0.124864,0.12491,0.125475,1600,0
0,0.75,1,1000,0.00214531,0.395637,0.0061793,0.216923,0.0636238,0.081927,0.0217461,0.211818,1600,460
0,0.75,1,2000,0.00214531,0.395637,0.0061793,0.216923,0.0636238,0.081927,0.0217461,0.211818,1600,460
0,0.75,1,3000,0.00214531,0.395637,0.0061793,0.216923,0.0636238,0.081927,0.0217461,0.211818,1600,460
0,0.75,1,5000,0.00214531,0.395637,0.0061793,0.216923,0.0636238,0.081927,0.0217461,0.211818,1600,460
0,0.75,1,7000,0.00214531,0.395637,0.0061793,0.216923,0.0636238,0.081927,0.0217461,0.211818,1600,460
0,0.75,1,10000,0.00214531,0.395637,0.0061793,0.216923,0.0636238,0.081927,0.0217461,0.211818,1600,460
0,0.75,1,25000,0.00214531,0.395637,0.0061793,0.216923,0.0636238,0.081927,0.0217461,0.211818,1600,460
0,0.75,1,50000,0.00214531,0.395637,0.0061793,0.216923,0.0636238,0.081927,0.0217461,0.211818,1600,460
0.25,0.75,1,0,0.124742,0.125038,0.1249,0.125073,0.12505,0.125471,0.124849,0.124877,1600,0
0.25,0.75,1,1000,0.108768,0.193706,0.118916,0.101205,0.1609,0.0341211,0.132013,0.15037,1600,0
0.25,0.75,1,2000,0.119848,0.200143,0.128058,0.097107,0.185399,0.0129148,0.137066,0.119463,1600,0
0.25,0.75,1,3000,0.119989,0.200298,0.132225,0.0906316,0.194818,0.00441992,0.145545,0.112073,1600,0
0.25,0.75,1,5000,0.124233,0.193767,0.134346,0.0842258,0.198474,0.000961719,0.152068,0.111924,1600,0
0.25,0.75,1,7000,0.125614,0.196502,0.129542,0.0866055,0.19613,0,0.156213,0.109393,1600,0
0.25,0.75,1,10000,0.125131,0.200102,0.134627,0.0849578,0.191882,0,0.152103,0.111198,1600,0
0.25,0.75,1,25000,0.128883,0.201396,0.132177,0.0879602,0.191451,0,0.143736,0.114397,1600,0
0.25,0.75,1,50000,0.122239,0.204833,0.132251,0.089548,0.195934,0,0.14468,0.110515,1600,0
0.2,0.75,1,0,0.124888,0.125029,0.125091,0.124783,0.124912,0.125484,0.125121,0.124692,1600,0
0.2,0.75,1,1000,0.112654,0.196561,0.123683,0.10336,0.164169,0.0350063,0.127781,0.136787,1600,0
0.2,0.75,1,2000,0.123334,0.189938,0.132196,0.0915523,0.189184,0.0122887,0.13487,0.126636,1600,0
0.2,0.75,1,3000,0.133928,0.188909,0.136037,0.096248,0.178546,0.00423047,0.148466,0.113636,1600,0
0.2,0.75,1,5000,0.134018,0.189443,0.137774,0.0881656,0.191883,0.00142187,0.146634,0.110661,1600,0
0.2,0.75,1,7000,0.137904,0.192858,0.141954,0.0877297,0.185584,0.000152344,0.14393,0.109887,1600,0
0.2,0.75,1,10000,0.132829,0.190114,0.14012,0.0920125,0.191798,8.35937e-05,0.137773,0.11527,1600,0
0.2,0.75,1,25000,0.134101,0.190675,0.140543,0.0897645,0.184158,0,0.148315,0.112445,1600,0
0.2,0.75,1,50000,0.133134,0.195071,0.137259,0.0861316,0.18446,0,0.148707,0.115238,1600,0
0.25,0.75,1,0,0.124995,0.124996,0.125235,0.12494,0.124983,0.124985,0.124971,0.124895,1600,0
0.25,0.75,1,1000,0.106973,0.197978,0.11827,0.110914,0.165285,0.0341727,0.131997,0.134411,1600,0
0.25,0.75,1,2000,0.122316,0.203341,0.122618,0.095634,0.181834,0.0129734,0.141155,0.120129,1600,0
0.25,0.75,1,3000,0.118111,0.195994,0.126802,0.0883555,0.205747,0.00465156,0.14589,0.114449,1600,0
0.25,0.75,1,5000,0.128535,0.200782,0.136507,0.0846367,0.191046,0.00125781,0.148371,0.108864,1600,0
0.25,0.75,1,7000,0.128845,0.202595,0.130929,0.0856027,0.195488,0.000873828,0.142908,0.112759,1600,0
0.25,0.75,1,10000,0.126654,0.200678,0.136643,0.0848273,0.200486,0,0.146608,0.104104,1600,0
0.25,0.75,1,25000,0.125188,0.197785,0.132318,0.0837137,0.198836,0,0.152018,0.110142,1600,0
0.25,0.75,1,50000,0.129536,0.200346,0.131889,0.0856473,0.187533,0,0.149489,0.115561,1600,0
0.05,0.75,1,0,0.124991,0.125494,0.12483,0.124962,0.125011,0.124947,0.125076,0.124689,1600,0
0.05,0.75,1,1000,0.0827984,0.195811,0.092318,0.148479,0.0987121,0.110168,0.0822336,0.18948,1600,0
0.05,0.75,1,2000,0.113342,0.19753,0.121271,0.121962,0.131084,0.0629469,0.102464,0.1494,1600,0
0.05,0.75,1,3000,0.118409,0.191239,0.1215,0.121217,0.13596,0.0556797,0.102934,0.153062,1600,0
0.05,0.75,1,5000,0.121465,0.186544,0.13045,0.115541,0.14452,0.0442637,0.118025,0.139192,1600,0
0.05,0.75,1,7000,0.136737,0.189451,0.130957,0.106396,0.147256,0.0352207,0.112094,0.141889,1600,0
0.05,0.75,1,10000,0.133529,0.183719,0.134835,0.109529,0.154559,0.0332629,0.118003,0.132563,1600,0
0.05,0.75,1,25000,0.144736,0.184259,0.144872,0.0997598,0.160445,0.0199688,0.121894,0.124066,1600,0
0.05,0.75,1,50000,0.14207,0.184357,0.144412,0.0961066,0.163352,0.0158195,0.129732,0.124149,1600,0
0.3,0.75,1,0,0.125024,0.124671,0.125023,0.125127,0.125213,0.125052,0.124944,0.124946,1600,0
0.3,0.75,1,1000,0.0915988,0.212484,0.105749,0.109323,0.160185,0.049391,0.124988,0.146282,1600,0
0.3,0.75,1,2000,0.107069,0.208014,0.119512,0.0918563,0.183812,0.0201785,0.145415,0.124142,1600,0
0.3,0.75,1,3000,0.109425,0.209572,0.118314,0.0881547,0.195136,0.010334,0.146264,0.1228,1600,0
0.3,0.75,1,5000,0.115977,0.207853,0.125054,0.0848969,0.200841,0.00283984,0.145891,0.116648,1600,0
0.3,0.75,1,7000,0.114275,0.204418,0.124879,0.0810262,0.209769,4.21875e-05,0.151338,0.114252,1600,0
0.3,0.75,1,10000,0.115645,0.20769,0.126299,0.085841,0.203961,0.000282422,0.144294,0.115989,1600,0
0.3,0.75,1,25000,0.117582,0.203599,0.123011,0.0774781,0.216045,0,0.151359,0.110925,1600,0
0.3,0.75,1,50000,0.116387,0.210095,0.131752,0.0787207,0.205139,0,0.150496,0.107411,1600,0
0.25,0.75,1,0,0.124823,0.124846,0.124895,0.125218,0.125444,0.124819,0.124862,0.125093,1600,0
0.25,0.75,1,1000,0.106844,0.211852,0.111053,0.104504,0.163873,0.0421848,0.120957,0.138731,1600,0
0.25,0.75,1,2000,0.116408,0.1982,0.1288,0.0933035,0.192243,0.0155879,0.1389,0.116557,1600,0
0.25,0.75,1,3000,0.122103,0.198826,0.12742,0.0852184,0.196531,0.00467187,0.148159,0.11707,1600,0
0.25,0.75,1,5000,0.123656,0.199334,0.128872,0.0822109,0.200868,0.00125156,0.148123,0.115684,1600,0
0.25,0.75,1,7000,0.124177,0.193425,0.13247,0.0880062,0.198331,0.000586328,0.146279,0.116725,1600,0
0.25,0.75,1,10000,0.128726,0.197203,0.132732,0.0844418,0.198755,0,0.145013,0.113129,1600,0
0.25,0.75,1,25000,0.125849,0.201596,0.13188,0.0879906,0.198284,0,0.143229,0.111171,1600,0
0.25,0.75,1,50000,0.124757,0.201593,0.129129,0.0855258,0.198501,0,0.145663,0.114832,1600,0
0.3,0.75,1,0,0.125245,0.125035,0.124789,0.12499,0.125112,0.124912,0.124914,0.125003,1600,0
0.3,0.75,1,1000,0.0880344,0.217568,0.105955,0.108896,0.155687,0.0498148,0.125769,0.148275,1600,0
0.3,0.75,1,2000,0.101935,0.211266,0.114709,0.0956082,0.185923,0.0246437,0.132522,0.133393,1600,0
0.3,0.75,1,3000,0.11498,0.207864,0.123917,0.0875902,0.191881,0.0122641,0.134662,0.126841,1600,0
0.3,0.75,1,5000,0.110761,0.207513,0.122055,0.0860059,0.199395,0.00177188,0.15632,0.116177,1600,0
0.3,0.75,1,7000,0.116155,0.209213,0.12495,0.0813609,0.205033,0.000975,0.148471,0.113841,1600,0
0.3,0.75,1,10000,0.113787,0.208212,0.126341,0.0850371,0.200591,0,0.154116,0.111914,1600,0
0.3,0.75,1,25000,0.111463,0.207843,0.122873,0.0847383,0.21275,0,0.143213,0.11712,1600,0
0.3,0.75,1,50000,0.114143,0.212786,0.126691,0.0784988,0.210304,0,0.144678,0.112899,1600,0
0.35,0.75,1,0,0.125296,0.125137,0.124876,0.125172,0.124864,0.124989,0.125155,0.124511,1600,0
0.35,0.75,1,1000,0.0764648,0.229564,0.0893617,0.119089,0.146257,0.0649887,0.110975,0.1633,1600,0
0.35,0.75,1,2000,0.0778957,0.222356,0.096982,0.108743,0.171007,0.0485281,0.124063,0.150425,1600,0
0.35,0.75,1,3000,0.0910859,0.218762,0.106074,0.101597,0.175798,0.0313012,0.13422,0.141162,1600,0
0.35,0.75,1,5000,0.0952367,0.217691,0.110479,0.0824223,0.209062,0.0116293,0.143782,0.129698,1600,0
0.35,0.75,1,7000,0.0995949,0.217637,0.118901,0.0837734,0.205881,0.00478242,0.148592,0.120838,1600,0
0.35,0.75,1,10000,0.10508,0.213605,0.122093,0.0788715,0.203523,0.00191563,0.15699,0.117922,1600,0
0.35,0.75,1,25000,0.102843,0.217873,0.119154,0.0727469,0.212643,0,0.152325,0.122416,1600,0
0.35,0.75,1,50000,0.102693,0.214255,0.117479,0.0779703,0.214739,0,0.158211,0.114653,1600,0
0.1,0.75,1,0,0.124769,0.125194,0.124858,0.125159,0.12493,0.124941,0.125122,0.125028,1600,0
0.1,0.75,1,1000,0.114256,0.191954,0.123786,0.116772,0.146223,0.0493781,0.114762,0.14287,1600,0
0.1,0.75,1,2000,0.135599,0.188368,0.142137,0.102142,0.160093,0.0205699,0.125557,0.125534,1600,0
0.1,0.75,1,3000,0.138821,0.18784,0.139864,0.0921594,0.175685,0.0122703,0.134162,0.119198,1600,0
0.1,0.75,1,5000,0.147304,0.185086,0.145832,0.0882832,0.182643,0.00467227,0.133912,0.112268,1600,0
0.1,0.75,1,7000,0.148669,0.181105,0.145872,0.0923223,0.183171,0.00194688,0.134369,0.112545,1600,0
0.1,0.75,1,10000,0.145894,0.184862,0.148791,0.0874395,0.170625,0.000419141,0.142831,0.119139,1600,0
0.1,0.75,1,25000,0.149414,0.173734,0.147962,0.0896754,0.187497,0,0.139837,0.11188,1600,0
0.1,0.75,1,50000,0.143863,0.186709,0.149963,0.0834148,0.184171,0,0.137611,0.11427,1600,0
0.3,0.75,1,0,0.12523,0.124631,0.124823,0.125138,0.125369,0.124792,0.12472,0.125298,1600,0
0.3,0.75,1,1000,0.085668,0.214289,0.104525,0.113871,0.160936,0.0505562,0.121104,0.149051,1600,0
0.3,0.75,1,2000,0.104,0.204734,0.122191,0.0921418,0.180103,0.0200055,0.143166,0.133659,1600,0
0.3,0.75,1,3000,0.115936,0.202308,0.129488,0.0862523,0.193792,0.0104117,0.144488,0.117323,1600,0
0.3,0.75,1,5000,0.112145,0.205984,0.122135,0.0754289,0.215529,0.00122109,0.150938,0.116619,1600,0
0.3,0.75,1,7000,0.113132,0.206679,0.127902,0.0845863,0.19287,0.000827344,0.154544,0.119459,1600,0
0.3,0.75,1,10000,0.115407,0.212728,0.126142,0.0822227,0.200988,0,0.149779,0.112733,1600,0
0.3,0.75,1,25000,0.11797,0.207228,0.1264,0.0793875,0.202328,0,0.151031,0.115656,1600,0
0.3,0.75,1,50000,0.115704,0.202721,0.12678,0.0834016,0.202804,0,0.148723,0.119867,1600,0
0.35,0.75,1,0,0.124822,0.124959,0.124921,0.124905,0.12505,0.124839,0.125197,0.125307,1600,0
0.35,0.75,1,1000,0.0686266,0.226146,0.0845141,0.125571,0.137552,0.0827355,0.101204,0.17365,1600,0
0.35,0.75,1,2000,0.0731703,0.227512,0.087659,0.122044,0.150269,0.0719598,0.109383,0.158003,1600,0
0.35,0.75,1,3000,0.0793367,0.221922,0.0912555,0.118795,0.150275,0.065041,0.116079,0.157295,1600,0
0.35,0.75,1,5000,0.0773852,0.228995,0.0943395,0.112514,0.162468,0.0577199,0.112963,0.153615,1600,0
0.35,0.75,1,7000,0.0823781,0.217207,0.0993707,0.114468,0.169221,0.0508242,0.117777,0.148753,1600,0
0.35,0.75,1,10000,0.0883992,0.21817,0.0978016,0.105718,0.173925,0.0465422,0.122343,0.1471,1600,0
0.35,0.75,1,25000,0.0945586,0.218166,0.11477,0.0908898,0.19856,0.0147809,0.140474,0.1278,1600,0
0.35,0.75,1,50000,0.104484,0.21656,0.121077,0.0784359,0.210572,0,0.147476,0.121394,1600,0
0.4,0.75,1,0,0.125179,0.124943,0.124733,0.124877,0.124882,0.124943,0.125279,0.125165,1600,0
0.4,0.75,1,1000,0.0430641,0.246856,0.0537051,0.160434,0.0921031,0.131067,0.0794418,0.193328,1600,0
0.4,0.75,1,2000,0.0243285,0.248255,0.0325984,0.193728,0.0583465,0.176525,0.0450352,0.221183,1600,0
0.4,0.75,1,3000,0.013823,0.252106,0.0175785,0.213732,0.0353531,0.205597,0.0258676,0.235943,1600,0
0.4,0.75,1,5000,0.00159336,0.252691,0.0014707,0.2463,0.00363711,0.246377,0.00356289,0.244368,1600,0
0.4,0.75,1,7000,0,0.249841,0,0.250269,0,0.248692,0,0.251197,1600,0
0.4,0.75,1,10000,0,0.250168,0,0.248366,0,0.250975,0,0.250491,1600,0
0.4,0.75,1,25000,0,0.253354,0,0.249031,0,0.247334,0,0.250281,1600,0
0.4,0.75,1,50000,0,0.252646,0,0.250256,0,0.247612,0,0.249486,1600,0
0.35,0.75,1,0,0.124863,0.12517,0.124975,0.125072,0.125225,0.124608,0.125091,0.124996,1600,0
0.35,0.75,1,1000,0.0702891,0.22818,0.0864039,0.131153,0.13783,0.0788801,0.104483,0.16278,1600,0
0.35,0.75,1,2000,0.0746664,0.234323,0.0852809,0.123224,0.144236,0.0680016,0.11317,0.157098,1600,0
0.35,0.75,1,3000,0.076823,0.230404,0.0897223,0.11828,0.153431,0.0662957,0.111309,0.153734,1600,0
0.35,0.75,1,5000,0.0746668,0.226691,0.0885937,0.121504,0.150973,0.0652637,0.113671,0.158636,1600,0
0.35,0.75,1,7000,0.0781246,0.224327,0.0910336,0.121232,0.153214,0.0629266,0.114526,0.154616,1600,0
0.35,0.75,1,10000,0.0836414,0.224735,0.0909484,0.116,0.162211,0.0554434,0.119769,0.147253,1600,0
0.35,0.75,1,25000,0.0847996,0.220363,0.0977074,0.105646,0.180112,0.0434438,0.126539,0.141389,1600,0
0.35,0.75,1,50000,0.0868238,0.221178,0.0967613,0.107846,0.171178,0.0444074,0.12484,0.146965,1600,0
0.15,0.75,1,0,0.124959,0.125202,0.124601,0.125345,0.12528,0.124764,0.125006,0.124842,1600,0
0.15,0.75,1,1000,0.123809,0.187146,0.130927,0.103296,0.155713,0.0355043,0.126118,0.137487,1600,0
0.15,0.75,1,2000,0.133825,0.187921,0.14187,0.0944727,0.174556,0.0144398,0.133696,0.11922,1600,0
0.15,0.75,1,3000,0.138424,0.192923,0.138203,0.0888215,0.177601,0.00578633,0.13867,0.119572,1600,0
0.15,0.75,1,5000,0.136187,0.185852,0.143152,0.0896613,0.188746,0.00176719,0.144484,0.11015,1600,0
0.15,0.75,1,7000,0.140525,0.19038,0.143189,0.0860832,0.183769,0.00107187,0.143642,0.111339,1600,0
0.15,0.75,1,10000,0.141977,0.187031,0.139121,0.0857949,0.186187,0,0.149256,0.110633,1600,0
0.15,0.75,1,25000,0.14386,0.186357,0.139436,0.0905285,0.172946,0,0.149579,0.117293,1600,0
0.15,0.75,1,50000,0.140627,0.18114,0.138498,0.085557,0.188891,0,0.145351,0.119936,1600,0
0.4,0.75,1,0,0.124906,0.124424,0.125065,0.12485,0.125271,0.125131,0.125368,0.124984,1600,0
0.4,0.75,1,1000,0.0374156,0.245572,0.0547316,0.167584,0.0900031,0.136132,0.0672637,0.201298,1600,0
0.4,0.75,1,2000,0.0186508,0.252508,0.0256727,0.209073,0.047798,0.193371,0.0333754,0.219551,1600,0
0.4,0.75,1,3000,0.00785469,0.245458,0.0120445,0.233282,0.0219262,0.224084,0.0164527,0.238898,1600,0
0.4,0.75,1,5000,0.00100586,0.253025,0.000736328,0.249633,0.00199648,0.242636,0.00188477,0.249082,1600,0
0.4,0.75,1,7000,0,0.245698,0,0.250745,0,0.250399,0,0.253158,1600,0
0.4,0.75,1,10000,0,0.248686,0,0.253375,0,0.249336,0,0.248603,1600,0
0.4,0.75,1,25000,0,0.247104,0,0.254416,0,0.25013,0,0.24835,1600,0
0.4,0.75,1,50000,0,0.251359,0,0.249766,0,0.248448,0,0.250426,1600,0
0,0.75,1,0,0.124986,0.124829,0.125297,0.124998,0.125002,0.124888,0.124938,0.125063,1600,0
0,0.75,1,1000,0.00216992,0.391075,0.00616055,0.222807,0.0621691,0.082198,0.0220402,0.21138,1600,760
0,0.75,1,2000,0.00216992,0.391075,0.00616055,0.222807,0.0621691,0.082198,0.0220402,0.21138,1600,760
0,0.75,1,3000,0.00216992,0.391075,0.00616055,0.222807,0.0621691,0.082198,0.0220402,0.21138,1600,760
0,0.75,1,5000,0.00216992,0.391075,0.00616055,0.222807,0.0621691,0.082198,0.0220402,0.21138,1600,760
0,0.75,1,7000,0.00216992,0.391075,0.00616055,0.222807,0.0621691,0.082198,0.0220402,0.21138,1600,760
0,0.75,1,10000,0.00216992,0.391075,0.00616055,0.222807,0.0621691,0.082198,0.0220402,0.21138,1600,760
0,0.75,1,25000,0.00216992,0.391075,0.00616055,0.222807,0.0621691,0.082198,0.0220402,0.21138,1600,760
0,0.75,1,50000,0.00216992,0.391075,0.00616055,0.222807,0.0621691,0.082198,0.0220402,0.21138,1600,760
0.4,0.75,1,0,0.125014,0.124739,0.124983,0.124816,0.125493,0.125074,0.125002,0.12488,1600,0
0.4,0.75,1,1000,0.0376754,0.250892,0.0515574,0.161567,0.0959035,0.129396,0.0756281,0.197381,1600,0
0.4,0.75,1,2000,0.021234,0.253098,0.0291313,0.205459,0.0496867,0.182484,0.0387992,0.220109,1600,0
0.4,0.75,1,3000,0.0107164,0.246779,0.0140402,0.220759,0.0295336,0.217977,0.0191195,0.241075,1600,0
0.4,0.75,1,5000,0.00184141,0.249617,0.00203828,0.244038,0.0037918,0.247586,0.00272461,0.248363,1600,0
0.4,0.75,1,7000,0.000349219,0.250509,0.000235547,0.247064,0.000501953,0.249852,0.000180859,0.251308,1600,0
0.4,0.75,1,10000,0,0.254108,0,0.250746,0,0.246299,0,0.248848,1600,0
0.4,0.75,1,25000,0,0.25294,0,0.250211,0,0.247796,0,0.249052,1600,0
0.4,0.75,1,50000,0,0.248098,0,0.249307,0,0.249198,0,0.253396,1600,0
0.05,0.75,1,0,0.124938,0.125324,0.124607,0.12517,0.12485,0.12525,0.125066,0.124795,1600,0
0.05,0.75,1,1000,0.0800105,0.196455,0.0914582,0.155598,0.098925,0.116937,0.0799363,0.180679,1600,0
0.05,0.75,1,2000,0.107472,0.189931,0.119043,0.129205,0.128609,0.0663984,0.102091,0.15725,1600,0
0.05,0.75,1,3000,0.122411,0.192696,0.127884,0.112796,0.137679,0.0506371,0.111527,0.144371,1600,0
0.05,0.75,1,5000,0.124216,0.184985,0.131987,0.109727,0.15156,0.0424715,0.116365,0.138689,1600,0
0.05,0.75,1,7000,0.131553,0.18001,0.133212,0.113155,0.152818,0.0366492,0.115984,0.136619,1600,0
0.05,0.75,1,10000,0.130641,0.187142,0.135585,0.106782,0.154095,0.0272805,0.117939,0.140536,1600,0
0.05,0.75,1,25000,0.14395,0.182889,0.139051,0.0983504,0.159613,0.0188113,0.123336,0.133999,1600,0
0.05,0.75,1,50000,0.142614,0.185914,0.140123,0.102115,0.156026,0.0198238,0.12371,0.129674,1600,0
0.2,0.75,1,0,0.124692,0.12498,0.124955,0.125007,0.125234,0.125036,0.1251,0.124995,1600,0
0.2,0.75,1,1000,0.116021,0.194382,0.123044,0.109804,0.156801,0.0334871,0.129486,0.136976,1600,0
0.2,0.75,1,2000,0.127248,0.189955,0.1305,0.0984938,0.178505,0.0146707,0.136731,0.123896,1600,0
0.2,0.75,1,3000,0.128429,0.191156,0.130721,0.091132,0.195085,0.00705859,0.144832,0.111587,1600,0
0.2,0.75,1,5000,0.130686,0.189107,0.135045,0.0897855,0.19775,0.000776953,0.144923,0.111927,1600,0
0.2,0.75,1,7000,0.136668,0.190304,0.134913,0.0868668,0.185859,0,0.146156,0.119235,1600,0
0.2,0.75,1,10000,0.132268,0.191153,0.138571,0.0843582,0.186615,0,0.150857,0.116178,1600,0
0.2,0.75,1,25000,0.138584,0.189562,0.136995,0.0903219,0.193318,0,0.143343,0.107877,1600,0
0.2,0.75,1,50000,0.135848,0.188284,0.138751,0.0863906,0.195293,0,0.145038,0.110395,1600,0
0.1,0.75,1,0,0.124815,0.124938,0.124897,0.125022,0.124884,0.125099,0.12518,0.125166,1600,0
0.1,0.75,1,1000,0.118069,0.186845,0.123939,0.115098,0.140265,0.0501602,0.111348,0.154275,1600,0
0.1,0.75,1,2000,0.131775,0.18911,0.137405,0.0992613,0.16241,0.0238613,0.125318,0.130859,1600,0
0.1,0.75,1,3000,0.144983,0.179603,0.146935,0.0957125,0.165189,0.0100293,0.130093,0.127455,1600,0
0.1,0.75,1,5000,0.143014,0.184818,0.147488,0.0871734,0.182691,0.00356367,0.140294,0.110956,1600,0
0.1,0.75,1,7000,0.143103,0.181691,0.147607,0.0896117,0.179651,0.000404297,0.139937,0.117995,1600,0
0.1,0.75,1,10000,0.143541,0.178758,0.151867,0.0901285,0.175788,8.78906e-05,0.145267,0.114563,1600,0
0.1,0.75,1,25000,0.148968,0.17757,0.149347,0.0918512,0.178289,0,0.141204,0.112772,1600,0
0.1,0.75,1,50000,0.152516,0.18311,0.146525,0.0949051,0.178302,0,0.13322,0.111423,1600,0
0.25,0.75,1,0,0.124776,0.124956,0.125208,0.125011,0.124665,0.124979,0.125307,0.1251,1600,0
0.25,0.75,1,1000,0.104462,0.199526,0.114368,0.106289,0.162025,0.0367313,0.131218,0.145381,1600,0
0.25,0.75,1,2000,0.123744,0.202095,0.128087,0.092075,0.176168,0.017527,0.135978,0.124327,1600,0
0.25,0.75,1,3000,0.119704,0.202924,0.12663,0.0918645,0.192903,0.00711055,0.142021,0.116843,1600,0
0.25,0.75,1,5000,0.126989,0.192628,0.136752,0.085548,0.189194,0.00147148,0.149797,0.117621,1600,0
0.25,0.75,1,7000,0.123845,0.195057,0.129561,0.0889148,0.200885,1.67969e-05,0.143211,0.11851,1600,0
0.25,0.75,1,10000,0.12695,0.201239,0.135499,0.0824328,0.191843,0,0.147755,0.114281,1600,0
0.25,0.75,1,25000,0.1281,0.195023,0.137002,0.0859395,0.200197,0,0.146098,0.10764,1600,0
0.25,0.75,1,50000,0.124677,0.198104,0.128052,0.0844535,0.207045,0,0.146952,0.110718,1600,0
0.15,0.75,1,0,0.12495,0.125125,0.125173,0.125113,0.124735,0.124616,0.12543,0.124859,1600,0
0.15,0.75,1,1000,0.119604,0.19146,0.124385,0.106351,0.153851,0.036527,0.123887,0.143934,1600,0
0.15,0.75,1,2000,0.137419,0.188606,0.138487,0.0941531,0.16785,0.0145715,0.132316,0.126598,1600,0
0.15,0.75,1,3000,0.135202,0.187411,0.140325,0.0911902,0.180854,0.00420078,0.146511,0.114307,1600,0
0.15,0.75,1,5000,0.142293,0.18531,0.140559,0.0880324,0.184068,0.000707422,0.141013,0.118017,1600,0
0.15,0.75,1,7000,0.142528,0.182963,0.145073,0.0810293,0.188279,0,0.149304,0.110823,1600,0
0.15,0.75,1,10000,0.142583,0.188798,0.144674,0.0905508,0.18241,0,0.142466,0.108518,1600,0
0.15,0.75,1,25000,0.142042,0.183507,0.142353,0.0901285,0.186289,0,0.138278,0.117403,1600,0
0.15,0.75,1,50000,0.141288,0.186791,0.144092,0.094566,0.18239,0,0.141082,0.109791,1600,0
0.3,0.75,1,0,0.124775,0.125028,0.124868,0.124958,0.124988,0.125009,0.125409,0.124965,1600,0
0.3,0.75,1,1000,0.0920281,0.21134,0.107585,0.11637,0.162535,0.0470816,0.121248,0.141813,1600,0
0.3,0.75,1,2000,0.101848,0.210863,0.116054,0.095773,0.187675,0.020382,0.136243,0.131162,1600,0
0.3,0.75,1,3000,0.107967,0.212164,0.119546,0.0896477,0.195618,0.00767734,0.142651,0.124729,1600,0
0.3,0.75,1,5000,0.114671,0.206367,0.126333,0.0845719,0.204329,0.00162188,0.149015,0.113091,1600,0
0.3,0.75,1,7000,0.115843,0.204232,0.121439,0.0826512,0.208379,0.000330078,0.152002,0.115124,1600,0
0.3,0.75,1,10000,0.112109,0.203111,0.126823,0.0789426,0.208409,0.000262109,0.151436,0.118906,1600,0
0.3,0.75,1,25000,0.116436,0.205903,0.126706,0.0822871,0.206936,0,0.151971,0.109761,1600,0
0.3,0.75,1,50000,0.115896,0.203707,0.126055,0.0838164,0.207575,0,0.14807,0.114881,1600,0
0.2,0.75,1,0,0.125335,0.124673,0.125055,0.12488,0.124615,0.125382,0.12527,0.12479,1600,0
0.2,0.75,1,1000,0.116644,0.191558,0.12418,0.108868,0.159434,0.034927,0.122634,0.141754,1600,0
0.2,0.75,1,2000,0.132918,0.195618,0.130406,0.0963691,0.172254,0.0128953,0.136073,0.123467,1600,0
0.2,0.75,1,3000,0.127528,0.195571,0.134166,0.091516,0.185784,0.00523164,0.139462,0.120741,1600,0
0.2,0.75,1,5000,0.133159,0.195454,0.137534,0.0839523,0.188349,0.00270312,0.145157,0.113693,1600,0
0.2,0.75,1,7000,0.137144,0.189163,0.135402,0.0913781,0.186878,0.000150781,0.144838,0.115046,1600,0
0.2,0.75,1,10000,0.13256,0.190467,0.140775,0.0858828,0.189346,0,0.149164,0.111805,1600,0
0.2,0.75,1,25000,0.134063,0.195472,0.137929,0.0856926,0.187781,0,0.143914,0.115148,1600,0
0.2,0.75,1,50000,0.134982,0.188209,0.136205,0.0890062,0.192534,0,0.145739,0.113325,1600,0
0.35,0.75,1,0,0.125045,0.12493,0.12459,0.12529,0.125101,0.124787,0.125073,0.125184,1600,0
0.35,0.75,1,1000,0.0730258,0.225263,0.0900457,0.122658,0.14377,0.0765496,0.104887,0.163801,1600,0
0.35,0.75,1,2000,0.0788305,0.220145,0.097109,0.11373,0.152848,0.0555645,0.121512,0.160261,1600,0
0.35,0.75,1,3000,0.0854016,0.219249,0.0978246,0.112659,0.166386,0.0452945,0.129601,0.143584,1600,0
0.35,0.75,1,5000,0.0884621,0.220407,0.101979,0.0990047,0.179316,0.0371465,0.135082,0.138603,1600,0
0.35,0.75,1,7000,0.0882059,0.221787,0.101922,0.106464,0.182454,0.0327527,0.128309,0.138105,1600,0
0.35,0.75,1,10000,0.0955746,0.214516,0.110361,0.0946352,0.192009,0.0252625,0.138729,0.128913,1600,0
0.35,0.75,1,25000,0.103639,0.217192,0.12145,0.0781289,0.211239,0.00322266,0.145786,0.119341,1600,0
0.35,0.75,1,50000,0.10397,0.214627,0.121476,0.0789746,0.210526,0,0.153645,0.116782,1600,0
0.25,0.75,1,0,0.125077,0.125541,0.124933,0.124644,0.124827,0.124854,0.125163,0.124962,1600,0
0.25,0.75,1,1000,0.108221,0.201881,0.117378,0.103586,0.167094,0.0340711,0.130066,0.137703,1600,0
0.25,0.75,1,2000,0.119957,0.198226,0.124978,0.0936117,0.189526,0.0111098,0.14137,0.121221,1600,0
0.25,0.75,1,3000,0.123803,0.196101,0.132383,0.0848148,0.186303,0.00618008,0.152727,0.117689,1600,0
0.25,0.75,1,5000,0.124002,0.200083,0.131201,0.0862254,0.189387,0.000753516,0.150402,0.117946,1600,0
0.25,0.75,1,7000,0.126433,0.198622,0.132443,0.0831445,0.201133,0,0.14652,0.111704,1600,0
0.25,0.75,1,10000,0.122915,0.19784,0.129143,0.0797473,0.20216,0,0.150469,0.117726,1600,0
0.25,0.75,1,25000,0.131698,0.197218,0.136505,0.0853695,0.183491,0,0.153864,0.111852,1600,0
0.25,0.75,1,50000,0.123436,0.198911,0.128954,0.0937773,0.202178,0,0.142245,0.110499,1600,0
0.3,0.75,1,0,0.124767,0.125191,0.12517,0.124723,0.124799,0.125057,0.124837,0.125456,1600,0
0.3,0.75,1,1000,0.0858453,0.211953,0.100202,0.117434,0.154725,0.0595832,0.112666,0.157591,1600,0
0.3,0.75,1,2000,0.106055,0.209467,0.117443,0.0971973,0.172111,0.0266051,0.136338,0.134785,1600,0
0.3,0.75,1,3000,0.11326,0.208571,0.120042,0.0900848,0.192354,0.00892305,0.143737,0.123027,1600,0
0.3,0.75,1,5000,0.110145,0.211104,0.122357,0.0857254,0.206437,0.00154922,0.150206,0.112476,1600,0
0.3,0.75,1,7000,0.114243,0.209066,0.128459,0.0798809,0.20177,0.000580469,0.150292,0.11571,1600,0
0.3,0.75,1,10000,0.119419,0.213244,0.123009,0.0799449,0.203625,0,0.148802,0.111955,1600,0
0.3,0.75,1,25000,0.115064,0.205899,0.125894,0.0818434,0.199032,0,0.153383,0.118884,1600,0
0.3,0.75,1,50000,0.118304,0.199124,0.124011,0.0812258,0.212184,0,0.149078,0.116073,1600,0
0.4,0.75,1,0,0.124939,0.125068,0.124959,0.124838,0.124845,0.125153,0.125196,0.125003,1600,0
0.4,0.75,1,1000,0.0325375,0.247506,0.0461445,0.176867,0.0812844,0.145917,0.0652902,0.204453,1600,0
0.4,0.75,1,2000,0.0141547,0.252681,0.0214184,0.218032,0.038227,0.203985,0.0299516,0.221551,1600,0
0.4,0.75,1,3000,0.00543594,0.255395,0.00741328,0.235761,0.0125426,0.232161,0.011441,0.23985,1600,0
0.4,0.75,1,5000,0,0.253783,0,0.245848,0.000288281,0.2504,0.000216406,0.249464,1600,0
0.4,0.75,1,7000,0,0.248836,0,0.251279,0,0.250295,0,0.249591,1600,0
0.4,0.75,1,10000,0,0.252293,0,0.24631,0,0.251407,0,0.24999,1600,0
0.4,0.75,1,25000,0,0.25019,0,0.247871,0,0.2508,0,0.251139,1600,0
0.4,0.75,1,50000,0,0.249082,0,0.25311,0,0.250124,0,0.247684,1600,0
0,0.75,1,0,0.125316,0.125113,0.124786,0.124904,0.124902,0.124814,0.125118,0.125047,1600,0
0,0.75,1,1000,0.00231719,0.391037,0.00602148,0.224574,0.0609867,0.0836297,0.022691,0.208743,1600,580
0,0.75,1,2000,0.00231719,0.391037,0.00602148,0.224574,0.0609867,0.0836297,0.022691,0.208743,1600,580
0,0.75,1,3000,0.00231719,0.391037,0.00602148,0.224574,0.0609867,0.0836297,0.022691,0.208743,1600,580
0,0.75,1,5000,0.00231719,0.391037,0.00602148,0.224574,0.0609867,0.0836297,0.022691,0.208743,1600,580
0,0.75,1,7000,0.00231719,0.391037,0.00602148,0.224574,0.0609867,0.0836297,0.022691,0.208743,1600,580
0,0.75,1,10000,0.00231719,0.391037,0.00602148,0.224574,0.0609867,0.0836297,0.022691,0.208743,1600,580
0,0.75,1,25000,0.00231719,0.391037,0.00602148,0.224574,0.0609867,0.0836297,0.022691,0.208743,1600,580
0,0.75,1,50000,0.00231719,0.391037,0.00602148,0.224574,0.0609867,0.0836297,0.022691,0.208743,1600,580
0.35,0.75,1,0,0.1251,0.124637,0.125031,0.125067,0.124811,0.125076,0.12518,0.125098,1600,0
0.35,0.75,1,1000,0.066768,0.219844,0.0795883,0.133261,0.133995,0.0915484,0.103968,0.171027,1600,0
0.35,0.75,1,2000,0.0734191,0.233886,0.0818348,0.121188,0.146488,0.0694562,0.116334,0.157393,1600,0
0.35,0.75,1,3000,0.075716,0.228989,0.0902961,0.11732,0.157808,0.0589238,0.117811,0.153137,1600,0
0.35,0.75,1,5000,0.0845941,0.219087,0.102024,0.105821,0.171434,0.0444879,0.121837,0.150715,1600,0
0.35,0.75,1,7000,0.0926449,0.221455,0.110105,0.0941559,0.182623,0.0280848,0.13463,0.136302,1600,0
0.35,0.75,1,10000,0.097693,0.219609,0.110215,0.088191,0.197798,0.0188473,0.143504,0.124143,1600,0
0.35,0.75,1,25000,0.0979039,0.218047,0.115501,0.0835457,0.212655,0.000523047,0.15499,0.116834,1600,0
0.35,0.75,1,50000,0.103545,0.212304,0.120498,0.0777316,0.209898,0,0.150764,0.12526,1600,0
0.05,0.75,1,0,0.124885,0.124904,0.124667,0.125195,0.125006,0.125132,0.125095,0.125117,1600,0
0.05,0.75,1,1000,0.0815961,0.207462,0.0901297,0.149675,0.0988004,0.109997,0.0789543,0.183386,1600,0
0.05,0.75,1,2000,0.10944,0.188194,0.112833,0.127954,0.131875,0.0675215,0.0966754,0.165508,1600,0
0.05,0.75,1,3000,0.115699,0.18509,0.12551,0.123279,0.13129,0.0610148,0.107157,0.15096,1600,0
0.05,0.75,1,5000,0.125666,0.181341,0.129963,0.119495,0.145153,0.040327,0.115272,0.142783,1600,0
0.05,0.75,1,7000,0.130468,0.187715,0.128711,0.114227,0.14248,0.0390395,0.112466,0.144895,1600,0
0.05,0.75,1,10000,0.126778,0.186477,0.131058,0.110573,0.154857,0.0377703,0.112726,0.13976,1600,0
0.05,0.75,1,25000,0.139235,0.187347,0.140083,0.0971762,0.16401,0.0190609,0.126809,0.126279,1600,0
0.05,0.75,1,50000,0.142934,0.182304,0.143148,0.0994234,0.166143,0.0194719,0.125982,0.120593,1600,0
0.4,0.75,1,0,0.124901,0.125332,0.124898,0.12496,0.124862,0.125,0.125161,0.124886,1600,0
0.4,0.75,1,1000,0.040891,0.250472,0.0559238,0.161789,0.104674,0.118242,0.0777559,0.190252,1600,0
0.4,0.75,1,2000,0.0311859,0.248446,0.0355539,0.189114,0.0670547,0.166691,0.0524766,0.209477,1600,0
0.4,0.75,1,3000,0.0116773,0.245901,0.017118,0.224141,0.0298777,0.213484,0.023084,0.234716,1600,0
0.4,0.75,1,5000,0.00246758,0.245617,0.00409102,0.249774,0.00523398,0.241296,0.0040625,0.247459,1600,0
0.4,0.75,1,7000,0.000110938,0.251559,0.000377734,0.250513,0.000323047,0.248392,0.000145703,0.248579,1600,0
0.4,0.75,1,10000,0,0.252727,0,0.250966,0,0.24954,0,0.246766,1600,0
0.4,0.75,1,25000,0,0.251053,0,0.250476,0,0.250912,0,0.247559,1600,0
0.4,0.75,1,50000,0,0.250457,0,0.25186,0,0.250206,0,0.247477,1600,0
0,0.75,1,0,0.125491,0.125104,0.124896,0.125316,0.125086,0.124789,0.124607,0.124711,1600,0
0,0.75,1,1000,0.00230273,0.392922,0.00619219,0.219317,0.0624566,0.0840801,0.0232266,0.209502,1600,480
0,0.75,1,2000,0.00230273,0.392922,0.00619219,0.219317,0.0624566,0.0840801,0.0232266,0.209502,1600,480
0,0.75,1,3000,0.00230273,0.392922,0.00619219,0.219317,0.0624566,0.0840801,0.0232266,0.209502,1600,480
0,0.75,1,5000,0.00230273,0.392922,0.00619219,0.219317,0.0624566,0.0840801,0.0232266,0.209502,1600,480
0,0.75,1,7000,0.00230273,0.392922,0.00619219,0.219317,0.0624566,0.0840801,0.0232266,0.209502,1600,480
0,0.75,1,10000,0.00230273,0.392922,0.00619219,0.219317,0.0624566,0.0840801,0.0232266,0.209502,1600,480
0,0.75,1,25000,0.00230273,0.392922,0.00619219,0.219317,0.0624566,0.0840801,0.0232266,0.209502,1600,480
0,0.75,1,50000,0.00230273,0.392922,0.00619219,0.219317,0.0624566,0.0840801,0.0232266,0.209502,1600,480
0.1,0.75,1,0,0.125135,0.124514,0.124998,0.125189,0.124872,0.124887,0.125137,0.125269,1600,0
0.1,0.75,1,1000,0.118419,0.19272,0.128682,0.111404,0.142127,0.0455496,0.112454,0.148646,1600,0
0.1,0.75,1,2000,0.1329,0.189002,0.135972,0.102885,0.158642,0.0235156,0.128411,0.128671,1600,0
0.1,0.75,1,3000,0.138209,0.182314,0.143986,0.0964965,0.171179,0.0153324,0.128595,0.123889,1600,0
0.1,0.75,1,5000,0.151076,0.185659,0.144154,0.0852496,0.175135,0.00375234,0.137821,0.117152,1600,0
0.1,0.75,1,7000,0.14942,0.182841,0.14338,0.0935418,0.178879,0.000887891,0.13867,0.11238,1600,0
0.1,0.75,1,10000,0.144043,0.180108,0.153066,0.0909203,0.174724,0,0.142768,0.114372,1600,0
0.1,0.75,1,25000,0.148212,0.179718,0.147244,0.0948383,0.177407,0,0.135771,0.116809,1600,0
0.1,0.75,1,50000,0.146926,0.179211,0.150798,0.0900371,0.181571,0,0.14342,0.108036,1600,0
0.05,0.75,1,0,0.125247,0.124975,0.124893,0.124796,0.125091,0.124918,0.124971,0.125109,1600,0
0.05,0.75,1,1000,0.0793801,0.193659,0.0962223,0.155982,0.0972129,0.110919,0.0796285,0.186997,1600,0
0.05,0.75,1,2000,0.11259,0.192385,0.112945,0.123906,0.126909,0.0694203,0.0956699,0.166174,1600,0
0.05,0.75,1,3000,0.115232,0.194302,0.122018,0.117601,0.134138,0.0618551,0.106597,0.148257,1600,0
0.05,0.75,1,5000,0.122128,0.189263,0.125745,0.110669,0.142702,0.0445016,0.111487,0.153505,1600,0
0.05,0.75,1,7000,0.130779,0.186373,0.129194,0.113266,0.148085,0.0379703,0.115048,0.139286,1600,0
0.05,0.75,1,10000,0.130697,0.18738,0.132892,0.109104,0.153122,0.0328238,0.120182,0.1338,1600,0
0.05,0.75,1,25000,0.140389,0.181401,0.141028,0.0979527,0.160902,0.0203883,0.125893,0.132046,1600,0
0.05,0.75,1,50000,0.136959,0.181769,0.147276,0.102878,0.15722,0.0219258,0.123185,0.128787,1600,0
0.1,0.75,1,0,0.125104,0.124851,0.125089,0.124906,0.125331,0.124714,0.125036,0.124969,1600,0
0.1,0.75,1,1000,0.110021,0.195736,0.122348,0.119809,0.134845,0.0558492,0.113284,0.148108,1600,0
0.1,0.75,1,2000,0.131061,0.186091,0.138168,0.106809,0.157736,0.0235387,0.126297,0.1303,1600,0
0.1,0.75,1,3000,0.141595,0.186166,0.141591,0.0942195,0.172854,0.0140414,0.13229,0.117244,1600,0
0.1,0.75,1,5000,0.1472,0.181439,0.142653,0.0969348,0.17594,0.00517461,0.135188,0.11547,1600,0
0.1,0.75,1,7000,0.148569,0.183666,0.147422,0.0908875,0.181909,0.00254102,0.130373,0.114632,1600,0
0.1,0.75,1,10000,0.148747,0.184226,0.138373,0.089059,0.191995,0.000900391,0.138387,0.108313,1600,0
0.1,0.75,1,25000,0.149077,0.183133,0.147104,0.0864461,0.184131,0,0.136973,0.113137,1600,0
0.1,0.75,1,50000,0.146483,0.184509,0.145498,0.0850711,0.186858,0,0.141086,0.110495,1600,0
0.15,0.75,1,0,0.124891,0.124759,0.125486,0.125015,0.124904,0.125071,0.125138,0.124736,1600,0
0.15,0.75,1,1000,0.117752,0.199239,0.125773,0.103995,0.147693,0.0358523,0.129075,0.140621,1600,0
0.15,0.75,1,2000,0.134183,0.185656,0.135889,0.0989445,0.175711,0.0152746,0.135081,0.119262,1600,0
0.15,0.75,1,3000,0.135763,0.183025,0.139094,0.0920227,0.178878,0.00690156,0.140236,0.12408,1600,0
0.15,0.75,1,5000,0.141747,0.182496,0.139113,0.0858773,0.185018,0.00110352,0.151367,0.113279,1600,0
0.15,0.75,1,7000,0.135334,0.187874,0.144651,0.086359,0.185917,0.000509375,0.147239,0.112116,1600,0
0.15,0.75,1,10000,0.137053,0.1888,0.144795,0.0898016,0.174521,0.000381641,0.146919,0.11773,1600,0
0.15,0.75,1,25000,0.141857,0.193564,0.141194,0.0922137,0.17863,0,0.136036,0.116505,1600,0
0.15,0.75,1,50000,0.139353,0.192357,0.139239,0.0904914,0.187698,0,0.140105,0.110757,1600,0
0.15,0.75,1,0,0.125088,0.124787,0.124601,0.124825,0.125158,0.125048,0.125314,0.125179,1600,0
0.15,0.75,1,1000,0.120332,0.195701,0.12459,0.107887,0.153733,0.0361523,0.127596,0.134007,1600,0
0.15,0.75,1,2000,0.129148,0.186158,0.13484,0.0951895,0.180294,0.0139164,0.136319,0.124135,1600,0
0.15,0.75,1,3000,0.137329,0.187695,0.136595,0.0924242,0.184002,0.00687852,0.139756,0.115322,1600,0
0.15,0.75,1,5000,0.141461,0.18963,0.14345,0.0888121,0.18436,0.00148203,0.137723,0.113082,1600,0
0.15,0.75,1,7000,0.139216,0.186321,0.145844,0.0886906,0.181816,0.000578125,0.14262,0.114914,1600,0
0.15,0.75,1,10000,0.138916,0.181416,0.145957,0.0867875,0.184084,0,0.149535,0.113304,1600,0
0.15,0.75,1,25000,0.143705,0.185012,0.150027,0.0848293,0.182877,0,0.145119,0.10843,1600,0
0.15,0.75,1,50000,0.137873,0.186755,0.145973,0.0911641,0.180408,0,0.144036,0.113791,1600,0
0.2,0.75,1,0,0.125421,0.124779,0.124771,0.124822,0.125054,0.125247,0.12476,0.125145,1600,0
0.2,0.75,1,1000,0.113887,0.196457,0.118935,0.106486,0.162087,0.0362242,0.126433,0.139491,1600,0
0.2,0.75,1,2000,0.125952,0.195183,0.127836,0.0923477,0.177991,0.0145613,0.137134,0.128995,1600,0
0.2,0.75,1,3000,0.130299,0.193177,0.139149,0.0849426,0.188504,0.0057043,0.146212,0.112012,1600,0
0.2,0.75,1,5000,0.131473,0.191898,0.132473,0.0833551,0.199568,0.00134375,0.148575,0.111314,1600,0
0.2,0.75,1,7000,0.135194,0.192723,0.136054,0.0836727,0.183473,6.25e-06,0.15298,0.115898,1600,0
0.2,0.75,1,10000,0.134605,0.190002,0.136789,0.0829594,0.197478,0,0.147945,0.110221,1600,0
0.2,0.75,1,25000,0.131721,0.191222,0.138305,0.0867145,0.191563,0,0.144745,0.115729,1600,0
0.2,0.75,1,50000,0.138209,0.192282,0.132693,0.0900105,0.189898,0,0.145845,0.111062,1600,0
0.2,0.75,1,0,0.125038,0.125273,0.125037,0.124843,0.12508,0.124904,0.12487,0.124955,1600,0
0.2,0.75,1,1000,0.114367,0.202375,0.127202,0.109459,0.159941,0.0330023,0.122923,0.13073,1600,0
0.2,0.75,1,2000,0.125696,0.196119,0.128336,0.0913047,0.184814,0.0128574,0.136921,0.123952,1600,0
0.2,0.75,1,3000,0.133057,0.199369,0.127634,0.0912195,0.181691,0.00668242,0.143418,0.11693,1600,0
0.2,0.75,1,5000,0.13128,0.200793,0.135641,0.0864855,0.191785,0.00147539,0.144071,0.108469,1600,0
0.2,0.75,1,7000,0.135643,0.192743,0.138741,0.0831957,0.185618,0.000330078,0.147554,0.116176,1600,0
0.2,0.75,1,10000,0.134779,0.18711,0.13765,0.0842035,0.19395,0,0.149283,0.113023,1600,0
0.2,0.75,1,25000,0.138998,0.1875,0.133626,0.0881305,0.1898,0,0.147722,0.114223,1600,0
0.2,0.75,1,50000,0.135806,0.193031,0.137578,0.0935648,0.183513,0,0.146146,0.110362,1600,0
0.25,0.75,1,0,0.125062,0.125223,0.125005,0.1251,0.125059,0.12476,0.125103,0.124688,1600,0
0.25,0.75,1,1000,0.10789,0.206083,0.111947,0.104667,0.164036,0.0351332,0.123453,0.146791,1600,0
0.25,0.75,1,2000,0.115503,0.198399,0.125619,0.0910426,0.194891,0.0153539,0.136555,0.122636,1600,0
0.25,0.75,1,3000,0.122782,0.198322,0.132393,0.0863832,0.189147,0.0056043,0.146959,0.118409,1600,0
0.25,0.75,1,5000,0.124489,0.20305,0.130857,0.0845523,0.197732,0.000828125,0.144915,0.113577,1600,0
0.25,0.75,1,7000,0.127336,0.193068,0.131597,0.0874906,0.197296,7.8125e-05,0.145,0.118135,1600,0
0.25,0.75,1,10000,0.126784,0.198693,0.129815,0.0897715,0.193387,0,0.147116,0.114433,1600,0
0.25,0.75,1,25000,0.12404,0.198912,0.130564,0.085852,0.199448,0,0.154507,0.106678,1600,0
0.25,0.75,1,50000,0.128368,0.194465,0.131917,0.0815848,0.202723,0,0.146315,0.114627,1600,0
0.25,0.75,1,0,0.124596,0.125083,0.124808,0.125081,0.125074,0.125211,0.12505,0.125098,1600,0
0.25,0.75,1,1000,0.105771,0.202225,0.120916,0.104118,0.164622,0.0363957,0.1324,0.133553,1600,0
0.25,0.75,1,2000,0.119773,0.203066,0.126755,0.0914941,0.189769,0.0103711,0.142361,0.116413,1600,0
0.25,0.75,1,3000,0.122009,0.200118,0.130466,0.0913484,0.186342,0.00592461,0.146574,0.117218,1600,0
0.25,0.75,1,5000,0.119323,0.198238,0.129763,0.0929605,0.203558,0.00235117,0.142401,0.111405,1600,0
0.25,0.75,1,7000,0.128129,0.195539,0.13011,0.0855906,0.202109,0.000140625,0.146593,0.111789,1600,0
0.25,0.75,1,10000,0.128256,0.192569,0.138797,0.0822395,0.202305,0.000234766,0.148689,0.10691,1600,0
0.25,0.75,1,25000,0.124023,0.195355,0.132724,0.0848719,0.197518,0,0.154606,0.110902,1600,0
0.25,0.75,1,50000,0.127377,0.195285,0.136035,0.0837746,0.196051,0,0.147701,0.113777,1600,0
0.3,0.75,1,0,0.125012,0.125211,0.124938,0.125087,0.125121,0.124769,0.124841,0.125021,1600,0
0.3,0.75,1,1000,0.0903105,0.211555,0.102197,0.112902,0.150875,0.050032,0.120691,0.161436,1600,0
0.3,0.75,1,2000,0.105309,0.211636,0.111577,0.0927711,0.181854,0.0246328,0.138088,0.134132,1600,0
0.3,0.75,1,3000,0.111593,0.214812,0.121604,0.0889687,0.184075,0.00938164,0.147245,0.122321,1600,0
0.3,0.75,1,5000,0.117946,0.207104,0.124296,0.0842328,0.202118,0.00150078,0.146155,0.116648,1600,0
0.3,0.75,1,7000,0.115668,0.208866,0.128429,0.0775926,0.195811,0.000119531,0.152065,0.121448,1600,0
0.3,0.75,1,10000,0.120799,0.203696,0.122425,0.0856738,0.202501,0,0.150781,0.114124,1600,0
0.3,0.75,1,25000,0.11174,0.209408,0.123914,0.0825785,0.206013,0,0.150125,0.116221,1600,0
0.3,0.75,1,50000,0.116023,0.20543,0.132716,0.0801992,0.201991,0,0.152018,0.111623,1600,0
0.3,0.75,1,0,0.124953,0.125053,0.125098,0.125079,0.125047,0.125083,0.124874,0.124813,1600,0
0.3,0.75,1,1000,0.0890449,0.212298,0.103111,0.110987,0.161983,0.0470109,0.122737,0.152828,1600,0
0.3,0.75,1,2000,0.104507,0.21129,0.113761,0.0936852,0.187169,0.0198063,0.140094,0.129687,1600,0
0.3,0.75,1,3000,0.108985,0.212658,0.122943,0.0884508,0.195699,0.00983281,0.143193,0.118239,1600,0
0.3,0.75,1,5000,0.115309,0.205616,0.124805,0.0845992,0.201543,0.00381367,0.147409,0.116905,1600,0
0.3,0.75,1,7000,0.116877,0.205332,0.12599,0.0848395,0.19821,0.000764453,0.146136,0.121852,1600,0
0.3,0.75,1,10000,0.117041,0.203424,0.130905,0.0753148,0.207057,0,0.149169,0.117089,1600,0
0.3,0.75,1,25000,0.112123,0.210778,0.117859,0.0843449,0.213737,0,0.145785,0.115373,1600,0
0.3,0.75,1,50000,0.113176,0.213159,0.123385,0.0808813,0.202229,0,0.147659,0.119511,1600,0
0.35,0.75,1,0,0.124672,0.124973,0.124932,0.124667,0.125042,0.125365,0.125281,0.125068,1600,0
0.35,0.75,1,1000,0.0709883,0.228165,0.0827617,0.129696,0.141705,0.0804867,0.104449,0.161747,1600,0
0.35,0.75,1,2000,0.0743914,0.229902,0.0940723,0.120062,0.147009,0.0623555,0.120416,0.151793,1600,0
0.35,0.75,1,3000,0.0827398,0.21956,0.096468,0.104288,0.172521,0.0472125,0.125552,0.151659,1600,0
0.35,0.75,1,5000,0.0912605,0.224767,0.109751,0.0977668,0.183253,0.0242105,0.134543,0.134448,1600,0
0.35,0.75,1,7000,0.098357,0.216377,0.116143,0.0899254,0.188255,0.0192117,0.141963,0.129768,1600,0
0.35,0.75,1,10000,0.0957125,0.219173,0.114222,0.0903594,0.19851,0.0130379,0.142752,0.126233,1600,0
0.35,0.75,1,25000,0.0979805,0.21929,0.119861,0.0819562,0.208893,0.00388164,0.149991,0.118146,1600,0
0.35,0.75,1,50000,0.101353,0.221066,0.11628,0.0743109,0.211368,0,0.156336,0.119286,1600,0
0.35,0.75,1,0,0.125309,0.125282,0.124967,0.124725,0.124852,0.124837,0.124821,0.125207,1600,0
0.35,0.75,1,1000,0.0710957,0.225791,0.0849156,0.132984,0.142411,0.0738367,0.111391,0.157574,1600,0
0.35,0.75,1,2000,0.0795504,0.219869,0.098577,0.1138,0.153154,0.0608738,0.120198,0.153978,1600,0
0.35,0.75,1,3000,0.0814,0.223509,0.0949113,0.109543,0.168974,0.0492906,0.125821,0.146551,1600,0
0.35,0.75,1,5000,0.090559,0.223754,0.103884,0.0956152,0.187265,0.0274719,0.133823,0.137628,1600,0
0.35,0.75,1,7000,0.0983398,0.218556,0.107329,0.0908586,0.197955,0.0169719,0.142267,0.127722,1600,0
0.35,0.75,1,10000,0.0940305,0.224472,0.107892,0.0902078,0.197416,0.0154121,0.141605,0.128964,1600,0
0.35,0.75,1,25000,0.103802,0.214216,0.119809,0.0781059,0.211759,0.00124687,0.150197,0.120864,1600,0
0.35,0.75,1,50000,0.103981,0.21736,0.120914,0.0768641,0.209788,0,0.152484,0.118609,1600,0
0.4,0.75,1,0,0.125362,0.125277,0.124965,0.124874,0.124671,0.125229,0.124734,0.124887,1600,0
0.4,0.75,1,1000,0.0295051,0.243279,0.0414871,0.187773,0.0763027,0.152166,0.058948,0.210538,1600,0
0.4,0.75,1,2000,0.017723,0.248661,0.0202305,0.217328,0.0397246,0.201327,0.0291441,0.225861,1600,0
0.4,0.75,1,3000,0.00792266,0.247022,0.00896484,0.235907,0.0151695,0.229506,0.0117996,0.243709,1600,0
0.4,0.75,1,5000,0.000607031,0.248501,0.00049375,0.248414,0.00147461,0.25017,0.00124297,0.249097,1600,0
0.4,0.75,1,7000,0,0.252205,0,0.253696,0,0.244486,0,0.249613,1600,0
0.4,0.75,1,10000,0,0.246384,0,0.250501,0,0.251996,0,0.251118,1600,0
0.4,0.75,1,25000,0,0.24722,0,0.251967,0,0.253745,0,0.247069,1600,0
0.4,0.75,1,50000,0,0.252875,0,0.251293,0,0.248493,0,0.247338,1600,0
0,0.75,1,0,0.124954,0.12504,0.124907,0.124947,0.125078,0.125146,0.124946,0.124982,1600,0
0,0.75,1,1000,0.00242695,0.391886,0.00591953,0.223042,0.0622809,0.0832285,0.0218531,0.209364,1600,460
0,0.75,1,2000,0.00242695,0.391886,0.00591953,0.223042,0.0622809,0.0832285,0.0218531,0.209364,1600,460
0,0.75,1,3000,0.00242695,0.391886,0.00591953,0.223042,0.0622809,0.0832285,0.0218531,0.209364,1600,460
0,0.75,1,5000,0.00242695,0.391886,0.00591953,0.223042,0.0622809,0.0832285,0.0218531,0.209364,1600,460
0,0.75,1,7000,0.00242695,0.391886,0.00591953,0.223042,0.0622809,0.0832285,0.0218531,0.209364,1600,460
0,0.75,1,10000,0.00242695,0.391886,0.00591953,0.223042,0.0622809,0.0832285,0.0218531,0.209364,1600,460
0,0.75,1,25000,0.00242695,0.391886,0.00591953,0.223042,0.0622809,0.0832285,0.0218531,0.209364,1600,460
0,0.75,1,50000,0.00242695,0.391886,0.00591953,0.223042,0.0622809,0.0832285,0.0218531,0.209364,1600,460
0.4,0.75,1,0,0.124599,0.125263,0.124802,0.124981,0.124686,0.125394,0.125322,0.124954,1600,0
0.4,0.75,1,1000,0.0380172,0.246162,0.0543023,0.165462,0.102636,0.131372,0.0712074,0.190841,1600,0
0.4,0.75,1,2000,0.021707,0.247731,0.0291957,0.197747,0.0527434,0.183128,0.0422957,0.225452,1600,0
0.4,0.75,1,3000,0.0112059,0.248495,0.0148645,0.225229,0.0303422,0.217801,0.0226195,0.229443,1600,0
0.4,0.75,1,5000,0.00158867,0.250206,0.00185352,0.247213,0.00361055,0.243138,0.00267734,0.249713,1600,0
0.4,0.75,1,7000,0,0.246741,5.07812e-06,0.246358,0.000171094,0.253439,6.09375e-05,0.253224,1600,0
0.4,0.75,1,10000,0,0.249042,0,0.251077,0,0.250211,0,0.24967,1600,0
0.4,0.75,1,25000,0,0.249801,0,0.250138,0,0.252364,0,0.247698,1600,0
0.4,0.75,1,50000,0,0.249558,0,0.250226,0,0.249196,0,0.25102,1600,0
0,0.75,1,0,0.124989,0.125337,0.124918,0.125121,0.125144,0.124909,0.124727,0.124855,1600,0
0,0.75,1,1000,0.00208945,0.393116,0.00640508,0.217241,0.0648207,0.0825852,0.0217758,0.211966,1600,660
0,0.75,1,2000,0.00208945,0.393116,0.00640508,0.217241,0.0648207,0.0825852,0.0217758,0.211966,1600,660
0,0.75,1,3000,0.00208945,0.393116,0.00640508,0.217241,0.0648207,0.0825852,0.0217758,0.211966,1600,660
0,0.75,1,5000,0.00208945,0.393116,0.00640508,0.217241,0.0648207,0.0825852,0.0217758,0.211966,1600,660
0,0.75,1,7000,0.00208945,0.393116,0.00640508,0.217241,0.0648207,0.0825852,0.0217758,0.211966,1600,660
0,0.75,1,10000,0.00208945,0.393116,0.00640508,0.217241,0.0648207,0.0825852,0.0217758,0.211966,1600,660
0,0.75,1,25000,0.00208945,0.393116,0.00640508,0.217241,0.0648207,0.0825852,0.0217758,0.211966,1600,660
0,0.75,1,50000,0.00208945,0.393116,0.00640508,0.217241,0.0648207,0.0825852,0.0217758,0.211966,1600,660
0.05,0.75,1,0,0.1249,0.124642,0.125183,0.125375,0.12504,0.125032,0.125134,0.124695,1600,0
0.05,0.75,1,1000,0.0873027,0.196446,0.0955504,0.143832,0.100632,0.104586,0.0837676,0.187884,1600,0
0.05,0.75,1,2000,0.105855,0.192134,0.117509,0.129957,0.128061,0.0702563,0.0995574,0.156671,1600,0
0.05,0.75,1,3000,0.123065,0.187509,0.123854,0.117788,0.138478,0.0505477,0.106683,0.152076,1600,0
0.05,0.75,1,5000,0.126011,0.180206,0.132231,0.107783,0.148491,0.0437258,0.12108,0.140473,1600,0
0.05,0.75,1,7000,0.131459,0.186809,0.13176,0.111157,0.149504,0.0372555,0.113854,0.138203,1600,0
0.05,0.75,1,10000,0.127537,0.185681,0.134948,0.11163,0.143864,0.037518,0.12023,0.138591,1600,0
0.05,0.75,1,25000,0.135686,0.184957,0.147102,0.0979891,0.17089,0.0164039,0.126362,0.120611,1600,0
0.05,0.75,1,50000,0.144284,0.186844,0.140932,0.0993437,0.160904,0.0192805,0.124388,0.124025,1600,0
0.05,0.75,1,0,0.124754,0.125162,0.124537,0.124934,0.125026,0.125292,0.125023,0.125271,1600,0
0.05,0.75,1,1000,0.0828797,0.200505,0.0918313,0.149873,0.0989172,0.106959,0.0832516,0.185782,1600,0
0.05,0.75,1,2000,0.109318,0.189925,0.116602,0.127584,0.132477,0.0658395,0.100569,0.157685,1600,0
0.05,0.75,1,3000,0.118587,0.193288,0.125375,0.116219,0.136036,0.0537961,0.108293,0.148407,1600,0
0.05,0.75,1,5000,0.121535,0.188109,0.128174,0.120172,0.143299,0.0429859,0.111244,0.14448,1600,0
0.05,0.75,1,7000,0.126496,0.182063,0.134466,0.113412,0.145508,0.0346727,0.115838,0.147544,1600,0
0.05,0.75,1,10000,0.12782,0.184879,0.134214,0.108045,0.15547,0.0340973,0.119367,0.136109,1600,0
0.05,0.75,1,25000,0.137252,0.182909,0.141756,0.0992367,0.159602,0.0228785,0.124995,0.13137,1600,0
0.05,0.75,1,50000,0.138936,0.18202,0.140533,0.101955,0.154703,0.0262555,0.124158,0.131441,1600,0
0.1,0.75,1,0,0.12485,0.125283,0.124811,0.124861,0.125059,0.125237,0.124625,0.125275,1600,0
0.1,0.75,1,1000,0.113696,0.193946,0.12279,0.115649,0.145411,0.0473777,0.111825,0.149304,1600,0
0.1,0.75,1,2000,0.134359,0.187585,0.139838,0.100648,0.161381,0.0199367,0.131155,0.125097,1600,0
0.1,0.75,1,3000,0.13659,0.188675,0.13667,0.097927,0.176727,0.0155305,0.127181,0.120698,1600,0
0.1,0.75,1,5000,0.142676,0.183077,0.149982,0.0903691,0.175204,0.00443477,0.136212,0.118045,1600,0
0.1,0.75,1,7000,0.151215,0.183293,0.140761,0.0950113,0.183577,0.00305664,0.130092,0.112995,1600,0
0.1,0.75,1,10000,0.150996,0.185663,0.142075,0.0818422,0.185305,0.000452734,0.13758,0.116086,1600,0
0.1,0.75,1,25000,0.148698,0.18079,0.158623,0.0900008,0.173732,0,0.134312,0.113844,1600,0
0.1,0.75,1,50000,0.148899,0.177748,0.147435,0.093693,0.178735,0,0.133662,0.119829,1600,0
0.15,0.75,1,0,0.124985,0.125039,0.124963,0.124785,0.124748,0.125206,0.12527,0.125004,1600,0
0.15,0.75,1,1000,0.119124,0.196517,0.129266,0.109346,0.15327,0.0340719,0.122359,0.136046,1600,0
0.15,0.75,1,2000,0.132049,0.187853,0.137288,0.0991379,0.171794,0.0127887,0.13104,0.128049,1600,0
0.15,0.75,1,3000,0.143216,0.191058,0.14392,0.0905641,0.17491,0.00551797,0.136991,0.113823,1600,0
0.15,0.75,1,5000,0.137943,0.1913,0.141014,0.0911508,0.19023,0.00141523,0.138178,0.108768,1600,0
0.15,0.75,1,7000,0.137422,0.187608,0.147294,0.0875711,0.187103,0.000218359,0.141803,0.11098,1600,0
0.15,0.75,1,10000,0.14416,0.18517,0.140842,0.0862746,0.185955,0,0.145268,0.11233,1600,0
0.15,0.75,1,25000,0.136957,0.189493,0.143554,0.0877531,0.179368,0,0.141355,0.12152,1600,0
0.15,0.75,1,50000,0.138245,0.186139,0.14307,0.0878344,0.188008,0,0.145394,0.111309,1600,0
0.1,0.75,1,0,0.124954,0.125216,0.124975,0.12495,0.124819,0.12479,0.1252,0.125097,1600,0
0.1,0.75,1,1000,0.116021,0.184393,0.127107,0.113364,0.144998,0.0477,0.121892,0.144525,1600,0
0.1,0.75,1,2000,0.13474,0.176952,0.13812,0.107289,0.168784,0.0161328,0.129524,0.128457,1600,0
0.1,0.75,1,3000,0.140168,0.18374,0.144112,0.0932535,0.172107,0.00779609,0.139973,0.11885,1600,0
0.1,0.75,1,5000,0.144483,0.183797,0.146854,0.0923496,0.172849,0.00394492,0.134996,0.120726,1600,0
0.1,0.75,1,7000,0.15028,0.182277,0.146069,0.0893355,0.177482,0.00109805,0.13957,0.113889,1600,0
0.1,0.75,1,10000,0.146943,0.185139,0.147865,0.0885809,0.18749,4.41406e-05,0.135236,0.108702,1600,0
0.1,0.75,1,25000,0.14563,0.181149,0.150919,0.0881098,0.180167,0,0.14206,0.111966,1600,0
0.1,0.75,1,50000,0.146983,0.187271,0.145909,0.0931414,0.18224,0,0.134289,0.110166,1600,0
0.2,0.75,1,0,0.124545,0.125001,0.125048,0.125168,0.125261,0.125025,0.125032,0.12492,1600,0
0.2,0.75,1,1000,0.113325,0.202141,0.123301,0.103907,0.16418,0.031716,0.126175,0.135255,1600,0
0.2,0.75,1,2000,0.129946,0.195798,0.129878,0.0937148,0.178829,0.0118391,0.139847,0.120148,1600,0
0.2,0.75,1,3000,0.130228,0.194466,0.132792,0.0934789,0.178454,0.00671055,0.144441,0.11943,1600,0
0.2,0.75,1,5000,0.135239,0.196475,0.134518,0.0899746,0.184824,0.00139336,0.145103,0.112474,1600,0
0.2,0.75,1,7000,0.133876,0.19155,0.136305,0.0931605,0.188951,0.000415625,0.140637,0.115103,1600,0
0.2,0.75,1,10000,0.132202,0.187209,0.138565,0.0877637,0.184809,0,0.153464,0.115987,1600,0
0.2,0.75,1,25000,0.130115,0.189688,0.136742,0.0874262,0.192703,0,0.146171,0.117154,1600,0
0.2,0.75,1,50000,0.137372,0.189485,0.141727,0.0835152,0.187583,0,0.147713,0.112604,1600,0
0.15,0.75,1,0,0.124846,0.124896,0.1251,0.124963,0.124727,0.125202,0.125357,0.124909,1600,0
0.15,0.75,1,1000,0.118855,0.200631,0.127801,0.110512,0.149548,0.0390305,0.119636,0.133986,1600,0
0.15,0.75,1,2000,0.13235,0.187219,0.138324,0.0981516,0.176337,0.0137883,0.131837,0.121992,1600,0
0.15,0.75,1,3000,0.136725,0.188432,0.137716,0.0911262,0.179541,0.00727266,0.141993,0.117194,1600,0
0.15,0.75,1,5000,0.139381,0.178677,0.145126,0.0885375,0.187106,0.00293984,0.140702,0.117531,1600,0
0.15,0.75,1,7000,0.139284,0.183854,0.14568,0.0867074,0.189638,0.000487109,0.14428,0.11007,1600,0
0.15,0.75,1,10000,0.142063,0.181965,0.146091,0.0916023,0.185737,0,0.143836,0.108705,1600,0
0.15,0.75,1,25000,0.140917,0.182957,0.146597,0.0889906,0.178913,0,0.145022,0.116604,1600,0
0.15,0.75,1,50000,0.142887,0.183223,0.142843,0.0855035,0.183913,0,0.148423,0.113207,1600,0
0.25,0.75,1,0,0.124873,0.124985,0.125072,0.12493,0.124671,0.125246,0.124997,0.125225,1600,0
0.25,0.75,1,1000,0.10539,0.20472,0.118321,0.10323,0.160963,0.0393246,0.126398,0.141654,1600,0
0.25,0.75,1,2000,0.1149,0.202214,0.125702,0.0944801,0.178477,0.0175016,0.14017,0.126555,1600,0
0.25,0.75,1,3000,0.12382,0.202008,0.129921,0.0881125,0.195649,0.00727812,0.138144,0.115068,1600,0
0.25,0.75,1,5000,0.117964,0.198641,0.135355,0.0862395,0.194247,0.00294883,0.146473,0.118132,1600,0
0.25,0.75,1,7000,0.126029,0.199306,0.133624,0.0872137,0.197551,0.00184961,0.142925,0.111503,1600,0
0.25,0.75,1,10000,0.120361,0.201506,0.131761,0.079166,0.197763,0.000171484,0.151294,0.117978,1600,0
0.25,0.75,1,25000,0.124926,0.200214,0.128991,0.0882957,0.193925,0,0.149196,0.114453,1600,0
0.25,0.75,1,50000,0.125294,0.202369,0.126218,0.087709,0.204714,0,0.146482,0.107214,1600,0
0.2,0.75,1,0,0.125033,0.12512,0.124825,0.1253,0.124961,0.124751,0.12502,0.12499,1600,0
0.2,0.75,1,1000,0.110126,0.199193,0.122192,0.107209,0.159105,0.0349102,0.12261,0.144656,1600,0
0.2,0.75,1,2000,0.1218,0.197982,0.128457,0.0947941,0.175373,0.0152617,0.142398,0.123934,1600,0
0.2,0.75,1,3000,0.134049,0.188841,0.136288,0.088984,0.18802,0.00578828,0.144313,0.113716,1600,0
0.2,0.75,1,5000,0.134928,0.193991,0.134899,0.0917391,0.193248,0.000499219,0.138475,0.112221,1600,0
0.2,0.75,1,7000,0.131705,0.191887,0.138027,0.0895785,0.189333,0.000527734,0.146695,0.112245,1600,0
0.2,0.75,1,10000,0.13399,0.194433,0.137592,0.0866172,0.191708,7.38281e-05,0.143403,0.112183,1600,0
0.2,0.75,1,25000,0.135682,0.191626,0.137032,0.0885508,0.194035,0,0.140766,0.112309,1600,0
0.2,0.75,1,50000,0.138924,0.187071,0.140577,0.0853602,0.187333,0,0.144108,0.116627,1600,0
0.3,0.75,1,0,0.124939,0.125212,0.125004,0.124851,0.124902,0.125051,0.124921,0.12512,1600,0
0.3,0.75,1,1000,0.0883238,0.209904,0.110433,0.117107,0.161707,0.0535004,0.115634,0.143391,1600,0
0.3,0.75,1,2000,0.103847,0.214248,0.115261,0.0957059,0.18483,0.024732,0.130833,0.130544,1600,0
0.3,0.75,1,3000,0.107042,0.213642,0.124169,0.0862996,0.197505,0.00877344,0.144079,0.118489,1600,0
0.3,0.75,1,5000,0.115445,0.203548,0.128774,0.0828707,0.200482,0.00156367,0.151019,0.116298,1600,0
0.3,0.75,1,7000,0.113093,0.213798,0.122197,0.0865738,0.202234,0,0.148234,0.11387,1600,0
0.3,0.75,1,10000,0.119593,0.206377,0.12791,0.0815066,0.20575,0,0.148445,0.110419,1600,0
0.3,0.75,1,25000,0.114533,0.211537,0.122285,0.083032,0.203461,0,0.153091,0.112061,1600,0
0.3,0.75,1,50000,0.112597,0.208611,0.127902,0.0875652,0.20512,0,0.150241,0.107964,1600,0
0.25,0.75,1,0,0.125054,0.125118,0.124916,0.124796,0.125085,0.125029,0.124945,0.125057,1600,0
0.25,0.75,1,1000,0.105175,0.207394,0.11663,0.103887,0.166328,0.0364633,0.126696,0.137427,1600,0
0.25,0.75,1,2000,0.116239,0.204986,0.126866,0.0942559,0.176756,0.0146352,0.142859,0.123403,1600,0
0.25,0.75,1,3000,0.122552,0.198238,0.133537,0.0834746,0.186698,0.0051625,0.151964,0.118373,1600,0
0.25,0.75,1,5000,0.121771,0.199355,0.12949,0.0831008,0.195382,0.00275,0.1445,0.123651,1600,0
0.25,0.75,1,7000,0.122265,0.198672,0.132447,0.0903184,0.194652,0.000373828,0.146686,0.114587,1600,0
0.25,0.75,1,10000,0.127526,0.201202,0.128854,0.0872109,0.194686,0,0.151582,0.108939,1600,0
0.25,0.75,1,25000,0.127032,0.199515,0.132771,0.0817594,0.193912,0,0.148279,0.116731,1600,0
0.25,0.75,1,50000,0.122274,0.196331,0.130739,0.0903266,0.193363,0,0.151541,0.115425,1600,0
0.35,0.75,1,0,0.125309,0.124993,0.125024,0.124759,0.124629,0.125225,0.125025,0.125036,1600,0
0.35,0.75,1,1000,0.0683496,0.233616,0.0923133,0.119001,0.147238,0.0725688,0.105058,0.161855,1600,0
0.35,0.75,1,2000,0.0819562,0.222779,0.0944207,0.110984,0.155546,0.0510828,0.119505,0.163727,1600,0
0.35,0.75,1,3000,0.0855598,0.220446,0.102098,0.10634,0.173294,0.0367105,0.132832,0.14272,1600,0
0.35,0.75,1,5000,0.0952508,0.215944,0.109717,0.0905563,0.196216,0.0208109,0.140135,0.13137,1600,0
0.35,0.75,1,7000,0.0967062,0.221071,0.110656,0.084582,0.207916,0.0112984,0.146075,0.121695,1600,0
0.35,0.75,1,10000,0.0966324,0.219483,0.11747,0.0807109,0.206232,0.00938398,0.148754,0.121334,1600,0
0.35,0.75,1,25000,0.100818,0.216752,0.126669,0.0791895,0.204833,0,0.154959,0.11678,1600,0
0.35,0.75,1,50000,0.107994,0.216586,0.119502,0.0784719,0.203565,0,0.155395,0.118486,1600,0
0.4,0.75,1,0,0.124847,0.12483,0.12522,0.124967,0.125396,0.124706,0.125377,0.124656,1600,0
0.4,0.75,1,1000,0.0359926,0.243131,0.0486387,0.177048,0.087073,0.142709,0.0684203,0.196988,1600,0
0.4,0.75,1,2000,0.0163461,0.252352,0.0253668,0.205764,0.0454148,0.197428,0.0346602,0.222669,1600,0
0.4,0.75,1,3000,0.00690156,0.251372,0.0066793,0.233446,0.0159801,0.232039,0.0135141,0.240068,1600,0
0.4,0.75,1,5000,0,0.251782,0,0.244814,2.38281e-05,0.251461,1.17188e-05,0.251908,1600,0
0.4,0.75,1,7000,0,0.252651,0,0.247928,0,0.251843,0,0.247579,1600,0
0.4,0.75,1,10000,0,0.249262,0,0.253002,0,0.247125,0,0.25061,1600,0
0.4,0.75,1,25000,0,0.247739,0,0.249735,0,0.253236,0,0.249291,1600,0
0.4,0.75,1,50000,0,0.246482,0,0.250242,0,0.255337,0,0.247939,1600,0
0,0.75,1,0,0.125315,0.124942,0.125133,0.124744,0.124919,0.125004,0.124855,0.125088,1600,0
0,0.75,1,1000,0.0023168,0.392597,0.00619141,0.220143,0.0637352,0.0818605,0.0228156,0.210341,1600,920
0,0.75,1,2000,0.0023168,0.392597,0.00619141,0.220143,0.0637352,0.0818605,0.0228156,0.210341,1600,920
0,0.75,1,3000,0.0023168,0.392597,0.00619141,0.220143,0.0637352,0.0818605,0.0228156,0.210341,1600,920
0,0.75,1,5000,0.0023168,0.392597,0.00619141,0.220143,0.0637352,0.0818605,0.0228156,0.210341,1600,920
0,0.75,1,7000,0.0023168,0.392597,0.00619141,0.220143,0.0637352,0.0818605,0.0228156,0.210341,1600,920
0,0.75,1,10000,0.0023168,0.392597,0.00619141,0.220143,0.0637352,0.0818605,0.0228156,0.210341,1600,920
0,0.75,1,25000,0.0023168,0.392597,0.00619141,0.220143,0.0637352,0.0818605,0.0228156,0.210341,1600,920
0,0.75,1,50000,0.0023168,0.392597,0.00619141,0.220143,0.0637352,0.0818605,0.0228156,0.210341,1600,920
0.3,0.75,1,0,0.124635,0.125005,0.124723,0.125437,0.125206,0.124879,0.124968,0.125147,1600,0
0.3,0.75,1,1000,0.0932043,0.210369,0.103814,0.112393,0.152219,0.04995,0.124272,0.153779,1600,0
0.3,0.75,1,2000,0.110719,0.215411,0.117555,0.0933445,0.176844,0.0197824,0.135842,0.130502,1600,0
0.3,0.75,1,3000,0.110393,0.207276,0.127892,0.084125,0.190629,0.0111344,0.144295,0.124255,1600,0
0.3,0.75,1,5000,0.113113,0.211486,0.123789,0.0844141,0.195433,0.00330352,0.146105,0.122357,1600,0
0.3,0.75,1,7000,0.112593,0.211118,0.123089,0.0853309,0.198785,0.00144844,0.153143,0.114493,1600,0
0.3,0.75,1,10000,0.113524,0.213352,0.12768,0.0778961,0.207557,0,0.146311,0.113679,1600,0
0.3,0.75,1,25000,0.112468,0.209571,0.129044,0.0759867,0.203692,0,0.14982,0.119418,1600,0
0.3,0.75,1,50000,0.116019,0.20953,0.121746,0.0823039,0.198293,0,0.156142,0.115965,1600,0
0.05,0.75,1,0,0.12515,0.125358,0.125059,0.124807,0.125321,0.125069,0.124866,0.12437,1600,0
0.05,0.75,1,1000,0.0876461,0.197895,0.0932066,0.149589,0.0968535,0.109511,0.0848656,0.180432,1600,0
0.05,0.75,1,2000,0.113542,0.191626,0.112511,0.123542,0.128755,0.0627473,0.101164,0.166113,1600,0
0.05,0.75,1,3000,0.117964,0.19474,0.122947,0.121384,0.133061,0.0505156,0.108353,0.151035,1600,0
0.05,0.75,1,5000,0.127329,0.184745,0.132094,0.108643,0.144969,0.0405051,0.118606,0.14311,1600,0
0.05,0.75,1,7000,0.130149,0.183367,0.132681,0.110967,0.152965,0.0331375,0.117328,0.139405,1600,0
0.05,0.75,1,10000,0.131923,0.186673,0.130266,0.110753,0.152959,0.0354828,0.114587,0.137357,1600,0
0.05,0.75,1,25000,0.136858,0.187164,0.133582,0.108508,0.155712,0.026418,0.121155,0.130603,1600,0
0.05,0.75,1,50000,0.137911,0.182505,0.142748,0.104616,0.157441,0.0225535,0.121402,0.130823,1600,0
0.35,0.75,1,0,0.124513,0.125304,0.125189,0.124876,0.124952,0.125242,0.125014,0.124909,1600,0
0.35,0.75,1,1000,0.0712324,0.224781,0.0855969,0.126938,0.133904,0.0802789,0.100743,0.176526,1600,0
0.35,0.75,1,2000,0.0736168,0.229689,0.0937719,0.118587,0.153242,0.0601031,0.117098,0.153891,1600,0
0.35,0.75,1,3000,0.0858348,0.224123,0.101686,0.111471,0.165344,0.0454359,0.120142,0.145963,1600,0
0.35,0.75,1,5000,0.0917063,0.221747,0.102199,0.0994102,0.184862,0.0284129,0.135653,0.13601,1600,0
0.35,0.75,1,7000,0.099373,0.2178,0.114867,0.0848863,0.200103,0.0126863,0.141796,0.128489,1600,0
0.35,0.75,1,10000,0.0996332,0.219124,0.113507,0.0856695,0.204085,0.00678867,0.148171,0.123022,1600,0
0.35,0.75,1,25000,0.10235,0.223183,0.116075,0.0765852,0.214761,0,0.154048,0.112997,1600,0
0.35,0.75,1,50000,0.100908,0.219175,0.119607,0.0782301,0.218949,0,0.146993,0.116137,1600,0
0.1,0.75,1,0,0.125275,0.125314,0.124943,0.124641,0.125242,0.124618,0.124802,0.125166,1600,0
0.1,0.75,1,1000,0.117489,0.196541,0.122402,0.115205,0.136497,0.0496305,0.112276,0.149958,1600,0
0.1,0.75,1,2000,0.139214,0.192211,0.136942,0.0977133,0.159718,0.0222117,0.123638,0.128352,1600,0
0.1,0.75,1,3000,0.142061,0.187982,0.143471,0.0959523,0.167788,0.00711719,0.135886,0.119743,1600,0
0.1,0.75,1,5000,0.142338,0.180067,0.147129,0.0960656,0.177512,0.0025832,0.13941,0.114896,1600,0
0.1,0.75,1,7000,0.148468,0.181125,0.147767,0.0856332,0.182903,0.000634766,0.140214,0.113255,1600,0
0.1,0.75,1,10000,0.144029,0.184815,0.149584,0.0917059,0.17817,0,0.139427,0.112269,1600,0
0.1,0.75,1,25000,0.14914,0.178797,0.144766,0.089584,0.177241,0,0.145805,0.114667,1600,0
0.1,0.75,1,50000,0.146838,0.182638,0.149639,0.089682,0.176668,0,0.140263,0.114273,1600,0
0.4,0.75,1,0,0.124968,0.124745,0.125061,0.125134,0.12507,0.125011,0.124904,0.125107,1600,0
0.4,0.75,1,1000,0.0334934,0.250482,0.0506816,0.171144,0.0848996,0.142221,0.0674395,0.199639,1600,0
0.4,0.75,1,2000,0.0194539,0.252368,0.0223449,0.211169,0.0430598,0.195214,0.0371512,0.219239,1600,0
0.4,0.75,1,3000,0.00413516,0.246382,0.00760547,0.2378,0.0136535,0.234811,0.0112387,0.244373,1600,0
0.4,0.75,1,5000,0.00041875,0.25585,0.000783203,0.247702,0.0010582,0.246469,0.000345313,0.247373,1600,0
0.4,0.75,1,7000,0,0.250164,0,0.25282,0,0.24834,0,0.248676,1600,0
0.4,0.75,1,10000,0,0.248913,0,0.247498,0,0.252079,0,0.25151,1600,0
0.4,0.75,1,25000,0,0.251513,0,0.249567,0,0.247546,0,0.251373,1600,0
0.4,0.75,1,50000,0,0.250221,0,0.24581,0,0.247786,0,0.256184,1600,0
0,0.75,1,0,0.125353,0.124997,0.124854,0.124788,0.125197,0.124709,0.125015,0.125087,1600,0
0,0.75,1,1000,0.00223906,0.393154,0.00618867,0.220571,0.0624883,0.0828492,0.0220832,0.210427,1600,440
0,0.75,1,2000,0.00223906,0.393154,0.00618867,0.220571,0.0624883,0.0828492,0.0220832,0.210427,1600,440
0,0.75,1,3000,0.00223906,0.393154,0.00618867,0.220571,0.0624883,0.0828492,0.0220832,0.210427,1600,440
0,0.75,1,5000,0.00223906,0.393154,0.00618867,0.220571,0.0624883,0.0828492,0.0220832,0.210427,1600,440
0,0.75,1,7000,0.00223906,0.393154,0.00618867,0.220571,0.0624883,0.0828492,0.0220832,0.210427,1600,440
0,0.75,1,10000,0.00223906,0.393154,0.00618867,0.220571,0.0624883,0.0828492,0.0220832,0.210427,1600,440
0,0.75,1,25000,0.00223906,0.393154,0.00618867,0.220571,0.0624883,0.0828492,0.0220832,0.210427,1600,440
0,0.75,1,50000,0.00223906,0.393154,0.00618867,0.220571,0.0624883,0.0828492,0.0220832,0.210427,1600,440
0.15,0.75,1,0,0.124898,0.124886,0.12466,0.125153,0.125069,0.125268,0.124795,0.125271,1600,0
0.15,0.75,1,1000,0.125285,0.18975,0.129775,0.103952,0.152104,0.033934,0.130807,0.134393,1600,0
0.15,0.75,1,2000,0.132789,0.187609,0.138018,0.0950371,0.169586,0.0133199,0.140472,0.123169,1600,0
0.15,0.75,1,3000,0.133503,0.185477,0.14617,0.0899977,0.174041,0.0094457,0.139171,0.122196,1600,0
0.15,0.75,1,5000,0.137262,0.186155,0.141614,0.0832879,0.195245,0.00275625,0.142289,0.111392,1600,0
0.15,0.75,1,7000,0.146824,0.183786,0.140917,0.0902277,0.188089,0.00107891,0.140912,0.108165,1600,0
0.15,0.75,1,10000,0.143676,0.182711,0.149425,0.0855422,0.183325,0,0.144541,0.110779,1600,0
0.15,0.75,1,25000,0.142519,0.186506,0.140494,0.0872289,0.184693,0,0.139955,0.118604,1600,0
0.15,0.75,1,50000,0.141488,0.181589,0.143652,0.0926328,0.181038,0,0.145623,0.113977,1600,0
0.05,0.75,1,0,0.125107,0.125125,0.1248,0.125137,0.124839,0.124864,0.125325,0.124803,1600,0
0.05,0.75,1,1000,0.08355,0.198879,0.0925582,0.153814,0.0985414,0.107864,0.0815496,0.183243,1600,0
0.05,0.75,1,2000,0.109688,0.194055,0.118841,0.121119,0.124525,0.0694281,0.10529,0.157054,1600,0
0.05,0.75,1,3000,0.113645,0.186826,0.127087,0.123109,0.133732,0.0538867,0.107914,0.153801,1600,0
0.05,0.75,1,5000,0.125232,0.186302,0.125664,0.112221,0.147097,0.0460355,0.116309,0.14114,1600,0
0.05,0.75,1,7000,0.126572,0.186998,0.129271,0.107982,0.147321,0.0393641,0.116114,0.146377,1600,0
0.05,0.75,1,10000,0.12576,0.182962,0.133041,0.113172,0.155046,0.0369512,0.11512,0.137949,1600,0
0.05,0.75,1,25000,0.13745,0.18413,0.139722,0.108749,0.154156,0.0254227,0.120164,0.130205,1600,0
0.05,0.75,1,50000,0.131221,0.182675,0.136702,0.105079,0.152863,0.0312566,0.124675,0.135528,1600,0
0.2,0.75,1,0,0.124985,0.125043,0.125121,0.125258,0.125007,0.124756,0.125087,0.124743,1600,0
0.2,0.75,1,1000,0.119111,0.196507,0.127173,0.0984063,0.151154,0.0348023,0.132777,0.140069,1600,0
0.2,0.75,1,2000,0.128326,0.192932,0.128382,0.0963813,0.17067,0.0128477,0.138996,0.131466,1600,0
0.2,0.75,1,3000,0.128732,0.188772,0.141671,0.0866848,0.181691,0.00513945,0.143846,0.123464,1600,0
0.2,0.75,1,5000,0.135055,0.189966,0.136007,0.0930625,0.186491,0.00149766,0.142168,0.115754,1600,0
0.2,0.75,1,7000,0.129927,0.193589,0.133598,0.0864188,0.199547,0.000571484,0.148109,0.108239,1600,0
0.2,0.75,1,10000,0.136517,0.192607,0.137415,0.0836641,0.192428,0,0.148688,0.108681,1600,0
0.2,0.75,1,25000,0.134178,0.189336,0.138825,0.0886605,0.190527,0,0.150148,0.108326,1600,0
0.2,0.75,1,50000,0.13645,0.196613,0.135864,0.0850645,0.181994,0,0.14654,0.117473,1600,0
0.25,0.75,1,0,0.124585,0.125173,0.125268,0.125204,0.125147,0.124673,0.124972,0.124977,1600,0
0.25,0.75,1,1000,0.107471,0.203514,0.113477,0.10821,0.167217,0.0352223,0.124632,0.140255,1600,0
0.25,0.75,1,2000,0.116336,0.199465,0.124482,0.0901852,0.181411,0.0140191,0.144357,0.129745,1600,0
0.25,0.75,1,3000,0.120728,0.199835,0.12339,0.090143,0.191279,0.00664922,0.147434,0.120542,1600,0
0.25,0.75,1,5000,0.129565,0.199964,0.130207,0.0885055,0.190851,0.00227148,0.144485,0.114152,1600,0
0.25,0.75,1,7000,0.131351,0.191087,0.133155,0.085148,0.193815,0,0.150556,0.114888,1600,0
0.25,0.75,1,10000,0.12728,0.198035,0.132849,0.0842395,0.197288,0,0.144882,0.115426,1600,0
0.25,0.75,1,25000,0.12669,0.19183,0.131268,0.08795,0.201404,0,0.144976,0.115882,1600,0
0.25,0.75,1,50000,0.124541,0.200168,0.131112,0.0855867,0.198501,0,0.147783,0.112309,1600,0
0.1,0.75,1,0,0.125249,0.124872,0.125369,0.125001,0.124808,0.124628,0.125111,0.124963,1600,0
0.1,0.75,1,1000,0.114752,0.192812,0.121157,0.112778,0.136291,0.0539922,0.111835,0.156383,1600,0
0.1,0.75,1,2000,0.132073,0.183882,0.137985,0.103093,0.16393,0.0185234,0.128256,0.132257,1600,0
0.1,0.75,1,3000,0.135655,0.186272,0.14061,0.093518,0.17462,0.0122816,0.133935,0.123108,1600,0
0.1,0.75,1,5000,0.141237,0.180886,0.14541,0.0922535,0.169323,0.00563945,0.142248,0.123004,1600,0
0.1,0.75,1,7000,0.150914,0.183441,0.144141,0.0887934,0.185013,0.00316953,0.132082,0.112445,1600,0
0.1,0.75,1,10000,0.145591,0.18167,0.147726,0.0885781,0.177077,0.000116016,0.144123,0.11512,1600,0
0.1,0.75,1,25000,0.144599,0.18412,0.147424,0.0937145,0.173363,0,0.142246,0.114533,1600,0
0.1,0.75,1,50000,0.152428,0.177803,0.145993,0.0924859,0.1797,0,0.133878,0.117712,1600,0
0.3,0.75,1,0,0.124934,0.124869,0.12484,0.125325,0.12492,0.125056,0.124833,0.125223,1600,0
0.3,0.75,1,1000,0.0896535,0.213158,0.102372,0.109564,0.15167,0.0555973,0.122859,0.155126,1600,0
0.3,0.75,1,2000,0.101594,0.214438,0.109549,0.0968699,0.181065,0.0253129,0.136201,0.13497,1600,0
0.3,0.75,1,3000,0.110244,0.204705,0.121332,0.086743,0.199047,0.00897891,0.143541,0.125409,1600,0
0.3,0.75,1,5000,0.114707,0.209975,0.12292,0.0848699,0.20068,0.00325625,0.147813,0.115777,1600,0
0.3,0.75,1,7000,0.116562,0.204371,0.121654,0.0827867,0.203088,0.000771875,0.150768,0.119998,1600,0
0.3,0.75,1,10000,0.11173,0.211786,0.12118,0.0851984,0.201164,0,0.14997,0.118972,1600,0
0.3,0.75,1,25000,0.116481,0.20653,0.122396,0.0831078,0.20672,0,0.149671,0.115094,1600,0
0.3,0.75,1,50000,0.11496,0.204553,0.125893,0.0825582,0.20649,0,0.150766,0.114779,1600,0
0.15,0.75,1,0,0.124677,0.125184,0.125083,0.125218,0.124966,0.124988,0.125132,0.124753,1600,0
0.15,0.75,1,1000,0.117003,0.190795,0.127273,0.108181,0.155463,0.0345281,0.120801,0.145956,1600,0
0.15,0.75,1,2000,0.133637,0.188889,0.135879,0.0951094,0.169249,0.0150797,0.137673,0.124484,1600,0
0.15,0.75,1,3000,0.133518,0.186339,0.142403,0.0932914,0.1801,0.00975078,0.139712,0.114887,1600,0
0.15,0.75,1,5000,0.143215,0.186732,0.146404,0.086373,0.182381,0.00196797,0.140041,0.112888,1600,0
0.15,0.75,1,7000,0.139104,0.183323,0.140777,0.0929277,0.187522,0.000119141,0.139894,0.116333,1600,0
0.15,0.75,1,10000,0.13901,0.187214,0.141222,0.0910754,0.188307,0,0.141802,0.11137,1600,0
0.15,0.75,1,25000,0.139808,0.185401,0.137891,0.0856,0.192562,0,0.146269,0.11247,1600,0
0.15,0.75,1,50000,0.137446,0.183392,0.142537,0.0840887,0.201728,0,0.140563,0.110246,1600,0
0.35,0.75,1,0,0.125097,0.125146,0.125052,0.12482,0.125016,0.124938,0.124929,0.125001,1600,0
0.35,0.75,1,1000,0.0729301,0.225129,0.0878227,0.119657,0.146542,0.0794789,0.110771,0.15767,1600,0
0.35,0.75,1,2000,0.0804027,0.221908,0.0986848,0.110773,0.16957,0.0549508,0.119274,0.144436,1600,0
0.35,0.75,1,3000,0.0846656,0.218359,0.10027,0.104902,0.172237,0.0418105,0.131511,0.146244,1600,0
0.35,0.75,1,5000,0.0893043,0.218117,0.103799,0.0943645,0.185992,0.0296801,0.140614,0.138129,1600,0
0.35,0.75,1,7000,0.0952145,0.214198,0.115622,0.087723,0.197024,0.0199906,0.140133,0.130095,1600,0
0.35,0.75,1,10000,0.0936613,0.215552,0.110488,0.0866328,0.202239,0.0191332,0.14186,0.130434,1600,0
0.35,0.75,1,25000,0.104702,0.21448,0.119205,0.0797105,0.207412,0.00242461,0.150034,0.122032,1600,0
0.35,0.75,1,50000,0.100341,0.219266,0.118942,0.0745715,0.212838,0,0.155609,0.118433,1600,0
0.2,0.75,1,0,0.12493,0.12479,0.125068,0.125329,0.124916,0.125139,0.124931,0.124897,1600,0
0.2,0.75,1,1000,0.113745,0.19873,0.122916,0.100423,0.156567,0.0330281,0.132646,0.141946,1600,0
0.2,0.75,1,2000,0.130443,0.195516,0.132505,0.0921887,0.181148,0.0131879,0.13628,0.118732,1600,0
0.2,0.75,1,3000,0.132139,0.188571,0.13893,0.0917574,0.181639,0.00594531,0.141886,0.119131,1600,0
0.2,0.75,1,5000,0.131578,0.187671,0.141569,0.0881473,0.193483,0.00105391,0.144698,0.1118,1600,0
0.2,0.75,1,7000,0.135879,0.194877,0.138284,0.0842133,0.184242,4.6875e-05,0.148612,0.113846,1600,0
0.2,0.75,1,10000,0.134158,0.196673,0.135192,0.0831844,0.193059,0,0.145718,0.112016,1600,0
0.2,0.75,1,25000,0.131725,0.189988,0.13818,0.0839691,0.190028,0,0.152792,0.113318,1600,0
0.2,0.75,1,50000,0.131997,0.190995,0.1357,0.0867145,0.200562,0,0.145016,0.109017,1600,0
0.4,0.75,1,0,0.124718,0.124721,0.125107,0.125278,0.125068,0.125075,0.125087,0.124946,1600,0
0.4,0.75,1,1000,0.0361273,0.238481,0.0508289,0.174903,0.082225,0.151336,0.0644938,0.201606,1600,0
0.4,0.75,1,2000,0.0129223,0.253394,0.0208355,0.215796,0.0383043,0.204074,0.0283754,0.226298,1600,0
0.4,0.75,1,3000,0.00527305,0.247493,0.0100227,0.235631,0.0136457,0.231652,0.0112195,0.245064,1600,0
0.4,0.75,1,5000,0.000134766,0.250253,7.85156e-05,0.251405,0.000444531,0.249121,0.000119141,0.248444,1600,0
0.4,0.75,1,7000,0,0.253158,0,0.251952,0,0.243372,0,0.251518,1600,0
0.4,0.75,1,10000,0,0.250362,0,0.247766,0,0.253379,0,0.248493,1600,0
0.4,0.75,1,25000,0,0.249198,0,0.250113,0,0.24939,0,0.251298,1600,0
0.4,0.75,1,50000,0,0.249597,0,0.250765,0,0.250865,0,0.248773,1600,0
0,0.75,1,0,0.124667,0.125064,0.125257,0.125299,0.124928,0.125354,0.124822,0.124609,1600,0
0,0.75,1,1000,0.00228437,0.392514,0.00639844,0.216927,0.0638617,0.0826828,0.0227121,0.212619,1600,440
0,0.75,1,2000,0.00228437,0.392514,0.00639844,0.216927,0.0638617,0.0826828,0.0227121,0.212619,1600,440
0,0.75,1,3000,0.00228437,0.392514,0.00639844,0.216927,0.0638617,0.0826828,0.0227121,0.212619,1600,440
0,0.75,1,5000,0.00228437,0.392514,0.00639844,0.216927,0.0638617,0.0826828,0.0227121,0.212619,1600,440
0,0.75,1,7000,0.00228437,0.392514,0.00639844,0.216927,0.0638617,0.0826828,0.0227121,0.212619,1600,440
0,0.75,1,10000,0.00228437,0.392514,0.00639844,0.216927,0.0638617,0.0826828,0.0227121,0.212619,1600,440
0,0.75,1,25000,0.00228437,0.392514,0.00639844,0.216927,0.0638617,0.0826828,0.0227121,0.212619,1600,440
0,0.75,1,50000,0.00228437,0.392514,0.00639844,0.216927,0.0638617,0.0826828,0.0227121,0.212619,1600,440
0.05,0.75,1,0,0.124883,0.125154,0.125256,0.125095,0.124665,0.125124,0.124835,0.124989,1600,0
0.05,0.75,1,1000,0.085277,0.197041,0.0909785,0.150771,0.102882,0.105304,0.0833867,0.184359,1600,0
0.05,0.75,1,2000,0.106652,0.194556,0.11597,0.127078,0.123638,0.0698605,0.101163,0.161083,1600,0
0.05,0.75,1,3000,0.116065,0.194802,0.128871,0.118945,0.129716,0.0553641,0.106676,0.149562,1600,0
0.05,0.75,1,5000,0.126905,0.192468,0.131569,0.114901,0.137881,0.0401488,0.115181,0.140946,1600,0
0.05,0.75,1,7000,0.130617,0.186549,0.131095,0.108614,0.143925,0.0389129,0.116525,0.143762,1600,0
0.05,0.75,1,10000,0.125936,0.186138,0.130361,0.110995,0.153434,0.0385148,0.114767,0.139856,1600,0
0.05,0.75,1,25000,0.131264,0.183495,0.142807,0.105781,0.154363,0.0277152,0.122977,0.131598,1600,0
0.05,0.75,1,50000,0.143548,0.182891,0.143702,0.0961035,0.169943,0.0143453,0.126383,0.123083,1600,0
0.25,0.75,1,0,0.124943,0.125086,0.125095,0.125157,0.124977,0.125022,0.124825,0.124895,1600,0
0.25,0.75,1,1000,0.102583,0.206311,0.115557,0.105169,0.159576,0.0405445,0.128726,0.141532,1600,0
0.25,0.75,1,2000,0.114946,0.203052,0.124459,0.0883363,0.182728,0.0187168,0.136943,0.130818,1600,0
0.25,0.75,1,3000,0.11942,0.204898,0.129383,0.0840438,0.195271,0.00761484,0.139937,0.119434,1600,0
0.25,0.75,1,5000,0.122889,0.198085,0.134005,0.0873691,0.193193,0.00193008,0.147582,0.114946,1600,0
0.25,0.75,1,7000,0.125173,0.202849,0.133113,0.0852391,0.201861,0.000669922,0.142438,0.108656,1600,0
0.25,0.75,1,10000,0.126314,0.19611,0.137046,0.087491,0.191426,0,0.144201,0.117413,1600,0
0.25,0.75,1,25000,0.126111,0.200714,0.134664,0.0837691,0.195267,0,0.14555,0.113924,1600,0
0.25,0.75,1,50000,0.12333,0.198704,0.134019,0.080793,0.19312,0,0.156155,0.113878,1600,0
0.1,0.75,1,0,0.124737,0.12519,0.124988,0.125162,0.125293,0.124778,0.12502,0.124832,1600,0
0.1,0.75,1,1000,0.116627,0.188439,0.122295,0.118368,0.140398,0.0481938,0.11215,0.153529,1600,0
0.1,0.75,1,2000,0.138173,0.187021,0.135223,0.095907,0.16038,0.0214469,0.130851,0.131,1600,0
0.1,0.75,1,3000,0.135964,0.184418,0.140625,0.0950379,0.17493,0.0151305,0.133838,0.120057,1600,0
0.1,0.75,1,5000,0.142466,0.181348,0.147479,0.0895824,0.17829,0.00596758,0.136175,0.118693,1600,0
0.1,0.75,1,7000,0.148079,0.17899,0.143718,0.0937043,0.177162,0.00190234,0.139603,0.116842,1600,0
0.1,0.75,1,10000,0.140405,0.186191,0.143255,0.0917262,0.179437,0.000688281,0.140752,0.117545,1600,0
0.1,0.75,1,25000,0.148981,0.180747,0.149773,0.0914168,0.182719,0,0.136902,0.109461,1600,0
0.1,0.75,1,50000,0.145771,0.183268,0.146334,0.0868785,0.180588,0,0.145364,0.111796,1600,0
0.3,0.75,1,0,0.124873,0.124895,0.125423,0.12519,0.124596,0.125157,0.124892,0.124975,1600,0
0.3,0.75,1,1000,0.0923672,0.215595,0.107898,0.103558,0.159714,0.0493277,0.123576,0.147963,1600,0
0.3,0.75,1,2000,0.105315,0.216672,0.119951,0.0864008,0.185694,0.0215688,0.134541,0.129857,1600,0
0.3,0.75,1,3000,0.109071,0.213027,0.114923,0.088141,0.19448,0.0110148,0.14613,0.123212,1600,0
0.3,0.75,1,5000,0.116206,0.205852,0.12763,0.0812836,0.205793,0.00226055,0.151716,0.109259,1600,0
0.3,0.75,1,7000,0.117246,0.203015,0.125931,0.0862828,0.202708,0.000317969,0.151232,0.113267,1600,0
0.3,0.75,1,10000,0.109741,0.210228,0.127064,0.0779859,0.210557,0,0.150177,0.114246,1600,0
0.3,0.75,1,25000,0.111775,0.205498,0.130483,0.083598,0.206404,0,0.151464,0.110777,1600,0
0.3,0.75,1,50000,0.113293,0.203732,0.12483,0.0844375,0.208278,0,0.153781,0.111648,1600,0
0.15,0.75,1,0,0.124895,0.124766,0.125079,0.125454,0.124941,0.124945,0.124825,0.125096,1600,0
0.15,0.75,1,1000,0.115218,0.191136,0.126159,0.107636,0.151947,0.0374719,0.124929,0.145503,1600,0
0.15,0.75,1,2000,0.129199,0.188114,0.134968,0.0958637,0.175191,0.0196699,0.138639,0.118356,1600,0
0.15,0.75,1,3000,0.13455,0.187829,0.139642,0.0931426,0.174757,0.00839687,0.142945,0.118736,1600,0
0.15,0.75,1,5000,0.138096,0.189994,0.14233,0.0902805,0.183209,0.00140156,0.14522,0.109469,1600,0
0.15,0.75,1,7000,0.142959,0.18422,0.139479,0.0880234,0.189339,0.00196523,0.141415,0.112599,1600,0
0.15,0.75,1,10000,0.14457,0.18738,0.13946,0.0862816,0.185547,0.00041875,0.14307,0.113273,1600,0
0.15,0.75,1,25000,0.136343,0.187017,0.140554,0.091309,0.193126,0,0.14027,0.111382,1600,0
0.15,0.75,1,50000,0.142786,0.186538,0.144704,0.0901934,0.188057,0,0.142569,0.105152,1600,0
0.35,0.75,1,0,0.124912,0.124776,0.125147,0.125005,0.124881,0.125142,0.125283,0.124854,1600,0
0.35,0.75,1,1000,0.0752922,0.228537,0.0921445,0.126915,0.139375,0.0681578,0.108919,0.160659,1600,0
0.35,0.75,1,2000,0.0864191,0.219462,0.0994926,0.110533,0.163913,0.048327,0.120245,0.151608,1600,0
0.35,0.75,1,3000,0.084284,0.221439,0.105664,0.10212,0.173987,0.039993,0.126112,0.146402,1600,0
0.35,0.75,1,5000,0.0886863,0.226575,0.103469,0.0921098,0.197679,0.0251352,0.137774,0.128572,1600,0
0.35,0.75,1,7000,0.0973801,0.212866,0.11503,0.0830184,0.205047,0.014641,0.143441,0.128576,1600,0
0.35,0.75,1,10000,0.103457,0.215762,0.121883,0.0831055,0.203244,0.00603047,0.142022,0.124496,1600,0
0.35,0.75,1,25000,0.104408,0.219495,0.116525,0.0771766,0.214328,0,0.15067,0.117396,1600,0
0.35,0.75,1,50000,0.106726,0.211375,0.12111,0.0791449,0.215252,0,0.148906,0.117486,1600,0
0.2,0.75,1,0,0.124955,0.12489,0.125109,0.124895,0.125095,0.125084,0.124991,0.124981,1600,0
0.2,0.75,1,1000,0.115457,0.203458,0.122099,0.10792,0.161408,0.0305109,0.128905,0.130242,1600,0
0.2,0.75,1,2000,0.128686,0.189727,0.131464,0.0986613,0.180304,0.0142273,0.134634,0.122296,1600,0
0.2,0.75,1,3000,0.132137,0.191535,0.13288,0.0884273,0.182699,0.00624297,0.142563,0.123515,1600,0
0.2,0.75,1,5000,0.140534,0.192497,0.137641,0.0870367,0.191243,0.000876953,0.138897,0.111274,1600,0
0.2,0.75,1,7000,0.135424,0.193315,0.138328,0.086866,0.190529,0.000253906,0.142852,0.112432,1600,0
0.2,0.75,1,10000,0.137272,0.191875,0.140239,0.0886594,0.189052,0,0.143339,0.109563,1600,0
0.2,0.75,1,25000,0.134605,0.197498,0.137617,0.087302,0.179178,0,0.146726,0.117075,1600,0
0.2,0.75,1,50000,0.135136,0.187314,0.139623,0.0945004,0.185802,0,0.1433,0.114324,1600,0
0.4,0.75,1,0,0.125209,0.124912,0.124719,0.124829,0.125197,0.124874,0.125311,0.124949,1600,0
0.4,0.75,1,1000,0.0376332,0.243106,0.0431402,0.176136,0.0831,0.150122,0.0682785,0.198484,1600,0
0.4,0.75,1,2000,0.017077,0.250617,0.0234332,0.213369,0.0402961,0.19719,0.0302551,0.227763,1600,0
0.4,0.75,1,3000,0.00490156,0.250052,0.00880977,0.235999,0.0167234,0.230202,0.0125223,0.240789,1600,0
0.4,0.75,1,5000,0.000429297,0.248644,0.000723438,0.246791,0.00142734,0.249592,0.000480469,0.251912,1600,0
0.4,0.75,1,7000,0,0.245685,0,0.250739,0,0.2501,0,0.253476,1600,0
0.4,0.75,1,10000,0,0.247867,0,0.251209,0,0.248823,0,0.2521,1600,0
0.4,0.75,1,25000,0,0.246948,0,0.250869,0,0.251214,0,0.250969,1600,0
0.4,0.75,1,50000,0,0.250598,0,0.247198,0,0.251113,0,0.251091,1600,0
0,0.75,1,0,0.124907,0.124967,0.124839,0.125002,0.125168,0.125323,0.124989,0.124805,1600,0
0,0.75,1,1000,0.00229648,0.391864,0.00623398,0.218886,0.063641,0.0826891,0.0223043,0.212086,1600,580
0,0.75,1,2000,0.00229648,0.391864,0.00623398,0.218886,0.063641,0.0826891,0.0223043,0.212086,1600,580
0,0.75,1,3000,0.00229648,0.391864,0.00623398,0.218886,0.063641,0.0826891,0.0223043,0.212086,1600,580
0,0.75,1,5000,0.00229648,0.391864,0.00623398,0.218886,0.063641,0.0826891,0.0223043,0.212086,1600,580
0,0.75,1,7000,0.00229648,0.391864,0.00623398,0.218886,0.063641,0.0826891,0.0223043,0.212086,1600,580
0,0.75,1,10000,0.00229648,0.391864,0.00623398,0.218886,0.063641,0.0826891,0.0223043,0.212086,1600,580
0,0.75,1,25000,0.00229648,0.391864,0.00623398,0.218886,0.063641,0.0826891,0.0223043,0.212086,1600,580
0,0.75,1,50000,0.00229648,0.391864,0.00623398,0.218886,0.063641,0.0826891,0.0223043,0.212086,1600,580
0.25,0.75,1,0,0.125204,0.124758,0.125027,0.124855,0.125203,0.124846,0.124937,0.12517,1600,0
0.25,0.75,1,1000,0.107595,0.206432,0.115562,0.109044,0.164014,0.0360289,0.125781,0.135543,1600,0
0.25,0.75,1,2000,0.118503,0.199148,0.128464,0.0883328,0.176104,0.0146,0.145769,0.12908,1600,0
0.25,0.75,1,3000,0.126459,0.197083,0.130182,0.0894973,0.188102,0.00310312,0.147563,0.118011,1600,0
0.25,0.75,1,5000,0.123177,0.198166,0.132426,0.083741,0.20035,0.00136094,0.149512,0.111267,1600,0
0.25,0.75,1,7000,0.124771,0.1986,0.133113,0.0846812,0.190698,0,0.149483,0.118654,1600,0
0.25,0.75,1,10000,0.127313,0.195159,0.13322,0.0853906,0.191151,0,0.145484,0.122282,1600,0
0.25,0.75,1,25000,0.127923,0.195937,0.132772,0.0845977,0.19399,0,0.150165,0.114616,1600,0
0.25,0.75,1,50000,0.125432,0.199744,0.13187,0.0825836,0.202245,0,0.145929,0.112196,1600,0
0.3,0.75,1,0,0.124993,0.124861,0.124245,0.125055,0.125529,0.124918,0.124916,0.125484,1600,0
0.3,0.75,1,1000,0.0956383,0.209001,0.114233,0.104357,0.159102,0.0477965,0.120776,0.149096,1600,0
0.3,0.75,1,2000,0.107218,0.208884,0.117828,0.0961602,0.180783,0.0207484,0.1424,0.125978,1600,0
0.3,0.75,1,3000,0.111186,0.212248,0.120906,0.0880648,0.186852,0.013325,0.144425,0.122993,1600,0
0.3,0.75,1,5000,0.115003,0.21013,0.122843,0.0808715,0.200816,0.00390898,0.147897,0.11853,1600,0
0.3,0.75,1,7000,0.117543,0.207592,0.122917,0.0812852,0.206909,8.20312e-06,0.1474,0.116345,1600,0
0.3,0.75,1,10000,0.114427,0.206025,0.118809,0.0854531,0.200828,0,0.153009,0.121449,1600,0
0.3,0.75,1,25000,0.113286,0.210536,0.120195,0.0830637,0.212319,0,0.145598,0.115003,1600,0
0.3,0.75,1,50000,0.118696,0.204609,0.129035,0.0787035,0.202982,0,0.152165,0.113809,1600,0
0.05,0.75,1,0,0.124957,0.125447,0.124906,0.124785,0.124883,0.124922,0.12496,0.125139,1600,0
0.05,0.75,1,1000,0.0838633,0.20547,0.0933609,0.156114,0.0981871,0.10872,0.0786687,0.175615,1600,0
0.05,0.75,1,2000,0.108307,0.185514,0.114497,0.130608,0.126007,0.0737059,0.100811,0.16055,1600,0
0.05,0.75,1,3000,0.116742,0.191979,0.124367,0.121912,0.139118,0.0581141,0.103553,0.144215,1600,0
0.05,0.75,1,5000,0.12508,0.184448,0.134917,0.114422,0.140137,0.0419293,0.116455,0.142613,1600,0
0.05,0.75,1,7000,0.130641,0.187697,0.135137,0.1047,0.147192,0.0375492,0.11585,0.141234,1600,0
0.05,0.75,1,10000,0.128904,0.191682,0.135261,0.104587,0.157216,0.0269332,0.121318,0.134099,1600,0
0.05,0.75,1,25000,0.130964,0.187125,0.135974,0.107858,0.152322,0.0310254,0.123289,0.131441,1600,0
0.05,0.75,1,50000,0.137016,0.186644,0.137477,0.0987449,0.158977,0.0241312,0.125448,0.131561,1600,0
0.35,0.75,1,0,0.124906,0.125082,0.125142,0.124788,0.124773,0.124697,0.125539,0.125073,1600,0
0.35,0.75,1,1000,0.0709289,0.229219,0.0895371,0.120853,0.141306,0.0728008,0.111738,0.163618,1600,0
0.35,0.75,1,2000,0.0768566,0.232951,0.0871051,0.115909,0.166805,0.0571508,0.11933,0.143892,1600,0
0.35,0.75,1,3000,0.0847492,0.221705,0.0976586,0.108176,0.173531,0.0405457,0.127204,0.146431,1600,0
0.35,0.75,1,5000,0.0918207,0.223638,0.105063,0.0952746,0.185355,0.0252656,0.140612,0.132972,1600,0
0.35,0.75,1,7000,0.092141,0.215518,0.108186,0.0980531,0.194366,0.0206895,0.136835,0.134212,1600,0
0.35,0.75,1,10000,0.0938191,0.223389,0.10962,0.0862699,0.19463,0.0185066,0.143745,0.130021,1600,0
0.35,0.75,1,25000,0.103989,0.217121,0.117695,0.0817461,0.197197,0.00425703,0.150754,0.127241,1600,0
0.35,0.75,1,50000,0.105509,0.21501,0.118818,0.0788254,0.209461,0,0.152359,0.120018,1600,0
0.1,0.75,1,0,0.125078,0.124923,0.125037,0.124916,0.12488,0.125334,0.125021,0.12481,1600,0
0.1,0.75,1,1000,0.114672,0.19506,0.121264,0.114846,0.143194,0.0529711,0.10945,0.148542,1600,0
0.1,0.75,1,2000,0.133317,0.180207,0.13689,0.0980258,0.165955,0.0218965,0.134975,0.128734,1600,0
0.1,0.75,1,3000,0.140868,0.186413,0.142225,0.0949434,0.174605,0.0104504,0.131378,0.119117,1600,0
0.1,0.75,1,5000,0.147651,0.181863,0.144059,0.0930629,0.185134,0.00398008,0.133463,0.110788,1600,0
0.1,0.75,1,7000,0.143332,0.182283,0.1514,0.089875,0.183667,0.00136133,0.13808,0.110001,1600,0
0.1,0.75,1,10000,0.148832,0.176899,0.149125,0.0922117,0.177799,0,0.135886,0.119247,1600,0
0.1,0.75,1,25000,0.14902,0.180875,0.152729,0.0880023,0.176032,0,0.140519,0.112822,1600,0
0.1,0.75,1,50000,0.151055,0.177422,0.145506,0.0913289,0.189064,0,0.134498,0.111125,1600,0
0.4,0.75,1,0,0.125151,0.124998,0.125074,0.124938,0.12508,0.124834,0.124951,0.124973,1600,0
0.4,0.75,1,1000,0.0327695,0.245759,0.0417312,0.175506,0.087609,0.145668,0.0644277,0.20653,1600,0
0.4,0.75,1,2000,0.0175746,0.245511,0.0247637,0.215308,0.0409746,0.198113,0.0298199,0.227935,1600,0
0.4,0.75,1,3000,0.00625078,0.250693,0.00933086,0.23606,0.0155875,0.231641,0.0120379,0.238399,1600,0
0.4,0.75,1,5000,0.000240234,0.250162,0.000465234,0.247055,0.000895703,0.250091,0.000605469,0.250486,1600,0
0.4,0.75,1,7000,0,0.251202,0,0.246617,0,0.252055,0,0.250126,1600,0
0.4,0.75,1,10000,0,0.250101,0,0.248782,0,0.250398,0,0.250718,1600,0
0.4,0.75,1,25000,0,0.252456,0,0.251073,0,0.245041,0,0.25143,1600,0
0.4,0.75,1,50000,0,0.248204,0,0.249212,0,0.251865,0,0.250719,1600,0
0,0.75,1,0,0.125104,0.125091,0.124804,0.125008,0.124888,0.124968,0.125064,0.125073,1600,0
0,0.75,1,1000,0.00225742,0.393132,0.0062,0.221482,0.0622031,0.0833078,0.0219523,0.209466,1600,560
0,0.75,1,2000,0.00225742,0.393132,0.0062,0.221482,0.0622031,0.0833078,0.0219523,0.209466,1600,560
0,0.75,1,3000,0.00225742,0.393132,0.0062,0.221482,0.0622031,0.0833078,0.0219523,0.209466,1600,560
0,0.75,1,5000,0.00225742,0.393132,0.0062,0.221482,0.0622031,0.0833078,0.0219523,0.209466,1600,560
0,0.75,1,7000,0.00225742,0.393132,0.0062,0.221482,0.0622031,0.0833078,0.0219523,0.209466,1600,560
0,0.75,1,10000,0.00225742,0.393132,0.0062,0.221482,0.0622031,0.0833078,0.0219523,0.209466,1600,560
0,0.75,1,25000,0.00225742,0.393132,0.0062,0.221482,0.0622031,0.0833078,0.0219523,0.209466,1600,560
0,0.75,1,50000,0.00225742,0.393132,0.0062,0.221482,0.0622031,0.0833078,0.0219523,0.209466,1600,560
0.15,0.75,1,0,0.124759,0.124961,0.124947,0.125126,0.124943,0.124969,0.124928,0.125368,1600,0
0.15,0.75,1,1000,0.118484,0.191866,0.124516,0.112326,0.156071,0.0424844,0.117608,0.136645,1600,0
0.15,0.75,1,2000,0.134633,0.184085,0.136092,0.0953664,0.175429,0.0127973,0.138963,0.122635,1600,0
0.15,0.75,1,3000,0.132317,0.185219,0.142014,0.0876199,0.176466,0.00855937,0.14413,0.123673,1600,0
0.15,0.75,1,5000,0.141557,0.176707,0.145902,0.089573,0.185798,0.00136992,0.147836,0.111256,1600,0
0.15,0.75,1,7000,0.147119,0.186906,0.145479,0.0895082,0.179866,0,0.138199,0.112922,1600,0
0.15,0.75,1,10000,0.143444,0.186234,0.140839,0.090327,0.182917,0,0.143458,0.112782,1600,0
0.15,0.75,1,25000,0.135557,0.187482,0.140494,0.0916496,0.185953,0,0.146895,0.11197,1600,0
0.15,0.75,1,50000,0.142043,0.190206,0.142,0.0952219,0.1779,0,0.137297,0.115331,1600,0
0.05,0.75,1,0,0.124792,0.124906,0.124991,0.12512,0.124843,0.124934,0.124878,0.125536,1600,0
0.05,0.75,1,1000,0.0886504,0.199104,0.0894609,0.148845,0.091357,0.1126,0.0795727,0.19041,1600,0
0.05,0.75,1,2000,0.104314,0.193344,0.111694,0.131347,0.123086,0.0695391,0.101101,0.165575,1600,0
0.05,0.75,1,3000,0.116432,0.191163,0.12403,0.117887,0.128511,0.061552,0.10738,0.153045,1600,0
0.05,0.75,1,5000,0.126669,0.190817,0.125228,0.114231,0.134664,0.0448109,0.112772,0.150807,1600,0
0.05,0.75,1,7000,0.126049,0.18648,0.135231,0.111807,0.153014,0.0359043,0.113035,0.138479,1600,0
0.05,0.75,1,10000,0.128793,0.180571,0.130098,0.110902,0.155328,0.0353723,0.122309,0.136626,1600,0
0.05,0.75,1,25000,0.137366,0.18427,0.141192,0.104434,0.150277,0.0237254,0.122293,0.136444,1600,0
0.05,0.75,1,50000,0.13808,0.1834,0.141904,0.0984941,0.159013,0.0190617,0.128985,0.131062,1600,0
0.2,0.75,1,0,0.125135,0.124872,0.124914,0.125102,0.124876,0.125076,0.124839,0.125185,1600,0
0.2,0.75,1,1000,0.115124,0.196956,0.122186,0.108727,0.161675,0.032327,0.130437,0.132569,1600,0
0.2,0.75,1,2000,0.128965,0.190847,0.132178,0.0947313,0.176622,0.0120961,0.140436,0.124125,1600,0
0.2,0.75,1,3000,0.12913,0.196487,0.131897,0.0875758,0.17888,0.00612227,0.146326,0.123582,1600,0
0.2,0.75,1,5000,0.132215,0.19062,0.132617,0.0902148,0.193566,0.000775391,0.144156,0.115836,1600,0
0.2,0.75,1,7000,0.131543,0.19276,0.137391,0.0855887,0.185557,0.000314844,0.149653,0.117193,1600,0
0.2,0.75,1,10000,0.132813,0.191257,0.135253,0.0862906,0.194161,0.000737891,0.144294,0.115195,1600,0
0.2,0.75,1,25000,0.135658,0.192216,0.139591,0.0859707,0.192645,0,0.144451,0.109467,1600,0
0.2,0.75,1,50000,0.12775,0.190925,0.136536,0.0856957,0.191129,0,0.149811,0.118154,1600,0
0.1,0.75,1,0,0.124818,0.125327,0.124857,0.125019,0.125014,0.125001,0.125161,0.124804,1600,0
0.1,0.75,1,1000,0.112966,0.187477,0.1208,0.121134,0.139173,0.0519098,0.113036,0.153504,1600,0
0.1,0.75,1,2000,0.128624,0.185393,0.134612,0.103052,0.161468,0.0264289,0.124213,0.136209,1600,0
0.1,0.75,1,3000,0.139148,0.184663,0.141694,0.0970008,0.162084,0.0169008,0.133573,0.124936,1600,0
0.1,0.75,1,5000,0.144135,0.182791,0.147942,0.0964746,0.170239,0.00770625,0.134823,0.115889,1600,0
0.1,0.75,1,7000,0.145541,0.187975,0.145545,0.0889152,0.185336,0.00243633,0.130984,0.113266,1600,0
0.1,0.75,1,10000,0.150234,0.179134,0.149722,0.0899422,0.181916,0.000789844,0.138503,0.109759,1600,0
0.1,0.75,1,25000,0.150542,0.178948,0.150398,0.0893102,0.177127,0,0.13843,0.115245,1600,0
0.1,0.75,1,50000,0.14549,0.174285,0.150735,0.0899566,0.185873,0,0.138477,0.115183,1600,0
0.15,0.75,1,0,0.125296,0.125122,0.124896,0.125071,0.124926,0.124989,0.124673,0.125027,1600,0
0.15,0.75,1,1000,0.119006,0.190565,0.130561,0.104749,0.16115,0.0355754,0.123773,0.134621,1600,0
0.15,0.75,1,2000,0.136176,0.18809,0.133586,0.0991387,0.174266,0.0113762,0.137473,0.119895,1600,0
0.15,0.75,1,3000,0.138932,0.181333,0.146592,0.0908684,0.180948,0.00538477,0.140044,0.115898,1600,0
0.15,0.75,1,5000,0.14142,0.19007,0.135988,0.0883508,0.182519,0.000492188,0.146149,0.115012,1600,0
0.15,0.75,1,7000,0.142571,0.189462,0.144745,0.0874238,0.185245,0,0.143603,0.10695,1600,0
0.15,0.75,1,10000,0.143048,0.18901,0.142988,0.0919922,0.177707,0,0.146012,0.109242,1600,0
0.15,0.75,1,25000,0.13957,0.188558,0.141598,0.0900375,0.191576,0,0.140177,0.108483,1600,0
0.15,0.75,1,50000,0.135191,0.189866,0.143292,0.0860281,0.189026,0,0.146594,0.110002,1600,0
0.25,0.75,1,0,0.124936,0.12508,0.124816,0.125288,0.124911,0.124901,0.124862,0.125206,1600,0
0.25,0.75,1,1000,0.104802,0.2044,0.116625,0.110656,0.157894,0.0384906,0.12995,0.137181,1600,0
0.25,0.75,1,2000,0.117027,0.202732,0.124383,0.0929832,0.181751,0.0133734,0.143136,0.124614,1600,0
0.25,0.75,1,3000,0.117548,0.195025,0.135431,0.0885645,0.193996,0.00695898,0.14468,0.117795,1600,0
0.25,0.75,1,5000,0.119203,0.199656,0.128925,0.0847133,0.199579,0.00188437,0.152241,0.113799,1600,0
0.25,0.75,1,7000,0.127762,0.194502,0.132327,0.080793,0.209516,0.000411719,0.142718,0.111971,1600,0
0.25,0.75,1,10000,0.122302,0.197583,0.134677,0.0851852,0.193438,0,0.14832,0.118495,1600,0
0.25,0.75,1,25000,0.130901,0.198884,0.131416,0.082948,0.188489,0,0.145904,0.121456,1600,0
0.25,0.75,1,50000,0.124613,0.202845,0.133061,0.0869324,0.194235,0,0.144668,0.113645,1600,0
0.2,0.75,1,0,0.124782,0.124763,0.125023,0.124775,0.124804,0.125507,0.125151,0.125196,1600,0
0.2,0.75,1,1000,0.118101,0.196076,0.128306,0.103152,0.161488,0.033309,0.119472,0.140096,1600,0
0.2,0.75,1,2000,0.12657,0.197701,0.134298,0.0928516,0.177044,0.00970508,0.140277,0.121553,1600,0
0.2,0.75,1,3000,0.126168,0.19646,0.136097,0.0841355,0.188444,0.00642461,0.146761,0.11551,1600,0
0.2,0.75,1,5000,0.139426,0.191062,0.143968,0.0821844,0.187884,0.00173906,0.140471,0.113266,1600,0
0.2,0.75,1,7000,0.135517,0.196104,0.13463,0.0857723,0.190383,0.000603125,0.142371,0.11462,1600,0
0.2,0.75,1,10000,0.136191,0.192375,0.139019,0.0890203,0.191878,0,0.139923,0.111594,1600,0
0.2,0.75,1,25000,0.131128,0.190482,0.131324,0.0919898,0.202934,0,0.139895,0.112248,1600,0
0.2,0.75,1,50000,0.140542,0.191827,0.13762,0.0822328,0.186442,0,0.148648,0.112689,1600,0
0.3,0.75,1,0,0.125107,0.12514,0.125033,0.124914,0.125378,0.124954,0.124721,0.124754,1600,0
0.3,0.75,1,1000,0.0854156,0.218265,0.101262,0.115829,0.155921,0.0528832,0.117609,0.152816,1600,0
0.3,0.75,1,2000,0.102396,0.215901,0.114501,0.0966668,0.177451,0.019352,0.138381,0.135351,1600,0
0.3,0.75,1,3000,0.107546,0.209306,0.123108,0.0869457,0.185521,0.0107449,0.151312,0.125516,1600,0
0.3,0.75,1,5000,0.110297,0.212452,0.125576,0.077698,0.202825,0.00249336,0.151114,0.117545,1600,0
0.3,0.75,1,7000,0.117154,0.20615,0.129593,0.0828336,0.198171,0.000471875,0.151261,0.114366,1600,0
0.3,0.75,1,10000,0.112722,0.204489,0.126364,0.0867332,0.202511,0,0.157639,0.109543,1600,0
0.3,0.75,1,25000,0.118621,0.20566,0.122561,0.0832281,0.205842,0,0.147406,0.116682,1600,0
0.3,0.75,1,50000,0.112676,0.21062,0.127786,0.083857,0.197814,0,0.148051,0.119195,1600,0
0.25,0.75,1,0,0.124802,0.125173,0.125201,0.12504,0.124969,0.124941,0.124927,0.124947,1600,0
0.25,0.75,1,1000,0.103489,0.201832,0.119468,0.108162,0.159704,0.0422855,0.12046,0.144599,1600,0
0.25,0.75,1,2000,0.120098,0.199408,0.129357,0.0973449,0.179412,0.0142715,0.13949,0.120618,1600,0
0.25,0.75,1,3000,0.120629,0.197369,0.132422,0.0872793,0.183386,0.00843281,0.149709,0.120773,1600,0
0.25,0.75,1,5000,0.122753,0.19494,0.134846,0.0880004,0.194369,0.00163125,0.147553,0.115908,1600,0
0.25,0.75,1,7000,0.127993,0.193707,0.134104,0.0863234,0.188263,0.000353125,0.156969,0.112288,1600,0
0.25,0.75,1,10000,0.121802,0.195323,0.134185,0.0857258,0.201232,0,0.150464,0.111268,1600,0
0.25,0.75,1,25000,0.126727,0.196839,0.130677,0.0848527,0.199074,0,0.145762,0.116068,1600,0
0.25,0.75,1,50000,0.12373,0.196572,0.130886,0.084591,0.201333,0,0.1519,0.110988,1600,0
0.35,0.75,1,0,0.12542,0.125188,0.12485,0.125018,0.124825,0.124657,0.124903,0.125139,1600,0
0.35,0.75,1,1000,0.0726074,0.23391,0.0822918,0.129457,0.143937,0.0666543,0.115777,0.155366,1600,0
0.35,0.75,1,2000,0.0793484,0.233591,0.0964055,0.106802,0.167073,0.0456977,0.122268,0.148814,1600,0
0.35,0.75,1,3000,0.0921402,0.221687,0.109011,0.0930738,0.178416,0.0309453,0.131202,0.143525,1600,0
0.35,0.75,1,5000,0.0928234,0.221002,0.110569,0.0860465,0.196163,0.0159086,0.146407,0.131081,1600,0
0.35,0.75,1,7000,0.100576,0.226603,0.115319,0.0810211,0.202534,0.00742266,0.147258,0.119266,1600,0
0.35,0.75,1,10000,0.106621,0.217167,0.112545,0.0805973,0.205672,0.00354258,0.151632,0.122223,1600,0
0.35,0.75,1,25000,0.105257,0.212085,0.123435,0.0779066,0.21443,0,0.15209,0.114795,1600,0
0.35,0.75,1,50000,0.104762,0.212543,0.118904,0.0749406,0.216898,0,0.15257,0.119382,1600,0
0.3,0.75,1,0,0.12523,0.124948,0.124831,0.12489,0.125023,0.125342,0.124858,0.124878,1600,0
0.3,0.75,1,1000,0.089473,0.218942,0.104489,0.11348,0.155861,0.048698,0.120254,0.148803,1600,0
0.3,0.75,1,2000,0.104092,0.213164,0.117408,0.0935086,0.176074,0.0246418,0.136906,0.134206,1600,0
0.3,0.75,1,3000,0.109288,0.211187,0.121626,0.0871512,0.19784,0.010068,0.141538,0.121302,1600,0
0.3,0.75,1,5000,0.110243,0.211451,0.124623,0.0810598,0.209334,0.00131055,0.147878,0.1141,1600,0
0.3,0.75,1,7000,0.113059,0.204419,0.121393,0.080468,0.211782,0,0.155318,0.113562,1600,0
0.3,0.75,1,10000,0.113425,0.203329,0.123579,0.0790031,0.210943,0,0.15282,0.116902,1600,0
0.3,0.75,1,25000,0.12178,0.200902,0.128462,0.0819418,0.20855,0,0.149,0.109364,1600,0
0.3,0.75,1,50000,0.11244,0.209371,0.124409,0.0800813,0.207843,0,0.150834,0.115023,1600,0
0.35,0.75,1,0,0.125339,0.125102,0.12473,0.124968,0.12512,0.124779,0.125118,0.124844,1600,0
0.35,0.75,1,1000,0.0696742,0.226104,0.086866,0.125818,0.144475,0.0751766,0.108537,0.16335,1600,0
0.35,0.75,1,2000,0.0763277,0.22664,0.0949184,0.112791,0.162006,0.0607262,0.11927,0.14732,1600,0
0.35,0.75,1,3000,0.0846684,0.224058,0.0983055,0.111454,0.167571,0.0445855,0.12362,0.145738,1600,0
0.35,0.75,1,5000,0.0844355,0.223667,0.105096,0.103125,0.178397,0.0352121,0.132423,0.137645,1600,0
0.35,0.75,1,7000,0.0918297,0.218137,0.111895,0.0940102,0.187943,0.0273473,0.1385,0.130339,1600,0
0.35,0.75,1,10000,0.094468,0.219854,0.104528,0.0965652,0.196881,0.0209613,0.140485,0.126258,1600,0
0.35,0.75,1,25000,0.104492,0.215353,0.119279,0.0770352,0.213054,0,0.153087,0.1177,1600,0
0.35,0.75,1,50000,0.100248,0.214017,0.121165,0.0775938,0.215337,0,0.149073,0.122566,1600,0
0.4,0.75,1,0,0.125333,0.124745,0.124898,0.125294,0.124884,0.125106,0.124902,0.124838,1600,0
0.4,0.75,1,1000,0.0370988,0.248066,0.0564387,0.158077,0.101939,0.130486,0.073727,0.194168,1600,0
0.4,0.75,1,2000,0.0252848,0.248667,0.0331793,0.191013,0.0618031,0.172326,0.0478359,0.219891,1600,0
0.4,0.75,1,3000,0.0147105,0.246849,0.0199922,0.226742,0.0305375,0.207515,0.0249746,0.22868,1600,0
0.4,0.75,1,5000,0.00156211,0.2531,0.00231953,0.245946,0.00386172,0.242248,0.00312891,0.247833,1600,0
0.4,0.75,1,7000,0,0.246836,0,0.25265,0,0.247596,0,0.252918,1600,0
0.4,0.75,1,10000,0,0.250426,0,0.251771,0,0.249289,0,0.248514,1600,0
0.4,0.75,1,25000,0,0.250585,0,0.251846,0,0.245933,0,0.251635,1600,0
0.4,0.75,1,50000,0,0.247013,0,0.252441,0,0.252462,0,0.248084,1600,0
0,0.75,1,0,0.124984,0.124918,0.125131,0.12468,0.125139,0.125032,0.125096,0.125019,1600,0
0,0.75,1,1000,0.00232578,0.389957,0.00602969,0.221876,0.063018,0.085593,0.0215637,0.209637,1600,560
0,0.75,1,2000,0.00232578,0.389957,0.00602969,0.221876,0.063018,0.085593,0.0215637,0.209637,1600,560
0,0.75,1,3000,0.00232578,0.389957,0.00602969,0.221876,0.063018,0.085593,0.0215637,0.209637,1600,560
0,0.75,1,5000,0.00232578,0.389957,0.00602969,0.221876,0.063018,0.085593,0.0215637,0.209637,1600,560
0,0.75,1,7000,0.00232578,0.389957,0.00602969,0.221876,0.063018,0.085593,0.0215637,0.209637,1600,560
0,0.75,1,10000,0.00232578,0.389957,0.00602969,0.221876,0.063018,0.085593,0.0215637,0.209637,1600,560
0,0.75,1,25000,0.00232578,0.389957,0.00602969,0.221876,0.063018,0.085593,0.0215637,0.209637,1600,560
0,0.75,1,50000,0.00232578,0.389957,0.00602969,0.221876,0.063018,0.085593,0.0215637,0.209637,1600,560
0.4,0.75,1,0,0.125062,0.125106,0.125064,0.124766,0.125276,0.124965,0.125032,0.124728,1600,0
0.4,0.75,1,1000,0.0370875,0.244298,0.0470453,0.179905,0.0874633,0.141646,0.0693965,0.193158,1600,0
0.4,0.75,1,2000,0.0175043,0.255709,0.0265504,0.204311,0.0481254,0.19004,0.036682,0.221079,1600,0
0.4,0.75,1,3000,0.0051625,0.255992,0.00723438,0.232792,0.0143387,0.229996,0.0124617,0.242023,1600,0
0.4,0.75,1,5000,0,0.251183,2.65625e-05,0.252739,0.00038125,0.249683,0.000351172,0.245636,1600,0
0.4,0.75,1,7000,0,0.250693,0,0.252722,0,0.248169,0,0.248416,1600,0
0.4,0.75,1,10000,0,0.252778,0,0.249967,0,0.2484,0,0.248854,1600,0
0.4,0.75,1,25000,0,0.249685,0,0.249051,0,0.253207,0,0.248057,1600,0
0.4,0.75,1,50000,0,0.247742,0,0.251609,0,0.249845,0,0.250804,1600,0
0,0.75,1,0,0.124475,0.124893,0.125104,0.125016,0.125138,0.125014,0.125229,0.125131,1600,0
0,0.75,1,1000,0.00233242,0.391571,0.00616055,0.220923,0.0637355,0.0829539,0.0223461,0.209978,1600,540
0,0.75,1,2000,0.00233242,0.391571,0.00616055,0.220923,0.0637355,0.0829539,0.0223461,0.209978,1600,540
0,0.75,1,3000,0.00233242,0.391571,0.00616055,0.220923,0.0637355,0.0829539,0.0223461,0.209978,1600,540
0,0.75,1,5000,0.00233242,0.391571,0.00616055,0.220923,0.0637355,0.0829539,0.0223461,0.209978,1600,540
0,0.75,1,7000,0.00233242,0.391571,0.00616055,0.220923,0.0637355,0.0829539,0.0223461,0.209978,1600,540
0,0.75,1,10000,0.00233242,0.391571,0.00616055,0.220923,0.0637355,0.0829539,0.0223461,0.209978,1600,540
0,0.75,1,25000,0.00233242,0.391571,0.00616055,0.220923,0.0637355,0.0829539,0.0223461,0.209978,1600,540
0,0.75,1,50000,0.00233242,0.391571,0.00616055,0.220923,0.0637355,0.0829539,0.0223461,0.209978,1600,540
0.05,0.75,1,0,0.124911,0.124925,0.124762,0.125135,0.125155,0.125259,0.124645,0.125209,1600,0
0.05,0.75,1,1000,0.0781457,0.196502,0.0952281,0.155038,0.0966613,0.112336,0.0776918,0.188396,1600,0
0.05,0.75,1,2000,0.114783,0.194804,0.117334,0.125501,0.125009,0.063032,0.103859,0.155679,1600,0
0.05,0.75,1,3000,0.120675,0.183936,0.123969,0.117104,0.140599,0.0531227,0.108445,0.152149,1600,0
0.05,0.75,1,5000,0.129461,0.186426,0.128162,0.114806,0.141861,0.0436605,0.111049,0.144575,1600,0
0.05,0.75,1,7000,0.130034,0.190145,0.135445,0.107515,0.147184,0.036716,0.118171,0.13479,1600,0
0.05,0.75,1,10000,0.135734,0.183557,0.134427,0.104253,0.154485,0.0269363,0.123975,0.136633,1600,0
0.05,0.75,1,25000,0.134202,0.1861,0.142505,0.108747,0.158011,0.0234973,0.12085,0.126087,1600,0
0.05,0.75,1,50000,0.14609,0.18164,0.142911,0.095275,0.161642,0.0185625,0.127138,0.126742,1600,0
0.05,0.75,1,0,0.125105,0.124808,0.124948,0.125254,0.12473,0.125211,0.124869,0.125075,1600,0
0.05,0.75,1,1000,0.0893215,0.194138,0.088816,0.149814,0.0993672,0.109104,0.0843492,0.185091,1600,0
0.05,0.75,1,2000,0.112013,0.189761,0.113628,0.127938,0.126658,0.0653445,0.102794,0.161863,1600,0
0.05,0.75,1,3000,0.120571,0.191623,0.126211,0.115645,0.134791,0.048509,0.111132,0.151519,1600,0
0.05,0.75,1,5000,0.12512,0.18218,0.131868,0.109457,0.145171,0.0431641,0.117917,0.145121,1600,0
0.05,0.75,1,7000,0.134313,0.189515,0.135439,0.111795,0.151289,0.032916,0.112654,0.13208,1600,0
0.05,0.75,1,10000,0.131641,0.186941,0.135529,0.105796,0.149724,0.0268656,0.121059,0.142444,1600,0
0.05,0.75,1,25000,0.133804,0.185605,0.14001,0.10393,0.157889,0.0295711,0.115819,0.133372,1600,0
0.05,0.75,1,50000,0.137408,0.178605,0.145893,0.098193,0.165059,0.019518,0.125358,0.129966,1600,0
0.1,0.75,1,0,0.1249,0.125485,0.124654,0.124929,0.124915,0.124912,0.125103,0.125102,1600,0
0.1,0.75,1,1000,0.118022,0.192669,0.123863,0.115279,0.142667,0.0475859,0.109131,0.150782,1600,0
0.1,0.75,1,2000,0.135281,0.187569,0.140645,0.0980434,0.159979,0.0218473,0.130828,0.125809,1600,0
0.1,0.75,1,3000,0.14003,0.181601,0.1478,0.0981043,0.169409,0.0106871,0.133025,0.119344,1600,0
0.1,0.75,1,5000,0.14342,0.188591,0.146974,0.0905609,0.170582,0.00541875,0.136027,0.118426,1600,0
0.1,0.75,1,7000,0.146343,0.181278,0.148748,0.0948168,0.177861,0.00169688,0.135553,0.113704,1600,0
0.1,0.75,1,10000,0.147326,0.182055,0.150027,0.0830934,0.182814,0.000299609,0.13889,0.115495,1600,0
0.1,0.75,1,25000,0.152182,0.184528,0.144231,0.0850359,0.173664,0,0.138013,0.122346,1600,0
0.1,0.75,1,50000,0.146851,0.18607,0.146195,0.0857652,0.185603,0,0.137881,0.111635,1600,0
0.1,0.75,1,0,0.125238,0.124657,0.124909,0.124925,0.125275,0.124932,0.125188,0.124878,1600,0
0.1,0.75,1,1000,0.118791,0.1912,0.122455,0.114356,0.14573,0.0499598,0.113033,0.144475,1600,0
0.1,0.75,1,2000,0.131652,0.183422,0.130288,0.105573,0.159578,0.0254828,0.132332,0.131671,1600,0
0.1,0.75,1,3000,0.140354,0.182559,0.135905,0.0980168,0.162305,0.019373,0.131078,0.130409,1600,0
0.1,0.75,1,5000,0.139037,0.178509,0.149329,0.0955656,0.18243,0.00547266,0.136484,0.113173,1600,0
0.1,0.75,1,7000,0.146068,0.175452,0.145476,0.0893883,0.17901,0.00158555,0.142806,0.120214,1600,0
0.1,0.75,1,10000,0.150968,0.180067,0.146386,0.090359,0.183035,0,0.140282,0.108903,1600,0
0.1,0.75,1,25000,0.151911,0.1833,0.143935,0.090259,0.18153,0,0.133743,0.115323,1600,0
0.1,0.75,1,50000,0.148228,0.181454,0.150348,0.095743,0.176162,0,0.139143,0.108922,1600,0
0.15,0.75,1,0,0.124856,0.125269,0.125019,0.125041,0.124796,0.124998,0.124989,0.125032,1600,0
0.15,0.75,1,1000,0.120477,0.190761,0.124793,0.104279,0.153534,0.0377113,0.126622,0.141823,1600,0
0.15,0.75,1,2000,0.132738,0.189346,0.139554,0.0984137,0.176795,0.0144512,0.131175,0.117527,1600,0
0.15,0.75,1,3000,0.133881,0.186845,0.140833,0.0933895,0.178113,0.00729922,0.139374,0.120265,1600,0
0.15,0.75,1,5000,0.135115,0.188686,0.142914,0.0919434,0.182742,0.00370625,0.139999,0.114894,1600,0
0.15,0.75,1,7000,0.140363,0.188702,0.13885,0.0960762,0.180796,0.000196094,0.138997,0.116019,1600,0
0.15,0.75,1,10000,0.138776,0.185688,0.146371,0.0894723,0.18576,0,0.142552,0.111382,1600,0
0.15,0.75,1,25000,0.143585,0.177841,0.142496,0.0878434,0.187957,0,0.147546,0.112731,1600,0
0.15,0.75,1,50000,0.137729,0.187565,0.136961,0.0902379,0.194527,0,0.14164,0.11134,1600,0
0.15,0.75,1,0,0.124902,0.12498,0.124874,0.125445,0.125057,0.124986,0.125262,0.124496,1600,0
0.15,0.75,1,1000,0.119035,0.191764,0.129221,0.112305,0.149189,0.0378406,0.120368,0.140278,1600,0
0.15,0.75,1,2000,0.128743,0.191514,0.137863,0.0991898,0.171219,0.0162297,0.12833,0.126912,1600,0
0.15,0.75,1,3000,0.136529,0.182706,0.141947,0.0883445,0.181298,0.00656758,0.143398,0.119211,1600,0
0.15,0.75,1,5000,0.140567,0.182643,0.145393,0.0935465,0.180298,0.00224375,0.139451,0.115857,1600,0
0.15,0.75,1,7000,0.142084,0.183774,0.143175,0.0900219,0.185635,0,0.144068,0.111243,1600,0
0.15,0.75,1,10000,0.148129,0.193536,0.139237,0.0868969,0.187514,0,0.137302,0.107384,1600,0
0.15,0.75,1,25000,0.142106,0.187865,0.141248,0.088718,0.18644,0,0.140258,0.113364,1600,0
0.15,0.75,1,50000,0.148896,0.189634,0.141189,0.0895914,0.182238,0,0.13992,0.108532,1600,0
0.2,0.75,1,0,0.125362,0.124881,0.125068,0.125108,0.124677,0.124596,0.124992,0.125316,1600,0
0.2,0.75,1,1000,0.113074,0.199507,0.11855,0.103122,0.157852,0.0321754,0.12854,0.147179,1600,0
0.2,0.75,1,2000,0.126857,0.190948,0.132348,0.0981762,0.18019,0.0108223,0.139818,0.120841,1600,0
0.2,0.75,1,3000,0.132745,0.193681,0.132932,0.0943516,0.193521,0.0036707,0.138949,0.11015,1600,0
0.2,0.75,1,5000,0.132316,0.195291,0.137419,0.0885164,0.186018,0.00167344,0.145075,0.113691,1600,0
0.2,0.75,1,7000,0.137102,0.188562,0.137758,0.0881301,0.181539,0,0.150424,0.116484,1600,0
0.2,0.75,1,10000,0.134482,0.192369,0.143802,0.0836711,0.195376,0,0.14306,0.107239,1600,0
0.2,0.75,1,25000,0.137072,0.188274,0.139766,0.0890027,0.1817,0,0.148155,0.11603,1600,0
0.2,0.75,1,50000,0.142344,0.191738,0.13714,0.0830945,0.187217,0,0.150596,0.107871,1600,0
0.2,0.75,1,0,0.124704,0.125364,0.12493,0.124786,0.125207,0.125172,0.124554,0.125282,1600,0
0.2,0.75,1,1000,0.112618,0.192537,0.119804,0.104278,0.156788,0.038391,0.132887,0.142697,1600,0
0.2,0.75,1,2000,0.126445,0.189218,0.133045,0.0925387,0.186125,0.0103355,0.141809,0.120484,1600,0
0.2,0.75,1,3000,0.136641,0.193492,0.133101,0.0930191,0.189023,0.00683828,0.138045,0.109841,1600,0
0.2,0.75,1,5000,0.139776,0.190397,0.135849,0.083175,0.185907,0.000628516,0.148546,0.115721,1600,0
0.2,0.75,1,7000,0.135848,0.188022,0.141759,0.088341,0.185914,0,0.142673,0.117443,1600,0
0.2,0.75,1,10000,0.133221,0.187971,0.139729,0.0901691,0.184263,0,0.146756,0.117891,1600,0
0.2,0.75,1,25000,0.129747,0.187142,0.140034,0.0867219,0.194737,0,0.149665,0.111954,1600,0
0.2,0.75,1,50000,0.132725,0.197487,0.136653,0.0870129,0.193221,0,0.147535,0.105367,1600,0
0.25,0.75,1,0,0.125006,0.124956,0.124682,0.124604,0.125303,0.124786,0.125367,0.125297,1600,0
0.25,0.75,1,1000,0.111586,0.203577,0.121695,0.101764,0.162015,0.0314758,0.133861,0.134026,1600,0
0.25,0.75,1,2000,0.118325,0.197043,0.122466,0.0916992,0.194463,0.00867305,0.143795,0.123536,1600,0
0.25,0.75,1,3000,0.126932,0.202083,0.132998,0.0904379,0.184177,0.0041332,0.144273,0.114965,1600,0
0.25,0.75,1,5000,0.126797,0.202625,0.126207,0.0775672,0.203287,0,0.152484,0.111033,1600,0
0.25,0.75,1,7000,0.120544,0.200117,0.126696,0.0855586,0.20802,0,0.145918,0.113146,1600,0
0.25,0.75,1,10000,0.127393,0.195881,0.126905,0.087316,0.199169,0,0.147214,0.116122,1600,0
0.25,0.75,1,25000,0.124871,0.19602,0.137435,0.0874344,0.190784,0,0.151665,0.111791,1600,0
0.25,0.75,1,50000,0.124091,0.206068,0.134281,0.0810656,0.199482,0,0.143437,0.111575,1600,0
0.25,0.75,1,0,0.124996,0.125157,0.125044,0.125169,0.125077,0.124604,0.125241,0.124713,1600,0
0.25,0.75,1,1000,0.10352,0.200761,0.116627,0.108751,0.167907,0.035141,0.136773,0.130521,1600,0
0.25,0.75,1,2000,0.114011,0.200741,0.127637,0.0889828,0.181405,0.013048,0.151921,0.122253,1600,0
0.25,0.75,1,3000,0.124523,0.197816,0.130342,0.0950176,0.196252,0.0028793,0.141867,0.111304,1600,0
0.25,0.75,1,5000,0.122705,0.198622,0.135793,0.082352,0.195849,0.00194727,0.149393,0.11334,1600,0
0.25,0.75,1,7000,0.128087,0.194491,0.132312,0.0892242,0.197909,0,0.144821,0.113156,1600,0
0.25,0.75,1,10000,0.12891,0.204664,0.128189,0.0845324,0.195782,0,0.146629,0.111294,1600,0
0.25,0.75,1,25000,0.126761,0.196639,0.130091,0.0853402,0.198484,0,0.148041,0.114643,1600,0
0.25,0.75,1,50000,0.123405,0.19596,0.133795,0.0846441,0.197662,0,0.149273,0.115261,1600,0
0.3,0.75,1,0,0.124882,0.12471,0.125353,0.124947,0.125277,0.124886,0.124892,0.125054,1600,0
0.3,0.75,1,1000,0.0890473,0.215786,0.106436,0.106368,0.162485,0.0473355,0.12267,0.149873,1600,0
0.3,0.75,1,2000,0.106148,0.211484,0.116771,0.093993,0.191758,0.020232,0.137353,0.122261,1600,0
0.3,0.75,1,3000,0.108244,0.206936,0.120518,0.0899789,0.202267,0.00949648,0.145409,0.117151,1600,0
0.3,0.75,1,5000,0.1116,0.214391,0.124879,0.0830188,0.195615,0.00206523,0.154781,0.11365,1600,0
0.3,0.75,1,7000,0.116557,0.2057,0.126127,0.0886543,0.199192,0,0.150088,0.113681,1600,0
0.3,0.75,1,10000,0.115198,0.210678,0.123867,0.080082,0.206184,0,0.15171,0.11228,1600,0
0.3,0.75,1,25000,0.117582,0.206104,0.121984,0.0828582,0.209441,0,0.142422,0.119609,1600,0
0.3,0.75,1,50000,0.114415,0.206589,0.12194,0.0818449,0.209518,0,0.150845,0.114846,1600,0
0.3,0.75,1,0,0.125133,0.124915,0.124898,0.125579,0.125188,0.124667,0.124588,0.125033,1600,0
0.3,0.75,1,1000,0.0950074,0.216258,0.110133,0.106664,0.154343,0.0423621,0.124969,0.150264,1600,0
0.3,0.75,1,2000,0.105435,0.212806,0.113547,0.0931555,0.19164,0.0167582,0.142221,0.124438,1600,0
0.3,0.75,1,3000,0.11129,0.203899,0.128347,0.0871875,0.199066,0.0082375,0.146157,0.115817,1600,0
0.3,0.75,1,5000,0.115466,0.203148,0.12635,0.0876035,0.201691,0.000768359,0.146496,0.118477,1600,0
0.3,0.75,1,7000,0.117346,0.208411,0.12598,0.0840641,0.194912,0.000380078,0.15323,0.115677,1600,0
0.3,0.75,1,10000,0.116249,0.200405,0.12671,0.0843031,0.1978,0,0.157337,0.117196,1600,0
0.3,0.75,1,25000,0.113369,0.207398,0.122434,0.079827,0.213715,0,0.143282,0.119975,1600,0
0.3,0.75,1,50000,0.114909,0.202788,0.125044,0.0806488,0.209453,0,0.15285,0.114306,1600,0
0.35,0.75,1,0,0.125084,0.12465,0.124719,0.125142,0.125012,0.12508,0.124954,0.125358,1600,0
0.35,0.75,1,1000,0.074432,0.229741,0.0820191,0.12508,0.148368,0.0765125,0.106425,0.157423,1600,0
0.35,0.75,1,2000,0.0758043,0.230521,0.0904602,0.11211,0.158583,0.0556859,0.118571,0.158264,1600,0
0.35,0.75,1,3000,0.0851734,0.221975,0.100046,0.109236,0.15885,0.045659,0.12783,0.15123,1600,0
0.35,0.75,1,5000,0.0814957,0.220511,0.100263,0.0977703,0.186144,0.0390922,0.128859,0.145866,1600,0
0.35,0.75,1,7000,0.0918375,0.217166,0.108064,0.100629,0.18193,0.0261699,0.143016,0.131187,1600,0
0.35,0.75,1,10000,0.0944441,0.216427,0.110032,0.0881914,0.198747,0.0153422,0.144396,0.132419,1600,0
0.35,0.75,1,25000,0.104909,0.215591,0.118779,0.0753801,0.208647,0.00221563,0.155155,0.119323,1600,0
0.35,0.75,1,50000,0.107807,0.22152,0.119184,0.0739121,0.212141,0,0.144889,0.120548,1600,0
0.4,0.75,1,0,0.125076,0.125083,0.124975,0.124824,0.125115,0.124969,0.125083,0.124874,1600,0
0.4,0.75,1,1000,0.0386543,0.244043,0.053002,0.167423,0.0944852,0.130391,0.0753535,0.196648,1600,0
0.4,0.75,1,2000,0.0253332,0.251917,0.0314043,0.199669,0.0512543,0.179365,0.0407703,0.220287,1600,0
0.4,0.75,1,3000,0.0135879,0.249928,0.0168789,0.224142,0.0305062,0.214086,0.0214125,0.229459,1600,0
0.4,0.75,1,5000,0.00440547,0.251005,0.00568867,0.242,0.0130176,0.231459,0.00860781,0.243817,1600,0
0.4,0.75,1,7000,0.00239375,0.250808,0.00395977,0.248043,0.00455156,0.240446,0.0030707,0.246727,1600,0
0.4,0.75,1,10000,9.88281e-05,0.255486,0,0.247006,0.000107422,0.247033,0.000316016,0.249953,1600,0
0.4,0.75,1,25000,0,0.250548,0,0.251898,0,0.24783,0,0.249725,1600,0
0.4,0.75,1,50000,0,0.253584,0,0.250377,0,0.247373,0,0.248666,1600,0
0,0.75,1,0,0.125331,0.124856,0.125183,0.125,0.124857,0.124766,0.124886,0.125121,1600,0
0,0.75,1,1000,0.00218711,0.393951,0.00637266,0.218537,0.0633313,0.0817957,0.0218434,0.211982,1600,460
0,0.75,1,2000,0.00218711,0.393951,0.00637266,0.218537,0.0633313,0.0817957,0.0218434,0.211982,1600,460
0,0.75,1,3000,0.00218711,0.393951,0.00637266,0.218537,0.0633313,0.0817957,0.0218434,0.211982,1600,460
0,0.75,1,5000,0.00218711,0.393951,0.00637266,0.218537,0.0633313,0.0817957,0.0218434,0.211982,1600,460
0,0.75,1,7000,0.00218711,0.393951,0.00637266,0.218537,0.0633313,0.0817957,0.0218434,0.211982,1600,460
0,0.75,1,10000,0.00218711,0.393951,0.00637266,0.218537,0.0633313,0.0817957,0.0218434,0.211982,1600,460
0,0.75,1,25000,0.00218711,0.393951,0.00637266,0.218537,0.0633313,0.0817957,0.0218434,0.211982,1600,460
0,0.75,1,50000,0.00218711,0.393951,0.00637266,0.218537,0.0633313,0.0817957,0.0218434,0.211982,1600,460
0.35,0.75,1,0,0.125173,0.125177,0.125191,0.125125,0.12477,0.125329,0.124919,0.124316,1600,0
0.35,0.75,1,1000,0.0699754,0.224761,0.0854066,0.128919,0.12919,0.0875027,0.106715,0.16753,1600,0
0.35,0.75,1,2000,0.076316,0.223598,0.0933867,0.11475,0.158722,0.0616273,0.111097,0.160502,1600,0
0.35,0.75,1,3000,0.0821719,0.224564,0.0937148,0.109845,0.171163,0.0505121,0.121441,0.146588,1600,0
0.35,0.75,1,5000,0.0913203,0.233873,0.0983953,0.0997563,0.174556,0.032091,0.13207,0.137938,1600,0
0.35,0.75,1,7000,0.0950566,0.222455,0.108603,0.0979449,0.178986,0.0259465,0.138273,0.132734,1600,0
0.35,0.75,1,10000,0.0977945,0.218626,0.11275,0.0885598,0.198805,0.0141371,0.144113,0.125214,1600,0
0.35,0.75,1,25000,0.102034,0.216536,0.116732,0.0820332,0.211885,0.00153437,0.153707,0.115539,1600,0
0.35,0.75,1,50000,0.103043,0.212282,0.124138,0.0775082,0.209859,0,0.152089,0.12108,1600,0
0.05,0.75,1,0,0.125056,0.125304,0.125006,0.125193,0.124968,0.125023,0.124997,0.124454,1600,0
0.05,0.75,1,1000,0.082041,0.206466,0.0908047,0.15097,0.0967094,0.109231,0.0799445,0.183834,1600,0
0.05,0.75,1,2000,0.110474,0.193258,0.116798,0.123636,0.126341,0.0682457,0.101042,0.160206,1600,0
0.05,0.75,1,3000,0.121993,0.187822,0.127111,0.118374,0.138388,0.048868,0.109329,0.148115,1600,0
0.05,0.75,1,5000,0.130464,0.187866,0.130491,0.109674,0.140219,0.0434691,0.109949,0.147868,1600,0
0.05,0.75,1,7000,0.127739,0.186323,0.133568,0.112077,0.140408,0.0414488,0.113969,0.144468,1600,0
0.05,0.75,1,10000,0.135306,0.183059,0.138419,0.107005,0.154768,0.0281957,0.121354,0.131893,1600,0
0.05,0.75,1,25000,0.137218,0.184088,0.136948,0.101631,0.158393,0.0296246,0.120438,0.131659,1600,0
0.05,0.75,1,50000,0.141123,0.186329,0.14708,0.0986121,0.167821,0.0145188,0.124789,0.119727,1600,0
0.4,0.75,1,0,0.124761,0.125054,0.124451,0.125004,0.125445,0.125229,0.124867,0.12519,1600,0
0.4,0.75,1,1000,0.0345148,0.241167,0.053791,0.170913,0.0871543,0.14284,0.0652699,0.20435,1600,0
0.4,0.75,1,2000,0.0173699,0.25175,0.0201738,0.214332,0.0388965,0.203571,0.0296105,0.224296,1600,0
0.4,0.75,1,3000,0.00603633,0.24844,0.00836875,0.237397,0.012984,0.235351,0.0106938,0.240729,1600,0
0.4,0.75,1,5000,0.000297266,0.251276,0.000478516,0.24851,0.0010418,0.249821,0.000967969,0.247607,1600,0
0.4,0.75,1,7000,0,0.249229,0,0.249037,0,0.25025,0,0.251484,1600,0
0.4,0.75,1,10000,0,0.252517,0,0.249918,0,0.25025,0,0.247314,1600,0
0.4,0.75,1,25000,0,0.251581,0,0.248633,0,0.24939,0,0.250396,1600,0
0.4,0.75,1,50000,0,0.252018,0,0.249423,0,0.248805,0,0.249754,1600,0
0,0.75,1,0,0.12458,0.124755,0.125122,0.125221,0.124918,0.125321,0.124944,0.125138,1600,0
0,0.75,1,1000,0.00217656,0.393375,0.00603984,0.220022,0.0623344,0.0838906,0.0219734,0.210188,1600,540
0,0.75,1,2000,0.00217656,0.393375,0.00603984,0.220022,0.0623344,0.0838906,0.0219734,0.210188,1600,540
0,0.75,1,3000,0.00217656,0.393375,0.00603984,0.220022,0.0623344,0.0838906,0.0219734,0.210188,1600,540
0,0.75,1,5000,0.00217656,0.393375,0.00603984,0.220022,0.0623344,0.0838906,0.0219734,0.210188,1600,540
0,0.75,1,7000,0.00217656,0.393375,0.00603984,0.220022,0.0623344,0.0838906,0.0219734,0.210188,1600,540
0,0.75,1,10000,0.00217656,0.393375,0.00603984,0.220022,0.0623344,0.0838906,0.0219734,0.210188,1600,540
0,0.75,1,25000,0.00217656,0.393375,0.00603984,0.220022,0.0623344,0.0838906,0.0219734,0.210188,1600,540
0,0.75,1,50000,0.00217656,0.393375,0.00603984,0.220022,0.0623344,0.0838906,0.0219734,0.210188,1600,540
0.1,0.75,1,0,0.125214,0.125096,0.12453,0.125048,0.124696,0.125229,0.124916,0.125272,1600,0
0.1,0.75,1,1000,0.116625,0.189979,0.118219,0.114708,0.147769,0.051168,0.114105,0.147426,1600,0
0.1,0.75,1,2000,0.135306,0.187871,0.137253,0.0992719,0.161077,0.0210203,0.127518,0.130682,1600,0
0.1,0.75,1,3000,0.142931,0.181377,0.145579,0.0942242,0.166763,0.0135465,0.133886,0.121693,1600,0
0.1,0.75,1,5000,0.145983,0.181862,0.141254,0.0924887,0.182572,0.00415664,0.136777,0.114907,1600,0
0.1,0.75,1,7000,0.147152,0.181321,0.15023,0.0901301,0.177184,0.00105117,0.137817,0.115115,1600,0
0.1,0.75,1,10000,0.149173,0.184121,0.145978,0.092907,0.181093,7.5e-05,0.135019,0.111634,1600,0
0.1,0.75,1,25000,0.148127,0.188465,0.148467,0.0913113,0.172874,0,0.134624,0.116132,1600,0
0.1,0.75,1,50000,0.143265,0.178765,0.144716,0.0960109,0.186986,0,0.137052,0.113204,1600,0
0.05,0.75,1,0,0.125094,0.125038,0.124769,0.125328,0.124757,0.124966,0.125219,0.124829,1600,0
0.05,0.75,1,1000,0.0853145,0.193014,0.0938121,0.144972,0.0994727,0.109367,0.0813445,0.192703,1600,0
0.05,0.75,1,2000,0.10634,0.18927,0.116565,0.128109,0.12585,0.0720742,0.101555,0.160237,1600,0
0.05,0.75,1,3000,0.120469,0.191583,0.123654,0.116289,0.132746,0.051648,0.111294,0.152318,1600,0
0.05,0.75,1,5000,0.128568,0.183822,0.127957,0.1121,0.144718,0.038923,0.117786,0.146125,1600,0
0.05,0.75,1,7000,0.133761,0.193557,0.131124,0.103121,0.150806,0.0337711,0.117897,0.135963,1600,0
0.05,0.75,1,10000,0.135891,0.185654,0.136186,0.10533,0.157763,0.0242699,0.124559,0.130347,1600,0
0.05,0.75,1,25000,0.136636,0.188892,0.148986,0.0968105,0.157524,0.019991,0.122688,0.128472,1600,0
0.05,0.75,1,50000,0.141396,0.184752,0.138684,0.0949316,0.158542,0.0235453,0.128355,0.129794,1600,0
0.15,0.75,1,0,0.125102,0.125164,0.125042,0.12525,0.124814,0.124827,0.125003,0.124798,1600,0
0.15,0.75,1,1000,0.12047,0.192889,0.129027,0.109374,0.152802,0.0360934,0.125973,0.133373,1600,0
0.15,0.75,1,2000,0.13133,0.190931,0.139793,0.0999695,0.171465,0.0147902,0.128184,0.123537,1600,0
0.15,0.75,1,3000,0.140832,0.183034,0.140883,0.0908344,0.178546,0.00582383,0.141029,0.119018,1600,0
0.15,0.75,1,5000,0.14152,0.192478,0.141541,0.0860293,0.194802,0.000592188,0.133526,0.109512,1600,0
0.15,0.75,1,7000,0.142958,0.189849,0.141598,0.0895461,0.187137,0,0.144893,0.104019,1600,0
0.15,0.75,1,10000,0.14097,0.190695,0.145803,0.0896891,0.186198,0,0.139623,0.107023,1600,0
0.15,0.75,1,25000,0.143382,0.189435,0.141626,0.0914574,0.184904,0,0.140628,0.108567,1600,0
0.15,0.75,1,50000,0.14202,0.18049,0.146147,0.0912148,0.188254,0,0.140147,0.111728,1600,0
0.1,0.75,1,0,0.125009,0.124858,0.124795,0.125152,0.124919,0.125102,0.125037,0.125128,1600,0
0.1,0.75,1,1000,0.117167,0.194107,0.126221,0.114614,0.143331,0.0441957,0.11525,0.145114,1600,0
0.1,0.75,1,2000,0.132044,0.183795,0.136976,0.10013,0.16462,0.0256348,0.127161,0.129639,1600,0
0.1,0.75,1,3000,0.143903,0.189874,0.139111,0.0925461,0.176393,0.00908164,0.130917,0.118175,1600,0
0.1,0.75,1,5000,0.146312,0.1839,0.14987,0.091198,0.172792,0.00395977,0.137656,0.114312,1600,0
0.1,0.75,1,7000,0.148007,0.181839,0.146938,0.0882852,0.173316,0.000592188,0.138788,0.122235,1600,0
0.1,0.75,1,10000,0.1503,0.182735,0.147559,0.0934832,0.177613,0,0.136252,0.112057,1600,0
0.1,0.75,1,25000,0.149993,0.184641,0.149497,0.0893141,0.184263,0,0.139775,0.102515,1600,0
0.1,0.75,1,50000,0.140431,0.180396,0.152629,0.0894641,0.179251,0,0.144799,0.113029,1600,0
0.2,0.75,1,0,0.12476,0.125329,0.12483,0.125126,0.124986,0.125247,0.124994,0.124729,1600,0
0.2,0.75,1,1000,0.108951,0.200276,0.122809,0.110797,0.161485,0.035077,0.125514,0.135091,1600,0
0.2,0.75,1,2000,0.127058,0.196152,0.132163,0.0945211,0.182025,0.0124148,0.132993,0.122673,1600,0
0.2,0.75,1,3000,0.124627,0.194438,0.133304,0.0890672,0.18741,0.00655391,0.147353,0.117247,1600,0
0.2,0.75,1,5000,0.136309,0.189396,0.136769,0.0833785,0.195604,0.00101758,0.144672,0.112855,1600,0
0.2,0.75,1,7000,0.135933,0.195646,0.138473,0.0892754,0.179295,0.00137734,0.144711,0.11529,1600,0
0.2,0.75,1,10000,0.133868,0.193195,0.138758,0.0921645,0.18439,0,0.139755,0.11787,1600,0
0.2,0.75,1,25000,0.133568,0.191423,0.141091,0.0894785,0.186001,0,0.142228,0.116209,1600,0
0.2,0.75,1,50000,0.135766,0.191197,0.138227,0.0871777,0.197154,0,0.143449,0.107029,1600,0
0.25,0.75,1,0,0.124839,0.124877,0.125333,0.12482,0.124823,0.125288,0.124918,0.125102,1600,0
0.25,0.75,1,1000,0.106745,0.202604,0.118361,0.105423,0.161954,0.0356895,0.132013,0.137211,1600,0
0.25,0.75,1,2000,0.113468,0.203322,0.116708,0.0949945,0.198375,0.0100098,0.138352,0.124771,1600,0
0.25,0.75,1,3000,0.121778,0.199059,0.123812,0.0906484,0.196161,0.00505898,0.146871,0.116612,1600,0
0.25,0.75,1,5000,0.124115,0.198992,0.134044,0.0830621,0.201409,0.00102578,0.145911,0.111441,1600,0
0.25,0.75,1,7000,0.126977,0.197399,0.129144,0.088282,0.203348,0.000198828,0.147109,0.107542,1600,0
0.25,0.75,1,10000,0.124458,0.19613,0.127359,0.0856062,0.204494,0,0.149135,0.112817,1600,0
0.25,0.75,1,25000,0.130264,0.199637,0.130768,0.0807934,0.193815,0,0.147793,0.116929,1600,0
0.25,0.75,1,50000,0.125168,0.201483,0.13094,0.0863969,0.192308,0,0.153573,0.110131,1600,0
0.15,0.75,1,0,0.124881,0.125067,0.124797,0.124914,0.124661,0.125264,0.125356,0.125059,1600,0
0.15,0.75,1,1000,0.117978,0.193459,0.127504,0.109454,0.151741,0.0335641,0.126049,0.140252,1600,0
0.15,0.75,1,2000,0.134747,0.185896,0.141877,0.0937621,0.169419,0.0162191,0.137077,0.121004,1600,0
0.15,0.75,1,3000,0.136704,0.186744,0.142519,0.0883609,0.17963,0.00680547,0.143462,0.115775,1600,0
0.15,0.75,1,5000,0.14499,0.182791,0.139959,0.093141,0.17925,0.00270625,0.142938,0.114226,1600,0
0.15,0.75,1,7000,0.142837,0.187078,0.14217,0.0857125,0.186546,0.000402734,0.145214,0.11004,1600,0
0.15,0.75,1,10000,0.146327,0.188475,0.146426,0.0864293,0.178737,0,0.142236,0.111369,1600,0
0.15,0.75,1,25000,0.14255,0.184802,0.146167,0.0853996,0.178726,0,0.148147,0.114208,1600,0
0.15,0.75,1,50000,0.141685,0.189053,0.145375,0.0902727,0.18034,0,0.144623,0.108651,1600,0
0.3,0.75,1,0,0.124446,0.125207,0.124822,0.125373,0.125092,0.124686,0.12534,0.125035,1600,0
0.3,0.75,1,1000,0.0896684,0.217358,0.105601,0.109074,0.16318,0.0466676,0.123088,0.145363,1600,0
0.3,0.75,1,2000,0.106603,0.205674,0.120341,0.0921242,0.191126,0.0163469,0.141189,0.126595,1600,0
0.3,0.75,1,3000,0.11098,0.206905,0.12078,0.0916312,0.194777,0.0095543,0.141243,0.124129,1600,0
0.3,0.75,1,5000,0.114467,0.205983,0.126109,0.0803059,0.205352,0.00220078,0.146117,0.119466,1600,0
0.3,0.75,1,7000,0.113347,0.212145,0.127439,0.0831375,0.202958,0.000673437,0.144529,0.115772,1600,0
0.3,0.75,1,10000,0.118929,0.210303,0.122071,0.0866512,0.199046,0,0.149021,0.113977,1600,0
0.3,0.75,1,25000,0.117848,0.207134,0.132463,0.0789531,0.195532,0,0.149312,0.118757,1600,0
0.3,0.75,1,50000,0.111081,0.207652,0.125853,0.0826086,0.210091,0,0.151448,0.111266,1600,0
0.2,0.75,1,0,0.124898,0.12546,0.125044,0.124968,0.124868,0.124639,0.125239,0.124884,1600,0
0.2,0.75,1,1000,0.115486,0.196768,0.123838,0.104566,0.163001,0.0310914,0.133417,0.131832,1600,0
0.2,0.75,1,2000,0.124165,0.200635,0.135222,0.0894422,0.182144,0.0116695,0.137591,0.119131,1600,0
0.2,0.75,1,3000,0.128859,0.19247,0.14047,0.0885863,0.172559,0.00519609,0.146949,0.124911,1600,0
0.2,0.75,1,5000,0.1318,0.190808,0.141895,0.0894563,0.187394,0.00125664,0.146718,0.110673,1600,0
0.2,0.75,1,7000,0.133123,0.193835,0.137374,0.0906012,0.182749,0.000480078,0.150356,0.111481,1600,0
0.2,0.75,1,10000,0.132505,0.192759,0.141261,0.0852398,0.198132,0,0.142773,0.10733,1600,0
0.2,0.75,1,25000,0.133768,0.195476,0.138065,0.0874539,0.187885,0,0.147922,0.109429,1600,0
0.2,0.75,1,50000,0.133038,0.19461,0.135707,0.0879219,0.185581,0,0.144394,0.118748,1600,0
0.35,0.75,1,0,0.125604,0.124705,0.124761,0.124954,0.124666,0.125069,0.125043,0.125197,1600,0
0.35,0.75,1,1000,0.069257,0.230312,0.0846773,0.136389,0.130208,0.0891988,0.096309,0.163648,1600,0
0.35,0.75,1,2000,0.0686164,0.22912,0.0876734,0.122112,0.146122,0.0767773,0.109445,0.160135,1600,0
0.35,0.75,1,3000,0.0744027,0.233929,0.0847648,0.123355,0.150201,0.060048,0.113495,0.159803,1600,0
0.35,0.75,1,5000,0.0831457,0.226217,0.100235,0.106029,0.168532,0.0459023,0.128356,0.141583,1600,0
0.35,0.75,1,7000,0.0841945,0.225145,0.106054,0.102475,0.171291,0.0365254,0.133186,0.141129,1600,0
0.35,0.75,1,10000,0.0980254,0.222572,0.10506,0.0935223,0.185325,0.0285906,0.133667,0.133238,1600,0
0.35,0.75,1,25000,0.102576,0.212436,0.117993,0.0758887,0.223109,0.00102891,0.149886,0.117081,1600,0
0.35,0.75,1,50000,0.0996953,0.21425,0.11732,0.0786418,0.213152,0,0.151427,0.125515,1600,0
0.25,0.75,1,0,0.12503,0.124796,0.125167,0.125107,0.125005,0.125046,0.125021,0.124828,1600,0
0.25,0.75,1,1000,0.102959,0.202068,0.1162,0.103544,0.167124,0.0404742,0.12936,0.13827,1600,0
0.25,0.75,1,2000,0.122449,0.202804,0.123973,0.0914461,0.186068,0.0140527,0.143219,0.115988,1600,0
0.25,0.75,1,3000,0.117972,0.194162,0.130024,0.0903449,0.193442,0.00609844,0.145782,0.122173,1600,0
0.25,0.75,1,5000,0.127801,0.199058,0.129303,0.0896781,0.193927,0.000942187,0.143476,0.115814,1600,0
0.25,0.75,1,7000,0.125739,0.201198,0.129184,0.0815727,0.198439,0.000276563,0.15377,0.109821,1600,0
0.25,0.75,1,10000,0.124616,0.193823,0.137424,0.0852941,0.19282,0,0.15269,0.113334,1600,0
0.25,0.75,1,25000,0.123455,0.198362,0.135416,0.0835344,0.192881,0,0.152816,0.113536,1600,0
0.25,0.75,1,50000,0.129124,0.198712,0.131952,0.0849926,0.18205,0,0.150677,0.122493,1600,0
0.4,0.75,1,0,0.124894,0.125082,0.124718,0.125032,0.125208,0.124682,0.125032,0.125351,1600,0
0.4,0.75,1,1000,0.0285992,0.243594,0.0413504,0.187346,0.070868,0.158569,0.0555367,0.214137,1600,0
0.4,0.75,1,2000,0.0127355,0.250818,0.0149414,0.225317,0.0289172,0.213431,0.0254402,0.2284,1600,0
0.4,0.75,1,3000,0.00378555,0.246563,0.00558242,0.243956,0.00850117,0.238229,0.00852344,0.244859,1600,0
0.4,0.75,1,5000,0.000568359,0.253322,0.001275,0.247852,0.00160508,0.244753,0.00132891,0.249296,1600,0
0.4,0.75,1,7000,0,0.2481,0,0.253323,0,0.249538,0,0.249038,1600,0
0.4,0.75,1,10000,0,0.250834,0,0.250291,0,0.250101,0,0.248775,1600,0
0.4,0.75,1,25000,0,0.248421,0,0.255442,0,0.24964,0,0.246497,1600,0
0.4,0.75,1,50000,0,0.250062,0,0.246718,0,0.251054,0,0.252166,1600,0
0,0.75,1,0,0.125326,0.125201,0.124942,0.124898,0.124913,0.12472,0.125031,0.12497,1600,0
0,0.75,1,1000,0.00235977,0.390952,0.00617969,0.223526,0.0613801,0.0836777,0.0218527,0.210072,1600,720
0,0.75,1,2000,0.00235977,0.390952,0.00617969,0.223526,0.0613801,0.0836777,0.0218527,0.210072,1600,720
0,0.75,1,3000,0.00235977,0.390952,0.00617969,0.223526,0.0613801,0.0836777,0.0218527,0.210072,1600,720
0,0.75,1,5000,0.00235977,0.390952,0.00617969,0.223526,0.0613801,0.0836777,0.0218527,0.210072,1600,720
0,0.75,1,7000,0.00235977,0.390952,0.00617969,0.223526,0.0613801,0.0836777,0.0218527,0.210072,1600,720
0,0.75,1,10000,0.00235977,0.390952,0.00617969,0.223526,0.0613801,0.0836777,0.0218527,0.210072,1600,720
0,0.75,1,25000,0.00235977,0.390952,0.00617969,0.223526,0.0613801,0.0836777,0.0218527,0.210072,1600,720
0,0.75,1,50000,0.00235977,0.390952,0.00617969,0.223526,0.0613801,0.0836777,0.0218527,0.210072,1600,720
0.05,0.75,1,0,0.124826,0.124892,0.125238,0.125029,0.124992,0.125014,0.125057,0.124951,1600,0
0.05,0.75,1,1000,0.0835937,0.20924,0.0902305,0.14753,0.0954145,0.11282,0.076148,0.185023,1600,0
0.05,0.75,1,2000,0.107785,0.197774,0.114637,0.121604,0.126693,0.0687078,0.101474,0.161325,1600,0
0.05,0.75,1,3000,0.121086,0.194166,0.123605,0.120675,0.130425,0.0500813,0.107899,0.152062,1600,0
0.05,0.75,1,5000,0.125966,0.191345,0.132195,0.111645,0.147777,0.039334,0.119349,0.132389,1600,0
0.05,0.75,1,7000,0.129655,0.183837,0.132556,0.106106,0.147482,0.0353789,0.117319,0.147665,1600,0
0.05,0.75,1,10000,0.138146,0.182703,0.131724,0.103748,0.157908,0.0312078,0.122882,0.131681,1600,0
0.05,0.75,1,25000,0.133337,0.185317,0.142651,0.104341,0.159322,0.0262672,0.116279,0.132485,1600,0
0.05,0.75,1,50000,0.146054,0.183373,0.143102,0.103055,0.164416,0.0162805,0.122155,0.121566,1600,0
0.3,0.75,1,0,0.124864,0.124737,0.124805,0.125041,0.125143,0.125205,0.124814,0.125392,1600,0
0.3,0.75,1,1000,0.0917645,0.211041,0.112622,0.109261,0.155423,0.0495609,0.125946,0.144381,1600,0
0.3,0.75,1,2000,0.105699,0.21077,0.116499,0.0907234,0.185033,0.0221648,0.136835,0.132275,1600,0
0.3,0.75,1,3000,0.109576,0.208368,0.125588,0.0831457,0.192932,0.0107051,0.147224,0.122461,1600,0
0.3,0.75,1,5000,0.113076,0.203626,0.127647,0.0842547,0.202261,0.00343867,0.150738,0.114959,1600,0
0.3,0.75,1,7000,0.11435,0.208509,0.121941,0.0830289,0.199711,0.000183984,0.156094,0.116182,1600,0
0.3,0.75,1,10000,0.116747,0.200553,0.128264,0.0786113,0.207205,0,0.151905,0.116714,1600,0
0.3,0.75,1,25000,0.117998,0.201227,0.128071,0.082852,0.203477,0,0.152943,0.113432,1600,0
0.3,0.75,1,50000,0.116631,0.204508,0.12747,0.0838379,0.202927,0,0.148912,0.115715,1600,0
0.1,0.75,1,0,0.125062,0.124827,0.12475,0.125092,0.124904,0.125305,0.124959,0.1251,1600,0
0.1,0.75,1,1000,0.118691,0.184915,0.125791,0.119109,0.138839,0.0486844,0.112182,0.151789,1600,0
0.1,0.75,1,2000,0.132496,0.18896,0.1343,0.0988582,0.165044,0.0229621,0.1293,0.128081,1600,0
0.1,0.75,1,3000,0.141915,0.179765,0.140576,0.0984789,0.169574,0.0142668,0.133145,0.12228,1600,0
0.1,0.75,1,5000,0.144532,0.184795,0.142994,0.0911996,0.174434,0.00475625,0.141818,0.115471,1600,0
0.1,0.75,1,7000,0.145865,0.179806,0.148284,0.0921367,0.178529,0.00323477,0.140265,0.111879,1600,0
0.1,0.75,1,10000,0.149362,0.181731,0.15221,0.0876613,0.171511,0.000959375,0.142425,0.114139,1600,0
0.1,0.75,1,25000,0.151343,0.179929,0.151937,0.0882535,0.176941,0,0.139817,0.111781,1600,0
0.1,0.75,1,50000,0.147944,0.182577,0.15038,0.0901105,0.181136,0,0.133086,0.114768,1600,0
0.35,0.75,1,0,0.125322,0.125169,0.12472,0.125045,0.125026,0.125081,0.125151,0.124487,1600,0
0.35,0.75,1,1000,0.0643719,0.229668,0.082916,0.126204,0.133541,0.084093,0.106662,0.172543,1600,0
0.35,0.75,1,2000,0.0742195,0.231089,0.0852941,0.130917,0.139068,0.0754824,0.106387,0.157543,1600,0
0.35,0.75,1,3000,0.0755598,0.22104,0.091952,0.120873,0.146522,0.0670297,0.113605,0.163418,1600,0
0.35,0.75,1,5000,0.0773801,0.233086,0.0943219,0.109209,0.160116,0.0564938,0.123409,0.145985,1600,0
0.35,0.75,1,7000,0.0840941,0.222264,0.099784,0.108477,0.173436,0.0434777,0.120757,0.14771,1600,0
0.35,0.75,1,10000,0.0865492,0.225739,0.102315,0.105205,0.179224,0.0395074,0.126878,0.134582,1600,0
0.35,0.75,1,25000,0.0944234,0.213971,0.110917,0.0911539,0.200364,0.0196266,0.137561,0.131983,1600,0
0.35,0.75,1,50000,0.0999938,0.217471,0.119338,0.0790566,0.216525,0,0.14712,0.120495,1600,0
0.15,0.75,1,0,0.125218,0.12503,0.124889,0.12505,0.124994,0.124936,0.124701,0.125181,1600,0
0.15,0.75,1,1000,0.115913,0.195895,0.126473,0.108512,0.160084,0.035982,0.118913,0.138227,1600,0
0.15,0.75,1,2000,0.137633,0.186508,0.132876,0.0912312,0.174884,0.0131902,0.138976,0.124701,1600,0
0.15,0.75,1,3000,0.136474,0.189036,0.141714,0.0952715,0.17363,0.00642227,0.138689,0.118763,1600,0
0.15,0.75,1,5000,0.144883,0.186365,0.143111,0.088582,0.18071,0.00215508,0.140268,0.113927,1600,0
0.15,0.75,1,7000,0.139272,0.184008,0.140146,0.0893469,0.185443,0.000801172,0.146214,0.114768,1600,0
0.15,0.75,1,10000,0.139012,0.182135,0.143282,0.0876523,0.190982,0,0.148518,0.108419,1600,0
0.15,0.75,1,25000,0.138007,0.182526,0.141037,0.0884875,0.201782,0,0.139428,0.108733,1600,0
0.15,0.75,1,50000,0.143495,0.178871,0.151234,0.0858855,0.180488,0,0.145411,0.114614,1600,0
0.4,0.75,1,0,0.125103,0.125043,0.124652,0.125065,0.125024,0.125238,0.124879,0.124997,1600,0
0.4,0.75,1,1000,0.0325785,0.247625,0.042902,0.176371,0.0828383,0.149114,0.0630961,0.205475,1600,0
0.4,0.75,1,2000,0.0178215,0.245649,0.0231766,0.212886,0.0448383,0.199875,0.0314781,0.224275,1600,0
0.4,0.75,1,3000,0.00631328,0.249475,0.00748594,0.235487,0.0144328,0.233227,0.0127422,0.240836,1600,0
0.4,0.75,1,5000,1.91406e-05,0.248017,1.60156e-05,0.2498,0.000226953,0.248478,0.000177344,0.253266,1600,0
0.4,0.75,1,7000,0,0.247881,0,0.252484,0,0.247676,0,0.251958,1600,0
0.4,0.75,1,10000,0,0.251443,0,0.249955,0,0.245738,0,0.252864,1600,0
0.4,0.75,1,25000,0,0.247384,0,0.249765,0,0.25034,0,0.25251,1600,0
0.4,0.75,1,50000,0,0.247756,0,0.2517,0,0.250455,0,0.250089,1600,0
0,0.75,1,0,0.124934,0.124869,0.124892,0.125004,0.125433,0.12491,0.125071,0.124887,1600,0
0,0.75,1,1000,0.00221016,0.393015,0.00622422,0.219569,0.0626445,0.0824477,0.022048,0.211841,1600,500
0,0.75,1,2000,0.00221016,0.393015,0.00622422,0.219569,0.0626445,0.0824477,0.022048,0.211841,1600,500
0,0.75,1,3000,0.00221016,0.393015,0.00622422,0.219569,0.0626445,0.0824477,0.022048,0.211841,1600,500
0,0.75,1,5000,0.00221016,0.393015,0.00622422,0.219569,0.0626445,0.0824477,0.022048,0.211841,1600,500
0,0.75,1,7000,0.00221016,0.393015,0.00622422,0.219569,0.0626445,0.0824477,0.022048,0.211841,1600,500
0,0.75,1,10000,0.00221016,0.393015,0.00622422,0.219569,0.0626445,0.0824477,0.022048,0.211841,1600,500
0,0.75,1,25000,0.00221016,0.393015,0.00622422,0.219569,0.0626445,0.0824477,0.022048,0.211841,1600,500
0,0.75,1,50000,0.00221016,0.393015,0.00622422,0.219569,0.0626445,0.0824477,0.022048,0.211841,1600,500
0.2,0.75,1,0,0.124758,0.125086,0.124978,0.125221,0.124569,0.124825,0.125364,0.1252,1600,0
0.2,0.75,1,1000,0.114767,0.197965,0.121853,0.110909,0.158606,0.0341461,0.124329,0.137425,1600,0
0.2,0.75,1,2000,0.129095,0.197706,0.134557,0.094723,0.17241,0.0152449,0.132247,0.124018,1600,0
0.2,0.75,1,3000,0.126639,0.198155,0.127934,0.094034,0.18626,0.00649219,0.139936,0.12055,1600,0
0.2,0.75,1,5000,0.132604,0.194524,0.137563,0.0864871,0.191638,0.000933203,0.144402,0.111849,1600,0
0.2,0.75,1,7000,0.138004,0.191996,0.135969,0.0893414,0.187146,0.000553125,0.143586,0.113405,1600,0
0.2,0.75,1,10000,0.132468,0.193029,0.13858,0.0937871,0.18594,0,0.1477,0.108496,1600,0
0.2,0.75,1,25000,0.134777,0.19318,0.139923,0.0838227,0.19137,0,0.149,0.107929,1600,0
0.2,0.75,1,50000,0.130277,0.184434,0.136692,0.0893809,0.194002,0,0.144204,0.12101,1600,0
0.05,0.75,1,0,0.124861,0.125025,0.125188,0.125234,0.124971,0.125327,0.12476,0.124634,1600,0
0.05,0.75,1,1000,0.0891074,0.204485,0.0937375,0.147619,0.0986016,0.103254,0.0773105,0.185884,1600,0
0.05,0.75,1,2000,0.102364,0.190495,0.115072,0.130579,0.125749,0.072018,0.0987559,0.164967,1600,0
0.05,0.75,1,3000,0.119787,0.183512,0.127555,0.12042,0.139209,0.0555715,0.108948,0.144996,1600,0
0.05,0.75,1,5000,0.130154,0.185092,0.128069,0.112648,0.141948,0.0452273,0.111154,0.145708,1600,0
0.05,0.75,1,7000,0.129359,0.18242,0.136846,0.106464,0.152973,0.0326879,0.118858,0.140391,1600,0
0.05,0.75,1,10000,0.128259,0.186068,0.139862,0.104367,0.15235,0.0285211,0.119142,0.141431,1600,0
0.05,0.75,1,25000,0.137752,0.186605,0.138758,0.105765,0.154156,0.0290652,0.117228,0.13067,1600,0
0.05,0.75,1,50000,0.131542,0.184957,0.138003,0.106009,0.156745,0.026573,0.123369,0.132802,1600,0
0.25,0.75,1,0,0.125141,0.12507,0.125096,0.124794,0.125043,0.124931,0.124834,0.125092,1600,0
0.25,0.75,1,1000,0.105228,0.205747,0.114892,0.104547,0.159754,0.037048,0.128754,0.14403,1600,0
0.25,0.75,1,2000,0.120452,0.199596,0.124248,0.0975516,0.180398,0.0155602,0.142664,0.119529,1600,0
0.25,0.75,1,3000,0.121321,0.195292,0.132761,0.0892043,0.186487,0.00634492,0.148483,0.120107,1600,0
0.25,0.75,1,5000,0.127602,0.197954,0.13629,0.0857133,0.191859,0.00128906,0.149563,0.10973,1600,0
0.25,0.75,1,7000,0.124345,0.198656,0.129456,0.0879488,0.198207,0.000714062,0.14568,0.114994,1600,0
0.25,0.75,1,10000,0.123356,0.203982,0.134942,0.0846738,0.196563,0,0.147283,0.1092,1600,0
0.25,0.75,1,25000,0.123682,0.1961,0.129067,0.0855285,0.195782,0,0.15304,0.1168,1600,0
0.25,0.75,1,50000,0.124123,0.200371,0.125031,0.0851156,0.206418,0,0.152672,0.10627,1600,0
0.3,0.75,1,0,0.124981,0.125043,0.124571,0.125459,0.124803,0.125171,0.124976,0.124996,1600,0
0.3,0.75,1,1000,0.0949172,0.211355,0.109033,0.10146,0.162927,0.0463512,0.125154,0.148803,1600,0
0.3,0.75,1,2000,0.103709,0.207907,0.123775,0.0916492,0.192892,0.0148262,0.137624,0.127618,1600,0
0.3,0.75,1,3000,0.114371,0.206525,0.119758,0.0895367,0.196579,0.00764258,0.142649,0.122938,1600,0
0.3,0.75,1,5000,0.119179,0.204953,0.127779,0.0858785,0.196824,0.00207969,0.148636,0.114672,1600,0
0.3,0.75,1,7000,0.11686,0.204051,0.121448,0.0837215,0.207605,0.000373828,0.153215,0.112726,1600,0
0.3,0.75,1,10000,0.114581,0.202931,0.12538,0.0847195,0.202,0,0.152384,0.118003,1600,0
0.3,0.75,1,25000,0.117347,0.204403,0.128589,0.0809059,0.203223,0,0.15153,0.114002,1600,0
0.3,0.75,1,50000,0.120279,0.203148,0.131169,0.0805719,0.20003,0,0.151081,0.113721,1600,0
0.1,0.75,1,0,0.12509,0.12489,0.125298,0.125139,0.12492,0.125193,0.124702,0.124768,1600,0
0.1,0.75,1,1000,0.114905,0.195388,0.123065,0.118742,0.144319,0.0498246,0.111301,0.142455,1600,0
0.1,0.75,1,2000,0.135159,0.187238,0.140152,0.101369,0.164427,0.0218609,0.125918,0.123877,1600,0
0.1,0.75,1,3000,0.139589,0.18305,0.139989,0.0931828,0.171416,0.0126555,0.136208,0.123909,1600,0
0.1,0.75,1,5000,0.145412,0.17669,0.142128,0.0935234,0.179915,0.00761758,0.135791,0.118923,1600,0
0.1,0.75,1,7000,0.146167,0.184352,0.144797,0.0940523,0.179531,0.00273203,0.132436,0.115933,1600,0
0.1,0.75,1,10000,0.144633,0.183641,0.143395,0.0926254,0.184735,0,0.136614,0.114357,1600,0
0.1,0.75,1,25000,0.152346,0.181552,0.146586,0.0884258,0.175494,0,0.140069,0.115527,1600,0
0.1,0.75,1,50000,0.143109,0.182966,0.145008,0.0897465,0.183812,0,0.139662,0.115697,1600,0
0.35,0.75,1,0,0.125043,0.124835,0.125149,0.124794,0.125022,0.124932,0.12522,0.125005,1600,0
0.35,0.75,1,1000,0.0722,0.232362,0.0902414,0.127074,0.149561,0.0699441,0.0990434,0.159574,1600,0
0.35,0.75,1,2000,0.0775281,0.229435,0.0966141,0.110816,0.158498,0.0491898,0.121932,0.155988,1600,0
0.35,0.75,1,3000,0.0808199,0.222228,0.100721,0.104672,0.170191,0.0433742,0.127796,0.150198,1600,0
0.35,0.75,1,5000,0.0922348,0.220359,0.107948,0.0935348,0.186914,0.0264844,0.13917,0.133354,1600,0
0.35,0.75,1,7000,0.0931039,0.21535,0.112935,0.0949988,0.193449,0.022493,0.138294,0.129376,1600,0
0.35,0.75,1,10000,0.10192,0.216105,0.113298,0.0848852,0.199046,0.0134371,0.145685,0.125625,1600,0
0.35,0.75,1,25000,0.0979988,0.214529,0.118367,0.0785914,0.216239,0.00218477,0.141957,0.130132,1600,0
0.35,0.75,1,50000,0.100615,0.21747,0.114025,0.0820238,0.213911,0,0.154011,0.117945,1600,0
0.15,0.75,1,0,0.125152,0.125133,0.124802,0.125179,0.124884,0.124991,0.124877,0.124984,1600,0
0.15,0.75,1,1000,0.124623,0.190983,0.122654,0.103741,0.154714,0.039227,0.125946,0.138113,1600,0
0.15,0.75,1,2000,0.134662,0.1964,0.141024,0.0903738,0.17163,0.0101301,0.134681,0.1211,1600,0
0.15,0.75,1,3000,0.135739,0.185074,0.139489,0.0908215,0.18887,0.00474453,0.142182,0.11308,1600,0
0.15,0.75,1,5000,0.140335,0.186856,0.140497,0.0865289,0.188305,0.000519141,0.142345,0.114614,1600,0
0.15,0.75,1,7000,0.139716,0.180686,0.149874,0.0876805,0.182439,2.34375e-06,0.139434,0.120168,1600,0
0.15,0.75,1,10000,0.139542,0.182762,0.14413,0.0879293,0.191205,0,0.142715,0.111716,1600,0
0.15,0.75,1,25000,0.147916,0.188933,0.143334,0.0829945,0.18063,0,0.1425,0.113693,1600,0
0.15,0.75,1,50000,0.138121,0.189847,0.144886,0.0896027,0.17947,0,0.145392,0.112682,1600,0
0.4,0.75,1,0,0.12534,0.124738,0.125159,0.124857,0.125089,0.124918,0.125132,0.124768,1600,0
0.4,0.75,1,1000,0.0347516,0.256717,0.0449008,0.17215,0.0846996,0.141152,0.0658359,0.199793,1600,0
0.4,0.75,1,2000,0.016832,0.252733,0.0211598,0.212849,0.040227,0.198176,0.0339461,0.224077,1600,0
0.4,0.75,1,3000,0.00747852,0.254513,0.0104254,0.229057,0.0182605,0.225989,0.0150184,0.239258,1600,0
0.4,0.75,1,5000,0.000507031,0.2518,0.000762109,0.248748,0.00143789,0.248228,0.00141836,0.247098,1600,0
0.4,0.75,1,7000,0,0.245893,0,0.251688,0,0.253171,0,0.249248,1600,0
0.4,0.75,1,10000,0,0.248478,0,0.251883,0,0.251557,0,0.248082,1600,0
0.4,0.75,1,25000,0,0.24809,0,0.250053,0,0.251516,0,0.250341,1600,0
0.4,0.75,1,50000,0,0.248232,0,0.249668,0,0.250488,0,0.251612,1600,0
0,0.75,1,0,0.125074,0.125066,0.124919,0.124526,0.125375,0.125213,0.125067,0.12476,1600,0
0,0.75,1,1000,0.00222461,0.393054,0.00599297,0.223626,0.0621336,0.0820566,0.0221766,0.208736,1600,620
0,0.75,1,2000,0.00222461,0.393054,0.00599297,0.223626,0.0621336,0.0820566,0.0221766,0.208736,1600,620
0,0.75,1,3000,0.00222461,0.393054,0.00599297,0.223626,0.0621336,0.0820566,0.0221766,0.208736,1600,620
0,0.75,1,5000,0.00222461,0.393054,0.00599297,0.223626,0.0621336,0.0820566,0.0221766,0.208736,1600,620
0,0.75,1,7000,0.00222461,0.393054,0.00599297,0.223626,0.0621336,0.0820566,0.0221766,0.208736,1600,620
0,0.75,1,10000,0.00222461,0.393054,0.00599297,0.223626,0.0621336,0.0820566,0.0221766,0.208736,1600,620
0,0.75,1,25000,0.00222461,0.393054,0.00599297,0.223626,0.0621336,0.0820566,0.0221766,0.208736,1600,620
0,0.75,1,50000,0.00222461,0.393054,0.00599297,0.223626,0.0621336,0.0820566,0.0221766,0.208736,1600,620
0.2,0.75,1,0,0.125769,0.125182,0.124945,0.124861,0.124621,0.125081,0.124742,0.1248,1600,0
0.2,0.75,1,1000,0.116659,0.19954,0.124076,0.105216,0.155156,0.0333879,0.123959,0.142007,1600,0
0.2,0.75,1,2000,0.127776,0.187767,0.135036,0.0900719,0.178414,0.012459,0.142625,0.125851,1600,0
0.2,0.75,1,3000,0.130842,0.191069,0.137374,0.0933918,0.184051,0.0048168,0.141157,0.117298,1600,0
0.2,0.75,1,5000,0.133366,0.188841,0.143353,0.0910375,0.175511,0.000394922,0.147388,0.120109,1600,0
0.2,0.75,1,7000,0.130874,0.189096,0.134678,0.0889051,0.193301,2.53906e-05,0.147145,0.115976,1600,0
0.2,0.75,1,10000,0.139095,0.1924,0.139732,0.0889113,0.188766,0,0.14485,0.106245,1600,0
0.2,0.75,1,25000,0.131748,0.189843,0.140644,0.0862105,0.193109,0,0.145757,0.112689,1600,0
0.2,0.75,1,50000,0.13985,0.187194,0.138808,0.08845,0.185919,0,0.147952,0.111828,1600,0
0.05,0.75,1,0,0.124916,0.124802,0.124917,0.125366,0.125313,0.124868,0.125145,0.124674,1600,0
0.05,0.75,1,1000,0.0869133,0.200405,0.0957281,0.152293,0.0996285,0.102528,0.0794168,0.183088,1600,0
0.05,0.75,1,2000,0.113802,0.196488,0.116287,0.125388,0.125628,0.0631203,0.100399,0.158888,1600,0
0.05,0.75,1,3000,0.116822,0.184491,0.129213,0.122857,0.139405,0.0542184,0.108722,0.144271,1600,0
0.05,0.75,1,5000,0.126764,0.1897,0.132366,0.109613,0.149916,0.0392613,0.11231,0.140071,1600,0
0.05,0.75,1,7000,0.132572,0.186818,0.1306,0.10378,0.147809,0.0362281,0.116013,0.146181,1600,0
0.05,0.75,1,10000,0.138813,0.18347,0.137845,0.107407,0.15373,0.027527,0.120457,0.13075,1600,0
0.05,0.75,1,25000,0.130631,0.182204,0.137896,0.112192,0.154433,0.0300145,0.119637,0.132992,1600,0
0.05,0.75,1,50000,0.139653,0.18665,0.142079,0.100359,0.165351,0.0155281,0.124804,0.125576,1600,0
0.25,0.75,1,0,0.124755,0.124984,0.124866,0.125313,0.12508,0.125004,0.124684,0.125314,1600,0
0.25,0.75,1,1000,0.105523,0.196797,0.115859,0.106427,0.158265,0.0409445,0.129048,0.147137,1600,0
0.25,0.75,1,2000,0.1203,0.197585,0.129484,0.0917238,0.177496,0.0125906,0.148141,0.12268,1600,0
0.25,0.75,1,3000,0.126281,0.191748,0.136373,0.0907977,0.182295,0.00442852,0.148808,0.119269,1600,0
0.25,0.75,1,5000,0.126928,0.199364,0.133471,0.0879527,0.184392,0.000809766,0.147462,0.11962,1600,0
0.25,0.75,1,7000,0.128413,0.195409,0.13758,0.0826742,0.202269,0.000603516,0.14448,0.108571,1600,0
0.25,0.75,1,10000,0.122958,0.1971,0.133088,0.0848551,0.20175,0,0.148456,0.111792,1600,0
0.25,0.75,1,25000,0.122632,0.198875,0.127083,0.0909594,0.198309,0,0.148222,0.11392,1600,0
0.25,0.75,1,50000,0.120646,0.199796,0.126835,0.0880148,0.204568,0,0.147132,0.113008,1600,0
0.1,0.75,1,0,0.124773,0.125337,0.124792,0.124992,0.125018,0.125033,0.124768,0.125288,1600,0
0.1,0.75,1,1000,0.114745,0.188463,0.126486,0.117558,0.13471,0.0554113,0.112118,0.150509,1600,0
0.1,0.75,1,2000,0.126759,0.181009,0.135725,0.106756,0.164623,0.0228988,0.127305,0.134925,1600,0
0.1,0.75,1,3000,0.141272,0.183307,0.139952,0.0990887,0.169767,0.0132426,0.129625,0.123745,1600,0
0.1,0.75,1,5000,0.14042,0.184134,0.146314,0.0888043,0.179985,0.0047418,0.138686,0.116916,1600,0
0.1,0.75,1,7000,0.145005,0.177956,0.151743,0.0883527,0.177457,0.00130195,0.139654,0.118531,1600,0
0.1,0.75,1,10000,0.148258,0.180379,0.14537,0.0948852,0.1774,0.000475391,0.13502,0.118214,1600,0
0.1,0.75,1,25000,0.152886,0.181591,0.144273,0.094059,0.177613,0,0.135645,0.113933,1600,0
0.1,0.75,1,50000,0.145756,0.184289,0.144618,0.0921191,0.185005,0,0.136436,0.111777,1600,0
0.15,0.75,1,0,0.124938,0.124776,0.12527,0.125265,0.124763,0.125204,0.124685,0.125099,1600,0
0.15,0.75,1,1000,0.122486,0.194755,0.130245,0.105135,0.157737,0.0337539,0.12247,0.133418,1600,0
0.15,0.75,1,2000,0.131011,0.190695,0.134961,0.0959578,0.17421,0.0151496,0.136773,0.121243,1600,0
0.15,0.75,1,3000,0.137761,0.186724,0.142009,0.0909797,0.17862,0.00610625,0.132729,0.125071,1600,0
0.15,0.75,1,5000,0.138722,0.186024,0.146457,0.0854879,0.181805,0.000539063,0.146269,0.114696,1600,0
0.15,0.75,1,7000,0.137598,0.18824,0.143679,0.0867082,0.193254,0.000157422,0.140483,0.10988,1600,0
0.15,0.75,1,10000,0.143835,0.188718,0.140421,0.0874473,0.184641,0.000803125,0.143935,0.1102,1600,0
0.15,0.75,1,25000,0.134955,0.19069,0.142455,0.0915648,0.181297,0,0.145089,0.113949,1600,0
0.15,0.75,1,50000,0.137637,0.186232,0.138559,0.088375,0.192788,0,0.145856,0.110552,1600,0
0.3,0.75,1,0,0.12498,0.125103,0.125218,0.124661,0.124923,0.12521,0.125024,0.124881,1600,0
0.3,0.75,1,1000,0.0900664,0.207778,0.105413,0.112798,0.16823,0.0471516,0.120375,0.148187,1600,0
0.3,0.75,1,2000,0.10119,0.212559,0.119272,0.0953859,0.183479,0.0183219,0.140582,0.129211,1600,0
0.3,0.75,1,3000,0.113888,0.205684,0.122622,0.0836516,0.192949,0.00799609,0.146934,0.126276,1600,0
0.3,0.75,1,5000,0.111427,0.208355,0.129991,0.0761965,0.200221,0.00113164,0.15302,0.119657,1600,0
0.3,0.75,1,7000,0.116438,0.203485,0.130657,0.0819777,0.205161,0.000534375,0.151633,0.110114,1600,0
0.3,0.75,1,10000,0.111817,0.206898,0.126011,0.0810211,0.212106,0,0.146544,0.115604,1600,0
0.3,0.75,1,25000,0.114905,0.216342,0.125064,0.0829219,0.199758,0,0.150637,0.110373,1600,0
0.3,0.75,1,50000,0.110739,0.205724,0.125344,0.085252,0.203491,0,0.155966,0.113484,1600,0
0.2,0.75,1,0,0.124825,0.124907,0.125111,0.125028,0.125171,0.124783,0.12521,0.124966,1600,0
0.2,0.75,1,1000,0.117013,0.195991,0.122781,0.0994266,0.166016,0.0323621,0.125162,0.141249,1600,0
0.2,0.75,1,2000,0.130606,0.193409,0.13164,0.0938734,0.175607,0.0136445,0.139769,0.12145,1600,0
0.2,0.75,1,3000,0.128341,0.194479,0.128122,0.0944965,0.186738,0.00549922,0.14252,0.119805,1600,0
0.2,0.75,1,5000,0.131748,0.191141,0.142454,0.0837723,0.195941,0.000986328,0.145207,0.108751,1600,0
0.2,0.75,1,7000,0.133859,0.195447,0.137893,0.0841691,0.185429,0.000339453,0.151608,0.111256,1600,0
0.2,0.75,1,10000,0.136046,0.192255,0.139375,0.0852102,0.191118,0,0.145665,0.110331,1600,0
0.2,0.75,1,25000,0.135283,0.191366,0.139863,0.0874305,0.19005,0,0.14598,0.110027,1600,0
0.2,0.75,1,50000,0.132505,0.19039,0.141856,0.0854164,0.187744,0,0.144876,0.117213,1600,0
0.35,0.75,1,0,0.125025,0.125521,0.125075,0.124976,0.125087,0.124595,0.125007,0.124713,1600,0
0.35,0.75,1,1000,0.0706246,0.229848,0.0850078,0.133863,0.138012,0.0775781,0.102056,0.16301,1600,0
0.35,0.75,1,2000,0.076323,0.218941,0.0912063,0.120588,0.149941,0.0695785,0.114194,0.159229,1600,0
0.35,0.75,1,3000,0.0781234,0.227408,0.0909559,0.115018,0.16415,0.0599234,0.122552,0.14187,1600,0
0.35,0.75,1,5000,0.0829074,0.21557,0.103604,0.104702,0.174874,0.0450594,0.122294,0.150989,1600,0
0.35,0.75,1,7000,0.0840289,0.224088,0.100188,0.101132,0.180369,0.0391,0.128575,0.142519,1600,0
0.35,0.75,1,10000,0.0900141,0.22307,0.106465,0.0952656,0.180059,0.0303687,0.134369,0.140389,1600,0
0.35,0.75,1,25000,0.0903645,0.229958,0.101921,0.102309,0.182514,0.0328988,0.121705,0.138329,1600,0
0.35,0.75,1,50000,0.100055,0.219825,0.1102,0.0873512,0.201029,0.00965117,0.148002,0.123887,1600,0
0.25,0.75,1,0,0.124813,0.125004,0.124862,0.124973,0.124947,0.125219,0.124969,0.125213,1600,0
0.25,0.75,1,1000,0.104744,0.199121,0.118217,0.108236,0.164451,0.0365457,0.127365,0.141321,1600,0
0.25,0.75,1,2000,0.116841,0.200571,0.127183,0.0903074,0.181587,0.0188891,0.139299,0.125322,1600,0
0.25,0.75,1,3000,0.120621,0.200355,0.126134,0.0881426,0.187806,0.00855312,0.145309,0.12308,1600,0
0.25,0.75,1,5000,0.120871,0.198332,0.134395,0.0860445,0.196227,0.00351563,0.14567,0.114945,1600,0
0.25,0.75,1,7000,0.120136,0.196566,0.132466,0.086391,0.193377,0.00120664,0.153153,0.116704,1600,0
0.25,0.75,1,10000,0.125453,0.195098,0.13476,0.0835793,0.197204,0,0.150136,0.113771,1600,0
0.25,0.75,1,25000,0.128474,0.199048,0.131225,0.0867984,0.19362,0,0.14697,0.113864,1600,0
0.25,0.75,1,50000,0.122719,0.203802,0.133242,0.0824008,0.200229,0,0.146224,0.111384,1600,0
0.4,0.75,1,0,0.12505,0.12523,0.125036,0.124901,0.124803,0.125099,0.125166,0.124716,1600,0
0.4,0.75,1,1000,0.035948,0.258496,0.049409,0.171505,0.0889695,0.135202,0.0711234,0.189346,1600,0
0.4,0.75,1,2000,0.0192203,0.251319,0.0260176,0.208154,0.0488086,0.189384,0.0370254,0.220071,1600,0
0.4,0.75,1,3000,0.00787266,0.254181,0.00866484,0.237232,0.0178258,0.226,0.0119734,0.23625,1600,0
0.4,0.75,1,5000,0.00107969,0.253169,0.00144297,0.245566,0.00307227,0.244207,0.00213945,0.249323,1600,0
0.4,0.75,1,7000,0,0.251372,0,0.249269,0,0.251154,0,0.248205,1600,0
0.4,0.75,1,10000,0,0.246464,0,0.250911,0,0.25103,0,0.251595,1600,0
0.4,0.75,1,25000,0,0.24976,0,0.248293,0,0.252252,0,0.249695,1600,0
0.4,0.75,1,50000,0,0.253127,0,0.254287,0,0.246498,0,0.246087,1600,0
0,0.75,1,0,0.124555,0.125236,0.124905,0.125116,0.124959,0.125133,0.124879,0.125218,1600,0
0,0.75,1,1000,0.00220703,0.391996,0.00618789,0.223081,0.0628059,0.0807895,0.0224305,0.210502,1600,660
0,0.75,1,2000,0.00220703,0.391996,0.00618789,0.223081,0.0628059,0.0807895,0.0224305,0.210502,1600,660
0,0.75,1,3000,0.00220703,0.391996,0.00618789,0.223081,0.0628059,0.0807895,0.0224305,0.210502,1600,660
0,0.75,1,5000,0.00220703,0.391996,0.00618789,0.223081,0.0628059,0.0807895,0.0224305,0.210502,1600,660
0,0.75,1,7000,0.00220703,0.391996,0.00618789,0.223081,0.0628059,0.0807895,0.0224305,0.210502,1600,660
0,0.75,1,10000,0.00220703,0.391996,0.00618789,0.223081,0.0628059,0.0807895,0.0224305,0.210502,1600,660
0,0.75,1,25000,0.00220703,0.391996,0.00618789,0.223081,0.0628059,0.0807895,0.0224305,0.210502,1600,660
0,0.75,1,50000,0.00220703,0.391996,0.00618789,0.223081,0.0628059,0.0807895,0.0224305,0.210502,1600,660
0.3,0.75,1,0,0.125061,0.124867,0.124988,0.125309,0.124837,0.125229,0.124794,0.124915,1600,0
0.3,0.75,1,1000,0.0888359,0.208982,0.106177,0.112215,0.150489,0.0628684,0.119744,0.150689,1600,0
0.3,0.75,1,2000,0.102556,0.214254,0.112898,0.0944914,0.182489,0.0200477,0.144079,0.129185,1600,0
0.3,0.75,1,3000,0.109123,0.20474,0.118101,0.0904273,0.195687,0.00964609,0.144339,0.127936,1600,0
0.3,0.75,1,5000,0.115647,0.205209,0.127364,0.0834418,0.199137,0.00132656,0.149346,0.118528,1600,0
0.3,0.75,1,7000,0.116959,0.209884,0.126684,0.0799027,0.197738,0,0.15217,0.116661,1600,0
0.3,0.75,1,10000,0.113606,0.203775,0.127661,0.0830758,0.211581,0,0.152261,0.10804,1600,0
0.3,0.75,1,25000,0.115976,0.203387,0.125129,0.085107,0.203643,0,0.149173,0.117586,1600,0
0.3,0.75,1,50000,0.112893,0.216442,0.124876,0.0824242,0.202981,0,0.148479,0.111905,1600,0
0.35,0.75,1,0,0.124922,0.124544,0.125364,0.125012,0.124899,0.124876,0.125481,0.124901,1600,0
0.35,0.75,1,1000,0.0684531,0.226725,0.0853234,0.130692,0.134339,0.0838234,0.102565,0.168079,1600,0
0.35,0.75,1,2000,0.0748965,0.219045,0.0869707,0.12901,0.149061,0.0749828,0.111755,0.154279,1600,0
0.35,0.75,1,3000,0.0773539,0.229909,0.0879984,0.118687,0.152411,0.0643129,0.111215,0.158113,1600,0
0.35,0.75,1,5000,0.0817891,0.222657,0.0987617,0.109674,0.171823,0.0479457,0.12166,0.145689,1600,0
0.35,0.75,1,7000,0.0814051,0.222496,0.0982871,0.105403,0.173443,0.0446836,0.128126,0.146157,1600,0
0.35,0.75,1,10000,0.0822758,0.227524,0.0968297,0.103513,0.177449,0.0397297,0.129377,0.143301,1600,0
0.35,0.75,1,25000,0.0874781,0.225298,0.0994137,0.107311,0.174151,0.0400145,0.126344,0.139989,1600,0
0.35,0.75,1,50000,0.0917617,0.222114,0.102582,0.0995961,0.181467,0.0340254,0.133775,0.134679,1600,0
0.05,0.75,1,0,0.12499,0.124763,0.12454,0.125394,0.124915,0.125274,0.124994,0.125129,1600,0
0.05,0.75,1,1000,0.0867938,0.2055,0.0934113,0.146684,0.0983832,0.110718,0.079073,0.179436,1600,0
0.05,0.75,1,2000,0.108751,0.20004,0.116923,0.123832,0.124663,0.0723504,0.0999348,0.153505,1600,0
0.05,0.75,1,3000,0.116418,0.196505,0.126892,0.117898,0.133577,0.0518031,0.106454,0.150453,1600,0
0.05,0.75,1,5000,0.124885,0.182582,0.12629,0.115047,0.147017,0.0469594,0.116268,0.140951,1600,0
0.05,0.75,1,7000,0.128745,0.184464,0.136386,0.105333,0.155992,0.0354551,0.120822,0.132803,1600,0
0.05,0.75,1,10000,0.134373,0.188143,0.133146,0.104579,0.145379,0.0337414,0.121427,0.139213,1600,0
0.05,0.75,1,25000,0.132598,0.180573,0.139399,0.106841,0.159472,0.0229277,0.123258,0.134931,1600,0
0.05,0.75,1,50000,0.140214,0.185904,0.139454,0.0998238,0.160121,0.017093,0.126223,0.131168,1600,0
0.4,0.75,1,0,0.124891,0.125475,0.124686,0.12513,0.124733,0.125154,0.125208,0.124723,1600,0
0.4,0.75,1,1000,0.0344293,0.239346,0.0516965,0.17279,0.0853168,0.151263,0.0648992,0.200259,1600,0
0.4,0.75,1,2000,0.0192789,0.247731,0.029002,0.207666,0.0475273,0.18825,0.0332125,0.227333,1600,0
0.4,0.75,1,3000,0.00776094,0.247795,0.00981445,0.235935,0.0190082,0.227824,0.0148152,0.237047,1600,0
0.4,0.75,1,5000,0.000360156,0.243213,0.000352344,0.250854,0.000504688,0.253304,0.000842578,0.25057,1600,0
0.4,0.75,1,7000,0,0.250246,0,0.245545,0,0.249739,0,0.25447,1600,0
0.4,0.75,1,10000,0,0.252161,0,0.251954,0,0.248878,0,0.247007,1600,0
0.4,0.75,1,25000,0,0.248653,0,0.250382,0,0.246274,0,0.254691,1600,0
0.4,0.75,1,50000,0,0.249163,0,0.249963,0,0.25,0,0.250874,1600,0
0,0.75,1,0,0.124999,0.125002,0.125376,0.124811,0.125115,0.124902,0.124759,0.125036,1600,0
0,0.75,1,1000,0.00239922,0.393103,0.00617461,0.219645,0.0625645,0.0834383,0.0219648,0.210711,1600,540
0,0.75,1,2000,0.00239922,0.393103,0.00617461,0.219645,0.0625645,0.0834383,0.0219648,0.210711,1600,540
0,0.75,1,3000,0.00239922,0.393103,0.00617461,0.219645,0.0625645,0.0834383,0.0219648,0.210711,1600,540
0,0.75,1,5000,0.00239922,0.393103,0.00617461,0.219645,0.0625645,0.0834383,0.0219648,0.210711,1600,540
0,0.75,1,7000,0.00239922,0.393103,0.00617461,0.219645,0.0625645,0.0834383,0.0219648,0.210711,1600,540
0,0.75,1,10000,0.00239922,0.393103,0.00617461,0.219645,0.0625645,0.0834383,0.0219648,0.210711,1600,540
0,0.75,1,25000,0.00239922,0.393103,0.00617461,0.219645,0.0625645,0.0834383,0.0219648,0.210711,1600,540
0,0.75,1,50000,0.00239922,0.393103,0.00617461,0.219645,0.0625645,0.0834383,0.0219648,0.210711,1600,540
0.1,0.75,1,0,0.125074,0.124721,0.124849,0.125177,0.124809,0.125065,0.124926,0.125379,1600,0
0.1,0.75,1,1000,0.117532,0.17978,0.117358,0.114989,0.144177,0.0570594,0.118409,0.150696,1600,0
0.1,0.75,1,2000,0.132714,0.184032,0.140957,0.098543,0.159307,0.0211441,0.129607,0.133696,1600,0
0.1,0.75,1,3000,0.132592,0.188897,0.143118,0.0973305,0.169823,0.0141547,0.133213,0.120873,1600,0
0.1,0.75,1,5000,0.144846,0.180352,0.145648,0.085943,0.180966,0.00455703,0.136137,0.12155,1600,0
0.1,0.75,1,7000,0.147956,0.183304,0.146128,0.0910035,0.180842,0.00112148,0.134694,0.114951,1600,0
0.1,0.75,1,10000,0.145561,0.180192,0.145991,0.0922879,0.180921,0.00103008,0.1406,0.113417,1600,0
0.1,0.75,1,25000,0.149671,0.177052,0.150708,0.0907191,0.178181,0,0.137505,0.116164,1600,0
0.1,0.75,1,50000,0.149673,0.184913,0.149716,0.090016,0.173619,0,0.137338,0.114726,1600,0
0.05,0.75,1,0,0.125208,0.125034,0.124637,0.125,0.125309,0.125001,0.124966,0.124845,1600,0
0.05,0.75,1,1000,0.083075,0.198766,0.0912992,0.154194,0.0986965,0.11599,0.0778297,0.18015,1600,0
0.05,0.75,1,2000,0.109876,0.188807,0.115503,0.125389,0.126827,0.068068,0.101034,0.164496,1600,0
0.05,0.75,1,3000,0.118122,0.187574,0.129502,0.114757,0.132625,0.0565141,0.108756,0.15215,1600,0
0.05,0.75,1,5000,0.126752,0.1888,0.128161,0.104955,0.144077,0.0397375,0.118136,0.149382,1600,0
0.05,0.75,1,7000,0.132362,0.191248,0.135743,0.109442,0.150635,0.0299348,0.113165,0.137471,1600,0
0.05,0.75,1,10000,0.139084,0.185673,0.139705,0.10366,0.154046,0.0294254,0.114832,0.133574,1600,0
0.05,0.75,1,25000,0.13772,0.180354,0.144904,0.100423,0.169889,0.0215516,0.121309,0.12385,1600,0
0.05,0.75,1,50000,0.14665,0.177574,0.147198,0.0963195,0.165052,0.0106648,0.133835,0.122706,1600,0
0.15,0.75,1,0,0.125018,0.124885,0.124733,0.12447,0.125357,0.125208,0.125123,0.125207,1600,0
0.15,0.75,1,1000,0.122959,0.193011,0.128645,0.112412,0.153899,0.0347848,0.121559,0.132731,1600,0
0.15,0.75,1,2000,0.129193,0.186848,0.137064,0.0959434,0.177645,0.0132641,0.13294,0.127102,1600,0
0.15,0.75,1,3000,0.136754,0.192784,0.138611,0.0916953,0.18283,0.00681875,0.137152,0.113354,1600,0
0.15,0.75,1,5000,0.143152,0.186107,0.141239,0.0899055,0.185622,0.000778516,0.139502,0.113693,1600,0
0.15,0.75,1,7000,0.143691,0.191455,0.145492,0.0846453,0.182497,0.000125391,0.139402,0.112692,1600,0
0.15,0.75,1,10000,0.140503,0.189392,0.14278,0.0894473,0.187548,0,0.143798,0.106531,1600,0
0.15,0.75,1,25000,0.141119,0.181548,0.141995,0.0907906,0.184361,0,0.143787,0.116399,1600,0
0.15,0.75,1,50000,0.144426,0.189888,0.141982,0.0878352,0.186704,0,0.140891,0.108273,1600,0
0.1,0.75,1,0,0.124688,0.124905,0.12493,0.125265,0.125185,0.125351,0.124567,0.125109,1600,0
0.1,0.75,1,1000,0.116663,0.189645,0.123907,0.111402,0.139148,0.0538016,0.114232,0.151201,1600,0
0.1,0.75,1,2000,0.13128,0.183258,0.133668,0.100489,0.167296,0.0213074,0.125736,0.136965,1600,0
0.1,0.75,1,3000,0.138986,0.188682,0.137886,0.0963379,0.178813,0.0123582,0.131147,0.11579,1600,0
0.1,0.75,1,5000,0.144559,0.179815,0.145673,0.0866879,0.185388,0.00352344,0.143792,0.110561,1600,0
0.1,0.75,1,7000,0.142173,0.182058,0.148353,0.0925262,0.178449,0.00156836,0.139595,0.115277,1600,0
0.1,0.75,1,10000,0.147082,0.175865,0.151232,0.0912297,0.176569,0.000276172,0.142236,0.115511,1600,0
0.1,0.75,1,25000,0.142988,0.18337,0.147301,0.0836105,0.18594,0,0.143843,0.112947,1600,0
0.1,0.75,1,50000,0.146762,0.182549,0.153445,0.0898168,0.173208,0,0.141203,0.113017,1600,0
0.2,0.75,1,0,0.124852,0.124973,0.124802,0.125032,0.125042,0.124821,0.125355,0.125123,1600,0
0.2,0.75,1,1000,0.117095,0.200579,0.124966,0.109791,0.159337,0.0322344,0.125714,0.130284,1600,0
0.2,0.75,1,2000,0.127837,0.193256,0.134726,0.0960367,0.170614,0.0141102,0.142323,0.121096,1600,0
0.2,0.75,1,3000,0.131469,0.192375,0.133821,0.093173,0.180994,0.00701367,0.13658,0.124575,1600,0
0.2,0.75,1,5000,0.133381,0.194401,0.139856,0.08515,0.184398,0.000953516,0.144854,0.117006,1600,0
0.2,0.75,1,7000,0.132591,0.195805,0.143732,0.0850223,0.188468,0,0.143368,0.111013,1600,0
0.2,0.75,1,10000,0.132054,0.194158,0.13642,0.0877117,0.185112,0,0.152193,0.112351,1600,0
0.2,0.75,1,25000,0.133863,0.194214,0.139004,0.0858145,0.18415,0,0.145773,0.117181,1600,0
0.2,0.75,1,50000,0.134193,0.191976,0.137222,0.0858941,0.191817,0,0.14548,0.113418,1600,0
0.15,0.75,1,0,0.125034,0.125034,0.124918,0.124658,0.125214,0.124952,0.125117,0.125072,1600,0
0.15,0.75,1,1000,0.122926,0.193252,0.125676,0.104034,0.148691,0.0388621,0.128557,0.138001,1600,0
0.15,0.75,1,2000,0.129066,0.187058,0.139374,0.0964598,0.167851,0.017743,0.135071,0.127377,1600,0
0.15,0.75,1,3000,0.136479,0.190793,0.142588,0.092748,0.172698,0.0101367,0.137866,0.116691,1600,0
0.15,0.75,1,5000,0.139711,0.185477,0.140089,0.0858938,0.186449,0.00247383,0.148471,0.111434,1600,0
0.15,0.75,1,7000,0.140723,0.184307,0.145869,0.0952641,0.181684,0.00115703,0.139212,0.111783,1600,0
0.15,0.75,1,10000,0.144998,0.189787,0.139338,0.0880438,0.181011,0,0.146027,0.110796,1600,0
0.15,0.75,1,25000,0.141686,0.192356,0.142907,0.0872945,0.186377,0,0.138387,0.110992,1600,0
0.15,0.75,1,50000,0.146479,0.187417,0.141704,0.0868684,0.182731,0,0.145227,0.109573,1600,0
0.2,0.75,1,0,0.125093,0.125197,0.125312,0.125164,0.124515,0.124972,0.124873,0.124874,1600,0
0.2,0.75,1,1000,0.114789,0.202673,0.122571,0.106276,0.160061,0.030659,0.126117,0.136854,1600,0
0.2,0.75,1,2000,0.124811,0.192794,0.131942,0.0952359,0.176857,0.0124703,0.140671,0.125219,1600,0
0.2,0.75,1,3000,0.129483,0.196514,0.132807,0.0966906,0.181771,0.00859883,0.138334,0.1158,1600,0
0.2,0.75,1,5000,0.130563,0.191989,0.136432,0.0868562,0.195683,0.00244844,0.144106,0.111922,1600,0
0.2,0.75,1,7000,0.129698,0.187356,0.141783,0.0883148,0.189782,0.000391406,0.144339,0.118335,1600,0
0.2,0.75,1,10000,0.128941,0.194582,0.135007,0.0856598,0.197969,0,0.145302,0.11254,1600,0
0.2,0.75,1,25000,0.137191,0.188529,0.136284,0.0885973,0.189503,0,0.142254,0.117641,1600,0
0.2,0.75,1,50000,0.131779,0.198736,0.13829,0.0861871,0.194686,0,0.142365,0.107957,1600,0
0.25,0.75,1,0,0.124986,0.124969,0.125035,0.124667,0.125202,0.125,0.12517,0.124972,1600,0
0.25,0.75,1,1000,0.104586,0.205005,0.119754,0.100059,0.159062,0.0370527,0.131579,0.142903,1600,0
0.25,0.75,1,2000,0.119588,0.200596,0.122739,0.0930203,0.187495,0.0121625,0.138378,0.126021,1600,0
0.25,0.75,1,3000,0.126567,0.19762,0.127251,0.0878207,0.194797,0.00557812,0.144473,0.115893,1600,0
0.25,0.75,1,5000,0.122388,0.19652,0.128026,0.0835609,0.207437,0.000512109,0.144106,0.11745,1600,0
0.25,0.75,1,7000,0.127245,0.196632,0.131667,0.0861891,0.200189,0,0.146504,0.111574,1600,0
0.25,0.75,1,10000,0.11967,0.197999,0.130591,0.0832914,0.206948,0,0.15025,0.111251,1600,0
0.25,0.75,1,25000,0.132039,0.195336,0.132095,0.0855359,0.192487,0,0.148816,0.11369,1600,0
0.25,0.75,1,50000,0.124194,0.198533,0.132892,0.0871477,0.192332,0,0.147532,0.117368,1600,0
0.25,0.75,1,0,0.12532,0.125012,0.124829,0.124879,0.125048,0.125114,0.125167,0.124631,1600,0
0.25,0.75,1,1000,0.107922,0.206544,0.110234,0.109193,0.170549,0.0377426,0.125377,0.132438,1600,0
0.25,0.75,1,2000,0.120075,0.195658,0.132773,0.0847863,0.1879,0.0117313,0.142501,0.124575,1600,0
0.25,0.75,1,3000,0.120307,0.202032,0.126462,0.0867586,0.197996,0.0049707,0.140326,0.121148,1600,0
0.25,0.75,1,5000,0.122565,0.193924,0.133914,0.0851254,0.202648,0.000832031,0.1488,0.112192,1600,0
0.25,0.75,1,7000,0.124066,0.200659,0.130953,0.0831473,0.200284,0,0.149665,0.111225,1600,0
0.25,0.75,1,10000,0.129241,0.199725,0.136271,0.0842488,0.195007,0,0.143621,0.111886,1600,0
0.25,0.75,1,25000,0.132529,0.200593,0.13109,0.0895547,0.178707,0,0.148665,0.118861,1600,0
0.25,0.75,1,50000,0.125741,0.193857,0.133666,0.085598,0.196545,0,0.150062,0.11453,1600,0
0.3,0.75,1,0,0.125159,0.12478,0.125082,0.12492,0.125035,0.124962,0.124876,0.125186,1600,0
0.3,0.75,1,1000,0.0885937,0.214002,0.100894,0.115221,0.151582,0.0544523,0.122894,0.152361,1600,0
0.3,0.75,1,2000,0.104864,0.209326,0.115926,0.0927281,0.181238,0.023643,0.136645,0.135629,1600,0
0.3,0.75,1,3000,0.105485,0.207016,0.116057,0.0872555,0.191298,0.011523,0.155524,0.125842,1600,0
0.3,0.75,1,5000,0.115054,0.207264,0.125831,0.0818715,0.201399,0.00446797,0.144534,0.119579,1600,0
0.3,0.75,1,7000,0.111238,0.213062,0.123206,0.0827273,0.204439,0.000869922,0.146243,0.118214,1600,0
0.3,0.75,1,10000,0.11695,0.204635,0.122084,0.0823008,0.205725,0,0.156039,0.112268,1600,0
0.3,0.75,1,25000,0.113389,0.208123,0.124389,0.0818004,0.208665,0,0.148566,0.115067,1600,0
0.3,0.75,1,50000,0.113986,0.207818,0.125665,0.0832418,0.1973,0,0.156816,0.115173,1600,0
0.3,0.75,1,0,0.124959,0.124923,0.124957,0.124826,0.12522,0.124545,0.125363,0.125206,1600,0
0.3,0.75,1,1000,0.0883906,0.217671,0.107323,0.106728,0.161133,0.0472945,0.121465,0.149994,1600,0
0.3,0.75,1,2000,0.109929,0.206607,0.12299,0.093291,0.181661,0.0175613,0.14079,0.127171,1600,0
0.3,0.75,1,3000,0.108745,0.2037,0.119129,0.0925293,0.198669,0.0085207,0.139246,0.129461,1600,0
0.3,0.75,1,5000,0.113141,0.205692,0.124446,0.0848238,0.198535,0.00149805,0.155086,0.116777,1600,0
0.3,0.75,1,7000,0.110004,0.207677,0.127201,0.0787359,0.204964,0,0.154661,0.116757,1600,0
0.3,0.75,1,10000,0.107596,0.204673,0.124961,0.0827438,0.220648,0,0.149027,0.11035,1600,0
0.3,0.75,1,25000,0.115179,0.202796,0.124281,0.0843582,0.207966,0,0.153539,0.11188,1600,0
0.3,0.75,1,50000,0.109914,0.207223,0.125006,0.0812074,0.213523,0,0.150976,0.11215,1600,0
0.35,0.75,1,0,0.124972,0.125031,0.12507,0.12504,0.125127,0.125107,0.125181,0.124472,1600,0
0.35,0.75,1,1000,0.072002,0.227962,0.0841934,0.126447,0.142478,0.0787379,0.104944,0.163236,1600,0
0.35,0.75,1,2000,0.0786063,0.218388,0.0948004,0.120245,0.152474,0.0602887,0.116798,0.1584,1600,0
0.35,0.75,1,3000,0.0833348,0.232441,0.0954355,0.108475,0.166325,0.0449434,0.122739,0.146307,1600,0
0.35,0.75,1,5000,0.086727,0.225523,0.0972195,0.097182,0.182354,0.0319875,0.137787,0.14122,1600,0
0.35,0.75,1,7000,0.0898633,0.221534,0.107408,0.093241,0.191179,0.0253031,0.136591,0.13488,1600,0
0.35,0.75,1,10000,0.0937648,0.220172,0.107986,0.0921945,0.194622,0.0193254,0.138965,0.13297,1600,0
0.35,0.75,1,25000,0.0946648,0.219193,0.113736,0.0843223,0.207872,0.0105613,0.143661,0.12599,1600,0
0.35,0.75,1,50000,0.1097,0.214851,0.121788,0.0775395,0.217274,0,0.143575,0.115273,1600,0
0.35,0.75,1,0,0.125061,0.12492,0.125124,0.125098,0.125,0.125242,0.124845,0.124709,1600,0
0.35,0.75,1,1000,0.0662391,0.231583,0.0828875,0.133995,0.138569,0.0793383,0.103465,0.163923,1600,0
0.35,0.75,1,2000,0.0774672,0.23018,0.0912156,0.122846,0.144081,0.067359,0.112654,0.154198,1600,0
0.35,0.75,1,3000,0.0853988,0.2195,0.100543,0.112425,0.158458,0.0549156,0.116159,0.152602,1600,0
0.35,0.75,1,5000,0.0877418,0.220481,0.104607,0.10352,0.172163,0.0388027,0.132859,0.139825,1600,0
0.35,0.75,1,7000,0.0877105,0.224358,0.103997,0.102206,0.176127,0.0347453,0.135255,0.135601,1600,0
0.35,0.75,1,10000,0.0899176,0.225374,0.102108,0.0939039,0.197734,0.0196719,0.138084,0.133207,1600,0
0.35,0.75,1,25000,0.103748,0.217703,0.123942,0.0769219,0.215063,0,0.149875,0.112746,1600,0
0.35,0.75,1,50000,0.107482,0.217157,0.121391,0.0792594,0.207661,0,0.150625,0.116425,1600,0
0.4,0.75,1,0,0.124752,0.125157,0.125253,0.124914,0.124577,0.125388,0.1247,0.125259,1600,0
0.4,0.75,1,1000,0.0439676,0.243079,0.0591195,0.15404,0.111033,0.114593,0.0911668,0.183001,1600,0
0.4,0.75,1,2000,0.0319527,0.248927,0.0358512,0.188918,0.0697555,0.162746,0.0566707,0.205179,1600,0
0.4,0.75,1,3000,0.0165422,0.247179,0.0216625,0.216254,0.0396973,0.202643,0.0294922,0.22653,1600,0
0.4,0.75,1,5000,0.0016793,0.25437,0.00175312,0.241773,0.00437891,0.241559,0.00287227,0.251614,1600,0
0.4,0.75,1,7000,0,0.248321,0,0.250985,0,0.25712,0,0.243575,1600,0
0.4,0.75,1,10000,0,0.246372,0,0.251783,0,0.253002,0,0.248844,1600,0
0.4,0.75,1,25000,0,0.248836,0,0.250069,0,0.253978,0,0.247117,1600,0
0.4,0.75,1,50000,0,0.250894,0,0.252311,0,0.248064,0,0.248731,1600,0
0,0.75,1,0,0.12489,0.125154,0.124845,0.125309,0.125067,0.124768,0.125074,0.124893,1600,0
0,0.75,1,1000,0.00220078,0.38863,0.00602617,0.224421,0.0614625,0.0852168,0.0224156,0.209627,1600,780
0,0.75,1,2000,0.00220078,0.38863,0.00602617,0.224421,0.0614625,0.0852168,0.0224156,0.209627,1600,780
0,0.75,1,3000,0.00220078,0.38863,0.00602617,0.224421,0.0614625,0.0852168,0.0224156,0.209627,1600,780
0,0.75,1,5000,0.00220078,0.38863,0.00602617,0.224421,0.0614625,0.0852168,0.0224156,0.209627,1600,780
0,0.75,1,7000,0.00220078,0.38863,0.00602617,0.224421,0.0614625,0.0852168,0.0224156,0.209627,1600,780
0,0.75,1,10000,0.00220078,0.38863,0.00602617,0.224421,0.0614625,0.0852168,0.0224156,0.209627,1600,780
0,0.75,1,25000,0.00220078,0.38863,0.00602617,0.224421,0.0614625,0.0852168,0.0224156,0.209627,1600,780
0,0.75,1,50000,0.00220078,0.38863,0.00602617,0.224421,0.0614625,0.0852168,0.0224156,0.209627,1600,780
0.4,0.75,1,0,0.124849,0.124725,0.12553,0.124986,0.124976,0.125141,0.124773,0.125021,1600,0
0.4,0.75,1,1000,0.0371891,0.24307,0.0460281,0.173783,0.0834691,0.143921,0.0695707,0.202969,1600,0
0.4,0.75,1,2000,0.0155039,0.253129,0.0224719,0.208487,0.0451793,0.19678,0.0329594,0.22549,1600,0
0.4,0.75,1,3000,0.00829102,0.24699,0.00908594,0.244529,0.0198016,0.223621,0.0155125,0.232169,1600,0
0.4,0.75,1,5000,0.000805859,0.251477,0.000361719,0.247338,0.0025457,0.246021,0.00143594,0.250015,1600,0
0.4,0.75,1,7000,0,0.245691,0,0.251824,0,0.252824,0,0.249661,1600,0
0.4,0.75,1,10000,0,0.250104,0,0.251173,0,0.248738,0,0.249986,1600,0
0.4,0.75,1,25000,0,0.251858,0,0.248564,0,0.251729,0,0.247849,1600,0
0.4,0.75,1,50000,0,0.249292,0,0.25365,0,0.25177,0,0.245288,1600,0
0,0.75,1,0,0.125165,0.124614,0.124899,0.124991,0.124695,0.124991,0.125289,0.125356,1600,0
0,0.75,1,1000,0.00223477,0.394995,0.00600898,0.217931,0.0633211,0.0839242,0.0221488,0.209436,1600,540
0,0.75,1,2000,0.00223477,0.394995,0.00600898,0.217931,0.0633211,0.0839242,0.0221488,0.209436,1600,540
0,0.75,1,3000,0.00223477,0.394995,0.00600898,0.217931,0.0633211,0.0839242,0.0221488,0.209436,1600,540
0,0.75,1,5000,0.00223477,0.394995,0.00600898,0.217931,0.0633211,0.0839242,0.0221488,0.209436,1600,540
0,0.75,1,7000,0.00223477,0.394995,0.00600898,0.217931,0.0633211,0.0839242,0.0221488,0.209436,1600,540
0,0.75,1,10000,0.00223477,0.394995,0.00600898,0.217931,0.0633211,0.0839242,0.0221488,0.209436,1600,540
0,0.75,1,25000,0.00223477,0.394995,0.00600898,0.217931,0.0633211,0.0839242,0.0221488,0.209436,1600,540
0,0.75,1,50000,0.00223477,0.394995,0.00600898,0.217931,0.0633211,0.0839242,0.0221488,0.209436,1600,540
0.05,0.75,1,0,0.125396,0.125158,0.124616,0.124814,0.125211,0.125166,0.124561,0.125077,1600,0
0.05,0.75,1,1000,0.0839855,0.201486,0.0943742,0.146701,0.096766,0.114329,0.0807016,0.181656,1600,0
0.05,0.75,1,2000,0.106956,0.192268,0.120167,0.128793,0.131027,0.069482,0.101187,0.15012,1600,0
0.05,0.75,1,3000,0.114768,0.191016,0.125877,0.120177,0.135939,0.0529234,0.10964,0.149661,1600,0
0.05,0.75,1,5000,0.131251,0.187732,0.12898,0.120201,0.150864,0.0351023,0.114614,0.131254,1600,0
0.05,0.75,1,7000,0.132691,0.187691,0.1358,0.111142,0.145459,0.0333773,0.113913,0.139928,1600,0
0.05,0.75,1,10000,0.133468,0.189075,0.136679,0.105707,0.157023,0.0327211,0.112834,0.132493,1600,0
0.05,0.75,1,25000,0.14424,0.182615,0.143328,0.100691,0.161788,0.0159633,0.123329,0.128047,1600,0
0.05,0.75,1,50000,0.14358,0.185193,0.144559,0.098368,0.163801,0.0136918,0.125915,0.124892,1600,0
0.1,0.75,1,0,0.125098,0.125029,0.124971,0.125087,0.125057,0.124923,0.124636,0.125199,1600,0
0.1,0.75,1,1000,0.118378,0.19275,0.122298,0.114695,0.142972,0.0525184,0.111682,0.144707,1600,0
0.1,0.75,1,2000,0.130908,0.185742,0.134012,0.102648,0.166045,0.0227461,0.127768,0.130132,1600,0
0.1,0.75,1,3000,0.142233,0.182914,0.137856,0.093834,0.174333,0.0120559,0.132731,0.124042,1600,0
0.1,0.75,1,5000,0.14278,0.176492,0.145984,0.0950895,0.18128,0.00642539,0.136361,0.115588,1600,0
0.1,0.75,1,7000,0.140697,0.181872,0.148646,0.0937402,0.182794,0.00454141,0.136733,0.110976,1600,0
0.1,0.75,1,10000,0.143286,0.180312,0.149193,0.0880523,0.183004,0.0013207,0.139727,0.115105,1600,0
0.1,0.75,1,25000,0.146486,0.17524,0.151659,0.0934395,0.174554,0,0.140767,0.117854,1600,0
0.1,0.75,1,50000,0.14898,0.179783,0.147772,0.0867555,0.181288,0,0.142548,0.112874,1600,0
0.1,0.75,1,0,0.125123,0.125012,0.125184,0.124766,0.124861,0.124922,0.125006,0.125126,1600,0
0.1,0.75,1,1000,0.117726,0.193757,0.124844,0.113485,0.14487,0.046323,0.116011,0.142984,1600,0
0.1,0.75,1,2000,0.136967,0.185434,0.136409,0.0955387,0.16059,0.0208883,0.133051,0.131122,1600,0
0.1,0.75,1,3000,0.143064,0.184846,0.143186,0.0895867,0.166184,0.0113398,0.135853,0.125941,1600,0
0.1,0.75,1,5000,0.14562,0.180884,0.144267,0.0894926,0.17674,0.00402422,0.138393,0.12058,1600,0
0.1,0.75,1,7000,0.144199,0.183395,0.140124,0.0906398,0.18388,0.00180859,0.137462,0.118492,1600,0
0.1,0.75,1,10000,0.145464,0.179171,0.148399,0.0918605,0.178911,0.000392578,0.140251,0.115549,1600,0
0.1,0.75,1,25000,0.151368,0.185845,0.148636,0.0874145,0.178027,0,0.138838,0.109871,1600,0
0.1,0.75,1,50000,0.154234,0.178452,0.147341,0.0852621,0.184264,0,0.140568,0.109879,1600,0
0.15,0.75,1,0,0.124839,0.125189,0.124845,0.12495,0.124996,0.125105,0.125326,0.12475,1600,0
0.15,0.75,1,1000,0.116851,0.191315,0.126989,0.108107,0.157005,0.0351855,0.123413,0.141134,1600,0
0.15,0.75,1,2000,0.133997,0.188008,0.139296,0.0960957,0.174411,0.0116781,0.13675,0.119764,1600,0
0.15,0.75,1,3000,0.136293,0.187249,0.141994,0.0887293,0.180583,0.00575586,0.143293,0.116102,1600,0
0.15,0.75,1,5000,0.140282,0.180728,0.142645,0.0871695,0.189193,0.00246602,0.144936,0.112581,1600,0
0.15,0.75,1,7000,0.143759,0.186583,0.14327,0.0914172,0.175607,0.0001375,0.144284,0.114943,1600,0
0.15,0.75,1,10000,0.137036,0.188136,0.145733,0.0918645,0.185311,0,0.14324,0.10868,1600,0
0.15,0.75,1,25000,0.143681,0.190996,0.141151,0.0882617,0.180661,0,0.142619,0.11263,1600,0
0.15,0.75,1,50000,0.143803,0.187735,0.140518,0.0926691,0.184248,0,0.137432,0.113595,1600,0
0.15,0.75,1,0,0.125216,0.124695,0.124899,0.124751,0.125141,0.125071,0.125005,0.125221,1600,0
0.15,0.75,1,1000,0.116817,0.192316,0.129132,0.112429,0.152685,0.0358023,0.122305,0.138513,1600,0
0.15,0.75,1,2000,0.131518,0.192469,0.138485,0.0933371,0.171271,0.0160363,0.135662,0.121221,1600,0
0.15,0.75,1,3000,0.141321,0.186929,0.136463,0.0903297,0.180768,0.00559844,0.140844,0.117747,1600,0
0.15,0.75,1,5000,0.139712,0.183382,0.141499,0.090559,0.185198,0.00322539,0.141619,0.114805,1600,0
0.15,0.75,1,7000,0.146004,0.179632,0.142078,0.0862664,0.182068,0.000435547,0.149434,0.114082,1600,0
0.15,0.75,1,10000,0.138841,0.184309,0.141476,0.0819637,0.19258,0,0.143223,0.117607,1600,0
0.15,0.75,1,25000,0.142315,0.187213,0.148833,0.0865992,0.179732,0,0.140296,0.115012,1600,0
0.15,0.75,1,50000,0.137141,0.187566,0.139472,0.0911848,0.184956,0,0.145665,0.114015,1600,0
0.2,0.75,1,0,0.124684,0.124978,0.125183,0.125043,0.124759,0.125027,0.12521,0.125117,1600,0
0.2,0.75,1,1000,0.113311,0.1938,0.126984,0.0999641,0.164525,0.0334586,0.128336,0.139621,1600,0
0.2,0.75,1,2000,0.126921,0.189116,0.134056,0.0953848,0.17114,0.0163063,0.138884,0.128191,1600,0
0.2,0.75,1,3000,0.128886,0.195126,0.135318,0.0904172,0.187455,0.00705039,0.141904,0.113844,1600,0
0.2,0.75,1,5000,0.133698,0.197706,0.1398,0.0823629,0.188991,0.00211016,0.143027,0.112304,1600,0
0.2,0.75,1,7000,0.131487,0.192241,0.134329,0.0860656,0.184727,0.000925,0.153573,0.116652,1600,0
0.2,0.75,1,10000,0.138643,0.188549,0.140009,0.0845117,0.184103,0,0.144909,0.119277,1600,0
0.2,0.75,1,25000,0.137463,0.184309,0.138352,0.0843258,0.198133,0,0.145767,0.111651,1600,0
0.2,0.75,1,50000,0.13513,0.187493,0.133266,0.087473,0.194055,0,0.14813,0.114453,1600,0
0.25,0.75,1,0,0.124934,0.124854,0.125099,0.125149,0.124943,0.125254,0.124785,0.124984,1600,0
0.25,0.75,1,1000,0.1056,0.20102,0.114296,0.110205,0.163916,0.0347168,0.127793,0.142454,1600,0
0.25,0.75,1,2000,0.12053,0.204239,0.124294,0.0949949,0.184259,0.0129816,0.135725,0.122977,1600,0
0.25,0.75,1,3000,0.126138,0.199016,0.130039,0.0896156,0.187596,0.00506953,0.149014,0.113512,1600,0
0.25,0.75,1,5000,0.124655,0.194601,0.132765,0.0857078,0.194514,0.00324883,0.14911,0.115398,1600,0
0.25,0.75,1,7000,0.122832,0.200771,0.128264,0.0904836,0.191745,0.00384453,0.149514,0.112546,1600,0
0.25,0.75,1,10000,0.116453,0.204261,0.125012,0.0907074,0.207132,0.000411328,0.14548,0.110544,1600,0
0.25,0.75,1,25000,0.129487,0.199428,0.134617,0.0819215,0.192197,0,0.149199,0.11315,1600,0
0.25,0.75,1,50000,0.122048,0.195685,0.135624,0.0817117,0.201617,0,0.152916,0.110398,1600,0
0.2,0.75,1,0,0.124941,0.124932,0.12514,0.124746,0.12517,0.125111,0.125062,0.124898,1600,0
0.2,0.75,1,1000,0.112356,0.198436,0.121229,0.106039,0.165981,0.0317344,0.123611,0.140614,1600,0
0.2,0.75,1,2000,0.128938,0.192304,0.132367,0.0901449,0.18131,0.0123957,0.141805,0.120736,1600,0
0.2,0.75,1,3000,0.135604,0.191315,0.129685,0.0947949,0.18344,0.00560156,0.135642,0.123917,1600,0
0.2,0.75,1,5000,0.133859,0.191999,0.138526,0.0956055,0.182263,0.00212344,0.147332,0.108292,1600,0
0.2,0.75,1,7000,0.138697,0.190779,0.136746,0.0911754,0.187075,0.000462109,0.150191,0.104873,1600,0
0.2,0.75,1,10000,0.133779,0.192585,0.142692,0.0853754,0.191492,0,0.145325,0.108752,1600,0
0.2,0.75,1,25000,0.138453,0.191001,0.13804,0.0857434,0.18407,0,0.147025,0.115668,1600,0
0.2,0.75,1,50000,0.135648,0.186567,0.144587,0.0890363,0.184798,0,0.147455,0.111909,1600,0
