alpha,beta,gamma,mcs,s0,s1,s2,s3,s4,s5,s6,s7,length,stable
0,0.75,1,1000,0.00225469,0.392648,0.00562969,0.220278,0.0589031,0.0881797,0.021675,0.210431,800,950
0,0.75,1,2000,0.00225469,0.392648,0.00562969,0.220278,0.0589031,0.0881797,0.021675,0.210431,800,950
0,0.75,1,3000,0.00225469,0.392648,0.00562969,0.220278,0.0589031,0.0881797,0.021675,0.210431,800,950
0,0.75,1,5000,0.00225469,0.392648,0.00562969,0.220278,0.0589031,0.0881797,0.021675,0.210431,800,950
0,0.75,1,7000,0.00225469,0.392648,0.00562969,0.220278,0.0589031,0.0881797,0.021675,0.210431,800,950
0,0.75,1,10000,0.00225469,0.392648,0.00562969,0.220278,0.0589031,0.0881797,0.021675,0.210431,800,950
0,0.75,1,25000,0.00225469,0.392648,0.00562969,0.220278,0.0589031,0.0881797,0.021675,0.210431,800,950
0,0.75,1,50000,0.00225469,0.392648,0.00562969,0.220278,0.0589031,0.0881797,0.021675,0.210431,800,950
0.05,0.75,1,1000,0.0904078,0.195306,0.0900062,0.15648,0.106383,0.107614,0.0877688,0.166034,800,0
0.05,0.75,1,2000,0.126044,0.188992,0.1308,0.117117,0.13127,0.0480328,0.114766,0.142978,800,0
0.05,0.75,1,3000,0.123102,0.188925,0.134083,0.110517,0.150453,0.0418234,0.118608,0.132489,800,0
0.05,0.75,1,5000,0.140695,0.181467,0.144553,0.103759,0.16545,0.0164234,0.124147,0.123505,800,0
0.05,0.75,1,7000,0.156694,0.181406,0.146908,0.0954172,0.169112,0.0109109,0.117475,0.122077,800,0
0.05,0.75,1,10000,0.148595,0.185225,0.154631,0.0943453,0.170259,0.0058,0.126692,0.114452,800,0
0.05,0.75,1,25000,0.160069,0.170687,0.15378,0.0953281,0.180252,0,0.123644,0.116241,800,0
0.05,0.75,1,50000,0.158195,0.168217,0.147408,0.0865234,0.187883,0,0.133283,0.118491,800,0
0,0.75,1,1000,0.00224375,0.388213,0.00592813,0.232881,0.0580828,0.0877328,0.021,0.203919,800,950
0,0.75,1,2000,0.00224375,0.388213,0.00592813,0.232881,0.0580828,0.0877328,0.021,0.203919,800,950
0,0.75,1,3000,0.00224375,0.388213,0.00592813,0.232881,0.0580828,0.0877328,0.021,0.203919,800,950
0,0.75,1,5000,0.00224375,0.388213,0.00592813,0.232881,0.0580828,0.0877328,0.021,0.203919,800,950
0,0.75,1,7000,0.00224375,0.388213,0.00592813,0.232881,0.0580828,0.0877328,0.021,0.203919,800,950
0,0.75,1,10000,0.00224375,0.388213,0.00592813,0.232881,0.0580828,0.0877328,0.021,0.203919,800,950
0,0.75,1,25000,0.00224375,0.388213,0.00592813,0.232881,0.0580828,0.0877328,0.021,0.203919,800,950
0,0.75,1,50000,0.00224375,0.388213,0.00592813,0.232881,0.0580828,0.0877328,0.021,0.203919,800,950
0.1,0.75,1,1000,0.121889,0.182309,0.13707,0.117155,0.16163,0.0409438,0.110412,0.128591,800,0
0.1,0.75,1,2000,0.134241,0.180791,0.143256,0.0855375,0.176291,0.0175063,0.144516,0.117862,800,0
0.1,0.75,1,3000,0.140338,0.186427,0.142052,0.0926922,0.165492,0.0118922,0.137756,0.123352,800,0
0.1,0.75,1,5000,0.145428,0.172056,0.147061,0.0936484,0.193745,0.000521875,0.130536,0.117003,800,0
0.1,0.75,1,7000,0.14738,0.180044,0.155897,0.0810375,0.178666,0,0.142636,0.114341,800,0
0.1,0.75,1,10000,0.140288,0.172288,0.147284,0.0851984,0.205348,0,0.137319,0.112275,800,0
0.1,0.75,1,25000,0.148114,0.174017,0.148317,0.0902547,0.190602,0,0.132702,0.115994,800,0
0.1,0.75,1,50000,0.149816,0.180105,0.148236,0.0992484,0.175962,0,0.136861,0.109772,800,0
0.05,0.75,1,1000,0.0929203,0.194358,0.0961219,0.134959,0.104347,0.104705,0.0864156,0.186173,800,0
0.05,0.75,1,2000,0.123345,0.189775,0.122703,0.119289,0.130298,0.046875,0.106278,0.161436,800,0
0.05,0.75,1,3000,0.131073,0.175394,0.13193,0.111241,0.155825,0.0434641,0.110203,0.14087,800,0
0.05,0.75,1,5000,0.139745,0.187855,0.133313,0.112534,0.161495,0.0239562,0.115608,0.125494,800,0
0.05,0.75,1,7000,0.146728,0.190639,0.14207,0.105211,0.155258,0.0200375,0.116006,0.12405,800,0
0.05,0.75,1,10000,0.142462,0.183533,0.14427,0.0975781,0.173648,0.0157359,0.124566,0.118206,800,0
0.05,0.75,1,25000,0.151797,0.184923,0.146305,0.0979891,0.16395,0.006225,0.126511,0.1223,800,0
0.05,0.75,1,50000,0.15353,0.184953,0.161375,0.0802734,0.168097,0,0.135727,0.116045,800,0
0.15,0.75,1,1000,0.120441,0.177037,0.129231,0.104903,0.165959,0.0273578,0.133348,0.141722,800,0
0.15,0.75,1,2000,0.137567,0.195173,0.136231,0.0960766,0.181566,0.00855937,0.130634,0.114192,800,0
0.15,0.75,1,3000,0.134222,0.187875,0.150995,0.0980734,0.168656,0.00329844,0.138486,0.118394,800,0
0.15,0.75,1,5000,0.147866,0.184233,0.142531,0.0870422,0.187247,1.5625e-06,0.14568,0.1054,800,0
0.15,0.75,1,7000,0.134786,0.191116,0.1404,0.0883469,0.185394,0,0.147462,0.112495,800,0
0.15,0.75,1,10000,0.144933,0.178103,0.138272,0.0934813,0.186812,0,0.143588,0.114811,800,0
0.15,0.75,1,25000,0.141314,0.185792,0.136883,0.0891266,0.188775,0,0.139011,0.119098,800,0
0.15,0.75,1,50000,0.133975,0.188144,0.14518,0.0805953,0.1987,0,0.136358,0.117048,800,0
0.1,0.75,1,1000,0.116352,0.197691,0.131417,0.110353,0.139091,0.0397016,0.110934,0.154461,800,0
0.1,0.75,1,2000,0.132852,0.178155,0.143712,0.103477,0.170508,0.0140219,0.12925,0.128025,800,0
0.1,0.75,1,3000,0.136838,0.173411,0.140242,0.0908156,0.188103,0.0126781,0.125169,0.132744,800,0
0.1,0.75,1,5000,0.151164,0.18033,0.142367,0.0910438,0.187273,0.000828125,0.138861,0.108133,800,0
0.1,0.75,1,7000,0.145897,0.18982,0.143967,0.0828922,0.177927,0.00129844,0.139075,0.119123,800,0
0.1,0.75,1,10000,0.149195,0.168302,0.152475,0.0908016,0.18973,0,0.142184,0.107313,800,0
0.1,0.75,1,25000,0.157331,0.184883,0.146941,0.0824437,0.179012,0,0.135734,0.113655,800,0
0.1,0.75,1,50000,0.159723,0.176545,0.151623,0.0924734,0.168208,0,0.134348,0.117078,800,0
0.2,0.75,1,1000,0.115767,0.189612,0.126923,0.0982297,0.166705,0.0305391,0.131486,0.140737,800,0
0.2,0.75,1,2000,0.131347,0.198656,0.147423,0.0913734,0.165403,0.0132031,0.137961,0.114633,800,0
0.2,0.75,1,3000,0.129591,0.183336,0.140789,0.0902359,0.186566,0.00460781,0.151272,0.113603,800,0
0.2,0.75,1,5000,0.131089,0.190569,0.133455,0.0890453,0.192484,0,0.147831,0.115527,800,0
0.2,0.75,1,7000,0.129341,0.19062,0.136992,0.08765,0.19678,0,0.148231,0.110386,800,0
0.2,0.75,1,10000,0.13272,0.196709,0.146109,0.0862047,0.187603,0,0.14275,0.107903,800,0
0.2,0.75,1,25000,0.140744,0.196466,0.129689,0.0829797,0.182103,0,0.154009,0.114009,800,0
0.2,0.75,1,50000,0.135223,0.188133,0.136494,0.0893453,0.190352,0,0.143873,0.11658,800,0
0.15,0.75,1,1000,0.119458,0.192392,0.131136,0.105994,0.160783,0.035225,0.120605,0.134408,800,0
0.15,0.75,1,2000,0.142284,0.195408,0.132558,0.0879266,0.163817,0.00806562,0.145667,0.124273,800,0
0.15,0.75,1,3000,0.138111,0.183322,0.145858,0.0876578,0.183566,0.00354531,0.145283,0.112658,800,0
0.15,0.75,1,5000,0.137092,0.188141,0.14112,0.0963531,0.192716,0.000129688,0.133225,0.111223,800,0
0.15,0.75,1,7000,0.145389,0.187427,0.14297,0.0824328,0.196828,0,0.139195,0.105758,800,0
0.15,0.75,1,10000,0.140608,0.189927,0.142589,0.0920422,0.169819,0,0.145436,0.11958,800,0
0.15,0.75,1,25000,0.140369,0.187734,0.137495,0.0845125,0.188467,0,0.143206,0.118216,800,0
0.15,0.75,1,50000,0.139513,0.188494,0.140644,0.0845422,0.184541,0,0.153266,0.109002,800,0
0.25,0.75,1,1000,0.111573,0.189056,0.124522,0.100623,0.174069,0.0336562,0.129772,0.136728,800,0
0.25,0.75,1,2000,0.118459,0.197864,0.126733,0.0887016,0.186273,0.0100938,0.148353,0.123522,800,0
0.25,0.75,1,3000,0.133087,0.2013,0.133756,0.0941297,0.175853,0.00521406,0.139348,0.117311,800,0
0.25,0.75,1,5000,0.123675,0.210239,0.135263,0.0784422,0.200041,0.000704688,0.146714,0.104922,800,0
0.25,0.75,1,7000,0.127691,0.189128,0.1315,0.0894328,0.210097,0,0.142538,0.109614,800,0
0.25,0.75,1,10000,0.131677,0.203486,0.136436,0.0867359,0.183384,0,0.143586,0.114695,800,0
0.25,0.75,1,25000,0.122444,0.186006,0.137467,0.0848406,0.201513,0,0.158484,0.109245,800,0
0.25,0.75,1,50000,0.128952,0.202987,0.140637,0.0755516,0.1845,0,0.156586,0.110786,800,0
0.2,0.75,1,1000,0.121111,0.203469,0.119027,0.0972547,0.156823,0.0350594,0.126395,0.140861,800,0
0.2,0.75,1,2000,0.125231,0.191541,0.140542,0.102105,0.169311,0.00971719,0.132719,0.128834,800,0
0.2,0.75,1,3000,0.132667,0.188886,0.137902,0.0946484,0.192802,0.00156094,0.142495,0.109039,800,0
0.2,0.75,1,5000,0.124603,0.195783,0.134202,0.0851781,0.212017,0,0.144417,0.1038,800,0
0.2,0.75,1,7000,0.12867,0.193544,0.144139,0.0768563,0.196627,0,0.152622,0.107542,800,0
0.2,0.75,1,10000,0.137948,0.191391,0.146944,0.0915312,0.190523,0,0.146427,0.0952359,800,0
0.2,0.75,1,25000,0.129022,0.177473,0.13742,0.0888922,0.201942,0,0.144611,0.120639,800,0
0.2,0.75,1,50000,0.1396,0.184702,0.141408,0.0845906,0.180792,0,0.157644,0.111264,800,0
0.3,0.75,1,1000,0.0862672,0.203434,0.121223,0.11048,0.178842,0.0449656,0.112162,0.142625,800,0
0.3,0.75,1,2000,0.110734,0.214542,0.11047,0.0911141,0.189248,0.0266,0.129611,0.12768,800,0
0.3,0.75,1,3000,0.110673,0.189886,0.123333,0.0837406,0.200933,0.0101625,0.155883,0.125389,800,0
0.3,0.75,1,5000,0.118203,0.203631,0.127472,0.07985,0.19938,0.00365625,0.146522,0.121286,800,0
0.3,0.75,1,7000,0.108803,0.207617,0.120933,0.0828344,0.201578,0.00325156,0.147042,0.127941,800,0
0.3,0.75,1,10000,0.120059,0.209236,0.127928,0.0764937,0.208641,0,0.137212,0.12043,800,0
0.3,0.75,1,25000,0.10387,0.204666,0.131238,0.0752797,0.218419,0,0.155533,0.110995,800,0
0.3,0.75,1,50000,0.115991,0.206237,0.126634,0.0783516,0.214484,0,0.143097,0.115205,800,0
0.25,0.75,1,1000,0.120841,0.205888,0.106825,0.10183,0.166625,0.0294734,0.132509,0.136009,800,0
0.25,0.75,1,2000,0.112444,0.193764,0.128456,0.0864328,0.192008,0.00985156,0.150439,0.126605,800,0
0.25,0.75,1,3000,0.125647,0.204833,0.124781,0.0930484,0.198808,0.0055,0.143445,0.103938,800,0
0.25,0.75,1,5000,0.127463,0.196689,0.133572,0.0867547,0.200752,0,0.145723,0.109047,800,0
0.25,0.75,1,7000,0.122731,0.198336,0.128295,0.0870906,0.20507,0,0.150975,0.107502,800,0
0.25,0.75,1,10000,0.127834,0.20392,0.138384,0.0814234,0.190819,0,0.151381,0.106237,800,0
0.25,0.75,1,25000,0.126341,0.202237,0.134544,0.0850641,0.199511,0,0.140545,0.111758,800,0
0.25,0.75,1,50000,0.127809,0.187714,0.132386,0.0801109,0.201417,0,0.160413,0.11015,800,0
0.35,0.75,1,1000,0.0605094,0.229133,0.0789422,0.121789,0.123023,0.0883531,0.10305,0.1952,800,0
0.35,0.75,1,2000,0.075075,0.232628,0.0921687,0.12967,0.140303,0.0700797,0.0988703,0.161205,800,0
0.35,0.75,1,3000,0.0785891,0.223105,0.0916063,0.116802,0.162341,0.0590266,0.107675,0.160856,800,0
0.35,0.75,1,5000,0.0843172,0.220386,0.100358,0.0972531,0.176933,0.0371422,0.139661,0.14395,800,0
0.35,0.75,1,7000,0.0887797,0.221473,0.107744,0.0983469,0.184639,0.0286547,0.130133,0.14023,800,0
0.35,0.75,1,10000,0.0900406,0.221802,0.11562,0.0889125,0.202455,0.0195062,0.131248,0.130416,800,0
0.35,0.75,1,25000,0.10885,0.21773,0.115916,0.0778578,0.207664,0,0.147208,0.124775,800,0
0.35,0.75,1,50000,0.108961,0.218533,0.126775,0.0726484,0.212764,0,0.151692,0.108627,800,0
0.3,0.75,1,1000,0.093925,0.206606,0.101973,0.11663,0.148022,0.0510016,0.126227,0.155616,800,0
0.3,0.75,1,2000,0.114991,0.197733,0.121522,0.0839172,0.172487,0.0199594,0.143839,0.145552,800,0
0.3,0.75,1,3000,0.123603,0.185183,0.126898,0.0956078,0.196155,0.00826719,0.138459,0.125827,800,0
0.3,0.75,1,5000,0.115428,0.194933,0.133631,0.0781031,0.211448,0.000721875,0.145336,0.120398,800,0
0.3,0.75,1,7000,0.11475,0.211369,0.125295,0.0881859,0.197334,0,0.152956,0.110109,800,0
0.3,0.75,1,10000,0.120262,0.206906,0.128072,0.086575,0.209703,0,0.142398,0.106083,800,0
0.3,0.75,1,25000,0.116134,0.203491,0.128548,0.077525,0.207245,0,0.143772,0.123284,800,0
0.3,0.75,1,50000,0.118509,0.198884,0.122558,0.0808062,0.215328,0,0.143222,0.120692,800,0
0.4,0.75,1,1000,0.0268406,0.253661,0.0359594,0.1844,0.0588406,0.179517,0.0444641,0.216317,800,0
0.4,0.75,1,2000,0.00772969,0.245972,0.00783906,0.243916,0.0118578,0.228831,0.0130906,0.240764,800,0
0.4,0.75,1,3000,0.00020625,0.25243,0,0.250061,0.00114219,0.247578,0.000442187,0.248141,800,0
0.4,0.75,1,5000,0,0.241672,0,0.24913,0,0.259233,0,0.249966,800,0
0.4,0.75,1,7000,0,0.243512,0,0.257877,0,0.252144,0,0.246467,800,0
0.4,0.75,1,10000,0,0.252578,0,0.254689,0,0.246017,0,0.246716,800,0
0.4,0.75,1,25000,0,0.256422,0,0.243181,0,0.253053,0,0.247344,800,0
0.4,0.75,1,50000,0,0.246219,0,0.254639,0,0.250409,0,0.248733,800,0
0,0.75,1,1000,0.00191406,0.398294,0.00570469,0.214784,0.0622359,0.0814281,0.0199922,0.215647,800,500
0,0.75,1,2000,0.00191406,0.398294,0.00570469,0.214784,0.0622359,0.0814281,0.0199922,0.215647,800,500
0,0.75,1,3000,0.00191406,0.398294,0.00570469,0.214784,0.0622359,0.0814281,0.0199922,0.215647,800,500
0,0.75,1,5000,0.00191406,0.398294,0.00570469,0.214784,0.0622359,0.0814281,0.0199922,0.215647,800,500
0,0.75,1,7000,0.00191406,0.398294,0.00570469,0.214784,0.0622359,0.0814281,0.0199922,0.215647,800,500
0,0.75,1,10000,0.00191406,0.398294,0.00570469,0.214784,0.0622359,0.0814281,0.0199922,0.215647,800,500
0,0.75,1,25000,0.00191406,0.398294,0.00570469,0.214784,0.0622359,0.0814281,0.0199922,0.215647,800,500
0,0.75,1,50000,0.00191406,0.398294,0.00570469,0.214784,0.0622359,0.0814281,0.0199922,0.215647,800,500
0.35,0.75,1,1000,0.0624109,0.225844,0.0767531,0.140375,0.120887,0.0906922,0.104116,0.178922,800,0
0.35,0.75,1,2000,0.0744578,0.231436,0.0842391,0.12238,0.123886,0.0831031,0.10657,0.173928,800,0
0.35,0.75,1,3000,0.0714,0.222648,0.0873437,0.127609,0.133036,0.0802484,0.112898,0.164816,800,0
0.35,0.75,1,5000,0.0677875,0.227359,0.0792797,0.140264,0.115913,0.0911016,0.0999453,0.17835,800,0
0.35,0.75,1,7000,0.0602719,0.236991,0.0696766,0.146975,0.107678,0.117003,0.0746984,0.186706,800,0
0.35,0.75,1,10000,0.0479891,0.239997,0.059275,0.163725,0.110873,0.123778,0.0714578,0.182905,800,0
0.35,0.75,1,25000,0.0414594,0.229475,0.0494094,0.181002,0.0719484,0.157689,0.0617219,0.207295,800,0
0.35,0.75,1,50000,0,0.258102,0,0.247694,0,0.244511,0,0.249694,800,0
0.05,0.75,1,1000,0.088875,0.195744,0.095525,0.143716,0.117205,0.109278,0.084125,0.165533,800,0
0.05,0.75,1,2000,0.115122,0.200558,0.116831,0.12795,0.136645,0.0567906,0.104091,0.142013,800,0
0.05,0.75,1,3000,0.116495,0.182589,0.12035,0.119394,0.144961,0.051225,0.109778,0.155208,800,0
0.05,0.75,1,5000,0.142344,0.183642,0.144394,0.0984109,0.1543,0.019675,0.125197,0.132038,800,0
0.05,0.75,1,7000,0.136989,0.193339,0.149434,0.0980313,0.157656,0.0178656,0.1245,0.122184,800,0
0.05,0.75,1,10000,0.149234,0.178027,0.146158,0.0909969,0.161423,0.019075,0.121362,0.133723,800,0
0.05,0.75,1,25000,0.152789,0.177639,0.154292,0.0978203,0.180792,0,0.12543,0.111238,800,0
0.05,0.75,1,50000,0.14607,0.175144,0.154281,0.0878875,0.181811,0,0.134398,0.120408,800,0
0.4,0.75,1,1000,0.0312656,0.231634,0.0373812,0.203981,0.0585641,0.171652,0.0462953,0.219227,800,0
0.4,0.75,1,2000,0.00506875,0.260502,0.00693281,0.226622,0.0190359,0.227311,0.0143328,0.240195,800,0
0.4,0.75,1,3000,0,0.249325,0,0.247222,0.000264062,0.240592,0,0.262597,800,0
0.4,0.75,1,5000,0,0.246814,0,0.248302,0,0.254661,0,0.250223,800,0
0.4,0.75,1,7000,0,0.240561,0,0.25145,0,0.252683,0,0.255306,800,0
0.4,0.75,1,10000,0,0.246228,0,0.246959,0,0.252786,0,0.254027,800,0
0.4,0.75,1,25000,0,0.249386,0,0.250248,0,0.252642,0,0.247723,800,0
0.4,0.75,1,50000,0,0.244705,0,0.244069,0,0.249913,0,0.261314,800,0
0,0.75,1,1000,0.00197344,0.39373,0.00618281,0.221459,0.0622922,0.0808484,0.0214422,0.212072,800,450
0,0.75,1,2000,0.00197344,0.39373,0.00618281,0.221459,0.0622922,0.0808484,0.0214422,0.212072,800,450
0,0.75,1,3000,0.00197344,0.39373,0.00618281,0.221459,0.0622922,0.0808484,0.0214422,0.212072,800,450
0,0.75,1,5000,0.00197344,0.39373,0.00618281,0.221459,0.0622922,0.0808484,0.0214422,0.212072,800,450
0,0.75,1,7000,0.00197344,0.39373,0.00618281,0.221459,0.0622922,0.0808484,0.0214422,0.212072,800,450
0,0.75,1,10000,0.00197344,0.39373,0.00618281,0.221459,0.0622922,0.0808484,0.0214422,0.212072,800,450
0,0.75,1,25000,0.00197344,0.39373,0.00618281,0.221459,0.0622922,0.0808484,0.0214422,0.212072,800,450
0,0.75,1,50000,0.00197344,0.39373,0.00618281,0.221459,0.0622922,0.0808484,0.0214422,0.212072,800,450
0.1,0.75,1,1000,0.127509,0.189348,0.124884,0.119231,0.14125,0.0402766,0.116391,0.141109,800,0
0.1,0.75,1,2000,0.13158,0.191087,0.143798,0.0976172,0.159447,0.0165125,0.138272,0.121686,800,0
0.1,0.75,1,3000,0.154711,0.171525,0.145233,0.0972734,0.164542,0.00864844,0.13555,0.122517,800,0
0.1,0.75,1,5000,0.151814,0.17587,0.153512,0.0877047,0.185459,0.00240938,0.134158,0.109072,800,0
0.1,0.75,1,7000,0.144566,0.184275,0.152083,0.0819359,0.18308,0.000790625,0.13242,0.12085,800,0
0.1,0.75,1,10000,0.150672,0.177986,0.148284,0.0824234,0.183061,0,0.142252,0.115322,800,0
0.1,0.75,1,25000,0.144063,0.178939,0.140369,0.0884422,0.193341,0,0.136336,0.118511,800,0
0.1,0.75,1,50000,0.15017,0.180967,0.150511,0.0843828,0.168922,0,0.14243,0.122617,800,0
0.05,0.75,1,1000,0.0896609,0.194769,0.109555,0.146469,0.0966047,0.101264,0.0927328,0.168945,800,0
0.05,0.75,1,2000,0.119587,0.181792,0.124219,0.127309,0.137348,0.0520281,0.105252,0.152464,800,0
0.05,0.75,1,3000,0.120936,0.184298,0.130839,0.113534,0.152105,0.0414328,0.125136,0.131719,800,0
0.05,0.75,1,5000,0.140709,0.184453,0.144523,0.0975562,0.163298,0.0201359,0.123486,0.125837,800,0
0.05,0.75,1,7000,0.134392,0.177066,0.147144,0.0934734,0.167066,0.0224141,0.125052,0.133394,800,0
0.05,0.75,1,10000,0.148753,0.173606,0.150991,0.0994219,0.168827,0.00835469,0.130097,0.11995,800,0
0.05,0.75,1,25000,0.153641,0.183953,0.144425,0.10395,0.148392,0.00231562,0.132941,0.130383,800,0
0.05,0.75,1,50000,0.151159,0.182189,0.153262,0.0878828,0.152167,0,0.134728,0.138611,800,0
0.15,0.75,1,1000,0.116928,0.193263,0.134739,0.111311,0.164953,0.0299703,0.114684,0.134152,800,0
0.15,0.75,1,2000,0.137716,0.176555,0.146098,0.103033,0.161655,0.00854062,0.133477,0.132927,800,0
0.15,0.75,1,3000,0.144411,0.175503,0.144184,0.0904563,0.18238,0.00321406,0.141356,0.118495,800,0
0.15,0.75,1,5000,0.143705,0.170692,0.142747,0.0923937,0.193405,0.00102812,0.143394,0.112636,800,0
0.15,0.75,1,7000,0.144947,0.188767,0.143536,0.0912188,0.17768,0,0.138825,0.115027,800,0
0.15,0.75,1,10000,0.140434,0.192009,0.148616,0.0836672,0.184367,0,0.137609,0.113297,800,0
0.15,0.75,1,25000,0.142672,0.191858,0.140255,0.0920734,0.191127,0,0.12663,0.115386,800,0
0.15,0.75,1,50000,0.136547,0.179977,0.147706,0.0833437,0.20638,0,0.141336,0.104711,800,0
0.1,0.75,1,1000,0.119639,0.190037,0.138858,0.107214,0.142917,0.0534266,0.110497,0.137411,800,0
0.1,0.75,1,2000,0.138013,0.179555,0.146383,0.0904656,0.168861,0.0161859,0.144731,0.115806,800,0
0.1,0.75,1,3000,0.140397,0.173717,0.149012,0.0935984,0.175412,0.0086375,0.143134,0.116091,800,0
0.1,0.75,1,5000,0.132709,0.177308,0.144711,0.0945312,0.202817,0.00318125,0.138556,0.106186,800,0
0.1,0.75,1,7000,0.144866,0.178711,0.153842,0.0850703,0.179806,0.000557813,0.148541,0.108606,800,0
0.1,0.75,1,10000,0.14082,0.174986,0.152258,0.0849203,0.189975,0,0.142383,0.114658,800,0
0.1,0.75,1,25000,0.149794,0.18413,0.163378,0.0777125,0.182105,0,0.139853,0.103028,800,0
0.1,0.75,1,50000,0.142345,0.172439,0.149231,0.0835016,0.191195,0,0.142941,0.118347,800,0
0.2,0.75,1,1000,0.112047,0.201527,0.124139,0.108086,0.157213,0.0323375,0.130572,0.13408,800,0
0.2,0.75,1,2000,0.124273,0.181427,0.140662,0.0981031,0.181,0.0100719,0.145834,0.118628,800,0
0.2,0.75,1,3000,0.128667,0.183723,0.149977,0.0913406,0.173502,0.00566875,0.146327,0.120795,800,0
0.2,0.75,1,5000,0.13243,0.191505,0.1325,0.0894344,0.195922,0,0.145078,0.113131,800,0
0.2,0.75,1,7000,0.133713,0.191222,0.155025,0.0842406,0.178594,0,0.14978,0.107427,800,0
0.2,0.75,1,10000,0.132073,0.185194,0.142056,0.0823531,0.192844,0,0.147675,0.117805,800,0
0.2,0.75,1,25000,0.137622,0.188931,0.138184,0.0815859,0.19712,0,0.14717,0.109386,800,0
0.2,0.75,1,50000,0.122938,0.193003,0.140958,0.089775,0.189505,0,0.146992,0.11683,800,0
0.15,0.75,1,1000,0.127381,0.178803,0.137298,0.104284,0.158992,0.0329047,0.128473,0.131862,800,0
0.15,0.75,1,2000,0.137211,0.179577,0.151773,0.0945766,0.163572,0.00991094,0.144334,0.119045,800,0
0.15,0.75,1,3000,0.1404,0.190219,0.1421,0.0929344,0.179192,0.00513906,0.136623,0.113392,800,0
0.15,0.75,1,5000,0.139131,0.183337,0.141856,0.0919594,0.177358,0,0.147175,0.119183,800,0
0.15,0.75,1,7000,0.129831,0.195048,0.138727,0.0786859,0.189048,0,0.145989,0.12267,800,0
0.15,0.75,1,10000,0.139089,0.192167,0.146166,0.0954094,0.183075,0,0.136684,0.107409,800,0
0.15,0.75,1,25000,0.135602,0.178405,0.143923,0.0981359,0.17405,0,0.145884,0.124,800,0
0.15,0.75,1,50000,0.141858,0.185133,0.139945,0.0933578,0.185883,0,0.142492,0.111331,800,0
0.25,0.75,1,1000,0.112187,0.20215,0.114972,0.104581,0.157594,0.0299922,0.139002,0.139522,800,0
0.25,0.75,1,2000,0.11513,0.204992,0.122795,0.0844906,0.18015,0.0142281,0.15143,0.126784,800,0
0.25,0.75,1,3000,0.118688,0.20045,0.130864,0.0830812,0.192256,0.00404219,0.154606,0.116013,800,0
0.25,0.75,1,5000,0.129948,0.199036,0.134748,0.0890016,0.195339,0,0.14105,0.110877,800,0
0.25,0.75,1,7000,0.120216,0.206925,0.126192,0.0793172,0.204937,0,0.148359,0.114053,800,0
0.25,0.75,1,10000,0.11903,0.205402,0.123936,0.0892203,0.194769,0,0.149339,0.118305,800,0
0.25,0.75,1,25000,0.116572,0.197334,0.139383,0.0831406,0.185317,0,0.153203,0.12505,800,0
0.25,0.75,1,50000,0.122625,0.201119,0.1346,0.0852234,0.193497,0,0.149522,0.113414,800,0
0.2,0.75,1,1000,0.110583,0.185033,0.129077,0.108252,0.156889,0.0357766,0.139034,0.135356,800,0
0.2,0.75,1,2000,0.128419,0.177797,0.139309,0.0903703,0.187931,0.00442031,0.156931,0.114822,800,0
0.2,0.75,1,3000,0.13405,0.189575,0.131844,0.0882453,0.195698,0.00147188,0.144189,0.114927,800,0
0.2,0.75,1,5000,0.121919,0.184438,0.133592,0.0897328,0.212097,0,0.152695,0.105527,800,0
0.2,0.75,1,7000,0.133761,0.193614,0.136694,0.0863047,0.198752,0,0.144242,0.106633,800,0
0.2,0.75,1,10000,0.136136,0.185161,0.13635,0.0910203,0.205922,0,0.138445,0.106966,800,0
0.2,0.75,1,25000,0.1319,0.185963,0.139455,0.0800172,0.18902,0,0.155291,0.118355,800,0
0.2,0.75,1,50000,0.13145,0.19177,0.140916,0.0795125,0.186642,0,0.15772,0.111989,800,0
0.3,0.75,1,1000,0.0927594,0.215122,0.104516,0.107755,0.17743,0.0369078,0.122153,0.143358,800,0
0.3,0.75,1,2000,0.108934,0.208877,0.12083,0.0888875,0.18507,0.0170297,0.14842,0.121952,800,0
0.3,0.75,1,3000,0.103745,0.211869,0.123447,0.0769937,0.206828,0.008525,0.153395,0.115197,800,0
0.3,0.75,1,5000,0.110059,0.217786,0.125312,0.0890047,0.191442,0.0015875,0.149745,0.115062,800,0
0.3,0.75,1,7000,0.119419,0.202162,0.129728,0.0822766,0.193516,0.000635938,0.157827,0.114436,800,0
0.3,0.75,1,10000,0.103045,0.210267,0.12993,0.0863016,0.217044,0,0.147125,0.106287,800,0
0.3,0.75,1,25000,0.103825,0.207858,0.125311,0.0852563,0.204703,0,0.159373,0.113673,800,0
0.3,0.75,1,50000,0.122537,0.205462,0.125291,0.0740906,0.217545,0,0.144366,0.110708,800,0
0.25,0.75,1,1000,0.107942,0.207069,0.116184,0.0951328,0.180333,0.0363031,0.130895,0.126141,800,0
0.25,0.75,1,2000,0.113741,0.188533,0.135353,0.0871047,0.17938,0.0118297,0.144153,0.139906,800,0
0.25,0.75,1,3000,0.118902,0.198597,0.128014,0.0907656,0.191834,0.006025,0.151406,0.114456,800,0
0.25,0.75,1,5000,0.129222,0.195766,0.133147,0.0856313,0.194469,0,0.150278,0.111488,800,0
0.25,0.75,1,7000,0.125189,0.185281,0.131556,0.0900969,0.205209,0,0.152414,0.110253,800,0
0.25,0.75,1,10000,0.130941,0.200361,0.132111,0.0838766,0.205867,0,0.138286,0.108558,800,0
0.25,0.75,1,25000,0.121259,0.203267,0.123503,0.0830141,0.205214,0,0.147908,0.115834,800,0
0.25,0.75,1,50000,0.1275,0.194581,0.145703,0.0840047,0.201919,0,0.139552,0.106741,800,0
0.35,0.75,1,1000,0.0648922,0.233139,0.0668453,0.145559,0.125455,0.1037,0.0919922,0.168417,800,0
0.35,0.75,1,2000,0.0607828,0.2495,0.0811859,0.134508,0.13157,0.0882,0.0992828,0.15497,800,0
0.35,0.75,1,3000,0.0645578,0.237014,0.0873656,0.1305,0.129428,0.0850063,0.0952422,0.170886,800,0
0.35,0.75,1,5000,0.0711359,0.216323,0.0822266,0.125403,0.155309,0.0819187,0.110022,0.157661,800,0
0.35,0.75,1,7000,0.0645281,0.231689,0.0750781,0.139156,0.148683,0.079175,0.103947,0.157744,800,0
0.35,0.75,1,10000,0.0716844,0.221491,0.0855906,0.125544,0.139561,0.0804406,0.101542,0.174147,800,0
0.35,0.75,1,25000,0.0495578,0.23167,0.0547141,0.160031,0.104542,0.118852,0.0848969,0.195736,800,0
0.35,0.75,1,50000,0.0368984,0.238088,0.0410578,0.189163,0.0762156,0.160837,0.0546391,0.203102,800,0
0.3,0.75,1,1000,0.0852125,0.206516,0.111505,0.100317,0.192745,0.0386234,0.126153,0.138928,800,0
0.3,0.75,1,2000,0.105913,0.198917,0.118592,0.0884797,0.198805,0.0230766,0.131139,0.135078,800,0
0.3,0.75,1,3000,0.112205,0.207284,0.127216,0.0783625,0.192991,0.00698125,0.151367,0.123594,800,0
0.3,0.75,1,5000,0.118612,0.215484,0.132739,0.0727453,0.204637,0,0.14868,0.107102,800,0
0.3,0.75,1,7000,0.115308,0.200217,0.130542,0.0784797,0.205406,0,0.143811,0.126236,800,0
0.3,0.75,1,10000,0.1274,0.200437,0.126619,0.0833641,0.198647,0,0.1468,0.116733,800,0
0.3,0.75,1,25000,0.106836,0.211422,0.128603,0.0732141,0.206703,0,0.1501,0.123122,800,0
0.3,0.75,1,50000,0.112056,0.194522,0.124234,0.0837719,0.202394,0,0.151491,0.131531,800,0
0.4,0.75,1,1000,0.0355953,0.236478,0.0417297,0.188812,0.0817656,0.152766,0.0612609,0.201592,800,0
0.4,0.75,1,2000,0.015125,0.264459,0.0224219,0.21423,0.03595,0.206386,0.0252813,0.216147,800,0
0.4,0.75,1,3000,0.000142188,0.25958,0.000784375,0.249045,0.00394687,0.244058,0.00290938,0.239534,800,0
0.4,0.75,1,5000,0,0.251308,0,0.249691,0,0.249502,0,0.2495,800,0
0.4,0.75,1,7000,0,0.251869,0,0.245086,0,0.255012,0,0.248033,800,0
0.4,0.75,1,10000,0,0.253908,0,0.253123,0,0.246345,0,0.246623,800,0
0.4,0.75,1,25000,0,0.24913,0,0.247031,0,0.252047,0,0.251792,800,0
0.4,0.75,1,50000,0,0.254658,0,0.25195,0,0.248731,0,0.244661,800,0
0,0.75,1,1000,0.00241406,0.393091,0.0061375,0.221502,0.0635594,0.0786422,0.0225594,0.212095,800,500
0,0.75,1,2000,0.00241406,0.393091,0.0061375,0.221502,0.0635594,0.0786422,0.0225594,0.212095,800,500
0,0.75,1,3000,0.00241406,0.393091,0.0061375,0.221502,0.0635594,0.0786422,0.0225594,0.212095,800,500
0,0.75,1,5000,0.00241406,0.393091,0.0061375,0.221502,0.0635594,0.0786422,0.0225594,0.212095,800,500
0,0.75,1,7000,0.00241406,0.393091,0.0061375,0.221502,0.0635594,0.0786422,0.0225594,0.212095,800,500
0,0.75,1,10000,0.00241406,0.393091,0.0061375,0.221502,0.0635594,0.0786422,0.0225594,0.212095,800,500
0,0.75,1,25000,0.00241406,0.393091,0.0061375,0.221502,0.0635594,0.0786422,0.0225594,0.212095,800,500
0,0.75,1,50000,0.00241406,0.393091,0.0061375,0.221502,0.0635594,0.0786422,0.0225594,0.212095,800,500
0.35,0.75,1,1000,0.0740828,0.2221,0.0852078,0.118233,0.158305,0.0709969,0.114508,0.156567,800,0
0.35,0.75,1,2000,0.0834437,0.208898,0.100791,0.111486,0.174417,0.0533078,0.102237,0.165419,800,0
0.35,0.75,1,3000,0.0904922,0.216688,0.101781,0.106645,0.181692,0.0277141,0.134387,0.1406,800,0
0.35,0.75,1,5000,0.0895859,0.21892,0.108731,0.0895953,0.192738,0.0233344,0.142861,0.134234,800,0
0.35,0.75,1,7000,0.0981188,0.206427,0.115053,0.0845125,0.199153,0.0239141,0.1351,0.137722,800,0
0.35,0.75,1,10000,0.093,0.232514,0.106694,0.0810781,0.211084,0.00525312,0.148906,0.12147,800,0
0.35,0.75,1,25000,0.105198,0.221425,0.121539,0.0793438,0.204019,0,0.149336,0.119139,800,0
0.35,0.75,1,50000,0.103916,0.232309,0.120338,0.0690562,0.226653,0,0.139653,0.108075,800,0
0.05,0.75,1,1000,0.0940234,0.18977,0.105178,0.141497,0.110605,0.0955187,0.0904141,0.172994,800,0
0.05,0.75,1,2000,0.120475,0.192662,0.128661,0.112634,0.142473,0.0425766,0.110375,0.150142,800,0
0.05,0.75,1,3000,0.127637,0.19128,0.138392,0.111058,0.145375,0.0330141,0.121248,0.131995,800,0
0.05,0.75,1,5000,0.138897,0.184009,0.147714,0.100812,0.163391,0.0162625,0.119212,0.129702,800,0
0.05,0.75,1,7000,0.151292,0.179203,0.1398,0.0916656,0.176759,0.00996094,0.125005,0.126314,800,0
0.05,0.75,1,10000,0.155883,0.171937,0.152906,0.0877234,0.17742,0.00132187,0.130278,0.12253,800,0
0.05,0.75,1,25000,0.153009,0.186603,0.14813,0.0909547,0.182119,0,0.133142,0.106042,800,0
0.05,0.75,1,50000,0.151994,0.180131,0.156627,0.0814016,0.164678,0,0.139878,0.125291,800,0
0.4,0.75,1,1000,0.0277969,0.237922,0.0342172,0.194645,0.0594844,0.170794,0.0516016,0.223539,800,0
0.4,0.75,1,2000,0.00582187,0.243161,0.011975,0.236755,0.0193391,0.22517,0.0205672,0.237211,800,0
0.4,0.75,1,3000,0.00177344,0.243562,0.00258906,0.250711,0.00323437,0.251681,0.00177344,0.244675,800,0
0.4,0.75,1,5000,0,0.264578,0,0.235048,0,0.247012,0,0.253361,800,0
0.4,0.75,1,7000,0,0.253694,0,0.249369,0,0.248302,0,0.248636,800,0
0.4,0.75,1,10000,0,0.249305,0,0.249112,0,0.253611,0,0.247972,800,0
0.4,0.75,1,25000,0,0.245739,0,0.258108,0,0.253295,0,0.242858,800,0
0.4,0.75,1,50000,0,0.254706,0,0.252555,0,0.243973,0,0.248766,800,0
0,0.75,1,1000,0.00211094,0.394908,0.006075,0.220173,0.0614344,0.0848656,0.0218031,0.20863,800,550
0,0.75,1,2000,0.00211094,0.394908,0.006075,0.220173,0.0614344,0.0848656,0.0218031,0.20863,800,550
0,0.75,1,3000,0.00211094,0.394908,0.006075,0.220173,0.0614344,0.0848656,0.0218031,0.20863,800,550
0,0.75,1,5000,0.00211094,0.394908,0.006075,0.220173,0.0614344,0.0848656,0.0218031,0.20863,800,550
0,0.75,1,7000,0.00211094,0.394908,0.006075,0.220173,0.0614344,0.0848656,0.0218031,0.20863,800,550
0,0.75,1,10000,0.00211094,0.394908,0.006075,0.220173,0.0614344,0.0848656,0.0218031,0.20863,800,550
0,0.75,1,25000,0.00211094,0.394908,0.006075,0.220173,0.0614344,0.0848656,0.0218031,0.20863,800,550
0,0.75,1,50000,0.00211094,0.394908,0.006075,0.220173,0.0614344,0.0848656,0.0218031,0.20863,800,550
0.1,0.75,1,1000,0.121848,0.195817,0.115389,0.109305,0.145478,0.0480688,0.112191,0.151903,800,0
0.1,0.75,1,2000,0.13505,0.186016,0.135427,0.0870406,0.178136,0.0172078,0.128961,0.132162,800,0
0.1,0.75,1,3000,0.146164,0.18637,0.145572,0.0946797,0.17223,0.00694687,0.135453,0.112584,800,0
0.1,0.75,1,5000,0.144836,0.184638,0.13742,0.102716,0.180664,0.007475,0.130791,0.111461,800,0
0.1,0.75,1,7000,0.153138,0.191619,0.138656,0.0852688,0.173275,0.00103281,0.142173,0.114837,800,0
0.1,0.75,1,10000,0.147269,0.185711,0.15013,0.0845875,0.172883,0,0.143331,0.116089,800,0
0.1,0.75,1,25000,0.148309,0.184295,0.148466,0.0853031,0.18187,0,0.138933,0.112823,800,0
0.1,0.75,1,50000,0.147541,0.1888,0.142981,0.0908391,0.175941,0,0.138197,0.115702,800,0
0.05,0.75,1,1000,0.0939359,0.194345,0.0920563,0.134036,0.106852,0.0992734,0.0937094,0.185792,800,0
0.05,0.75,1,2000,0.11233,0.193091,0.119919,0.118711,0.13162,0.0500906,0.103391,0.170848,800,0
0.05,0.75,1,3000,0.131594,0.19327,0.132483,0.113542,0.143725,0.0384141,0.112152,0.13482,800,0
0.05,0.75,1,5000,0.136872,0.183561,0.145409,0.103903,0.165705,0.0198313,0.120128,0.124591,800,0
0.05,0.75,1,7000,0.132469,0.164689,0.142461,0.0942172,0.18093,0.0158109,0.132505,0.136919,800,0
0.05,0.75,1,10000,0.15062,0.181903,0.149541,0.0973984,0.165764,0.00746563,0.128758,0.11855,800,0
0.05,0.75,1,25000,0.146894,0.171208,0.1626,0.0920859,0.171442,0.0015,0.139111,0.115159,800,0
0.05,0.75,1,50000,0.144502,0.173181,0.156488,0.0960453,0.184688,0,0.128691,0.116406,800,0
0.15,0.75,1,1000,0.120319,0.191709,0.129817,0.109806,0.158867,0.0328125,0.12068,0.135989,800,0
0.15,0.75,1,2000,0.132961,0.195112,0.137458,0.0918594,0.169387,0.0122734,0.126239,0.134709,800,0
0.15,0.75,1,3000,0.136659,0.183672,0.144313,0.0948969,0.162791,0.00649219,0.152167,0.119009,800,0
0.15,0.75,1,5000,0.131669,0.197078,0.134422,0.0965703,0.180534,0,0.14013,0.119597,800,0
0.15,0.75,1,7000,0.137064,0.186334,0.141225,0.0824938,0.179091,0,0.158183,0.115609,800,0
0.15,0.75,1,10000,0.13818,0.188391,0.13997,0.0906547,0.17663,0,0.145333,0.120842,800,0
0.15,0.75,1,25000,0.147202,0.187875,0.139948,0.0922734,0.187203,0,0.135902,0.109597,800,0
0.15,0.75,1,50000,0.132736,0.192853,0.145075,0.0849984,0.18045,0,0.151278,0.112609,800,0
0.1,0.75,1,1000,0.117225,0.192045,0.126594,0.117245,0.139908,0.0448266,0.119686,0.14247,800,0
0.1,0.75,1,2000,0.134205,0.183905,0.140416,0.102569,0.176253,0.0182766,0.124005,0.120372,800,0
0.1,0.75,1,3000,0.136044,0.176583,0.143567,0.0962453,0.175209,0.00906563,0.137763,0.125523,800,0
0.1,0.75,1,5000,0.147139,0.184384,0.14947,0.0847125,0.179781,0.00377031,0.133581,0.117161,800,0
0.1,0.75,1,7000,0.157764,0.183545,0.148706,0.0838656,0.171489,0.000273438,0.139223,0.115133,800,0
0.1,0.75,1,10000,0.148369,0.182639,0.143798,0.0882672,0.191202,0,0.142388,0.103337,800,0
0.1,0.75,1,25000,0.146822,0.181956,0.151958,0.0833656,0.18365,0,0.143927,0.108322,800,0
0.1,0.75,1,50000,0.139773,0.177577,0.159772,0.0944953,0.170783,0,0.144756,0.112844,800,0
0.2,0.75,1,1000,0.108725,0.196219,0.126158,0.104334,0.14975,0.0406578,0.136444,0.137712,800,0
0.2,0.75,1,2000,0.121848,0.193723,0.141877,0.097525,0.172503,0.0120469,0.144234,0.116242,800,0
0.2,0.75,1,3000,0.135387,0.186594,0.137348,0.0795031,0.189789,0.00522656,0.142211,0.123941,800,0
0.2,0.75,1,5000,0.138305,0.189798,0.135833,0.0762359,0.192525,0.00301563,0.153016,0.111272,800,0
0.2,0.75,1,7000,0.137395,0.186033,0.140855,0.0840578,0.1865,0,0.153606,0.111553,800,0
0.2,0.75,1,10000,0.134181,0.192356,0.138302,0.0795422,0.198894,0,0.142325,0.1144,800,0
0.2,0.75,1,25000,0.134619,0.194177,0.137355,0.0852328,0.184192,0,0.149998,0.114427,800,0
0.2,0.75,1,50000,0.129995,0.186997,0.134612,0.0923063,0.202328,0,0.140019,0.113742,800,0
0.15,0.75,1,1000,0.115078,0.185767,0.129284,0.101073,0.165366,0.0353141,0.136455,0.131662,800,0
0.15,0.75,1,2000,0.138813,0.197369,0.135344,0.0916797,0.169756,0.0119516,0.13778,0.117308,800,0
0.15,0.75,1,3000,0.136078,0.185719,0.136539,0.0847859,0.176681,0.0104156,0.145291,0.124491,800,0
0.15,0.75,1,5000,0.136014,0.179237,0.141841,0.0899453,0.172036,0.00410313,0.148734,0.128089,800,0
0.15,0.75,1,7000,0.135572,0.183762,0.139178,0.0841078,0.204811,0.0009875,0.140994,0.110588,800,0
0.15,0.75,1,10000,0.137617,0.194375,0.149906,0.0884719,0.1706,0,0.143762,0.115267,800,0
0.15,0.75,1,25000,0.145339,0.185031,0.142889,0.0886703,0.182869,0,0.137191,0.118011,800,0
0.15,0.75,1,50000,0.136619,0.187414,0.1497,0.0863016,0.191531,0,0.142292,0.106142,800,0
0.25,0.75,1,1000,0.103117,0.201264,0.116288,0.0945031,0.172822,0.0343703,0.137644,0.139992,800,0
0.25,0.75,1,2000,0.121511,0.195308,0.129094,0.0948984,0.183239,0.008725,0.143022,0.124203,800,0
0.25,0.75,1,3000,0.126517,0.195644,0.127872,0.0855563,0.20357,0.00332188,0.148256,0.109262,800,0
0.25,0.75,1,5000,0.126642,0.204863,0.124858,0.0899094,0.188834,0,0.1421,0.122794,800,0
0.25,0.75,1,7000,0.120177,0.208933,0.127213,0.0744969,0.208544,0,0.149908,0.11073,800,0
0.25,0.75,1,10000,0.127944,0.191953,0.126978,0.0970109,0.20467,0,0.140034,0.111409,800,0
0.25,0.75,1,25000,0.130081,0.196022,0.125973,0.0799391,0.208008,0,0.142453,0.117523,800,0
0.25,0.75,1,50000,0.12757,0.193648,0.123591,0.0868828,0.186733,0,0.160436,0.121139,800,0
0.2,0.75,1,1000,0.120991,0.203409,0.128305,0.0983125,0.169141,0.0261969,0.128769,0.124877,800,0
0.2,0.75,1,2000,0.121612,0.181233,0.140525,0.0992453,0.175509,0.0116984,0.144694,0.125483,800,0
0.2,0.75,1,3000,0.132064,0.183123,0.140098,0.0893766,0.182595,0.00492344,0.13987,0.127948,800,0
0.2,0.75,1,5000,0.129298,0.1918,0.136831,0.0856094,0.205623,0,0.135873,0.114964,800,0
0.2,0.75,1,7000,0.137502,0.184483,0.160903,0.0944688,0.179166,0,0.137817,0.105661,800,0
0.2,0.75,1,10000,0.128355,0.186166,0.134277,0.0846125,0.21748,0,0.139436,0.109675,800,0
0.2,0.75,1,25000,0.127056,0.1878,0.139809,0.0878969,0.207628,0,0.142286,0.107523,800,0
0.2,0.75,1,50000,0.1318,0.192456,0.136994,0.093475,0.182842,0,0.154197,0.108236,800,0
0.3,0.75,1,1000,0.0897906,0.207791,0.109144,0.103534,0.168619,0.0590703,0.116267,0.145784,800,0
0.3,0.75,1,2000,0.105016,0.204137,0.108681,0.109073,0.1877,0.0217125,0.134002,0.129678,800,0
0.3,0.75,1,3000,0.109302,0.200028,0.119606,0.0839766,0.211253,0.0115563,0.142144,0.122134,800,0
0.3,0.75,1,5000,0.109517,0.206952,0.125411,0.0888672,0.192152,0.00198125,0.156911,0.118209,800,0
0.3,0.75,1,7000,0.117681,0.206697,0.127103,0.0854969,0.207169,0,0.142028,0.113825,800,0
0.3,0.75,1,10000,0.118206,0.214773,0.128902,0.088075,0.195087,0,0.144495,0.110461,800,0
0.3,0.75,1,25000,0.117605,0.205219,0.127778,0.0796578,0.211955,0,0.13842,0.119366,800,0
0.3,0.75,1,50000,0.115723,0.202642,0.120741,0.0747687,0.20762,0,0.158372,0.120133,800,0
0.25,0.75,1,1000,0.109017,0.20305,0.120588,0.102561,0.165972,0.0337625,0.128362,0.136687,800,0
0.25,0.75,1,2000,0.119767,0.195373,0.127578,0.0889281,0.188795,0.00922656,0.145113,0.125219,800,0
0.25,0.75,1,3000,0.120145,0.199816,0.128845,0.0919906,0.191734,0.00970156,0.144491,0.113277,800,0
0.25,0.75,1,5000,0.121873,0.198809,0.132839,0.0865578,0.206294,0.00248125,0.140586,0.110559,800,0
0.25,0.75,1,7000,0.125148,0.186444,0.134433,0.0923484,0.200459,0.00108438,0.149053,0.11103,800,0
0.25,0.75,1,10000,0.130423,0.179712,0.146505,0.0820312,0.203023,0,0.150892,0.107412,800,0
0.25,0.75,1,25000,0.12317,0.199437,0.129773,0.0847766,0.208462,0,0.142467,0.111912,800,0
0.25,0.75,1,50000,0.123877,0.185206,0.136631,0.0780938,0.200187,0,0.151181,0.124823,800,0
0.35,0.75,1,1000,0.0703828,0.237541,0.0758734,0.136795,0.113678,0.0798266,0.0966313,0.189272,800,0
0.35,0.75,1,2000,0.0700422,0.228538,0.0845188,0.126516,0.126827,0.082325,0.101481,0.179753,800,0
0.35,0.75,1,3000,0.0759,0.224766,0.0796219,0.140075,0.127189,0.0783578,0.107464,0.166627,800,0
0.35,0.75,1,5000,0.0662516,0.21363,0.0881625,0.124861,0.148264,0.0829109,0.111756,0.164164,800,0
0.35,0.75,1,7000,0.0719047,0.237937,0.0783188,0.122206,0.161861,0.0698344,0.102853,0.155084,800,0
0.35,0.75,1,10000,0.0724562,0.224989,0.0932391,0.125755,0.14027,0.0742984,0.115245,0.153747,800,0
0.35,0.75,1,25000,0.068175,0.225836,0.0978266,0.121402,0.143722,0.0811625,0.109197,0.15268,800,0
0.35,0.75,1,50000,0.0732484,0.225581,0.0918953,0.113981,0.164942,0.0546312,0.119686,0.156034,800,0
0.3,0.75,1,1000,0.0938234,0.206411,0.11235,0.0966344,0.155558,0.04725,0.125573,0.1624,800,0
0.3,0.75,1,2000,0.100803,0.214062,0.109377,0.0843797,0.204833,0.0241672,0.138348,0.12403,800,0
0.3,0.75,1,3000,0.117486,0.196416,0.125908,0.0869578,0.198694,0.00671719,0.149525,0.118297,800,0
0.3,0.75,1,5000,0.123823,0.20435,0.118652,0.0880625,0.199081,0.00152969,0.139706,0.124795,800,0
0.3,0.75,1,7000,0.112473,0.195445,0.126736,0.0857094,0.205525,0,0.149755,0.124356,800,0
0.3,0.75,1,10000,0.124308,0.198375,0.138689,0.0898797,0.184652,0,0.144947,0.11915,800,0
0.3,0.75,1,25000,0.12182,0.198184,0.129956,0.0908125,0.18992,0,0.156805,0.112502,800,0
0.3,0.75,1,50000,0.126069,0.193494,0.129641,0.0880109,0.186436,0,0.165125,0.111225,800,0
0.4,0.75,1,1000,0.0332781,0.249605,0.0412406,0.178741,0.0746312,0.148588,0.0633719,0.210545,800,0
0.4,0.75,1,2000,0.00602812,0.253427,0.00879062,0.232891,0.0174594,0.229567,0.0108062,0.241031,800,0
0.4,0.75,1,3000,0,0.261483,8.28125e-05,0.240237,0.0021375,0.242641,0.00168281,0.251736,800,0
0.4,0.75,1,5000,0,0.248764,0,0.261125,0,0.24907,0,0.241041,800,0
0.4,0.75,1,7000,0,0.249006,0,0.243319,0,0.251163,0,0.256512,800,0
0.4,0.75,1,10000,0,0.25062,0,0.253825,0,0.244272,0,0.251283,800,0
0.4,0.75,1,25000,0,0.251561,0,0.252183,0,0.25083,0,0.245427,800,0
0.4,0.75,1,50000,0,0.256411,0,0.24988,0,0.245511,0,0.248198,800,0
0,0.75,1,1000,0.00235,0.393197,0.00578594,0.223781,0.06065,0.0830547,0.0220891,0.209092,800,450
0,0.75,1,2000,0.00235,0.393197,0.00578594,0.223781,0.06065,0.0830547,0.0220891,0.209092,800,450
0,0.75,1,3000,0.00235,0.393197,0.00578594,0.223781,0.06065,0.0830547,0.0220891,0.209092,800,450
0,0.75,1,5000,0.00235,0.393197,0.00578594,0.223781,0.06065,0.0830547,0.0220891,0.209092,800,450
0,0.75,1,7000,0.00235,0.393197,0.00578594,0.223781,0.06065,0.0830547,0.0220891,0.209092,800,450
0,0.75,1,10000,0.00235,0.393197,0.00578594,0.223781,0.06065,0.0830547,0.0220891,0.209092,800,450
0,0.75,1,25000,0.00235,0.393197,0.00578594,0.223781,0.06065,0.0830547,0.0220891,0.209092,800,450
0,0.75,1,50000,0.00235,0.393197,0.00578594,0.223781,0.06065,0.0830547,0.0220891,0.209092,800,450
0.35,0.75,1,1000,0.075625,0.221675,0.0862453,0.130683,0.120688,0.0827391,0.102191,0.180155,800,0
0.35,0.75,1,2000,0.0761031,0.22505,0.0827484,0.134381,0.133244,0.0755281,0.106781,0.166164,800,0
0.35,0.75,1,3000,0.0652828,0.232295,0.0834719,0.13852,0.13607,0.0788594,0.105141,0.160359,800,0
0.35,0.75,1,5000,0.0689766,0.229112,0.0919109,0.107903,0.164809,0.0535031,0.131741,0.152044,800,0
0.35,0.75,1,7000,0.0930703,0.220023,0.0977031,0.106123,0.168648,0.0484641,0.123769,0.142198,800,0
0.35,0.75,1,10000,0.0903797,0.225562,0.0987828,0.0980484,0.174473,0.0343,0.140592,0.137861,800,0
0.35,0.75,1,25000,0.0907266,0.207894,0.113094,0.0865828,0.188241,0.0240094,0.163255,0.126198,800,0
0.35,0.75,1,50000,0.10302,0.220314,0.119358,0.0728766,0.243473,0,0.136864,0.104094,800,0
0.05,0.75,1,1000,0.0872938,0.201594,0.100339,0.160427,0.102439,0.100795,0.0731141,0.173998,800,0
0.05,0.75,1,2000,0.121419,0.172327,0.125486,0.115425,0.1338,0.0487609,0.124494,0.158289,800,0
0.05,0.75,1,3000,0.123958,0.180681,0.138878,0.105481,0.150102,0.0352437,0.123034,0.142622,800,0
0.05,0.75,1,5000,0.145797,0.177367,0.14565,0.0990687,0.169236,0.0197375,0.120045,0.123098,800,0
0.05,0.75,1,7000,0.14658,0.187714,0.14338,0.0926656,0.160605,0.00954219,0.135825,0.123689,800,0
0.05,0.75,1,10000,0.143588,0.17753,0.147653,0.0982375,0.179605,0.00738125,0.1297,0.116306,800,0
0.05,0.75,1,25000,0.157167,0.186948,0.150286,0.0875563,0.179748,0,0.136995,0.101298,800,0
0.05,0.75,1,50000,0.157386,0.179445,0.154073,0.0965859,0.161072,0,0.128684,0.122753,800,0
0.4,0.75,1,1000,0.0342297,0.242269,0.045175,0.182469,0.0676313,0.15622,0.059675,0.212331,800,0
0.4,0.75,1,2000,0.0103594,0.257545,0.0162891,0.2182,0.0298422,0.211073,0.0201531,0.236538,800,0
0.4,0.75,1,3000,0.00071875,0.242188,0.000598438,0.253855,0.00428281,0.252812,0.00240938,0.243136,800,0
0.4,0.75,1,5000,0,0.255552,0,0.246012,0,0.24493,0,0.253506,800,0
0.4,0.75,1,7000,0,0.249525,0,0.24122,0,0.249883,0,0.259372,800,0
0.4,0.75,1,10000,0,0.247036,0,0.253437,0,0.256884,0,0.242642,800,0
0.4,0.75,1,25000,0,0.24878,0,0.250311,0,0.249817,0,0.251092,800,0
0.4,0.75,1,50000,0,0.251881,0,0.247816,0,0.247463,0,0.252841,800,0
0,0.75,1,1000,0.00217656,0.393317,0.00565,0.222864,0.0626328,0.0818547,0.0226766,0.208828,800,400
0,0.75,1,2000,0.00217656,0.393317,0.00565,0.222864,0.0626328,0.0818547,0.0226766,0.208828,800,400
0,0.75,1,3000,0.00217656,0.393317,0.00565,0.222864,0.0626328,0.0818547,0.0226766,0.208828,800,400
0,0.75,1,5000,0.00217656,0.393317,0.00565,0.222864,0.0626328,0.0818547,0.0226766,0.208828,800,400
0,0.75,1,7000,0.00217656,0.393317,0.00565,0.222864,0.0626328,0.0818547,0.0226766,0.208828,800,400
0,0.75,1,10000,0.00217656,0.393317,0.00565,0.222864,0.0626328,0.0818547,0.0226766,0.208828,800,400
0,0.75,1,25000,0.00217656,0.393317,0.00565,0.222864,0.0626328,0.0818547,0.0226766,0.208828,800,400
0,0.75,1,50000,0.00217656,0.393317,0.00565,0.222864,0.0626328,0.0818547,0.0226766,0.208828,800,400
0.1,0.75,1,1000,0.135405,0.180275,0.120875,0.115289,0.143823,0.0365813,0.124844,0.142908,800,0
0.1,0.75,1,2000,0.128459,0.176339,0.141159,0.0999281,0.166527,0.0204391,0.136797,0.130352,800,0
0.1,0.75,1,3000,0.144291,0.183409,0.145536,0.0868125,0.153487,0.0125766,0.1293,0.144588,800,0
0.1,0.75,1,5000,0.144503,0.183812,0.144444,0.0879422,0.176141,0.00143906,0.146495,0.115223,800,0
0.1,0.75,1,7000,0.14555,0.179228,0.145508,0.0937109,0.184553,4.6875e-06,0.148925,0.10252,800,0
0.1,0.75,1,10000,0.148709,0.181211,0.158636,0.0981016,0.172577,0,0.127727,0.113039,800,0
0.1,0.75,1,25000,0.146408,0.166677,0.149517,0.0905906,0.195703,0,0.141528,0.109577,800,0
0.1,0.75,1,50000,0.145255,0.181809,0.14525,0.0985359,0.181903,0,0.133097,0.11415,800,0
0.05,0.75,1,1000,0.0869781,0.186781,0.10302,0.145511,0.109598,0.0942031,0.0970437,0.176864,800,0
0.05,0.75,1,2000,0.114733,0.201183,0.115434,0.124406,0.129958,0.0586953,0.106038,0.149553,800,0
0.05,0.75,1,3000,0.127684,0.184605,0.128102,0.103813,0.135903,0.0473625,0.11785,0.154681,800,0
0.05,0.75,1,5000,0.139348,0.172281,0.138527,0.0957328,0.162086,0.0248625,0.129702,0.137461,800,0
0.05,0.75,1,7000,0.141095,0.185173,0.148261,0.101603,0.160997,0.0153984,0.117733,0.129739,800,0
0.05,0.75,1,10000,0.133995,0.187531,0.144334,0.100359,0.166797,0.0147547,0.128238,0.123991,800,0
0.05,0.75,1,25000,0.156652,0.180572,0.146197,0.0914406,0.1647,0.0014,0.13553,0.123509,800,0
0.05,0.75,1,50000,0.152003,0.175639,0.155888,0.0854156,0.18153,0,0.139273,0.110252,800,0
0.15,0.75,1,1000,0.12235,0.184527,0.12558,0.1107,0.15505,0.0294141,0.138909,0.13347,800,0
0.15,0.75,1,2000,0.140633,0.185025,0.132544,0.0947375,0.195866,0.00553906,0.129578,0.116078,800,0
0.15,0.75,1,3000,0.134827,0.183452,0.1447,0.0844016,0.183294,0.00102344,0.146631,0.121672,800,0
0.15,0.75,1,5000,0.142234,0.184481,0.136598,0.08695,0.183925,0,0.149064,0.116747,800,0
0.15,0.75,1,7000,0.139044,0.177461,0.1438,0.088925,0.177167,0,0.149053,0.12455,800,0
0.15,0.75,1,10000,0.141231,0.187922,0.147208,0.092125,0.183755,0,0.14653,0.10123,800,0
0.15,0.75,1,25000,0.140097,0.185372,0.144786,0.098875,0.184061,0,0.137969,0.108841,800,0
0.15,0.75,1,50000,0.136394,0.180225,0.149855,0.0873516,0.172481,0,0.153425,0.120269,800,0
0.1,0.75,1,1000,0.120336,0.187764,0.123588,0.102502,0.155169,0.0499344,0.117278,0.14343,800,0
0.1,0.75,1,2000,0.13383,0.197627,0.138369,0.0921844,0.168984,0.016575,0.122297,0.130134,800,0
0.1,0.75,1,3000,0.146466,0.193389,0.144511,0.102038,0.152262,0.0146438,0.127464,0.119227,800,0
0.1,0.75,1,5000,0.156988,0.18365,0.15143,0.0778141,0.173031,0.00155625,0.130797,0.124734,800,0
0.1,0.75,1,7000,0.155266,0.172425,0.146675,0.0906406,0.177584,0.00184063,0.135637,0.119931,800,0
0.1,0.75,1,10000,0.161155,0.177987,0.141334,0.0884734,0.176364,0,0.137169,0.117517,800,0
0.1,0.75,1,25000,0.145152,0.17833,0.152741,0.0884078,0.182127,0,0.141991,0.111253,800,0
0.1,0.75,1,50000,0.146044,0.174934,0.143956,0.0906734,0.183713,0,0.147239,0.113441,800,0
0.2,0.75,1,1000,0.120261,0.197464,0.130083,0.100847,0.168855,0.0272016,0.127636,0.127653,800,0
0.2,0.75,1,2000,0.128669,0.187423,0.12692,0.0984437,0.183017,0.00846406,0.137461,0.129602,800,0
0.2,0.75,1,3000,0.141431,0.181067,0.13653,0.0876219,0.189853,0.00655312,0.149414,0.10753,800,0
0.2,0.75,1,5000,0.134645,0.187447,0.140547,0.0873953,0.188286,0.00173594,0.139412,0.120531,800,0
0.2,0.75,1,7000,0.133263,0.189222,0.142389,0.0811141,0.202267,0,0.133031,0.118714,800,0
0.2,0.75,1,10000,0.127189,0.18605,0.143563,0.0825687,0.199242,0,0.15055,0.110838,800,0
0.2,0.75,1,25000,0.127367,0.19153,0.137672,0.0887703,0.198811,0,0.145323,0.110527,800,0
0.2,0.75,1,50000,0.123884,0.191984,0.139223,0.0965234,0.204806,0,0.137552,0.106027,800,0
0.15,0.75,1,1000,0.127891,0.190378,0.121889,0.105673,0.163934,0.0267844,0.120656,0.142794,800,0
0.15,0.75,1,2000,0.13987,0.184569,0.137136,0.0957313,0.176197,0.0161437,0.135802,0.114552,800,0
0.15,0.75,1,3000,0.143917,0.186047,0.151959,0.0869906,0.16912,0.00622969,0.141481,0.114255,800,0
0.15,0.75,1,5000,0.135353,0.179603,0.144833,0.0982937,0.186753,0.000825,0.137631,0.116708,800,0
0.15,0.75,1,7000,0.140756,0.184133,0.144261,0.0824375,0.171781,0,0.158809,0.117822,800,0
0.15,0.75,1,10000,0.142691,0.189214,0.144523,0.0854766,0.183478,0,0.142936,0.111681,800,0
0.15,0.75,1,25000,0.141239,0.186923,0.156259,0.0832172,0.186548,0,0.135694,0.110119,800,0
0.15,0.75,1,50000,0.13083,0.18832,0.15,0.0872641,0.177348,0,0.142695,0.123542,800,0
0.25,0.75,1,1000,0.0982281,0.211139,0.116025,0.112233,0.16207,0.0359391,0.126844,0.137522,800,0
0.25,0.75,1,2000,0.107545,0.201336,0.1199,0.0974594,0.199861,0.0108234,0.139511,0.123564,800,0
0.25,0.75,1,3000,0.116845,0.193152,0.142494,0.0833875,0.187084,0.00544375,0.146834,0.124759,800,0
0.25,0.75,1,5000,0.132839,0.188766,0.138992,0.0925703,0.188598,0,0.1428,0.115434,800,0
0.25,0.75,1,7000,0.126898,0.192852,0.137267,0.0900922,0.190031,0,0.150572,0.112287,800,0
0.25,0.75,1,10000,0.133284,0.192973,0.13153,0.0841672,0.205089,0,0.135694,0.117263,800,0
0.25,0.75,1,25000,0.123406,0.177816,0.141405,0.0828187,0.193612,0,0.160491,0.120452,800,0
0.25,0.75,1,50000,0.125906,0.195011,0.124011,0.08885,0.202878,0,0.143144,0.1202,800,0
0.2,0.75,1,1000,0.113747,0.203377,0.116911,0.104456,0.178262,0.0294391,0.115617,0.138191,800,0
0.2,0.75,1,2000,0.135775,0.183636,0.139573,0.0920563,0.177158,0.0145484,0.124123,0.13313,800,0
0.2,0.75,1,3000,0.133003,0.196316,0.131348,0.0911234,0.200231,0.00205781,0.131808,0.114113,800,0
0.2,0.75,1,5000,0.136811,0.199431,0.132498,0.0903984,0.200778,0,0.136472,0.103611,800,0
0.2,0.75,1,7000,0.13608,0.183308,0.144503,0.0837953,0.191728,0,0.145973,0.114613,800,0
0.2,0.75,1,10000,0.136338,0.182214,0.146373,0.0732625,0.194964,0,0.151039,0.115809,800,0
0.2,0.75,1,25000,0.135128,0.183577,0.146502,0.101411,0.18202,0,0.139336,0.112027,800,0
0.2,0.75,1,50000,0.131433,0.186989,0.130652,0.0919922,0.188292,0,0.147511,0.123131,800,0
0.3,0.75,1,1000,0.0937891,0.202225,0.1136,0.100159,0.162441,0.0502125,0.118678,0.158895,800,0
0.3,0.75,1,2000,0.112422,0.202791,0.11332,0.0918766,0.195437,0.015675,0.130152,0.138327,800,0
0.3,0.75,1,3000,0.110319,0.206231,0.121612,0.0797156,0.200423,0.00529688,0.151411,0.124991,800,0
0.3,0.75,1,5000,0.116075,0.203625,0.114914,0.09355,0.194738,0.00175,0.1527,0.122648,800,0
0.3,0.75,1,7000,0.121163,0.21757,0.124742,0.0791641,0.194805,0,0.151417,0.111139,800,0
0.3,0.75,1,10000,0.122644,0.209614,0.132331,0.0802266,0.196709,0,0.15277,0.105705,800,0
0.3,0.75,1,25000,0.118809,0.209577,0.127175,0.0783141,0.201517,0,0.146127,0.118481,800,0
0.3,0.75,1,50000,0.11928,0.203319,0.114505,0.0885359,0.210859,0,0.144958,0.118544,800,0
0.25,0.75,1,1000,0.0997391,0.201347,0.110514,0.111628,0.156016,0.0458031,0.126913,0.148041,800,0
0.25,0.75,1,2000,0.115295,0.206937,0.124325,0.0895438,0.189956,0.0126687,0.136103,0.12517,800,0
0.25,0.75,1,3000,0.123759,0.211414,0.126552,0.0868297,0.180503,0.00285,0.148305,0.119788,800,0
0.25,0.75,1,5000,0.121656,0.190227,0.140108,0.0819969,0.190228,0,0.153931,0.121853,800,0
0.25,0.75,1,7000,0.1316,0.196144,0.139063,0.0818016,0.186684,0,0.15828,0.106428,800,0
0.25,0.75,1,10000,0.130633,0.192362,0.144094,0.0874234,0.176059,0,0.154041,0.115388,800,0
0.25,0.75,1,25000,0.127795,0.19405,0.136553,0.0749625,0.198612,0,0.152731,0.115295,800,0
0.25,0.75,1,50000,0.1261,0.196433,0.143444,0.0851766,0.193664,0,0.148277,0.106906,800,0
0.35,0.75,1,1000,0.0692156,0.232273,0.0820125,0.128913,0.140758,0.0703391,0.115997,0.160492,800,0
0.35,0.75,1,2000,0.084475,0.2163,0.101013,0.112919,0.163019,0.05485,0.121745,0.14568,800,0
0.35,0.75,1,3000,0.0763219,0.22495,0.104987,0.105336,0.156298,0.0578484,0.114755,0.159503,800,0
0.35,0.75,1,5000,0.0817328,0.22397,0.0934813,0.109516,0.186225,0.0432781,0.121886,0.139911,800,0
0.35,0.75,1,7000,0.0891578,0.205972,0.114097,0.0971375,0.172464,0.0355391,0.139227,0.146406,800,0
0.35,0.75,1,10000,0.0980594,0.217284,0.118072,0.0941859,0.182473,0.0128766,0.141887,0.135161,800,0
0.35,0.75,1,25000,0.101069,0.228548,0.122161,0.0720172,0.203647,0,0.151281,0.121277,800,0
0.35,0.75,1,50000,0.105172,0.215456,0.119658,0.0704672,0.211931,0,0.153119,0.124197,800,0
0.3,0.75,1,1000,0.0859375,0.230784,0.116584,0.112873,0.141628,0.0457453,0.114409,0.152037,800,0
0.3,0.75,1,2000,0.101112,0.198695,0.109789,0.101877,0.195448,0.0237406,0.133316,0.136022,800,0
0.3,0.75,1,3000,0.11257,0.204942,0.118953,0.0829328,0.197098,0.0151828,0.13752,0.1308,800,0
0.3,0.75,1,5000,0.111772,0.204969,0.13415,0.0776016,0.205145,0.003775,0.146886,0.115702,800,0
0.3,0.75,1,7000,0.114413,0.194577,0.131734,0.0870812,0.203873,0,0.15463,0.113692,800,0
0.3,0.75,1,10000,0.111939,0.203683,0.118198,0.0833172,0.220739,0,0.144769,0.117355,800,0
0.3,0.75,1,25000,0.10622,0.21108,0.123952,0.0778406,0.206645,0,0.156186,0.118077,800,0
0.3,0.75,1,50000,0.117908,0.205025,0.128634,0.0836984,0.211106,0,0.147295,0.106333,800,0
0.4,0.75,1,1000,0.0323063,0.254998,0.0421594,0.179187,0.0709812,0.154242,0.0620844,0.204041,800,0
0.4,0.75,1,2000,0.0139719,0.248627,0.0210719,0.211916,0.0359156,0.206091,0.0268047,0.235603,800,0
0.4,0.75,1,3000,0.0077125,0.246713,0.00862969,0.232794,0.0123453,0.236119,0.0114891,0.244198,800,0
0.4,0.75,1,5000,0,0.246675,0,0.249044,0,0.253792,0,0.250489,800,0
0.4,0.75,1,7000,0,0.243623,0,0.254231,0,0.249317,0,0.252828,800,0
0.4,0.75,1,10000,0,0.252052,0,0.250258,0,0.245364,0,0.252327,800,0
0.4,0.75,1,25000,0,0.241564,0,0.253962,0,0.254895,0,0.249578,800,0
0.4,0.75,1,50000,0,0.2452,0,0.243281,0,0.2522,0,0.259319,800,0
0,0.75,1,1000,0.00228437,0.389213,0.00600781,0.221792,0.0603359,0.0876375,0.0215047,0.211225,800,400
0,0.75,1,2000,0.00228437,0.389213,0.00600781,0.221792,0.0603359,0.0876375,0.0215047,0.211225,800,400
0,0.75,1,3000,0.00228437,0.389213,0.00600781,0.221792,0.0603359,0.0876375,0.0215047,0.211225,800,400
0,0.75,1,5000,0.00228437,0.389213,0.00600781,0.221792,0.0603359,0.0876375,0.0215047,0.211225,800,400
0,0.75,1,7000,0.00228437,0.389213,0.00600781,0.221792,0.0603359,0.0876375,0.0215047,0.211225,800,400
0,0.75,1,10000,0.00228437,0.389213,0.00600781,0.221792,0.0603359,0.0876375,0.0215047,0.211225,800,400
0,0.75,1,25000,0.00228437,0.389213,0.00600781,0.221792,0.0603359,0.0876375,0.0215047,0.211225,800,400
0,0.75,1,50000,0.00228437,0.389213,0.00600781,0.221792,0.0603359,0.0876375,0.0215047,0.211225,800,400
0.35,0.75,1,1000,0.0576906,0.221763,0.0744453,0.141169,0.127811,0.0905656,0.102434,0.184122,800,0
0.35,0.75,1,2000,0.061275,0.230081,0.0732422,0.145003,0.131102,0.100102,0.0858766,0.173319,800,0
0.35,0.75,1,3000,0.0707516,0.226678,0.0754797,0.133408,0.138514,0.0810562,0.0976812,0.176431,800,0
0.35,0.75,1,5000,0.0765391,0.220925,0.0978813,0.111731,0.155067,0.0655969,0.109425,0.162834,800,0
0.35,0.75,1,7000,0.0839141,0.222767,0.0974078,0.0936484,0.179391,0.0415703,0.125803,0.155498,800,0
0.35,0.75,1,10000,0.0907594,0.223648,0.10423,0.0969359,0.191508,0.0255641,0.134556,0.132798,800,0
0.35,0.75,1,25000,0.0965031,0.219856,0.110444,0.0800078,0.223156,0.00331875,0.14867,0.118044,800,0
0.35,0.75,1,50000,0.106128,0.212681,0.117997,0.0744109,0.217842,0,0.138198,0.132742,800,0
0.05,0.75,1,1000,0.0888656,0.19368,0.108159,0.153969,0.108902,0.100592,0.0819844,0.163848,800,0
0.05,0.75,1,2000,0.11795,0.176917,0.116573,0.108919,0.141269,0.0529703,0.118856,0.166545,800,0
0.05,0.75,1,3000,0.129817,0.18177,0.121291,0.118478,0.146078,0.0354078,0.109506,0.157652,800,0
0.05,0.75,1,5000,0.133038,0.183833,0.136853,0.103508,0.162641,0.0275672,0.117664,0.134897,800,0
0.05,0.75,1,7000,0.137411,0.174833,0.142809,0.0969984,0.173192,0.0200609,0.128622,0.126073,800,0
0.05,0.75,1,10000,0.139662,0.182245,0.145033,0.0919641,0.169452,0.0125234,0.130703,0.128417,800,0
0.05,0.75,1,25000,0.161466,0.171445,0.157587,0.0946594,0.176469,0,0.120883,0.117491,800,0
0.05,0.75,1,50000,0.149986,0.189233,0.1644,0.0875391,0.164834,0,0.137291,0.106717,800,0
0.4,0.75,1,1000,0.0215953,0.250183,0.0340656,0.203592,0.0584656,0.180695,0.0449297,0.206473,800,0
0.4,0.75,1,2000,0.00543125,0.24733,0.00949844,0.238936,0.0167516,0.239813,0.0126578,0.229583,800,0
0.4,0.75,1,3000,0.000728125,0.245791,0,0.250566,0.000889062,0.245078,0.00154844,0.2554,800,0
0.4,0.75,1,5000,0,0.260597,0,0.245023,0,0.246909,0,0.24747,800,0
0.4,0.75,1,7000,0,0.251522,0,0.249606,0,0.250183,0,0.248689,800,0
0.4,0.75,1,10000,0,0.254173,0,0.251398,0,0.24745,0,0.246978,800,0
0.4,0.75,1,25000,0,0.242591,0,0.25142,0,0.255702,0,0.250287,800,0
0.4,0.75,1,50000,0,0.25917,0,0.247023,0,0.246736,0,0.24707,800,0
0,0.75,1,1000,0.00232656,0.388958,0.00615,0.221209,0.0619859,0.0860297,0.0222672,0.211073,800,500
0,0.75,1,2000,0.00232656,0.388958,0.00615,0.221209,0.0619859,0.0860297,0.0222672,0.211073,800,500
0,0.75,1,3000,0.00232656,0.388958,0.00615,0.221209,0.0619859,0.0860297,0.0222672,0.211073,800,500
0,0.75,1,5000,0.00232656,0.388958,0.00615,0.221209,0.0619859,0.0860297,0.0222672,0.211073,800,500
0,0.75,1,7000,0.00232656,0.388958,0.00615,0.221209,0.0619859,0.0860297,0.0222672,0.211073,800,500
0,0.75,1,10000,0.00232656,0.388958,0.00615,0.221209,0.0619859,0.0860297,0.0222672,0.211073,800,500
0,0.75,1,25000,0.00232656,0.388958,0.00615,0.221209,0.0619859,0.0860297,0.0222672,0.211073,800,500
0,0.75,1,50000,0.00232656,0.388958,0.00615,0.221209,0.0619859,0.0860297,0.0222672,0.211073,800,500
0.1,0.75,1,1000,0.123253,0.185542,0.126709,0.108486,0.153136,0.0462828,0.104016,0.152575,800,0
0.1,0.75,1,2000,0.14748,0.177739,0.14048,0.0915875,0.169877,0.0122203,0.135003,0.125614,800,0
0.1,0.75,1,3000,0.147069,0.179744,0.144353,0.0876125,0.166609,0.00725156,0.145663,0.121698,800,0
0.1,0.75,1,5000,0.148467,0.17088,0.154209,0.0829484,0.183461,0.000885938,0.144122,0.115027,800,0
0.1,0.75,1,7000,0.152247,0.181339,0.146603,0.0848969,0.170605,0.000210937,0.143786,0.120313,800,0
0.1,0.75,1,10000,0.154883,0.183403,0.158905,0.0910766,0.166362,0,0.133633,0.111738,800,0
0.1,0.75,1,25000,0.143447,0.175269,0.14797,0.0905422,0.177889,0,0.14747,0.117413,800,0
0.1,0.75,1,50000,0.154381,0.186252,0.151338,0.0898391,0.158981,0,0.140708,0.118502,800,0
0.05,0.75,1,1000,0.0885453,0.186453,0.0998281,0.132602,0.112328,0.10477,0.0865156,0.188958,800,0
0.05,0.75,1,2000,0.122298,0.193442,0.130081,0.123097,0.137398,0.0425813,0.10317,0.147931,800,0
0.05,0.75,1,3000,0.128297,0.186902,0.128722,0.1101,0.152972,0.0414766,0.112544,0.138988,800,0
0.05,0.75,1,5000,0.140564,0.184163,0.141073,0.111406,0.160831,0.0254,0.107602,0.128961,800,0
0.05,0.75,1,7000,0.14327,0.20062,0.141866,0.0966328,0.151545,0.0203609,0.118631,0.127073,800,0
0.05,0.75,1,10000,0.153656,0.176342,0.136805,0.0947594,0.162027,0.0131047,0.133586,0.12972,800,0
0.05,0.75,1,25000,0.139447,0.176633,0.160483,0.0806766,0.183509,0.00232031,0.140256,0.116675,800,0
0.05,0.75,1,50000,0.147922,0.181711,0.162067,0.0953703,0.1639,0,0.129319,0.119711,800,0
0.15,0.75,1,1000,0.115392,0.197022,0.123322,0.111888,0.154486,0.0368469,0.124566,0.136478,800,0
0.15,0.75,1,2000,0.135086,0.177031,0.147989,0.0907063,0.16242,0.00705469,0.151688,0.128025,800,0
0.15,0.75,1,3000,0.144409,0.195973,0.140831,0.0921078,0.175338,0.00373437,0.142975,0.104631,800,0
0.15,0.75,1,5000,0.152586,0.175072,0.146833,0.0986859,0.172955,0.00105781,0.138309,0.114502,800,0
0.15,0.75,1,7000,0.145073,0.17903,0.135475,0.0916453,0.181047,0,0.148094,0.119636,800,0
0.15,0.75,1,10000,0.137806,0.192389,0.143484,0.0922437,0.180111,0,0.139088,0.114878,800,0
0.15,0.75,1,25000,0.138719,0.1864,0.145009,0.0887125,0.189403,0,0.145702,0.106055,800,0
0.15,0.75,1,50000,0.142286,0.183961,0.153284,0.0780312,0.188413,0,0.147014,0.107011,800,0
0.1,0.75,1,1000,0.124892,0.194603,0.11907,0.110595,0.15858,0.0441828,0.1197,0.128377,800,0
0.1,0.75,1,2000,0.140628,0.177622,0.147073,0.0939563,0.170625,0.0152828,0.137158,0.117655,800,0
0.1,0.75,1,3000,0.141383,0.182709,0.140431,0.0981766,0.162025,0.0147281,0.1317,0.128847,800,0
0.1,0.75,1,5000,0.135623,0.180042,0.154067,0.0957875,0.184592,0.00281562,0.137602,0.10947,800,0
0.1,0.75,1,7000,0.148336,0.183891,0.144506,0.0936344,0.17305,0.000689063,0.129656,0.126238,800,0
0.1,0.75,1,10000,0.146744,0.17313,0.144422,0.0851125,0.19622,0,0.145181,0.109191,800,0
0.1,0.75,1,25000,0.14572,0.180028,0.146694,0.0917797,0.175017,0,0.148998,0.111763,800,0
0.1,0.75,1,50000,0.144167,0.176338,0.144086,0.0847891,0.193239,0,0.140383,0.116998,800,0
0.2,0.75,1,1000,0.114061,0.191664,0.125413,0.106605,0.162427,0.0368203,0.124047,0.138964,800,0
0.2,0.75,1,2000,0.12888,0.187378,0.138394,0.0954672,0.177009,0.0106484,0.14018,0.122044,800,0
0.2,0.75,1,3000,0.121364,0.190906,0.126216,0.100856,0.21162,0.00625156,0.135544,0.107242,800,0
0.2,0.75,1,5000,0.137694,0.189027,0.126614,0.0830219,0.192209,0.0003,0.155311,0.115823,800,0
0.2,0.75,1,7000,0.128806,0.203295,0.128766,0.0919844,0.194461,0,0.135628,0.117059,800,0
0.2,0.75,1,10000,0.139319,0.193031,0.145767,0.0878766,0.179867,0,0.145345,0.108794,800,0
0.2,0.75,1,25000,0.137336,0.190898,0.133572,0.0866656,0.197286,0,0.145633,0.108609,800,0
0.2,0.75,1,50000,0.129734,0.200428,0.145034,0.0839,0.194591,0,0.140058,0.106255,800,0
0.15,0.75,1,1000,0.129337,0.192917,0.127977,0.107883,0.151884,0.0323297,0.120455,0.137217,800,0
0.15,0.75,1,2000,0.130558,0.176652,0.135381,0.0943609,0.184484,0.00744688,0.144712,0.126405,800,0
0.15,0.75,1,3000,0.139986,0.192286,0.145291,0.0937766,0.182691,0.00450313,0.134722,0.106745,800,0
0.15,0.75,1,5000,0.138889,0.189072,0.144066,0.10223,0.177372,0,0.134942,0.11343,800,0
0.15,0.75,1,7000,0.13802,0.178417,0.151219,0.0785187,0.176516,0,0.148614,0.128695,800,0
0.15,0.75,1,10000,0.148147,0.185797,0.143609,0.0943766,0.186041,0,0.129214,0.112816,800,0
0.15,0.75,1,25000,0.138534,0.18528,0.144431,0.0990469,0.174755,0,0.136206,0.121747,800,0
0.15,0.75,1,50000,0.14358,0.179444,0.140223,0.0938828,0.16942,0,0.154438,0.119012,800,0
0.25,0.75,1,1000,0.106355,0.203164,0.118094,0.106419,0.165087,0.0359453,0.131041,0.133895,800,0
0.25,0.75,1,2000,0.115019,0.202306,0.136712,0.0869562,0.200417,0.00706719,0.139525,0.111997,800,0
0.25,0.75,1,3000,0.126625,0.200273,0.131977,0.0862016,0.206467,0.00295625,0.13203,0.11347,800,0
0.25,0.75,1,5000,0.128742,0.190414,0.131091,0.0940156,0.201437,0.000314062,0.133184,0.120802,800,0
0.25,0.75,1,7000,0.133772,0.192555,0.136431,0.0840391,0.200108,0,0.139873,0.113222,800,0
0.25,0.75,1,10000,0.127747,0.200655,0.125773,0.0760875,0.21268,0,0.140592,0.116466,800,0
0.25,0.75,1,25000,0.113945,0.211306,0.12733,0.0748984,0.202609,0,0.154066,0.115845,800,0
0.25,0.75,1,50000,0.117313,0.206356,0.123603,0.0880563,0.19262,0,0.147089,0.124963,800,0
0.2,0.75,1,1000,0.122884,0.200123,0.126736,0.0877938,0.163339,0.0313609,0.131877,0.135886,800,0
0.2,0.75,1,2000,0.130645,0.193833,0.137362,0.0816016,0.171113,0.00927656,0.148613,0.127556,800,0
0.2,0.75,1,3000,0.130591,0.189483,0.141298,0.0891016,0.191166,0.000751562,0.1443,0.113309,800,0
0.2,0.75,1,5000,0.141308,0.19915,0.135427,0.0842,0.172778,0,0.142298,0.124839,800,0
0.2,0.75,1,7000,0.139998,0.197478,0.131516,0.0878828,0.190241,0,0.139894,0.112991,800,0
0.2,0.75,1,10000,0.126519,0.1781,0.138455,0.0905297,0.184356,0,0.158156,0.123884,800,0
0.2,0.75,1,25000,0.12412,0.195027,0.140525,0.0866734,0.198988,0,0.145006,0.109661,800,0
0.2,0.75,1,50000,0.136594,0.184539,0.132452,0.0894328,0.192736,0,0.147189,0.117058,800,0
0.3,0.75,1,1000,0.0914813,0.205575,0.110158,0.113197,0.150605,0.0553594,0.118577,0.155048,800,0
0.3,0.75,1,2000,0.101211,0.216845,0.11747,0.0942125,0.178358,0.021825,0.138695,0.131383,800,0
0.3,0.75,1,3000,0.109567,0.206903,0.112433,0.086375,0.196692,0.0107328,0.153062,0.124234,800,0
0.3,0.75,1,5000,0.115691,0.220019,0.125789,0.0813906,0.184989,0.0013125,0.150792,0.120017,800,0
0.3,0.75,1,7000,0.114316,0.204673,0.118569,0.0873094,0.209814,0,0.153142,0.112177,800,0
0.3,0.75,1,10000,0.11222,0.200273,0.134125,0.0867437,0.211853,0,0.135498,0.119286,800,0
0.3,0.75,1,25000,0.116816,0.215747,0.126428,0.0851453,0.195253,0,0.153737,0.106873,800,0
0.3,0.75,1,50000,0.116337,0.200128,0.117112,0.0797172,0.219878,0,0.148934,0.117892,800,0
0.25,0.75,1,1000,0.11325,0.184087,0.116597,0.105692,0.183062,0.0312281,0.131298,0.134784,800,0
0.25,0.75,1,2000,0.115761,0.20735,0.123881,0.0870563,0.188178,0.00742031,0.142984,0.127369,800,0
0.25,0.75,1,3000,0.125581,0.200572,0.129255,0.0843781,0.201545,0.00170781,0.144227,0.112734,800,0
0.25,0.75,1,5000,0.122961,0.201028,0.130864,0.0816469,0.209512,0,0.147267,0.10672,800,0
0.25,0.75,1,7000,0.127208,0.195277,0.136936,0.0834906,0.197397,0,0.146836,0.112856,800,0
0.25,0.75,1,10000,0.11857,0.195202,0.13062,0.0914016,0.196656,0,0.149853,0.117697,800,0
0.25,0.75,1,25000,0.122645,0.189056,0.128773,0.0791344,0.219992,0,0.139431,0.120967,800,0
0.25,0.75,1,50000,0.134952,0.19618,0.145334,0.0739922,0.1916,0,0.152359,0.105583,800,0
0.35,0.75,1,1000,0.0679547,0.220775,0.0775078,0.135211,0.131861,0.0924391,0.0985156,0.175736,800,0
0.35,0.75,1,2000,0.0745453,0.226356,0.0874766,0.117155,0.145852,0.0706672,0.123,0.154948,800,0
0.35,0.75,1,3000,0.0725234,0.224503,0.0900641,0.119372,0.157709,0.0632438,0.110641,0.161944,800,0
0.35,0.75,1,5000,0.0730734,0.211938,0.0829859,0.13008,0.14955,0.0744641,0.105202,0.172708,800,0
0.35,0.75,1,7000,0.0830453,0.23043,0.0875609,0.118127,0.150994,0.0639422,0.113212,0.152689,800,0
0.35,0.75,1,10000,0.0797859,0.215952,0.106237,0.113353,0.168639,0.0456297,0.126413,0.143991,800,0
0.35,0.75,1,25000,0.0960625,0.2259,0.123898,0.0794969,0.209534,0.00360625,0.133313,0.128189,800,0
0.35,0.75,1,50000,0.0907859,0.227841,0.10927,0.0786422,0.225477,0,0.152881,0.115103,800,0
0.3,0.75,1,1000,0.0931406,0.216316,0.0989687,0.106155,0.167258,0.0438359,0.126375,0.147952,800,0
0.3,0.75,1,2000,0.0974516,0.213994,0.117411,0.0880937,0.182928,0.0216938,0.143038,0.135391,800,0
0.3,0.75,1,3000,0.105047,0.212237,0.121259,0.0791422,0.183745,0.0105609,0.150008,0.138,800,0
0.3,0.75,1,5000,0.109042,0.201177,0.128775,0.0822688,0.195909,0.00506094,0.16622,0.111547,800,0
0.3,0.75,1,7000,0.116531,0.212883,0.131073,0.0768906,0.191595,0.00261562,0.151941,0.11647,800,0
0.3,0.75,1,10000,0.111016,0.203767,0.130436,0.0918016,0.199648,0,0.148859,0.114472,800,0
0.3,0.75,1,25000,0.11597,0.202503,0.129156,0.0790281,0.21848,0,0.14297,0.111892,800,0
0.3,0.75,1,50000,0.124427,0.204233,0.121878,0.0832031,0.197575,0,0.15257,0.116114,800,0
0.4,0.75,1,1000,0.0320312,0.243694,0.0527641,0.162881,0.100056,0.127683,0.0684984,0.212392,800,0
0.4,0.75,1,2000,0.0195344,0.256091,0.0186703,0.211497,0.03535,0.196117,0.0265516,0.236189,800,0
0.4,0.75,1,3000,0.00120469,0.250923,0.001775,0.24402,0.00484375,0.243647,0.00442344,0.249163,800,0
0.4,0.75,1,5000,0,0.249184,0,0.244456,0,0.252342,0,0.254017,800,0
0.4,0.75,1,7000,0,0.249589,0,0.252217,0,0.247278,0,0.250916,800,0
0.4,0.75,1,10000,0,0.247909,0,0.248383,0,0.246611,0,0.257097,800,0
0.4,0.75,1,25000,0,0.242806,0,0.248584,0,0.254658,0,0.253952,800,0
0.4,0.75,1,50000,0,0.257263,0,0.24557,0,0.244545,0,0.252622,800,0
0.35,0.75,1,1000,0.0562219,0.241581,0.0700984,0.147462,0.114184,0.103986,0.0872844,0.179181,800,0
0.35,0.75,1,2000,0.0528625,0.237598,0.0731688,0.142444,0.114873,0.100128,0.0983547,0.18057,800,0
0.35,0.75,1,3000,0.0676828,0.219639,0.0746656,0.149189,0.107975,0.11363,0.0887734,0.178445,800,0
0.35,0.75,1,5000,0.0573875,0.240367,0.0815281,0.133705,0.127047,0.105159,0.0944641,0.160342,800,0
0.35,0.75,1,7000,0.059675,0.236678,0.0723172,0.162908,0.116617,0.103875,0.0818797,0.16605,800,0
0.35,0.75,1,10000,0.0619047,0.221445,0.0714891,0.144602,0.121963,0.108875,0.0867156,0.183006,800,0
0.35,0.75,1,25000,0.0444625,0.243031,0.0502563,0.183859,0.0782812,0.141187,0.0683312,0.190591,800,0
0.35,0.75,1,50000,0,0.252072,0,0.247783,0,0.247742,0,0.252403,800,0
0.4,0.75,1,1000,0.0360313,0.237183,0.0487422,0.187964,0.0867437,0.150364,0.0523812,0.200591,800,0
0.4,0.75,1,2000,0.0120141,0.24728,0.0139813,0.221944,0.0258578,0.221123,0.0192641,0.238536,800,0
0.4,0.75,1,3000,0.00444531,0.246287,0.00426094,0.244444,0.00794844,0.235136,0.00577813,0.2517,800,0
0.4,0.75,1,5000,0,0.245875,0,0.25442,0,0.247784,0,0.25192,800,0
0.4,0.75,1,7000,0,0.248189,0,0.25752,0,0.252078,0,0.242212,800,0
0.4,0.75,1,10000,0,0.250442,0,0.253736,0,0.258916,0,0.236906,800,0
0.4,0.75,1,25000,0,0.245597,0,0.252814,0,0.252631,0,0.248958,800,0
0.4,0.75,1,50000,0,0.255028,0,0.252928,0,0.246698,0,0.245345,800,0
0,0.75,1,1000,0.111725,0.148025,0.099575,0.17265,0.1152,0.07635,0.0606,0.215875,200,0
0,0.75,1,2000,0.1833,0.185025,0.153825,0.07195,0.1454,0.010225,0.112325,0.13795,200,0
0,0.75,1,3000,0.16565,0.166425,0.1415,0.0806,0.178075,0,0.1537,0.11405,200,0
0,0.75,1,5000,0.18175,0.151225,0.144275,0.0782,0.200825,0,0.12995,0.113775,200,0
0,0.75,1,7000,0.16825,0.166925,0.1553,0.07905,0.1843,0,0.11745,0.128725,200,0
0,0.75,1,10000,0.2192,0.15275,0.161025,0.0943,0.14945,0,0.12445,0.098825,200,0
0,0.75,1,25000,0.16565,0.219925,0.155475,0.087675,0.134125,0,0.106525,0.130625,200,0
0,0.75,1,50000,0.1783,0.13805,0.145325,0.10875,0.182125,0,0.1066,0.14085,200,0
0.05,0.75,1,1000,0.13335,0.138425,0.14215,0.0682,0.1965,0.00565,0.163675,0.15205,200,0
0.05,0.75,1,2000,0.171575,0.1656,0.16095,0.106825,0.1687,0,0.10935,0.117,200,0
0.05,0.75,1,3000,0.174225,0.15245,0.173925,0.0755,0.182525,0,0.104375,0.137,200,0
0.05,0.75,1,5000,0.143625,0.129925,0.162625,0.054925,0.217025,0,0.16075,0.131125,200,0
0.05,0.75,1,7000,0.185775,0.17585,0.157,0.0682,0.1595,0,0.126,0.127675,200,0
0.05,0.75,1,10000,0.173225,0.1782,0.154275,0.109225,0.19895,0,0.0848,0.101325,200,0
0.05,0.75,1,25000,0.1319,0.14145,0.1355,0.08575,0.15335,0,0.15095,0.2011,200,0
0.05,0.75,1,50000,0.185825,0.14905,0.165175,0.070025,0.170475,0,0.1343,0.12515,200,0
0.1,0.75,1,1000,0.147275,0.147225,0.144125,0.04895,0.245825,0.000875,0.141425,0.1243,200,0
0.1,0.75,1,2000,0.186575,0.16335,0.149425,0.094425,0.1544,0,0.13515,0.116675,200,0
0.1,0.75,1,3000,0.158475,0.1573,0.14115,0.096725,0.2512,0,0.0836,0.11155,200,0
0.1,0.75,1,5000,0.14065,0.17765,0.178675,0.058225,0.1723,0,0.1468,0.1257,200,0
0.1,0.75,1,7000,0.1759,0.20915,0.1767,0.054775,0.177825,0,0.1149,0.09075,200,0
0.1,0.75,1,10000,0.168,0.1773,0.1318,0.0559,0.244575,0,0.120575,0.10185,200,0
0.1,0.75,1,25000,0.1901,0.194725,0.144525,0.076175,0.17665,0,0.11145,0.106375,200,0
0.1,0.75,1,50000,0.15925,0.193,0.153075,0.071825,0.145225,0,0.170725,0.1069,200,0
0.15,0.75,1,1000,0.136425,0.192525,0.1497,0.05705,0.2708,0,0.119325,0.074175,200,0
0.15,0.75,1,2000,0.131375,0.1348,0.13895,0.0984,0.25805,0,0.10665,0.131775,200,0
0.15,0.75,1,3000,0.14505,0.211125,0.171775,0.063975,0.159425,0,0.161825,0.086825,200,0
0.15,0.75,1,5000,0.162825,0.170525,0.1806,0.04695,0.1404,0,0.159325,0.139375,200,0
0.15,0.75,1,7000,0.1426,0.1685,0.16825,0.051825,0.1942,0,0.14725,0.127375,200,0
0.15,0.75,1,10000,0.124675,0.193325,0.181325,0.08615,0.16675,0,0.119975,0.1278,200,0
0.15,0.75,1,25000,0.1409,0.204475,0.1288,0.042425,0.169575,0,0.16455,0.149275,200,0
0.15,0.75,1,50000,0.1558,0.1958,0.16985,0.079975,0.223475,0,0.08785,0.08725,200,0
0.2,0.75,1,1000,0.15985,0.1871,0.114025,0.077825,0.22675,0.0009,0.0975,0.13605,200,0
0.2,0.75,1,2000,0.1199,0.174375,0.149775,0.075575,0.239725,0,0.100625,0.140025,200,0
0.2,0.75,1,3000,0.156875,0.1614,0.156925,0.067325,0.18485,0,0.14685,0.125775,200,0
0.2,0.75,1,5000,0.136675,0.1944,0.15655,0.06305,0.156875,0,0.17145,0.121,200,0
0.2,0.75,1,7000,0.1472,0.18105,0.1368,0.0769,0.212425,0,0.125675,0.11995,200,0
0.2,0.75,1,10000,0.129,0.17905,0.1637,0.085125,0.142,0,0.12805,0.173075,200,0
0.2,0.75,1,25000,0.18865,0.164275,0.124325,0.082075,0.2156,0,0.107075,0.118,200,0
0.2,0.75,1,50000,0.13835,0.148375,0.147,0.0855,0.15175,0,0.163,0.166025,200,0
0.25,0.75,1,1000,0.099875,0.1682,0.16495,0.07595,0.226425,0.010425,0.11505,0.139125,200,0
0.25,0.75,1,2000,0.10735,0.201975,0.12015,0.0723,0.320675,0,0.09765,0.0799,200,0
0.25,0.75,1,3000,0.15345,0.139825,0.2147,0.063825,0.190225,0,0.1449,0.093075,200,0
0.25,0.75,1,5000,0.15445,0.15475,0.10855,0.0985,0.192425,0,0.1229,0.168425,200,0
0.25,0.75,1,7000,0.1207,0.154175,0.1409,0.056325,0.243825,0,0.1378,0.146275,200,0
0.25,0.75,1,10000,0.13355,0.219425,0.10065,0.070625,0.206875,0,0.1083,0.160575,200,0
0.25,0.75,1,25000,0.18285,0.1765,0.169125,0.0925,0.1638,0,0.141425,0.0738,200,0
0.25,0.75,1,50000,0.1446,0.149975,0.158775,0.035225,0.221375,0,0.176975,0.113075,200,0
0.3,0.75,1,1000,0.100275,0.186425,0.15495,0.069875,0.166475,0.03415,0.129625,0.158225,200,0
0.3,0.75,1,2000,0.118525,0.121075,0.16315,0.076425,0.26745,0,0.127425,0.12595,200,0
0.3,0.75,1,3000,0.100125,0.204675,0.123725,0.070675,0.229575,0,0.104625,0.1666,200,0
0.3,0.75,1,5000,0.12785,0.16275,0.140425,0.10865,0.210175,0,0.132875,0.117275,200,0
0.3,0.75,1,7000,0.105375,0.1727,0.161925,0.0567,0.2427,0,0.11165,0.14895,200,0
0.3,0.75,1,10000,0.1077,0.215825,0.12835,0.087875,0.19045,0,0.170225,0.099575,200,0
0.3,0.75,1,25000,0.09365,0.181525,0.142775,0.061375,0.33835,0,0.09025,0.092075,200,0
0.3,0.75,1,50000,0.105825,0.198775,0.1374,0.056575,0.2135,0,0.126675,0.16125,200,0
0.35,0.75,1,1000,0.011675,0.1835,0.055475,0.198925,0.054125,0.22545,0.034625,0.236225,200,0
0.35,0.75,1,2000,0.0137,0.25015,0.027225,0.216275,0.0224,0.22555,0.0212,0.2235,200,0
0.35,0.75,1,3000,0,0.277375,0,0.234825,0,0.2459,0,0.2419,200,0
0.35,0.75,1,5000,0,0.23545,0,0.23755,0,0.274075,0,0.252925,200,0
0.35,0.75,1,7000,0,0.25235,0,0.22445,0,0.265275,0,0.257925,200,0
0.35,0.75,1,10000,0,0.259075,0,0.2638,0,0.23675,0,0.240375,200,0
0.35,0.75,1,25000,0,0.291525,0,0.231325,0,0.253,0,0.22415,200,0
0.35,0.75,1,50000,0,0.245275,0,0.271375,0,0.25235,0,0.231,200,0
0.4,0.75,1,1000,0.041175,0.249125,0.059225,0.145475,0.0907,0.116275,0.097075,0.20095,200,0
0.4,0.75,1,2000,0.02875,0.253225,0.0046,0.315275,0.00445,0.206875,0.0151,0.171725,200,0
0.4,0.75,1,3000,0,0.259925,0,0.263325,0,0.2367,0,0.24005,200,0
0.4,0.75,1,5000,0,0.232175,0,0.2558,0,0.2612,0,0.250825,200,0
0.4,0.75,1,7000,0,0.239225,0,0.26215,0,0.244675,0,0.25395,200,0
0.4,0.75,1,10000,0,0.268525,0,0.28205,0,0.235525,0,0.2139,200,0
0.4,0.75,1,25000,0,0.227825,0,0.228475,0,0.2817,0,0.262,200,0
0.4,0.75,1,50000,0,0.253725,0,0.216325,0,0.24585,0,0.2841,200,0
0,0.75,1,1000,0.0099,0.360575,0.03285,0.2867,0.0447,0.154275,0.011625,0.099375,200,0
0,0.75,1,2000,0.04805,0.512025,0.0655,0.097575,0.0018,0.05755,0.00815,0.20935,200,0
0,0.75,1,3000,0,0.010225,0,0.970525,0,0.011825,0.001575,0.00585,200,0
0,0.75,1,5000,0,0.010225,0,0.970525,0,0.011825,0.001575,0.00585,200,4000
0,0.75,1,7000,0,0.010225,0,0.970525,0,0.011825,0.001575,0.00585,200,4000
0,0.75,1,10000,0,0.010225,0,0.970525,0,0.011825,0.001575,0.00585,200,4000
0,0.75,1,25000,0,0.010225,0,0.970525,0,0.011825,0.001575,0.00585,200,4000
0,0.75,1,50000,0,0.010225,0,0.970525,0,0.011825,0.001575,0.00585,200,4000
0.05,0.75,1,1000,0.137475,0.15265,0.14335,0.072625,0.245575,0.003975,0.127675,0.116675,200,0
0.05,0.75,1,2000,0.153825,0.141875,0.15145,0.08715,0.23425,0,0.11195,0.1195,200,0
0.05,0.75,1,3000,0.136125,0.167425,0.17905,0.04915,0.233725,0,0.149775,0.08475,200,0
0.05,0.75,1,5000,0.168825,0.212,0.173175,0.065925,0.137675,0,0.149925,0.092475,200,0
0.05,0.75,1,7000,0.184,0.160375,0.156025,0.081325,0.160025,0,0.120525,0.137725,200,0
0.05,0.75,1,10000,0.144325,0.17435,0.14175,0.057575,0.258725,0,0.118825,0.10445,200,0
0.05,0.75,1,25000,0.147,0.1638,0.18015,0.090075,0.233325,0,0.118075,0.067575,200,0
0.05,0.75,1,50000,0.159425,0.13895,0.18395,0.0483,0.208625,0,0.14155,0.1192,200,0
0.1,0.75,1,1000,0.14845,0.1584,0.16315,0.08425,0.177425,0.000125,0.102375,0.165825,200,0
0.1,0.75,1,2000,0.127775,0.1613,0.18155,0.109975,0.19435,0,0.091925,0.133125,200,0
0.1,0.75,1,3000,0.1438,0.164625,0.14385,0.07595,0.236175,0,0.128025,0.107575,200,0
0.1,0.75,1,5000,0.1363,0.133575,0.163425,0.089725,0.2817,0,0.096225,0.09905,200,0
0.1,0.75,1,7000,0.180775,0.158125,0.158325,0.076775,0.189025,0,0.140625,0.09635,200,0
0.1,0.75,1,10000,0.1203,0.134825,0.1581,0.0749,0.246225,0,0.1285,0.13715,200,0
0.1,0.75,1,25000,0.17195,0.1466,0.1931,0.078875,0.145775,0,0.143775,0.119925,200,0
0.1,0.75,1,50000,0.158025,0.155975,0.129325,0.069075,0.243325,0,0.122875,0.1214,200,0
0.15,0.75,1,1000,0.164175,0.209375,0.147775,0.08665,0.2262,0.00205,0.0834,0.080375,200,0
0.15,0.75,1,2000,0.138975,0.161375,0.155225,0.088775,0.206225,0.00115,0.123675,0.1246,200,0
0.15,0.75,1,3000,0.1569,0.184925,0.127475,0.072,0.20285,0,0.137575,0.118275,200,0
0.15,0.75,1,5000,0.12975,0.159725,0.168775,0.056975,0.187025,0,0.131075,0.166675,200,0
0.15,0.75,1,7000,0.122675,0.13555,0.143025,0.13865,0.17905,0,0.13635,0.1447,200,0
0.15,0.75,1,10000,0.129675,0.16815,0.17315,0.086375,0.185125,0,0.101225,0.1563,200,0
0.15,0.75,1,25000,0.17895,0.174925,0.133575,0.10175,0.146575,0,0.156825,0.1074,200,0
0.15,0.75,1,50000,0.125,0.172575,0.1521,0.06465,0.19595,0,0.173275,0.11645,200,0
0.2,0.75,1,1000,0.117825,0.1813,0.171575,0.070625,0.216,0.000475,0.1344,0.1078,200,0
0.2,0.75,1,2000,0.120025,0.181775,0.1092,0.084675,0.233075,0,0.157775,0.113475,200,0
0.2,0.75,1,3000,0.148475,0.186025,0.1861,0.0687,0.22965,0,0.094275,0.086775,200,0
0.2,0.75,1,5000,0.19225,0.182475,0.135925,0.070675,0.233375,0,0.0962,0.0891,200,0
0.2,0.75,1,7000,0.1174,0.15575,0.1717,0.0684,0.265875,0,0.138875,0.082,200,0
0.2,0.75,1,10000,0.170725,0.1471,0.150825,0.076625,0.21495,0,0.127775,0.112,200,0
0.2,0.75,1,25000,0.137325,0.1489,0.144375,0.0995,0.182125,0,0.118025,0.16975,200,0
0.2,0.75,1,50000,0.161325,0.1821,0.149525,0.09545,0.16515,0,0.13285,0.1136,200,0
0,0.75,1,1000,0.070675,0.18435,0.113775,0.139275,0.093625,0.06945,0.0989,0.22995,200,0
0,0.75,1,2000,0.124025,0.153925,0.175725,0.071925,0.173925,0.002325,0.149575,0.148575,200,0
0,0.75,1,3000,0.167525,0.171725,0.174825,0.057175,0.16355,0,0.148325,0.116875,200,0
0,0.75,1,5000,0.1704,0.1627,0.17825,0.08375,0.136525,0,0.15655,0.111825,200,0
0,0.75,1,7000,0.153175,0.187025,0.1472,0.08505,0.159825,0,0.154175,0.11355,200,0
0,0.75,1,10000,0.16635,0.19765,0.143475,0.089175,0.168725,0,0.118875,0.11575,200,0
0,0.75,1,25000,0.166425,0.1564,0.154125,0.087025,0.22785,0,0.106975,0.1012,200,0
0,0.75,1,50000,0.137575,0.189475,0.159175,0.10485,0.19595,0,0.129075,0.0839,200,0
0.25,0.75,1,1000,0.124675,0.213575,0.114375,0.102125,0.142125,0.026225,0.1343,0.1426,200,0
0.25,0.75,1,2000,0.1501,0.181975,0.14985,0.05805,0.2431,0,0.12275,0.094175,200,0
0.25,0.75,1,3000,0.141075,0.18885,0.1387,0.0987,0.1443,0,0.127975,0.1604,200,0
0.25,0.75,1,5000,0.110975,0.190675,0.14865,0.095125,0.238525,0,0.0785,0.13755,200,0
0.25,0.75,1,7000,0.149425,0.1798,0.138025,0.05625,0.255825,0,0.133125,0.08755,200,0
0.25,0.75,1,10000,0.116875,0.210275,0.132625,0.075,0.21535,0,0.10155,0.148325,200,0
0.25,0.75,1,25000,0.120775,0.2028,0.1351,0.098875,0.20715,0,0.129325,0.105975,200,0
0.25,0.75,1,50000,0.142975,0.1439,0.14715,0.07985,0.221775,0,0.123575,0.140775,200,0
0.05,0.75,1,1000,0.147525,0.150725,0.143,0.059125,0.148725,0.024575,0.151825,0.1745,200,0
0.05,0.75,1,2000,0.133575,0.1445,0.175675,0.10075,0.141775,0,0.129325,0.1744,200,0
0.05,0.75,1,3000,0.1535,0.17685,0.147925,0.082475,0.17735,0,0.154675,0.107225,200,0
0.05,0.75,1,5000,0.139375,0.172425,0.1596,0.096025,0.190025,0,0.11375,0.1288,200,0
0.05,0.75,1,7000,0.1686,0.180075,0.171675,0.074725,0.15495,0,0.1558,0.094175,200,0
0.05,0.75,1,10000,0.1517,0.1547,0.16075,0.068375,0.206625,0,0.142925,0.114925,200,0
0.05,0.75,1,25000,0.121125,0.1485,0.16095,0.071625,0.21535,0,0.185325,0.097125,200,0
0.05,0.75,1,50000,0.1637,0.164525,0.143975,0.098275,0.216075,0,0.094525,0.118925,200,0
0.3,0.75,1,1000,0.12205,0.18515,0.175325,0.053325,0.193825,0,0.12665,0.143675,200,0
0.3,0.75,1,2000,0.124675,0.185675,0.16485,0.045875,0.198625,0,0.13875,0.14155,200,0
0.3,0.75,1,3000,0.100075,0.183925,0.09665,0.116525,0.27185,0,0.0824,0.148575,200,0
0.3,0.75,1,5000,0.138825,0.187475,0.18015,0.057975,0.182425,0,0.128625,0.124525,200,0
0.3,0.75,1,7000,0.10175,0.191375,0.12435,0.07285,0.243175,0,0.135175,0.131325,200,0
0.3,0.75,1,10000,0.101125,0.17905,0.0954,0.078025,0.271225,0,0.150075,0.1251,200,0
0.3,0.75,1,25000,0.100275,0.17245,0.137725,0.0733,0.2941,0,0.13105,0.0911,200,0
0.3,0.75,1,50000,0.121675,0.18715,0.125425,0.062675,0.2381,0,0.14435,0.120625,200,0
0.1,0.75,1,1000,0.1243,0.15025,0.146675,0.098125,0.205175,0.021325,0.1549,0.09925,200,0
0.1,0.75,1,2000,0.1618,0.1957,0.1736,0.081625,0.168675,0,0.112775,0.105825,200,0
0.1,0.75,1,3000,0.17935,0.162425,0.1377,0.058075,0.213325,0,0.143525,0.1056,200,0
0.1,0.75,1,5000,0.155975,0.152175,0.159625,0.071575,0.23115,0,0.134575,0.094925,200,0
0.1,0.75,1,7000,0.1568,0.157275,0.15925,0.07455,0.1451,0,0.164175,0.14285,200,0
0.1,0.75,1,10000,0.1469,0.1763,0.16875,0.073,0.10425,0,0.154625,0.176175,200,0
0.1,0.75,1,25000,0.176375,0.1629,0.158325,0.063425,0.2222,0,0.09365,0.123125,200,0
0.1,0.75,1,50000,0.151325,0.177275,0.15765,0.084675,0.174225,0,0.19085,0.064,200,0
0.35,0.75,1,1000,0.04345,0.2174,0.09565,0.105625,0.0979,0.1448,0.089375,0.2058,200,0
0.35,0.75,1,2000,0.0543,0.159925,0.068075,0.1728,0.098075,0.19415,0.031575,0.2211,200,0
0.35,0.75,1,3000,0,0.2413,0,0.242225,0,0.26365,0,0.252825,200,0
0.35,0.75,1,5000,0,0.238225,0,0.227875,0,0.268325,0,0.265575,200,0
0.35,0.75,1,7000,0,0.232225,0,0.2404,0,0.2566,0,0.270775,200,0
0.35,0.75,1,10000,0,0.2506,0,0.234575,0,0.243125,0,0.2717,200,0
0.35,0.75,1,25000,0,0.248,0,0.2442,0,0.2612,0,0.2466,200,0
0.35,0.75,1,50000,0,0.241725,0,0.22415,0,0.26215,0,0.271975,200,0
0.15,0.75,1,1000,0.1409,0.176475,0.12625,0.115625,0.221,0.0273,0.0814,0.11105,200,0
0.15,0.75,1,2000,0.156725,0.169525,0.181275,0.0919,0.116625,0.0011,0.14775,0.1351,200,0
0.15,0.75,1,3000,0.127225,0.1781,0.163325,0.0681,0.155225,0,0.15045,0.157575,200,0
0.15,0.75,1,5000,0.1181,0.198325,0.1248,0.07045,0.22335,0,0.131275,0.1337,200,0
0.15,0.75,1,7000,0.174125,0.17685,0.171875,0.07485,0.191475,0,0.117025,0.0938,200,0
0.15,0.75,1,10000,0.125325,0.14845,0.1724,0.09175,0.195325,0,0.137975,0.128775,200,0
0.15,0.75,1,25000,0.14575,0.182075,0.131775,0.098925,0.1485,0,0.13425,0.158725,200,0
0.15,0.75,1,50000,0.148825,0.150975,0.156975,0.0852,0.1591,0,0.13665,0.162275,200,0
0.4,0.75,1,1000,0.016825,0.262125,0.0571,0.198425,0.04795,0.164525,0.051075,0.201975,200,0
0.4,0.75,1,2000,0.00605,0.247825,0.0169,0.195275,0.014625,0.249675,0.003075,0.266575,200,0
0.4,0.75,1,3000,0,0.263125,0,0.269125,0,0.238925,0,0.228825,200,0
0.4,0.75,1,5000,0,0.250675,0,0.2664,0,0.261675,0,0.22125,200,0
0.4,0.75,1,7000,0,0.252275,0,0.251225,0,0.2481,0,0.2484,200,0
0.4,0.75,1,10000,0,0.241475,0,0.26215,0,0.2482,0,0.248175,200,0
0.4,0.75,1,25000,0,0.252325,0,0.258275,0,0.228875,0,0.260525,200,0
0.4,0.75,1,50000,0,0.25065,0,0.2402,0,0.249325,0,0.259825,200,0
0.2,0.75,1,1000,0.1246,0.1847,0.162175,0.064825,0.172825,0.000125,0.127875,0.162875,200,0
0.2,0.75,1,2000,0.09105,0.1909,0.14825,0.06265,0.237225,0,0.143825,0.1261,200,0
0.2,0.75,1,3000,0.124325,0.151225,0.133475,0.105575,0.23845,0,0.12895,0.118,200,0
0.2,0.75,1,5000,0.1416,0.200325,0.14885,0.076075,0.16685,0,0.143175,0.123125,200,0
0.2,0.75,1,7000,0.131225,0.176925,0.1506,0.0588,0.222775,0,0.14515,0.114525,200,0
0.2,0.75,1,10000,0.11715,0.17355,0.1671,0.0611,0.1663,0,0.15485,0.15995,200,0
0.2,0.75,1,25000,0.1056,0.1919,0.139225,0.050775,0.35815,0,0.101725,0.052625,200,0
0.2,0.75,1,50000,0.13385,0.139475,0.161575,0.099525,0.23795,0,0.076025,0.1516,200,0
0,0.75,1,1000,0.05675,0.22185,0.142275,0.203425,0.074175,0.1045,0.0468,0.150225,200,0
0,0.75,1,2000,0.1231,0.14945,0.157775,0.100175,0.170975,0.0033,0.121575,0.17365,200,0
0,0.75,1,3000,0.166525,0.1631,0.156975,0.06725,0.240075,0,0.137625,0.06845,200,0
0,0.75,1,5000,0.151325,0.185375,0.170575,0.10705,0.15655,0,0.11265,0.116475,200,0
0,0.75,1,7000,0.145275,0.194325,0.173575,0.079175,0.174725,0,0.12985,0.103075,200,0
0,0.75,1,10000,0.21875,0.1687,0.1556,0.076925,0.146375,0,0.10745,0.1262,200,0
0,0.75,1,25000,0.1528,0.18055,0.1526,0.06395,0.175975,0,0.14525,0.128875,200,0
0,0.75,1,50000,0.168325,0.20375,0.158275,0.086625,0.203725,0,0.0929,0.0864,200,0
0.25,0.75,1,1000,0.128,0.2012,0.131275,0.044975,0.198725,0.032325,0.148375,0.115125,200,0
0.25,0.75,1,2000,0.096575,0.185125,0.137125,0.067475,0.24795,0,0.13585,0.1299,200,0
0.25,0.75,1,3000,0.102075,0.163275,0.14265,0.083375,0.21355,0,0.1359,0.159175,200,0
0.25,0.75,1,5000,0.1193,0.170775,0.1173,0.0729,0.301025,0,0.10265,0.11605,200,0
0.25,0.75,1,7000,0.158425,0.191675,0.138575,0.06475,0.177425,0,0.1299,0.13925,200,0
0.25,0.75,1,10000,0.155675,0.1511,0.162475,0.075425,0.264125,0,0.100925,0.090275,200,0
0.25,0.75,1,25000,0.11315,0.161925,0.1323,0.05865,0.304475,0,0.14625,0.08325,200,0
0.25,0.75,1,50000,0.11065,0.1471,0.15115,0.050825,0.265925,0,0.152225,0.122125,200,0
0.05,0.75,1,1000,0.167325,0.1447,0.13715,0.084375,0.164375,0.006025,0.12845,0.1676,200,0
0.05,0.75,1,2000,0.15345,0.17715,0.145625,0.07095,0.19085,0,0.1311,0.130875,200,0
0.05,0.75,1,3000,0.191275,0.145725,0.187075,0.079975,0.15255,0,0.12455,0.11885,200,0
0.05,0.75,1,5000,0.17115,0.182025,0.14095,0.062325,0.1938,0,0.11075,0.139,200,0
0.05,0.75,1,7000,0.1482,0.185875,0.16935,0.111475,0.158025,0,0.1343,0.092775,200,0
0.05,0.75,1,10000,0.146175,0.178475,0.18165,0.0718,0.1929,0,0.117225,0.111775,200,0
0.05,0.75,1,25000,0.1544,0.1736,0.14145,0.1034,0.216525,0,0.11635,0.094275,200,0
0.05,0.75,1,50000,0.1649,0.169375,0.158975,0.078875,0.174375,0,0.158525,0.094975,200,0
0.3,0.75,1,1000,0.097575,0.176725,0.1275,0.08215,0.230725,0.027675,0.0939,0.16375,200,0
0.3,0.75,1,2000,0.131525,0.211075,0.177325,0.0449,0.224825,0.01175,0.106775,0.091825,200,0
0.3,0.75,1,3000,0.09715,0.166625,0.13155,0.10855,0.252075,7.5e-05,0.11155,0.132425,200,0
0.3,0.75,1,5000,0.134975,0.191775,0.1463,0.060725,0.2403,0,0.09065,0.135275,200,0
0.3,0.75,1,7000,0.1283,0.226475,0.145275,0.067425,0.14455,0,0.144425,0.14355,200,0
0.3,0.75,1,10000,0.137425,0.23065,0.1265,0.038875,0.23795,0,0.116275,0.112325,200,0
0.3,0.75,1,25000,0.114925,0.23705,0.121275,0.072575,0.1781,0,0.108925,0.16715,200,0
0.3,0.75,1,50000,0.171625,0.1857,0.167525,0.05625,0.164025,0,0.126475,0.1284,200,0
0.1,0.75,1,1000,0.1582,0.147175,0.159575,0.082075,0.216225,0,0.142475,0.094275,200,0
0.1,0.75,1,2000,0.1586,0.1579,0.165775,0.07635,0.243575,0,0.117,0.0808,200,0
0.1,0.75,1,3000,0.174425,0.162775,0.211125,0.0656,0.16395,0,0.121175,0.10095,200,0
0.1,0.75,1,5000,0.146125,0.157575,0.132175,0.1112,0.1489,0,0.10775,0.196275,200,0
0.1,0.75,1,7000,0.1539,0.165325,0.156275,0.050875,0.1493,0,0.18105,0.143275,200,0
0.1,0.75,1,10000,0.1546,0.167575,0.173275,0.0877,0.16745,0,0.140125,0.109275,200,0
0.1,0.75,1,25000,0.144475,0.179475,0.157375,0.09605,0.194175,0,0.14485,0.0836,200,0
0.1,0.75,1,50000,0.15815,0.154325,0.16875,0.0785,0.155725,0,0.133075,0.151475,200,0
0.35,0.75,1,1000,0.1056,0.142875,0.143725,0.06095,0.217275,0.01565,0.12035,0.193575,200,0
0.35,0.75,1,2000,0.099925,0.176975,0.135925,0.039275,0.233875,0,0.1325,0.181525,200,0
0.35,0.75,1,3000,0.0854,0.2355,0.120725,0.058475,0.262025,0,0.12425,0.113625,200,0
0.35,0.75,1,5000,0.1032,0.222425,0.10125,0.077275,0.18325,0,0.14495,0.16765,200,0
0.35,0.75,1,7000,0.079725,0.17425,0.163825,0.043375,0.256925,0,0.122475,0.159425,200,0
0.35,0.75,1,10000,0.10455,0.195825,0.144125,0.05675,0.2567,0,0.123925,0.118125,200,0
0.35,0.75,1,25000,0.115925,0.172875,0.129175,0.04595,0.2381,0,0.09915,0.198825,200,0
0.35,0.75,1,50000,0.11235,0.216,0.133775,0.035675,0.280675,0,0.086975,0.13455,200,0
0.15,0.75,1,1000,0.153375,0.16025,0.18,0.0904,0.14085,0,0.114725,0.1604,200,0
0.15,0.75,1,2000,0.13645,0.177525,0.1719,0.07715,0.185925,0,0.103825,0.147225,200,0
0.15,0.75,1,3000,0.109225,0.1992,0.186,0.061075,0.214225,0,0.1203,0.109975,200,0
0.15,0.75,1,5000,0.141075,0.17485,0.132175,0.093,0.172725,0,0.107025,0.17915,200,0
0.15,0.75,1,7000,0.1621,0.158725,0.173175,0.10815,0.175525,0,0.135,0.087325,200,0
0.15,0.75,1,10000,0.16935,0.1992,0.1328,0.075125,0.20185,0,0.119025,0.10265,200,0
0.15,0.75,1,25000,0.147875,0.1719,0.1806,0.045025,0.105625,0,0.185425,0.16355,200,0
0.15,0.75,1,50000,0.144125,0.164925,0.181,0.083125,0.2013,0,0.135575,0.08995,200,0
0.4,0.75,1,1000,0.00455,0.259975,0.0178,0.2361,0.0165,0.2229,0.016325,0.22585,200,0
0.4,0.75,1,2000,0,0.2776,0,0.25565,0,0.2422,0,0.22455,200,0
0.4,0.75,1,3000,0,0.232525,0,0.2719,0,0.255525,0,0.24005,200,0
0.4,0.75,1,5000,0,0.233975,0,0.2395,0,0.262475,0,0.26405,200,0
0.4,0.75,1,7000,0,0.232925,0,0.220475,0,0.26315,0,0.28345,200,0
0.4,0.75,1,10000,0,0.254275,0,0.2565,0,0.27125,0,0.217975,200,0
0.4,0.75,1,25000,0,0.264875,0,0.25605,0,0.2401,0,0.238975,200,0
0.4,0.75,1,50000,0,0.230675,0,0.244825,0,0.276,0,0.2485,200,0
0.2,0.75,1,1000,0.1305,0.175225,0.142675,0.07785,0.21355,0.0036,0.12565,0.13095,200,0
0.2,0.75,1,2000,0.15935,0.15815,0.14625,0.065025,0.235225,0,0.126525,0.109475,200,0
0.2,0.75,1,3000,0.124675,0.1636,0.1552,0.09595,0.213375,0,0.13815,0.10905,200,0
0.2,0.75,1,5000,0.156775,0.20235,0.1548,0.066725,0.133425,0,0.1263,0.159625,200,0
0.2,0.75,1,7000,0.1188,0.15275,0.159325,0.0728,0.231625,0,0.1318,0.1329,200,0
0.2,0.75,1,10000,0.09955,0.222025,0.138875,0.102475,0.25125,0,0.079825,0.106,200,0
0.2,0.75,1,25000,0.12735,0.143225,0.165225,0.058575,0.222575,0,0.141625,0.141425,200,0
0.2,0.75,1,50000,0.113925,0.1086,0.143375,0.085275,0.19525,0,0.187325,0.16625,200,0
0,0.75,1,1000,0.085275,0.187225,0.081825,0.105025,0.105175,0.147525,0.104825,0.183125,200,0
0,0.75,1,2000,0.164,0.16215,0.17145,0.1023,0.139575,7.5e-05,0.115425,0.145025,200,0
0,0.75,1,3000,0.217125,0.157775,0.145975,0.07075,0.187625,0,0.11115,0.1096,200,0
0,0.75,1,5000,0.1589,0.13235,0.1739,0.086625,0.170425,0,0.12665,0.15115,200,0
0,0.75,1,7000,0.14505,0.133925,0.170725,0.08915,0.22105,0,0.11225,0.12785,200,0
0,0.75,1,10000,0.167875,0.153925,0.163625,0.062225,0.22925,0,0.11975,0.10335,200,0
0,0.75,1,25000,0.17025,0.129275,0.183475,0.09485,0.170225,0,0.1502,0.101725,200,0
0,0.75,1,50000,0.187825,0.15,0.143325,0.0602,0.16825,0,0.138325,0.152075,200,0
0.25,0.75,1,1000,0.11385,0.2212,0.106,0.0849,0.23885,0.02505,0.099975,0.110175,200,0
0.25,0.75,1,2000,0.122525,0.183175,0.10825,0.0803,0.273825,0,0.109175,0.12275,200,0
0.25,0.75,1,3000,0.101075,0.189825,0.11165,0.086525,0.315625,0,0.09735,0.09795,200,0
0.25,0.75,1,5000,0.11655,0.218475,0.129675,0.087575,0.147925,0,0.12645,0.17335,200,0
0.25,0.75,1,7000,0.1208,0.148075,0.158525,0.0677,0.222325,0,0.1077,0.174875,200,0
0.25,0.75,1,10000,0.166375,0.182275,0.16245,0.0614,0.178375,0,0.110775,0.13835,200,0
0.25,0.75,1,25000,0.12755,0.17745,0.117475,0.07895,0.269325,0,0.12815,0.1011,200,0
0.25,0.75,1,50000,0.127425,0.16555,0.151825,0.07205,0.20995,0,0.132525,0.140675,200,0
0.05,0.75,1,1000,0.125075,0.155575,0.1695,0.0871,0.208,0.01215,0.1249,0.1177,200,0
0.05,0.75,1,2000,0.13035,0.150375,0.166075,0.06325,0.268875,0,0.121125,0.09995,200,0
0.05,0.75,1,3000,0.1713,0.137975,0.169,0.079225,0.197025,0,0.13465,0.110825,200,0
0.05,0.75,1,5000,0.171325,0.16045,0.1632,0.080625,0.1289,0,0.141825,0.153675,200,0
0.05,0.75,1,7000,0.175925,0.186575,0.1861,0.098175,0.16035,0,0.10075,0.092125,200,0
0.05,0.75,1,10000,0.1767,0.1624,0.141275,0.116575,0.1644,0,0.097775,0.140875,200,0
0.05,0.75,1,25000,0.132425,0.1686,0.158575,0.0737,0.2026,0,0.114175,0.149925,200,0
0.05,0.75,1,50000,0.130475,0.167375,0.154775,0.102625,0.19905,0,0.15675,0.08895,200,0
0.3,0.75,1,1000,0.08745,0.14725,0.16035,0.103375,0.210825,0.01045,0.090125,0.190175,200,0
0.3,0.75,1,2000,0.0969,0.1933,0.125875,0.059025,0.252375,0,0.151175,0.12135,200,0
0.3,0.75,1,3000,0.122475,0.192625,0.1333,0.079275,0.23755,0,0.109925,0.12485,200,0
0.3,0.75,1,5000,0.112475,0.1694,0.087775,0.071075,0.1948,0,0.116875,0.2476,200,0
0.3,0.75,1,7000,0.122575,0.24,0.154175,0.087475,0.148575,0,0.155675,0.091525,200,0
0.3,0.75,1,10000,0.152725,0.200725,0.19285,0.052225,0.16285,0,0.151725,0.0869,200,0
0.3,0.75,1,25000,0.1162,0.174325,0.161575,0.06925,0.255575,0,0.145675,0.0774,200,0
0.3,0.75,1,50000,0.07195,0.223825,0.12455,0.052,0.249475,0,0.13865,0.13955,200,0
0.1,0.75,1,1000,0.169225,0.17635,0.14925,0.061425,0.227775,0,0.128575,0.0874,200,0
0.1,0.75,1,2000,0.177025,0.15505,0.13355,0.08155,0.167625,0,0.139875,0.145325,200,0
0.1,0.75,1,3000,0.14125,0.176375,0.1613,0.0608,0.18575,0,0.169475,0.10505,200,0
0.1,0.75,1,5000,0.178375,0.1525,0.1653,0.099775,0.138575,0,0.131175,0.1343,200,0
0.1,0.75,1,7000,0.136575,0.181825,0.1475,0.0938,0.238475,0,0.1125,0.089325,200,0
0.1,0.75,1,10000,0.14995,0.15295,0.182375,0.073775,0.151125,0,0.15045,0.139375,200,0
0.1,0.75,1,25000,0.13065,0.1675,0.169925,0.09285,0.1536,0,0.11525,0.170225,200,0
0.1,0.75,1,50000,0.193725,0.166025,0.15015,0.082225,0.20995,0,0.11695,0.080975,200,0
0.35,0.75,1,1000,0.062375,0.185975,0.07245,0.14215,0.077575,0.122325,0.092625,0.244525,200,0
0.35,0.75,1,2000,0.015225,0.2726,0.0297,0.1759,0.055525,0.2025,0.02505,0.2235,200,0
0.35,0.75,1,3000,0,0.267275,0,0.2211,0,0.25955,0,0.252075,200,0
0.35,0.75,1,5000,0,0.23515,0,0.25895,0,0.2616,0,0.2443,200,0
0.35,0.75,1,7000,0,0.25655,0,0.257125,0,0.24975,0,0.236575,200,0
0.35,0.75,1,10000,0,0.238075,0,0.243375,0,0.255375,0,0.263175,200,0
0.35,0.75,1,25000,0,0.25865,0,0.248625,0,0.2474,0,0.245325,200,0
0.35,0.75,1,50000,0,0.257575,0,0.254125,0,0.22105,0,0.26725,200,0
0.15,0.75,1,1000,0.1545,0.196175,0.141425,0.0757,0.16895,0,0.146275,0.116975,200,0
0.15,0.75,1,2000,0.1204,0.184175,0.203725,0.093325,0.18365,0,0.112775,0.10195,200,0
0.15,0.75,1,3000,0.141475,0.2033,0.17015,0.07695,0.171475,0,0.135475,0.101175,200,0
0.15,0.75,1,5000,0.13125,0.1601,0.163625,0.073075,0.18155,0,0.1574,0.133,200,0
0.15,0.75,1,7000,0.176125,0.152375,0.1372,0.098375,0.1512,0,0.15065,0.134075,200,0
0.15,0.75,1,10000,0.13005,0.1489,0.1634,0.072775,0.16475,0,0.14625,0.173875,200,0
0.15,0.75,1,25000,0.17825,0.1606,0.17095,0.0647,0.177425,0,0.1401,0.107975,200,0
0.15,0.75,1,50000,0.136225,0.1909,0.1626,0.103025,0.187675,0,0.0964,0.123175,200,0
0.4,0.75,1,1000,0.03025,0.226925,0.049625,0.172125,0.16855,0.098425,0.071,0.1831,200,0
0.4,0.75,1,2000,0.0034,0.2648,0.0163,0.199725,0.02545,0.233175,0.0223,0.23485,200,0
0.4,0.75,1,3000,0,0.25375,0,0.258775,0,0.2517,0,0.235775,200,0
0.4,0.75,1,5000,0,0.240575,0,0.2398,0,0.26785,0,0.251775,200,0
0.4,0.75,1,7000,0,0.27135,0,0.22055,0,0.2328,0,0.2753,200,0
0.4,0.75,1,10000,0,0.244225,0,0.244975,0,0.271125,0,0.239675,200,0
0.4,0.75,1,25000,0,0.2548,0,0.286975,0,0.219875,0,0.23835,200,0
0.4,0.75,1,50000,0,0.252875,0,0.2358,0,0.254075,0,0.25725,200,0
0,0.75,1,1000,0.09305,0.18205,0.1036,0.174125,0.1639,0.06175,0.075775,0.14575,200,0
0,0.75,1,2000,0.161625,0.1685,0.156175,0.0991,0.16235,0.0026,0.109075,0.140575,200,0
0,0.75,1,3000,0.181725,0.177675,0.18695,0.08705,0.1434,0,0.133575,0.089625,200,0
0,0.75,1,5000,0.14895,0.151625,0.15675,0.07895,0.179275,0,0.132225,0.152225,200,0
0,0.75,1,7000,0.1367,0.139875,0.14455,0.0867,0.2007,0,0.155025,0.13645,200,0
0,0.75,1,10000,0.1647,0.1789,0.14225,0.082725,0.19005,0,0.139475,0.1019,200,0
0,0.75,1,25000,0.14625,0.1926,0.1566,0.09,0.189925,0,0.08435,0.140275,200,0
0,0.75,1,50000,0.170325,0.1476,0.15445,0.073375,0.14335,0,0.14475,0.16615,200,0
0.2,0.75,1,1000,0.128475,0.181225,0.15935,0.081075,0.165625,0.0006,0.12605,0.1576,200,0
0.2,0.75,1,2000,0.1616,0.15695,0.173925,0.10705,0.156625,0,0.0975,0.14635,200,0
0.2,0.75,1,3000,0.139225,0.17805,0.184225,0.094725,0.175825,0,0.123025,0.104925,200,0
0.2,0.75,1,5000,0.105275,0.160075,0.1291,0.0765,0.27215,0,0.151875,0.105025,200,0
0.2,0.75,1,7000,0.14295,0.192325,0.1254,0.092,0.28195,0,0.0966,0.068775,200,0
0.2,0.75,1,10000,0.129425,0.2064,0.170825,0.07345,0.18895,0,0.141375,0.089575,200,0
0.2,0.75,1,25000,0.133175,0.1917,0.17995,0.08625,0.218325,0,0.111225,0.079375,200,0
0.2,0.75,1,50000,0.1531,0.1834,0.16285,0.098325,0.204675,0,0.103475,0.094175,200,0
0.05,0.75,1,1000,0.1238,0.175575,0.13865,0.0936,0.1695,0.010675,0.155525,0.132675,200,0
0.05,0.75,1,2000,0.167525,0.163075,0.148375,0.0481,0.225175,0,0.145825,0.101925,200,0
0.05,0.75,1,3000,0.167525,0.20845,0.13475,0.0737,0.197,0,0.10505,0.113525,200,0
0.05,0.75,1,5000,0.147675,0.1601,0.16725,0.0828,0.194275,0,0.163975,0.083925,200,0
0.05,0.75,1,7000,0.121075,0.18365,0.1793,0.086175,0.172425,0,0.109725,0.14765,200,0
0.05,0.75,1,10000,0.136075,0.163225,0.149175,0.08795,0.1884,0,0.1331,0.142075,200,0
0.05,0.75,1,25000,0.161225,0.16225,0.177225,0.053,0.212875,0,0.15855,0.074875,200,0
0.05,0.75,1,50000,0.1429,0.173625,0.16315,0.08285,0.17425,0,0.168175,0.09505,200,0
0.25,0.75,1,1000,0.1312,0.151525,0.151175,0.07455,0.197775,0,0.156825,0.13695,200,0
0.25,0.75,1,2000,0.093375,0.169125,0.142925,0.10535,0.19805,0,0.112525,0.17865,200,0
0.25,0.75,1,3000,0.145175,0.187975,0.172375,0.056525,0.20225,0,0.1408,0.0949,200,0
0.25,0.75,1,5000,0.150175,0.18185,0.135,0.096825,0.19225,0,0.126425,0.117475,200,0
0.25,0.75,1,7000,0.1428,0.155325,0.14195,0.04195,0.254825,0,0.1827,0.08045,200,0
0.25,0.75,1,10000,0.09465,0.148425,0.13065,0.07795,0.229025,0,0.16195,0.15735,200,0
0.25,0.75,1,25000,0.1015,0.149775,0.172925,0.069625,0.135875,0,0.17285,0.19745,200,0
0.25,0.75,1,50000,0.118375,0.1652,0.169275,0.08355,0.2398,0,0.113725,0.110075,200,0
0.1,0.75,1,1000,0.162275,0.170325,0.131625,0.06895,0.158875,0.00175,0.163425,0.142775,200,0
0.1,0.75,1,2000,0.126325,0.177375,0.181425,0.091475,0.187575,0,0.11915,0.116675,200,0
0.1,0.75,1,3000,0.153725,0.18515,0.162475,0.06785,0.147225,0,0.152125,0.13145,200,0
0.1,0.75,1,5000,0.12435,0.15125,0.134125,0.076475,0.238025,0,0.1459,0.129875,200,0
0.1,0.75,1,7000,0.1345,0.176325,0.161175,0.0855,0.2056,0,0.128675,0.108225,200,0
0.1,0.75,1,10000,0.177375,0.14565,0.163175,0.069825,0.1572,0,0.136725,0.15005,200,0
0.1,0.75,1,25000,0.15735,0.177,0.165725,0.07915,0.17405,0,0.139525,0.1072,200,0
0.1,0.75,1,50000,0.181775,0.14285,0.166925,0.07695,0.195125,0,0.13315,0.103225,200,0
0.3,0.75,1,1000,0.11795,0.174325,0.15155,0.0688,0.19555,0.0099,0.122,0.159925,200,0
0.3,0.75,1,2000,0.117825,0.2248,0.133825,0.069225,0.233525,0,0.10425,0.11655,200,0
0.3,0.75,1,3000,0.1212,0.228925,0.130875,0.03905,0.244425,0,0.1274,0.108125,200,0
0.3,0.75,1,5000,0.107875,0.176325,0.137075,0.05035,0.229225,0,0.1374,0.16175,200,0
0.3,0.75,1,7000,0.1194,0.2216,0.12805,0.05885,0.233475,0,0.09285,0.145775,200,0
0.3,0.75,1,10000,0.127375,0.1772,0.151575,0.102025,0.25985,0,0.1097,0.072275,200,0
0.3,0.75,1,25000,0.121975,0.172975,0.163775,0.0681,0.179725,0,0.121325,0.172125,200,0
0.3,0.75,1,50000,0.11455,0.22895,0.1047,0.056875,0.303,0,0.115425,0.0765,200,0
0.15,0.75,1,1000,0.1495,0.186225,0.177875,0.094075,0.181625,0.022,0.08045,0.10825,200,0
0.15,0.75,1,2000,0.1529,0.1818,0.1372,0.07955,0.1349,0,0.1313,0.18235,200,0
0.15,0.75,1,3000,0.143025,0.16,0.15555,0.043675,0.165975,0,0.163225,0.16855,200,0
0.15,0.75,1,5000,0.16585,0.1587,0.1533,0.08755,0.139875,0,0.144825,0.1499,200,0
0.15,0.75,1,7000,0.146725,0.167025,0.1617,0.075975,0.19445,0,0.134725,0.1194,200,0
0.15,0.75,1,10000,0.137425,0.185175,0.146675,0.0785,0.251275,0,0.11085,0.0901,200,0
0.15,0.75,1,25000,0.132725,0.1529,0.160025,0.05385,0.216975,0,0.144375,0.13915,200,0
0.15,0.75,1,50000,0.150525,0.199225,0.136875,0.0669,0.21035,0,0.13675,0.099375,200,0
0.35,0.75,1,1000,0.068975,0.229275,0.115075,0.0979,0.15145,0.072875,0.075075,0.189375,200,0
0.35,0.75,1,2000,0.0994,0.207825,0.11755,0.05735,0.219275,0.003175,0.128975,0.16645,200,0
0.35,0.75,1,3000,0.116725,0.22285,0.15095,0.042775,0.194625,0,0.135925,0.13615,200,0
0.35,0.75,1,5000,0.07395,0.1788,0.115125,0.033475,0.374125,0,0.099875,0.12465,200,0
0.35,0.75,1,7000,0.0951,0.24705,0.129925,0.0462,0.246025,0,0.11095,0.12475,200,0
0.35,0.75,1,10000,0.07565,0.19995,0.103575,0.053875,0.3312,0,0.095725,0.140025,200,0
0.35,0.75,1,25000,0.0902,0.22,0.12065,0.0931,0.186125,0,0.164075,0.12585,200,0
0.35,0.75,1,50000,0.122175,0.181875,0.16345,0.0447,0.22995,0,0.1514,0.10645,200,0
0.2,0.75,1,1000,0.10815,0.155975,0.1311,0.057375,0.324025,0.0066,0.13985,0.076925,200,0
0.2,0.75,1,2000,0.16145,0.15905,0.172125,0.054925,0.15595,0,0.172575,0.123925,200,0
0.2,0.75,1,3000,0.14705,0.168025,0.18435,0.0418,0.1803,0,0.140375,0.1381,200,0
0.2,0.75,1,5000,0.1104,0.191825,0.1343,0.06265,0.2668,0,0.134325,0.0997,200,0
0.2,0.75,1,7000,0.1777,0.1494,0.173875,0.083625,0.1866,0,0.114825,0.113975,200,0
0.2,0.75,1,10000,0.120575,0.131325,0.16715,0.115725,0.213225,0,0.1195,0.1325,200,0
0.2,0.75,1,25000,0.14085,0.141325,0.148675,0.052925,0.263875,0,0.1613,0.09105,200,0
0.2,0.75,1,50000,0.139225,0.171975,0.1732,0.103375,0.196,0,0.089175,0.12705,200,0
0.4,0.75,1,1000,0,0.26125,0,0.2412,0,0.2377,0,0.25985,200,0
0.4,0.75,1,2000,0,0.253425,0,0.241975,0,0.254275,0,0.250325,200,0
0.4,0.75,1,3000,0,0.26395,0,0.239425,0,0.2472,0,0.249425,200,0
0.4,0.75,1,5000,0,0.226525,0,0.2674,0,0.249725,0,0.25635,200,0
0.4,0.75,1,7000,0,0.268275,0,0.2459,0,0.247875,0,0.23795,200,0
0.4,0.75,1,10000,0,0.234675,0,0.2365,0,0.2679,0,0.260925,200,0
0.4,0.75,1,25000,0,0.236325,0,0.27645,0,0.24805,0,0.239175,200,0
0.4,0.75,1,50000,0,0.257225,0,0.2367,0,0.265,0,0.241075,200,0
0.25,0.75,1,1000,0.115075,0.180875,0.1546,0.085525,0.17995,0.008175,0.1183,0.1575,200,0
0.25,0.75,1,2000,0.132625,0.196125,0.098625,0.11125,0.236275,0,0.08455,0.14055,200,0
0.25,0.75,1,3000,0.11465,0.15375,0.13855,0.08385,0.186575,0,0.14825,0.174375,200,0
0.25,0.75,1,5000,0.119875,0.1818,0.146225,0.082175,0.2187,0,0.10585,0.145375,200,0
0.25,0.75,1,7000,0.107775,0.1591,0.167925,0.0559,0.207375,0,0.166275,0.13565,200,0
0.25,0.75,1,10000,0.084125,0.150725,0.123925,0.0673,0.28575,0,0.1049,0.183275,200,0
0.25,0.75,1,25000,0.10615,0.163425,0.155825,0.080775,0.260025,0,0.131075,0.102725,200,0
0.25,0.75,1,50000,0.154525,0.163925,0.14515,0.07955,0.174575,0,0.133225,0.14905,200,0
0,0.75,1,1000,0.0745,0.23825,0.07715,0.125675,0.082675,0.121375,0.075975,0.2044,200,0
0,0.75,1,2000,0.17865,0.1837,0.152875,0.065925,0.133875,0.017825,0.126425,0.140725,200,0
0,0.75,1,3000,0.131,0.1944,0.16185,0.05935,0.1822,0,0.144075,0.127125,200,0
0,0.75,1,5000,0.170875,0.141175,0.173275,0.095,0.163175,0,0.1044,0.1521,200,0
0,0.75,1,7000,0.1952,0.1572,0.131625,0.091225,0.168925,0,0.101625,0.1542,200,0
0,0.75,1,10000,0.116625,0.1843,0.1376,0.1096,0.2181,0,0.1312,0.102575,200,0
0,0.75,1,25000,0.196725,0.179425,0.1536,0.074875,0.179325,0,0.098575,0.117475,200,0
0,0.75,1,50000,0.170325,0.19545,0.163025,0.082175,0.160725,0,0.1535,0.0748,200,0
0.05,0.75,1,1000,0.14555,0.199625,0.1971,0.07635,0.127725,0.009575,0.131225,0.11285,200,0
0.05,0.75,1,2000,0.18915,0.17035,0.151375,0.090725,0.19245,0,0.1091,0.09685,200,0
0.05,0.75,1,3000,0.169975,0.1573,0.171825,0.04505,0.160125,0,0.154275,0.14145,200,0
0.05,0.75,1,5000,0.1675,0.17775,0.164775,0.066925,0.15635,0,0.1354,0.1313,200,0
0.05,0.75,1,7000,0.143125,0.15135,0.150575,0.07375,0.190925,0,0.1316,0.158675,200,0
0.05,0.75,1,10000,0.15115,0.1841,0.150075,0.0473,0.182275,0,0.149825,0.135275,200,0
0.05,0.75,1,25000,0.1376,0.144625,0.112725,0.07505,0.2105,0,0.14655,0.17295,200,0
0.05,0.75,1,50000,0.135175,0.163075,0.157425,0.0946,0.1802,0,0.16535,0.104175,200,0
0.3,0.75,1,1000,0.08875,0.235225,0.1354,0.044575,0.21505,0.00215,0.10835,0.1705,200,0
0.3,0.75,1,2000,0.0947,0.1605,0.159075,0.06885,0.205325,0,0.1571,0.15445,200,0
0.3,0.75,1,3000,0.110125,0.230975,0.194975,0.068575,0.14705,0,0.1032,0.1451,200,0
0.3,0.75,1,5000,0.09785,0.18945,0.13345,0.03685,0.227975,0,0.15055,0.163875,200,0
0.3,0.75,1,7000,0.093275,0.163375,0.11415,0.068625,0.304725,0,0.10725,0.1486,200,0
0.3,0.75,1,10000,0.1054,0.1786,0.1236,0.028775,0.3582,0,0.08875,0.116675,200,0
0.3,0.75,1,25000,0.139075,0.1686,0.158875,0.08195,0.21185,0,0.123975,0.115675,200,0
0.3,0.75,1,50000,0.110875,0.150675,0.16465,0.0893,0.1987,0,0.140775,0.145025,200,0
0.1,0.75,1,1000,0.150675,0.14695,0.142925,0.06685,0.24795,0.002275,0.115175,0.1272,200,0
0.1,0.75,1,2000,0.14745,0.177175,0.1368,0.118375,0.156225,0,0.103675,0.1603,200,0
0.1,0.75,1,3000,0.14095,0.180575,0.14415,0.10485,0.16255,0,0.1473,0.119625,200,0
0.1,0.75,1,5000,0.12625,0.1815,0.15295,0.07595,0.206975,0,0.125675,0.1307,200,0
0.1,0.75,1,7000,0.123075,0.187775,0.152175,0.0491,0.152475,0,0.193625,0.141775,200,0
0.1,0.75,1,10000,0.13845,0.1811,0.17585,0.082275,0.215225,0,0.125475,0.081625,200,0
0.1,0.75,1,25000,0.1613,0.1561,0.1522,0.060525,0.176425,0,0.173025,0.120425,200,0
0.1,0.75,1,50000,0.153125,0.167075,0.1457,0.056325,0.198975,0,0.150425,0.128375,200,0
0.35,0.75,1,1000,0.03565,0.20105,0.037425,0.1943,0.055725,0.2112,0.0404,0.22425,200,0
0.35,0.75,1,2000,0,0.260575,0,0.234925,0,0.246225,0,0.258275,200,0
0.35,0.75,1,3000,0,0.24175,0,0.2391,0,0.266975,0,0.252175,200,0
0.35,0.75,1,5000,0,0.280075,0,0.25965,0,0.233225,0,0.22705,200,0
0.35,0.75,1,7000,0,0.233225,0,0.222075,0,0.268025,0,0.276675,200,0
0.35,0.75,1,10000,0,0.240725,0,0.24755,0,0.274625,0,0.2371,200,0
0.35,0.75,1,25000,0,0.233625,0,0.2404,0,0.236225,0,0.28975,200,0
0.35,0.75,1,50000,0,0.21355,0,0.241625,0,0.280225,0,0.2646,200,0
0.4,0.75,1,1000,0.012475,0.218475,0.047625,0.217675,0.020375,0.197425,0.038075,0.247875,200,0
0.4,0.75,1,2000,0,0.248125,0,0.248175,0,0.251475,0,0.252225,200,0
0.4,0.75,1,3000,0,0.26025,0,0.251425,0,0.240825,0,0.2475,200,0
0.4,0.75,1,5000,0,0.240625,0,0.282575,0,0.228475,0,0.248325,200,0
0.4,0.75,1,7000,0,0.237125,0,0.24555,0,0.267825,0,0.2495,200,0
0.4,0.75,1,10000,0,0.28,0,0.231925,0,0.228925,0,0.25915,200,0
0.4,0.75,1,25000,0,0.24675,0,0.261375,0,0.24195,0,0.249925,200,0
0.4,0.75,1,50000,0,0.270425,0,0.2299,0,0.247525,0,0.25215,200,0
0.15,0.75,1,1000,0.164875,0.193575,0.186825,0.112025,0.1479,0,0.115175,0.079625,200,0
0.15,0.75,1,2000,0.1361,0.16745,0.165075,0.083575,0.194375,0,0.10265,0.150775,200,0
0.15,0.75,1,3000,0.1267,0.1399,0.1549,0.084875,0.184875,0,0.128975,0.179775,200,0
0.15,0.75,1,5000,0.13505,0.16845,0.13485,0.089925,0.180825,0,0.1319,0.159,200,0
0.15,0.75,1,7000,0.138,0.172225,0.12785,0.098525,0.2461,0,0.112225,0.105075,200,0
0.15,0.75,1,10000,0.161425,0.146725,0.124025,0.06905,0.237075,0,0.145325,0.116375,200,0
0.15,0.75,1,25000,0.160175,0.132775,0.172125,0.103275,0.16715,0,0.16335,0.10115,200,0
0.15,0.75,1,50000,0.116,0.187325,0.186125,0.064425,0.181725,0,0.10195,0.16245,200,0
0,0.75,1,1000,0.077125,0.145025,0.094025,0.218625,0.158525,0.088325,0.0467,0.17165,200,0
0,0.75,1,2000,0.198625,0.164925,0.1682,0.067275,0.142025,0,0.149925,0.109025,200,0
0,0.75,1,3000,0.169325,0.17285,0.15335,0.077,0.16685,0,0.142975,0.11765,200,0
0,0.75,1,5000,0.14295,0.164575,0.15425,0.08615,0.20825,0,0.10385,0.139975,200,0
0,0.75,1,7000,0.139025,0.1838,0.158225,0.0665,0.1817,0,0.17385,0.0969,200,0
0,0.75,1,10000,0.145625,0.166,0.151975,0.121475,0.171475,0,0.101475,0.141975,200,0
0,0.75,1,25000,0.225575,0.163025,0.172625,0.08035,0.151325,0,0.097925,0.109175,200,0
0,0.75,1,50000,0.1533,0.139725,0.1642,0.090175,0.156925,0,0.12235,0.173325,200,0
0.2,0.75,1,1000,0.1236,0.173425,0.130875,0.0484,0.227725,0,0.178225,0.11775,200,0
0.2,0.75,1,2000,0.10685,0.18415,0.121975,0.086375,0.227175,0,0.08985,0.183625,200,0
0.2,0.75,1,3000,0.142475,0.176425,0.145475,0.09395,0.1649,0,0.1513,0.125475,200,0
0.2,0.75,1,5000,0.115,0.166275,0.164275,0.056375,0.2207,0,0.162525,0.11485,200,0
0.2,0.75,1,7000,0.158375,0.184525,0.149125,0.0911,0.1555,0,0.1153,0.146075,200,0
0.2,0.75,1,10000,0.179825,0.130225,0.12845,0.06985,0.16555,0,0.140225,0.185875,200,0
0.2,0.75,1,25000,0.140725,0.1659,0.197375,0.05655,0.163575,0,0.125575,0.1503,200,0
0.2,0.75,1,50000,0.13435,0.15755,0.132575,0.08555,0.254275,0,0.115775,0.119925,200,0
0.05,0.75,1,1000,0.13335,0.1698,0.122625,0.0686,0.21875,0.00145,0.154625,0.1308,200,0
0.05,0.75,1,2000,0.1796,0.16325,0.1528,0.06515,0.2056,0,0.107725,0.125875,200,0
0.05,0.75,1,3000,0.118725,0.1475,0.168,0.0771,0.20255,0,0.172375,0.11375,200,0
0.05,0.75,1,5000,0.15185,0.1835,0.1651,0.087775,0.1106,0,0.116875,0.1843,200,0
0.05,0.75,1,7000,0.1199,0.167225,0.183025,0.09425,0.1655,0,0.1312,0.1389,200,0
0.05,0.75,1,10000,0.17095,0.1398,0.1691,0.0709,0.20545,0,0.14495,0.09885,200,0
0.05,0.75,1,25000,0.162725,0.15435,0.181075,0.071075,0.169825,0,0.1371,0.12385,200,0
0.05,0.75,1,50000,0.15155,0.1588,0.16035,0.07405,0.1852,0,0.11845,0.1516,200,0
0.25,0.75,1,1000,0.071725,0.13325,0.130025,0.100575,0.186775,0.00085,0.10685,0.26995,200,0
0.25,0.75,1,2000,0.128225,0.148825,0.1381,0.073575,0.3034,0,0.11955,0.088325,200,0
0.25,0.75,1,3000,0.1102,0.191675,0.124775,0.0618,0.2314,0,0.133,0.14715,200,0
0.25,0.75,1,5000,0.11965,0.1516,0.179075,0.073025,0.179075,0,0.146325,0.15125,200,0
0.25,0.75,1,7000,0.106725,0.230025,0.131225,0.076375,0.206525,0,0.1303,0.118825,200,0
0.25,0.75,1,10000,0.11135,0.17525,0.163325,0.0617,0.2153,0,0.1278,0.145275,200,0
0.25,0.75,1,25000,0.104125,0.177275,0.157525,0.079325,0.243825,0,0.1271,0.110825,200,0
0.25,0.75,1,50000,0.13815,0.174225,0.134225,0.0656,0.234725,0,0.0905,0.162575,200,0
0.1,0.75,1,1000,0.166725,0.179375,0.152275,0.075925,0.1343,2.5e-05,0.151075,0.1403,200,0
0.1,0.75,1,2000,0.135,0.185475,0.1464,0.0656,0.17645,0,0.1376,0.153475,200,0
0.1,0.75,1,3000,0.189875,0.15305,0.1475,0.047725,0.202825,0,0.1486,0.110425,200,0
0.1,0.75,1,5000,0.128975,0.15645,0.156075,0.09845,0.229675,0,0.127025,0.10335,200,0
0.1,0.75,1,7000,0.127875,0.1699,0.1736,0.06355,0.213875,0,0.140775,0.110425,200,0
0.1,0.75,1,10000,0.155625,0.1718,0.1505,0.04785,0.190425,0,0.158025,0.125775,200,0
0.1,0.75,1,25000,0.1306,0.177925,0.1993,0.054325,0.21185,0,0.15125,0.07475,200,0
0.1,0.75,1,50000,0.1268,0.17645,0.16175,0.07485,0.274525,0,0.098625,0.087,200,0
0.3,0.75,1,1000,0.136025,0.2097,0.147575,0.05195,0.252675,0.00085,0.0703,0.130925,200,0
0.3,0.75,1,2000,0.11525,0.1829,0.159075,0.074175,0.2239,0,0.123575,0.121125,200,0
0.3,0.75,1,3000,0.115075,0.2062,0.159925,0.0743,0.200175,0,0.12555,0.118775,200,0
0.3,0.75,1,5000,0.1256,0.201475,0.15255,0.075475,0.19075,0,0.11835,0.1358,200,0
0.3,0.75,1,7000,0.0715,0.221025,0.117075,0.07415,0.150375,0,0.129325,0.23655,200,0
0.3,0.75,1,10000,0.1407,0.1898,0.186,0.06375,0.187025,0,0.104275,0.12845,200,0
0.3,0.75,1,25000,0.120125,0.1705,0.166475,0.051575,0.26105,0,0.159,0.071275,200,0
0.3,0.75,1,50000,0.086025,0.221875,0.13825,0.045675,0.222925,0,0.12145,0.1638,200,0
0.15,0.75,1,1000,0.1328,0.15115,0.156275,0.068775,0.192825,0,0.1523,0.145875,200,0
0.15,0.75,1,2000,0.143825,0.164075,0.179,0.066775,0.1544,0,0.159925,0.132,200,0
0.15,0.75,1,3000,0.135025,0.1751,0.14975,0.09445,0.1571,0,0.150975,0.1376,200,0
0.15,0.75,1,5000,0.13435,0.14405,0.108075,0.067375,0.252775,0,0.112475,0.1809,200,0
0.15,0.75,1,7000,0.164425,0.195275,0.16175,0.05885,0.1607,0,0.1254,0.1336,200,0
0.15,0.75,1,10000,0.1115,0.17245,0.175275,0.063025,0.2385,0,0.124825,0.114425,200,0
0.15,0.75,1,25000,0.13095,0.16135,0.152125,0.12615,0.183425,0,0.102175,0.143825,200,0
0.15,0.75,1,50000,0.109325,0.15305,0.1534,0.071175,0.279975,0,0.140875,0.0922,200,0
0.35,0.75,1,1000,0.088,0.25735,0.080025,0.09215,0.16085,0.065225,0.110575,0.145825,200,0
0.35,0.75,1,2000,0.0779,0.190975,0.17335,0.072525,0.20105,0.046125,0.057875,0.1802,200,0
0.35,0.75,1,3000,0.12985,0.1984,0.104425,0.06475,0.1952,0,0.1513,0.156075,200,0
0.35,0.75,1,5000,0.111725,0.1631,0.179375,0.07055,0.21625,0,0.132,0.127,200,0
0.35,0.75,1,7000,0.1159,0.156025,0.143425,0.0425,0.3151,0,0.111275,0.115775,200,0
0.35,0.75,1,10000,0.077025,0.183075,0.128325,0.091075,0.184075,0,0.142325,0.1941,200,0
0.35,0.75,1,25000,0.1003,0.20485,0.15615,0.0647,0.2461,0,0.120125,0.107775,200,0
0.35,0.75,1,50000,0.07725,0.19715,0.137425,0.065825,0.168275,0,0.225225,0.12885,200,0
0.2,0.75,1,1000,0.1117,0.1814,0.14855,0.0701,0.2113,0.00345,0.13315,0.14035,200,0
0.2,0.75,1,2000,0.10345,0.181175,0.151225,0.062,0.16785,0,0.160925,0.173375,200,0
0.2,0.75,1,3000,0.095825,0.16255,0.141725,0.08165,0.296675,0,0.12745,0.094125,200,0
0.2,0.75,1,5000,0.109525,0.1822,0.1332,0.0654,0.282325,0,0.1151,0.11225,200,0
0.2,0.75,1,7000,0.109975,0.141925,0.131925,0.087225,0.271175,0,0.141325,0.11645,200,0
0.2,0.75,1,10000,0.134,0.17125,0.158925,0.0846,0.191775,0,0.120125,0.139325,200,0
0.2,0.75,1,25000,0.127625,0.14815,0.13835,0.093,0.286325,0,0.1177,0.08885,200,0
0.2,0.75,1,50000,0.134425,0.1593,0.162225,0.134925,0.18085,0,0.10935,0.118925,200,0
0.4,0.75,1,1000,0,0.28865,0.00325,0.239775,0.001375,0.215125,0.000725,0.2511,200,0
0.4,0.75,1,2000,0,0.22545,0,0.254325,0,0.25685,0,0.263375,200,0
0.4,0.75,1,3000,0,0.243725,0,0.253825,0,0.257475,0,0.244975,200,0
0.4,0.75,1,5000,0,0.2492,0,0.231475,0,0.26195,0,0.257375,200,0
0.4,0.75,1,7000,0,0.22605,0,0.267325,0,0.274425,0,0.2322,200,0
0.4,0.75,1,10000,0,0.240175,0,0.243825,0,0.24845,0,0.26755,200,0
0.4,0.75,1,25000,0,0.24835,0,0.231175,0,0.2665,0,0.253975,200,0
0.4,0.75,1,50000,0,0.2209,0,0.25735,0,0.271575,0,0.250175,200,0
0.25,0.75,1,1000,0.098775,0.2016,0.1213,0.08495,0.1643,0.02685,0.117175,0.18505,200,0
0.25,0.75,1,2000,0.1117,0.152775,0.160175,0.052675,0.25055,0,0.127575,0.14455,200,0
0.25,0.75,1,3000,0.096,0.184625,0.12485,0.069925,0.22305,0,0.145275,0.156275,200,0
0.25,0.75,1,5000,0.141725,0.215425,0.146475,0.068275,0.1872,0,0.12775,0.11315,200,0
0.25,0.75,1,7000,0.12905,0.15805,0.139975,0.099225,0.239725,0,0.1236,0.110375,200,0
0.25,0.75,1,10000,0.117725,0.1809,0.139625,0.076675,0.2231,0,0.12775,0.134225,200,0
0.25,0.75,1,25000,0.1376,0.201325,0.144875,0.049275,0.231275,0,0.1553,0.08035,200,0
0.25,0.75,1,50000,0.119375,0.163475,0.118175,0.070875,0.2108,0,0.14865,0.16865,200,0
0,0.75,1,1000,0.115575,0.190075,0.127825,0.11125,0.1123,0.0693,0.1046,0.169075,200,0
0,0.75,1,2000,0.151575,0.1689,0.144825,0.06605,0.177225,0,0.148825,0.1426,200,0
0,0.75,1,3000,0.1665,0.163,0.148325,0.102375,0.212025,0,0.109625,0.09815,200,0
0,0.75,1,5000,0.158375,0.19375,0.182375,0.09155,0.182575,0,0.11125,0.080125,200,0
0,0.75,1,7000,0.168825,0.1443,0.154325,0.0764,0.1982,0,0.165575,0.092375,200,0
0,0.75,1,10000,0.146075,0.1448,0.16715,0.083425,0.220625,0,0.113475,0.12445,200,0
0,0.75,1,25000,0.16965,0.14815,0.167725,0.098775,0.1809,0,0.111475,0.123325,200,0
0,0.75,1,50000,0.1643,0.156525,0.16,0.0933,0.217375,0,0.118175,0.090325,200,0
0.3,0.75,1,1000,0.1195,0.1977,0.1283,0.058825,0.2179,0.0115,0.0925,0.173775,200,0
0.3,0.75,1,2000,0.1077,0.19355,0.15895,0.0755,0.210575,0,0.112925,0.1408,200,0
0.3,0.75,1,3000,0.1314,0.163075,0.14725,0.060875,0.253075,0,0.09945,0.144875,200,0
0.3,0.75,1,5000,0.1349,0.17285,0.155075,0.0545,0.2713,0,0.0711,0.140275,200,0
0.3,0.75,1,7000,0.12175,0.1928,0.113275,0.0577,0.2469,0,0.136425,0.13115,200,0
0.3,0.75,1,10000,0.1163,0.189075,0.127625,0.08175,0.2681,0,0.0967,0.12045,200,0
0.3,0.75,1,25000,0.0809,0.201775,0.15005,0.0724,0.1866,0,0.154675,0.1536,200,0
0.3,0.75,1,50000,0.096475,0.177225,0.09665,0.067,0.2785,0,0.1158,0.16835,200,0
0.05,0.75,1,1000,0.1543,0.16695,0.17865,0.0906,0.14975,0.00295,0.148075,0.108725,200,0
0.05,0.75,1,2000,0.16705,0.182375,0.151275,0.074125,0.217875,0,0.108525,0.098775,200,0
0.05,0.75,1,3000,0.14765,0.177225,0.172375,0.08765,0.18495,0,0.134175,0.095975,200,0
0.05,0.75,1,5000,0.176925,0.170075,0.132875,0.0746,0.173825,0,0.120125,0.151575,200,0
0.05,0.75,1,7000,0.173175,0.124975,0.169825,0.1118,0.2322,0,0.0651,0.122925,200,0
0.05,0.75,1,10000,0.161475,0.13355,0.152,0.0758,0.182,0,0.148675,0.1465,200,0
0.05,0.75,1,25000,0.16195,0.18295,0.17955,0.072725,0.1616,0,0.111175,0.13005,200,0
0.05,0.75,1,50000,0.182925,0.1524,0.164425,0.07955,0.18235,0,0.1166,0.12175,200,0
0.35,0.75,1,1000,0.032075,0.2189,0.05515,0.195,0.071475,0.1414,0.059675,0.226325,200,0
0.35,0.75,1,2000,0,0.2352,0,0.2575,0,0.248775,0,0.258525,200,0
0.35,0.75,1,3000,0,0.2486,0,0.24445,0,0.232425,0,0.274525,200,0
0.35,0.75,1,5000,0,0.2687,0,0.249625,0,0.243225,0,0.23845,200,0
0.35,0.75,1,7000,0,0.2545,0,0.24085,0,0.256275,0,0.248375,200,0
0.35,0.75,1,10000,0,0.2647,0,0.24185,0,0.227675,0,0.265775,200,0
0.35,0.75,1,25000,0,0.232675,0,0.273375,0,0.2641,0,0.22985,200,0
0.35,0.75,1,50000,0,0.256075,0,0.2228,0,0.2754,0,0.245725,200,0
0.1,0.75,1,1000,0.171275,0.211425,0.1307,0.070425,0.18855,0,0.11435,0.113275,200,0
0.1,0.75,1,2000,0.208825,0.169,0.146475,0.092075,0.1788,0,0.099925,0.1049,200,0
0.1,0.75,1,3000,0.194225,0.13275,0.1545,0.08565,0.208375,0,0.115725,0.108775,200,0
0.1,0.75,1,5000,0.15555,0.200025,0.150225,0.12455,0.137,0,0.12455,0.1081,200,0
0.1,0.75,1,7000,0.154475,0.16625,0.145825,0.07135,0.1889,0,0.15145,0.12175,200,0
0.1,0.75,1,10000,0.129375,0.171325,0.156725,0.0882,0.18345,0,0.15755,0.113375,200,0
0.1,0.75,1,25000,0.132925,0.161325,0.156,0.14015,0.153175,0,0.108175,0.14825,200,0
0.1,0.75,1,50000,0.1366,0.153425,0.1575,0.07155,0.232375,0,0.1289,0.11965,200,0
0.4,0.75,1,1000,0.05455,0.24565,0.060425,0.1424,0.08515,0.14675,0.059175,0.2059,200,0
0.4,0.75,1,2000,0,0.2419,0,0.23665,0,0.2908,0.001175,0.229475,200,0
0.4,0.75,1,3000,0,0.234,0,0.2452,0,0.2862,0,0.2346,200,0
0.4,0.75,1,5000,0,0.25845,0,0.2776,0,0.2371,0,0.22685,200,0
0.4,0.75,1,7000,0,0.263375,0,0.2682,0,0.23155,0,0.236875,200,0
0.4,0.75,1,10000,0,0.233775,0,0.2578,0,0.259925,0,0.2485,200,0
0.4,0.75,1,25000,0,0.2447,0,0.2242,0,0.259575,0,0.271525,200,0
0.4,0.75,1,50000,0,0.24885,0,0.2583,0,0.24995,0,0.2429,200,0
0.15,0.75,1,1000,0.134425,0.178125,0.14295,0.0921,0.19435,0.005025,0.14575,0.107275,200,0
0.15,0.75,1,2000,0.1614,0.184975,0.13735,0.0555,0.177675,0,0.172175,0.110925,200,0
0.15,0.75,1,3000,0.136525,0.1736,0.153475,0.08455,0.219575,0,0.1295,0.102775,200,0
0.15,0.75,1,5000,0.169325,0.2179,0.18895,0.0929,0.134725,0,0.112825,0.083375,200,0
0.15,0.75,1,7000,0.1289,0.1846,0.1491,0.071875,0.27945,0,0.106925,0.07915,200,0
0.15,0.75,1,10000,0.12215,0.142275,0.1344,0.08075,0.310125,0,0.131275,0.079025,200,0
0.15,0.75,1,25000,0.153175,0.145025,0.174075,0.062125,0.19225,0,0.156325,0.117025,200,0
0.15,0.75,1,50000,0.1363,0.14315,0.159875,0.062825,0.17035,0,0.1668,0.1607,200,0
0,0.75,1,2000,0.0018625,0.384606,0.00436875,0.259656,0.0468063,0.093175,0.0179,0.191625,400,1000
0,0.75,1,3000,0.0018625,0.384606,0.00436875,0.259656,0.0468063,0.093175,0.0179,0.191625,400,1000
0,0.75,1,5000,0.0018625,0.384606,0.00436875,0.259656,0.0468063,0.093175,0.0179,0.191625,400,1000
0,0.75,1,7000,0.0018625,0.384606,0.00436875,0.259656,0.0468063,0.093175,0.0179,0.191625,400,1000
0,0.75,1,10000,0.0018625,0.384606,0.00436875,0.259656,0.0468063,0.093175,0.0179,0.191625,400,1000
0,0.75,1,25000,0.0018625,0.384606,0.00436875,0.259656,0.0468063,0.093175,0.0179,0.191625,400,1000
0,0.75,1,50000,0.0018625,0.384606,0.00436875,0.259656,0.0468063,0.093175,0.0179,0.191625,400,1000
0.2,0.75,1,1000,0.16505,0.17175,0.134375,0.063275,0.2167,0.013125,0.11275,0.122975,200,0
0.2,0.75,1,2000,0.15285,0.19825,0.17015,0.0656,0.212025,0,0.11585,0.085275,200,0
0.2,0.75,1,3000,0.1332,0.213325,0.118425,0.0983,0.208575,0,0.101525,0.12665,200,0
0.2,0.75,1,5000,0.130575,0.1606,0.16345,0.078475,0.235925,0,0.1355,0.095475,200,0
0.2,0.75,1,7000,0.127975,0.193925,0.149175,0.0855,0.17895,0,0.14855,0.115925,200,0
0.2,0.75,1,10000,0.13555,0.1783,0.116575,0.1074,0.204275,0,0.10865,0.14925,200,0
0.2,0.75,1,25000,0.125325,0.146975,0.149375,0.0626,0.1951,0,0.1339,0.186725,200,0
0.2,0.75,1,50000,0.13995,0.16195,0.159825,0.079525,0.215675,0,0.10825,0.134825,200,0
0.25,0.75,1,1000,0.00695,0.23645,0,0.28475,0,0.2171,0.004725,0.250025,200,0
0.25,0.75,1,2000,0,0.2252,0,0.25325,0,0.24805,0,0.2735,200,0
0.25,0.75,1,3000,0,0.23725,0,0.229825,0,0.279125,0,0.2538,200,0
0.25,0.75,1,5000,0,0.22815,0,0.258125,0,0.263075,0,0.25065,200,0
0.25,0.75,1,7000,0,0.26625,0,0.239675,0,0.257425,0,0.23665,200,0
0.25,0.75,1,10000,0,0.27955,0,0.221475,0,0.25815,0,0.240825,200,0
0.25,0.75,1,25000,0,0.243025,0,0.26925,0,0.248825,0,0.2389,200,0
0.25,0.75,1,50000,0,0.278525,0,0.262525,0,0.21725,0,0.2417,200,0
0.3,0.75,1,1000,0.09295,0.184825,0.121575,0.0593,0.2868,0.010875,0.1195,0.124175,200,0
0.3,0.75,1,2000,0.1187,0.185975,0.1117,0.104525,0.19925,0,0.11385,0.166,200,0
0.3,0.75,1,3000,0.118625,0.158975,0.1747,0.049275,0.23685,0,0.122325,0.13925,200,0
0.3,0.75,1,5000,0.146425,0.208925,0.1211,0.069675,0.18835,0,0.1127,0.152825,200,0
0.3,0.75,1,7000,0.1161,0.159775,0.1723,0.05365,0.209,0,0.126925,0.16225,200,0
0.3,0.75,1,10000,0.1198,0.23475,0.139875,0.042875,0.20855,0,0.116225,0.137925,200,0
0.3,0.75,1,25000,0.1348,0.183325,0.18305,0.073175,0.18705,0,0.123025,0.115575,200,0
0.3,0.75,1,50000,0.1402,0.169875,0.17695,0.0567,0.2379,0,0.11585,0.102525,200,0
0.05,0.75,1,1000,0.1199,0.172969,0.101275,0.114462,0.131194,0.0770062,0.097625,0.185569,400,0
0.05,0.75,1,2000,0.121931,0.1725,0.131481,0.091275,0.143794,0.0308563,0.144581,0.163581,400,0
0.05,0.75,1,3000,0.155756,0.172619,0.129919,0.0775813,0.186419,0.00255,0.142006,0.13315,400,0
0.05,0.75,1,5000,0.153806,0.157806,0.149762,0.0854188,0.189294,0,0.133337,0.130575,400,0
0.05,0.75,1,7000,0.131581,0.188287,0.171831,0.0861,0.169094,0,0.146131,0.106975,400,0
0.05,0.75,1,10000,0.138044,0.172806,0.144681,0.093,0.189731,0,0.145025,0.116712,400,0
0.05,0.75,1,25000,0.151281,0.166706,0.143669,0.096375,0.187881,0,0.134281,0.119806,400,0
0.05,0.75,1,50000,0.167706,0.174156,0.148256,0.0658187,0.181825,0,0.142394,0.119844,400,0
0.35,0.75,1,1000,0.06695,0.212325,0.1052,0.074125,0.173,0.039925,0.154375,0.1741,200,0
0.35,0.75,1,2000,0.10115,0.1657,0.12625,0.05965,0.2541,0.0193,0.1044,0.16945,200,0
0.35,0.75,1,3000,0.1035,0.201475,0.134025,0.060775,0.20065,0.02785,0.141725,0.13,200,0
0.35,0.75,1,5000,0.112925,0.196,0.097325,0.043725,0.333475,0,0.100975,0.115575,200,0
0.35,0.75,1,7000,0.073525,0.22765,0.078875,0.059125,0.264825,0,0.1296,0.1664,200,0
0.35,0.75,1,10000,0.1285,0.194025,0.153675,0.041225,0.240175,0,0.129075,0.113325,200,0
0.35,0.75,1,25000,0.105175,0.1745,0.126025,0.038725,0.28515,0,0.155025,0.1154,200,0
0.35,0.75,1,50000,0.103025,0.15245,0.15565,0.067625,0.208875,0,0.15405,0.158325,200,0
0.4,0.75,1,1000,0,0.2508,0,0.240975,0,0.249275,0,0.25895,200,0
0.4,0.75,1,2000,0,0.2579,0,0.286125,0,0.2353,0,0.220675,200,0
0.4,0.75,1,3000,0,0.2429,0,0.2512,0,0.248625,0,0.257275,200,0
0.4,0.75,1,5000,0,0.24,0,0.24835,0,0.260525,0,0.251125,200,0
0.4,0.75,1,7000,0,0.25755,0,0.265825,0,0.238175,0,0.23845,200,0
0.4,0.75,1,10000,0,0.268375,0,0.229,0,0.239525,0,0.2631,200,0
0.4,0.75,1,25000,0,0.248375,0,0.2785,0,0.230725,0,0.2424,200,0
0.4,0.75,1,50000,0,0.270425,0,0.253325,0,0.2283,0,0.24795,200,0
0,0.75,1,1000,0.098725,0.1942,0.1148,0.1045,0.117875,0.1206,0.09015,0.15915,200,0
0,0.75,1,2000,0.176525,0.192975,0.145275,0.07895,0.13735,0,0.151575,0.11735,200,0
0,0.75,1,3000,0.146,0.184925,0.170575,0.07165,0.176525,0,0.11505,0.135275,200,0
0,0.75,1,5000,0.147725,0.1404,0.171075,0.1038,0.15385,0,0.151175,0.131975,200,0
0,0.75,1,7000,0.17375,0.163825,0.168025,0.0648,0.196775,0,0.1235,0.109325,200,0
0,0.75,1,10000,0.160125,0.166525,0.16465,0.09195,0.154775,0,0.129825,0.13215,200,0
0,0.75,1,25000,0.1754,0.199275,0.136675,0.06895,0.17025,0,0.113825,0.135625,200,0
0,0.75,1,50000,0.15705,0.13835,0.1623,0.09365,0.175775,0,0.1204,0.152475,200,0
0.05,0.75,1,1000,0.175375,0.1804,0.17945,0.0885,0.119925,0.018825,0.122525,0.115,200,0
0.05,0.75,1,2000,0.1474,0.159275,0.15145,0.06875,0.198975,0,0.0946,0.17955,200,0
0.05,0.75,1,3000,0.1442,0.160775,0.152,0.09755,0.155175,0,0.136175,0.154125,200,0
0.05,0.75,1,5000,0.165275,0.163175,0.17005,0.073075,0.182825,0,0.1214,0.1242,200,0
0.05,0.75,1,7000,0.16565,0.1853,0.167625,0.116775,0.17295,0,0.1138,0.0779,200,0
0.05,0.75,1,10000,0.148275,0.1717,0.110425,0.101825,0.16485,0,0.147325,0.1556,200,0
0.05,0.75,1,25000,0.149025,0.1694,0.173425,0.08645,0.17665,0,0.136675,0.108375,200,0
0.05,0.75,1,50000,0.193925,0.141625,0.1536,0.081125,0.17645,0,0.112225,0.14105,200,0
0.1,0.75,1,1000,0.121675,0.195563,0.129275,0.0861,0.173387,0.0265687,0.107919,0.159513,400,0
0.1,0.75,1,2000,0.14075,0.177237,0.143925,0.0749438,0.194625,0.0085625,0.14155,0.118406,400,0
0.1,0.75,1,3000,0.13595,0.169569,0.136969,0.0856875,0.212113,0.00638125,0.1388,0.114531,400,0
0.1,0.75,1,5000,0.156512,0.168319,0.154219,0.0912375,0.162463,0,0.130569,0.136681,400,0
0.1,0.75,1,7000,0.131525,0.156738,0.15825,0.103225,0.20235,0,0.1578,0.0901125,400,0
0.1,0.75,1,10000,0.162169,0.169969,0.158612,0.08965,0.164656,0,0.125781,0.129163,400,0
0.1,0.75,1,25000,0.145719,0.164869,0.157931,0.072025,0.179156,0,0.141019,0.139281,400,0
0.1,0.75,1,50000,0.1451,0.166862,0.146437,0.0873437,0.181169,0,0.141731,0.131356,400,0
0.1,0.75,1,1000,0.166125,0.1698,0.1645,0.100125,0.17175,0.002825,0.12955,0.095325,200,0
0.1,0.75,1,2000,0.141275,0.165675,0.164125,0.062425,0.18425,0,0.17685,0.1054,200,0
0.1,0.75,1,3000,0.14575,0.1386,0.1656,0.07015,0.1798,0,0.1344,0.1657,200,0
0.1,0.75,1,5000,0.141275,0.138925,0.18205,0.099175,0.137525,0,0.16445,0.1366,200,0
0.1,0.75,1,7000,0.144225,0.16675,0.154625,0.068275,0.2574,0,0.1263,0.082425,200,0
0.1,0.75,1,10000,0.11945,0.16225,0.150575,0.072275,0.16945,0,0.145875,0.180125,200,0
0.1,0.75,1,25000,0.18565,0.148425,0.1513,0.061325,0.18645,0,0.139825,0.127025,200,0
0.1,0.75,1,50000,0.18535,0.14595,0.172675,0.0957,0.15995,0,0.1233,0.117075,200,0
0.15,0.75,1,1000,0.1775,0.204625,0.162525,0.0895,0.127975,0.012725,0.124975,0.100175,200,0
0.15,0.75,1,2000,0.1387,0.167175,0.132575,0.099725,0.1586,0,0.115775,0.18745,200,0
0.15,0.75,1,3000,0.180375,0.14555,0.158575,0.066925,0.20035,0,0.106575,0.14165,200,0
0.15,0.75,1,5000,0.132075,0.197375,0.168425,0.122925,0.203875,0,0.106525,0.0688,200,0
0.15,0.75,1,7000,0.134825,0.1733,0.151775,0.067225,0.187075,0,0.120525,0.165275,200,0
0.15,0.75,1,10000,0.15455,0.1623,0.128175,0.080675,0.143575,0,0.117025,0.2137,200,0
0.15,0.75,1,25000,0.1421,0.1735,0.188975,0.060275,0.2044,0,0.113475,0.117275,200,0
0.15,0.75,1,50000,0.14945,0.161775,0.147925,0.082275,0.195975,0,0.1497,0.1129,200,0
0.2,0.75,1,1000,0.12785,0.20615,0.129875,0.06485,0.19675,0.00495,0.118275,0.1513,200,0
0.2,0.75,1,2000,0.11025,0.19425,0.133425,0.095975,0.19345,0,0.12015,0.1525,200,0
0.2,0.75,1,3000,0.12865,0.1894,0.135125,0.0758,0.212575,0,0.1239,0.13455,200,0
0.2,0.75,1,5000,0.141625,0.1941,0.17115,0.06575,0.2151,0,0.137625,0.07465,200,0
0.2,0.75,1,7000,0.14945,0.188275,0.183625,0.059025,0.1824,0,0.111975,0.12525,200,0
0.2,0.75,1,10000,0.157375,0.16755,0.140825,0.116025,0.13905,0,0.113425,0.16575,200,0
0.2,0.75,1,25000,0.151475,0.174625,0.15965,0.074325,0.18115,0,0.13395,0.124825,200,0
0.2,0.75,1,50000,0.1399,0.204075,0.1316,0.06765,0.2265,0,0.1279,0.102375,200,0
0.25,0.75,1,1000,0.1047,0.21355,0.1502,0.0754,0.2023,0.03195,0.08015,0.14175,200,0
0.25,0.75,1,2000,0.1076,0.1916,0.1215,0.1076,0.2242,0.00025,0.1214,0.12585,200,0
0.25,0.75,1,3000,0.13645,0.2089,0.124825,0.071475,0.216975,0,0.1378,0.103575,200,0
0.25,0.75,1,5000,0.1432,0.1951,0.152,0.078225,0.15975,0,0.137325,0.1344,200,0
0.25,0.75,1,7000,0.142425,0.177725,0.152925,0.0346,0.26515,0,0.12575,0.101425,200,0
0.25,0.75,1,10000,0.113925,0.215025,0.1223,0.041875,0.2458,0,0.115025,0.14605,200,0
0.25,0.75,1,25000,0.118275,0.20035,0.18485,0.065525,0.14545,0,0.166025,0.119525,200,0
0.25,0.75,1,50000,0.133375,0.15905,0.12805,0.125875,0.195025,0,0.110825,0.1478,200,0
0.15,0.75,1,1000,0.115788,0.153869,0.154356,0.112156,0.175056,0.0430875,0.103631,0.142056,400,0
0.15,0.75,1,2000,0.137569,0.193844,0.143794,0.0862875,0.148731,0.0084375,0.142544,0.138794,400,0
0.15,0.75,1,3000,0.143987,0.144375,0.140244,0.0681125,0.223519,0.00214375,0.148987,0.128631,400,0
0.15,0.75,1,5000,0.144881,0.175912,0.156537,0.0902875,0.180706,0,0.143344,0.108331,400,0
0.15,0.75,1,7000,0.135975,0.154944,0.151819,0.0887125,0.187306,0,0.160488,0.120756,400,0
0.15,0.75,1,10000,0.148594,0.184156,0.156138,0.092975,0.1834,0,0.111144,0.123594,400,0
0.15,0.75,1,25000,0.159181,0.167106,0.133337,0.105581,0.177494,0,0.123237,0.134063,400,0
0.15,0.75,1,50000,0.135425,0.169906,0.158831,0.08015,0.2181,0,0.124819,0.112769,400,0
0.3,0.75,1,1000,0.049075,0.27665,0.0646,0.149675,0.116625,0.125625,0.0472,0.17055,200,0
0.3,0.75,1,2000,0.0483,0.204225,0.073075,0.144525,0.0873,0.142375,0.0814,0.2188,200,0
0.3,0.75,1,3000,0.069575,0.18325,0.158175,0.133275,0.156725,0.068825,0.0662,0.163975,200,0
0.3,0.75,1,5000,0.088575,0.231125,0.121675,0.05395,0.23885,0.0337,0.113825,0.1183,200,0
0.3,0.75,1,7000,0.094625,0.2227,0.123925,0.042025,0.250125,0,0.138025,0.128575,200,0
0.3,0.75,1,10000,0.109,0.185275,0.14005,0.081375,0.254575,0,0.08715,0.142575,200,0
0.3,0.75,1,25000,0.135475,0.173625,0.126525,0.093675,0.214125,0,0.137275,0.1193,200,0
0.3,0.75,1,50000,0.104225,0.21445,0.122875,0.039825,0.20545,0,0.145525,0.16765,200,0
0.35,0.75,1,1000,0.074075,0.196075,0.120725,0.08595,0.194575,0.05375,0.1056,0.16925,200,0
0.35,0.75,1,2000,0.083225,0.17935,0.145625,0.0852,0.242825,0.0117,0.0974,0.154675,200,0
0.35,0.75,1,3000,0.0867,0.2023,0.15505,0.07765,0.23365,0,0.1101,0.13455,200,0
0.35,0.75,1,5000,0.127725,0.173575,0.1497,0.0476,0.270375,0,0.0975,0.133525,200,0
0.35,0.75,1,7000,0.0841,0.1698,0.109175,0.073175,0.234825,0,0.12415,0.204775,200,0
0.35,0.75,1,10000,0.110575,0.237775,0.140675,0.07765,0.1999,0,0.132725,0.1007,200,0
0.35,0.75,1,25000,0.107525,0.173975,0.16385,0.047775,0.252675,0,0.11775,0.13645,200,0
0.35,0.75,1,50000,0.08935,0.18545,0.182525,0.047325,0.24925,0,0.1009,0.1452,200,0
0.4,0.75,1,1000,0.015325,0.20405,0.0194,0.2071,0.026925,0.229275,0.01835,0.279575,200,0
0.4,0.75,1,2000,0,0.286175,0,0.2478,0,0.2297,0,0.236325,200,0
0.4,0.75,1,3000,0,0.261625,0,0.230325,0,0.24825,0,0.2598,200,0
0.4,0.75,1,5000,0,0.253625,0,0.25965,0,0.2424,0,0.244325,200,0
0.4,0.75,1,7000,0,0.237825,0,0.255625,0,0.261025,0,0.245525,200,0
0.4,0.75,1,10000,0,0.254075,0,0.235675,0,0.23865,0,0.2716,200,0
0.4,0.75,1,25000,0,0.237275,0,0.25745,0,0.243575,0,0.2617,200,0
0.4,0.75,1,50000,0,0.218925,0,0.22815,0,0.282025,0,0.2709,200,0
0,0.75,1,2000,0.0019,0.404425,0.00479375,0.230344,0.0485688,0.0794688,0.0215937,0.208906,400,1000
0,0.75,1,3000,0.0019,0.404425,0.00479375,0.230344,0.0485688,0.0794688,0.0215937,0.208906,400,1000
0,0.75,1,5000,0.0019,0.404425,0.00479375,0.230344,0.0485688,0.0794688,0.0215937,0.208906,400,1000
0,0.75,1,7000,0.0019,0.404425,0.00479375,0.230344,0.0485688,0.0794688,0.0215937,0.208906,400,1000
0,0.75,1,10000,0.0019,0.404425,0.00479375,0.230344,0.0485688,0.0794688,0.0215937,0.208906,400,1000
0,0.75,1,25000,0.0019,0.404425,0.00479375,0.230344,0.0485688,0.0794688,0.0215937,0.208906,400,1000
0,0.75,1,50000,0.0019,0.404425,0.00479375,0.230344,0.0485688,0.0794688,0.0215937,0.208906,400,1000
0.2,0.75,1,1000,0.113206,0.198106,0.130519,0.0843062,0.180344,0.0245437,0.123313,0.145663,400,0
0.2,0.75,1,2000,0.126594,0.187425,0.116937,0.0964562,0.179506,0.0153625,0.1344,0.143319,400,0
0.2,0.75,1,3000,0.144194,0.181775,0.1336,0.0846313,0.188163,0.00491875,0.14195,0.120769,400,0
0.2,0.75,1,5000,0.139569,0.184837,0.134169,0.0991313,0.181638,0.00921875,0.124006,0.127431,400,0
0.2,0.75,1,7000,0.137575,0.168063,0.159356,0.0771687,0.175256,0,0.165519,0.117062,400,0
0.2,0.75,1,10000,0.1427,0.189944,0.153706,0.0623812,0.191875,0,0.151287,0.108106,400,0
0.2,0.75,1,25000,0.144644,0.190794,0.130294,0.104838,0.202231,0,0.128963,0.0982375,400,0
0.2,0.75,1,50000,0.138538,0.171038,0.146225,0.0951562,0.202775,0,0.140569,0.1057,400,0
0.05,0.75,1,1000,0.116888,0.22895,0.121219,0.100112,0.121975,0.0525813,0.0998437,0.158431,400,0
0.05,0.75,1,2000,0.158325,0.175325,0.163837,0.0803,0.1534,0.015675,0.148787,0.10435,400,0
0.05,0.75,1,3000,0.172969,0.172894,0.156206,0.07605,0.16485,0.001175,0.140613,0.115244,400,0
0.05,0.75,1,5000,0.162631,0.169263,0.140338,0.077025,0.200506,0,0.132356,0.117881,400,0
0.05,0.75,1,7000,0.143625,0.17245,0.153719,0.086075,0.194038,0,0.1413,0.108794,400,0
0.05,0.75,1,10000,0.155262,0.166313,0.156931,0.0852563,0.162963,0,0.137106,0.136169,400,0
0.05,0.75,1,25000,0.163544,0.194713,0.152856,0.0986063,0.153369,0,0.112687,0.124225,400,0
0.05,0.75,1,50000,0.159188,0.183606,0.151212,0.0835875,0.179831,0,0.126388,0.116187,400,0
0.25,0.75,1,1000,0.100431,0.19635,0.140712,0.108575,0.134919,0.0266562,0.139813,0.152544,400,0
0.25,0.75,1,2000,0.107169,0.182188,0.148806,0.0765062,0.205869,0.0102437,0.148356,0.120862,400,0
0.25,0.75,1,3000,0.130763,0.211094,0.128312,0.0700563,0.185044,0.00225,0.163325,0.109156,400,0
0.25,0.75,1,5000,0.121619,0.1991,0.137212,0.062275,0.194031,0,0.151156,0.134606,400,0
0.25,0.75,1,7000,0.123506,0.182225,0.128887,0.08765,0.198525,0,0.141281,0.137925,400,0
0.25,0.75,1,10000,0.125675,0.173031,0.140113,0.0909438,0.183469,0,0.149562,0.137206,400,0
0.25,0.75,1,25000,0.122819,0.210431,0.132662,0.088375,0.210156,0,0.130938,0.104619,400,0
0.25,0.75,1,50000,0.11925,0.208694,0.124231,0.094575,0.206762,0,0.124756,0.121731,400,0
0.1,0.75,1,1000,0.132481,0.166763,0.132406,0.105319,0.158231,0.03185,0.145844,0.127106,400,0
0.1,0.75,1,2000,0.153956,0.188794,0.139869,0.103825,0.181669,0.003275,0.118619,0.109994,400,0
0.1,0.75,1,3000,0.156575,0.173175,0.145962,0.0814187,0.182531,0,0.137894,0.122444,400,0
0.1,0.75,1,5000,0.150681,0.179456,0.138525,0.0786687,0.1894,0,0.144937,0.118331,400,0
0.1,0.75,1,7000,0.140625,0.1698,0.159925,0.0989125,0.189256,0,0.121588,0.119894,400,0
0.1,0.75,1,10000,0.136369,0.177219,0.147469,0.093575,0.195538,0,0.140206,0.109625,400,0
0.1,0.75,1,25000,0.136594,0.192331,0.147856,0.0860687,0.180694,0,0.147919,0.108537,400,0
0.1,0.75,1,50000,0.142969,0.182987,0.157581,0.0887063,0.183181,0,0.150781,0.0937937,400,0
0.3,0.75,1,1000,0.0989312,0.209319,0.094375,0.0973,0.196756,0.0426875,0.12935,0.131281,400,0
0.3,0.75,1,2000,0.116212,0.189969,0.128287,0.0726062,0.195213,0.0123875,0.141825,0.1435,400,0
0.3,0.75,1,3000,0.0923063,0.197687,0.123469,0.078875,0.219619,0,0.156406,0.131637,400,0
0.3,0.75,1,5000,0.1123,0.201437,0.123619,0.0748875,0.226425,0,0.142088,0.119244,400,0
0.3,0.75,1,7000,0.0945312,0.199656,0.115256,0.0954,0.213787,0,0.150256,0.131112,400,0
0.3,0.75,1,10000,0.129225,0.221181,0.133887,0.079975,0.194319,0,0.14665,0.0947625,400,0
0.3,0.75,1,25000,0.104762,0.191794,0.117375,0.0752375,0.231594,0,0.123731,0.155506,400,0
0.3,0.75,1,50000,0.129731,0.205419,0.135813,0.0667375,0.200006,0,0.147094,0.1152,400,0
0.15,0.75,1,1000,0.13555,0.207825,0.13415,0.082325,0.155638,0.0210812,0.149913,0.113519,400,0
0.15,0.75,1,2000,0.148669,0.167744,0.161562,0.0845687,0.186638,0.00103125,0.137469,0.112319,400,0
0.15,0.75,1,3000,0.129206,0.176687,0.141306,0.0786875,0.190919,0.0018125,0.147594,0.133788,400,0
0.15,0.75,1,5000,0.138931,0.160856,0.166906,0.0773188,0.178475,0,0.150312,0.1272,400,0
0.15,0.75,1,7000,0.151275,0.1657,0.136838,0.107313,0.206019,0,0.135444,0.0974125,400,0
0.15,0.75,1,10000,0.139025,0.169662,0.148706,0.0879,0.198344,0,0.133275,0.123088,400,0
0.15,0.75,1,25000,0.1552,0.181212,0.1413,0.109475,0.189213,0,0.12575,0.09785,400,0
0.15,0.75,1,50000,0.123512,0.160544,0.162131,0.0753063,0.2029,0,0.149025,0.126581,400,0
0.35,0.75,1,1000,0.0794062,0.241487,0.0817937,0.09455,0.140225,0.0746375,0.104956,0.182944,400,0
0.35,0.75,1,2000,0.07635,0.210287,0.110613,0.103444,0.149656,0.0565375,0.116656,0.176456,400,0
0.35,0.75,1,3000,0.110981,0.205719,0.120288,0.0807188,0.162406,0.0670063,0.10945,0.143431,400,0
0.35,0.75,1,5000,0.0981438,0.230944,0.110306,0.0995313,0.154319,0.0550438,0.100575,0.151138,400,0
0.35,0.75,1,7000,0.0658563,0.207231,0.0970562,0.111844,0.162612,0.0648,0.126738,0.163862,400,0
0.35,0.75,1,10000,0.104425,0.2199,0.133387,0.0838,0.168806,0.0181625,0.155,0.116519,400,0
0.35,0.75,1,25000,0.0981687,0.206194,0.126175,0.0746,0.221931,0,0.13305,0.139881,400,0
0.35,0.75,1,50000,0.09765,0.197956,0.14105,0.0866062,0.154213,0,0.148594,0.173931,400,0
0.2,0.75,1,1000,0.12015,0.200419,0.133025,0.0761938,0.195988,0.0157562,0.127275,0.131194,400,0
0.2,0.75,1,2000,0.155525,0.185812,0.129775,0.0828875,0.201406,0.00184375,0.130219,0.112531,400,0
0.2,0.75,1,3000,0.127044,0.173762,0.133225,0.0915375,0.2081,0,0.138331,0.128,400,0
0.2,0.75,1,5000,0.1371,0.185375,0.147262,0.0728063,0.21725,0,0.131488,0.108719,400,0
0.2,0.75,1,7000,0.145162,0.184256,0.127562,0.086825,0.195619,0,0.134594,0.125981,400,0
0.2,0.75,1,10000,0.126931,0.185012,0.150844,0.0828563,0.19575,0,0.1383,0.120306,400,0
0.2,0.75,1,25000,0.131912,0.200525,0.149413,0.0799125,0.224213,0,0.111988,0.102038,400,0
0.2,0.75,1,50000,0.169681,0.171831,0.130825,0.0728625,0.180994,0,0.153431,0.120375,400,0
0.4,0.75,1,1000,0.02585,0.228206,0.0367688,0.196362,0.0696,0.190381,0.0355625,0.217269,400,0
0.4,0.75,1,2000,0,0.264781,7.5e-05,0.23165,0,0.250506,0,0.252987,400,0
0.4,0.75,1,3000,0,0.254131,0,0.238613,0,0.2441,0,0.263156,400,0
0.4,0.75,1,5000,0,0.248881,0,0.250625,0,0.247487,0,0.253006,400,0
0.4,0.75,1,7000,0,0.256613,0,0.240044,0,0.250119,0,0.253225,400,0
0.4,0.75,1,10000,0,0.253719,0,0.252756,0,0.255688,0,0.237838,400,0
0.4,0.75,1,25000,0,0.254613,0,0.247138,0,0.254306,0,0.243944,400,0
0.4,0.75,1,50000,0,0.240331,0,0.249875,0,0.275575,0,0.234219,400,0
0,0.75,1,2000,0.0023875,0.385831,0.00426875,0.2522,0.0543563,0.0839875,0.0210437,0.195925,400,1000
0,0.75,1,3000,0.0023875,0.385831,0.00426875,0.2522,0.0543563,0.0839875,0.0210437,0.195925,400,1000
0,0.75,1,5000,0.0023875,0.385831,0.00426875,0.2522,0.0543563,0.0839875,0.0210437,0.195925,400,1000
0,0.75,1,7000,0.0023875,0.385831,0.00426875,0.2522,0.0543563,0.0839875,0.0210437,0.195925,400,1000
0,0.75,1,10000,0.0023875,0.385831,0.00426875,0.2522,0.0543563,0.0839875,0.0210437,0.195925,400,1000
0,0.75,1,25000,0.0023875,0.385831,0.00426875,0.2522,0.0543563,0.0839875,0.0210437,0.195925,400,1000
0,0.75,1,50000,0.0023875,0.385831,0.00426875,0.2522,0.0543563,0.0839875,0.0210437,0.195925,400,1000
0.25,0.75,1,1000,0.116544,0.199131,0.1,0.100675,0.1849,0.0473563,0.132006,0.119387,400,0
0.25,0.75,1,2000,0.102781,0.20405,0.108406,0.0761813,0.254356,0.0110563,0.136075,0.107094,400,0
0.25,0.75,1,3000,0.121494,0.199625,0.153269,0.0754125,0.180319,0.00604375,0.160337,0.1035,400,0
0.25,0.75,1,5000,0.158312,0.191144,0.147237,0.0838187,0.177363,0,0.128287,0.113837,400,0
0.25,0.75,1,7000,0.118594,0.1711,0.126894,0.0929625,0.235194,0,0.124444,0.130812,400,0
0.25,0.75,1,10000,0.117344,0.226831,0.145881,0.08985,0.219281,0,0.11055,0.0902625,400,0
0.25,0.75,1,25000,0.135075,0.209475,0.143469,0.103013,0.164769,0,0.136944,0.107256,400,0
0.25,0.75,1,50000,0.113863,0.193569,0.136081,0.0861187,0.222944,0,0.130006,0.117419,400,0
0.05,0.75,1,1000,0.125262,0.184519,0.109306,0.101219,0.167625,0.0491,0.10585,0.157119,400,0
0.05,0.75,1,2000,0.143444,0.162531,0.147944,0.118375,0.158,0.0271875,0.130694,0.111825,400,0
0.05,0.75,1,3000,0.137856,0.169738,0.175388,0.0895,0.195756,0.0054375,0.1166,0.109725,400,0
0.05,0.75,1,5000,0.164131,0.165319,0.1624,0.0928063,0.173731,0,0.135937,0.105675,400,0
0.05,0.75,1,7000,0.167575,0.185537,0.136406,0.077875,0.162694,0,0.138063,0.13185,400,0
0.05,0.75,1,10000,0.146212,0.177962,0.1534,0.079125,0.174088,0,0.1456,0.123613,400,0
0.05,0.75,1,25000,0.141444,0.160963,0.132075,0.0979063,0.193631,0,0.147262,0.126719,400,0
0.05,0.75,1,50000,0.147413,0.178544,0.163706,0.0891563,0.175813,0,0.136606,0.108762,400,0
0.3,0.75,1,1000,0.0925938,0.202763,0.122463,0.0980063,0.175044,0.0420437,0.116031,0.151056,400,0
0.3,0.75,1,2000,0.1201,0.185363,0.1141,0.0903375,0.216388,0.0094375,0.123244,0.141031,400,0
0.3,0.75,1,3000,0.120713,0.189925,0.131562,0.0722875,0.190925,0.00738125,0.136838,0.150369,400,0
0.3,0.75,1,5000,0.11615,0.190594,0.126056,0.0703312,0.226219,0,0.156269,0.114381,400,0
0.3,0.75,1,7000,0.114331,0.192975,0.137988,0.0748438,0.208456,0,0.143737,0.127669,400,0
0.3,0.75,1,10000,0.109981,0.192981,0.120637,0.0792438,0.230513,0,0.154938,0.111706,400,0
0.3,0.75,1,25000,0.120925,0.204725,0.132775,0.056875,0.212613,0,0.135194,0.136894,400,0
0.3,0.75,1,50000,0.113194,0.207256,0.144662,0.0860438,0.18285,0,0.14945,0.116544,400,0
0.1,0.75,1,1000,0.150281,0.17685,0.141231,0.102275,0.139187,0.0216187,0.115212,0.153344,400,0
0.1,0.75,1,2000,0.137412,0.159287,0.14815,0.0840188,0.195669,0.00404375,0.139288,0.132131,400,0
0.1,0.75,1,3000,0.142256,0.173225,0.161419,0.0844125,0.177231,0.0005375,0.146375,0.114544,400,0
0.1,0.75,1,5000,0.151931,0.190444,0.134994,0.0835,0.184381,0,0.142681,0.112069,400,0
0.1,0.75,1,7000,0.147644,0.166325,0.15465,0.0891938,0.200112,0,0.138731,0.103344,400,0
0.1,0.75,1,10000,0.168006,0.177794,0.169794,0.10495,0.159806,0,0.111175,0.108475,400,0
0.1,0.75,1,25000,0.168038,0.182631,0.152356,0.0899812,0.188713,0,0.133594,0.0846875,400,0
0.1,0.75,1,50000,0.151438,0.152594,0.152069,0.0919688,0.193706,0,0.138862,0.119362,400,0
0.35,0.75,1,1000,0.0630813,0.212787,0.0886437,0.137075,0.100131,0.111187,0.0885625,0.198531,400,0
0.35,0.75,1,2000,0.0599063,0.256469,0.0622875,0.157225,0.102112,0.110081,0.0770062,0.174912,400,0
0.35,0.75,1,3000,0.0498063,0.221675,0.079225,0.156306,0.13045,0.110137,0.0787812,0.173619,400,0
0.35,0.75,1,5000,0.054075,0.192744,0.0829813,0.151175,0.145131,0.106819,0.0997312,0.167344,400,0
0.35,0.75,1,7000,0.064375,0.228612,0.0761813,0.142769,0.111156,0.123213,0.0669625,0.186731,400,0
0.35,0.75,1,10000,0.020725,0.217925,0.0299312,0.236981,0.0410937,0.222913,0.0225,0.207931,400,0
0.35,0.75,1,25000,0,0.245981,0,0.251625,0,0.258213,0,0.244181,400,0
0.35,0.75,1,50000,0,0.261969,0,0.239175,0,0.244344,0,0.254512,400,0
0.15,0.75,1,1000,0.132744,0.170881,0.128925,0.0914375,0.164906,0.026,0.111619,0.173487,400,0
0.15,0.75,1,2000,0.144831,0.18645,0.140256,0.0875812,0.173594,2.5e-05,0.15085,0.116413,400,0
0.15,0.75,1,3000,0.139394,0.180481,0.149144,0.0721062,0.169306,0,0.143638,0.145931,400,0
0.15,0.75,1,5000,0.158975,0.200563,0.124644,0.0700375,0.16885,0,0.150869,0.126062,400,0
0.15,0.75,1,7000,0.133831,0.187281,0.150106,0.087275,0.182225,0,0.131713,0.127569,400,0
0.15,0.75,1,10000,0.169544,0.191856,0.1634,0.0891875,0.14215,0,0.134362,0.1095,400,0
0.15,0.75,1,25000,0.140206,0.168,0.129481,0.105737,0.194188,0,0.136556,0.125831,400,0
0.15,0.75,1,50000,0.1477,0.198994,0.135269,0.1007,0.194531,0,0.126431,0.096375,400,0
0.4,0.75,1,1000,0.0241813,0.272694,0.0394188,0.182863,0.0575312,0.156494,0.0448687,0.22195,400,0
0.4,0.75,1,2000,0.005175,0.233575,0.00364375,0.256269,0.0057375,0.258906,0.00613125,0.230563,400,0
0.4,0.75,1,3000,0,0.230338,0,0.258556,0,0.278656,0,0.23245,400,0
0.4,0.75,1,5000,0,0.261756,0,0.261512,0,0.224231,0,0.2525,400,0
0.4,0.75,1,7000,0,0.269425,0,0.238431,0,0.243025,0,0.249119,400,0
0.4,0.75,1,10000,0,0.2396,0,0.251038,0,0.263912,0,0.24545,400,0
0.4,0.75,1,25000,0,0.247631,0,0.232506,0,0.254625,0,0.265238,400,0
0.4,0.75,1,50000,0,0.235363,0,0.246487,0,0.262594,0,0.255556,400,0
0,0.75,1,1000,0.0021875,0.370294,0.00458125,0.278531,0.045375,0.0855,0.01815,0.195381,400,0
0,0.75,1,2000,0.0021875,0.370294,0.00458125,0.278531,0.045375,0.0855,0.01815,0.195381,400,1250
0,0.75,1,3000,0.0021875,0.370294,0.00458125,0.278531,0.045375,0.0855,0.01815,0.195381,400,1250
0,0.75,1,5000,0.0021875,0.370294,0.00458125,0.278531,0.045375,0.0855,0.01815,0.195381,400,1250
0,0.75,1,7000,0.0021875,0.370294,0.00458125,0.278531,0.045375,0.0855,0.01815,0.195381,400,1250
0,0.75,1,10000,0.0021875,0.370294,0.00458125,0.278531,0.045375,0.0855,0.01815,0.195381,400,1250
0,0.75,1,25000,0.0021875,0.370294,0.00458125,0.278531,0.045375,0.0855,0.01815,0.195381,400,1250
0,0.75,1,50000,0.0021875,0.370294,0.00458125,0.278531,0.045375,0.0855,0.01815,0.195381,400,1250
0.2,0.75,1,1000,0.128175,0.1836,0.163837,0.087875,0.144325,0.0201875,0.136588,0.135412,400,0
0.2,0.75,1,2000,0.13365,0.180156,0.16425,0.0906688,0.1742,0.0052125,0.141575,0.110287,400,0
0.2,0.75,1,3000,0.136013,0.173588,0.120369,0.0944438,0.173125,0,0.14905,0.153413,400,0
0.2,0.75,1,5000,0.12575,0.169875,0.148644,0.0900438,0.185231,0,0.150719,0.129738,400,0
0.2,0.75,1,7000,0.152075,0.188963,0.137719,0.0662188,0.187862,0,0.140994,0.126169,400,0
0.2,0.75,1,10000,0.155781,0.180081,0.151219,0.0816125,0.190713,0,0.126256,0.114337,400,0
0.2,0.75,1,25000,0.141156,0.17805,0.153125,0.0860812,0.164319,0,0.136544,0.140725,400,0
0.2,0.75,1,50000,0.126688,0.221137,0.118313,0.0720438,0.201594,0,0.1499,0.110325,400,0
0.05,0.75,1,1000,0.108956,0.207975,0.120881,0.123563,0.140281,0.0881062,0.0994938,0.110744,400,0
0.05,0.75,1,2000,0.136238,0.193294,0.138425,0.0921312,0.141225,0.0426625,0.132094,0.123931,400,0
0.05,0.75,1,3000,0.150406,0.167269,0.151944,0.0742375,0.187056,0.00570625,0.137144,0.126238,400,0
0.05,0.75,1,5000,0.167144,0.185331,0.154312,0.081675,0.185781,0,0.109369,0.116388,400,0
0.05,0.75,1,7000,0.155456,0.166387,0.172019,0.0992438,0.174512,0,0.130062,0.102319,400,0
0.05,0.75,1,10000,0.158075,0.172075,0.142162,0.081725,0.172819,0,0.1425,0.130644,400,0
0.05,0.75,1,25000,0.146625,0.191275,0.136444,0.0796625,0.199894,0,0.137331,0.108769,400,0
0.05,0.75,1,50000,0.157819,0.193325,0.148394,0.0938062,0.176581,0,0.107112,0.122963,400,0
0.25,0.75,1,1000,0.105338,0.191119,0.122669,0.108938,0.182381,0.0384562,0.11875,0.13235,400,0
0.25,0.75,1,2000,0.118188,0.1958,0.136712,0.09075,0.201313,0.0186187,0.122362,0.116256,400,0
0.25,0.75,1,3000,0.1139,0.193188,0.128637,0.111194,0.209906,0.004975,0.124944,0.113256,400,0
0.25,0.75,1,5000,0.125806,0.182462,0.125131,0.0745,0.233975,0,0.1447,0.113425,400,0
0.25,0.75,1,7000,0.128587,0.190825,0.143806,0.0690188,0.196137,0,0.15265,0.118975,400,0
0.25,0.75,1,10000,0.109537,0.220138,0.130644,0.0841563,0.183713,0,0.129181,0.142631,400,0
0.25,0.75,1,25000,0.137769,0.187575,0.135981,0.0900938,0.203025,0,0.147731,0.097825,400,0
0.25,0.75,1,50000,0.122287,0.187694,0.13485,0.0789563,0.233887,0,0.14275,0.099575,400,0
0.1,0.75,1,1000,0.129481,0.175425,0.155262,0.100331,0.157587,0.0255688,0.13325,0.123094,400,0
0.1,0.75,1,2000,0.157694,0.1893,0.136156,0.0820312,0.192812,0.00206875,0.127125,0.112812,400,0
0.1,0.75,1,3000,0.138719,0.159163,0.144225,0.09405,0.193469,0.00295,0.138112,0.129312,400,0
0.1,0.75,1,5000,0.136369,0.181394,0.143338,0.101038,0.190963,0,0.120006,0.126894,400,0
0.1,0.75,1,7000,0.148069,0.179219,0.158331,0.0822875,0.179475,0,0.13715,0.115469,400,0
0.1,0.75,1,10000,0.147469,0.182019,0.156475,0.0917375,0.155356,0,0.138594,0.12835,400,0
0.1,0.75,1,25000,0.132362,0.195969,0.144681,0.0802937,0.198769,0,0.151419,0.0965063,400,0
0.1,0.75,1,50000,0.146206,0.164769,0.173656,0.0905563,0.187556,0,0.133112,0.104144,400,0
0.3,0.75,1,1000,0.0720937,0.22145,0.111931,0.11485,0.164625,0.0527063,0.111888,0.150456,400,0
0.3,0.75,1,2000,0.0868125,0.228175,0.120838,0.09725,0.200862,0.0152938,0.107713,0.143056,400,0
0.3,0.75,1,3000,0.104194,0.204194,0.121631,0.0999188,0.216744,0.00120625,0.125494,0.126619,400,0
0.3,0.75,1,5000,0.104137,0.199944,0.109581,0.0706625,0.244838,0,0.148762,0.122075,400,0
0.3,0.75,1,7000,0.131575,0.186438,0.129325,0.0914313,0.176006,0,0.156413,0.128812,400,0
0.3,0.75,1,10000,0.102456,0.197981,0.132581,0.0644875,0.212144,0,0.143956,0.146394,400,0
0.3,0.75,1,25000,0.107394,0.200937,0.110412,0.091175,0.220469,0,0.142538,0.127075,400,0
0.3,0.75,1,50000,0.107269,0.174313,0.141487,0.060225,0.249156,0,0.143875,0.123675,400,0
0.15,0.75,1,1000,0.135069,0.211469,0.139031,0.0781562,0.163419,0.0105313,0.124075,0.13825,400,0
0.15,0.75,1,2000,0.141281,0.179037,0.146494,0.0817313,0.201806,0,0.131594,0.118056,400,0
0.15,0.75,1,3000,0.155156,0.165325,0.163425,0.0602437,0.164675,0,0.162862,0.128312,400,0
0.15,0.75,1,5000,0.1384,0.212656,0.142881,0.0915563,0.200275,0,0.1077,0.106531,400,0
0.15,0.75,1,7000,0.146269,0.183969,0.171631,0.0802438,0.167381,0,0.134781,0.115725,400,0
0.15,0.75,1,10000,0.129325,0.176925,0.141125,0.0808813,0.232387,0,0.132775,0.106581,400,0
0.15,0.75,1,25000,0.15085,0.185706,0.147913,0.0737125,0.184562,0,0.1528,0.104456,400,0
0.15,0.75,1,50000,0.121025,0.175375,0.129463,0.09545,0.217738,0,0.143838,0.117112,400,0
0.35,0.75,1,1000,0.0589312,0.237431,0.0842938,0.154519,0.117094,0.093925,0.0766562,0.17715,400,0
0.35,0.75,1,2000,0.0607,0.21585,0.0666563,0.14385,0.147487,0.104544,0.0840812,0.176831,400,0
0.35,0.75,1,3000,0.0604,0.231775,0.0763313,0.139788,0.12075,0.103044,0.089975,0.177937,400,0
0.35,0.75,1,5000,0.0299,0.227313,0.0562625,0.169187,0.0800125,0.16115,0.0599625,0.216213,400,0
0.35,0.75,1,7000,0.023,0.237531,0.0255875,0.217756,0.0573625,0.182644,0.033525,0.222594,400,0
0.35,0.75,1,10000,0,0.243481,8.125e-05,0.263025,0.00065625,0.251231,0.0006125,0.240913,400,0
0.35,0.75,1,25000,0,0.249194,0,0.254287,0,0.262419,0,0.2341,400,0
0.35,0.75,1,50000,0,0.228631,0,0.24575,0,0.255031,0,0.270587,400,0
0.2,0.75,1,1000,0.135819,0.162963,0.122531,0.111925,0.192244,0.01815,0.139987,0.116381,400,0
0.2,0.75,1,2000,0.134369,0.192906,0.135894,0.123906,0.181281,0.0063875,0.116225,0.109031,400,0
0.2,0.75,1,3000,0.159175,0.180462,0.144581,0.0885625,0.175025,0,0.120125,0.132069,400,0
0.2,0.75,1,5000,0.155425,0.185206,0.136044,0.0771125,0.191756,0,0.150325,0.104131,400,0
0.2,0.75,1,7000,0.133813,0.183331,0.137119,0.080375,0.196794,0,0.144187,0.124381,400,0
0.2,0.75,1,10000,0.1305,0.178419,0.133319,0.0866313,0.223419,0,0.115363,0.13235,400,0
0.2,0.75,1,25000,0.125356,0.182487,0.156344,0.0828688,0.224369,0,0.125325,0.10325,400,0
0.2,0.75,1,50000,0.1324,0.178663,0.133906,0.06755,0.218681,0,0.1361,0.1327,400,0
0.4,0.75,1,1000,0.0489812,0.209969,0.0736813,0.19255,0.0892813,0.129238,0.0614625,0.194837,400,0
0.4,0.75,1,2000,0.0130688,0.227269,0.0213937,0.233088,0.0273688,0.2093,0.0265188,0.241994,400,0
0.4,0.75,1,3000,0,0.236388,0,0.243981,0,0.260487,0,0.259144,400,0
0.4,0.75,1,5000,0,0.231494,0,0.248781,0,0.258862,0,0.260862,400,0
0.4,0.75,1,7000,0,0.253369,0,0.2447,0,0.239813,0,0.262119,400,0
0.4,0.75,1,10000,0,0.251437,0,0.260044,0,0.234981,0,0.253538,400,0
0.4,0.75,1,25000,0,0.246144,0,0.258006,0,0.237863,0,0.257987,400,0
0.4,0.75,1,50000,0,0.257606,0,0.247456,0,0.250806,0,0.244131,400,0
0,0.75,1,1000,0.001675,0.390944,0.0043875,0.234387,0.0539875,0.0894125,0.0210375,0.204169,400,750
0,0.75,1,2000,0.001675,0.390944,0.0043875,0.234387,0.0539875,0.0894125,0.0210375,0.204169,400,750
0,0.75,1,3000,0.001675,0.390944,0.0043875,0.234387,0.0539875,0.0894125,0.0210375,0.204169,400,750
0,0.75,1,5000,0.001675,0.390944,0.0043875,0.234387,0.0539875,0.0894125,0.0210375,0.204169,400,750
0,0.75,1,7000,0.001675,0.390944,0.0043875,0.234387,0.0539875,0.0894125,0.0210375,0.204169,400,750
0,0.75,1,10000,0.001675,0.390944,0.0043875,0.234387,0.0539875,0.0894125,0.0210375,0.204169,400,750
0,0.75,1,25000,0.001675,0.390944,0.0043875,0.234387,0.0539875,0.0894125,0.0210375,0.204169,400,750
0,0.75,1,50000,0.001675,0.390944,0.0043875,0.234387,0.0539875,0.0894125,0.0210375,0.204169,400,750
0.25,0.75,1,1000,0.11445,0.198619,0.147381,0.10185,0.151831,0.0415375,0.110287,0.134044,400,0
0.25,0.75,1,2000,0.118288,0.190381,0.138169,0.0880125,0.183012,0.0219,0.118869,0.141369,400,0
0.25,0.75,1,3000,0.117819,0.194,0.147388,0.0639688,0.177475,0.00051875,0.162475,0.136356,400,0
0.25,0.75,1,5000,0.115663,0.201225,0.140775,0.0591875,0.248756,0,0.13645,0.0979437,400,0
0.25,0.75,1,7000,0.124506,0.20975,0.145775,0.0679375,0.19325,0,0.147419,0.111363,400,0
0.25,0.75,1,10000,0.12575,0.195513,0.139344,0.0807438,0.187438,0,0.1519,0.119313,400,0
0.25,0.75,1,25000,0.117575,0.189794,0.148444,0.0679687,0.211312,0,0.158219,0.106688,400,0
0.25,0.75,1,50000,0.120181,0.20885,0.120275,0.0918875,0.198387,0,0.14495,0.115469,400,0
0.05,0.75,1,1000,0.106106,0.172838,0.125575,0.122056,0.1215,0.0842,0.0893687,0.178356,400,0
0.05,0.75,1,2000,0.127256,0.173237,0.139569,0.0820875,0.192137,0.0349187,0.119844,0.13095,400,0
0.05,0.75,1,3000,0.147537,0.173212,0.151206,0.090975,0.167856,0.00630625,0.125056,0.13785,400,0
0.05,0.75,1,5000,0.165506,0.163,0.1462,0.097225,0.186413,0.004975,0.124725,0.111956,400,0
0.05,0.75,1,7000,0.157694,0.1675,0.173431,0.084575,0.171825,0,0.129612,0.115363,400,0
0.05,0.75,1,10000,0.1538,0.17535,0.148388,0.0850687,0.177075,0,0.14225,0.118069,400,0
0.05,0.75,1,25000,0.163606,0.177419,0.163169,0.0801188,0.199806,0,0.114056,0.101825,400,0
0.05,0.75,1,50000,0.147825,0.156706,0.1495,0.0983,0.18065,0,0.132706,0.134313,400,0
0.3,0.75,1,1000,0.0811562,0.21775,0.123563,0.124531,0.152512,0.0364937,0.115163,0.148831,400,0
0.3,0.75,1,2000,0.0979562,0.208675,0.119938,0.0738937,0.185231,0.021525,0.157719,0.135063,400,0
0.3,0.75,1,3000,0.128169,0.194269,0.144162,0.0821563,0.199362,0.00985625,0.122719,0.119306,400,0
0.3,0.75,1,5000,0.0946875,0.208762,0.124669,0.0798187,0.227937,0,0.137331,0.126794,400,0
0.3,0.75,1,7000,0.126562,0.185969,0.149156,0.0906187,0.203069,0,0.151425,0.0932,400,0
0.3,0.75,1,10000,0.129106,0.186413,0.12405,0.0911938,0.199962,0,0.160269,0.109006,400,0
0.3,0.75,1,25000,0.111856,0.189713,0.145231,0.0880625,0.2044,0,0.1287,0.132038,400,0
0.3,0.75,1,50000,0.117525,0.206044,0.128431,0.06125,0.207625,0,0.153356,0.125769,400,0
0.1,0.75,1,1000,0.122162,0.17635,0.152938,0.126163,0.152469,0.0329938,0.121737,0.115187,400,0
0.1,0.75,1,2000,0.140244,0.183512,0.143363,0.0947812,0.18555,0.00580625,0.123381,0.123362,400,0
0.1,0.75,1,3000,0.149894,0.191406,0.133069,0.0956812,0.168644,0,0.13345,0.127856,400,0
0.1,0.75,1,5000,0.1334,0.190969,0.162406,0.112294,0.178037,0,0.1218,0.101094,400,0
0.1,0.75,1,7000,0.146225,0.166681,0.138988,0.0720313,0.211744,0,0.155219,0.109113,400,0
0.1,0.75,1,10000,0.144288,0.173038,0.155081,0.093525,0.161362,0,0.161387,0.111319,400,0
0.1,0.75,1,25000,0.144781,0.145075,0.134887,0.101112,0.21595,0,0.136019,0.122175,400,0
0.1,0.75,1,50000,0.168838,0.189656,0.149769,0.07905,0.180319,0,0.117556,0.114812,400,0
0.35,0.75,1,1000,0.0710063,0.228319,0.117119,0.122287,0.14115,0.0437437,0.121112,0.155262,400,0
0.35,0.75,1,2000,0.0956,0.197038,0.100925,0.106112,0.165681,0.0445438,0.134963,0.155138,400,0
0.35,0.75,1,3000,0.0876563,0.237169,0.101844,0.102925,0.164925,0.0353125,0.136375,0.133794,400,0
0.35,0.75,1,5000,0.0922063,0.214556,0.110213,0.0829562,0.181019,0.0191687,0.134394,0.165488,400,0
0.35,0.75,1,7000,0.0945687,0.220413,0.117013,0.0691875,0.210638,0.0097375,0.112831,0.165612,400,0
0.35,0.75,1,10000,0.0907188,0.221506,0.124325,0.0685812,0.259581,0,0.123419,0.111869,400,0
0.35,0.75,1,25000,0.111037,0.195181,0.124756,0.0720937,0.245056,0,0.145512,0.106362,400,0
0.35,0.75,1,50000,0.102688,0.22655,0.105588,0.0976125,0.168944,0,0.146031,0.152587,400,0
0.15,0.75,1,1000,0.132937,0.174106,0.146256,0.0947125,0.139162,0.0124875,0.144806,0.155531,400,0
0.15,0.75,1,2000,0.139681,0.177231,0.127744,0.0800375,0.197044,0.000675,0.150344,0.127244,400,0
0.15,0.75,1,3000,0.139088,0.166538,0.167513,0.0947125,0.192387,0,0.130769,0.108994,400,0
0.15,0.75,1,5000,0.137937,0.188769,0.161644,0.05255,0.203781,0,0.148094,0.107225,400,0
0.15,0.75,1,7000,0.124662,0.191775,0.124406,0.0663625,0.224381,0,0.138406,0.130006,400,0
0.15,0.75,1,10000,0.146363,0.166975,0.176262,0.087925,0.17285,0,0.131356,0.118269,400,0
0.15,0.75,1,25000,0.131606,0.170506,0.130038,0.0973312,0.205063,0,0.125344,0.140113,400,0
0.15,0.75,1,50000,0.137644,0.177831,0.137869,0.0647937,0.207519,0,0.16255,0.111794,400,0
0.4,0.75,1,1000,0.029,0.2131,0.0414187,0.192719,0.0780875,0.179675,0.0426187,0.223381,400,0
0.4,0.75,1,2000,0.0116188,0.239206,0.0172437,0.229556,0.0273625,0.224062,0.0147063,0.236244,400,0
0.4,0.75,1,3000,0,0.259412,7.5e-05,0.238725,0.00124375,0.245631,0.00100625,0.253906,400,0
0.4,0.75,1,5000,0,0.239113,0,0.252613,0,0.261838,0,0.246438,400,0
0.4,0.75,1,7000,0,0.234819,0,0.259994,0,0.247388,0,0.2578,400,0
0.4,0.75,1,10000,0,0.249713,0,0.248506,0,0.248844,0,0.252937,400,0
0.4,0.75,1,25000,0,0.245844,0,0.24675,0,0.258288,0,0.249119,400,0
0.4,0.75,1,50000,0,0.244619,0,0.257688,0,0.249537,0,0.248156,400,0
0,0.75,1,1000,0.00215,0.372331,0.0054625,0.245787,0.0528313,0.0839875,0.0205125,0.216938,400,750
0,0.75,1,2000,0.00215,0.372331,0.0054625,0.245787,0.0528313,0.0839875,0.0205125,0.216938,400,750
0,0.75,1,3000,0.00215,0.372331,0.0054625,0.245787,0.0528313,0.0839875,0.0205125,0.216938,400,750
0,0.75,1,5000,0.00215,0.372331,0.0054625,0.245787,0.0528313,0.0839875,0.0205125,0.216938,400,750
0,0.75,1,7000,0.00215,0.372331,0.0054625,0.245787,0.0528313,0.0839875,0.0205125,0.216938,400,750
0,0.75,1,10000,0.00215,0.372331,0.0054625,0.245787,0.0528313,0.0839875,0.0205125,0.216938,400,750
0,0.75,1,25000,0.00215,0.372331,0.0054625,0.245787,0.0528313,0.0839875,0.0205125,0.216938,400,750
0,0.75,1,50000,0.00215,0.372331,0.0054625,0.245787,0.0528313,0.0839875,0.0205125,0.216938,400,750
0.2,0.75,1,1000,0.122088,0.219512,0.129188,0.088875,0.181844,0.0239875,0.11725,0.117256,400,0
0.2,0.75,1,2000,0.137456,0.204462,0.134419,0.0871813,0.157512,0.001725,0.149131,0.128112,400,0
0.2,0.75,1,3000,0.130256,0.19115,0.134637,0.0929875,0.199056,0,0.132056,0.119856,400,0
0.2,0.75,1,5000,0.141456,0.210269,0.144394,0.0814312,0.191806,0,0.12285,0.107794,400,0
0.2,0.75,1,7000,0.151994,0.194406,0.143031,0.0919625,0.169525,0,0.129169,0.119913,400,0
0.2,0.75,1,10000,0.151169,0.189625,0.137069,0.0975875,0.196544,0,0.130569,0.0974375,400,0
0.2,0.75,1,25000,0.124425,0.180125,0.142338,0.0778563,0.201569,0,0.161188,0.1125,400,0
0.2,0.75,1,50000,0.13615,0.185694,0.150237,0.0919688,0.179231,0,0.14855,0.108169,400,0
0.05,0.75,1,1000,0.111744,0.201119,0.107825,0.113844,0.147819,0.0654187,0.10335,0.148881,400,0
0.05,0.75,1,2000,0.150156,0.173162,0.126375,0.091775,0.198362,0.0166313,0.118994,0.124544,400,0
0.05,0.75,1,3000,0.144375,0.188087,0.142262,0.0938062,0.201462,0.001575,0.128056,0.100375,400,0
0.05,0.75,1,5000,0.1396,0.171431,0.177375,0.0833875,0.157794,0,0.152775,0.117638,400,0
0.05,0.75,1,7000,0.145619,0.172206,0.16665,0.10015,0.180619,0,0.134381,0.100375,400,0
0.05,0.75,1,10000,0.155175,0.178375,0.159163,0.0748375,0.174731,0,0.134587,0.123131,400,0
0.05,0.75,1,25000,0.151212,0.177031,0.151944,0.0899875,0.189513,0,0.123225,0.117087,400,0
0.05,0.75,1,50000,0.138825,0.182894,0.164419,0.0921,0.180769,0,0.118381,0.122612,400,0
0.25,0.75,1,1000,0.112331,0.211644,0.119369,0.105956,0.158331,0.0356375,0.136612,0.120119,400,0
0.25,0.75,1,2000,0.136606,0.166156,0.138625,0.073425,0.183869,0.0081375,0.138844,0.154337,400,0
0.25,0.75,1,3000,0.11375,0.202544,0.121025,0.08635,0.211737,0.011025,0.140219,0.11335,400,0
0.25,0.75,1,5000,0.125675,0.176425,0.163181,0.0916187,0.190675,0,0.139387,0.113037,400,0
0.25,0.75,1,7000,0.114525,0.202556,0.126688,0.0884812,0.198044,0,0.156444,0.113263,400,0
0.25,0.75,1,10000,0.120669,0.180075,0.135956,0.0640938,0.200738,0,0.167137,0.131331,400,0
0.25,0.75,1,25000,0.105919,0.173319,0.147187,0.07585,0.208944,0,0.140825,0.147956,400,0
0.25,0.75,1,50000,0.132831,0.208719,0.149225,0.0738063,0.177813,0,0.140788,0.116819,400,0
0.1,0.75,1,1000,0.151638,0.185644,0.155213,0.0826937,0.167381,0.0189625,0.11385,0.124619,400,0
0.1,0.75,1,2000,0.154062,0.176981,0.147519,0.0869188,0.191181,0.0119562,0.127181,0.1042,400,0
0.1,0.75,1,3000,0.142494,0.160794,0.16425,0.109894,0.1771,0.0034625,0.120387,0.121619,400,0
0.1,0.75,1,5000,0.128344,0.170331,0.150669,0.0855375,0.194575,0,0.139381,0.131162,400,0
0.1,0.75,1,7000,0.155631,0.161144,0.116856,0.0742188,0.229156,0,0.15095,0.112044,400,0
0.1,0.75,1,10000,0.141912,0.172456,0.135344,0.0896437,0.196637,0,0.139712,0.124294,400,0
0.1,0.75,1,25000,0.140556,0.180506,0.137031,0.0856937,0.169881,0,0.15835,0.127981,400,0
0.1,0.75,1,50000,0.141175,0.190731,0.156706,0.0778563,0.180188,0,0.137738,0.115606,400,0
0.3,0.75,1,1000,0.0800187,0.235306,0.0978437,0.132331,0.167813,0.0563875,0.0918687,0.138431,400,0
0.3,0.75,1,2000,0.107644,0.199756,0.117144,0.11765,0.199738,0.0160687,0.132081,0.109919,400,0
0.3,0.75,1,3000,0.127163,0.1938,0.120431,0.08625,0.173512,0.0054125,0.144331,0.1491,400,0
0.3,0.75,1,5000,0.132875,0.210663,0.122625,0.0659562,0.229,0,0.145519,0.0933625,400,0
0.3,0.75,1,7000,0.116819,0.19265,0.120631,0.0850562,0.234588,0,0.137806,0.11245,400,0
0.3,0.75,1,10000,0.111162,0.197362,0.124644,0.0822313,0.233331,0,0.153156,0.0981125,400,0
0.3,0.75,1,25000,0.125044,0.194406,0.130756,0.0712875,0.193425,0,0.165563,0.119519,400,0
0.3,0.75,1,50000,0.115263,0.199625,0.134306,0.082875,0.204462,0,0.141244,0.122225,400,0
0.15,0.75,1,1000,0.114869,0.184337,0.15115,0.0972125,0.174731,0.0275563,0.109094,0.14105,400,0
0.15,0.75,1,2000,0.131387,0.181363,0.155112,0.0844312,0.170644,0.003525,0.140375,0.133162,400,0
0.15,0.75,1,3000,0.127763,0.194788,0.149981,0.0947125,0.199212,0,0.126637,0.106906,400,0
0.15,0.75,1,5000,0.157337,0.164531,0.15145,0.07105,0.149831,0,0.169162,0.136637,400,0
0.15,0.75,1,7000,0.146644,0.174506,0.14745,0.0994312,0.171813,0,0.136725,0.123431,400,0
0.15,0.75,1,10000,0.124394,0.169088,0.143531,0.0918125,0.222963,0,0.138825,0.109387,400,0
0.15,0.75,1,25000,0.146462,0.182312,0.162456,0.0614875,0.179219,0,0.151781,0.116281,400,0
0.15,0.75,1,50000,0.128731,0.1828,0.154175,0.0797563,0.1873,0,0.137944,0.129294,400,0
0.35,0.75,1,1000,0.0625562,0.271525,0.0827313,0.12255,0.102844,0.0937188,0.0848688,0.179206,400,0
0.35,0.75,1,2000,0.0427812,0.234881,0.077025,0.134263,0.116594,0.114462,0.078525,0.201469,400,0
0.35,0.75,1,3000,0.042775,0.217269,0.071025,0.148581,0.105575,0.129906,0.08205,0.202819,400,0
0.35,0.75,1,5000,0.0540563,0.213525,0.0581812,0.198419,0.103375,0.13115,0.07025,0.171044,400,0
0.35,0.75,1,7000,0.0338875,0.247806,0.0577187,0.173581,0.07665,0.162075,0.0422937,0.205987,400,0
0.35,0.75,1,10000,0,0.255919,0,0.250719,0,0.245606,0,0.247756,400,0
0.35,0.75,1,25000,0,0.256344,0,0.244481,0,0.246831,0,0.252344,400,0
0.35,0.75,1,50000,0,0.254956,0,0.229544,0,0.257275,0,0.258225,400,0
0.2,0.75,1,1000,0.120325,0.182381,0.138588,0.0880875,0.147019,0.0341062,0.134919,0.154575,400,0
0.2,0.75,1,2000,0.125781,0.190931,0.142725,0.0822,0.18935,0.0115,0.119163,0.13835,400,0
0.2,0.75,1,3000,0.126163,0.170069,0.153275,0.0776812,0.209744,0.0043625,0.1406,0.118106,400,0
0.2,0.75,1,5000,0.147388,0.171956,0.146725,0.06935,0.1739,0,0.159044,0.131637,400,0
0.2,0.75,1,7000,0.152781,0.184113,0.120288,0.102419,0.207563,0,0.122131,0.110706,400,0
0.2,0.75,1,10000,0.142906,0.196456,0.163919,0.05355,0.176437,0,0.155931,0.1108,400,0
0.2,0.75,1,25000,0.142063,0.163144,0.147175,0.0849125,0.219475,0,0.144331,0.0989,400,0
0.2,0.75,1,50000,0.126675,0.192925,0.12935,0.0575312,0.214031,0,0.1637,0.115788,400,0
0.4,0.75,1,1000,0.0271687,0.278475,0.046525,0.14155,0.086975,0.132331,0.0705125,0.216463,400,0
0.4,0.75,1,2000,0.0047875,0.251025,0.0148875,0.223912,0.0219438,0.218337,0.0161312,0.248975,400,0
0.4,0.75,1,3000,0,0.248981,0,0.248981,0,0.248413,6.25e-05,0.253563,400,0
0.4,0.75,1,5000,0,0.254331,0,0.261681,0,0.244613,0,0.239375,400,0
0.4,0.75,1,7000,0,0.250844,0,0.273569,0,0.237788,0,0.2378,400,0
0.4,0.75,1,10000,0,0.262838,0,0.261519,0,0.237425,0,0.238219,400,0
0.4,0.75,1,25000,0,0.248713,0,0.250144,0,0.269644,0,0.2315,400,0
0.4,0.75,1,50000,0,0.236756,0,0.254069,0,0.251856,0,0.257319,400,0
0,0.75,1,2000,0.001825,0.409062,0.0055875,0.228263,0.056975,0.0804563,0.0177375,0.200094,400,1000
0,0.75,1,3000,0.001825,0.409062,0.0055875,0.228263,0.056975,0.0804563,0.0177375,0.200094,400,1000
0,0.75,1,5000,0.001825,0.409062,0.0055875,0.228263,0.056975,0.0804563,0.0177375,0.200094,400,1000
0,0.75,1,7000,0.001825,0.409062,0.0055875,0.228263,0.056975,0.0804563,0.0177375,0.200094,400,1000
0,0.75,1,10000,0.001825,0.409062,0.0055875,0.228263,0.056975,0.0804563,0.0177375,0.200094,400,1000
0,0.75,1,25000,0.001825,0.409062,0.0055875,0.228263,0.056975,0.0804563,0.0177375,0.200094,400,1000
0,0.75,1,50000,0.001825,0.409062,0.0055875,0.228263,0.056975,0.0804563,0.0177375,0.200094,400,1000
0.25,0.75,1,1000,0.118675,0.180913,0.132481,0.101569,0.158575,0.0214125,0.1504,0.135975,400,0
0.25,0.75,1,2000,0.113738,0.192769,0.140869,0.0798438,0.187681,0.028275,0.129688,0.127137,400,0
0.25,0.75,1,3000,0.131612,0.209762,0.149081,0.0772125,0.184888,0,0.150219,0.097225,400,0
0.25,0.75,1,5000,0.120731,0.202263,0.139225,0.0846875,0.222406,0,0.137288,0.0934,400,0
0.25,0.75,1,7000,0.119012,0.204744,0.118069,0.0742812,0.214606,0,0.154056,0.115231,400,0
0.25,0.75,1,10000,0.1282,0.197087,0.120881,0.080775,0.201019,0,0.140819,0.131219,400,0
0.25,0.75,1,25000,0.132569,0.206181,0.139244,0.076075,0.182894,0,0.157244,0.105794,400,0
0.25,0.75,1,50000,0.118575,0.179581,0.155144,0.0817313,0.202937,0,0.131337,0.130694,400,0
0.05,0.75,1,1000,0.131606,0.172487,0.134362,0.128075,0.13815,0.0469,0.115644,0.132775,400,0
0.05,0.75,1,2000,0.149812,0.183231,0.128825,0.116062,0.175731,0.013225,0.113238,0.119875,400,0
0.05,0.75,1,3000,0.149169,0.186219,0.143894,0.111069,0.17235,0.00710625,0.123825,0.106369,400,0
0.05,0.75,1,5000,0.148856,0.1648,0.148525,0.0946313,0.157656,0,0.138925,0.146606,400,0
0.05,0.75,1,7000,0.133006,0.179244,0.148494,0.0999312,0.190438,0,0.139344,0.109544,400,0
0.05,0.75,1,10000,0.14855,0.164944,0.137906,0.0766312,0.166912,0,0.144994,0.160062,400,0
0.05,0.75,1,25000,0.147338,0.188569,0.148956,0.0903125,0.191263,0,0.122856,0.110706,400,0
0.05,0.75,1,50000,0.134744,0.159119,0.172437,0.106094,0.176875,0,0.128887,0.121844,400,0
0.3,0.75,1,1000,0.109156,0.203756,0.142594,0.106112,0.14555,0.0384625,0.1093,0.145069,400,0
0.3,0.75,1,2000,0.111013,0.217262,0.146669,0.072075,0.162713,0.01105,0.154831,0.124387,400,0
0.3,0.75,1,3000,0.101362,0.220012,0.121931,0.0588,0.247369,0.0035625,0.126531,0.120431,400,0
0.3,0.75,1,5000,0.103525,0.1922,0.127806,0.0688375,0.238675,0,0.162337,0.106619,400,0
0.3,0.75,1,7000,0.105069,0.205225,0.131438,0.0713437,0.213981,0,0.146262,0.126681,400,0
0.3,0.75,1,10000,0.102394,0.217663,0.127744,0.0719063,0.223019,0,0.125406,0.131869,400,0
0.3,0.75,1,25000,0.122106,0.188969,0.148994,0.07775,0.202987,0,0.161275,0.0979187,400,0
0.3,0.75,1,50000,0.117369,0.2178,0.115425,0.0772063,0.201931,0,0.137994,0.132275,400,0
0.1,0.75,1,1000,0.10575,0.184125,0.144275,0.098925,0.165937,0.0370062,0.122575,0.141406,400,0
0.1,0.75,1,2000,0.144906,0.187125,0.15535,0.0811375,0.168925,0.00605625,0.128406,0.128094,400,0
0.1,0.75,1,3000,0.155337,0.196956,0.145512,0.0927125,0.153575,0,0.136862,0.119044,400,0
0.1,0.75,1,5000,0.149975,0.180381,0.166675,0.08965,0.148987,0,0.135063,0.129269,400,0
0.1,0.75,1,7000,0.156281,0.195387,0.154963,0.0833625,0.155037,0,0.137263,0.117706,400,0
0.1,0.75,1,10000,0.132631,0.159488,0.161488,0.0808375,0.214087,0,0.137681,0.113787,400,0
0.1,0.75,1,25000,0.172775,0.181012,0.152987,0.0895062,0.163356,0,0.121538,0.118825,400,0
0.1,0.75,1,50000,0.143987,0.1693,0.151306,0.0705,0.204237,0,0.145338,0.115331,400,0
0.35,0.75,1,1000,0.0527125,0.215963,0.0671875,0.158481,0.111006,0.120756,0.0748,0.199094,400,0
0.35,0.75,1,2000,0.0347688,0.234331,0.0485812,0.172356,0.0756625,0.152031,0.0490937,0.233175,400,0
0.35,0.75,1,3000,0.026275,0.230231,0.0468375,0.201794,0.0686,0.165931,0.0432063,0.217125,400,0
0.35,0.75,1,5000,0.013325,0.251969,0.0117687,0.219469,0.0201375,0.229619,0.01515,0.238563,400,0
0.35,0.75,1,7000,0,0.249231,0,0.2378,0,0.251663,0,0.261306,400,0
0.35,0.75,1,10000,0,0.257788,0,0.241838,0,0.24965,0,0.250725,400,0
0.35,0.75,1,25000,0,0.242856,0,0.2503,0,0.242156,0,0.264688,400,0
0.35,0.75,1,50000,0,0.243113,0,0.262744,0,0.247444,0,0.2467,400,0
0.15,0.75,1,1000,0.115087,0.183756,0.1329,0.0973187,0.1872,0.0244063,0.133556,0.125775,400,0
0.15,0.75,1,2000,0.136469,0.202906,0.136362,0.08175,0.183694,0.0028,0.132144,0.123875,400,0
0.15,0.75,1,3000,0.145775,0.178019,0.142462,0.093,0.175088,0.00045625,0.148737,0.116462,400,0
0.15,0.75,1,5000,0.149325,0.175875,0.1468,0.0830125,0.155969,0,0.152806,0.136212,400,0
0.15,0.75,1,7000,0.152944,0.163769,0.152119,0.0876375,0.184,0,0.136687,0.122844,400,0
0.15,0.75,1,10000,0.157131,0.178944,0.144531,0.0943688,0.204631,0,0.1094,0.110994,400,0
0.15,0.75,1,25000,0.163875,0.188744,0.162981,0.0709625,0.165162,0,0.137344,0.110931,400,0
0.15,0.75,1,50000,0.135612,0.187413,0.143756,0.075075,0.211569,0,0.143388,0.103188,400,0
0.4,0.75,1,1000,0.0216812,0.2306,0.030275,0.194269,0.0486,0.190794,0.032675,0.251106,400,0
0.4,0.75,1,2000,0.007575,0.244644,0.00081875,0.248219,0.00746875,0.249213,0.0162562,0.225806,400,0
0.4,0.75,1,3000,0,0.246487,0,0.250075,0,0.251937,0,0.2515,400,0
0.4,0.75,1,5000,0,0.258194,0,0.25515,0,0.240375,0,0.246281,400,0
0.4,0.75,1,7000,0,0.251188,0,0.242375,0,0.249312,0,0.257125,400,0
0.4,0.75,1,10000,0,0.260831,0,0.246631,0,0.252231,0,0.240306,400,0
0.4,0.75,1,25000,0,0.248862,0,0.2486,0,0.266019,0,0.236519,400,0
0.4,0.75,1,50000,0,0.240437,0,0.261244,0,0.252156,0,0.246163,400,0
0,0.75,1,1000,0.0014,0.375669,0.005025,0.226125,0.0542687,0.0933625,0.0190687,0.225081,400,750
0,0.75,1,2000,0.0014,0.375669,0.005025,0.226125,0.0542687,0.0933625,0.0190687,0.225081,400,750
0,0.75,1,3000,0.0014,0.375669,0.005025,0.226125,0.0542687,0.0933625,0.0190687,0.225081,400,750
0,0.75,1,5000,0.0014,0.375669,0.005025,0.226125,0.0542687,0.0933625,0.0190687,0.225081,400,750
0,0.75,1,7000,0.0014,0.375669,0.005025,0.226125,0.0542687,0.0933625,0.0190687,0.225081,400,750
0,0.75,1,10000,0.0014,0.375669,0.005025,0.226125,0.0542687,0.0933625,0.0190687,0.225081,400,750
0,0.75,1,25000,0.0014,0.375669,0.005025,0.226125,0.0542687,0.0933625,0.0190687,0.225081,400,750
0,0.75,1,50000,0.0014,0.375669,0.005025,0.226125,0.0542687,0.0933625,0.0190687,0.225081,400,750
0.2,0.75,1,1000,0.124,0.195412,0.112238,0.0861563,0.171487,0.0235313,0.142494,0.144681,400,0
0.2,0.75,1,2000,0.13345,0.160612,0.130125,0.101644,0.206138,0.0173312,0.125031,0.125669,400,0
0.2,0.75,1,3000,0.139437,0.180225,0.148413,0.0802937,0.193175,0.00250625,0.128181,0.127769,400,0
0.2,0.75,1,5000,0.129881,0.202781,0.130062,0.0703437,0.199175,0,0.117925,0.149831,400,0
0.2,0.75,1,7000,0.133213,0.161144,0.141325,0.0934062,0.242325,0,0.149888,0.0787,400,0
0.2,0.75,1,10000,0.141544,0.199038,0.138269,0.0697625,0.186312,0,0.134662,0.130412,400,0
0.2,0.75,1,25000,0.139319,0.190413,0.140831,0.084325,0.167044,0,0.153113,0.124956,400,0
0.2,0.75,1,50000,0.130463,0.175506,0.154938,0.0823688,0.237138,0,0.124606,0.0949813,400,0
0.05,0.75,1,1000,0.114238,0.200563,0.127,0.11155,0.144244,0.0517625,0.1036,0.147044,400,0
0.05,0.75,1,2000,0.139,0.186781,0.167881,0.100319,0.153475,0.0169625,0.105906,0.129675,400,0
0.05,0.75,1,3000,0.1394,0.1701,0.140538,0.102,0.177569,0.0083625,0.137338,0.124694,400,0
0.05,0.75,1,5000,0.168119,0.191731,0.151613,0.0794062,0.162331,0,0.118331,0.128469,400,0
0.05,0.75,1,7000,0.165238,0.179588,0.151081,0.0853562,0.1719,0,0.127431,0.119406,400,0
0.05,0.75,1,10000,0.140437,0.169356,0.1694,0.0876062,0.187525,0,0.132106,0.113569,400,0
0.05,0.75,1,25000,0.144256,0.169669,0.173237,0.0881375,0.208856,0,0.125519,0.090325,400,0
0.05,0.75,1,50000,0.1551,0.1752,0.163081,0.0877312,0.151544,0,0.144119,0.123225,400,0
0.25,0.75,1,1000,0.0999687,0.187244,0.106981,0.103444,0.16035,0.0556813,0.142969,0.143363,400,0
0.25,0.75,1,2000,0.1309,0.215681,0.124238,0.0817812,0.208469,0.0027125,0.122162,0.114056,400,0
0.25,0.75,1,3000,0.114625,0.179938,0.145313,0.0844938,0.19105,0,0.149906,0.134675,400,0
0.25,0.75,1,5000,0.127612,0.1989,0.138763,0.101481,0.170175,0,0.152113,0.110956,400,0
0.25,0.75,1,7000,0.122444,0.187031,0.116138,0.0860125,0.243481,0,0.133669,0.111225,400,0
0.25,0.75,1,10000,0.124831,0.182969,0.153531,0.0692,0.226194,0,0.128575,0.1147,400,0
0.25,0.75,1,25000,0.132281,0.191231,0.129181,0.0742625,0.185056,0,0.171013,0.116975,400,0
0.25,0.75,1,50000,0.1165,0.194231,0.150481,0.0789437,0.182644,0,0.16315,0.11405,400,0
0.1,0.75,1,1000,0.150594,0.190075,0.15115,0.0891062,0.156319,0.021575,0.121981,0.1192,400,0
0.1,0.75,1,2000,0.150363,0.175613,0.147644,0.092025,0.195706,0.0107625,0.101525,0.126362,400,0
0.1,0.75,1,3000,0.158112,0.170044,0.155463,0.101875,0.185656,0.0019375,0.12135,0.105563,400,0
0.1,0.75,1,5000,0.135031,0.170406,0.165412,0.0836188,0.1868,0,0.128581,0.13015,400,0
0.1,0.75,1,7000,0.147712,0.184919,0.140006,0.080325,0.179163,0,0.13885,0.129025,400,0
0.1,0.75,1,10000,0.152044,0.183175,0.143506,0.084975,0.174169,0,0.150138,0.111994,400,0
0.1,0.75,1,25000,0.147281,0.192156,0.1591,0.0750062,0.175338,0,0.143962,0.107156,400,0
0.1,0.75,1,50000,0.145075,0.169225,0.160938,0.079675,0.175156,0,0.1651,0.104831,400,0
0.3,0.75,1,1000,0.076425,0.214019,0.096725,0.09615,0.176975,0.0525,0.126431,0.160775,400,0
0.3,0.75,1,2000,0.0952188,0.194938,0.111738,0.0997187,0.217094,0.0259937,0.1324,0.1229,400,0
0.3,0.75,1,3000,0.108375,0.212712,0.126644,0.086675,0.203506,0.0125,0.121919,0.127669,400,0
0.3,0.75,1,5000,0.1058,0.204725,0.136725,0.0753063,0.213756,0,0.138238,0.12545,400,0
0.3,0.75,1,7000,0.110469,0.196331,0.140681,0.08225,0.218431,0,0.144656,0.107181,400,0
0.3,0.75,1,10000,0.0963062,0.189188,0.138194,0.0822187,0.211244,0,0.156781,0.126069,400,0
0.3,0.75,1,25000,0.112981,0.167162,0.152406,0.0682125,0.2335,0,0.140462,0.125275,400,0
0.3,0.75,1,50000,0.105,0.213006,0.130381,0.081975,0.198644,0,0.142594,0.1284,400,0
0.15,0.75,1,1000,0.132281,0.199075,0.132444,0.114456,0.14425,0.0383438,0.0895187,0.149631,400,0
0.15,0.75,1,2000,0.141475,0.182119,0.131569,0.0831625,0.217944,0.0104125,0.125956,0.107362,400,0
0.15,0.75,1,3000,0.132869,0.184806,0.151562,0.0701,0.182375,0.0035625,0.149663,0.125062,400,0
0.15,0.75,1,5000,0.160988,0.170119,0.151481,0.0953187,0.16265,0,0.147287,0.112156,400,0
0.15,0.75,1,7000,0.158681,0.183519,0.145394,0.081625,0.177094,0,0.139187,0.1145,400,0
0.15,0.75,1,10000,0.143912,0.199338,0.156806,0.08335,0.1629,0,0.140469,0.113225,400,0
0.15,0.75,1,25000,0.157475,0.184237,0.134738,0.0862125,0.1771,0,0.144306,0.115931,400,0
0.15,0.75,1,50000,0.132887,0.193081,0.166731,0.0766125,0.184163,0,0.142731,0.103794,400,0
0.35,0.75,1,1000,0.07065,0.223662,0.0806063,0.129994,0.136231,0.0902875,0.108313,0.160256,400,0
0.35,0.75,1,2000,0.081925,0.206306,0.0951875,0.112875,0.137344,0.0814625,0.111075,0.173825,400,0
0.35,0.75,1,3000,0.065225,0.217713,0.07895,0.116163,0.170056,0.074925,0.112069,0.1649,400,0
0.35,0.75,1,5000,0.0608812,0.237869,0.0786063,0.146569,0.12585,0.0865063,0.0810938,0.182625,400,0
0.35,0.75,1,7000,0.0392687,0.244562,0.0640562,0.155956,0.115406,0.114575,0.0860313,0.180144,400,0
0.35,0.75,1,10000,0.0306375,0.236694,0.0574375,0.190631,0.0640375,0.1663,0.0424875,0.211775,400,0
0.35,0.75,1,25000,0,0.245675,0,0.256694,0,0.244344,0,0.253287,400,0
0.35,0.75,1,50000,0,0.2568,0,0.252487,0,0.239731,0,0.250981,400,0
0.2,0.75,1,1000,0.118944,0.203687,0.137425,0.0993062,0.177425,0.026625,0.118281,0.118306,400,0
0.2,0.75,1,2000,0.122637,0.197544,0.13855,0.0990313,0.203881,0.00228125,0.132769,0.103306,400,0
0.2,0.75,1,3000,0.118019,0.180869,0.141013,0.0494313,0.219994,0,0.165819,0.124856,400,0
0.2,0.75,1,5000,0.140194,0.174169,0.14975,0.0684812,0.165775,0,0.167931,0.1337,400,0
0.2,0.75,1,7000,0.141744,0.159112,0.158256,0.0840562,0.181431,0,0.154719,0.120681,400,0
0.2,0.75,1,10000,0.103706,0.195087,0.120444,0.102188,0.245744,0,0.121681,0.11115,400,0
0.2,0.75,1,25000,0.138687,0.179775,0.154875,0.0778375,0.15585,0,0.172775,0.1202,400,0
0.2,0.75,1,50000,0.152275,0.168338,0.132594,0.0712688,0.195644,0,0.135587,0.144294,400,0
0.4,0.75,1,1000,0.0268063,0.235775,0.0518938,0.17425,0.0617687,0.172394,0.0563625,0.22075,400,0
0.4,0.75,1,2000,0.00365,0.244487,0.0033625,0.242856,0.00398125,0.245494,0.0046875,0.251481,400,0
0.4,0.75,1,3000,0,0.241981,0,0.248956,0,0.257981,0,0.251081,400,0
0.4,0.75,1,5000,0,0.239581,0,0.254556,0,0.265163,0,0.2407,400,0
0.4,0.75,1,7000,0,0.25095,0,0.252437,0,0.24825,0,0.248363,400,0
0.4,0.75,1,10000,0,0.251487,0,0.250869,0,0.2366,0,0.261044,400,0
0.4,0.75,1,25000,0,0.258744,0,0.238206,0,0.244006,0,0.259044,400,0
0.4,0.75,1,50000,0,0.252981,0,0.247419,0,0.237731,0,0.261869,400,0
0,0.75,1,2000,0.0017375,0.364575,0.00543125,0.250513,0.0546,0.0925875,0.0173625,0.213194,400,1000
0,0.75,1,3000,0.0017375,0.364575,0.00543125,0.250513,0.0546,0.0925875,0.0173625,0.213194,400,1000
0,0.75,1,5000,0.0017375,0.364575,0.00543125,0.250513,0.0546,0.0925875,0.0173625,0.213194,400,1000
0,0.75,1,7000,0.0017375,0.364575,0.00543125,0.250513,0.0546,0.0925875,0.0173625,0.213194,400,1000
0,0.75,1,10000,0.0017375,0.364575,0.00543125,0.250513,0.0546,0.0925875,0.0173625,0.213194,400,1000
0,0.75,1,25000,0.0017375,0.364575,0.00543125,0.250513,0.0546,0.0925875,0.0173625,0.213194,400,1000
0,0.75,1,50000,0.0017375,0.364575,0.00543125,0.250513,0.0546,0.0925875,0.0173625,0.213194,400,1000
0.25,0.75,1,1000,0.107631,0.165912,0.116856,0.117031,0.184244,0.0308,0.118138,0.159387,400,0
0.25,0.75,1,2000,0.111988,0.205831,0.120362,0.096625,0.191575,0.0074375,0.148294,0.117888,400,0
0.25,0.75,1,3000,0.133331,0.194263,0.147925,0.0911,0.175794,0.0007125,0.149613,0.107262,400,0
0.25,0.75,1,5000,0.125988,0.207863,0.132181,0.0831375,0.186056,0,0.140313,0.124463,400,0
0.25,0.75,1,7000,0.129419,0.207475,0.140919,0.0835063,0.191406,0,0.144169,0.103106,400,0
0.25,0.75,1,10000,0.122387,0.200644,0.119744,0.0849437,0.232331,0,0.142025,0.097925,400,0
0.25,0.75,1,25000,0.112763,0.20245,0.140931,0.07965,0.218044,0,0.134256,0.111906,400,0
0.25,0.75,1,50000,0.1268,0.191581,0.120619,0.0693625,0.210244,0,0.143806,0.137588,400,0
0.05,0.75,1,1000,0.109719,0.170481,0.124381,0.11895,0.159175,0.0589375,0.114256,0.1441,400,0
0.05,0.75,1,2000,0.149719,0.189756,0.146563,0.0954375,0.164531,0.0187812,0.111138,0.124075,400,0
0.05,0.75,1,3000,0.140669,0.191087,0.155787,0.103031,0.153769,0.008475,0.127219,0.119962,400,0
0.05,0.75,1,5000,0.175863,0.174131,0.1621,0.0788313,0.186963,0,0.118344,0.103769,400,0
0.05,0.75,1,7000,0.149475,0.169588,0.170588,0.0974187,0.172481,0,0.115788,0.124662,400,0
0.05,0.75,1,10000,0.160206,0.177356,0.14645,0.0861875,0.167925,0,0.130831,0.131044,400,0
0.05,0.75,1,25000,0.154938,0.157606,0.142025,0.0905125,0.17315,0,0.15145,0.130319,400,0
0.05,0.75,1,50000,0.152769,0.179313,0.155837,0.102706,0.184262,0,0.113787,0.111325,400,0
0.3,0.75,1,1000,0.0935688,0.219725,0.10195,0.114788,0.149569,0.0416188,0.128469,0.150312,400,0
0.3,0.75,1,2000,0.0893625,0.219638,0.108006,0.0913562,0.170356,0.0353875,0.129513,0.156381,400,0
0.3,0.75,1,3000,0.10285,0.219675,0.115375,0.0765563,0.218837,0.0144625,0.124363,0.127881,400,0
0.3,0.75,1,5000,0.100437,0.213544,0.120925,0.0822187,0.180594,0,0.180925,0.121356,400,0
0.3,0.75,1,7000,0.117056,0.217138,0.137875,0.0692,0.218181,0,0.129887,0.110662,400,0
0.3,0.75,1,10000,0.124525,0.178231,0.136788,0.067175,0.217919,0,0.136825,0.138538,400,0
0.3,0.75,1,25000,0.107744,0.201631,0.113794,0.0766187,0.190337,0,0.182431,0.127444,400,0
0.3,0.75,1,50000,0.0952812,0.205875,0.129525,0.087975,0.220294,0,0.15345,0.1076,400,0
0.1,0.75,1,1000,0.105031,0.198294,0.139181,0.109944,0.156938,0.0250812,0.118638,0.146894,400,0
0.1,0.75,1,2000,0.146144,0.220025,0.150406,0.0733687,0.162225,0.00778125,0.130125,0.109925,400,0
0.1,0.75,1,3000,0.153312,0.158175,0.167294,0.0980188,0.172044,0.0050125,0.127519,0.118625,400,0
0.1,0.75,1,5000,0.166369,0.167838,0.152144,0.0712688,0.16525,0,0.152856,0.124275,400,0
0.1,0.75,1,7000,0.15795,0.167075,0.167725,0.077075,0.178025,0,0.152044,0.100106,400,0
0.1,0.75,1,10000,0.154188,0.179663,0.153819,0.103475,0.1906,0,0.134831,0.083425,400,0
0.1,0.75,1,25000,0.142588,0.194194,0.139838,0.0763125,0.192156,0,0.148737,0.106175,400,0
0.1,0.75,1,50000,0.165275,0.182081,0.146425,0.090225,0.165331,0,0.132575,0.118087,400,0
0.35,0.75,1,1000,0.087425,0.210981,0.122862,0.0809688,0.188006,0.0403563,0.105825,0.163575,400,0
0.35,0.75,1,2000,0.09275,0.208113,0.0998,0.112669,0.157419,0.0509438,0.115231,0.163075,400,0
0.35,0.75,1,3000,0.0923875,0.21335,0.0978563,0.106225,0.168212,0.0506313,0.142219,0.129119,400,0
0.35,0.75,1,5000,0.0771187,0.22885,0.0813125,0.0975375,0.195469,0.0671438,0.113312,0.139256,400,0
0.35,0.75,1,7000,0.0959688,0.204113,0.1072,0.116931,0.171794,0.0578687,0.086775,0.15935,400,0
0.35,0.75,1,10000,0.0629375,0.2268,0.0736813,0.120044,0.192713,0.0713312,0.0877875,0.164706,400,0
0.35,0.75,1,25000,0.0358375,0.245931,0.0633937,0.169238,0.0977062,0.136394,0.0673375,0.184163,400,0
0.35,0.75,1,50000,0,0.2532,0,0.240219,0,0.253169,0,0.253412,400,0
0.15,0.75,1,1000,0.122375,0.184731,0.128331,0.113462,0.179356,0.0176313,0.110806,0.143306,400,0
0.15,0.75,1,2000,0.123681,0.176881,0.133238,0.115775,0.178925,0,0.121206,0.150294,400,0
0.15,0.75,1,3000,0.141838,0.1782,0.1309,0.108031,0.215531,0,0.117163,0.108338,400,0
0.15,0.75,1,5000,0.137187,0.173869,0.156888,0.08375,0.18305,0,0.151037,0.114219,400,0
0.15,0.75,1,7000,0.136219,0.173063,0.138313,0.0807688,0.210363,0,0.147925,0.11335,400,0
0.15,0.75,1,10000,0.163831,0.185688,0.143313,0.1041,0.181138,0,0.113375,0.108556,400,0
0.15,0.75,1,25000,0.146613,0.182531,0.134238,0.0853813,0.191194,0,0.135,0.125044,400,0
0.15,0.75,1,50000,0.135006,0.160881,0.144994,0.085925,0.189319,0,0.144437,0.139437,400,0
0.4,0.75,1,1000,0.0171812,0.257638,0.0481562,0.197263,0.0576813,0.175244,0.0439375,0.2029,400,0
0.4,0.75,1,2000,0.0111437,0.225988,0.0258625,0.221256,0.0258313,0.232763,0.0159938,0.241163,400,0
0.4,0.75,1,3000,0,0.239919,0,0.249037,0,0.2608,0,0.250244,400,0
0.4,0.75,1,5000,0,0.248094,0,0.255356,0,0.249975,0,0.246575,400,0
0.4,0.75,1,7000,0,0.256887,0,0.244938,0,0.245794,0,0.252381,400,0
0.4,0.75,1,10000,0,0.2576,0,0.248906,0,0.257406,0,0.236088,400,0
0.4,0.75,1,25000,0,0.259019,0,0.240581,0,0.242119,0,0.258281,400,0
0.4,0.75,1,50000,0,0.259569,0,0.261431,0,0.236869,0,0.242131,400,0
0,0.75,1,1000,0.001675,0.397406,0.005825,0.226731,0.0589312,0.0788875,0.0218938,0.20865,400,750
0,0.75,1,2000,0.001675,0.397406,0.005825,0.226731,0.0589312,0.0788875,0.0218938,0.20865,400,750
0,0.75,1,3000,0.001675,0.397406,0.005825,0.226731,0.0589312,0.0788875,0.0218938,0.20865,400,750
0,0.75,1,5000,0.001675,0.397406,0.005825,0.226731,0.0589312,0.0788875,0.0218938,0.20865,400,750
0,0.75,1,7000,0.001675,0.397406,0.005825,0.226731,0.0589312,0.0788875,0.0218938,0.20865,400,750
0,0.75,1,10000,0.001675,0.397406,0.005825,0.226731,0.0589312,0.0788875,0.0218938,0.20865,400,750
0,0.75,1,25000,0.001675,0.397406,0.005825,0.226731,0.0589312,0.0788875,0.0218938,0.20865,400,750
0,0.75,1,50000,0.001675,0.397406,0.005825,0.226731,0.0589312,0.0788875,0.0218938,0.20865,400,750
0.2,0.75,1,1000,0.121956,0.172781,0.135513,0.105756,0.162,0.0148813,0.161156,0.125956,400,0
0.2,0.75,1,2000,0.121813,0.203875,0.139788,0.0794,0.222069,0.001225,0.136894,0.0949375,400,0
0.2,0.75,1,3000,0.136519,0.187069,0.143419,0.0868625,0.181394,0,0.146063,0.118675,400,0
0.2,0.75,1,5000,0.148338,0.184906,0.134425,0.0938125,0.194225,0,0.151769,0.092525,400,0
0.2,0.75,1,7000,0.11935,0.177344,0.137194,0.10605,0.194675,0,0.14145,0.123938,400,0
0.2,0.75,1,10000,0.119694,0.2115,0.154075,0.0700687,0.152631,0,0.148244,0.143788,400,0
0.2,0.75,1,25000,0.137187,0.204363,0.135975,0.100175,0.167937,0,0.142375,0.111988,400,0
0.2,0.75,1,50000,0.153331,0.202219,0.159594,0.074,0.175344,0,0.139919,0.0955938,400,0
0.05,0.75,1,1000,0.117081,0.200894,0.111756,0.104681,0.135887,0.04245,0.115613,0.171637,400,0
0.05,0.75,1,2000,0.128794,0.182438,0.128812,0.0842438,0.180312,0.0230563,0.163469,0.108875,400,0
0.05,0.75,1,3000,0.159062,0.163263,0.157894,0.0884125,0.175212,0.00765625,0.125562,0.122938,400,0
0.05,0.75,1,5000,0.159731,0.160213,0.159244,0.08135,0.171462,0,0.138381,0.129619,400,0
0.05,0.75,1,7000,0.132444,0.173544,0.154006,0.0806438,0.204813,0,0.135275,0.119275,400,0
0.05,0.75,1,10000,0.151275,0.193575,0.147381,0.0865125,0.176363,0,0.138931,0.105963,400,0
0.05,0.75,1,25000,0.150744,0.180806,0.144775,0.107319,0.193125,0,0.122362,0.100869,400,0
0.05,0.75,1,50000,0.16065,0.18385,0.1594,0.0898937,0.198769,0,0.124906,0.0825313,400,0
0.25,0.75,1,1000,0.0978125,0.164394,0.112725,0.101994,0.147719,0.0538062,0.126787,0.194763,400,0
0.25,0.75,1,2000,0.117563,0.178663,0.140931,0.084075,0.196662,0.0133937,0.155025,0.113687,400,0
0.25,0.75,1,3000,0.113869,0.1917,0.140219,0.0789125,0.211962,0,0.1478,0.115538,400,0
0.25,0.75,1,5000,0.123381,0.204162,0.136869,0.0685188,0.191419,0,0.151844,0.123806,400,0
0.25,0.75,1,7000,0.115613,0.193225,0.137069,0.0583938,0.224538,0,0.156519,0.114644,400,0
0.25,0.75,1,10000,0.14695,0.185556,0.136075,0.0740438,0.183069,0,0.161738,0.112569,400,0
0.25,0.75,1,25000,0.116094,0.17705,0.139994,0.0861187,0.222513,0,0.142737,0.115494,400,0
0.25,0.75,1,50000,0.121438,0.230425,0.134344,0.0665437,0.196356,0,0.132312,0.118581,400,0
0.1,0.75,1,1000,0.138612,0.192125,0.122494,0.0839687,0.170094,0.0238812,0.129419,0.139406,400,0
0.1,0.75,1,2000,0.164119,0.166156,0.150756,0.100569,0.181756,0.0007875,0.132631,0.103225,400,0
0.1,0.75,1,3000,0.147875,0.185163,0.163344,0.084125,0.157069,0,0.140369,0.122056,400,0
0.1,0.75,1,5000,0.158219,0.194994,0.152344,0.0951125,0.169844,0,0.120756,0.108731,400,0
0.1,0.75,1,7000,0.150619,0.193769,0.139325,0.0838062,0.182712,0,0.120094,0.129675,400,0
0.1,0.75,1,10000,0.152188,0.185062,0.1575,0.103581,0.159494,0,0.122575,0.1196,400,0
0.1,0.75,1,25000,0.157356,0.188525,0.141781,0.0864812,0.173844,0,0.127575,0.124438,400,0
0.1,0.75,1,50000,0.159637,0.175288,0.134912,0.0777,0.199519,0,0.145588,0.107356,400,0
0.3,0.75,1,1000,0.0855125,0.200162,0.0981063,0.116269,0.163075,0.0638375,0.124956,0.148081,400,0
0.3,0.75,1,2000,0.0920375,0.201969,0.104556,0.0966937,0.180344,0.0329438,0.137831,0.153625,400,0
0.3,0.75,1,3000,0.105313,0.198831,0.107769,0.0798688,0.179325,0.0136437,0.162738,0.152512,400,0
0.3,0.75,1,5000,0.100962,0.185806,0.121963,0.0722625,0.20395,0,0.171894,0.143162,400,0
0.3,0.75,1,7000,0.111694,0.190425,0.136194,0.0650687,0.241863,0,0.132188,0.122569,400,0
0.3,0.75,1,10000,0.109325,0.183319,0.118925,0.0765125,0.20525,0,0.139419,0.16725,400,0
0.3,0.75,1,25000,0.119631,0.203856,0.142644,0.0911437,0.217925,0,0.13595,0.08885,400,0
0.3,0.75,1,50000,0.124738,0.179244,0.1342,0.0854,0.203794,0,0.145687,0.126938,400,0
0.15,0.75,1,1000,0.131706,0.170675,0.129831,0.0936562,0.177469,0.0139375,0.14075,0.141975,400,0
0.15,0.75,1,2000,0.130288,0.168256,0.153237,0.0804187,0.1959,0.0019875,0.150906,0.119006,400,0
0.15,0.75,1,3000,0.152444,0.202531,0.144769,0.08765,0.181731,0.0003375,0.123944,0.106594,400,0
0.15,0.75,1,5000,0.173244,0.1713,0.155775,0.0785187,0.173369,0,0.131362,0.116431,400,0
0.15,0.75,1,7000,0.163781,0.216512,0.111431,0.07305,0.189913,0,0.1457,0.0996125,400,0
0.15,0.75,1,10000,0.127594,0.191544,0.12315,0.0761625,0.212325,0,0.158013,0.111213,400,0
0.15,0.75,1,25000,0.165763,0.186931,0.15985,0.09265,0.162988,0,0.120956,0.110863,400,0
0.15,0.75,1,50000,0.142575,0.181012,0.138606,0.0778188,0.195437,0,0.154731,0.109819,400,0
0.35,0.75,1,1000,0.0574563,0.218319,0.0816375,0.145212,0.117275,0.115087,0.0669,0.198112,400,0
0.35,0.75,1,2000,0.040375,0.274763,0.047875,0.153156,0.102,0.100312,0.103325,0.178194,400,0
0.35,0.75,1,3000,0.0285437,0.244456,0.0447437,0.194069,0.0804125,0.139212,0.0525813,0.215981,400,0
0.35,0.75,1,5000,0.0120562,0.237706,0.0143375,0.229119,0.0190125,0.247206,0.0099875,0.230575,400,0
0.35,0.75,1,7000,0,0.264531,0,0.253556,0,0.234944,0,0.246969,400,0
0.35,0.75,1,10000,0,0.2415,0,0.251375,0,0.256837,0,0.250287,400,0
0.35,0.75,1,25000,0,0.251331,0,0.260394,0,0.243512,0,0.244762,400,0
0.35,0.75,1,50000,0,0.254837,0,0.237675,0,0.241687,0,0.2658,400,0
0.2,0.75,1,1000,0.146287,0.1792,0.151194,0.0885563,0.188994,0.0129187,0.129806,0.103044,400,0
0.2,0.75,1,2000,0.14125,0.165981,0.120756,0.0983125,0.206469,0.00380625,0.124069,0.139356,400,0
0.2,0.75,1,3000,0.146019,0.175731,0.148894,0.0875875,0.171981,0.00211875,0.153188,0.114481,400,0
0.2,0.75,1,5000,0.125675,0.197862,0.145338,0.0914688,0.205662,0,0.118288,0.115706,400,0
0.2,0.75,1,7000,0.124181,0.170269,0.150287,0.0917687,0.197769,0,0.141881,0.123844,400,0
0.2,0.75,1,10000,0.1391,0.173581,0.138269,0.0809437,0.217506,0,0.127213,0.123387,400,0
0.2,0.75,1,25000,0.140125,0.20605,0.146437,0.0965687,0.16505,0,0.129713,0.116056,400,0
0.2,0.75,1,50000,0.128725,0.179037,0.139356,0.0945312,0.197038,0,0.131006,0.130306,400,0
0.4,0.75,1,1000,0.0152812,0.23175,0.027025,0.189375,0.0692312,0.217044,0.0289312,0.221362,400,0
0.4,0.75,1,2000,0.0009625,0.250331,0.0051,0.232969,0.00546875,0.241881,0.006075,0.257213,400,0
0.4,0.75,1,3000,0,0.25365,0,0.242512,0,0.246069,0,0.257769,400,0
0.4,0.75,1,5000,0,0.262875,0,0.259175,0,0.227687,0,0.250262,400,0
0.4,0.75,1,7000,0,0.252875,0,0.229506,0,0.257944,0,0.259675,400,0
0.4,0.75,1,10000,0,0.244419,0,0.2468,0,0.261663,0,0.247119,400,0
0.4,0.75,1,25000,0,0.253975,0,0.246837,0,0.262644,0,0.236544,400,0
0.4,0.75,1,50000,0,0.233081,0,0.269381,0,0.260313,0,0.237225,400,0
0.25,0.75,1,1000,0.110287,0.191713,0.141613,0.0987688,0.187925,0.0135375,0.155663,0.100494,400,0
0.25,0.75,1,2000,0.117981,0.187394,0.143044,0.077925,0.2009,0.00061875,0.127787,0.14435,400,0
0.25,0.75,1,3000,0.120887,0.198719,0.129862,0.0773063,0.211462,0,0.143588,0.118175,400,0
0.25,0.75,1,5000,0.123456,0.1896,0.155419,0.0736,0.163569,0,0.170069,0.124287,400,0
0.25,0.75,1,7000,0.14255,0.196519,0.145462,0.0795625,0.181812,0,0.137137,0.116956,400,0
0.25,0.75,1,10000,0.118413,0.207813,0.133937,0.087425,0.203419,0,0.148512,0.100481,400,0
0.25,0.75,1,25000,0.112269,0.191181,0.135112,0.0930562,0.194531,0,0.146856,0.126994,400,0
0.25,0.75,1,50000,0.134325,0.199456,0.152419,0.0934625,0.178762,0,0.143863,0.0977125,400,0
0.3,0.75,1,1000,0.0879063,0.219175,0.102125,0.127238,0.156056,0.0442562,0.100212,0.163031,400,0
0.3,0.75,1,2000,0.118938,0.192912,0.124556,0.0763063,0.207162,0.013975,0.132481,0.133669,400,0
0.3,0.75,1,3000,0.1259,0.196031,0.129094,0.0712375,0.221569,0.00341875,0.127519,0.125231,400,0
0.3,0.75,1,5000,0.122831,0.193581,0.124731,0.081825,0.198813,0,0.138075,0.140144,400,0
0.3,0.75,1,7000,0.122412,0.2244,0.139437,0.0721375,0.2089,0,0.136019,0.0966937,400,0
0.3,0.75,1,10000,0.122713,0.194431,0.142137,0.08245,0.200456,0,0.129169,0.128644,400,0
0.3,0.75,1,25000,0.111831,0.228906,0.146363,0.0672125,0.195087,0,0.140606,0.109994,400,0
0.3,0.75,1,50000,0.10725,0.185631,0.151938,0.076675,0.230231,0,0.129163,0.119112,400,0
0.35,0.75,1,1000,0.0601688,0.247438,0.0760125,0.127519,0.129325,0.0883625,0.0949312,0.176244,400,0
0.35,0.75,1,2000,0.0662688,0.218944,0.0753812,0.144962,0.122175,0.105081,0.0835937,0.183594,400,0
0.35,0.75,1,3000,0.0580125,0.22025,0.0931188,0.1239,0.125856,0.0912063,0.0856062,0.20205,400,0
0.35,0.75,1,5000,0.0534,0.226681,0.0642375,0.173469,0.09075,0.158413,0.0601875,0.172863,400,0
0.35,0.75,1,7000,0.0316063,0.2291,0.04715,0.179056,0.0655562,0.169462,0.05105,0.227019,400,0
0.35,0.75,1,10000,0,0.276462,0.000725,0.233288,0.00051875,0.231538,0.0016875,0.255781,400,0
0.35,0.75,1,25000,0,0.245431,0,0.248731,0,0.269106,0,0.236731,400,0
0.35,0.75,1,50000,0,0.254462,0,0.237025,0,0.250275,0,0.258238,400,0
0.4,0.75,1,1000,0.017325,0.245919,0.0237438,0.223837,0.043675,0.197131,0.0303375,0.218031,400,0
0.4,0.75,1,2000,0,0.276956,0,0.2286,0.00093125,0.231956,0.00220625,0.25935,400,0
0.4,0.75,1,3000,0,0.267094,0,0.253044,0,0.245169,0,0.234694,400,0
0.4,0.75,1,5000,0,0.239544,0,0.244475,0,0.263425,0,0.252556,400,0
0.4,0.75,1,7000,0,0.250806,0,0.238894,0,0.248012,0,0.262288,400,0
0.4,0.75,1,10000,0,0.238525,0,0.251425,0,0.251175,0,0.258875,400,0
0.4,0.75,1,25000,0,0.263069,0,0.237269,0,0.245581,0,0.254081,400,0
0.4,0.75,1,50000,0,0.260431,0,0.255494,0,0.236162,0,0.247913,400,0
0,0.75,1,1000,0.1917,0.1659,0.188,0.0663,0.127,0,0.132,0.1291,100,0
0,0.75,1,2000,0.1762,0.1517,0.175,0.0932,0.1611,0,0.1213,0.1215,100,0
0,0.75,1,3000,0.1785,0.176,0.1622,0.101,0.1827,0,0.1228,0.0768,100,0
0,0.75,1,5000,0.1972,0.186,0.1493,0.0653,0.1364,0,0.1639,0.1019,100,0
0,0.75,1,7000,0.1691,0.1478,0.1816,0.0735,0.1609,0,0.1281,0.139,100,0
0,0.75,1,10000,0.1529,0.1678,0.193,0.0336,0.1244,0,0.1796,0.1487,100,0
0,0.75,1,25000,0.1327,0.1717,0.1439,0.0747,0.136,0,0.1241,0.2169,100,0
0,0.75,1,50000,0.1616,0.1772,0.1732,0.0808,0.1535,0,0.1365,0.1172,100,0
0.05,0.75,1,1000,0.1984,0.1665,0.1751,0.0577,0.1121,0,0.1362,0.154,100,0
0.05,0.75,1,2000,0.142,0.1436,0.154,0.0399,0.1795,0,0.1789,0.1621,100,0
0.05,0.75,1,3000,0.1826,0.1491,0.2028,0.0761,0.1779,0,0.1255,0.086,100,0
0.05,0.75,1,5000,0.17,0.1305,0.1484,0.0829,0.14,0,0.1612,0.167,100,0
0.05,0.75,1,7000,0.1379,0.1751,0.1392,0.0478,0.1935,0,0.1917,0.1148,100,0
0.05,0.75,1,10000,0.1553,0.1499,0.1871,0.0285,0.2032,0,0.166,0.11,100,0
0.05,0.75,1,25000,0.1307,0.1677,0.1483,0.0554,0.1557,0,0.1657,0.1765,100,0
0.05,0.75,1,50000,0.1591,0.13,0.1359,0.0806,0.2319,0,0.101,0.1615,100,0
0.1,0.75,1,1000,0.1496,0.1329,0.1488,0.046,0.2537,0,0.1654,0.1036,100,0
0.1,0.75,1,2000,0.143,0.1461,0.1776,0.0917,0.147,0,0.1335,0.1611,100,0
0.1,0.75,1,3000,0.1539,0.1571,0.1436,0.024,0.2211,0,0.1976,0.1027,100,0
0.1,0.75,1,5000,0.1441,0.1627,0.1855,0.0712,0.2282,0,0.1089,0.0994,100,0
0.1,0.75,1,7000,0.1863,0.1702,0.1571,0.0722,0.1335,0,0.1163,0.1644,100,0
0.1,0.75,1,10000,0.1498,0.1832,0.1659,0.0534,0.2112,0,0.1404,0.0961,100,0
0.1,0.75,1,25000,0.1278,0.1757,0.1497,0.0384,0.2275,0,0.1536,0.1273,100,0
0.1,0.75,1,50000,0.1713,0.202,0.1694,0.0334,0.2001,0,0.1393,0.0845,100,0
0,0.75,1,1000,0.1901,0.1562,0.1485,0.0539,0.1094,0,0.1487,0.1932,100,0
0,0.75,1,2000,0.1566,0.1586,0.1636,0.1019,0.15,0,0.1074,0.1619,100,0
0,0.75,1,3000,0.1462,0.1568,0.1551,0.0767,0.1385,0,0.1406,0.1861,100,0
0,0.75,1,5000,0.1423,0.1517,0.1555,0.0856,0.1864,0,0.1232,0.1553,100,0
0,0.75,1,7000,0.1799,0.1606,0.1058,0.0315,0.2062,0,0.1756,0.1404,100,0
0,0.75,1,10000,0.1564,0.1615,0.1828,0.0646,0.1788,0,0.1753,0.0806,100,0
0,0.75,1,25000,0.199,0.1839,0.1549,0.0447,0.1119,0,0.1628,0.1428,100,0
0,0.75,1,50000,0.139,0.1357,0.1872,0.0559,0.155,0,0.1626,0.1646,100,0
0.15,0.75,1,1000,0.1759,0.1762,0.195,0.0657,0.1671,0,0.1039,0.1162,100,0
0.15,0.75,1,2000,0.1603,0.1457,0.1811,0.0357,0.1621,0,0.1822,0.1329,100,0
0.15,0.75,1,3000,0.1135,0.161,0.1001,0.1086,0.3074,0,0.0848,0.1246,100,0
0.15,0.75,1,5000,0.1462,0.1419,0.1877,0.0753,0.1495,0,0.1543,0.1451,100,0
0.15,0.75,1,7000,0.2166,0.1431,0.1798,0.0396,0.1266,0,0.1422,0.1521,100,0
0.15,0.75,1,10000,0.1513,0.1623,0.2126,0.0569,0.1319,0,0.1236,0.1614,100,0
0.15,0.75,1,25000,0.1351,0.1649,0.1262,0.0811,0.1927,0,0.1195,0.1805,100,0
0.15,0.75,1,50000,0.1465,0.1489,0.2035,0.0743,0.1432,0,0.1368,0.1468,100,0
0.05,0.75,1,1000,0.1795,0.1732,0.1515,0.097,0.1499,0,0.1314,0.1175,100,0
0.05,0.75,1,2000,0.1891,0.1718,0.1687,0.0766,0.1402,0,0.1648,0.0888,100,0
0.05,0.75,1,3000,0.1545,0.1935,0.1521,0.0264,0.1684,0,0.1807,0.1244,100,0
0.05,0.75,1,5000,0.1752,0.1303,0.1496,0.0682,0.2391,0,0.127,0.1106,100,0
0.05,0.75,1,7000,0.1849,0.1365,0.158,0.0506,0.2296,0,0.1359,0.1045,100,0
0.05,0.75,1,10000,0.1561,0.1584,0.1758,0.1052,0.193,0,0.1239,0.0876,100,0
0.05,0.75,1,25000,0.1178,0.1571,0.165,0.0845,0.2048,0,0.1572,0.1136,100,0
0.05,0.75,1,50000,0.1299,0.1763,0.1604,0.0642,0.2198,0,0.1174,0.132,100,0
0.2,0.75,1,1000,0.1797,0.1411,0.171,0.0614,0.1831,0,0.1289,0.1348,100,0
0.2,0.75,1,2000,0.1632,0.1317,0.2132,0.0878,0.1917,0,0.1253,0.0871,100,0
0.2,0.75,1,3000,0.1406,0.1736,0.1511,0.0387,0.2909,0,0.0917,0.1134,100,0
0.2,0.75,1,5000,0.1858,0.1529,0.1879,0.0686,0.1612,0,0.1205,0.1231,100,0
0.2,0.75,1,7000,0.1616,0.1777,0.1839,0.0895,0.2444,0,0.0481,0.0948,100,0
0.2,0.75,1,10000,0.1391,0.1856,0.1909,0.0472,0.2505,0,0.1021,0.0846,100,0
0.2,0.75,1,25000,0.1569,0.1882,0.208,0.0528,0.1941,0,0.1117,0.0883,100,0
0.2,0.75,1,50000,0.1641,0.1449,0.1843,0.0691,0.2567,0,0.0713,0.1096,100,0
0.1,0.75,1,1000,0.1747,0.1701,0.1787,0.0951,0.1404,0,0.1276,0.1134,100,0
0.1,0.75,1,2000,0.1134,0.1655,0.1974,0.0844,0.112,0,0.1349,0.1924,100,0
0.1,0.75,1,3000,0.1458,0.1588,0.1657,0.0243,0.2764,0,0.1172,0.1118,100,0
0.1,0.75,1,5000,0.1417,0.1692,0.1745,0.0873,0.1194,0,0.161,0.1469,100,0
0.1,0.75,1,7000,0.2189,0.174,0.1887,0.0542,0.0856,0,0.1585,0.1201,100,0
0.1,0.75,1,10000,0.1106,0.1916,0.1333,0.0536,0.3581,0,0.0779,0.0749,100,0
0.1,0.75,1,25000,0.1645,0.1462,0.1908,0.097,0.2034,0,0.0782,0.1199,100,0
0.1,0.75,1,50000,0.1033,0.1445,0.1277,0.0431,0.2177,0,0.1885,0.1752,100,0
0.25,0.75,1,1000,0.1011,0.157,0.1609,0.0288,0.1961,0.0033,0.1347,0.2181,100,0
0.25,0.75,1,2000,0.1859,0.1401,0.1472,0.0448,0.1846,0,0.1427,0.1547,100,0
0.25,0.75,1,3000,0.1454,0.1699,0.1443,0.0569,0.2064,0,0.1163,0.1608,100,0
0.25,0.75,1,5000,0.1627,0.1835,0.1691,0.048,0.1589,0,0.1272,0.1506,100,0
0.25,0.75,1,7000,0.1345,0.1568,0.1899,0.0835,0.2134,0,0.096,0.1259,100,0
0.25,0.75,1,10000,0.0899,0.1925,0.1701,0.0461,0.3167,0,0.0685,0.1162,100,0
0.25,0.75,1,25000,0.1202,0.1711,0.1842,0.0393,0.145,0,0.1722,0.168,100,0
0.25,0.75,1,50000,0.0867,0.1395,0.1265,0.0178,0.4423,0,0.0678,0.1194,100,0
0.3,0.75,1,1000,0.0851,0.1669,0.1864,0.0462,0.2657,0,0.0543,0.1954,100,0
0.3,0.75,1,2000,0.1141,0.1586,0.1817,0.0157,0.2933,0,0.0841,0.1525,100,0
0.3,0.75,1,3000,0.0649,0.1528,0.1498,0.065,0.2829,0,0.0768,0.2078,100,0
0.3,0.75,1,5000,0.1595,0.1531,0.155,0.0274,0.2647,0,0.1084,0.1319,100,0
0.3,0.75,1,7000,0.1338,0.1973,0.213,0.0247,0.1891,0,0.0959,0.1462,100,0
0.3,0.75,1,10000,0.1224,0.195,0.1601,0.0156,0.2768,0,0.119,0.1111,100,0
0.3,0.75,1,25000,0,0.0025,0.0212,0,0.2267,0,0,0.7496,100,19000
0.3,0.75,1,50000,0,0.0025,0.0212,0,0.2267,0,0,0.7496,100,19000
0.15,0.75,1,1000,0.1424,0.1516,0.163,0.0615,0.2074,0,0.1233,0.1508,100,0
0.15,0.75,1,2000,0.1031,0.1848,0.1213,0.0822,0.3147,0,0.0984,0.0955,100,0
0.15,0.75,1,3000,0.1525,0.226,0.1254,0.0538,0.1887,0,0.1174,0.1362,100,0
0.15,0.75,1,5000,0.1674,0.1443,0.1993,0.0578,0.1906,0,0.1141,0.1265,100,0
0.15,0.75,1,7000,0.1556,0.2131,0.1195,0.0728,0.2235,0,0.0777,0.1378,100,0
0.15,0.75,1,10000,0.1828,0.1448,0.2056,0.0714,0.1472,0,0.1083,0.1399,100,0
0.15,0.75,1,25000,0.1571,0.2111,0.1916,0.0639,0.1481,0,0.1251,0.1031,100,0
0.15,0.75,1,50000,0.15,0.1447,0.1532,0.0948,0.1803,0,0.1398,0.1372,100,0
0.35,0.75,1,1000,0.0959,0.1307,0.153,0.0185,0.3543,0,0.0389,0.2087,100,0
0.35,0.75,1,2000,0.0981,0.1409,0.209,0.0097,0.287,0,0.0698,0.1855,100,0
0.35,0.75,1,3000,0.0723,0.2348,0.1171,0,0.3788,0,0.0678,0.1292,100,0
0.35,0.75,1,5000,0.0338,0.1153,0.0924,0,0.5033,0,0.0599,0.1953,100,0
0.35,0.75,1,7000,0.0499,0.1465,0.1215,0,0.4899,0,0.0546,0.1376,100,0
0.35,0.75,1,10000,0.0724,0.2323,0.1871,0,0.309,0,0.0685,0.1307,100,0
0.35,0.75,1,25000,0.0175,0.2307,0.0912,0,0.4181,0,0.0885,0.154,100,0
0.35,0.75,1,50000,0.0491,0.2058,0.1385,0,0.3421,0,0.0841,0.1804,100,0
0.2,0.75,1,1000,0.091,0.1737,0.1445,0.0692,0.2817,0,0.1118,0.1281,100,0
0.2,0.75,1,2000,0.1254,0.1302,0.1759,0.0717,0.3117,0,0.0783,0.1068,100,0
0.2,0.75,1,3000,0.0908,0.206,0.1765,0.0507,0.2148,0,0.1055,0.1557,100,0
0.2,0.75,1,5000,0.1145,0.1783,0.1969,0.0639,0.1911,0,0.0899,0.1654,100,0
0.2,0.75,1,7000,0.1496,0.1652,0.1617,0.0747,0.2507,0,0.0897,0.1084,100,0
0.2,0.75,1,10000,0.171,0.1951,0.1333,0.0491,0.2395,0,0.109,0.103,100,0
0.2,0.75,1,25000,0.1919,0.1555,0.2127,0.0332,0.1259,0,0.1557,0.1251,100,0
0.2,0.75,1,50000,0.1278,0.2402,0.1695,0.0749,0.1737,0,0.0961,0.1178,100,0
0.4,0.75,1,1000,0.1183,0.203,0.1829,0.0036,0.2311,0.0204,0.0933,0.1474,100,0
0.4,0.75,1,2000,0.1408,0.1731,0.1897,0,0.2582,0,0.0982,0.14,100,0
0.4,0.75,1,3000,0.0968,0.1705,0.1661,0,0.3467,0,0.0787,0.1412,100,0
0.4,0.75,1,5000,0.071,0.1866,0.1016,0,0.3185,0,0.1071,0.2152,100,0
0.4,0.75,1,7000,0.1299,0.175,0.2035,0,0.2014,0,0.1104,0.1798,100,0
0.4,0.75,1,10000,0.1098,0.1924,0.1572,0,0.2586,0,0.1141,0.1679,100,0
0.4,0.75,1,25000,0.1088,0.1349,0.1534,0,0.267,0,0.0818,0.2541,100,0
0.4,0.75,1,50000,0.0979,0.1842,0.187,0,0.2494,0,0.0884,0.1931,100,0
0.25,0.75,1,1000,0.1326,0.1446,0.2302,0.0666,0.1989,0,0.0887,0.1384,100,0
0.25,0.75,1,2000,0.1687,0.191,0.185,0.0389,0.2194,0,0.1141,0.0829,100,0
0.25,0.75,1,3000,0.1011,0.1798,0.1554,0.0689,0.3116,0,0.0828,0.1004,100,0
0.25,0.75,1,5000,0.1172,0.1984,0.1377,0.0576,0.2514,0,0.0803,0.1574,100,0
0.25,0.75,1,7000,0.0982,0.1608,0.1473,0.054,0.1815,0,0.1455,0.2127,100,0
0.25,0.75,1,10000,0.1516,0.1264,0.1257,0.1051,0.338,0,0.0897,0.0635,100,0
0.25,0.75,1,25000,0.11,0.1939,0.1732,0.0562,0.2199,0,0.0839,0.1629,100,0
0.25,0.75,1,50000,0,0.0658,0,0,0.8996,0,0.0003,0.0343,100,41000
0.3,0.75,1,1000,0.1389,0.164,0.1707,0.0347,0.2233,0,0.1445,0.1239,100,0
0.3,0.75,1,2000,0.0961,0.1962,0.1091,0.009,0.331,0,0.0785,0.1801,100,0
0.3,0.75,1,3000,0.1302,0.1491,0.1909,0.0213,0.3138,0,0.0853,0.1094,100,0
0.3,0.75,1,5000,0.0206,0.2947,0.0437,0,0.3549,0,0.0635,0.2226,100,0
0.3,0.75,1,10000,0,0.0164,0.0032,0,0.6795,0,0,0.3009,100,7000
0.3,0.75,1,25000,0,0.0164,0.0032,0,0.6795,0,0,0.3009,100,7000
0.3,0.75,1,50000,0,0.0164,0.0032,0,0.6795,0,0,0.3009,100,7000
0,0.75,1,1000,0.1464,0.1565,0.1268,0.016,0.3035,0,0.1499,0.1009,100,0
0,0.75,1,2000,0.151,0.1342,0.1228,0.0712,0.2278,0,0.1453,0.1477,100,0
0,0.75,1,3000,0.1579,0.1442,0.1479,0.0643,0.1903,0,0.1534,0.142,100,0
0,0.75,1,5000,0.1458,0.1379,0.1419,0.0776,0.1544,0,0.1834,0.159,100,0
0,0.75,1,7000,0.193,0.169,0.1407,0.0559,0.1154,0,0.1787,0.1473,100,0
0,0.75,1,10000,0.1586,0.162,0.1521,0.0712,0.1863,0,0.1464,0.1234,100,0
0,0.75,1,25000,0.1903,0.1346,0.1875,0.1164,0.1788,0,0.1133,0.0791,100,0
0,0.75,1,50000,0.1429,0.1521,0.1475,0.0454,0.2135,0,0.1766,0.122,100,0
0.35,0.75,1,1000,0.1277,0.1801,0.1876,0.0115,0.2918,0,0.1024,0.0989,100,0
0.35,0.75,1,2000,0.0687,0.1564,0.1592,0.0047,0.2694,0,0.0827,0.2589,100,0
0.35,0.75,1,3000,0.0706,0.1923,0.1495,0,0.4222,0,0.0662,0.0992,100,0
0.35,0.75,1,5000,0.0763,0.1201,0.156,0,0.339,0,0.0423,0.2663,100,0
0.35,0.75,1,7000,0.0244,0.2837,0.0881,0,0.3275,0,0.1063,0.17,100,0
0.35,0.75,1,10000,0.041,0.1515,0.1435,0,0.2996,0,0.0945,0.2699,100,0
0.35,0.75,1,25000,0.0893,0.1934,0.1285,0,0.3189,0,0.1026,0.1673,100,0
0.35,0.75,1,50000,0,0.0337,0,0,0.8248,0,0,0.1415,100,49000
0.05,0.75,1,1000,0.2108,0.187,0.162,0.0799,0.0834,0,0.1492,0.1277,100,0
0.05,0.75,1,2000,0.1501,0.181,0.1666,0.0885,0.2109,0,0.0895,0.1134,100,0
0.05,0.75,1,3000,0.1611,0.1412,0.1351,0.0964,0.158,0,0.1484,0.1598,100,0
0.05,0.75,1,5000,0.1589,0.183,0.1717,0.0929,0.1549,0,0.1396,0.099,100,0
0.05,0.75,1,7000,0.1169,0.1667,0.1889,0.0467,0.1701,0,0.184,0.1267,100,0
0.05,0.75,1,10000,0.1477,0.1589,0.1745,0.1009,0.1659,0,0.1448,0.1073,100,0
0.05,0.75,1,25000,0.1508,0.1296,0.1532,0.0816,0.1452,0,0.1897,0.1499,100,0
0.05,0.75,1,50000,0.1394,0.1303,0.1471,0.059,0.3015,0,0.1164,0.1063,100,0
0.4,0.75,1,1000,0.0803,0.1365,0.1855,0,0.3493,0,0.0829,0.1655,100,0
0.4,0.75,1,2000,0.0851,0.1574,0.1724,0,0.2651,0,0.1379,0.1821,100,0
0.4,0.75,1,3000,0.0857,0.1537,0.1368,0,0.2832,0,0.1159,0.2247,100,0
0.4,0.75,1,5000,0.1109,0.1407,0.1802,0,0.3057,0,0.1123,0.1502,100,0
0.4,0.75,1,7000,0.1252,0.178,0.2342,0,0.2504,0,0.086,0.1262,100,0
0.4,0.75,1,10000,0.0816,0.2078,0.1987,0,0.2569,0,0.1301,0.1249,100,0
0.4,0.75,1,25000,0.1238,0.2163,0.1829,0,0.227,0,0.103,0.147,100,0
0.4,0.75,1,50000,0.1001,0.127,0.1667,0,0.2918,0,0.0517,0.2627,100,0
0.1,0.75,1,1000,0.1447,0.1788,0.153,0.0541,0.2221,0,0.1173,0.13,100,0
0.1,0.75,1,2000,0.1397,0.156,0.1184,0.0814,0.2543,0,0.1248,0.1254,100,0
0.1,0.75,1,3000,0.1654,0.1857,0.1562,0.0889,0.1514,0,0.1266,0.1258,100,0
0.1,0.75,1,5000,0.1465,0.169,0.1471,0.0413,0.1366,0,0.2032,0.1563,100,0
0.1,0.75,1,7000,0.1573,0.1805,0.1457,0.083,0.1845,0,0.1464,0.1026,100,0
0.1,0.75,1,10000,0.1586,0.1764,0.193,0.0787,0.1435,0,0.1196,0.1302,100,0
0.1,0.75,1,25000,0.1833,0.1512,0.1495,0.0676,0.1222,0,0.1777,0.1485,100,0
0.1,0.75,1,50000,0.1394,0.1416,0.1612,0.0499,0.2273,0,0.1665,0.1141,100,0
0,0.75,1,1000,0.1696,0.1621,0.1516,0.0825,0.194,0,0.1412,0.099,100,0
0,0.75,1,2000,0.1789,0.1503,0.1546,0.0499,0.1196,0,0.1629,0.1838,100,0
0,0.75,1,3000,0.1478,0.1559,0.1456,0.0455,0.1937,0,0.1896,0.1219,100,0
0,0.75,1,5000,0.1505,0.1593,0.1321,0.0429,0.2638,0,0.1568,0.0946,100,0
0,0.75,1,7000,0.1523,0.1718,0.1249,0.0561,0.3194,0,0.1066,0.0689,100,0
0,0.75,1,10000,0.2029,0.1533,0.1525,0.1026,0.1295,0,0.1345,0.1247,100,0
0,0.75,1,25000,0.1663,0.153,0.1292,0.0576,0.1963,0,0.1886,0.109,100,0
0,0.75,1,50000,0.1781,0.1644,0.1327,0.0606,0.2189,0,0.1388,0.1065,100,0
0.15,0.75,1,1000,0.2146,0.1376,0.1579,0.0686,0.2096,0,0.1059,0.1058,100,0
0.15,0.75,1,2000,0.166,0.2371,0.1555,0.0783,0.1705,0,0.0901,0.1025,100,0
0.15,0.75,1,3000,0.1365,0.1078,0.1586,0.0606,0.2158,0,0.1215,0.1992,100,0
0.15,0.75,1,5000,0.1761,0.1527,0.1881,0.0749,0.1251,0,0.1649,0.1182,100,0
0.15,0.75,1,7000,0.1601,0.1629,0.1942,0.0813,0.1362,0,0.1223,0.143,100,0
0.15,0.75,1,10000,0.1548,0.1998,0.1762,0.1067,0.144,0,0.1007,0.1178,100,0
0.15,0.75,1,25000,0.1545,0.1624,0.1356,0.0549,0.2299,0,0.1214,0.1413,100,0
0.15,0.75,1,50000,0.1307,0.1747,0.131,0.0411,0.2923,0,0.1252,0.105,100,0
0.05,0.75,1,1000,0.1636,0.1748,0.1726,0.0452,0.1557,0,0.1476,0.1405,100,0
0.05,0.75,1,2000,0.1437,0.1481,0.1789,0.0781,0.2169,0,0.1175,0.1168,100,0
0.05,0.75,1,3000,0.148,0.1558,0.1675,0.0372,0.1838,0,0.1976,0.1101,100,0
0.05,0.75,1,5000,0.1602,0.1417,0.1742,0.0868,0.0878,0,0.1555,0.1938,100,0
0.05,0.75,1,7000,0.1555,0.1693,0.1767,0.0765,0.1932,0,0.1206,0.1082,100,0
0.05,0.75,1,10000,0.1273,0.142,0.1408,0.091,0.2618,0,0.115,0.1221,100,0
0.05,0.75,1,25000,0.1483,0.1399,0.1514,0.0818,0.1743,0,0.1741,0.1302,100,0
0.05,0.75,1,50000,0.1682,0.1984,0.1816,0.0774,0.1064,0,0.1241,0.1439,100,0
0.2,0.75,1,1000,0.1083,0.1867,0.1448,0.046,0.2341,0,0.1299,0.1502,100,0
0.2,0.75,1,2000,0.1148,0.161,0.1796,0.058,0.2363,0,0.1543,0.096,100,0
0.2,0.75,1,3000,0.1582,0.1653,0.1467,0.0645,0.1675,0,0.1456,0.1522,100,0
0.2,0.75,1,5000,0.1475,0.1545,0.1502,0.0632,0.1881,0,0.112,0.1845,100,0
0.2,0.75,1,7000,0.2285,0.1947,0.1494,0.0274,0.2004,0,0.1182,0.0814,100,0
0.2,0.75,1,10000,0.1386,0.1274,0.1757,0.0473,0.1653,0,0.1495,0.1962,100,0
0.2,0.75,1,25000,0.1624,0.1746,0.203,0.0842,0.1426,0,0.1385,0.0947,100,0
0.2,0.75,1,50000,0.1262,0.1942,0.1272,0.0836,0.2503,0,0.1154,0.1031,100,0
0.1,0.75,1,1000,0.1365,0.1581,0.1535,0.1024,0.2147,0,0.1057,0.1291,100,0
0.1,0.75,1,2000,0.1848,0.1751,0.1942,0.087,0.1302,0,0.126,0.1027,100,0
0.1,0.75,1,3000,0.179,0.1812,0.1896,0.1135,0.1294,0,0.0993,0.108,100,0
0.1,0.75,1,5000,0.1372,0.1378,0.2036,0.0747,0.0754,0,0.1481,0.2232,100,0
0.1,0.75,1,7000,0.1534,0.155,0.176,0.0584,0.1393,0,0.1655,0.1524,100,0
0.1,0.75,1,10000,0.1784,0.1743,0.1538,0.0868,0.1681,0,0.1156,0.123,100,0
0.1,0.75,1,25000,0.1533,0.1713,0.1467,0.0469,0.1581,0,0.1615,0.1622,100,0
0.1,0.75,1,50000,0.1607,0.1769,0.1592,0.0667,0.2615,0,0.0875,0.0875,100,0
0.25,0.75,1,1000,0.1175,0.1701,0.1834,0.0331,0.2009,0,0.127,0.168,100,0
0.25,0.75,1,2000,0.146,0.1654,0.1672,0.0992,0.1778,0,0.0773,0.1671,100,0
0.25,0.75,1,3000,0.1203,0.1688,0.2268,0.0643,0.1807,0,0.105,0.1341,100,0
0.25,0.75,1,5000,0.1352,0.1823,0.1411,0.0512,0.2658,0,0.0802,0.1442,100,0
0.25,0.75,1,7000,0.1108,0.1943,0.1821,0.0439,0.2375,0,0.1232,0.1082,100,0
0.25,0.75,1,10000,0.1141,0.1853,0.1027,0.0834,0.2526,0,0.0966,0.1653,100,0
0.25,0.75,1,25000,0.1471,0.1825,0.1777,0.0514,0.1288,0,0.1307,0.1818,100,0
0.25,0.75,1,50000,0.1422,0.2105,0.1283,0.0446,0.2166,0,0.0951,0.1627,100,0
0.15,0.75,1,1000,0.1269,0.1644,0.153,0.0436,0.1748,0,0.1656,0.1717,100,0
0.15,0.75,1,2000,0.1725,0.1527,0.1451,0.0958,0.16,0,0.1273,0.1466,100,0
0.15,0.75,1,3000,0.1305,0.1618,0.1643,0.0689,0.1994,0,0.1234,0.1517,100,0
0.15,0.75,1,5000,0.1576,0.1276,0.1585,0.1233,0.1666,0,0.1071,0.1593,100,0
0.15,0.75,1,7000,0.1548,0.1866,0.1671,0.0692,0.1122,0,0.1497,0.1604,100,0
0.15,0.75,1,10000,0.18,0.1651,0.1825,0.1161,0.1586,0,0.0874,0.1103,100,0
0.15,0.75,1,25000,0.1532,0.151,0.1833,0.0754,0.1883,0,0.0901,0.1587,100,0
0.15,0.75,1,50000,0.1549,0.1484,0.1903,0.0939,0.1852,0,0.1156,0.1117,100,0
0.3,0.75,1,1000,0.1277,0.1708,0.1368,0.0438,0.2953,0,0.0828,0.1428,100,0
0.3,0.75,1,2000,0.0852,0.1832,0.1222,0.0176,0.4345,0,0.0396,0.1177,100,0
0.3,0.75,1,3000,0.1227,0.1493,0.1413,0.0464,0.2934,0,0.1001,0.1468,100,0
0.3,0.75,1,5000,0.1369,0.1536,0.1582,0.0419,0.2994,0,0.0743,0.1357,100,0
0.3,0.75,1,7000,0.0747,0.1801,0.1582,0.0075,0.3313,0,0.0746,0.1736,100,0
0.3,0.75,1,25000,0,0.0101,0.0003,0,0.369,0,0,0.6206,100,10000
0.3,0.75,1,50000,0,0.0101,0.0003,0,0.369,0,0,0.6206,100,10000
0.35,0.75,1,1000,0.0833,0.1865,0.1627,0.0129,0.2629,0,0.0761,0.2156,100,0
0.35,0.75,1,2000,0.1127,0.1375,0.171,0.0184,0.2808,0,0.1129,0.1667,100,0
0.35,0.75,1,3000,0.074,0.1625,0.1563,0.0038,0.2942,0,0.1054,0.2038,100,0
0.35,0.75,1,5000,0.0661,0.1585,0.1236,0,0.3652,0,0.0623,0.2243,100,0
0.35,0.75,1,7000,0.0355,0.1596,0.1292,0,0.3364,0,0.0621,0.2772,100,0
0.35,0.75,1,10000,0.0416,0.2014,0.0853,0,0.426,0,0.047,0.1987,100,0
0.35,0.75,1,25000,0,0.071,0.0004,0,0.5686,0,0,0.36,100,18000
0.35,0.75,1,50000,0,0.071,0.0004,0,0.5686,0,0,0.36,100,18000
0.2,0.75,1,1000,0.1201,0.152,0.156,0.0901,0.2441,0,0.1181,0.1196,100,0
0.2,0.75,1,2000,0.1458,0.1671,0.1719,0.0526,0.2616,0,0.1188,0.0822,100,0
0.2,0.75,1,3000,0.165,0.1506,0.179,0.0723,0.1582,0,0.1191,0.1558,100,0
0.2,0.75,1,5000,0.1364,0.155,0.1746,0.0325,0.2399,0,0.1203,0.1413,100,0
0.2,0.75,1,7000,0.1094,0.186,0.1913,0.0678,0.1368,0,0.1168,0.1919,100,0
0.2,0.75,1,10000,0.1216,0.1155,0.1943,0.0445,0.2373,0,0.1303,0.1565,100,0
0.2,0.75,1,25000,0.1145,0.1641,0.1493,0.0673,0.2312,0,0.0983,0.1753,100,0
0.2,0.75,1,50000,0.1466,0.1852,0.1897,0.0543,0.1702,0,0.1213,0.1327,100,0
0.4,0.75,1,1000,0.107,0.1406,0.2381,0.0025,0.251,0.0003,0.0778,0.1827,100,0
0.4,0.75,1,2000,0.0896,0.1796,0.178,0,0.2758,0,0.0895,0.1875,100,0
0.4,0.75,1,3000,0.0931,0.1874,0.1929,0,0.3012,0,0.0831,0.1423,100,0
0.4,0.75,1,5000,0.096,0.1627,0.1756,0,0.3131,0,0.0902,0.1624,100,0
0.4,0.75,1,7000,0.066,0.1909,0.1741,0,0.2614,0,0.1341,0.1735,100,0
0.4,0.75,1,10000,0.0922,0.1311,0.2171,0,0.2878,0,0.0895,0.1823,100,0
0.4,0.75,1,25000,0.1002,0.1494,0.1733,0,0.3468,0,0.0843,0.146,100,0
0.4,0.75,1,50000,0.0838,0.1329,0.1904,0,0.3202,0,0.0542,0.2185,100,0
0.25,0.75,1,1000,0.1228,0.1308,0.1632,0.0663,0.2364,0,0.065,0.2155,100,0
0.25,0.75,1,2000,0.1224,0.176,0.1773,0.0969,0.1544,0,0.0572,0.2158,100,0
0.25,0.75,1,3000,0.1212,0.1577,0.162,0.065,0.2421,0,0.1299,0.1221,100,0
0.25,0.75,1,5000,0.1394,0.1632,0.145,0.0313,0.3717,0,0.086,0.0634,100,0
0.25,0.75,1,7000,0.1256,0.1763,0.1417,0.0524,0.2587,0,0.145,0.1003,100,0
0.25,0.75,1,10000,0.114,0.1938,0.1689,0.0468,0.1945,0,0.1164,0.1656,100,0
0.25,0.75,1,25000,0.1292,0.1546,0.1893,0.1043,0.1842,0,0.0714,0.167,100,0
0.25,0.75,1,50000,0.1443,0.1765,0.2008,0.0589,0.2185,0,0.0931,0.1079,100,0
0.3,0.75,1,1000,0.1037,0.1942,0.1741,0.0238,0.2532,0,0.1043,0.1467,100,0
0.3,0.75,1,2000,0.113,0.1665,0.1514,0.0633,0.2504,0,0.1058,0.1496,100,0
0.3,0.75,1,3000,0.1012,0.2037,0.1411,0.0298,0.3539,0,0.052,0.1183,100,0
0.3,0.75,1,5000,0.1027,0.1836,0.1433,0.0304,0.3234,0,0.0788,0.1378,100,0
0.3,0.75,1,7000,0.1426,0.1802,0.1668,0.0354,0.2267,0,0.1216,0.1267,100,0
0.3,0.75,1,10000,0.1504,0.1677,0.2037,0.0552,0.2537,0,0.0919,0.0774,100,0
0.3,0.75,1,25000,0.1283,0.1849,0.1637,0.0379,0.2054,0,0.1616,0.1182,100,0
0.3,0.75,1,50000,0,0.0057,0.0026,0,0.3745,0,0,0.6172,100,32000
0,0.75,1,1000,0.1426,0.1801,0.1832,0.0845,0.1584,0,0.1028,0.1484,100,0
0,0.75,1,2000,0.1456,0.1525,0.156,0.0478,0.1296,0,0.2207,0.1478,100,0
0,0.75,1,3000,0.1324,0.1647,0.1685,0.0305,0.2435,0,0.1726,0.0878,100,0
0,0.75,1,5000,0.1518,0.1497,0.207,0.0409,0.1278,0,0.2034,0.1194,100,0
0,0.75,1,7000,0.1504,0.1489,0.1611,0.0446,0.2156,0,0.149,0.1304,100,0
0,0.75,1,10000,0.1899,0.1683,0.1641,0.0948,0.1357,0,0.0865,0.1607,100,0
0,0.75,1,25000,0.1514,0.1358,0.1949,0.0756,0.1754,0,0.1541,0.1128,100,0
0,0.75,1,50000,0.1858,0.1344,0.1438,0.0935,0.1745,0,0.1238,0.1442,100,0
0.35,0.75,1,1000,0.1096,0.2494,0.1396,0.004,0.3684,0,0.05,0.079,100,0
0.35,0.75,1,2000,0.0435,0.2339,0.1104,0,0.4705,0,0.0498,0.0919,100,0
0.35,0.75,1,3000,0.0329,0.1703,0.0806,0,0.4267,0,0.0878,0.2017,100,0
0.35,0.75,1,5000,0.0309,0.1745,0.0819,0,0.4709,0,0.0549,0.1869,100,0
0.35,0.75,1,7000,0.0678,0.1642,0.1264,0,0.3635,0,0.107,0.1711,100,0
0.35,0.75,1,10000,0.0237,0.1828,0.1558,0,0.2743,0,0.0868,0.2766,100,0
0.35,0.75,1,25000,0.0221,0.1892,0.05,0,0.4065,0,0.0807,0.2515,100,0
0.35,0.75,1,50000,0,0.0699,0,0,0.8598,0,0.0001,0.0702,100,43000
0.05,0.75,1,1000,0.1856,0.1623,0.1384,0.0497,0.1396,0,0.1398,0.1846,100,0
0.05,0.75,1,2000,0.1319,0.1733,0.1685,0.0875,0.168,0,0.1622,0.1086,100,0
0.05,0.75,1,3000,0.1742,0.1479,0.1376,0.046,0.1974,0,0.147,0.1499,100,0
0.05,0.75,1,5000,0.2014,0.1661,0.1778,0.0566,0.1253,0,0.1622,0.1106,100,0
0.05,0.75,1,7000,0.1627,0.1911,0.1697,0.0577,0.1744,0,0.1323,0.1121,100,0
0.05,0.75,1,10000,0.1401,0.1568,0.147,0.0449,0.2068,0,0.1966,0.1078,100,0
0.05,0.75,1,25000,0.1885,0.1763,0.1509,0.0565,0.1187,0,0.1378,0.1713,100,0
0.05,0.75,1,50000,0.1563,0.1585,0.1921,0.0613,0.1022,0,0.1846,0.145,100,0
0.4,0.75,1,1000,0.0948,0.1528,0.1621,0.0112,0.2398,0.0046,0.0693,0.2654,100,0
0.4,0.75,1,2000,0.1203,0.1578,0.2267,0,0.2306,0,0.11,0.1546,100,0
0.4,0.75,1,3000,0.0838,0.1948,0.1621,0,0.2893,0,0.1097,0.1603,100,0
0.4,0.75,1,5000,0.0917,0.1652,0.1834,0,0.2344,0,0.0706,0.2547,100,0
0.4,0.75,1,7000,0.0946,0.1842,0.1608,0,0.3103,0,0.0816,0.1685,100,0
0.4,0.75,1,10000,0.0693,0.1481,0.1993,0,0.3275,0,0.0769,0.1789,100,0
0.4,0.75,1,25000,0.0782,0.2315,0.1578,0,0.2823,0,0.1154,0.1348,100,0
0.4,0.75,1,50000,0.1105,0.1977,0.1302,0,0.34,0,0.0989,0.1227,100,0
0.1,0.75,1,1000,0.1527,0.1401,0.1505,0.0548,0.2028,0,0.1296,0.1695,100,0
0.1,0.75,1,2000,0.1816,0.2141,0.1905,0.0495,0.1029,0,0.138,0.1234,100,0
0.1,0.75,1,3000,0.1747,0.2031,0.1673,0.0574,0.1225,0,0.1484,0.1266,100,0
0.1,0.75,1,5000,0.133,0.1399,0.1468,0.0383,0.2564,0,0.1635,0.1221,100,0
0.1,0.75,1,7000,0.1116,0.1354,0.119,0.0593,0.2863,0,0.1303,0.1581,100,0
0.1,0.75,1,10000,0.18,0.1739,0.2112,0.0668,0.1361,0,0.1256,0.1064,100,0
0.1,0.75,1,25000,0.1593,0.1907,0.143,0.0554,0.1624,0,0.1056,0.1836,100,0
0.1,0.75,1,50000,0.1268,0.1453,0.1765,0.0739,0.206,0,0.1614,0.1101,100,0
0,0.75,1,1000,0.1643,0.1796,0.1474,0.0525,0.2235,0,0.141,0.0917,100,0
0,0.75,1,2000,0.1428,0.1566,0.1791,0.0903,0.2134,0,0.1299,0.0879,100,0
0,0.75,1,3000,0.1566,0.1358,0.1642,0.0673,0.1711,0,0.189,0.116,100,0
0,0.75,1,5000,0.1679,0.1906,0.1712,0.0632,0.1915,0,0.131,0.0846,100,0
0,0.75,1,7000,0.123,0.1462,0.1335,0.041,0.2741,0,0.1602,0.122,100,0
0,0.75,1,10000,0.1609,0.124,0.1502,0.0268,0.275,0,0.1723,0.0908,100,0
0,0.75,1,25000,0.1505,0.1613,0.16,0.0439,0.168,0,0.1804,0.1359,100,0
0,0.75,1,50000,0.1844,0.1626,0.1426,0.0406,0.1459,0,0.1794,0.1445,100,0
0.15,0.75,1,1000,0.1849,0.182,0.1462,0.0496,0.1529,0,0.1349,0.1495,100,0
0.15,0.75,1,2000,0.1805,0.1927,0.1578,0.0488,0.1317,0,0.1427,0.1458,100,0
0.15,0.75,1,3000,0.1431,0.1534,0.1815,0.0598,0.1996,0,0.1118,0.1508,100,0
0.15,0.75,1,5000,0.1648,0.1528,0.1821,0.0721,0.2164,0,0.1144,0.0974,100,0
0.15,0.75,1,7000,0.1951,0.1528,0.1721,0.0404,0.1329,0,0.1388,0.1679,100,0
0.15,0.75,1,10000,0.1493,0.1766,0.1697,0.0859,0.1799,0,0.1208,0.1178,100,0
0.15,0.75,1,25000,0.1731,0.1589,0.2008,0.0769,0.1915,0,0.1165,0.0823,100,0
0.15,0.75,1,50000,0.1191,0.1673,0.1668,0.0736,0.2699,0,0.1109,0.0924,100,0
0.05,0.75,1,1000,0.1204,0.1802,0.1246,0.0516,0.225,0,0.1274,0.1708,100,0
0.05,0.75,1,2000,0.1489,0.1376,0.1637,0.0874,0.1702,0,0.1556,0.1366,100,0
0.05,0.75,1,3000,0.1009,0.124,0.1466,0.0395,0.3621,0,0.1156,0.1113,100,0
0.05,0.75,1,5000,0.1337,0.1366,0.1419,0.04,0.1497,0,0.2196,0.1785,100,0
0.05,0.75,1,7000,0.1724,0.1588,0.1689,0.0655,0.2269,0,0.12,0.0875,100,0
0.05,0.75,1,10000,0.1547,0.1916,0.1521,0.0415,0.1485,0,0.1798,0.1318,100,0
0.05,0.75,1,25000,0.1583,0.1667,0.1645,0.0245,0.1865,0,0.1817,0.1178,100,0
0.05,0.75,1,50000,0.184,0.1544,0.1768,0.0597,0.1873,0,0.1359,0.1019,100,0
0.2,0.75,1,1000,0.1135,0.146,0.1292,0.0576,0.2056,0,0.1198,0.2283,100,0
0.2,0.75,1,2000,0.1251,0.1519,0.2322,0.0596,0.1596,0,0.1338,0.1378,100,0
0.2,0.75,1,3000,0.1743,0.1882,0.1972,0.0691,0.129,0,0.1222,0.12,100,0
0.2,0.75,1,5000,0.1546,0.2015,0.1663,0.0423,0.1803,0,0.1155,0.1395,100,0
0.2,0.75,1,7000,0.1337,0.1762,0.1724,0.1029,0.1423,0,0.1716,0.1009,100,0
0.2,0.75,1,10000,0.1399,0.1619,0.2045,0.0513,0.1366,0,0.1737,0.1321,100,0
0.2,0.75,1,25000,0.1509,0.2001,0.1324,0.0769,0.1368,0,0.0977,0.2052,100,0
0.2,0.75,1,50000,0.132,0.164,0.1675,0.0382,0.1813,0,0.1696,0.1474,100,0
0.1,0.75,1,1000,0.1881,0.1515,0.1485,0.0758,0.1351,0,0.1324,0.1686,100,0
0.1,0.75,1,2000,0.103,0.1542,0.119,0.0318,0.3419,0,0.1442,0.1059,100,0
0.1,0.75,1,3000,0.1628,0.161,0.1861,0.0524,0.1434,0,0.137,0.1573,100,0
0.1,0.75,1,5000,0.1412,0.158,0.1664,0.0905,0.2248,0,0.0988,0.1203,100,0
0.1,0.75,1,7000,0.1683,0.1482,0.1449,0.0572,0.1928,0,0.1084,0.1802,100,0
0.1,0.75,1,10000,0.188,0.193,0.1796,0.0562,0.1401,0,0.1362,0.1069,100,0
0.1,0.75,1,25000,0.1509,0.1181,0.1262,0.0447,0.1703,0,0.1232,0.2666,100,0
0.1,0.75,1,50000,0.1467,0.1672,0.1571,0.0429,0.0956,0,0.1652,0.2253,100,0
0.25,0.75,1,1000,0.1108,0.1756,0.1708,0.0369,0.2513,0,0.0957,0.1589,100,0
0.25,0.75,1,2000,0.1375,0.1179,0.1513,0.0851,0.178,0,0.1223,0.2079,100,0
0.25,0.75,1,3000,0.1315,0.1732,0.1807,0.0211,0.2891,0,0.1324,0.072,100,0
0.25,0.75,1,5000,0.1884,0.1482,0.1789,0.0327,0.1873,0,0.1496,0.1149,100,0
0.25,0.75,1,7000,0.0996,0.1663,0.1953,0.0222,0.2513,0,0.1441,0.1212,100,0
0.25,0.75,1,10000,0.1298,0.1849,0.1752,0.0748,0.2616,0,0.0599,0.1138,100,0
0.25,0.75,1,25000,0.0955,0.1214,0.138,0.0523,0.1806,0,0.1333,0.2789,100,0
0.25,0.75,1,50000,0.1195,0.1386,0.1313,0.0735,0.2376,0,0.1156,0.1839,100,0
0.3,0.75,1,1000,0.1494,0.1608,0.1895,0.0542,0.1525,0,0.1163,0.1773,100,0
0.3,0.75,1,2000,0.13,0.1499,0.2026,0.0699,0.2169,0,0.0998,0.1309,100,0
0.3,0.75,1,3000,0.0821,0.1143,0.1713,0.0304,0.2493,0,0.1081,0.2445,100,0
0.3,0.75,1,5000,0.1076,0.1694,0.1523,0.0331,0.28,0,0.0755,0.1821,100,0
0.3,0.75,1,7000,0.0991,0.1412,0.1966,0.0477,0.251,0,0.088,0.1764,100,0
0.3,0.75,1,10000,0.0936,0.1731,0.1619,0.0165,0.32,0,0.0587,0.1762,100,0
0.3,0.75,1,25000,0.0008,0.0714,0.0104,0,0.8538,0,0,0.0636,100,0
0.3,0.75,1,50000,0,0.031,0,0,0.7789,0,0,0.1901,100,27000
0.15,0.75,1,1000,0.1235,0.1823,0.1225,0.0548,0.2647,0,0.0941,0.1581,100,0
0.15,0.75,1,2000,0.1266,0.1617,0.1604,0.0785,0.1939,0,0.1306,0.1483,100,0
0.15,0.75,1,3000,0.1371,0.1568,0.1648,0.0403,0.2176,0,0.1709,0.1125,100,0
0.15,0.75,1,5000,0.1632,0.1512,0.1401,0.0624,0.1952,0,0.1597,0.1282,100,0
0.15,0.75,1,7000,0.1346,0.0965,0.14,0.0602,0.1657,0,0.0831,0.3199,100,0
0.15,0.75,1,10000,0.1382,0.1767,0.2597,0.0468,0.1558,0,0.1357,0.0871,100,0
0.15,0.75,1,25000,0.1427,0.1888,0.2043,0.0566,0.1391,0,0.136,0.1325,100,0
0.15,0.75,1,50000,0.1635,0.1643,0.1889,0.0362,0.1665,0,0.1339,0.1467,100,0
0.35,0.75,1,1000,0.0997,0.1209,0.2288,0.0175,0.2587,0,0.1123,0.1621,100,0
0.35,0.75,1,2000,0.087,0.191,0.1627,0,0.3491,0,0.0688,0.1414,100,0
0.35,0.75,1,3000,0.0343,0.1202,0.1158,0,0.5414,0,0.0404,0.1479,100,0
0.35,0.75,1,5000,0.0787,0.1272,0.1718,0,0.4255,0,0.0664,0.1304,100,0
0.35,0.75,1,7000,0.0797,0.267,0.1424,0,0.2647,0,0.0882,0.158,100,0
0.35,0.75,1,10000,0.0455,0.1462,0.1012,0,0.4148,0,0.0425,0.2498,100,0
0.35,0.75,1,25000,0.0603,0.241,0.1017,0,0.367,0,0.0605,0.1695,100,0
0.35,0.75,1,50000,0.0466,0.1999,0.1744,0,0.3729,0,0.0554,0.1508,100,0
0.2,0.75,1,1000,0.1387,0.1757,0.1542,0.0513,0.1323,0,0.1556,0.1922,100,0
0.2,0.75,1,2000,0.1021,0.1095,0.1546,0.0645,0.3163,0,0.1779,0.0751,100,0
0.2,0.75,1,3000,0.1173,0.1617,0.1663,0.0869,0.2614,0,0.093,0.1134,100,0
0.2,0.75,1,5000,0.1549,0.1968,0.1457,0.0382,0.1757,0,0.1622,0.1265,100,0
0.2,0.75,1,7000,0.1503,0.1581,0.1256,0.0533,0.2225,0,0.1326,0.1576,100,0
0.2,0.75,1,10000,0.1457,0.1453,0.1682,0.0602,0.2042,0,0.0769,0.1995,100,0
0.2,0.75,1,25000,0.1417,0.2054,0.1285,0.0527,0.1667,0,0.1638,0.1412,100,0
0.2,0.75,1,50000,0.1432,0.1882,0.1624,0.0572,0.2627,0,0.1051,0.0812,100,0
0.4,0.75,1,1000,0.1326,0.1405,0.1646,0.004,0.2718,0,0.1103,0.1762,100,0
0.4,0.75,1,2000,0.1195,0.1891,0.1889,0,0.2686,0,0.0979,0.136,100,0
0.4,0.75,1,3000,0.0789,0.156,0.194,0,0.2573,0,0.1198,0.194,100,0
0.4,0.75,1,5000,0.0993,0.1631,0.1377,0,0.4126,0,0.0808,0.1065,100,0
0.4,0.75,1,7000,0.1111,0.1637,0.1948,0,0.2846,0,0.0741,0.1717,100,0
0.4,0.75,1,10000,0.1063,0.1728,0.1607,0,0.3734,0,0.0732,0.1136,100,0
0.4,0.75,1,25000,0.1004,0.1705,0.186,0,0.2566,0,0.1257,0.1608,100,0
0.4,0.75,1,50000,0.1085,0.2053,0.1729,0,0.304,0,0.1177,0.0916,100,0
0.25,0.75,1,1000,0.1098,0.1178,0.1795,0.0283,0.3515,0,0.0832,0.1299,100,0
0.25,0.75,1,2000,0.1519,0.1874,0.1453,0.0754,0.262,0,0.0794,0.0986,100,0
0.25,0.75,1,3000,0.155,0.1806,0.1686,0.0916,0.2631,0,0.0597,0.0814,100,0
0.25,0.75,1,5000,0.1368,0.1329,0.1837,0.0117,0.2871,0,0.1306,0.1172,100,0
0.25,0.75,1,7000,0.1697,0.1389,0.1705,0.0605,0.2666,0,0.1089,0.0849,100,0
0.25,0.75,1,10000,0.1195,0.1537,0.2016,0.0525,0.199,0,0.1564,0.1173,100,0
0.25,0.75,1,25000,0.0911,0.1849,0.1705,0.0504,0.2714,0,0.1092,0.1225,100,0
0.25,0.75,1,50000,0.1361,0.1518,0.13,0.0408,0.2418,0,0.1402,0.1593,100,0
0.3,0.75,1,1000,0.0805,0.1563,0.1537,0.0216,0.4022,0,0.0475,0.1382,100,0
0.3,0.75,1,2000,0.1004,0.1533,0.1572,0.0256,0.2366,0,0.1169,0.21,100,0
0.3,0.75,1,3000,0.0939,0.1724,0.1846,0.0106,0.3574,0,0.0826,0.0985,100,0
0.3,0.75,1,5000,0.1029,0.1708,0.1241,0.0276,0.3734,0,0.0521,0.1491,100,0
0.3,0.75,1,7000,0.1585,0.1455,0.1711,0.0701,0.1849,0,0.0992,0.1707,100,0
0.3,0.75,1,10000,0.0867,0.1743,0.1679,0.0488,0.2454,0,0.1246,0.1523,100,0
0.3,0.75,1,25000,0.101,0.1705,0.1616,0.0236,0.3466,0,0.068,0.1287,100,0
0.3,0.75,1,50000,0,0.0882,0,0,0.8533,0,0,0.0585,100,32000
0,0.75,1,1000,0.1437,0.1695,0.1656,0.0761,0.1286,0,0.141,0.1755,100,0
0,0.75,1,2000,0.1553,0.1593,0.1502,0.0794,0.1669,0,0.1832,0.1057,100,0
0,0.75,1,3000,0.2026,0.1915,0.1638,0.0554,0.1322,0,0.1465,0.108,100,0
0,0.75,1,5000,0.1549,0.1585,0.171,0.0736,0.1467,0,0.1347,0.1606,100,0
0,0.75,1,7000,0.1642,0.1751,0.1859,0.0477,0.1131,0,0.182,0.132,100,0
0,0.75,1,10000,0.1675,0.1936,0.154,0.0747,0.1471,0,0.1371,0.126,100,0
0,0.75,1,25000,0.1174,0.1616,0.1765,0.0494,0.2925,0,0.1131,0.0895,100,0
0,0.75,1,50000,0.2112,0.1669,0.1362,0.058,0.1558,0,0.1431,0.1288,100,0
0.35,0.75,1,1000,0.09,0.2193,0.1059,0.0164,0.4005,0,0.059,0.1089,100,0
0.35,0.75,1,2000,0.0829,0.2155,0.1507,0,0.2464,0,0.071,0.2335,100,0
0.35,0.75,1,3000,0.0495,0.132,0.1078,0,0.4466,0,0.0687,0.1954,100,0
0.35,0.75,1,5000,0.052,0.188,0.0913,0,0.4864,0,0.0575,0.1248,100,0
0.35,0.75,1,7000,0.0841,0.1629,0.1728,0,0.3654,0,0.0756,0.1392,100,0
0.35,0.75,1,10000,0.0333,0.1923,0.0836,0,0.4795,0,0.0518,0.1595,100,0
0.35,0.75,1,25000,0,0.0527,0,0,0.768,0,0,0.1793,100,22000
0.35,0.75,1,50000,0,0.0527,0,0,0.768,0,0,0.1793,100,22000
0.05,0.75,1,1000,0.1066,0.1434,0.1634,0.061,0.1905,0,0.194,0.1411,100,0
0.05,0.75,1,2000,0.199,0.1626,0.1625,0.0385,0.1791,0,0.1531,0.1052,100,0
0.05,0.75,1,3000,0.1875,0.1907,0.123,0.0688,0.1594,0,0.1344,0.1362,100,0
0.05,0.75,1,5000,0.157,0.1702,0.1734,0.0796,0.1373,0,0.1523,0.1302,100,0
0.05,0.75,1,7000,0.2012,0.1724,0.1535,0.0691,0.1779,0,0.0959,0.13,100,0
0.05,0.75,1,10000,0.1714,0.1792,0.139,0.0356,0.1408,0,0.203,0.131,100,0
0.05,0.75,1,25000,0.1573,0.1583,0.2015,0.0788,0.1469,0,0.1392,0.118,100,0
0.05,0.75,1,50000,0.1739,0.162,0.136,0.0584,0.1987,0,0.1233,0.1477,100,0
0.4,0.75,1,1000,0.1313,0.2133,0.1968,0,0.2816,0,0.069,0.108,100,0
0.4,0.75,1,2000,0.0895,0.0966,0.1492,0,0.2898,0,0.0582,0.3167,100,0
0.4,0.75,1,3000,0.0868,0.1501,0.1933,0,0.2731,0,0.1297,0.167,100,0
0.4,0.75,1,5000,0.0676,0.1494,0.2112,0,0.3043,0,0.0732,0.1943,100,0
0.4,0.75,1,7000,0.0642,0.1587,0.1956,0,0.3074,0,0.0875,0.1866,100,0
0.4,0.75,1,10000,0.0777,0.2184,0.1637,0,0.2762,0,0.0677,0.1963,100,0
0.4,0.75,1,25000,0.1133,0.113,0.228,0,0.3622,0,0.0631,0.1204,100,0
0.4,0.75,1,50000,0.0718,0.1729,0.1302,0,0.3095,0,0.1187,0.1969,100,0
0.1,0.75,1,1000,0.1368,0.1751,0.1684,0.0617,0.1566,0,0.1719,0.1295,100,0
0.1,0.75,1,2000,0.1796,0.1647,0.1441,0.0992,0.1354,0,0.1361,0.1409,100,0
0.1,0.75,1,3000,0.1457,0.1723,0.1589,0.1202,0.1299,0,0.1521,0.1209,100,0
0.1,0.75,1,5000,0.1651,0.1323,0.1581,0.0711,0.1887,0,0.1088,0.1759,100,0
0.1,0.75,1,7000,0.1247,0.1644,0.1342,0.0833,0.2575,0,0.101,0.1349,100,0
0.1,0.75,1,10000,0.148,0.1896,0.1618,0.0556,0.1689,0,0.1219,0.1542,100,0
0.1,0.75,1,25000,0.1815,0.168,0.17,0.063,0.1589,0,0.13,0.1286,100,0
0.1,0.75,1,50000,0.126,0.1533,0.192,0.0766,0.1405,0,0.1449,0.1667,100,0
0,0.75,1,1000,0.1769,0.1845,0.1524,0.065,0.0998,0,0.1643,0.1571,100,0
0,0.75,1,2000,0.1289,0.1586,0.1588,0.0702,0.1897,0,0.1866,0.1072,100,0
0,0.75,1,3000,0.1567,0.1685,0.1353,0.0498,0.1417,0,0.136,0.212,100,0
0,0.75,1,5000,0.1917,0.1531,0.1599,0.0809,0.1627,0,0.1238,0.1279,100,0
0,0.75,1,7000,0.1441,0.1593,0.1365,0.0892,0.2241,0,0.1248,0.122,100,0
0,0.75,1,10000,0.158,0.1854,0.1362,0.0448,0.2299,0,0.1369,0.1088,100,0
0,0.75,1,25000,0.1468,0.1315,0.1531,0.047,0.2,0,0.2117,0.1099,100,0
0,0.75,1,50000,0.1293,0.1511,0.1381,0.0676,0.2772,0,0.1503,0.0864,100,0
0.15,0.75,1,1000,0.1607,0.1837,0.1547,0.0741,0.174,0,0.1391,0.1137,100,0
0.15,0.75,1,2000,0.1806,0.1379,0.132,0.0654,0.2317,0,0.0594,0.193,100,0
0.15,0.75,1,3000,0.0962,0.1511,0.1903,0.0562,0.2463,0,0.1378,0.1221,100,0
0.15,0.75,1,5000,0.2119,0.1846,0.1555,0.0689,0.1506,0,0.1027,0.1258,100,0
0.15,0.75,1,7000,0.1597,0.1563,0.1587,0.0946,0.1957,0,0.1246,0.1104,100,0
0.15,0.75,1,10000,0.196,0.1645,0.1462,0.0691,0.1511,0,0.1527,0.1204,100,0
0.15,0.75,1,25000,0.1487,0.1541,0.1504,0.0526,0.2541,0,0.1225,0.1176,100,0
0.15,0.75,1,50000,0.1357,0.1714,0.1482,0.0733,0.2195,0,0.12,0.1319,100,0
0.05,0.75,1,1000,0.1154,0.1945,0.138,0.0457,0.2876,0,0.1403,0.0785,100,0
0.05,0.75,1,2000,0.1609,0.166,0.1843,0.0906,0.1599,0,0.1339,0.1044,100,0
0.05,0.75,1,3000,0.1232,0.1421,0.1397,0.0791,0.2369,0,0.1013,0.1777,100,0
0.05,0.75,1,5000,0.1869,0.189,0.1577,0.0663,0.1396,0,0.1156,0.1449,100,0
0.05,0.75,1,7000,0.1501,0.1523,0.1388,0.0456,0.2568,0,0.1383,0.1181,100,0
0.05,0.75,1,10000,0.1404,0.192,0.1648,0.0378,0.1997,0,0.1505,0.1148,100,0
0.05,0.75,1,25000,0.1703,0.1467,0.1659,0.0927,0.1543,0,0.0803,0.1898,100,0
0.05,0.75,1,50000,0.166,0.188,0.1517,0.0506,0.1963,0,0.1364,0.111,100,0
0.2,0.75,1,1000,0.1549,0.1686,0.1795,0.0864,0.2752,0,0.0742,0.0612,100,0
0.2,0.75,1,2000,0.1347,0.1467,0.1354,0.0655,0.2579,0,0.1147,0.1451,100,0
0.2,0.75,1,3000,0.1369,0.2055,0.1954,0.0485,0.1647,0,0.103,0.146,100,0
0.2,0.75,1,5000,0.1349,0.16,0.1548,0.0572,0.2076,0,0.086,0.1995,100,0
0.2,0.75,1,7000,0.1006,0.1767,0.1572,0.0206,0.2889,0,0.1204,0.1356,100,0
0.2,0.75,1,10000,0.1189,0.1464,0.1339,0.0461,0.3001,0,0.1092,0.1454,100,0
0.2,0.75,1,25000,0.1348,0.1657,0.1803,0.0479,0.2848,0,0.1179,0.0686,100,0
0.2,0.75,1,50000,0.1641,0.1813,0.1706,0.0605,0.162,0,0.0922,0.1693,100,0
0.1,0.75,1,1000,0.1245,0.1596,0.1694,0.0456,0.1363,0,0.1902,0.1744,100,0
0.1,0.75,1,2000,0.1143,0.1296,0.1584,0.0451,0.2558,0,0.1499,0.1469,100,0
0.1,0.75,1,3000,0.1673,0.1289,0.1741,0.0699,0.162,0,0.1157,0.1821,100,0
0.1,0.75,1,5000,0.1644,0.1892,0.1668,0.0412,0.1575,0,0.1491,0.1318,100,0
0.1,0.75,1,7000,0.1657,0.1341,0.181,0.0538,0.1423,0,0.2023,0.1208,100,0
0.1,0.75,1,10000,0.2066,0.1776,0.1502,0.0595,0.1387,0,0.1271,0.1403,100,0
0.1,0.75,1,25000,0.114,0.1196,0.1861,0.0581,0.1595,0,0.2084,0.1543,100,0
0.1,0.75,1,50000,0.1547,0.1751,0.1618,0.0609,0.1405,0,0.1367,0.1703,100,0
0.25,0.75,1,1000,0.1088,0.1989,0.1509,0.0429,0.2724,0,0.1182,0.1079,100,0
0.25,0.75,1,2000,0.1507,0.1747,0.1463,0.0723,0.2156,0,0.0897,0.1507,100,0
0.25,0.75,1,3000,0.0962,0.177,0.132,0.0567,0.2584,0,0.1183,0.1614,100,0
0.25,0.75,1,5000,0.1239,0.2136,0.1896,0.0195,0.2581,0,0.1019,0.0934,100,0
0.25,0.75,1,7000,0.1121,0.1529,0.1343,0.0462,0.22,0,0.0934,0.2411,100,0
0.25,0.75,1,10000,0.1241,0.1552,0.2011,0.0657,0.2336,0,0.1008,0.1195,100,0
0.25,0.75,1,25000,0.1596,0.1677,0.1897,0.0305,0.1816,0,0.123,0.1479,100,0
0.25,0.75,1,50000,0.1523,0.1991,0.1845,0.0671,0.1799,0,0.0889,0.1282,100,0
0.3,0.75,1,1000,0.1262,0.1789,0.1606,0.0646,0.3031,0,0.0713,0.0953,100,0
0.3,0.75,1,2000,0.0926,0.1827,0.1191,0.0217,0.3916,0,0.0516,0.1407,100,0
0.3,0.75,1,3000,0.0813,0.2357,0.1191,0.0469,0.3337,0,0.029,0.1543,100,0
0.3,0.75,1,5000,0.1444,0.1728,0.1374,0.0349,0.2128,0,0.1456,0.1521,100,0
0.3,0.75,1,7000,0.1091,0.1699,0.2207,0.0381,0.1719,0,0.1176,0.1727,100,0
0.3,0.75,1,25000,0,0.0101,0,0,0.8709,0,0,0.119,100,10000
0.3,0.75,1,50000,0,0.0101,0,0,0.8709,0,0,0.119,100,10000
0.15,0.75,1,1000,0.1633,0.1644,0.1453,0.0751,0.1662,0,0.1478,0.1379,100,0
0.15,0.75,1,2000,0.1746,0.1471,0.1713,0.0765,0.1354,0,0.1445,0.1506,100,0
0.15,0.75,1,3000,0.1223,0.1677,0.1727,0.0918,0.1162,0,0.1086,0.2207,100,0
0.15,0.75,1,5000,0.1844,0.1965,0.1415,0.0585,0.1743,0,0.0982,0.1466,100,0
0.15,0.75,1,7000,0.1212,0.1513,0.1633,0.0673,0.1248,0,0.0692,0.3029,100,0
0.15,0.75,1,10000,0.1347,0.2078,0.1735,0.0776,0.1682,0,0.1013,0.1369,100,0
0.15,0.75,1,25000,0.1271,0.1559,0.1499,0.0637,0.126,0,0.1681,0.2093,100,0
0.15,0.75,1,50000,0.1425,0.2086,0.1633,0.0875,0.1931,0,0.1132,0.0918,100,0
0.35,0.75,1,1000,0.0927,0.1308,0.1542,0.0249,0.3074,0,0.0427,0.2473,100,0
0.35,0.75,1,2000,0.073,0.1658,0.1681,0,0.3368,0,0.0646,0.1917,100,0
0.35,0.75,1,3000,0.063,0.1399,0.1483,0,0.3389,0,0.0782,0.2317,100,0
0.35,0.75,1,5000,0.0425,0.2763,0.1312,0,0.3133,0,0.1077,0.129,100,0
0.35,0.75,1,7000,0.0451,0.1458,0.2352,0,0.4115,0,0.0307,0.1317,100,0
0.35,0.75,1,10000,0.0559,0.1915,0.1326,0,0.3968,0,0.0698,0.1534,100,0
0.35,0.75,1,25000,0.07,0.1659,0.157,0,0.3869,0,0.066,0.1542,100,0
0.35,0.75,1,50000,0.0272,0.1673,0.059,0,0.5056,0,0.0323,0.2086,100,0
0.2,0.75,1,1000,0.1741,0.153,0.1774,0.106,0.206,0,0.082,0.1015,100,0
0.2,0.75,1,2000,0.1497,0.1605,0.1514,0.0702,0.1803,0,0.1006,0.1873,100,0
0.2,0.75,1,3000,0.1537,0.1739,0.1264,0.0565,0.1639,0,0.1055,0.2201,100,0
0.2,0.75,1,5000,0.1699,0.1528,0.204,0.0835,0.1622,0,0.1275,0.1001,100,0
0.2,0.75,1,7000,0.1201,0.1688,0.1799,0.0605,0.2153,0,0.1469,0.1085,100,0
0.2,0.75,1,10000,0.1556,0.1915,0.2309,0.0557,0.1087,0,0.1365,0.1211,100,0
0.2,0.75,1,25000,0.0651,0.138,0.1389,0.0811,0.1828,0,0.1361,0.258,100,0
0.2,0.75,1,50000,0.1198,0.1801,0.1721,0.0589,0.2766,0,0.0931,0.0994,100,0
0.25,0.75,1,1000,0.1113,0.1879,0.1451,0.0788,0.2398,0,0.0847,0.1524,100,0
0.25,0.75,1,2000,0.1177,0.1399,0.1263,0.0672,0.2513,0,0.0738,0.2238,100,0
0.25,0.75,1,3000,0.1105,0.1676,0.1667,0.0757,0.1868,0,0.0991,0.1936,100,0
0.25,0.75,1,5000,0,0.0284,0,0,0.9675,0,0,0.0041,100,0
0.25,0.75,1,7000,0,0.0284,0,0,0.9675,0,0,0.0041,100,6000
0.25,0.75,1,10000,0,0.0284,0,0,0.9675,0,0,0.0041,100,6000
0.25,0.75,1,25000,0,0.0284,0,0,0.9675,0,0,0.0041,100,6000
0.25,0.75,1,50000,0,0.0284,0,0,0.9675,0,0,0.0041,100,6000
0.4,0.75,1,1000,0.1109,0.2287,0.2008,0.0117,0.1662,0.0063,0.1286,0.1468,100,0
0.4,0.75,1,2000,0.0916,0.1763,0.2179,0,0.2455,0,0.0858,0.1829,100,0
0.4,0.75,1,3000,0.0676,0.1951,0.168,0,0.3518,0,0.076,0.1415,100,0
0.4,0.75,1,5000,0.0922,0.189,0.1695,0,0.3655,0,0.0777,0.1061,100,0
0.4,0.75,1,7000,0.1012,0.1668,0.1863,0,0.3026,0,0.092,0.1511,100,0
0.4,0.75,1,10000,0.0951,0.1504,0.2028,0,0.3188,0,0.0788,0.1541,100,0
0.4,0.75,1,25000,0.1079,0.1085,0.1862,0,0.3603,0,0.0875,0.1496,100,0
0.4,0.75,1,50000,0.0916,0.1456,0.1751,0,0.2907,0,0.0889,0.2081,100,0
0.3,0.75,1,1000,0.0618,0.1938,0.1493,0.0128,0.3872,0,0.0591,0.136,100,0
0.3,0.75,1,2000,0.1175,0.1394,0.1486,0.0502,0.2046,0,0.1104,0.2293,100,0
0.3,0.75,1,3000,0.1189,0.1245,0.1552,0.0413,0.2341,0,0.0902,0.2358,100,0
0.3,0.75,1,5000,0.1683,0.1396,0.172,0.0549,0.2674,0,0.0535,0.1443,100,0
0.3,0.75,1,7000,0.1362,0.207,0.1622,0.0165,0.2038,0,0.1562,0.1181,100,0
0.3,0.75,1,10000,0.1249,0.1417,0.2349,0.0214,0.2771,0,0.1105,0.0895,100,0
0.3,0.75,1,25000,0.1395,0.1934,0.1385,0.0495,0.2883,0,0.0935,0.0973,100,0
0.3,0.75,1,50000,0,0.0277,0.0011,0,0.436,0,0,0.5352,100,33000
0.35,0.75,1,1000,0.0613,0.1606,0.1689,0,0.3695,0,0.0941,0.1456,100,0
0.35,0.75,1,2000,0.0474,0.1822,0.0992,0,0.3628,0,0.1141,0.1943,100,0
0.35,0.75,1,3000,0.0476,0.2134,0.1099,0,0.3826,0,0.0363,0.2102,100,0
0.35,0.75,1,5000,0.0655,0.18,0.1618,0,0.4554,0,0.0263,0.111,100,0
0.35,0.75,1,7000,0.0598,0.2013,0.1131,0,0.2829,0,0.0545,0.2884,100,0
0.35,0.75,1,10000,0.048,0.1983,0.1158,0,0.398,0,0.0649,0.175,100,0
0.35,0.75,1,25000,0.0263,0.1107,0.1303,0,0.4056,0,0.0352,0.2919,100,0
0.35,0.75,1,50000,0,0.0598,0,0,0.7979,0,0,0.1423,100,38000
0,0.75,1,1000,0.1976,0.2091,0.1558,0.092,0.0881,0,0.1275,0.1299,100,0
0,0.75,1,2000,0.1182,0.1731,0.1507,0.0432,0.2067,0,0.1628,0.1453,100,0
0,0.75,1,3000,0.12,0.1532,0.1245,0.0846,0.2621,0,0.1377,0.1179,100,0
0,0.75,1,5000,0.1351,0.1479,0.1443,0.0651,0.2372,0,0.1532,0.1172,100,0
0,0.75,1,7000,0.2005,0.1448,0.1485,0.0706,0.1274,0,0.1312,0.177,100,0
0,0.75,1,10000,0.1603,0.1624,0.1315,0.0558,0.1507,0,0.1651,0.1742,100,0
0,0.75,1,25000,0.1813,0.1824,0.1656,0.0553,0.1329,0,0.1672,0.1153,100,0
0,0.75,1,50000,0.166,0.1393,0.1396,0.1103,0.2274,0,0.1059,0.1115,100,0
0.4,0.75,1,1000,0.0974,0.1508,0.1477,0.0576,0.1736,0.0653,0.0864,0.2212,100,0
0.4,0.75,1,2000,0.0909,0.1807,0.1966,0.026,0.2042,0.0153,0.0771,0.2092,100,0
0.4,0.75,1,3000,0.1099,0.1625,0.1736,0,0.2895,0,0.1066,0.1579,100,0
0.4,0.75,1,5000,0.1126,0.192,0.1985,0,0.241,0,0.1043,0.1516,100,0
0.4,0.75,1,7000,0.1285,0.1279,0.2492,0,0.2011,0,0.1167,0.1766,100,0
0.4,0.75,1,10000,0.0862,0.1686,0.2179,0,0.3149,0,0.0657,0.1467,100,0
0.4,0.75,1,25000,0.0691,0.1563,0.1455,0,0.3221,0,0.1003,0.2067,100,0
0.4,0.75,1,50000,0.0783,0.1752,0.1624,0,0.3437,0,0.0648,0.1756,100,0
0.05,0.75,1,1000,0.136,0.1701,0.2107,0.0834,0.1424,0,0.1011,0.1563,100,0
0.05,0.75,1,2000,0.14,0.1294,0.1233,0.0742,0.3377,0,0.1093,0.0861,100,0
0.05,0.75,1,3000,0.1856,0.1548,0.1714,0.0591,0.2046,0,0.133,0.0915,100,0
0.05,0.75,1,5000,0.2133,0.1738,0.1535,0.0804,0.1179,0,0.12,0.1411,100,0
0.05,0.75,1,7000,0.1572,0.1706,0.1756,0.065,0.1509,0,0.1429,0.1378,100,0
0.05,0.75,1,10000,0.141,0.192,0.1622,0.0342,0.1243,0,0.2049,0.1414,100,0
0.05,0.75,1,25000,0.1702,0.1733,0.1571,0.0386,0.1503,0,0.1428,0.1677,100,0
0.05,0.75,1,50000,0.1377,0.1529,0.1558,0.0751,0.162,0,0.1627,0.1538,100,0
0,0.75,1,1000,0.187,0.1575,0.1579,0.0845,0.1424,0,0.1298,0.1409,100,0
0,0.75,1,2000,0.1492,0.1256,0.1551,0.0944,0.2256,0,0.1277,0.1224,100,0
0,0.75,1,3000,0.1427,0.1629,0.1277,0.0876,0.1607,0,0.1279,0.1905,100,0
0,0.75,1,5000,0.1879,0.1903,0.1259,0.054,0.1349,0,0.1562,0.1508,100,0
0,0.75,1,7000,0.147,0.1756,0.1817,0.0514,0.186,0,0.1327,0.1256,100,0
0,0.75,1,10000,0.1687,0.1588,0.1948,0.0903,0.1497,0,0.1263,0.1114,100,0
0,0.75,1,25000,0.1581,0.1774,0.1724,0.0731,0.1225,0,0.1372,0.1593,100,0
0,0.75,1,50000,0.1534,0.1096,0.1521,0.0444,0.1884,0,0.2001,0.152,100,0
0.1,0.75,1,1000,0.1697,0.1529,0.1534,0.1011,0.1488,0,0.1048,0.1693,100,0
0.1,0.75,1,2000,0.1932,0.1729,0.147,0.0541,0.1452,0,0.1689,0.1187,100,0
0.1,0.75,1,3000,0.1508,0.1419,0.1338,0.1095,0.2185,0,0.1691,0.0764,100,0
0.1,0.75,1,5000,0.1596,0.1692,0.171,0.055,0.1542,0,0.1523,0.1387,100,0
0.1,0.75,1,7000,0.1789,0.1556,0.1885,0.0848,0.2191,0,0.084,0.0891,100,0
0.1,0.75,1,10000,0.175,0.1561,0.149,0.0484,0.2097,0,0.1505,0.1113,100,0
0.1,0.75,1,25000,0.1779,0.1377,0.1406,0.0376,0.1582,0,0.1585,0.1895,100,0
0.1,0.75,1,50000,0.1218,0.1524,0.1824,0.057,0.2478,0,0.1389,0.0997,100,0
0.15,0.75,1,1000,0.1431,0.1362,0.1682,0.0773,0.2194,0,0.0985,0.1573,100,0
0.15,0.75,1,2000,0.1325,0.1699,0.1757,0.068,0.2089,0,0.1157,0.1293,100,0
0.15,0.75,1,3000,0.1211,0.1522,0.2027,0.0615,0.1638,0,0.1473,0.1514,100,0
0.15,0.75,1,5000,0.1344,0.137,0.1908,0.0566,0.2295,0,0.1328,0.1189,100,0
0.15,0.75,1,7000,0.1347,0.1649,0.1672,0.0488,0.2506,0,0.132,0.1018,100,0
0.15,0.75,1,10000,0.165,0.1496,0.1905,0.0505,0.1312,0,0.1275,0.1857,100,0
0.15,0.75,1,25000,0.1352,0.211,0.1955,0.0454,0.1205,0,0.1578,0.1346,100,0
0.15,0.75,1,50000,0.1554,0.167,0.1658,0.0393,0.1882,0,0.1506,0.1337,100,0
0.05,0.75,1,1000,0.1853,0.1785,0.154,0.0442,0.16,0,0.1721,0.1059,100,0
0.05,0.75,1,2000,0.155,0.1266,0.1384,0.0546,0.1883,0,0.223,0.1141,100,0
0.05,0.75,1,3000,0.1696,0.1475,0.1424,0.0436,0.173,0,0.1932,0.1307,100,0
0.05,0.75,1,5000,0.1965,0.1935,0.1454,0.0424,0.1599,0,0.143,0.1193,100,0
0.05,0.75,1,7000,0.1419,0.1386,0.1415,0.0475,0.2175,0,0.1925,0.1205,100,0
0.05,0.75,1,10000,0.1376,0.1517,0.1454,0.0462,0.1419,0,0.207,0.1702,100,0
0.05,0.75,1,25000,0.1406,0.2063,0.1808,0.0839,0.0999,0,0.1586,0.1299,100,0
0.05,0.75,1,50000,0.1742,0.1513,0.1454,0.0699,0.099,0,0.1868,0.1734,100,0
0.1,0.75,1,1000,0.157,0.2087,0.1862,0.0309,0.1463,0,0.1527,0.1182,100,0
0.1,0.75,1,2000,0.1618,0.163,0.1576,0.0809,0.1857,0,0.1253,0.1257,100,0
0.1,0.75,1,3000,0.1719,0.1736,0.1537,0.033,0.1788,0,0.1625,0.1265,100,0
0.1,0.75,1,5000,0.1698,0.1903,0.2274,0.0698,0.1153,0,0.1088,0.1186,100,0
0.1,0.75,1,7000,0.1386,0.1681,0.1508,0.0897,0.2285,0,0.1212,0.1031,100,0
0.1,0.75,1,10000,0.2206,0.1654,0.145,0.0524,0.1093,0,0.1714,0.1359,100,0
0.1,0.75,1,25000,0.1563,0.1775,0.1958,0.1133,0.1657,0,0.099,0.0924,100,0
0.1,0.75,1,50000,0.1624,0.1465,0.1928,0.043,0.1618,0,0.1435,0.15,100,0
0.2,0.75,1,1000,0.1664,0.1222,0.1742,0.1041,0.1998,0,0.0642,0.1691,100,0
0.2,0.75,1,2000,0.122,0.1386,0.1686,0.0477,0.2225,0,0.105,0.1956,100,0
0.2,0.75,1,3000,0.1414,0.1924,0.1495,0.055,0.171,0,0.1275,0.1632,100,0
0.2,0.75,1,5000,0.1184,0.1397,0.1958,0.0686,0.2336,0,0.1224,0.1215,100,0
0.2,0.75,1,7000,0.1312,0.1675,0.15,0.0395,0.3069,0,0.097,0.1079,100,0
0.2,0.75,1,10000,0.1323,0.1824,0.1716,0.0529,0.2233,0,0.1081,0.1294,100,0
0.2,0.75,1,25000,0.1657,0.1717,0.1384,0.084,0.2353,0,0.0566,0.1483,100,0
0.2,0.75,1,50000,0.1493,0.1385,0.1811,0.0683,0.2108,0,0.0921,0.1599,100,0
0.25,0.75,1,1000,0.1811,0.1551,0.1397,0.075,0.229,0,0.09,0.1301,100,0
0.25,0.75,1,2000,0.2021,0.2046,0.1804,0.0692,0.1518,0,0.0905,0.1014,100,0
0.25,0.75,1,3000,0.1204,0.1243,0.18,0.0553,0.2532,0,0.1018,0.165,100,0
0.25,0.75,1,5000,0.173,0.1521,0.1376,0.0592,0.2546,0,0.1283,0.0952,100,0
0.25,0.75,1,7000,0.1211,0.1701,0.1992,0.0444,0.2142,0,0.0843,0.1667,100,0
0.25,0.75,1,10000,0.1548,0.0958,0.1713,0.1129,0.134,0,0.1126,0.2186,100,0
0.25,0.75,1,25000,0.1115,0.1809,0.1659,0.0492,0.2927,0,0.0819,0.1179,100,0
0.25,0.75,1,50000,0.1374,0.2125,0.1959,0.0776,0.177,0,0.1033,0.0963,100,0
0.15,0.75,1,1000,0.1337,0.149,0.1451,0.0621,0.2696,0,0.1203,0.1202,100,0
0.15,0.75,1,2000,0.1281,0.1566,0.1964,0.0562,0.2291,0,0.0976,0.136,100,0
0.15,0.75,1,3000,0.1879,0.1479,0.1874,0.1039,0.1462,0,0.1127,0.114,100,0
0.15,0.75,1,5000,0.1111,0.1364,0.1588,0.0874,0.2562,0,0.0962,0.1539,100,0
0.15,0.75,1,7000,0.1735,0.1549,0.1873,0.091,0.1054,0,0.1794,0.1085,100,0
0.15,0.75,1,10000,0.1527,0.1419,0.1478,0.0852,0.1926,0,0.1308,0.149,100,0
0.15,0.75,1,25000,0.1895,0.1553,0.1671,0.0856,0.1348,0,0.061,0.2067,100,0
0.15,0.75,1,50000,0.1649,0.1843,0.1768,0.0701,0.2075,0,0.1121,0.0843,100,0
0.3,0.75,1,1000,0.0887,0.1486,0.138,0.0572,0.247,0.0022,0.0865,0.2318,100,0
0.3,0.75,1,2000,0.0772,0.1429,0.1762,0.0219,0.2729,0,0.1293,0.1796,100,0
0.3,0.75,1,3000,0.1312,0.1606,0.1852,0.0292,0.2565,0,0.1232,0.1141,100,0
0.3,0.75,1,5000,0.0852,0.1313,0.1339,0.0391,0.2716,0,0.0932,0.2457,100,0
0.3,0.75,1,7000,0.076,0.1648,0.1332,0.0293,0.1738,0,0.1148,0.3081,100,0
0.3,0.75,1,10000,0.1074,0.1513,0.2053,0.0503,0.2777,0,0.032,0.176,100,0
0.3,0.75,1,25000,0,0.0187,0.0001,0,0.4677,0,0,0.5135,100,14000
0.3,0.75,1,50000,0,0.0187,0.0001,0,0.4677,0,0,0.5135,100,14000
0.35,0.75,1,1000,0.122,0.1513,0.1362,0.0018,0.364,0,0.0736,0.1511,100,0
0.35,0.75,1,2000,0.056,0.197,0.1123,0,0.4815,0,0.0354,0.1178,100,0
0.35,0.75,1,3000,0.0435,0.157,0.091,0,0.4808,0,0.0437,0.184,100,0
0.35,0.75,1,5000,0.0492,0.2267,0.1185,0,0.3572,0,0.1044,0.144,100,0
0.35,0.75,1,7000,0.0292,0.185,0.1609,0,0.2782,0,0.1033,0.2434,100,0
0.35,0.75,1,10000,0.0558,0.1725,0.1433,0,0.363,0,0.0503,0.2151,100,0
0.35,0.75,1,25000,0.0409,0.3018,0.1105,0,0.4111,0,0.0508,0.0849,100,0
0.35,0.75,1,50000,0,0.0148,0.0005,0,0.3786,0,0,0.6061,100,30000
0.2,0.75,1,1000,0.1533,0.1691,0.1604,0.0149,0.2842,0,0.1474,0.0707,100,0
0.2,0.75,1,2000,0.1747,0.1703,0.1987,0.1183,0.2145,0,0.065,0.0585,100,0
0.2,0.75,1,3000,0.1226,0.148,0.1622,0.057,0.2978,0,0.1022,0.1102,100,0
0.2,0.75,1,5000,0.1483,0.1732,0.1749,0.0484,0.1964,0,0.1079,0.1509,100,0
0.2,0.75,1,7000,0.1669,0.1491,0.2193,0.0467,0.1379,0,0.1591,0.121,100,0
0.2,0.75,1,10000,0.1386,0.2179,0.1332,0.0376,0.252,0,0.1154,0.1053,100,0
0.2,0.75,1,25000,0.1786,0.1721,0.1622,0.096,0.1817,0,0.1121,0.0973,100,0
0.2,0.75,1,50000,0.1123,0.1669,0.1983,0.0647,0.2136,0,0.1389,0.1053,100,0
0.4,0.75,1,1000,0.0472,0.2356,0.0924,0.1116,0.1153,0.1349,0.0503,0.2127,100,0
0.4,0.75,1,2000,0.0636,0.1769,0.1218,0.0673,0.1544,0.0845,0.087,0.2445,100,0
0.4,0.75,1,3000,0.09,0.1447,0.1757,0.0143,0.2445,0.0062,0.0928,0.2318,100,0
0.4,0.75,1,5000,0.0935,0.1469,0.1881,0,0.3372,0,0.0584,0.1759,100,0
0.4,0.75,1,7000,0.1019,0.1709,0.204,0,0.2517,0,0.1024,0.1691,100,0
0.4,0.75,1,10000,0.0998,0.1735,0.183,0,0.2461,0,0.1032,0.1944,100,0
0.4,0.75,1,25000,0.0717,0.2618,0.1663,0,0.2486,0,0.0914,0.1602,100,0
0.4,0.75,1,50000,0.087,0.197,0.1674,0,0.2947,0,0.1137,0.1402,100,0
0.25,0.75,1,1000,0.121,0.2267,0.1565,0.0826,0.2358,0,0.0661,0.1113,100,0
0.25,0.75,1,2000,0.1441,0.2074,0.1944,0.0255,0.1867,0,0.118,0.1239,100,0
0.25,0.75,1,3000,0.1184,0.1895,0.1759,0.0655,0.2493,0,0.0663,0.1351,100,0
0.25,0.75,1,5000,0.1095,0.1831,0.1937,0.0509,0.151,0,0.121,0.1908,100,0
0.25,0.75,1,7000,0.1219,0.1503,0.1879,0.0734,0.1843,0,0.0785,0.2037,100,0
0.25,0.75,1,10000,0.1311,0.1515,0.1468,0.0616,0.2555,0,0.1271,0.1264,100,0
0.25,0.75,1,25000,0.1489,0.1712,0.1642,0.036,0.2926,0,0.0764,0.1107,100,0
0.25,0.75,1,50000,0.1632,0.1671,0.2163,0.0533,0.1398,0,0.0979,0.1624,100,0
0.3,0.75,1,1000,0.0682,0.185,0.1406,0.038,0.184,0,0.1338,0.2504,100,0
0.3,0.75,1,2000,0.0836,0.1258,0.1555,0.0395,0.3437,0,0.0662,0.1857,100,0
0.3,0.75,1,3000,0.1302,0.1436,0.1282,0.0562,0.2914,0,0.0508,0.1996,100,0
0.3,0.75,1,5000,0.0678,0.1935,0.1093,0.0217,0.3538,0,0.053,0.2009,100,0
0.3,0.75,1,7000,0.1442,0.1671,0.1802,0.0216,0.2161,0,0.1081,0.1627,100,0
0.3,0.75,1,10000,0.1206,0.2526,0.0901,0.0328,0.2777,0,0.0875,0.1387,100,0
0.3,0.75,1,50000,0,0.1435,0,0,0.8485,0,0.0007,0.0073,100,25000
0.35,0.75,1,1000,0.1084,0.1141,0.221,0.0093,0.2886,0,0.0939,0.1647,100,0
0.35,0.75,1,2000,0.0437,0.2664,0.0802,0,0.414,0,0.0964,0.0993,100,0
0.35,0.75,1,3000,0.0275,0.2015,0.1247,0,0.2615,0,0.1127,0.2721,100,0
0.35,0.75,1,5000,0.0649,0.1447,0.1643,0,0.3867,0,0.0572,0.1822,100,0
0.35,0.75,1,7000,0,0.0012,0.0391,0,0.1239,0,0,0.8358,100,0
0.35,0.75,1,10000,0,0.0012,0.0391,0,0.1239,0,0,0.8358,100,8000
0.35,0.75,1,25000,0,0.0012,0.0391,0,0.1239,0,0,0.8358,100,8000
0.35,0.75,1,50000,0,0.0012,0.0391,0,0.1239,0,0,0.8358,100,8000
0.4,0.75,1,1000,0.0839,0.1501,0.1774,0.048,0.1973,0.0679,0.0628,0.2126,100,0
0.4,0.75,1,2000,0.0775,0.15,0.1892,0,0.358,0,0.0895,0.1358,100,0
0.4,0.75,1,3000,0.0878,0.2073,0.1666,0,0.3159,0,0.0859,0.1365,100,0
0.4,0.75,1,5000,0.0718,0.1099,0.1335,0,0.263,0,0.0805,0.3413,100,0
0.4,0.75,1,7000,0.0975,0.1506,0.1917,0,0.263,0,0.1294,0.1678,100,0
0.4,0.75,1,10000,0.0672,0.1662,0.1726,0,0.3876,0,0.0632,0.1432,100,0
0.4,0.75,1,25000,0.0941,0.1849,0.1981,0,0.3325,0,0.0886,0.1018,100,0
0.4,0.75,1,50000,0.1301,0.1388,0.1957,0,0.2868,0,0.0978,0.1508,100,0
0,0.75,1,0,0.1248,0.125,0.1202,0.1209,0.1269,0.1284,0.1298,0.124,100,0
0,0.75,1,1000,0.1671,0.1578,0.1505,0.0669,0.1462,0,0.1622,0.1493,100,0
0,0.75,1,2000,0.162,0.1408,0.152,0.046,0.1642,0,0.1951,0.1399,100,0
0,0.75,1,3000,0.1994,0.1617,0.1398,0.0843,0.1025,0,0.1447,0.1676,100,0
0,0.75,1,5000,0.1958,0.1657,0.1722,0.0656,0.1132,0,0.1691,0.1184,100,0
0,0.75,1,7000,0.1848,0.1709,0.1596,0.0575,0.1424,0,0.1653,0.1195,100,0
0,0.75,1,10000,0.1882,0.1821,0.141,0.0551,0.1671,0,0.1551,0.1114,100,0
0,0.75,1,25000,0.1528,0.1573,0.16,0.0547,0.2096,0,0.1636,0.102,100,0
0,0.75,1,50000,0.1774,0.1611,0.1501,0.0805,0.1578,0,0.1521,0.121,100,0
0.05,0.75,1,0,0.1248,0.1307,0.124,0.1285,0.1237,0.1238,0.1218,0.1227,100,0
0.05,0.75,1,1000,0.1422,0.1737,0.1808,0.0511,0.211,0,0.1504,0.0908,100,0
0.05,0.75,1,2000,0.1933,0.1621,0.1649,0.076,0.1995,0,0.1025,0.1017,100,0
0.05,0.75,1,3000,0.1858,0.1668,0.1104,0.0734,0.1684,0,0.155,0.1402,100,0
0.05,0.75,1,5000,0.1515,0.1662,0.1509,0.0634,0.1812,0,0.1623,0.1245,100,0
0.05,0.75,1,7000,0.1664,0.1729,0.1464,0.098,0.144,0,0.1733,0.099,100,0
0.05,0.75,1,10000,0.177,0.1601,0.2112,0.1017,0.1149,0,0.0862,0.1489,100,0
0.05,0.75,1,25000,0.181,0.1626,0.1632,0.0635,0.1199,0,0.1459,0.1639,100,0
0.05,0.75,1,50000,0.1207,0.15,0.1518,0.0643,0.1968,0,0.1329,0.1835,100,0
0,0.75,1,0,0.1277,0.123,0.1244,0.1258,0.1187,0.1288,0.1248,0.1268,100,0
0,0.75,1,1000,0.1266,0.1522,0.159,0.0486,0.1783,0,0.2052,0.1301,100,0
0,0.75,1,2000,0.1601,0.2046,0.1773,0.0389,0.1148,0,0.1897,0.1146,100,0
0,0.75,1,3000,0.1913,0.1588,0.1408,0.0937,0.1539,0,0.1124,0.1491,100,0
0,0.75,1,5000,0.2083,0.1727,0.1822,0.0927,0.1243,0,0.1051,0.1147,100,0
0,0.75,1,7000,0.1545,0.1312,0.1435,0.0567,0.1634,0,0.1754,0.1753,100,0
0,0.75,1,10000,0.1713,0.1703,0.1641,0.0445,0.1871,0,0.1599,0.1028,100,0
0,0.75,1,25000,0.1804,0.1658,0.1666,0.0861,0.1365,0,0.1116,0.153,100,0
0,0.75,1,50000,0.1328,0.1447,0.1624,0.081,0.2153,0,0.1473,0.1165,100,0
0.1,0.75,1,0,0.1212,0.1212,0.1283,0.121,0.1323,0.1193,0.1267,0.13,100,0
0.1,0.75,1,1000,0.1527,0.1321,0.1727,0.0728,0.1994,0,0.124,0.1463,100,0
0.1,0.75,1,2000,0.1453,0.1378,0.1806,0.0873,0.208,0,0.1368,0.1042,100,0
0.1,0.75,1,3000,0.1588,0.1664,0.1678,0.0694,0.2092,0,0.1212,0.1072,100,0
0.1,0.75,1,5000,0.1474,0.1761,0.1399,0.0458,0.2404,0,0.1621,0.0883,100,0
0.1,0.75,1,7000,0.1503,0.1518,0.141,0.0715,0.1101,0,0.1871,0.1882,100,0
0.1,0.75,1,10000,0.153,0.1267,0.1443,0.0614,0.2055,0,0.1405,0.1686,100,0
0.1,0.75,1,25000,0.157,0.1596,0.1526,0.032,0.1881,0,0.171,0.1397,100,0
0.1,0.75,1,50000,0.1551,0.1746,0.1558,0.0958,0.1787,0,0.1305,0.1095,100,0
0.05,0.75,1,0,0.1203,0.1222,0.1229,0.1291,0.1269,0.1248,0.1277,0.1261,100,0
0.05,0.75,1,1000,0.1184,0.1296,0.1184,0.056,0.3176,0,0.1454,0.1146,100,0
0.05,0.75,1,2000,0.1825,0.1767,0.1609,0.0617,0.1878,0,0.1486,0.0818,100,0
0.05,0.75,1,3000,0.1515,0.1436,0.1339,0.0824,0.0993,0,0.1574,0.2319,100,0
0.05,0.75,1,5000,0.1587,0.1532,0.1443,0.0578,0.1831,0,0.1546,0.1483,100,0
0.05,0.75,1,7000,0.1688,0.1691,0.1656,0.1144,0.1373,0,0.1345,0.1103,100,0
0.05,0.75,1,10000,0.1799,0.1801,0.1671,0.041,0.1554,0,0.1643,0.1122,100,0
0.05,0.75,1,25000,0.1241,0.1639,0.1463,0.0785,0.2128,0,0.1565,0.1179,100,0
0.05,0.75,1,50000,0.2026,0.1895,0.1377,0.054,0.1274,0,0.1361,0.1527,100,0
0.15,0.75,1,0,0.1212,0.1246,0.1273,0.1274,0.1261,0.1228,0.1271,0.1235,100,0
0.15,0.75,1,1000,0.1854,0.1572,0.1244,0.0555,0.2015,0,0.1291,0.1469,100,0
0.15,0.75,1,2000,0.1395,0.1763,0.157,0.0714,0.2177,0,0.1051,0.133,100,0
0.15,0.75,1,3000,0.1446,0.1666,0.1376,0.0743,0.1823,0,0.1388,0.1558,100,0
0.15,0.75,1,5000,0.1436,0.1444,0.143,0.0469,0.2085,0,0.1673,0.1463,100,0
0.15,0.75,1,7000,0.1692,0.2029,0.1574,0.0502,0.1772,0,0.1255,0.1176,100,0
0.15,0.75,1,10000,0.1314,0.1627,0.1849,0.0716,0.2168,0,0.1021,0.1305,100,0
0.15,0.75,1,25000,0.1929,0.1663,0.1955,0.0697,0.1193,0,0.1407,0.1156,100,0
0.15,0.75,1,50000,0.1802,0.1796,0.1439,0.0971,0.2125,0,0.0946,0.0921,100,0
0.1,0.75,1,0,0.1253,0.1286,0.1243,0.1223,0.1295,0.126,0.1217,0.1223,100,0
0.1,0.75,1,1000,0.172,0.1632,0.1693,0.0575,0.1678,0,0.1478,0.1224,100,0
0.1,0.75,1,2000,0.1564,0.1575,0.1933,0.0513,0.1117,0,0.2205,0.1093,100,0
0.1,0.75,1,3000,0.136,0.1796,0.1912,0.1417,0.1792,0,0.0819,0.0904,100,0
0.1,0.75,1,5000,0.1671,0.1693,0.1082,0.0509,0.2708,0,0.1379,0.0958,100,0
0.1,0.75,1,7000,0.1189,0.2153,0.0802,0.0654,0.4143,0,0.05,0.0559,100,0
0.1,0.75,1,10000,0.1338,0.1662,0.1413,0.0545,0.2672,0,0.1307,0.1063,100,0
0.1,0.75,1,25000,0.1317,0.2109,0.1419,0.0927,0.2029,0,0.0916,0.1283,100,0
0.1,0.75,1,50000,0.1726,0.1738,0.1782,0.0754,0.1363,0,0.1455,0.1182,100,0
0.2,0.75,1,0,0.1209,0.1288,0.1245,0.126,0.1283,0.124,0.1241,0.1234,100,0
0.2,0.75,1,1000,0.1178,0.1406,0.1369,0.0379,0.3377,0,0.1069,0.1222,100,0
0.2,0.75,1,2000,0.1313,0.1817,0.1832,0.0683,0.2226,0,0.1128,0.1001,100,0
0.2,0.75,1,3000,0.1224,0.1813,0.1524,0.0221,0.2083,0,0.1484,0.1651,100,0
0.2,0.75,1,5000,0.1641,0.171,0.1711,0.053,0.2679,0,0.0815,0.0914,100,0
0.2,0.75,1,7000,0.109,0.1489,0.1607,0.0563,0.2334,0,0.1584,0.1333,100,0
0.2,0.75,1,10000,0.1209,0.1737,0.155,0.06,0.3346,0,0.079,0.0768,100,0
0.2,0.75,1,25000,0.1452,0.1536,0.1309,0.0447,0.1895,0,0.1653,0.1708,100,0
0.2,0.75,1,50000,0.1337,0.1742,0.1818,0.0261,0.1882,0,0.1592,0.1368,100,0
0.15,0.75,1,0,0.1292,0.1273,0.1224,0.12,0.129,0.1239,0.1281,0.1201,100,0
0.15,0.75,1,1000,0.1674,0.1779,0.1646,0.0771,0.1562,0,0.1207,0.1361,100,0
0.15,0.75,1,2000,0.1278,0.1902,0.1461,0.052,0.1909,0,0.164,0.129,100,0
0.15,0.75,1,3000,0.1839,0.1504,0.187,0.0771,0.1823,0,0.1227,0.0966,100,0
0.15,0.75,1,5000,0.1691,0.1616,0.1556,0.0681,0.1848,0,0.1329,0.1279,100,0
0.15,0.75,1,7000,0.1817,0.1793,0.1245,0.082,0.2844,0,0.0745,0.0736,100,0
0.15,0.75,1,10000,0.1623,0.1686,0.1474,0.074,0.1642,0,0.1337,0.1498,100,0
0.15,0.75,1,25000,0.1587,0.2226,0.1474,0.033,0.137,0,0.1663,0.135,100,0
0.15,0.75,1,50000,0.1309,0.1374,0.1255,0.0595,0.1835,0,0.1324,0.2308,100,0
0.25,0.75,1,0,0.1254,0.1189,0.1283,0.1264,0.1251,0.1221,0.1301,0.1237,100,0
0.25,0.75,1,1000,0.0926,0.1464,0.1685,0.0563,0.2462,0,0.1023,0.1877,100,0
0.25,0.75,1,2000,0.1515,0.1692,0.1562,0.0478,0.2144,0,0.127,0.1339,100,0
0.25,0.75,1,3000,0.0963,0.1736,0.1307,0.0708,0.2366,0,0.0956,0.1964,100,0
0.25,0.75,1,5000,0.145,0.1728,0.1929,0.0868,0.2557,0,0.0766,0.0702,100,0
0.25,0.75,1,7000,0.1355,0.1859,0.181,0.0539,0.1946,0,0.1115,0.1376,100,0
0.25,0.75,1,10000,0.1362,0.1791,0.1508,0.0599,0.2599,0,0.1028,0.1113,100,0
0.25,0.75,1,25000,0.1093,0.2121,0.1396,0.0507,0.2918,0,0.0671,0.1294,100,0
0.25,0.75,1,50000,0.1334,0.1523,0.2023,0.046,0.2076,0,0.1169,0.1415,100,0
0.2,0.75,1,0,0.1246,0.1239,0.1226,0.1188,0.1293,0.1285,0.1232,0.1291,100,0
0.2,0.75,1,1000,0.1039,0.1368,0.1885,0.0586,0.3526,0,0.0842,0.0754,100,0
0.2,0.75,1,2000,0.1601,0.2069,0.1659,0.0368,0.1384,0,0.1683,0.1236,100,0
0.2,0.75,1,3000,0.161,0.1556,0.1524,0.04,0.2832,0,0.1285,0.0793,100,0
0.2,0.75,1,5000,0.1528,0.1619,0.1915,0.0371,0.1882,0,0.136,0.1325,100,0
0.2,0.75,1,7000,0.1458,0.1507,0.1707,0.0749,0.2102,0,0.1093,0.1384,100,0
0.2,0.75,1,10000,0.1302,0.1594,0.1621,0.0668,0.2896,0,0.0706,0.1213,100,0
0.2,0.75,1,25000,0.1125,0.12,0.2034,0.0594,0.222,0,0.1271,0.1556,100,0
0.2,0.75,1,50000,0.1673,0.1702,0.1709,0.1008,0.2284,0,0.0739,0.0885,100,0
0.3,0.75,1,0,0.1226,0.1263,0.1255,0.124,0.1252,0.1294,0.1219,0.1251,100,0
0.3,0.75,1,1000,0.0926,0.1662,0.1884,0.0523,0.3406,0,0.0502,0.1097,100,0
0.3,0.75,1,2000,0.1134,0.1861,0.1694,0.0244,0.3199,0,0.0727,0.1141,100,0
0.3,0.75,1,3000,0.1287,0.161,0.1388,0.0525,0.3343,0,0.0747,0.11,100,0
0.3,0.75,1,5000,0.1066,0.1918,0.1618,0.0229,0.2748,0,0.0686,0.1735,100,0
0.3,0.75,1,7000,0.1217,0.1521,0.1098,0.0335,0.299,0,0.0625,0.2214,100,0
0.3,0.75,1,10000,0.1238,0.1505,0.1484,0.0645,0.2032,0,0.1366,0.173,100,0
0.3,0.75,1,25000,0.1067,0.1686,0.2382,0.0462,0.1612,0,0.1181,0.161,100,0
0.3,0.75,1,50000,0,0.0981,0,0,0.8046,0,0.0001,0.0972,100,46000
0.25,0.75,1,0,0.1228,0.1216,0.1283,0.1285,0.1228,0.1211,0.1296,0.1253,100,0
0.25,0.75,1,1000,0.1349,0.124,0.1698,0.0582,0.2723,0,0.1215,0.1193,100,0
0.25,0.75,1,2000,0.142,0.1633,0.1433,0.0605,0.1839,0,0.102,0.205,100,0
0.25,0.75,1,3000,0.1363,0.1493,0.1942,0.0898,0.2131,0,0.1129,0.1044,100,0
0.25,0.75,1,5000,0.1268,0.1583,0.1328,0.0559,0.2053,0,0.128,0.1929,100,0
0.25,0.75,1,7000,0.136,0.1502,0.2015,0.0468,0.2769,0,0.0321,0.1565,100,0
0.25,0.75,1,10000,0.1261,0.168,0.1601,0.0513,0.2681,0,0.1337,0.0927,100,0
0.25,0.75,1,25000,0.1605,0.154,0.1744,0.0434,0.1351,0,0.1746,0.158,100,0
0.25,0.75,1,50000,0.1424,0.1522,0.1643,0.0641,0.2014,0,0.1265,0.1491,100,0
0.35,0.75,1,0,0.1246,0.1299,0.1267,0.1201,0.1238,0.1269,0.1246,0.1234,100,0
0.35,0.75,1,1000,0.1218,0.1345,0.2207,0.0059,0.3168,0,0.0805,0.1198,100,0
0.35,0.75,1,2000,0.0858,0.1208,0.155,0.0407,0.3253,0,0.089,0.1834,100,0
0.35,0.75,1,3000,0.0695,0.1498,0.1753,0,0.2982,0,0.0745,0.2327,100,0
0.35,0.75,1,5000,0.0485,0.1088,0.0906,0,0.4135,0,0.0547,0.2839,100,0
0.35,0.75,1,7000,0.0585,0.2879,0.0872,0,0.3988,0,0.0568,0.1108,100,0
0.35,0.75,1,10000,0.0486,0.178,0.1706,0,0.3776,0,0.0828,0.1424,100,0
0.35,0.75,1,25000,0.0371,0.1414,0.1028,0,0.407,0,0.0688,0.2429,100,0
0.35,0.75,1,50000,0.0359,0.1794,0.1078,0,0.2498,0,0.0713,0.3558,100,0
0.3,0.75,1,0,0.1248,0.1308,0.1185,0.1226,0.1267,0.1268,0.123,0.1268,100,0
0.3,0.75,1,1000,0.1382,0.1891,0.2004,0.0421,0.2114,0,0.0999,0.1189,100,0
0.3,0.75,1,2000,0.1191,0.1676,0.138,0.0427,0.3364,0,0.0804,0.1158,100,0
0.3,0.75,1,3000,0.1477,0.2029,0.2041,0.0421,0.188,0,0.1047,0.1105,100,0
0.3,0.75,1,5000,0.1181,0.1786,0.2085,0.046,0.1561,0,0.1149,0.1778,100,0
0.3,0.75,1,7000,0.0852,0.14,0.1125,0.025,0.3828,0,0.0904,0.1641,100,0
0.3,0.75,1,10000,0.1114,0.1289,0.2145,0.0447,0.2079,0,0.1476,0.145,100,0
0.3,0.75,1,25000,0,0.0505,0.0001,0,0.7308,0,0,0.2186,100,23000
0.3,0.75,1,50000,0,0.0505,0.0001,0,0.7308,0,0,0.2186,100,23000
0.35,0.75,1,0,0.1283,0.1228,0.123,0.1302,0.126,0.1216,0.1195,0.1286,100,0
0.35,0.75,1,1000,0.1079,0.1762,0.1565,0.0218,0.315,0,0.117,0.1056,100,0
0.35,0.75,1,2000,0.0644,0.1615,0.1348,0,0.4192,0,0.0844,0.1357,100,0
0.35,0.75,1,3000,0.0659,0.1712,0.1013,0,0.4016,0,0.0624,0.1976,100,0
0.35,0.75,1,5000,0.0225,0.1383,0.1073,0,0.4536,0,0.0848,0.1935,100,0
0.35,0.75,1,7000,0.0707,0.1967,0.1116,0,0.323,0,0.0853,0.2127,100,0
0.35,0.75,1,10000,0,0.1266,0.006,0,0.722,0,0.0066,0.1388,100,0
0.35,0.75,1,25000,0,0.0076,0.0044,0,0.2578,0,0,0.7302,100,15000
0.35,0.75,1,50000,0,0.0076,0.0044,0,0.2578,0,0,0.7302,100,15000
0.4,0.75,1,0,0.1254,0.1242,0.1249,0.1246,0.1255,0.1275,0.1255,0.1224,100,0
0.4,0.75,1,1000,0.0917,0.1506,0.2266,0,0.3054,0,0.0885,0.1372,100,0
0.4,0.75,1,2000,0.059,0.1458,0.175,0,0.3146,0,0.1098,0.1958,100,0
0.4,0.75,1,3000,0.0874,0.1717,0.1699,0,0.2599,0,0.0712,0.2399,100,0
0.4,0.75,1,5000,0.0634,0.1128,0.1609,0,0.2311,0,0.0777,0.3541,100,0
0.4,0.75,1,7000,0.1292,0.1301,0.2077,0,0.3058,0,0.0654,0.1618,100,0
0.4,0.75,1,10000,0.1357,0.1872,0.1851,0,0.2971,0,0.082,0.1129,100,0
0.4,0.75,1,25000,0.1159,0.1855,0.1594,0,0.3233,0,0.0715,0.1444,100,0
0.4,0.75,1,50000,0.0792,0.1519,0.1944,0,0.3022,0,0.064,0.2083,100,0
0.4,0.75,1,0,0.1231,0.1224,0.1245,0.1303,0.1248,0.1243,0.126,0.1246,100,0
0.4,0.75,1,1000,0.0985,0.1518,0.1673,0.0444,0.2478,0.0239,0.0585,0.2078,100,0
0.4,0.75,1,2000,0.1069,0.1334,0.1434,0,0.3179,0,0.0988,0.1996,100,0
0.4,0.75,1,3000,0.0798,0.1187,0.1759,0,0.2427,0,0.0795,0.3034,100,0
0.4,0.75,1,5000,0.0743,0.1235,0.2198,0,0.2937,0,0.0899,0.1988,100,0
0.4,0.75,1,7000,0.0814,0.1502,0.2468,0,0.2385,0,0.1128,0.1703,100,0
0.4,0.75,1,10000,0.0764,0.1622,0.1408,0,0.3864,0,0.0603,0.1739,100,0
0.4,0.75,1,25000,0.0814,0.1777,0.1934,0,0.3034,0,0.116,0.1281,100,0
0.4,0.75,1,50000,0.1101,0.153,0.1706,0,0.3407,0,0.0798,0.1458,100,0
0,0.75,1,0,0.1217,0.1291,0.1238,0.1271,0.1263,0.126,0.1226,0.1234,100,0
0,0.75,1,1000,0.1695,0.1332,0.1326,0.0756,0.191,0,0.1624,0.1357,100,0
0,0.75,1,2000,0.1676,0.1408,0.1732,0.0407,0.1617,0,0.1823,0.1337,100,0
0,0.75,1,3000,0.1587,0.1436,0.1466,0.0397,0.1952,0,0.1758,0.1404,100,0
0,0.75,1,5000,0.1295,0.1392,0.1528,0.0939,0.1986,0,0.166,0.12,100,0
0,0.75,1,7000,0.1719,0.1768,0.1374,0.0434,0.1956,0,0.1678,0.1071,100,0
0,0.75,1,10000,0.1479,0.1633,0.1407,0.0421,0.2421,0,0.1539,0.11,100,0
0,0.75,1,25000,0.1424,0.1296,0.1281,0.0895,0.2524,0,0.1608,0.0972,100,0
0,0.75,1,50000,0.1882,0.1554,0.1298,0.0486,0.1901,0,0.1337,0.1542,100,0
0,0.75,1,0,0.1262,0.1255,0.1281,0.1243,0.1222,0.1263,0.1235,0.1239,100,0
0,0.75,1,1000,0.1571,0.1471,0.1589,0.0471,0.1209,0,0.2289,0.14,100,0
0,0.75,1,2000,0.1572,0.1529,0.1842,0.0893,0.1582,0,0.1264,0.1318,100,0
0,0.75,1,3000,0.1537,0.1668,0.1775,0.049,0.2014,0,0.1472,0.1044,100,0
0,0.75,1,5000,0.1251,0.1357,0.1553,0.0928,0.3004,0,0.1157,0.075,100,0
0,0.75,1,7000,0.1692,0.1168,0.1528,0.0914,0.188,0,0.1428,0.139,100,0
0,0.75,1,10000,0.118,0.1344,0.1353,0.039,0.2954,0,0.1725,0.1054,100,0
0,0.75,1,25000,0.1274,0.1638,0.1719,0.0537,0.2145,0,0.1405,0.1282,100,0
0,0.75,1,50000,0.1603,0.1362,0.1629,0.1012,0.1041,0,0.1747,0.1606,100,0
0.05,0.75,1,0,0.1304,0.126,0.1211,0.1257,0.1212,0.1261,0.1252,0.1243,100,0
0.05,0.75,1,1000,0.2012,0.1652,0.1678,0.0609,0.1134,0,0.1595,0.132,100,0
0.05,0.75,1,2000,0.2141,0.1423,0.1242,0.0628,0.1269,0,0.1764,0.1533,100,0
0.05,0.75,1,3000,0.1754,0.1816,0.1602,0.1017,0.103,0,0.1441,0.134,100,0
0.05,0.75,1,5000,0.126,0.1124,0.1693,0.081,0.2474,0,0.1587,0.1052,100,0
0.05,0.75,1,7000,0.1506,0.1825,0.1646,0.0422,0.184,0,0.1626,0.1135,100,0
0.05,0.75,1,10000,0.1398,0.149,0.1498,0.0638,0.2831,0,0.1171,0.0974,100,0
0.05,0.75,1,25000,0.1807,0.159,0.1217,0.0556,0.1625,0,0.1259,0.1946,100,0
0.05,0.75,1,50000,0.1472,0.1413,0.1879,0.1022,0.1385,0,0.1192,0.1637,100,0
0.05,0.75,1,0,0.1247,0.1184,0.1262,0.1252,0.1262,0.1256,0.1246,0.1291,100,0
0.05,0.75,1,1000,0.1796,0.1604,0.1448,0.1101,0.2314,0,0.1006,0.0731,100,0
0.05,0.75,1,2000,0.179,0.1986,0.1664,0.0577,0.1182,0,0.1513,0.1288,100,0
0.05,0.75,1,3000,0.1699,0.1669,0.1344,0.0948,0.1551,0,0.1337,0.1452,100,0
0.05,0.75,1,5000,0.1523,0.1763,0.1763,0.0693,0.1009,0,0.1755,0.1494,100,0
0.05,0.75,1,7000,0.1586,0.1558,0.1517,0.0549,0.1517,0,0.1531,0.1742,100,0
0.05,0.75,1,10000,0.1576,0.1712,0.1485,0.0575,0.2117,0,0.1502,0.1033,100,0
0.05,0.75,1,25000,0.1456,0.1877,0.1476,0.0724,0.2053,0,0.1347,0.1067,100,0
0.05,0.75,1,50000,0.1625,0.1076,0.185,0.0949,0.1904,0,0.1326,0.127,100,0
0.1,0.75,1,0,0.127,0.1234,0.1246,0.1243,0.1216,0.1247,0.1267,0.1277,100,0
0.1,0.75,1,1000,0.1864,0.1631,0.1756,0.0585,0.1409,0,0.1318,0.1437,100,0
0.1,0.75,1,2000,0.1705,0.1766,0.2091,0.0841,0.1502,0,0.1116,0.0979,100,0
0.1,0.75,1,3000,0.1361,0.1831,0.1606,0.0602,0.1995,0,0.1488,0.1117,100,0
0.1,0.75,1,5000,0.169,0.1389,0.1689,0.066,0.2419,0,0.108,0.1073,100,0
0.1,0.75,1,7000,0.1545,0.1643,0.1732,0.067,0.1716,0,0.126,0.1434,100,0
0.1,0.75,1,10000,0.1305,0.1578,0.1721,0.0746,0.2472,0,0.1272,0.0906,100,0
0.1,0.75,1,25000,0.1556,0.1429,0.1693,0.0647,0.1779,0,0.1174,0.1722,100,0
0.1,0.75,1,50000,0.1718,0.2084,0.129,0.0325,0.1731,0,0.1591,0.1261,100,0
0.1,0.75,1,0,0.1237,0.1214,0.1267,0.1219,0.1247,0.1228,0.13,0.1288,100,0
0.1,0.75,1,1000,0.1631,0.1547,0.1623,0.0828,0.1956,0,0.1347,0.1068,100,0
0.1,0.75,1,2000,0.1697,0.1629,0.1719,0.0675,0.1877,0,0.1148,0.1255,100,0
0.1,0.75,1,3000,0.1597,0.1518,0.1606,0.0491,0.2078,0,0.1439,0.1271,100,0
0.1,0.75,1,5000,0.1731,0.1796,0.1604,0.0591,0.139,0,0.1292,0.1596,100,0
0.1,0.75,1,7000,0.1597,0.1853,0.1416,0.0616,0.2298,0,0.1174,0.1046,100,0
0.1,0.75,1,10000,0.1522,0.1457,0.1458,0.0722,0.1915,0,0.1491,0.1435,100,0
0.1,0.75,1,25000,0.1355,0.1696,0.1739,0.0508,0.1894,0,0.1567,0.1241,100,0
0.1,0.75,1,50000,0.1549,0.1395,0.1634,0.0907,0.2579,0,0.0851,0.1085,100,0
0.15,0.75,1,0,0.1288,0.1213,0.1228,0.1233,0.1245,0.1282,0.1244,0.1267,100,0
0.15,0.75,1,1000,0.1633,0.1447,0.1766,0.0622,0.1571,0,0.1807,0.1154,100,0
0.15,0.75,1,2000,0.1336,0.1701,0.1882,0.069,0.1984,0,0.108,0.1327,100,0
0.15,0.75,1,3000,0.1817,0.1616,0.1592,0.0637,0.1724,0,0.1238,0.1376,100,0
0.15,0.75,1,5000,0.1345,0.179,0.1828,0.0669,0.2153,0,0.1374,0.0841,100,0
0.15,0.75,1,7000,0.1656,0.1954,0.1782,0.0865,0.1897,0,0.071,0.1136,100,0
0.15,0.75,1,10000,0.146,0.1431,0.1706,0.0624,0.249,0,0.1111,0.1178,100,0
0.15,0.75,1,25000,0.1191,0.1565,0.1692,0.0937,0.2532,0,0.1112,0.0971,100,0
0.15,0.75,1,50000,0.1314,0.1489,0.1825,0.0646,0.276,0,0.1316,0.065,100,0
0.15,0.75,1,0,0.1328,0.1191,0.1305,0.1215,0.125,0.1202,0.1263,0.1246,100,0
0.15,0.75,1,1000,0.1209,0.1478,0.1652,0.0669,0.17,0,0.1329,0.1963,100,0
0.15,0.75,1,2000,0.1485,0.1657,0.2011,0.0847,0.2196,0,0.0765,0.1039,100,0
0.15,0.75,1,3000,0.122,0.1147,0.124,0.0363,0.3437,0,0.1368,0.1225,100,0
0.15,0.75,1,5000,0.171,0.1313,0.1753,0.075,0.1692,0,0.1167,0.1615,100,0
0.15,0.75,1,7000,0.1504,0.1507,0.1578,0.0864,0.207,0,0.1101,0.1376,100,0
0.15,0.75,1,10000,0.1242,0.1444,0.1646,0.039,0.2808,0,0.1454,0.1016,100,0
0.15,0.75,1,25000,0.2014,0.1772,0.1967,0.0761,0.1602,0,0.097,0.0914,100,0
0.15,0.75,1,50000,0.1523,0.145,0.149,0.0557,0.1969,0,0.1562,0.1449,100,0
0.2,0.75,1,0,0.1288,0.1259,0.1204,0.1254,0.1266,0.1234,0.1217,0.1278,100,0
0.2,0.75,1,1000,0.1089,0.1683,0.1777,0.0977,0.2327,0,0.0952,0.1195,100,0
0.2,0.75,1,2000,0.1262,0.1304,0.226,0.1139,0.1902,0,0.0607,0.1526,100,0
0.2,0.75,1,3000,0.1145,0.1061,0.1786,0.0669,0.2602,0,0.1152,0.1585,100,0
0.2,0.75,1,5000,0.1559,0.1627,0.1651,0.0775,0.1683,0,0.0885,0.182,100,0
0.2,0.75,1,7000,0.1392,0.2154,0.1953,0.029,0.2433,0,0.1021,0.0757,100,0
0.2,0.75,1,10000,0.1569,0.164,0.1413,0.066,0.1682,0,0.1035,0.2001,100,0
0.2,0.75,1,25000,0.0995,0.1711,0.1906,0.1114,0.1962,0,0.0927,0.1385,100,0
0.2,0.75,1,50000,0.1741,0.1598,0.1815,0.0787,0.1861,0,0.0966,0.1232,100,0
0.2,0.75,1,0,0.1248,0.1237,0.1263,0.1259,0.1231,0.1291,0.1243,0.1228,100,0
0.2,0.75,1,1000,0.1472,0.1347,0.1727,0.0724,0.2737,0,0.0755,0.1238,100,0
0.2,0.75,1,2000,0.1459,0.135,0.172,0.0533,0.3075,0,0.0989,0.0874,100,0
0.2,0.75,1,3000,0.1519,0.206,0.1473,0.103,0.1869,0,0.1037,0.1012,100,0
0.2,0.75,1,5000,0.1245,0.1416,0.1833,0.0641,0.2172,0,0.103,0.1663,100,0
0.2,0.75,1,7000,0.1737,0.1652,0.1559,0.0231,0.266,0,0.1345,0.0816,100,0
0.2,0.75,1,10000,0.1608,0.1651,0.1856,0.0485,0.2438,0,0.0922,0.104,100,0
0.2,0.75,1,25000,0.1236,0.1237,0.2162,0.0896,0.1582,0,0.0829,0.2058,100,0
0.2,0.75,1,50000,0.173,0.1405,0.166,0.0472,0.2688,0,0.1059,0.0986,100,0
0.25,0.75,1,0,0.1249,0.1205,0.1265,0.1253,0.13,0.1183,0.1247,0.1298,100,0
0.25,0.75,1,1000,0.1507,0.1681,0.2174,0.0362,0.2183,0,0.131,0.0783,100,0
0.25,0.75,1,2000,0.1832,0.155,0.1849,0.0728,0.1717,0,0.0766,0.1558,100,0
0.25,0.75,1,3000,0.1627,0.1552,0.171,0.0751,0.1638,0,0.1332,0.139,100,0
0.25,0.75,1,5000,0.1926,0.1825,0.215,0.0583,0.1957,0,0.0826,0.0733,100,0
0.25,0.75,1,7000,0.1276,0.186,0.1856,0.0546,0.207,0,0.1314,0.1078,100,0
0.25,0.75,1,10000,0.1162,0.1528,0.2011,0.0732,0.2296,0,0.0882,0.1389,100,0
0.25,0.75,1,25000,0.0818,0.1656,0.1397,0.0488,0.3309,0,0.092,0.1412,100,0
0.25,0.75,1,50000,0.0874,0.211,0.1343,0.1021,0.2058,0,0.0676,0.1918,100,0
0.25,0.75,1,0,0.1251,0.1243,0.1242,0.1237,0.1234,0.1293,0.1291,0.1209,100,0
0.25,0.75,1,1000,0.1573,0.1481,0.13,0.0468,0.2223,0,0.1067,0.1888,100,0
0.25,0.75,1,2000,0.1737,0.1719,0.2007,0.0535,0.1554,0,0.1341,0.1107,100,0
0.25,0.75,1,3000,0.1371,0.2284,0.1418,0.0312,0.1845,0,0.1738,0.1032,100,0
0.25,0.75,1,5000,0.1465,0.1689,0.1812,0.0686,0.2227,0,0.0835,0.1286,100,0
0.25,0.75,1,7000,0.1073,0.1301,0.1746,0.0683,0.157,0,0.1268,0.2359,100,0
0.25,0.75,1,10000,0.1,0.1584,0.1191,0.0173,0.2572,0,0.1631,0.1849,100,0
0.25,0.75,1,25000,0.1545,0.1283,0.1505,0.082,0.2885,0,0.1149,0.0813,100,0
0.25,0.75,1,50000,0.1184,0.1651,0.155,0.1176,0.2078,0,0.0788,0.1573,100,0
0.3,0.75,1,0,0.1256,0.1256,0.1226,0.129,0.1288,0.1225,0.1271,0.1188,100,0
0.3,0.75,1,1000,0.086,0.1434,0.1814,0.0208,0.3274,0,0.139,0.102,100,0
0.3,0.75,1,2000,0.0227,0.0919,0.0895,0,0.5628,0,0.0474,0.1857,100,0
0.3,0.75,1,3000,0.0063,0.1316,0.0721,0,0.7254,0,0.0011,0.0635,100,0
0.3,0.75,1,7000,0,0.0085,0.0009,0,0.3853,0,0,0.6053,100,5000
0.3,0.75,1,10000,0,0.0085,0.0009,0,0.3853,0,0,0.6053,100,5000
0.3,0.75,1,25000,0,0.0085,0.0009,0,0.3853,0,0,0.6053,100,5000
0.3,0.75,1,50000,0,0.0085,0.0009,0,0.3853,0,0,0.6053,100,5000
0.3,0.75,1,0,0.1239,0.1322,0.1262,0.1254,0.123,0.1257,0.1191,0.1245,100,0
0.3,0.75,1,1000,0.1136,0.1261,0.1958,0.0399,0.2007,0,0.0991,0.2248,100,0
0.3,0.75,1,2000,0.1087,0.1414,0.1763,0.0452,0.1924,0,0.102,0.234,100,0
0.3,0.75,1,3000,0.1104,0.2226,0.1776,0.0266,0.2248,0,0.1044,0.1336,100,0
0.3,0.75,1,5000,0.1066,0.1778,0.1689,0.029,0.28,0,0.0975,0.1402,100,0
0.3,0.75,1,7000,0.1383,0.1998,0.1379,0.0379,0.2275,0,0.0945,0.1641,100,0
0.3,0.75,1,10000,0.1113,0.2018,0.1669,0.0396,0.279,0,0.099,0.1024,100,0
0.3,0.75,1,25000,0.1558,0.1738,0.1525,0.0478,0.2558,0,0.0909,0.1234,100,0
0.3,0.75,1,50000,0.0777,0.1627,0.1378,0.0629,0.2144,0,0.0949,0.2496,100,0
0.35,0.75,1,0,0.1288,0.1226,0.1232,0.124,0.1276,0.1288,0.1189,0.1261,100,0
0.35,0.75,1,1000,0.1047,0.1315,0.19,0.0207,0.323,0,0.0944,0.1357,100,0
0.35,0.75,1,2000,0.0939,0.1991,0.1691,0.0142,0.3229,0,0.1091,0.0917,100,0
0.35,0.75,1,3000,0.0903,0.1323,0.1474,0.0113,0.3806,0,0.1076,0.1305,100,0
0.35,0.75,1,5000,0.075,0.1527,0.1554,0,0.4589,0,0.0258,0.1322,100,0
0.35,0.75,1,7000,0.0343,0.1803,0.0989,0,0.5352,0,0.0312,0.1201,100,0
0.35,0.75,1,10000,0.0639,0.1522,0.1498,0,0.3486,0,0.0127,0.2728,100,0
0.35,0.75,1,25000,0.0458,0.2108,0.0771,0,0.4558,0,0.0982,0.1123,100,0
0.35,0.75,1,50000,0.0658,0.1562,0.1388,0,0.423,0,0.0514,0.1648,100,0
0.35,0.75,1,0,0.1256,0.127,0.1277,0.1237,0.1228,0.1191,0.1287,0.1254,100,0
0.35,0.75,1,1000,0.0928,0.1473,0.1955,0.0052,0.2937,0,0.0852,0.1803,100,0
0.35,0.75,1,2000,0.1031,0.1369,0.1833,0.0146,0.3297,0,0.0807,0.1517,100,0
0.35,0.75,1,3000,0.0735,0.1598,0.1354,0,0.3993,0,0.0627,0.1693,100,0
0.35,0.75,1,5000,0.0589,0.1748,0.1281,0,0.3825,0,0.0797,0.176,100,0
0.35,0.75,1,7000,0.0426,0.1746,0.0993,0,0.3965,0,0.09,0.197,100,0
0.35,0.75,1,10000,0.0291,0.1787,0.0914,0,0.3911,0,0.0259,0.2838,100,0
0.35,0.75,1,25000,0.0631,0.1823,0.1286,0,0.4492,0,0.067,0.1098,100,0
0.35,0.75,1,50000,0.0515,0.1643,0.1268,0,0.4353,0,0.066,0.1561,100,0
0.4,0.75,1,0,0.1303,0.1225,0.1258,0.124,0.1281,0.124,0.125,0.1203,100,0
0.4,0.75,1,1000,0.0658,0.2135,0.1393,0.1232,0.1321,0.0898,0.0595,0.1768,100,0
0.4,0.75,1,2000,0.1026,0.1571,0.2334,0.0268,0.2191,0.0145,0.079,0.1675,100,0
0.4,0.75,1,3000,0.103,0.1257,0.2078,0,0.3256,0,0.1121,0.1258,100,0
0.4,0.75,1,5000,0.1018,0.1295,0.2147,0,0.2693,0,0.0832,0.2015,100,0
0.4,0.75,1,7000,0.075,0.1796,0.1762,0,0.2621,0,0.122,0.1851,100,0
0.4,0.75,1,10000,0.0901,0.1664,0.2275,0,0.223,0,0.1027,0.1903,100,0
0.4,0.75,1,25000,0.1069,0.1924,0.1969,0,0.2412,0,0.1069,0.1557,100,0
0.4,0.75,1,50000,0.1019,0.1505,0.1713,0,0.2423,0,0.1033,0.2307,100,0
0.4,0.75,1,0,0.1258,0.1235,0.1277,0.1316,0.1184,0.1268,0.1257,0.1205,100,0
0.4,0.75,1,1000,0.0837,0.1229,0.1371,0,0.3207,0,0.0654,0.2702,100,0
0.4,0.75,1,2000,0.1059,0.0975,0.2544,0,0.3427,0,0.0843,0.1152,100,0
0.4,0.75,1,3000,0.115,0.1805,0.1734,0,0.2298,0,0.1352,0.1661,100,0
0.4,0.75,1,5000,0.0995,0.1276,0.2188,0,0.2716,0,0.1123,0.1702,100,0
0.4,0.75,1,7000,0.1243,0.1617,0.2139,0,0.2694,0,0.0989,0.1318,100,0
0.4,0.75,1,10000,0.0899,0.1625,0.2052,0,0.2738,0,0.0817,0.1869,100,0
0.4,0.75,1,25000,0.1009,0.174,0.2125,0,0.316,0,0.0857,0.1109,100,0
0.4,0.75,1,50000,0.0814,0.171,0.2247,0,0.2521,0,0.1227,0.1481,100,0
0,0.75,1,0,0.1288,0.1307,0.1281,0.1252,0.1199,0.1225,0.1239,0.1209,100,0
0,0.75,1,1000,0.1706,0.1502,0.1852,0.0598,0.1331,0,0.1842,0.1169,100,0
0,0.75,1,2000,0.1619,0.1455,0.1362,0.0798,0.1908,0,0.1467,0.1391,100,0
0,0.75,1,3000,0.1597,0.1535,0.1591,0.0699,0.1987,0,0.1537,0.1054,100,0
0,0.75,1,5000,0.1741,0.1533,0.1849,0.0503,0.1315,0,0.2013,0.1046,100,0
0,0.75,1,7000,0.1902,0.1609,0.1774,0.1141,0.1458,0,0.1214,0.0902,100,0
0,0.75,1,10000,0.183,0.1757,0.1613,0.0687,0.1663,0,0.1238,0.1212,100,0
0,0.75,1,25000,0.1688,0.1787,0.1706,0.0395,0.105,0,0.2142,0.1232,100,0
0,0.75,1,50000,0.1611,0.149,0.1564,0.0915,0.2399,0,0.1124,0.0897,100,0
0,0.75,1,0,0.1241,0.1246,0.1305,0.1194,0.1252,0.1223,0.1292,0.1247,100,0
0,0.75,1,1000,0.191,0.1829,0.148,0.0661,0.174,0,0.1255,0.1125,100,0
0,0.75,1,2000,0.1557,0.1851,0.1426,0.0625,0.2136,0,0.144,0.0965,100,0
0,0.75,1,3000,0.1563,0.1785,0.195,0.0783,0.1695,0,0.1181,0.1043,100,0
0,0.75,1,5000,0.1671,0.1674,0.1887,0.0835,0.1647,0,0.1516,0.077,100,0
0,0.75,1,7000,0.17,0.1796,0.1542,0.0759,0.1709,0,0.1424,0.107,100,0
0,0.75,1,10000,0.1484,0.1636,0.1864,0.0645,0.1352,0,0.1795,0.1224,100,0
0,0.75,1,25000,0.1482,0.158,0.1542,0.0467,0.1882,0,0.1812,0.1235,100,0
0,0.75,1,50000,0.1465,0.1624,0.1194,0.0481,0.1581,0,0.1672,0.1983,100,0
0.05,0.75,1,0,0.124,0.1205,0.1289,0.1226,0.1253,0.1271,0.1269,0.1247,100,0
0.05,0.75,1,1000,0.202,0.1722,0.1614,0.0564,0.1185,0,0.143,0.1465,100,0
0.05,0.75,1,2000,0.1316,0.1388,0.1464,0.0524,0.3138,0,0.1191,0.0979,100,0
0.05,0.75,1,3000,0.1449,0.1816,0.1632,0.0915,0.1874,0,0.1218,0.1096,100,0
0.05,0.75,1,5000,0.1481,0.1809,0.1559,0.0653,0.1564,0,0.1382,0.1552,100,0
0.05,0.75,1,7000,0.1527,0.1503,0.143,0.0721,0.2362,0,0.1313,0.1144,100,0
0.05,0.75,1,10000,0.1553,0.1817,0.1814,0.0818,0.1613,0,0.1283,0.1102,100,0
0.05,0.75,1,25000,0.1648,0.1565,0.1657,0.0768,0.133,0,0.1651,0.1381,100,0
0.05,0.75,1,50000,0.1438,0.129,0.1494,0.0692,0.2229,0,0.1677,0.118,100,0
0.05,0.75,1,0,0.1209,0.1248,0.1239,0.1267,0.1236,0.1203,0.1303,0.1295,100,0
0.05,0.75,1,1000,0.1768,0.1956,0.1612,0.0592,0.1056,0,0.1868,0.1148,100,0
0.05,0.75,1,2000,0.1712,0.1388,0.2135,0.056,0.1682,0,0.1502,0.1021,100,0
0.05,0.75,1,3000,0.15,0.1563,0.1372,0.0858,0.259,0,0.1157,0.096,100,0
0.05,0.75,1,5000,0.172,0.1417,0.1624,0.0742,0.197,0,0.1555,0.0972,100,0
0.05,0.75,1,7000,0.136,0.1489,0.1817,0.0577,0.2012,0,0.1541,0.1204,100,0
0.05,0.75,1,10000,0.1688,0.1666,0.1656,0.0663,0.163,0,0.1612,0.1085,100,0
0.05,0.75,1,25000,0.1296,0.0987,0.1219,0.052,0.2927,0,0.1771,0.128,100,0
0.05,0.75,1,50000,0.1381,0.2217,0.1438,0.0688,0.147,0,0.1516,0.129,100,0
0.1,0.75,1,0,0.126,0.1243,0.1277,0.1242,0.1259,0.1254,0.1268,0.1197,100,0
0.1,0.75,1,1000,0.1505,0.157,0.1523,0.0754,0.2152,0,0.152,0.0976,100,0
0.1,0.75,1,2000,0.128,0.1579,0.1489,0.1132,0.2119,0,0.1075,0.1326,100,0
0.1,0.75,1,3000,0.1982,0.1661,0.1535,0.0783,0.1687,0,0.106,0.1292,100,0
0.1,0.75,1,5000,0.1729,0.1687,0.1847,0.0661,0.2046,0,0.0966,0.1064,100,0
0.1,0.75,1,7000,0.1276,0.1582,0.1752,0.0747,0.1947,0,0.1591,0.1105,100,0
0.1,0.75,1,10000,0.1343,0.1565,0.1333,0.0994,0.292,0,0.105,0.0795,100,0
0.1,0.75,1,25000,0.1355,0.1554,0.1497,0.1028,0.2193,0,0.0548,0.1825,100,0
0.1,0.75,1,50000,0.1577,0.1722,0.1252,0.0572,0.238,0,0.1202,0.1295,100,0
0.1,0.75,1,0,0.1218,0.1276,0.1243,0.1313,0.1277,0.1238,0.124,0.1195,100,0
0.1,0.75,1,1000,0.1678,0.1559,0.1457,0.0823,0.1799,0,0.108,0.1604,100,0
0.1,0.75,1,2000,0.1717,0.2006,0.1572,0.0832,0.1558,0,0.1235,0.108,100,0
0.1,0.75,1,3000,0.1609,0.1387,0.1892,0.0681,0.2276,0,0.1032,0.1123,100,0
0.1,0.75,1,5000,0.1419,0.1448,0.1856,0.1102,0.1723,0,0.0961,0.1491,100,0
0.1,0.75,1,7000,0.1432,0.195,0.1864,0.0571,0.1401,0,0.1435,0.1347,100,0
0.1,0.75,1,10000,0.1867,0.174,0.1733,0.064,0.1355,0,0.1437,0.1228,100,0
0.1,0.75,1,25000,0.1796,0.1469,0.1391,0.0865,0.2051,0,0.0867,0.1561,100,0
0.1,0.75,1,50000,0.1421,0.1813,0.158,0.0446,0.1689,0,0.1897,0.1154,100,0
0.15,0.75,1,0,0.1311,0.1194,0.1242,0.1297,0.1258,0.1243,0.1257,0.1198,100,0
0.15,0.75,1,1000,0.1437,0.1575,0.1545,0.0603,0.1124,0,0.1303,0.2413,100,0
0.15,0.75,1,2000,0.1456,0.1803,0.1708,0.0461,0.156,0,0.1318,0.1694,100,0
0.15,0.75,1,3000,0.1744,0.1655,0.2097,0.0848,0.1968,0,0.0988,0.07,100,0
0.15,0.75,1,5000,0.108,0.1985,0.1601,0.0701,0.2396,0,0.1287,0.095,100,0
0.15,0.75,1,7000,0.1567,0.1544,0.2088,0.071,0.1322,0,0.1317,0.1452,100,0
0.15,0.75,1,10000,0.1811,0.1501,0.1663,0.0824,0.2194,0,0.1051,0.0956,100,0
0.15,0.75,1,25000,0.1211,0.1098,0.2091,0.1111,0.2231,0,0.1486,0.0772,100,0
0.15,0.75,1,50000,0.1523,0.1827,0.1466,0.0485,0.2777,0,0.0809,0.1113,100,0
0.15,0.75,1,0,0.1199,0.1203,0.1243,0.1256,0.1273,0.1295,0.1228,0.1303,100,0
0.15,0.75,1,1000,0.1138,0.1679,0.1425,0.0505,0.2955,0,0.1012,0.1286,100,0
0.15,0.75,1,2000,0.1792,0.1469,0.1592,0.0805,0.1915,0,0.1192,0.1235,100,0
0.15,0.75,1,3000,0.1718,0.1068,0.1358,0.0544,0.24,0,0.1099,0.1813,100,0
0.15,0.75,1,5000,0.1282,0.1618,0.1328,0.0468,0.133,0,0.1154,0.282,100,0
0.15,0.75,1,7000,0.1358,0.1619,0.1675,0.0714,0.1954,0,0.1298,0.1382,100,0
0.15,0.75,1,10000,0.1804,0.1634,0.1475,0.088,0.1964,0,0.1094,0.1149,100,0
0.15,0.75,1,25000,0.199,0.1871,0.1768,0.0404,0.1013,0,0.1463,0.1491,100,0
0.15,0.75,1,50000,0.1438,0.1702,0.1585,0.0623,0.2116,0,0.1455,0.1081,100,0
0.2,0.75,1,0,0.1243,0.125,0.1223,0.1245,0.1286,0.1228,0.1293,0.1232,100,0
0.2,0.75,1,1000,0.1578,0.1706,0.1842,0.0872,0.1536,0,0.123,0.1236,100,0
0.2,0.75,1,2000,0.1487,0.1683,0.1408,0.0472,0.1709,0,0.1954,0.1287,100,0
0.2,0.75,1,3000,0.1236,0.14,0.1395,0.0461,0.2252,0,0.1343,0.1913,100,0
0.2,0.75,1,5000,0.1511,0.1353,0.1619,0.0396,0.2011,0,0.1649,0.1461,100,0
0.2,0.75,1,7000,0.1298,0.2497,0.1816,0.1051,0.2006,0,0.0369,0.0963,100,0
0.2,0.75,1,10000,0.1734,0.1989,0.1392,0.0575,0.2142,0,0.1342,0.0826,100,0
0.2,0.75,1,25000,0.1641,0.1541,0.1788,0.0344,0.1357,0,0.187,0.1459,100,0
0.2,0.75,1,50000,0.1327,0.162,0.1634,0.095,0.1875,0,0.0901,0.1693,100,0
0.2,0.75,1,0,0.1279,0.1228,0.1213,0.1242,0.1284,0.1197,0.1244,0.1313,100,0
0.2,0.75,1,1000,0.153,0.1241,0.1613,0.0674,0.275,0,0.1084,0.1108,100,0
0.2,0.75,1,2000,0.2044,0.134,0.1225,0.0868,0.1661,0,0.1258,0.1604,100,0
0.2,0.75,1,3000,0.1535,0.158,0.184,0.0705,0.1591,0,0.1544,0.1205,100,0
0.2,0.75,1,5000,0.154,0.1671,0.1714,0.0394,0.1427,0,0.1771,0.1483,100,0
0.2,0.75,1,7000,0.1022,0.131,0.1675,0.0482,0.2129,0,0.1821,0.1561,100,0
0.2,0.75,1,10000,0.138,0.1957,0.1507,0.0469,0.2156,0,0.1166,0.1365,100,0
0.2,0.75,1,25000,0.1331,0.1417,0.1906,0.0519,0.1982,0,0.1663,0.1182,100,0
0.2,0.75,1,50000,0.1242,0.1444,0.1996,0.0578,0.2539,0,0.1318,0.0883,100,0
0.25,0.75,1,0,0.1252,0.1223,0.1247,0.1296,0.126,0.1255,0.1212,0.1255,100,0
0.25,0.75,1,1000,0.1132,0.1987,0.0971,0.0296,0.2432,0,0.1222,0.196,100,0
0.25,0.75,1,2000,0.1632,0.1388,0.179,0.0692,0.2644,0,0.0998,0.0856,100,0
0.25,0.75,1,3000,0.1432,0.173,0.1767,0.028,0.2336,0,0.1016,0.1439,100,0
0.25,0.75,1,5000,0.166,0.1787,0.2039,0.0188,0.1899,0,0.1169,0.1258,100,0
0.25,0.75,1,7000,0.0987,0.1862,0.0931,0.0509,0.1895,0,0.0881,0.2935,100,0
0.25,0.75,1,10000,0.1389,0.1679,0.2291,0.0437,0.1929,0,0.1241,0.1034,100,0
0.25,0.75,1,25000,0.1531,0.1756,0.1615,0.0753,0.196,0,0.0842,0.1543,100,0
0.25,0.75,1,50000,0.1772,0.1601,0.1681,0.0438,0.2249,0,0.1254,0.1005,100,0
0.25,0.75,1,0,0.1299,0.1246,0.1233,0.1188,0.1321,0.1221,0.1294,0.1198,100,0
0.25,0.75,1,1000,0.1392,0.1641,0.2061,0.0724,0.1745,0,0.1001,0.1436,100,0
0.25,0.75,1,2000,0.1812,0.1495,0.2155,0.0519,0.1375,0,0.1131,0.1513,100,0
0.25,0.75,1,3000,0.1666,0.1376,0.1601,0.1146,0.2469,0,0.0599,0.1143,100,0
0.25,0.75,1,5000,0.1215,0.1616,0.1464,0.0779,0.2147,0,0.0851,0.1928,100,0
0.25,0.75,1,7000,0.1436,0.1387,0.2075,0.0515,0.1997,0,0.1001,0.1589,100,0
0.25,0.75,1,10000,0.1225,0.1636,0.1337,0.0513,0.2726,0,0.1053,0.151,100,0
0.25,0.75,1,25000,0.1556,0.1806,0.1886,0.0286,0.2115,0,0.125,0.1101,100,0
0.25,0.75,1,50000,0.1188,0.1238,0.1682,0.0616,0.2022,0,0.1234,0.202,100,0
0.3,0.75,1,0,0.1242,0.1268,0.1265,0.1289,0.1218,0.1234,0.1244,0.124,100,0
0.3,0.75,1,1000,0.1297,0.1825,0.1988,0.0336,0.2479,0,0.1199,0.0876,100,0
0.3,0.75,1,2000,0.1207,0.1462,0.231,0.0255,0.165,0,0.1756,0.136,100,0
0.3,0.75,1,3000,0.1352,0.1722,0.1682,0.0169,0.2665,0,0.1245,0.1165,100,0
0.3,0.75,1,5000,0.095,0.1517,0.1296,0.0371,0.2802,0,0.1331,0.1733,100,0
0.3,0.75,1,7000,0,0.2184,0.0063,0,0.4349,0,0.1278,0.2126,100,0
0.3,0.75,1,10000,0,0.0186,0,0,0.365,0,0,0.6164,100,9000
0.3,0.75,1,25000,0,0.0186,0,0,0.365,0,0,0.6164,100,9000
0.3,0.75,1,50000,0,0.0186,0,0,0.365,0,0,0.6164,100,9000
0.3,0.75,1,0,0.1163,0.1245,0.1238,0.1294,0.1265,0.1225,0.1318,0.1252,100,0
0.3,0.75,1,1000,0.101,0.2188,0.1301,0.009,0.3458,0,0.0781,0.1172,100,0
0.3,0.75,1,2000,0.107,0.1758,0.1399,0.0486,0.2466,0,0.1155,0.1666,100,0
0.3,0.75,1,3000,0.1213,0.1842,0.1329,0.0517,0.2715,0,0.1167,0.1217,100,0
0.3,0.75,1,5000,0.1127,0.2037,0.1471,0.0807,0.293,0,0.0531,0.1097,100,0
0.3,0.75,1,7000,0.1443,0.147,0.1538,0.0182,0.2519,0,0.1726,0.1122,100,0
0.3,0.75,1,10000,0.1093,0.1703,0.1595,0.0274,0.3092,0,0.0999,0.1244,100,0
0.3,0.75,1,25000,0.1138,0.1246,0.1831,0.0359,0.251,0,0.1285,0.1631,100,0
0.3,0.75,1,50000,0,0.0109,0,0,0.6977,0,0,0.2914,100,40000
0.35,0.75,1,0,0.1307,0.1236,0.1246,0.1262,0.1341,0.1176,0.1245,0.1187,100,0
0.35,0.75,1,1000,0.0647,0.1834,0.1181,0,0.3038,0,0.0797,0.2503,100,0
0.35,0.75,1,2000,0.0938,0.1097,0.1656,0,0.4273,0,0.0909,0.1127,100,0
0.35,0.75,1,3000,0.0644,0.1903,0.127,0,0.4298,0,0.0771,0.1114,100,0
0.35,0.75,1,5000,0.0737,0.1429,0.1239,0,0.4603,0,0.1029,0.0963,100,0
0.35,0.75,1,7000,0.0431,0.1963,0.1067,0,0.4855,0,0.0402,0.1282,100,0
0.35,0.75,1,10000,0.0757,0.191,0.1115,0,0.3473,0,0.0768,0.1977,100,0
0.35,0.75,1,25000,0,0.0016,0.0363,0,0.1741,0,0,0.788,100,13000
0.35,0.75,1,50000,0,0.0016,0.0363,0,0.1741,0,0,0.788,100,13000
0.35,0.75,1,0,0.1274,0.1232,0.1195,0.1284,0.1208,0.1279,0.1249,0.1279,100,0
0.35,0.75,1,1000,0.0983,0.2089,0.1954,0.0223,0.2268,0.015,0.0919,0.1414,100,0
0.35,0.75,1,2000,0.0608,0.1686,0.0705,0,0.4323,0,0.0849,0.1829,100,0
0.35,0.75,1,3000,0.0298,0.1238,0.0822,0,0.497,0,0.0261,0.2411,100,0
0.35,0.75,1,5000,0.0529,0.1842,0.1886,0,0.401,0,0.0536,0.1197,100,0
0.35,0.75,1,7000,0.0423,0.149,0.1235,0,0.4702,0,0.0708,0.1442,100,0
0.35,0.75,1,10000,0.0808,0.162,0.1359,0,0.3862,0,0.0794,0.1557,100,0
0.35,0.75,1,25000,0.0647,0.1481,0.1617,0,0.504,0,0.0284,0.0931,100,0
0.35,0.75,1,50000,0.0263,0.2263,0.1334,0,0.4187,0,0.0644,0.1309,100,0
0.4,0.75,1,0,0.1271,0.1253,0.1273,0.1204,0.1213,0.1241,0.1283,0.1262,100,0
0.4,0.75,1,1000,0.1176,0.1703,0.1993,0,0.211,0,0.0822,0.2196,100,0
0.4,0.75,1,2000,0.087,0.1635,0.1833,0,0.2738,0,0.0659,0.2265,100,0
0.4,0.75,1,3000,0.0743,0.2181,0.1544,0,0.2708,0,0.1134,0.169,100,0
0.4,0.75,1,5000,0.0938,0.1511,0.1857,0,0.2736,0,0.0767,0.2191,100,0
0.4,0.75,1,7000,0.0914,0.15,0.1687,0,0.3532,0,0.0758,0.1609,100,0
0.4,0.75,1,10000,0.0917,0.1552,0.2407,0,0.2571,0,0.1036,0.1517,100,0
0.4,0.75,1,25000,0.0873,0.174,0.1699,0,0.2254,0,0.1204,0.223,100,0
0.4,0.75,1,50000,0.1195,0.1958,0.1971,0,0.2246,0,0.1164,0.1466,100,0
0.4,0.75,1,0,0.1267,0.1252,0.1216,0.1277,0.1219,0.1284,0.1224,0.1261,100,0
0.4,0.75,1,1000,0.1506,0.1248,0.1521,0.0534,0.1745,0.0706,0.0808,0.1932,100,0
0.4,0.75,1,2000,0.0873,0.1713,0.1769,0.0211,0.2193,0.0378,0.1439,0.1424,100,0
0.4,0.75,1,3000,0.1168,0.1947,0.1536,0,0.2842,0,0.0698,0.1809,100,0
0.4,0.75,1,5000,0.1115,0.159,0.1826,0,0.2819,0,0.0781,0.1869,100,0
0.4,0.75,1,7000,0.0991,0.1634,0.1631,0,0.3833,0,0.0681,0.123,100,0
0.4,0.75,1,10000,0.0753,0.2401,0.1669,0,0.2949,0,0.0717,0.1511,100,0
0.4,0.75,1,25000,0.1231,0.0929,0.2185,0,0.2756,0,0.0768,0.2131,100,0
0.4,0.75,1,50000,0.0805,0.1371,0.1515,0,0.327,0,0.1086,0.1953,100,0
0,0.75,1,0,0.1201,0.1259,0.1273,0.128,0.121,0.1234,0.1281,0.1262,100,0
0,0.75,1,1000,0.1547,0.1499,0.1766,0.0642,0.1814,0,0.1665,0.1067,100,0
0,0.75,1,2000,0.211,0.1551,0.1564,0.0899,0.122,0,0.1177,0.1479,100,0
0,0.75,1,3000,0.1408,0.1324,0.1751,0.0394,0.156,0,0.2404,0.1159,100,0
0,0.75,1,5000,0.1982,0.1997,0.154,0.0646,0.1527,0,0.1157,0.1151,100,0
0,0.75,1,7000,0.1491,0.1827,0.1388,0.066,0.1281,0,0.1674,0.1679,100,0
0,0.75,1,10000,0.203,0.197,0.1502,0.0553,0.1749,0,0.1073,0.1123,100,0
0,0.75,1,25000,0.1938,0.2003,0.1985,0.0513,0.0891,0,0.1308,0.1362,100,0
0,0.75,1,50000,0.1883,0.1549,0.1159,0.0739,0.1684,0,0.113,0.1856,100,0
0,0.75,1,0,0.1232,0.1232,0.1275,0.1235,0.1251,0.1283,0.1275,0.1217,100,0
0,0.75,1,1000,0.1892,0.1585,0.1545,0.0528,0.1424,0,0.1794,0.1232,100,0
0,0.75,1,2000,0.1863,0.1667,0.1353,0.0414,0.1683,0,0.1541,0.1479,100,0
0,0.75,1,3000,0.1728,0.1542,0.1326,0.1166,0.2708,0,0.0746,0.0784,100,0
0,0.75,1,5000,0.1678,0.1313,0.1615,0.0948,0.1283,0,0.1595,0.1568,100,0
0,0.75,1,7000,0.1701,0.1554,0.1545,0.0787,0.1646,0,0.146,0.1307,100,0
0,0.75,1,10000,0.1619,0.1334,0.1806,0.087,0.2109,0,0.1244,0.1018,100,0
0,0.75,1,25000,0.1283,0.1561,0.1478,0.0409,0.2194,0,0.2137,0.0938,100,0
0,0.75,1,50000,0.1438,0.1927,0.1719,0.0593,0.1335,0,0.1821,0.1167,100,0
0.05,0.75,1,0,0.128,0.1197,0.121,0.1263,0.1266,0.1227,0.1281,0.1276,100,0
0.05,0.75,1,1000,0.1458,0.1569,0.1537,0.0764,0.1805,0,0.1384,0.1483,100,0
0.05,0.75,1,2000,0.1648,0.1688,0.138,0.0788,0.1966,0,0.1415,0.1115,100,0
0.05,0.75,1,3000,0.1787,0.16,0.1746,0.072,0.1492,0,0.1164,0.1491,100,0
0.05,0.75,1,5000,0.137,0.163,0.157,0.0877,0.1521,0,0.1214,0.1818,100,0
0.05,0.75,1,7000,0.1486,0.1723,0.1481,0.0936,0.1358,0,0.1349,0.1667,100,0
0.05,0.75,1,10000,0.175,0.1616,0.187,0.0381,0.143,0,0.1621,0.1332,100,0
0.05,0.75,1,25000,0.1531,0.1682,0.1596,0.0764,0.159,0,0.1396,0.1441,100,0
0.05,0.75,1,50000,0.1554,0.1591,0.1868,0.0769,0.1738,0,0.119,0.129,100,0
0.05,0.75,1,0,0.1221,0.1252,0.1251,0.1253,0.1224,0.1288,0.1235,0.1276,100,0
0.05,0.75,1,1000,0.1324,0.1371,0.1702,0.088,0.2038,0,0.1702,0.0983,100,0
0.05,0.75,1,2000,0.1975,0.1795,0.1716,0.0616,0.1059,0,0.1441,0.1398,100,0
0.05,0.75,1,3000,0.1462,0.131,0.1478,0.0626,0.233,0,0.1596,0.1198,100,0
0.05,0.75,1,5000,0.1894,0.1681,0.1627,0.0444,0.1466,0,0.1348,0.154,100,0
0.05,0.75,1,7000,0.155,0.1611,0.1494,0.1024,0.2431,0,0.0911,0.0979,100,0
0.05,0.75,1,10000,0.1811,0.1804,0.1334,0.0695,0.1385,0,0.136,0.1611,100,0
0.05,0.75,1,25000,0.1813,0.1805,0.1665,0.0936,0.1911,0,0.1029,0.0841,100,0
0.05,0.75,1,50000,0.1845,0.1464,0.1432,0.056,0.2125,0,0.1448,0.1126,100,0
0.1,0.75,1,0,0.1208,0.1273,0.1274,0.1208,0.1264,0.1249,0.1325,0.1199,100,0
0.1,0.75,1,1000,0.1726,0.1632,0.1948,0.0359,0.1394,0,0.1767,0.1174,100,0
0.1,0.75,1,2000,0.1666,0.1789,0.226,0.0798,0.1433,0,0.0959,0.1095,100,0
0.1,0.75,1,3000,0.1177,0.1752,0.1342,0.0344,0.3051,0,0.1123,0.1211,100,0
0.1,0.75,1,5000,0.1428,0.2054,0.1884,0.0366,0.1333,0,0.1682,0.1253,100,0
0.1,0.75,1,7000,0.1963,0.1741,0.1487,0.0416,0.125,0,0.1552,0.1591,100,0
0.1,0.75,1,10000,0.1936,0.1798,0.1513,0.0652,0.1991,0,0.1119,0.0991,100,0
0.1,0.75,1,25000,0.1572,0.1946,0.1562,0.0926,0.1559,0,0.0919,0.1516,100,0
0.1,0.75,1,50000,0.1562,0.173,0.1591,0.0756,0.1884,0,0.1309,0.1168,100,0
0.1,0.75,1,0,0.1245,0.127,0.1294,0.121,0.124,0.1243,0.1249,0.1249,100,0
0.1,0.75,1,1000,0.1679,0.1762,0.1561,0.075,0.1529,0,0.1486,0.1233,100,0
0.1,0.75,1,2000,0.1838,0.1975,0.1772,0.0764,0.1578,0,0.1125,0.0948,100,0
0.1,0.75,1,3000,0.159,0.1324,0.1393,0.1031,0.2329,0,0.1025,0.1308,100,0
0.1,0.75,1,5000,0.1279,0.1615,0.142,0.0562,0.1474,0,0.2058,0.1592,100,0
0.1,0.75,1,7000,0.1347,0.1761,0.164,0.0808,0.1765,0,0.1081,0.1598,100,0
0.1,0.75,1,10000,0.161,0.1707,0.1806,0.058,0.2118,0,0.13,0.0879,100,0
0.1,0.75,1,25000,0.1476,0.1544,0.1466,0.1103,0.2506,0,0.0986,0.0919,100,0
0.1,0.75,1,50000,0.2042,0.2173,0.1542,0.0486,0.1276,0,0.1261,0.122,100,0
0.15,0.75,1,0,0.1225,0.125,0.1255,0.1294,0.1264,0.1267,0.1175,0.127,100,0
0.15,0.75,1,1000,0.1388,0.1875,0.1547,0.0593,0.2778,0,0.076,0.1059,100,0
0.15,0.75,1,2000,0.1653,0.1459,0.1564,0.0812,0.215,0,0.0909,0.1453,100,0
0.15,0.75,1,3000,0.156,0.1763,0.1607,0.0828,0.1399,0,0.1314,0.1529,100,0
0.15,0.75,1,5000,0.1693,0.1594,0.1488,0.0542,0.1839,0,0.1518,0.1326,100,0
0.15,0.75,1,7000,0.1371,0.1909,0.1334,0.0904,0.133,0,0.1265,0.1887,100,0
0.15,0.75,1,10000,0.1217,0.1525,0.1749,0.0703,0.2135,0,0.1753,0.0918,100,0
0.15,0.75,1,25000,0.1013,0.172,0.1741,0.0761,0.1245,0,0.162,0.19,100,0
0.15,0.75,1,50000,0.1521,0.1544,0.1206,0.0954,0.1848,0,0.0878,0.2049,100,0
0.15,0.75,1,0,0.1298,0.1236,0.1294,0.1171,0.1251,0.1282,0.124,0.1228,100,0
0.15,0.75,1,1000,0.1735,0.1662,0.1603,0.0376,0.1518,0,0.1391,0.1715,100,0
0.15,0.75,1,2000,0.105,0.1588,0.1488,0.0759,0.2755,0,0.1226,0.1134,100,0
0.15,0.75,1,3000,0.1462,0.1374,0.1709,0.0552,0.2867,0,0.1078,0.0958,100,0
0.15,0.75,1,5000,0.1462,0.1233,0.1251,0.0605,0.1647,0,0.0882,0.292,100,0
0.15,0.75,1,7000,0.1578,0.1603,0.1994,0.0646,0.1458,0,0.1511,0.121,100,0
0.15,0.75,1,10000,0.1377,0.1525,0.151,0.0448,0.285,0,0.122,0.107,100,0
0.15,0.75,1,25000,0.1736,0.1468,0.1375,0.0756,0.2018,0,0.1664,0.0983,100,0
0.15,0.75,1,50000,0.1585,0.1618,0.1935,0.0547,0.2116,0,0.1146,0.1053,100,0
0.2,0.75,1,0,0.1297,0.1223,0.1249,0.1243,0.1219,0.1275,0.1261,0.1233,100,0
0.2,0.75,1,1000,0.1502,0.1819,0.1756,0.0352,0.2508,0,0.102,0.1043,100,0
0.2,0.75,1,2000,0.1383,0.2256,0.1433,0.0885,0.1607,0,0.0607,0.1829,100,0
0.2,0.75,1,3000,0.1879,0.1767,0.1592,0.0631,0.2291,0,0.0813,0.1027,100,0
0.2,0.75,1,5000,0.1275,0.1444,0.139,0.0838,0.3058,0,0.0841,0.1154,100,0
0.2,0.75,1,7000,0.1326,0.1668,0.16,0.0554,0.1535,0,0.1518,0.1799,100,0
0.2,0.75,1,10000,0.1462,0.1688,0.1812,0.039,0.2025,0,0.1519,0.1104,100,0
0.2,0.75,1,25000,0.1301,0.1704,0.1526,0.0641,0.2401,0,0.1315,0.1112,100,0
0.2,0.75,1,50000,0.126,0.174,0.1362,0.0591,0.3525,0,0.0608,0.0914,100,0
0.2,0.75,1,0,0.123,0.1277,0.1238,0.128,0.1242,0.1259,0.1192,0.1282,100,0
0.2,0.75,1,1000,0.1545,0.1316,0.2075,0.0931,0.1688,0,0.0891,0.1554,100,0
0.2,0.75,1,2000,0.1362,0.164,0.1304,0.0624,0.1447,0,0.1178,0.2445,100,0
0.2,0.75,1,3000,0.1319,0.1654,0.1968,0.0641,0.239,0,0.0792,0.1236,100,0
0.2,0.75,1,5000,0.1063,0.1944,0.2117,0.0084,0.1724,0,0.1741,0.1327,100,0
0.2,0.75,1,7000,0.1566,0.1614,0.1778,0.0788,0.1529,0,0.1074,0.1651,100,0
0.2,0.75,1,10000,0.1249,0.1671,0.1505,0.0883,0.2713,0,0.0954,0.1025,100,0
0.2,0.75,1,25000,0.1541,0.1791,0.1686,0.0658,0.1465,0,0.1108,0.1751,100,0
0.2,0.75,1,50000,0.1404,0.1459,0.1773,0.1085,0.1709,0,0.069,0.188,100,0
0.25,0.75,1,0,0.1247,0.1245,0.1252,0.1353,0.1232,0.1188,0.122,0.1263,100,0
0.25,0.75,1,1000,0.1363,0.1643,0.1365,0.0812,0.3,0,0.0649,0.1168,100,0
0.25,0.75,1,2000,0.1334,0.1527,0.1795,0.0269,0.2193,0,0.1008,0.1874,100,0
0.25,0.75,1,3000,0.1429,0.1629,0.2011,0.0227,0.201,0,0.1727,0.0967,100,0
0.25,0.75,1,5000,0.092,0.1557,0.1584,0.0652,0.3193,0,0.1264,0.083,100,0
0.25,0.75,1,7000,0.106,0.1254,0.1331,0.0538,0.2367,0,0.1431,0.2019,100,0
0.25,0.75,1,10000,0.0906,0.1866,0.1128,0.0365,0.2729,0,0.105,0.1956,100,0
0.25,0.75,1,25000,0.12,0.1205,0.1506,0.0614,0.3319,0,0.0949,0.1207,100,0
0.25,0.75,1,50000,0.1448,0.1462,0.1533,0.0409,0.1981,0,0.1369,0.1798,100,0
0.25,0.75,1,0,0.1265,0.1248,0.1168,0.1277,0.1296,0.1247,0.1255,0.1244,100,0
0.25,0.75,1,1000,0.1372,0.1768,0.1896,0.0663,0.1634,0,0.1219,0.1448,100,0
0.25,0.75,1,2000,0.0706,0.2154,0.1715,0.0346,0.3633,0,0.0789,0.0657,100,0
0.25,0.75,1,3000,0.1149,0.1368,0.1396,0.0985,0.1735,0,0.0783,0.2584,100,0
0.25,0.75,1,5000,0.1521,0.2108,0.1581,0.0669,0.1665,0,0.1627,0.0829,100,0
0.25,0.75,1,7000,0.0376,0.0948,0.1143,0.0608,0.1928,0,0.0895,0.4102,100,0
0.25,0.75,1,10000,0.1588,0.1559,0.2169,0.0547,0.1766,0,0.1143,0.1228,100,0
0.25,0.75,1,25000,0.1422,0.1961,0.1428,0.0576,0.26,0,0.0899,0.1114,100,0
0.25,0.75,1,50000,0.1817,0.1659,0.1817,0.0845,0.1748,0,0.0595,0.1519,100,0
0.3,0.75,1,0,0.122,0.1385,0.1246,0.1224,0.1219,0.124,0.1261,0.1205,100,0
0.3,0.75,1,1000,0.113,0.2233,0.1713,0.0081,0.2891,0,0.0568,0.1384,100,0
0.3,0.75,1,2000,0.137,0.1582,0.1934,0.0522,0.2104,0,0.1306,0.1182,100,0
0.3,0.75,1,3000,0.137,0.2115,0.1439,0.038,0.2344,0,0.082,0.1532,100,0
0.3,0.75,1,5000,0.0933,0.2229,0.1297,0.0542,0.3442,0,0.0517,0.104,100,0
0.3,0.75,1,7000,0.0983,0.2129,0.1469,0.0246,0.3226,0,0.0776,0.1171,100,0
0.3,0.75,1,10000,0.0196,0.1053,0.0406,0,0.6859,0,0.0035,0.1451,100,0
0.3,0.75,1,25000,0,0.041,0.0023,0,0.5655,0,0.0001,0.3911,100,12000
0.3,0.75,1,50000,0,0.041,0.0023,0,0.5655,0,0.0001,0.3911,100,12000
0.35,0.75,1,0,0.1238,0.1188,0.1297,0.1238,0.1201,0.135,0.123,0.1258,100,0
0.35,0.75,1,1000,0.0604,0.1945,0.1172,0,0.4439,0,0.0659,0.1181,100,0
0.35,0.75,1,2000,0.0332,0.2118,0.156,0,0.388,0,0.0399,0.1711,100,0
0.35,0.75,1,3000,0.0728,0.1409,0.1381,0,0.3724,0,0.0382,0.2376,100,0
0.35,0.75,1,5000,0.0198,0.098,0.0832,0,0.4138,0,0.0201,0.3651,100,0
0.35,0.75,1,7000,0.0404,0.1454,0.0742,0,0.3221,0,0.0623,0.3556,100,0
0.35,0.75,1,10000,0.0455,0.1363,0.0833,0,0.5102,0,0.0182,0.2065,100,0
0.35,0.75,1,25000,0,0.0008,0.003,0,0.2115,0,0,0.7847,100,16000
0.35,0.75,1,50000,0,0.0008,0.003,0,0.2115,0,0,0.7847,100,16000
0.3,0.75,1,0,0.1281,0.123,0.1251,0.1234,0.122,0.1246,0.1229,0.1309,100,0
0.3,0.75,1,1000,0.1043,0.1189,0.2046,0.0613,0.1768,0.0262,0.1382,0.1697,100,0
0.3,0.75,1,2000,0.1244,0.17,0.181,0.0243,0.2219,0,0.0979,0.1805,100,0
0.3,0.75,1,3000,0.1595,0.158,0.1437,0.0455,0.2216,0,0.1138,0.1579,100,0
0.3,0.75,1,5000,0.1204,0.1722,0.1588,0.0497,0.2974,0,0.0826,0.1189,100,0
0.3,0.75,1,7000,0.0929,0.2001,0.1175,0.0288,0.2983,0,0.1017,0.1607,100,0
0.3,0.75,1,10000,0.1076,0.1868,0.1673,0.0377,0.2443,0,0.1564,0.0999,100,0
0.3,0.75,1,25000,0.1562,0.1983,0.1997,0.0618,0.1896,0,0.0877,0.1067,100,0
0.3,0.75,1,50000,0,0.0294,0.0077,0,0.6589,0,0,0.304,100,48000
0.35,0.75,1,0,0.1271,0.1253,0.1254,0.1238,0.1283,0.1222,0.1231,0.1248,100,0
0.35,0.75,1,1000,0.0701,0.1827,0.1522,0.0036,0.3192,0,0.0835,0.1887,100,0
0.35,0.75,1,2000,0.0643,0.1766,0.1131,0,0.409,0,0.0522,0.1848,100,0
0.35,0.75,1,3000,0.0789,0.179,0.139,0,0.4301,0,0.0423,0.1307,100,0
0.35,0.75,1,5000,0.0362,0.1626,0.1101,0,0.4177,0,0.0483,0.2251,100,0
0.35,0.75,1,7000,0.0606,0.1369,0.1859,0,0.3639,0,0.0603,0.1924,100,0
0.35,0.75,1,10000,0.0651,0.1894,0.1228,0,0.3421,0,0.0768,0.2038,100,0
0.35,0.75,1,25000,0,0.0282,0.0001,0,0.8463,0,0,0.1254,100,15000
0.35,0.75,1,50000,0,0.0282,0.0001,0,0.8463,0,0,0.1254,100,15000
0.4,0.75,1,0,0.1207,0.125,0.1219,0.1276,0.123,0.133,0.1252,0.1236,100,0
0.4,0.75,1,1000,0.1017,0.1448,0.1976,0.0302,0.2237,0.0356,0.1068,0.1596,100,0
0.4,0.75,1,2000,0.0904,0.1222,0.2048,0,0.3372,0,0.0781,0.1673,100,0
0.4,0.75,1,3000,0.1088,0.1897,0.1811,0,0.2389,0,0.1036,0.1779,100,0
0.4,0.75,1,5000,0.0866,0.1321,0.1791,0,0.2423,0,0.0972,0.2627,100,0
0.4,0.75,1,7000,0.0804,0.1869,0.1797,0,0.2924,0,0.0962,0.1644,100,0
0.4,0.75,1,10000,0.0954,0.1631,0.1774,0,0.2606,0,0.1026,0.2009,100,0
0.4,0.75,1,25000,0.0937,0.1629,0.1716,0,0.3821,0,0.0611,0.1286,100,0
0.4,0.75,1,50000,0.0837,0.1628,0.1835,0,0.3288,0,0.076,0.1652,100,0
0.4,0.75,1,0,0.128,0.1224,0.1329,0.1244,0.126,0.1173,0.1284,0.1206,100,0
0.4,0.75,1,1000,0.0894,0.1722,0.1099,0.1012,0.1242,0.1257,0.0978,0.1796,100,0
0.4,0.75,1,2000,0.073,0.1726,0.1359,0.0359,0.2388,0.0411,0.0936,0.2091,100,0
0.4,0.75,1,3000,0.1255,0.1691,0.2386,0.001,0.2528,0,0.0801,0.1329,100,0
0.4,0.75,1,5000,0.11,0.1788,0.2049,0,0.2,0,0.1097,0.1966,100,0
0.4,0.75,1,7000,0.1088,0.1269,0.208,0,0.2007,0,0.0602,0.2954,100,0
0.4,0.75,1,10000,0.1108,0.1664,0.2068,0,0.2607,0,0.0941,0.1612,100,0
0.4,0.75,1,25000,0.0983,0.1933,0.1953,0,0.2642,0,0.0855,0.1634,100,0
0.4,0.75,1,50000,0.0839,0.164,0.1676,0,0.3309,0,0.0508,0.2028,100,0
0,0.75,1,0,0.1225,0.1301,0.1197,0.1283,0.1295,0.1279,0.1217,0.1203,100,0
0,0.75,1,1000,0.152,0.1525,0.1693,0.0541,0.156,0,0.1928,0.1233,100,0
0,0.75,1,2000,0.1549,0.1665,0.1755,0.0574,0.2295,0,0.1352,0.081,100,0
0,0.75,1,3000,0.1887,0.1786,0.1465,0.0721,0.1233,0,0.1758,0.115,100,0
0,0.75,1,5000,0.1672,0.1634,0.1616,0.0497,0.1757,0,0.1867,0.0957,100,0
0,0.75,1,7000,0.1592,0.1605,0.1635,0.0515,0.227,0,0.1362,0.1021,100,0
0,0.75,1,10000,0.1616,0.1783,0.1784,0.0765,0.1217,0,0.1581,0.1254,100,0
0,0.75,1,25000,0.1779,0.1644,0.1612,0.0695,0.133,0,0.1512,0.1428,100,0
0,0.75,1,50000,0.1605,0.1452,0.1652,0.0932,0.1588,0,0.1304,0.1467,100,0
0,0.75,1,0,0.1249,0.1319,0.1228,0.1199,0.1289,0.127,0.121,0.1236,100,0
0,0.75,1,1000,0.1694,0.1659,0.1199,0.0421,0.2368,0,0.1555,0.1104,100,0
0,0.75,1,2000,0.129,0.1581,0.1756,0.0591,0.2156,0,0.1528,0.1098,100,0
0,0.75,1,3000,0.1674,0.1397,0.1707,0.0557,0.2649,0,0.1284,0.0732,100,0
0,0.75,1,5000,0.1496,0.1613,0.168,0.0637,0.2332,0,0.1147,0.1095,100,0
0,0.75,1,7000,0.1397,0.1592,0.153,0.0491,0.1989,0,0.1956,0.1045,100,0
0,0.75,1,10000,0.1371,0.1631,0.1666,0.0806,0.1705,0,0.1182,0.1639,100,0
0,0.75,1,25000,0.2096,0.1723,0.1629,0.0584,0.1199,0,0.1496,0.1273,100,0
0,0.75,1,50000,0.165,0.1699,0.1444,0.0413,0.1431,0,0.234,0.1023,100,0
0.05,0.75,1,0,0.123,0.1253,0.1257,0.1224,0.1314,0.1279,0.1211,0.1232,100,0
0.05,0.75,1,1000,0.1448,0.1451,0.1786,0.1009,0.2484,0,0.1111,0.0711,100,0
0.05,0.75,1,2000,0.1375,0.1599,0.1921,0.0712,0.143,0,0.1604,0.1359,100,0
0.05,0.75,1,3000,0.2,0.224,0.1402,0.0622,0.1387,0,0.127,0.1079,100,0
0.05,0.75,1,5000,0.1746,0.1525,0.1733,0.0885,0.145,0,0.1221,0.144,100,0
0.05,0.75,1,7000,0.154,0.1861,0.1566,0.0478,0.1215,0,0.1407,0.1933,100,0
0.05,0.75,1,10000,0.1707,0.1609,0.1772,0.0537,0.2148,0,0.1291,0.0936,100,0
0.05,0.75,1,25000,0.1557,0.1611,0.1715,0.0478,0.1534,0,0.1893,0.1212,100,0
0.05,0.75,1,50000,0.168,0.1605,0.1935,0.0621,0.1314,0,0.1811,0.1034,100,0
0.05,0.75,1,0,0.1264,0.1249,0.1272,0.1236,0.1221,0.1287,0.1213,0.1258,100,0
0.05,0.75,1,1000,0.1823,0.1954,0.1547,0.0618,0.1558,0,0.1363,0.1137,100,0
0.05,0.75,1,2000,0.1622,0.1844,0.1591,0.0753,0.1553,0,0.1193,0.1444,100,0
0.05,0.75,1,3000,0.153,0.1537,0.1614,0.0617,0.1758,0,0.1766,0.1178,100,0
0.05,0.75,1,5000,0.1514,0.168,0.1747,0.0915,0.1433,0,0.1415,0.1296,100,0
0.05,0.75,1,7000,0.1699,0.1476,0.1369,0.0786,0.1812,0,0.1113,0.1745,100,0
0.05,0.75,1,10000,0.1546,0.137,0.181,0.0712,0.1637,0,0.1275,0.165,100,0
0.05,0.75,1,25000,0.1395,0.1587,0.1103,0.0441,0.1753,0,0.2437,0.1284,100,0
0.05,0.75,1,50000,0.1921,0.1824,0.1842,0.0487,0.1379,0,0.1574,0.0973,100,0
0.1,0.75,1,0,0.1197,0.1225,0.1262,0.1252,0.1255,0.1257,0.1271,0.1281,100,0
0.1,0.75,1,1000,0.1784,0.1513,0.2033,0.0673,0.2,0,0.1324,0.0673,100,0
0.1,0.75,1,2000,0.1358,0.1654,0.1319,0.0474,0.2955,0,0.1107,0.1133,100,0
0.1,0.75,1,3000,0.1607,0.1356,0.1372,0.0754,0.2244,0,0.1328,0.1339,100,0
0.1,0.75,1,5000,0.1618,0.1559,0.1532,0.0817,0.1934,0,0.1355,0.1185,100,0
0.1,0.75,1,7000,0.1505,0.1686,0.1642,0.0487,0.2423,0,0.1107,0.115,100,0
0.1,0.75,1,10000,0.1565,0.1324,0.1618,0.0783,0.2118,0,0.1344,0.1248,100,0
0.1,0.75,1,25000,0.1422,0.1269,0.1551,0.0813,0.2505,0,0.1276,0.1164,100,0
0.1,0.75,1,50000,0.1649,0.1979,0.1423,0.0448,0.1755,0,0.1534,0.1212,100,0
0.1,0.75,1,0,0.127,0.1235,0.1215,0.1264,0.1274,0.12,0.1224,0.1318,100,0
0.1,0.75,1,1000,0.1201,0.1846,0.1823,0.041,0.2455,0,0.1484,0.0781,100,0
0.1,0.75,1,2000,0.1519,0.1423,0.1605,0.0527,0.1954,0,0.1591,0.1381,100,0
0.1,0.75,1,3000,0.1719,0.1678,0.1293,0.0681,0.1668,0,0.1271,0.169,100,0
0.1,0.75,1,5000,0.1406,0.1484,0.1573,0.0512,0.2352,0,0.1212,0.1461,100,0
0.1,0.75,1,7000,0.165,0.1722,0.1918,0.0724,0.174,0,0.1149,0.1097,100,0
0.1,0.75,1,10000,0.1426,0.1419,0.1704,0.0367,0.2333,0,0.1691,0.106,100,0
0.1,0.75,1,25000,0.1755,0.1498,0.1601,0.0684,0.1484,0,0.1705,0.1273,100,0
0.1,0.75,1,50000,0.1445,0.1539,0.1878,0.0934,0.1821,0,0.1351,0.1032,100,0
0.15,0.75,1,0,0.1198,0.1304,0.128,0.1284,0.1197,0.1237,0.1288,0.1212,100,0
0.15,0.75,1,1000,0.1208,0.1668,0.1605,0.065,0.2715,0,0.1186,0.0968,100,0
0.15,0.75,1,2000,0.1359,0.1942,0.128,0.0577,0.2414,0,0.1585,0.0843,100,0
0.15,0.75,1,3000,0.1496,0.1088,0.181,0.0448,0.212,0,0.1563,0.1475,100,0
0.15,0.75,1,5000,0.1591,0.1405,0.1666,0.0903,0.1261,0,0.1453,0.1721,100,0
0.15,0.75,1,7000,0.1495,0.1683,0.1395,0.0834,0.2187,0,0.137,0.1036,100,0
0.15,0.75,1,10000,0.1801,0.1886,0.1686,0.0756,0.1653,0,0.1255,0.0963,100,0
0.15,0.75,1,25000,0.1532,0.1601,0.167,0.0795,0.1774,0,0.1363,0.1265,100,0
0.15,0.75,1,50000,0.1358,0.1726,0.1796,0.073,0.2055,0,0.1175,0.116,100,0
0.15,0.75,1,0,0.123,0.1258,0.1288,0.1263,0.1224,0.125,0.123,0.1257,100,0
0.15,0.75,1,1000,0.1576,0.1434,0.1413,0.0457,0.2018,0,0.1819,0.1283,100,0
0.15,0.75,1,2000,0.1255,0.1668,0.1771,0.0599,0.1771,0,0.1632,0.1304,100,0
0.15,0.75,1,3000,0.173,0.1659,0.0835,0.0919,0.1078,0,0.0348,0.3431,100,0
0.15,0.75,1,5000,0.1595,0.138,0.2036,0.0526,0.106,0,0.1638,0.1765,100,0
0.15,0.75,1,7000,0.1347,0.1634,0.171,0.1063,0.1347,0,0.1181,0.1718,100,0
0.15,0.75,1,10000,0.1288,0.1482,0.1933,0.0694,0.2732,0,0.106,0.0811,100,0
0.15,0.75,1,25000,0.1412,0.1307,0.1652,0.0765,0.3118,0,0.069,0.1056,100,0
0.15,0.75,1,50000,0.1659,0.1771,0.1716,0.0298,0.1393,0,0.1653,0.151,100,0
0.2,0.75,1,0,0.124,0.1213,0.1293,0.1201,0.123,0.1282,0.1256,0.1285,100,0
0.2,0.75,1,1000,0.1684,0.1851,0.1811,0.0742,0.1935,0,0.1086,0.0891,100,0
0.2,0.75,1,2000,0.1717,0.1529,0.1941,0.0598,0.1884,0,0.1146,0.1185,100,0
0.2,0.75,1,3000,0.1839,0.1899,0.1429,0.0381,0.2404,0,0.088,0.1168,100,0
0.2,0.75,1,5000,0.169,0.1541,0.1227,0.0601,0.2543,0,0.1299,0.1099,100,0
0.2,0.75,1,7000,0.1423,0.1182,0.1506,0.0852,0.2098,0,0.0804,0.2135,100,0
0.2,0.75,1,10000,0.1489,0.1712,0.1507,0.0461,0.2458,0,0.1462,0.0911,100,0
0.2,0.75,1,25000,0.1287,0.1642,0.1801,0.0348,0.2254,0,0.1109,0.1559,100,0
0.2,0.75,1,50000,0.1322,0.201,0.1296,0.0802,0.135,0,0.123,0.199,100,0
0.2,0.75,1,0,0.1245,0.1258,0.1274,0.1238,0.1261,0.1204,0.129,0.123,100,0
0.2,0.75,1,1000,0.1655,0.1564,0.1881,0.0842,0.1244,0,0.1033,0.1781,100,0
0.2,0.75,1,2000,0.1439,0.1612,0.1673,0.0659,0.2513,0,0.1281,0.0823,100,0
0.2,0.75,1,3000,0.1273,0.1493,0.1678,0.0596,0.1527,0,0.0934,0.2499,100,0
0.2,0.75,1,5000,0.1461,0.1638,0.1874,0.0948,0.136,0,0.0702,0.2017,100,0
0.2,0.75,1,7000,0.1467,0.1738,0.1603,0.0885,0.1722,0,0.1269,0.1316,100,0
0.2,0.75,1,10000,0.1403,0.2187,0.1216,0.0486,0.2008,0,0.1245,0.1455,100,0
0.2,0.75,1,25000,0.1442,0.1869,0.1962,0.0625,0.1346,0,0.1673,0.1083,100,0
0.2,0.75,1,50000,0.1335,0.2243,0.1603,0.0738,0.2519,0,0.0685,0.0877,100,0
0.25,0.75,1,0,0.1274,0.129,0.1247,0.1285,0.1238,0.1215,0.1245,0.1206,100,0
0.25,0.75,1,1000,0.1524,0.1695,0.1845,0.0673,0.2073,0,0.1107,0.1083,100,0
0.25,0.75,1,2000,0.1086,0.2121,0.1499,0.0315,0.1664,0,0.1584,0.1731,100,0
0.25,0.75,1,3000,0.136,0.1486,0.174,0.0651,0.2875,0,0.0833,0.1055,100,0
0.25,0.75,1,5000,0.135,0.1342,0.1683,0.0632,0.2482,0,0.1256,0.1255,100,0
0.25,0.75,1,7000,0.1288,0.1218,0.1642,0.0798,0.121,0,0.0936,0.2908,100,0
0.25,0.75,1,10000,0.1746,0.2098,0.1562,0.0426,0.1501,0,0.1231,0.1436,100,0
0.25,0.75,1,25000,0.1182,0.1674,0.1278,0.0276,0.2888,0,0.118,0.1522,100,0
0.25,0.75,1,50000,0.1097,0.1879,0.1539,0.0544,0.2002,0,0.0912,0.2027,100,0
0.3,0.75,1,0,0.1222,0.1294,0.1277,0.1249,0.1236,0.1252,0.1215,0.1255,100,0
0.3,0.75,1,1000,0.1146,0.1577,0.1143,0.0563,0.2653,0,0.0775,0.2143,100,0
0.3,0.75,1,2000,0.0759,0.1871,0.1648,0.0159,0.3588,0,0.0862,0.1113,100,0
0.3,0.75,1,3000,0.1016,0.1646,0.1515,0.044,0.2517,0,0.0707,0.2159,100,0
0.3,0.75,1,5000,0.1254,0.1508,0.1561,0.0391,0.2464,0,0.1334,0.1488,100,0
0.3,0.75,1,7000,0.1432,0.1465,0.1738,0.0396,0.3131,0,0.0745,0.1093,100,0
0.3,0.75,1,10000,0.1447,0.1522,0.1535,0.0712,0.2706,0,0.0638,0.144,100,0
0.3,0.75,1,25000,0.1527,0.1271,0.1635,0.0621,0.2561,0,0.0617,0.1768,100,0
0.3,0.75,1,50000,0,0.0115,0,0,0.7975,0,0,0.191,100,37000
0.25,0.75,1,0,0.1249,0.1259,0.1245,0.1248,0.1276,0.1215,0.1261,0.1247,100,0
0.25,0.75,1,1000,0.1266,0.1537,0.1485,0.0539,0.2565,0,0.0781,0.1827,100,0
0.25,0.75,1,2000,0.1418,0.1408,0.1925,0.0586,0.2794,0,0.0659,0.121,100,0
0.25,0.75,1,3000,0.1381,0.156,0.1832,0.0737,0.1873,0,0.1274,0.1343,100,0
0.25,0.75,1,5000,0.1335,0.1531,0.1927,0.0459,0.2356,0,0.1222,0.117,100,0
0.25,0.75,1,7000,0.1505,0.1923,0.1607,0.0278,0.2572,0,0.1131,0.0984,100,0
0.25,0.75,1,10000,0.1378,0.1249,0.2041,0.0323,0.3022,0,0.117,0.0817,100,0
0.25,0.75,1,25000,0.1387,0.156,0.1817,0.1028,0.1493,0,0.0922,0.1793,100,0
0.25,0.75,1,50000,0.0968,0.1556,0.121,0.0591,0.2975,0,0.1071,0.1629,100,0
0.3,0.75,1,0,0.1276,0.1263,0.1265,0.128,0.1178,0.1308,0.1216,0.1214,100,0
0.3,0.75,1,1000,0.1379,0.1387,0.1527,0.0379,0.2726,0,0.1053,0.1549,100,0
0.3,0.75,1,2000,0.1011,0.1445,0.19,0.0357,0.2818,0,0.0883,0.1586,100,0
0.3,0.75,1,3000,0.0976,0.1361,0.1319,0.0191,0.3032,0,0.0898,0.2223,100,0
0.3,0.75,1,7000,0,0.0269,0.0002,0,0.8779,0,0,0.095,100,5000
0.3,0.75,1,10000,0,0.0269,0.0002,0,0.8779,0,0,0.095,100,5000
0.3,0.75,1,25000,0,0.0269,0.0002,0,0.8779,0,0,0.095,100,5000
0.3,0.75,1,50000,0,0.0269,0.0002,0,0.8779,0,0,0.095,100,5000
0.35,0.75,1,0,0.1235,0.125,0.1268,0.1271,0.1221,0.1232,0.1296,0.1227,100,0
0.35,0.75,1,1000,0.0636,0.1501,0.1143,0,0.4168,0,0.0667,0.1885,100,0
0.35,0.75,1,2000,0.0491,0.1459,0.1146,0,0.4885,0,0.0268,0.1751,100,0
0.35,0.75,1,3000,0.0472,0.1628,0.1211,0,0.438,0,0.0775,0.1534,100,0
0.35,0.75,1,5000,0.0767,0.1942,0.1304,0,0.3548,0,0.0993,0.1446,100,0
0.35,0.75,1,7000,0.047,0.1075,0.0914,0,0.3061,0,0.0582,0.3898,100,0
0.35,0.75,1,10000,0.0855,0.216,0.1319,0,0.3515,0,0.0997,0.1154,100,0
0.35,0.75,1,25000,0,0.0625,0,0,0.8431,0,0.0001,0.0943,100,22000
0.35,0.75,1,50000,0,0.0625,0,0,0.8431,0,0.0001,0.0943,100,22000
0.35,0.75,1,0,0.1262,0.1258,0.121,0.1241,0.1245,0.1258,0.1265,0.1261,100,0
0.35,0.75,1,1000,0.1002,0.1223,0.1143,0.0321,0.232,0.0331,0.0822,0.2838,100,0
0.35,0.75,1,2000,0.124,0.1911,0.1655,0.0348,0.2887,0,0.0613,0.1346,100,0
0.35,0.75,1,3000,0.0781,0.1644,0.1969,0,0.3128,0,0.0863,0.1615,100,0
0.35,0.75,1,5000,0.0392,0.1833,0.1499,0,0.3078,0,0.0775,0.2423,100,0
0.35,0.75,1,7000,0.0541,0.1763,0.1591,0,0.3741,0,0.0593,0.1771,100,0
0.35,0.75,1,10000,0.0466,0.2059,0.0981,0,0.4033,0,0.0541,0.192,100,0
0.35,0.75,1,25000,0,0.028,0.0034,0,0.4328,0,0,0.5358,100,0
0.35,0.75,1,50000,0,0.0105,0.0081,0,0.355,0,0,0.6264,100,27000
0.4,0.75,1,0,0.1212,0.1219,0.1237,0.1276,0.1278,0.1244,0.1262,0.1272,100,0
0.4,0.75,1,1000,0.1014,0.1393,0.2307,0,0.3245,0,0.0657,0.1384,100,0
0.4,0.75,1,2000,0.0838,0.1471,0.1891,0,0.2929,0,0.1084,0.1787,100,0
0.4,0.75,1,3000,0.1004,0.2268,0.1328,0,0.2964,0,0.1034,0.1402,100,0
0.4,0.75,1,5000,0.079,0.1341,0.1887,0,0.3121,0,0.0886,0.1975,100,0
0.4,0.75,1,7000,0.0758,0.208,0.166,0,0.1912,0,0.1041,0.2549,100,0
0.4,0.75,1,10000,0.1027,0.1778,0.1563,0,0.2732,0,0.0962,0.1938,100,0
0.4,0.75,1,25000,0.0786,0.1398,0.1788,0,0.3032,0,0.1026,0.197,100,0
0.4,0.75,1,50000,0.1015,0.1572,0.1764,0,0.2959,0,0.0827,0.1863,100,0
0.4,0.75,1,0,0.1217,0.1351,0.1239,0.1267,0.1254,0.1232,0.1217,0.1223,100,0
0.4,0.75,1,1000,0.0812,0.175,0.1696,0,0.2982,0,0.0957,0.1803,100,0
0.4,0.75,1,2000,0.1125,0.1793,0.2047,0,0.2533,0,0.1075,0.1427,100,0
0.4,0.75,1,3000,0.0971,0.1509,0.2048,0,0.2358,0,0.1372,0.1742,100,0
0.4,0.75,1,5000,0.0981,0.1477,0.2667,0,0.3288,0,0.0525,0.1062,100,0
0.4,0.75,1,7000,0.0983,0.138,0.2049,0,0.3082,0,0.0846,0.166,100,0
0.4,0.75,1,10000,0.0792,0.1915,0.1769,0,0.2643,0,0.1352,0.1529,100,0
0.4,0.75,1,25000,0.0876,0.2308,0.1845,0,0.2728,0,0.1137,0.1106,100,0
0.4,0.75,1,50000,0.1082,0.1707,0.2069,0,0.2752,0,0.0912,0.1478,100,0
0,0.75,1,0,0.124525,0.1257,0.1234,0.125,0.125075,0.12615,0.12405,0.1261,200,0
0,0.75,1,1000,0.075375,0.181125,0.1221,0.159175,0.0787,0.116875,0.110975,0.155675,200,0
0,0.75,1,2000,0.17975,0.177375,0.1669,0.074025,0.181425,0.0013,0.114,0.105225,200,0
0,0.75,1,3000,0.157575,0.153575,0.2072,0.078225,0.211075,0,0.10865,0.0837,200,0
0,0.75,1,5000,0.169775,0.177725,0.1484,0.083,0.1962,0,0.1257,0.0992,200,0
0,0.75,1,7000,0.172875,0.1899,0.1138,0.0797,0.198975,0,0.11785,0.1269,200,0
0,0.75,1,10000,0.175475,0.170325,0.1623,0.0767,0.1647,0,0.1041,0.1464,200,0
0,0.75,1,25000,0.1723,0.1598,0.182375,0.08085,0.164625,0,0.1639,0.07615,200,0
0,0.75,1,50000,0.1549,0.173625,0.193875,0.07435,0.152975,0,0.1402,0.110075,200,0
0,0.75,1,0,0.1262,0.124975,0.12585,0.125975,0.125325,0.1257,0.122,0.123975,200,0
0,0.75,1,1000,0.062075,0.19835,0.09185,0.170125,0.0687,0.148075,0.093375,0.16745,200,0
0,0.75,1,2000,0.165575,0.179625,0.180875,0.068675,0.19485,0.002225,0.1197,0.088475,200,0
0,0.75,1,3000,0.16365,0.18095,0.157975,0.0877,0.20695,0,0.1116,0.091175,200,0
0,0.75,1,5000,0.1404,0.162675,0.18745,0.0862,0.187675,0,0.119775,0.115825,200,0
0,0.75,1,7000,0.1843,0.163625,0.15445,0.077425,0.180025,0,0.101175,0.139,200,0
0,0.75,1,10000,0.1659,0.17705,0.117775,0.083425,0.1972,0,0.132575,0.126075,200,0
0,0.75,1,25000,0.161775,0.162175,0.17625,0.081775,0.182775,0,0.114025,0.121225,200,0
0,0.75,1,50000,0.171875,0.192925,0.1379,0.088475,0.2108,0,0.087525,0.1105,200,0
0.05,0.75,1,0,0.1251,0.1234,0.122825,0.1251,0.12615,0.12355,0.126525,0.12735,200,0
0.05,0.75,1,1000,0.1389,0.153325,0.147275,0.063625,0.212925,0.012825,0.141275,0.12985,200,0
0.05,0.75,1,2000,0.156275,0.15625,0.177,0.048725,0.1947,0,0.145675,0.121375,200,0
0.05,0.75,1,3000,0.1574,0.17615,0.151975,0.07335,0.171275,0,0.137475,0.132375,200,0
0.05,0.75,1,5000,0.160225,0.158675,0.12765,0.0906,0.1775,0,0.1154,0.16995,200,0
0.05,0.75,1,7000,0.14555,0.1921,0.15695,0.0802,0.154925,0,0.1275,0.142775,200,0
0.05,0.75,1,10000,0.167175,0.139025,0.15455,0.075675,0.1761,0,0.141425,0.14605,200,0
0.05,0.75,1,25000,0.213,0.1789,0.1617,0.053475,0.15575,0,0.1208,0.116375,200,0
0.05,0.75,1,50000,0.18155,0.181675,0.172975,0.074125,0.156425,0,0.12575,0.1075,200,0
0.05,0.75,1,0,0.1238,0.125925,0.12475,0.1226,0.127,0.1232,0.12785,0.124875,200,0
0.05,0.75,1,1000,0.140225,0.14095,0.1348,0.088525,0.226925,0.01095,0.14315,0.114475,200,0
0.05,0.75,1,2000,0.146475,0.17685,0.1624,0.058975,0.189625,0,0.132675,0.133,200,0
0.05,0.75,1,3000,0.157275,0.13975,0.18115,0.065875,0.1274,0,0.125075,0.203475,200,0
0.05,0.75,1,5000,0.176925,0.178525,0.153625,0.06855,0.165725,0,0.1312,0.12545,200,0
0.05,0.75,1,7000,0.174675,0.171875,0.15275,0.119825,0.190725,0,0.086575,0.103575,200,0
0.05,0.75,1,10000,0.1494,0.1961,0.1497,0.063775,0.183525,0,0.1232,0.1343,200,0
0.05,0.75,1,25000,0.134525,0.177125,0.178025,0.05885,0.1769,0,0.167575,0.107,200,0
0.05,0.75,1,50000,0.134575,0.177125,0.137975,0.09695,0.15165,0,0.121725,0.18,200,0
0.1,0.75,1,0,0.125325,0.123475,0.125875,0.12675,0.123525,0.1231,0.126525,0.125425,200,0
0.1,0.75,1,1000,0.137225,0.214025,0.168375,0.09195,0.154575,0.0033,0.1313,0.09925,200,0
0.1,0.75,1,2000,0.1557,0.13025,0.148225,0.076725,0.148825,0,0.143475,0.1968,200,0
0.1,0.75,1,3000,0.155475,0.176725,0.13385,0.0812,0.25725,0,0.09115,0.10435,200,0
0.1,0.75,1,5000,0.146175,0.172825,0.15085,0.04085,0.22365,0,0.181525,0.084125,200,0
0.1,0.75,1,7000,0.130925,0.1665,0.188525,0.0823,0.221325,0,0.099225,0.1112,200,0
0.1,0.75,1,10000,0.1775,0.17885,0.152,0.1081,0.2071,0,0.0721,0.10435,200,0
0.1,0.75,1,25000,0.151275,0.158225,0.16535,0.088975,0.1925,0,0.12615,0.117525,200,0
0.1,0.75,1,50000,0.1253,0.187175,0.144575,0.07125,0.14995,0,0.14505,0.1767,200,0
0.1,0.75,1,0,0.122825,0.125125,0.1248,0.122325,0.124775,0.127775,0.125375,0.127,200,0
0.1,0.75,1,1000,0.13895,0.140025,0.1142,0.09795,0.249675,0.007125,0.15075,0.101325,200,0
0.1,0.75,1,2000,0.177425,0.16465,0.13045,0.078425,0.134175,0,0.146975,0.1679,200,0
0.1,0.75,1,3000,0.14655,0.1893,0.16285,0.083575,0.1424,0,0.14415,0.131175,200,0
0.1,0.75,1,5000,0.156875,0.161,0.17435,0.05075,0.1821,0,0.1571,0.117825,200,0
0.1,0.75,1,7000,0.16035,0.143675,0.163025,0.07665,0.21495,0,0.1246,0.11675,200,0
0.1,0.75,1,10000,0.14495,0.16575,0.13285,0.044175,0.213975,0,0.187375,0.110925,200,0
0.1,0.75,1,25000,0.150075,0.155375,0.1611,0.06005,0.1831,0,0.15725,0.13305,200,0
0.1,0.75,1,50000,0.140925,0.1584,0.181725,0.08845,0.184375,0,0.120075,0.12605,200,0
0.15,0.75,1,0,0.122925,0.126925,0.124025,0.1284,0.12475,0.123875,0.122025,0.127075,200,0
0.15,0.75,1,1000,0.12215,0.16135,0.17255,0.082175,0.21675,0,0.122075,0.12295,200,0
0.15,0.75,1,2000,0.118925,0.1829,0.1539,0.086775,0.2515,0,0.1126,0.0934,200,0
0.15,0.75,1,3000,0.154775,0.150325,0.161375,0.06685,0.21535,0,0.145,0.106325,200,0
0.15,0.75,1,5000,0.119425,0.1921,0.145675,0.12775,0.22865,0,0.0924,0.094,200,0
0.15,0.75,1,7000,0.1529,0.16575,0.15435,0.08125,0.17465,0,0.1282,0.1429,200,0
0.15,0.75,1,10000,0.17555,0.1541,0.159425,0.073675,0.183725,0,0.1654,0.088125,200,0
0.15,0.75,1,25000,0.145725,0.1634,0.141275,0.090225,0.1874,0,0.1601,0.111875,200,0
0.15,0.75,1,50000,0.144975,0.186775,0.128,0.07305,0.14795,0,0.15585,0.1634,200,0
0.15,0.75,1,0,0.12675,0.124225,0.1253,0.125225,0.12405,0.125875,0.1236,0.124975,200,0
0.15,0.75,1,1000,0.091725,0.149675,0.133825,0.07885,0.262825,0.0085,0.13535,0.13925,200,0
0.15,0.75,1,2000,0.118125,0.1952,0.130125,0.1119,0.185575,0,0.151825,0.10725,200,0
0.15,0.75,1,3000,0.156125,0.1304,0.16585,0.04725,0.22435,0,0.1383,0.137725,200,0
0.15,0.75,1,5000,0.15035,0.16055,0.163675,0.099025,0.2181,0,0.104725,0.103575,200,0
0.15,0.75,1,7000,0.157875,0.14025,0.17185,0.086825,0.188,0,0.14275,0.11245,200,0
0.15,0.75,1,10000,0.13615,0.1901,0.12405,0.0829,0.208375,0,0.119225,0.1392,200,0
0.15,0.75,1,25000,0.152325,0.206175,0.13275,0.065575,0.2009,0,0.127075,0.1152,200,0
0.15,0.75,1,50000,0.1495,0.21755,0.15545,0.08715,0.11845,0,0.15305,0.11885,200,0
0.2,0.75,1,0,0.124525,0.12475,0.12305,0.12375,0.127375,0.12615,0.1256,0.1248,200,0
0.2,0.75,1,1000,0.146875,0.20475,0.155175,0.0499,0.179575,0.006325,0.146425,0.110975,200,0
0.2,0.75,1,2000,0.144525,0.140225,0.16445,0.09735,0.177375,0,0.12255,0.153525,200,0
0.2,0.75,1,3000,0.136375,0.17455,0.129925,0.102175,0.23195,0,0.0978,0.127225,200,0
0.2,0.75,1,5000,0.123775,0.171825,0.16225,0.05875,0.20205,0,0.139575,0.141775,200,0
0.2,0.75,1,7000,0.145475,0.185375,0.178275,0.058825,0.2002,0,0.117675,0.114175,200,0
0.2,0.75,1,10000,0.15895,0.2272,0.108,0.089625,0.14375,0,0.13175,0.140725,200,0
0.2,0.75,1,25000,0.12025,0.194425,0.142325,0.09405,0.216675,0,0.079025,0.15325,200,0
0.2,0.75,1,50000,0.11865,0.169575,0.14495,0.0651,0.19105,0,0.157225,0.15345,200,0
0.2,0.75,1,0,0.126175,0.1249,0.125875,0.12175,0.126675,0.121725,0.127875,0.125025,200,0
0.2,0.75,1,1000,0.096575,0.156525,0.16875,0.064875,0.289125,0.021975,0.102075,0.1001,200,0
0.2,0.75,1,2000,0.13535,0.2303,0.156025,0.057025,0.236825,0,0.0815,0.102975,200,0
0.2,0.75,1,3000,0.172475,0.1833,0.13645,0.053875,0.211575,0,0.144125,0.0982,200,0
0.2,0.75,1,5000,0.132925,0.182125,0.16555,0.0339,0.1846,0,0.1788,0.1221,200,0
0.2,0.75,1,7000,0.130125,0.179225,0.124175,0.060875,0.270425,0,0.095425,0.13975,200,0
0.2,0.75,1,10000,0.135825,0.180075,0.13455,0.084575,0.210475,0,0.136975,0.117525,200,0
0.2,0.75,1,25000,0.141025,0.175775,0.1493,0.098875,0.2583,0,0.086325,0.0904,200,0
0.2,0.75,1,50000,0.100825,0.17805,0.1614,0.122275,0.149075,0,0.139375,0.149,200,0
0.25,0.75,1,0,0.124825,0.1251,0.123575,0.12455,0.12605,0.124375,0.1269,0.124625,200,0
0.25,0.75,1,1000,0.098,0.193875,0.171975,0.06805,0.167075,0.000575,0.1515,0.14895,200,0
0.25,0.75,1,2000,0.10125,0.1829,0.1049,0.0838,0.2463,0,0.142475,0.138375,200,0
0.25,0.75,1,3000,0.11445,0.156925,0.19065,0.07,0.232,0,0.117875,0.1181,200,0
0.25,0.75,1,5000,0.133375,0.15765,0.1841,0.068925,0.188125,0,0.144025,0.1238,200,0
0.25,0.75,1,7000,0.1248,0.1659,0.166025,0.080625,0.243025,0,0.11845,0.101175,200,0
0.25,0.75,1,10000,0.11595,0.192275,0.117225,0.075075,0.21895,0,0.107125,0.1734,200,0
0.25,0.75,1,25000,0.10965,0.17965,0.154675,0.057925,0.263825,0,0.131675,0.1026,200,0
0.25,0.75,1,50000,0.126275,0.228775,0.139825,0.077875,0.161125,0,0.117775,0.14835,200,0
0.25,0.75,1,0,0.122,0.125125,0.127675,0.123425,0.125225,0.126175,0.1223,0.128075,200,0
0.25,0.75,1,1000,0.12225,0.204,0.09835,0.067175,0.157875,0.0152,0.134225,0.200925,200,0
0.25,0.75,1,2000,0.110175,0.171975,0.167725,0.065225,0.1776,0,0.166675,0.140625,200,0
0.25,0.75,1,3000,0.1238,0.183775,0.172525,0.046425,0.239225,0,0.136325,0.097925,200,0
0.25,0.75,1,5000,0.121625,0.2056,0.1308,0.103775,0.143975,0,0.111425,0.1828,200,0
0.25,0.75,1,7000,0.131825,0.165525,0.1251,0.074525,0.288925,0,0.10265,0.11145,200,0
0.25,0.75,1,10000,0.107825,0.127825,0.19375,0.070225,0.21485,0,0.161425,0.1241,200,0
0.25,0.75,1,25000,0.123675,0.18495,0.143725,0.05905,0.26905,0,0.120775,0.098775,200,0
0.25,0.75,1,50000,0.1385,0.165225,0.18195,0.050975,0.18405,0,0.1417,0.1376,200,0
0.3,0.75,1,0,0.1259,0.125975,0.1281,0.123725,0.12415,0.124525,0.122125,0.1255,200,0
0.3,0.75,1,1000,0.088525,0.2297,0.10545,0.0908,0.190425,0.018825,0.104875,0.1714,200,0
0.3,0.75,1,2000,0.120175,0.1745,0.153,0.0952,0.169375,0.00635,0.12145,0.15995,200,0
0.3,0.75,1,3000,0.14985,0.1442,0.11475,0.0934,0.193725,0,0.1679,0.136175,200,0
0.3,0.75,1,5000,0.09695,0.1508,0.1199,0.098275,0.24375,0,0.1231,0.167225,200,0
0.3,0.75,1,7000,0.107975,0.190125,0.126325,0.04255,0.267975,0,0.14065,0.1244,200,0
0.3,0.75,1,10000,0.09665,0.19045,0.146475,0.070075,0.1799,0,0.135975,0.180475,200,0
0.3,0.75,1,25000,0.090325,0.203525,0.138975,0.050875,0.230625,0,0.128025,0.15765,200,0
0.3,0.75,1,50000,0.101225,0.18815,0.1472,0.098575,0.201825,0,0.098975,0.16405,200,0
0.3,0.75,1,0,0.122,0.1249,0.125325,0.128175,0.12555,0.126775,0.124275,0.123,200,0
0.3,0.75,1,1000,0.1057,0.184325,0.158025,0.0802,0.175875,0.003825,0.096775,0.195275,200,0
0.3,0.75,1,2000,0.143175,0.166625,0.131825,0.078975,0.19665,0,0.1469,0.13585,200,0
0.3,0.75,1,3000,0.101875,0.20565,0.15555,0.084,0.1972,0,0.14275,0.112975,200,0
0.3,0.75,1,5000,0.0981,0.1821,0.1248,0.05015,0.23315,0,0.1111,0.2006,200,0
0.3,0.75,1,7000,0.095575,0.196825,0.1982,0.044725,0.226425,0,0.12425,0.114,200,0
0.3,0.75,1,10000,0.098375,0.154325,0.132125,0.07095,0.300925,0,0.1247,0.1186,200,0
0.3,0.75,1,25000,0.099525,0.169075,0.12775,0.044,0.27275,0,0.1202,0.1667,200,0
0.3,0.75,1,50000,0.101325,0.211275,0.122225,0.081775,0.3073,0,0.0793,0.0968,200,0
0.35,0.75,1,0,0.127725,0.1253,0.12625,0.12475,0.123675,0.125475,0.123375,0.12345,200,0
0.35,0.75,1,1000,0.0906,0.162275,0.11665,0.075125,0.149175,0.075325,0.0844,0.24645,200,0
0.35,0.75,1,2000,0.0801,0.160675,0.115575,0.073075,0.21505,0.0307,0.1328,0.192025,200,0
0.35,0.75,1,3000,0.09695,0.2287,0.111225,0.0709,0.296925,0,0.089825,0.105475,200,0
0.35,0.75,1,5000,0.1286,0.179725,0.159075,0.037825,0.25595,0,0.12235,0.116475,200,0
0.35,0.75,1,7000,0.077525,0.2068,0.12945,0.037125,0.2269,0,0.126975,0.195225,200,0
0.35,0.75,1,10000,0.1111,0.1773,0.101575,0.063175,0.3051,0,0.104725,0.137025,200,0
0.35,0.75,1,25000,0.10835,0.2079,0.163425,0.072675,0.2174,0,0.113,0.11725,200,0
0.35,0.75,1,50000,0.069125,0.190725,0.136425,0.058875,0.171275,0,0.115075,0.2585,200,0
0.35,0.75,1,0,0.12475,0.125375,0.124175,0.12635,0.127325,0.12395,0.12485,0.123225,200,0
0.35,0.75,1,1000,0.039525,0.219525,0.08865,0.131075,0.09525,0.110675,0.071375,0.243925,200,0
0.35,0.75,1,2000,0.013475,0.271875,0.02075,0.191325,0.016875,0.200975,0.0127,0.272025,200,0
0.35,0.75,1,3000,0,0.269275,0,0.256325,0,0.231225,0,0.243175,200,0
0.35,0.75,1,5000,0,0.242725,0,0.2571,0,0.24245,0,0.257725,200,0
0.35,0.75,1,7000,0,0.28655,0,0.271475,0,0.214475,0,0.2275,200,0
0.35,0.75,1,10000,0,0.2592,0,0.255375,0,0.2238,0,0.261625,200,0
0.35,0.75,1,25000,0,0.2243,0,0.24625,0,0.274875,0,0.254575,200,0
0.35,0.75,1,50000,0,0.244975,0,0.250325,0,0.2646,0,0.2401,200,0
0.4,0.75,1,0,0.1252,0.124625,0.1264,0.12925,0.12275,0.123975,0.124175,0.123625,200,0
0.4,0.75,1,1000,0,0.24475,0,0.234025,0,0.2734,0,0.247825,200,0
0.4,0.75,1,2000,0,0.2557,0,0.281125,0,0.247225,0,0.21595,200,0
0.4,0.75,1,3000,0,0.2459,0,0.2494,0,0.266975,0,0.237725,200,0
0.4,0.75,1,5000,0,0.22195,0,0.2619,0,0.268725,0,0.247425,200,0
0.4,0.75,1,7000,0,0.264325,0,0.250725,0,0.26595,0,0.219,200,0
0.4,0.75,1,10000,0,0.272175,0,0.2337,0,0.233875,0,0.26025,200,0
0.4,0.75,1,25000,0,0.252475,0,0.272175,0,0.24105,0,0.2343,200,0
0.4,0.75,1,50000,0,0.24285,0,0.24005,0,0.2619,0,0.2552,200,0
0,0.75,1,0,0.124825,0.124725,0.1237,0.125125,0.125,0.1273,0.1225,0.126825,200,0
0,0.75,1,1000,0.001,0.429,0.002775,0.24435,0.036275,0.0846,0.01695,0.18505,200,0
0,0.75,1,3000,0.001,0.429,0.002775,0.24435,0.036275,0.0846,0.01695,0.18505,200,2000
0,0.75,1,5000,0.001,0.429,0.002775,0.24435,0.036275,0.0846,0.01695,0.18505,200,2000
0,0.75,1,7000,0.001,0.429,0.002775,0.24435,0.036275,0.0846,0.01695,0.18505,200,2000
0,0.75,1,10000,0.001,0.429,0.002775,0.24435,0.036275,0.0846,0.01695,0.18505,200,2000
0,0.75,1,25000,0.001,0.429,0.002775,0.24435,0.036275,0.0846,0.01695,0.18505,200,2000
0,0.75,1,50000,0.001,0.429,0.002775,0.24435,0.036275,0.0846,0.01695,0.18505,200,2000
0.4,0.75,1,0,0.12855,0.123025,0.12665,0.1259,0.1223,0.12285,0.124825,0.1259,200,0
0.4,0.75,1,1000,0.00255,0.247875,0,0.237075,0.003775,0.2446,0.00435,0.259775,200,0
0.4,0.75,1,2000,0,0.269625,0,0.25865,0,0.2424,0,0.229325,200,0
0.4,0.75,1,3000,0,0.24725,0,0.26085,0,0.233225,0,0.258675,200,0
0.4,0.75,1,5000,0,0.249025,0,0.228475,0,0.275575,0,0.246925,200,0
0.4,0.75,1,7000,0,0.243325,0,0.2522,0,0.255025,0,0.24945,200,0
0.4,0.75,1,10000,0,0.242125,0,0.268325,0,0.2535,0,0.23605,200,0
0.4,0.75,1,25000,0,0.26315,0,0.25555,0,0.2558,0,0.2255,200,0
0.4,0.75,1,50000,0,0.24305,0,0.241725,0,0.241075,0,0.27415,200,0
0.05,0.75,1,0,0.1262,0.1238,0.1235,0.12615,0.1232,0.124,0.126125,0.127025,200,0
0.05,0.75,1,1000,0.125275,0.1386,0.1221,0.09695,0.272025,0.0206,0.1106,0.11385,200,0
0.05,0.75,1,2000,0.14385,0.1569,0.146325,0.0732,0.183575,0,0.13925,0.1569,200,0
0.05,0.75,1,3000,0.128025,0.1486,0.170825,0.106925,0.213825,0,0.0819,0.1499,200,0
0.05,0.75,1,5000,0.162075,0.15135,0.141475,0.128775,0.207525,0,0.0884,0.1204,200,0
0.05,0.75,1,7000,0.16735,0.1847,0.17055,0.106275,0.15575,0,0.11015,0.105225,200,0
0.05,0.75,1,10000,0.157925,0.173525,0.1603,0.08765,0.1613,0,0.11535,0.14395,200,0
0.05,0.75,1,25000,0.1451,0.154825,0.15395,0.1117,0.241,0,0.1063,0.087125,200,0
0.05,0.75,1,50000,0.171925,0.16375,0.19375,0.054575,0.144275,0,0.132225,0.1395,200,0
0,0.75,1,0,0.1252,0.12485,0.123925,0.126125,0.123275,0.126475,0.123525,0.126625,200,0
0,0.75,1,1000,0.107625,0.11355,0.114,0.120175,0.1402,0.1319,0.121875,0.150675,200,0
0,0.75,1,2000,0.152025,0.1477,0.163525,0.0709,0.140025,0.009225,0.1679,0.1487,200,0
0,0.75,1,3000,0.174775,0.195175,0.146875,0.0615,0.175475,0,0.105225,0.140975,200,0
0,0.75,1,5000,0.181875,0.14475,0.148625,0.067925,0.1652,0,0.15005,0.141575,200,0
0,0.75,1,7000,0.1421,0.1538,0.1953,0.086025,0.133925,0,0.176575,0.112275,200,0
0,0.75,1,10000,0.196775,0.159325,0.14435,0.068475,0.18875,0,0.118,0.124325,200,0
0,0.75,1,25000,0.14835,0.170575,0.15595,0.07725,0.205925,0,0.123825,0.118125,200,0
0,0.75,1,50000,0.1279,0.138425,0.1302,0.075375,0.248825,0,0.1488,0.130475,200,0
0.1,0.75,1,0,0.126725,0.123,0.123425,0.122725,0.12435,0.1256,0.126575,0.1276,200,0
0.1,0.75,1,1000,0.179,0.184175,0.148925,0.066875,0.148625,0.01535,0.131475,0.125575,200,0
0.1,0.75,1,2000,0.14885,0.164475,0.161425,0.080525,0.157825,0,0.16475,0.12215,200,0
0.1,0.75,1,3000,0.123475,0.1621,0.164075,0.098075,0.207225,0,0.12345,0.1216,200,0
0.1,0.75,1,5000,0.15465,0.166475,0.148525,0.0783,0.2171,0,0.1455,0.08945,200,0
0.1,0.75,1,7000,0.164725,0.158475,0.150275,0.1069,0.1496,0,0.132225,0.1378,200,0
0.1,0.75,1,10000,0.18155,0.160675,0.15905,0.079475,0.141925,0,0.158325,0.119,200,0
0.1,0.75,1,25000,0.1424,0.167875,0.1678,0.0981,0.149325,0,0.1275,0.147,200,0
0.1,0.75,1,50000,0.16745,0.1595,0.175825,0.08,0.15195,0,0.13665,0.128625,200,0
0.05,0.75,1,0,0.12625,0.1243,0.122675,0.124425,0.126175,0.12405,0.1265,0.125625,200,0
0.05,0.75,1,1000,0.14385,0.18245,0.1681,0.113075,0.127475,0.00675,0.1568,0.1015,200,0
0.05,0.75,1,2000,0.15695,0.155225,0.156975,0.092125,0.206675,0,0.1133,0.11875,200,0
0.05,0.75,1,3000,0.1449,0.16615,0.174275,0.081225,0.168325,0,0.14605,0.119075,200,0
0.05,0.75,1,5000,0.169225,0.164025,0.15025,0.061225,0.17955,0,0.1536,0.122125,200,0
0.05,0.75,1,7000,0.146075,0.148475,0.1777,0.067225,0.133775,0,0.153825,0.172925,200,0
0.05,0.75,1,10000,0.1216,0.145875,0.13455,0.080525,0.25305,0,0.12715,0.13725,200,0
0.05,0.75,1,25000,0.1627,0.161575,0.16705,0.076175,0.139975,0,0.1597,0.132825,200,0
0.05,0.75,1,50000,0.1626,0.184425,0.1902,0.0955,0.13355,0,0.11595,0.117775,200,0
0.15,0.75,1,0,0.124125,0.125075,0.124225,0.1251,0.12105,0.127175,0.1287,0.12455,200,0
0.15,0.75,1,1000,0.118125,0.17755,0.134925,0.0667,0.19375,0,0.140925,0.168025,200,0
0.15,0.75,1,2000,0.134275,0.167825,0.18465,0.054575,0.1765,0,0.15385,0.128325,200,0
0.15,0.75,1,3000,0.141475,0.1665,0.141125,0.068775,0.31015,0,0.091825,0.08015,200,0
0.15,0.75,1,5000,0.14015,0.150625,0.1364,0.096025,0.220575,0,0.12845,0.127775,200,0
0.15,0.75,1,7000,0.12685,0.203575,0.16105,0.068825,0.195725,0,0.124225,0.11975,200,0
0.15,0.75,1,10000,0.12515,0.18255,0.135825,0.08145,0.1238,0,0.127475,0.22375,200,0
0.15,0.75,1,25000,0.141125,0.164275,0.139575,0.062575,0.211225,0,0.18185,0.099375,200,0
0.15,0.75,1,50000,0.135125,0.151225,0.164725,0.066475,0.273425,0,0.132025,0.077,200,0
0.1,0.75,1,0,0.123,0.124525,0.1257,0.125325,0.12285,0.125825,0.127125,0.12565,200,0
0.1,0.75,1,1000,0.147225,0.20915,0.146825,0.078625,0.1412,0.02625,0.1193,0.131425,200,0
0.1,0.75,1,2000,0.132275,0.15445,0.14335,0.103125,0.255075,0,0.115925,0.0958,200,0
0.1,0.75,1,3000,0.15365,0.165825,0.13515,0.0466,0.251475,0,0.134,0.1133,200,0
0.1,0.75,1,5000,0.140875,0.17375,0.122075,0.072525,0.254125,0,0.140375,0.096275,200,0
0.1,0.75,1,7000,0.146625,0.1753,0.188075,0.0612,0.210375,0,0.12575,0.092675,200,0
0.1,0.75,1,10000,0.125475,0.159725,0.1964,0.10235,0.18675,0,0.12245,0.10685,200,0
0.1,0.75,1,25000,0.1468,0.168675,0.139175,0.10185,0.213725,0,0.118825,0.11095,200,0
0.1,0.75,1,50000,0.153225,0.168525,0.2135,0.07185,0.180925,0,0.13705,0.074925,200,0
0.15,0.75,1,0,0.125175,0.121875,0.127075,0.124475,0.12575,0.124,0.12735,0.1243,200,0
0.15,0.75,1,1000,0.13495,0.1463,0.13375,0.048825,0.21415,0,0.1724,0.149625,200,0
0.15,0.75,1,2000,0.1228,0.1899,0.1736,0.068775,0.161,0,0.16315,0.120775,200,0
0.15,0.75,1,3000,0.153875,0.163525,0.15705,0.097,0.1861,0,0.125,0.11745,200,0
0.15,0.75,1,5000,0.16145,0.14585,0.1802,0.094325,0.161475,0,0.147225,0.109475,200,0
0.15,0.75,1,7000,0.118775,0.190625,0.14885,0.05435,0.21715,0,0.1464,0.12385,200,0
0.15,0.75,1,10000,0.14835,0.190375,0.152475,0.06425,0.15545,0,0.1541,0.135,200,0
0.15,0.75,1,25000,0.120075,0.172075,0.140775,0.0539,0.214275,0,0.175675,0.123225,200,0
0.15,0.75,1,50000,0.174375,0.156725,0.150325,0.113925,0.189875,0,0.09295,0.121825,200,0
0.2,0.75,1,0,0.12265,0.125625,0.123775,0.126125,0.1233,0.124875,0.1271,0.12655,200,0
0.2,0.75,1,1000,0.1511,0.151025,0.153875,0.06345,0.1429,0.00245,0.13115,0.20405,200,0
0.2,0.75,1,2000,0.1096,0.13965,0.151475,0.0966,0.20495,0,0.14315,0.154575,200,0
0.2,0.75,1,3000,0.1329,0.185375,0.137475,0.080775,0.213475,0,0.15765,0.09235,200,0
0.2,0.75,1,5000,0.120975,0.1906,0.106175,0.108625,0.21675,0,0.1148,0.142075,200,0
0.2,0.75,1,7000,0.156425,0.14965,0.1831,0.065975,0.185225,0,0.15465,0.104975,200,0
0.2,0.75,1,10000,0.109975,0.164975,0.13555,0.079825,0.244525,0,0.1329,0.13225,200,0
0.2,0.75,1,25000,0.1296,0.19605,0.124925,0.119,0.175425,0,0.10775,0.14725,200,0
0.2,0.75,1,50000,0.129925,0.1665,0.1403,0.10475,0.206975,0,0.137325,0.114225,200,0
0.2,0.75,1,0,0.123875,0.1256,0.12455,0.125875,0.1266,0.126675,0.1244,0.122425,200,0
0.2,0.75,1,1000,0.104175,0.211175,0.1506,0.0515,0.188575,0.00885,0.138675,0.14645,200,0
0.2,0.75,1,2000,0.1297,0.174525,0.14925,0.0458,0.177975,0,0.17875,0.144,200,0
0.2,0.75,1,3000,0.13725,0.1665,0.13805,0.089925,0.176175,0,0.116525,0.175575,200,0
0.2,0.75,1,5000,0.13775,0.1678,0.1667,0.05665,0.1883,0,0.17455,0.10825,200,0
0.2,0.75,1,7000,0.12325,0.1758,0.15385,0.0736,0.2771,0,0.122,0.0744,200,0
0.2,0.75,1,10000,0.13465,0.159575,0.151425,0.061225,0.18715,0,0.182575,0.1234,200,0
0.2,0.75,1,25000,0.175475,0.186275,0.141125,0.100775,0.18265,0,0.11885,0.09485,200,0
0.2,0.75,1,50000,0.12135,0.19335,0.128825,0.1014,0.219975,0,0.105225,0.129875,200,0
0.25,0.75,1,0,0.1243,0.123175,0.1233,0.123725,0.125325,0.1235,0.1274,0.129275,200,0
0.25,0.75,1,1000,0.1119,0.19495,0.166,0.073475,0.128025,0.0279,0.1154,0.18235,200,0
0.25,0.75,1,2000,0.1384,0.21175,0.162475,0.066625,0.17765,0,0.138825,0.104275,200,0
0.25,0.75,1,3000,0.108425,0.1932,0.141125,0.06305,0.18665,0,0.137125,0.170425,200,0
0.25,0.75,1,5000,0.125775,0.1783,0.141075,0.07385,0.2185,0,0.139625,0.122875,200,0
0.25,0.75,1,7000,0.134975,0.1487,0.150025,0.06925,0.177,0,0.154925,0.165125,200,0
0.25,0.75,1,10000,0.1186,0.190125,0.1361,0.07295,0.169775,0,0.186475,0.125975,200,0
0.25,0.75,1,25000,0.111,0.235075,0.143425,0.069825,0.182675,0,0.1359,0.1221,200,0
0.25,0.75,1,50000,0.0836,0.2087,0.125225,0.0748,0.243475,0,0.1222,0.142,200,0
0.3,0.75,1,0,0.126925,0.1238,0.12585,0.1263,0.1223,0.1245,0.126475,0.12385,200,0
0.3,0.75,1,1000,0.108525,0.148525,0.139175,0.1383,0.17135,0.0361,0.134,0.124025,200,0
0.3,0.75,1,2000,0.119025,0.200275,0.1217,0.064775,0.186575,0,0.150225,0.157425,200,0
0.3,0.75,1,3000,0.1429,0.175225,0.1709,0.0628,0.181475,0,0.15,0.1167,200,0
0.3,0.75,1,5000,0.114125,0.211575,0.164875,0.06245,0.1991,0,0.12535,0.122525,200,0
0.3,0.75,1,7000,0.138275,0.17415,0.128575,0.086275,0.22985,0,0.108475,0.1344,200,0
0.3,0.75,1,10000,0.12665,0.20785,0.1134,0.08305,0.22505,0,0.11555,0.12845,200,0
0.3,0.75,1,25000,0.123975,0.1803,0.1835,0.050875,0.160575,0,0.189725,0.11105,200,0
0.3,0.75,1,50000,0.12025,0.2093,0.1679,0.0632,0.187275,0,0.107,0.145075,200,0
0.25,0.75,1,0,0.1278,0.12245,0.12405,0.125925,0.122925,0.1262,0.125525,0.125125,200,0
0.25,0.75,1,1000,0.12245,0.1505,0.14055,0.0798,0.14765,0.01765,0.1675,0.1739,200,0
0.25,0.75,1,2000,0.11625,0.194175,0.152475,0.08575,0.2346,0,0.12275,0.094,200,0
0.25,0.75,1,3000,0.099875,0.17765,0.12245,0.074375,0.252025,0,0.109,0.164625,200,0
0.25,0.75,1,5000,0.11405,0.208075,0.104575,0.08245,0.2598,0,0.094125,0.136925,200,0
0.25,0.75,1,7000,0.08345,0.17455,0.16305,0.075575,0.2075,0,0.168825,0.12705,200,0
0.25,0.75,1,10000,0.120575,0.1967,0.12285,0.069325,0.273325,0,0.078725,0.1385,200,0
0.25,0.75,1,25000,0.08305,0.15795,0.1281,0.106325,0.303175,0,0.0701,0.1513,200,0
0.25,0.75,1,50000,0.137775,0.1849,0.151325,0.11935,0.225925,0,0.110475,0.07025,200,0
0.35,0.75,1,0,0.127125,0.123575,0.12415,0.123575,0.12225,0.127775,0.125425,0.126125,200,0
0.35,0.75,1,1000,0.1063,0.21295,0.117675,0.107925,0.11425,0.055275,0.1384,0.147225,200,0
0.35,0.75,1,2000,0.075875,0.220975,0.127725,0.04125,0.195575,0.027575,0.108425,0.2026,200,0
0.35,0.75,1,3000,0.088125,0.24885,0.12605,0.07105,0.14495,0.032525,0.1588,0.12965,200,0
0.35,0.75,1,5000,0.12415,0.172775,0.10685,0.035525,0.3263,0,0.109125,0.125275,200,0
0.35,0.75,1,7000,0.10105,0.188725,0.108525,0.057125,0.300425,0,0.128825,0.115325,200,0
0.35,0.75,1,10000,0.11135,0.1716,0.090325,0.094325,0.261875,0,0.127775,0.14275,200,0
0.35,0.75,1,25000,0.0986,0.167475,0.179125,0.03725,0.289275,0,0.102825,0.12545,200,0
0.35,0.75,1,50000,0.0866,0.153925,0.13335,0.032825,0.193475,0,0.1674,0.232425,200,0
0.3,0.75,1,0,0.1256,0.126875,0.1254,0.126275,0.125325,0.124625,0.122525,0.123375,200,0
0.3,0.75,1,1000,0.108,0.15615,0.1555,0.11725,0.18265,0.00995,0.145,0.1255,200,0
0.3,0.75,1,2000,0.148725,0.2177,0.146775,0.0628,0.182825,0,0.123675,0.1175,200,0
0.3,0.75,1,3000,0.1307,0.164775,0.151675,0.0675,0.200675,0,0.140475,0.1442,200,0
0.3,0.75,1,5000,0.12705,0.199225,0.147575,0.08825,0.21405,0,0.113575,0.110275,200,0
0.3,0.75,1,7000,0.100275,0.205725,0.07535,0.122875,0.2202,0,0.069325,0.20625,200,0
0.3,0.75,1,10000,0.10365,0.19965,0.120625,0.063275,0.23985,0,0.0875,0.18545,200,0
0.3,0.75,1,25000,0.081375,0.18225,0.128675,0.0674,0.310125,0,0.09395,0.136225,200,0
0.3,0.75,1,50000,0.136075,0.1639,0.18635,0.054675,0.187175,0,0.15375,0.118075,200,0
0.4,0.75,1,0,0.12635,0.12225,0.122825,0.12565,0.12705,0.127425,0.1241,0.12435,200,0
0.4,0.75,1,1000,0,0.287875,0,0.237575,0,0.2152,0,0.25935,200,0
0.4,0.75,1,2000,0,0.266325,0,0.241825,0,0.205725,0,0.286125,200,0
0.4,0.75,1,3000,0,0.256275,0,0.223,0,0.233725,0,0.287,200,0
0.4,0.75,1,5000,0,0.253725,0,0.277,0,0.2452,0,0.224075,200,0
0.4,0.75,1,7000,0,0.253375,0,0.2356,0,0.2384,0,0.272625,200,0
0.4,0.75,1,10000,0,0.23055,0,0.2459,0,0.253225,0,0.270325,200,0
0.4,0.75,1,25000,0,0.2446,0,0.233675,0,0.250225,0,0.2715,200,0
0.4,0.75,1,50000,0,0.246325,0,0.242625,0,0.260675,0,0.250375,200,0
0.35,0.75,1,0,0.12485,0.12355,0.1247,0.12335,0.128425,0.12375,0.124575,0.1268,200,0
0.35,0.75,1,1000,0.06,0.212175,0.102225,0.12165,0.15855,0.07955,0.053175,0.212675,200,0
0.35,0.75,1,2000,0.050675,0.214075,0.076475,0.144025,0.101575,0.16245,0.061675,0.18905,200,0
0.35,0.75,1,3000,0.023975,0.250925,0.04715,0.185075,0.04075,0.1653,0.03825,0.248575,200,0
0.35,0.75,1,5000,0.002125,0.2705,0.0094,0.229625,0.04705,0.1894,0.020125,0.231775,200,0
0.35,0.75,1,7000,0,0.2367,0,0.241075,0,0.2626,0,0.259625,200,0
0.35,0.75,1,10000,0,0.2455,0,0.270875,0,0.2425,0,0.241125,200,0
0.35,0.75,1,25000,0,0.26805,0,0.24995,0,0.24195,0,0.24005,200,0
0.35,0.75,1,50000,0,0.248925,0,0.257425,0,0.25615,0,0.2375,200,0
0,0.75,1,0,0.1242,0.124625,0.12435,0.1237,0.12555,0.1255,0.124975,0.1271,200,0
0,0.75,1,1000,0.10015,0.17245,0.1376,0.176875,0.1153,0.0686,0.077325,0.1517,200,0
0,0.75,1,2000,0.1669,0.18835,0.1469,0.085775,0.14805,0.0061,0.10825,0.149675,200,0
0,0.75,1,3000,0.1648,0.155325,0.16545,0.086725,0.193725,0,0.115975,0.118,200,0
0,0.75,1,5000,0.1324,0.172975,0.16465,0.1026,0.1632,0,0.141975,0.1222,200,0
0,0.75,1,7000,0.179675,0.170475,0.166575,0.07225,0.182825,0,0.127925,0.100275,200,0
0,0.75,1,10000,0.15895,0.169725,0.154375,0.0828,0.228575,0,0.112875,0.0927,200,0
0,0.75,1,25000,0.153325,0.171525,0.15525,0.07695,0.2347,0,0.123675,0.084575,200,0
0,0.75,1,50000,0.167825,0.204275,0.15915,0.09085,0.142175,0,0.097875,0.13785,200,0
0.4,0.75,1,0,0.123525,0.126325,0.12645,0.125,0.122125,0.12495,0.12615,0.125475,200,0
0.4,0.75,1,1000,0.022025,0.224975,0.020525,0.2078,0.051725,0.2055,0.028975,0.238475,200,0
0.4,0.75,1,2000,0,0.23975,0,0.261575,0,0.251125,0,0.24755,200,0
0.4,0.75,1,3000,0,0.2573,0,0.2498,0,0.258925,0,0.233975,200,0
0.4,0.75,1,5000,0,0.252025,0,0.251925,0,0.232825,0,0.263225,200,0
0.4,0.75,1,7000,0,0.279675,0,0.219025,0,0.226225,0,0.275075,200,0
0.4,0.75,1,10000,0,0.25805,0,0.263825,0,0.231975,0,0.24615,200,0
0.4,0.75,1,25000,0,0.2322,0,0.261425,0,0.27555,0,0.230825,200,0
0.4,0.75,1,50000,0,0.250075,0,0.2567,0,0.2382,0,0.255025,200,0
0,0.75,1,0,0.1244,0.1244,0.122825,0.124975,0.1265,0.125425,0.126825,0.12465,200,0
0,0.75,1,1000,0.0344,0.34915,0.02845,0.154375,0.056725,0.115125,0.0584,0.203375,200,0
0,0.75,1,2000,0.176525,0.18065,0.1525,0.078425,0.143225,0.0258,0.099525,0.14335,200,0
0,0.75,1,3000,0.15095,0.184075,0.158825,0.078125,0.196475,0,0.134675,0.096875,200,0
0,0.75,1,5000,0.1733,0.15065,0.168425,0.0834,0.171775,0,0.108775,0.143675,200,0
0,0.75,1,7000,0.161025,0.144625,0.144,0.073625,0.228,0,0.111425,0.1373,200,0
0,0.75,1,10000,0.169325,0.175175,0.168875,0.09005,0.146325,0,0.11375,0.1365,200,0
0,0.75,1,25000,0.18955,0.157775,0.151725,0.0926,0.2132,0,0.099975,0.095175,200,0
0,0.75,1,50000,0.19985,0.17995,0.1835,0.07385,0.1419,0,0.1152,0.10575,200,0
0.05,0.75,1,0,0.127525,0.1252,0.125325,0.12385,0.1245,0.122975,0.1264,0.124225,200,0
0.05,0.75,1,1000,0.168425,0.141675,0.124325,0.103675,0.215225,0.00985,0.10595,0.130875,200,0
0.05,0.75,1,2000,0.154125,0.1521,0.189725,0.090325,0.18575,0,0.121475,0.1065,200,0
0.05,0.75,1,3000,0.125425,0.15755,0.15905,0.085925,0.227875,0,0.1336,0.110575,200,0
0.05,0.75,1,5000,0.16745,0.1695,0.1553,0.0773,0.19225,0,0.12975,0.10845,200,0
0.05,0.75,1,7000,0.169125,0.1638,0.1556,0.092375,0.235,0,0.098925,0.085175,200,0
0.05,0.75,1,10000,0.152425,0.213275,0.1696,0.08885,0.14195,0,0.0922,0.1417,200,0
0.05,0.75,1,25000,0.145825,0.155275,0.173175,0.0995,0.158325,0,0.120275,0.147625,200,0
0.05,0.75,1,50000,0.1701,0.1577,0.152725,0.090925,0.231125,0,0.122675,0.07475,200,0
0.05,0.75,1,0,0.126125,0.12465,0.12095,0.122325,0.126325,0.125675,0.12755,0.1264,200,0
0.05,0.75,1,1000,0.199275,0.171975,0.161225,0.0827,0.171725,0.003125,0.118675,0.0913,200,0
0.05,0.75,1,2000,0.18985,0.191075,0.138475,0.064,0.166275,0,0.15445,0.095875,200,0
0.05,0.75,1,3000,0.14145,0.16525,0.170425,0.061425,0.168525,0,0.170975,0.12195,200,0
0.05,0.75,1,5000,0.174625,0.147525,0.1575,0.112825,0.22335,0,0.0954,0.088775,200,0
0.05,0.75,1,7000,0.151325,0.1498,0.154725,0.07985,0.19195,0,0.128325,0.144025,200,0
0.05,0.75,1,10000,0.133825,0.1891,0.139875,0.089925,0.19435,0,0.14245,0.110475,200,0
0.05,0.75,1,25000,0.130025,0.14625,0.143075,0.0605,0.1924,0,0.2159,0.11185,200,0
0.05,0.75,1,50000,0.16345,0.1764,0.1416,0.06295,0.18735,0,0.1678,0.10045,200,0
0.1,0.75,1,0,0.12425,0.125725,0.12605,0.12505,0.125375,0.122875,0.1266,0.124075,200,0
0.1,0.75,1,1000,0.15115,0.1609,0.154875,0.092175,0.117175,0,0.155775,0.16795,200,0
0.1,0.75,1,2000,0.165025,0.14445,0.148075,0.0738,0.1711,0,0.1878,0.10975,200,0
0.1,0.75,1,3000,0.12425,0.149675,0.15125,0.055825,0.24675,0,0.155625,0.116625,200,0
0.1,0.75,1,5000,0.171875,0.1682,0.144525,0.077525,0.216075,0,0.135875,0.085925,200,0
0.1,0.75,1,7000,0.134125,0.188225,0.1795,0.097125,0.176825,0,0.112,0.1122,200,0
0.1,0.75,1,10000,0.165175,0.157275,0.163575,0.072025,0.16105,0,0.14245,0.13845,200,0
0.1,0.75,1,25000,0.1525,0.152,0.19125,0.07705,0.15525,0,0.163775,0.108175,200,0
0.1,0.75,1,50000,0.178125,0.15885,0.15835,0.069575,0.1759,0,0.12325,0.13595,200,0
0.1,0.75,1,0,0.127575,0.12725,0.124725,0.120075,0.12755,0.124975,0.124175,0.123675,200,0
0.1,0.75,1,1000,0.1858,0.14725,0.151625,0.0769,0.187125,0.0002,0.13345,0.11765,200,0
0.1,0.75,1,2000,0.15155,0.1505,0.165875,0.067525,0.17185,0,0.178975,0.113725,200,0
0.1,0.75,1,3000,0.103575,0.161,0.149125,0.098325,0.23215,0,0.14045,0.115375,200,0
0.1,0.75,1,5000,0.161525,0.17835,0.1635,0.06555,0.205275,0,0.11205,0.11375,200,0
0.1,0.75,1,7000,0.167575,0.152775,0.18005,0.08315,0.20305,0,0.1029,0.1105,200,0
0.1,0.75,1,10000,0.173675,0.14255,0.14155,0.085875,0.2095,0,0.112625,0.134225,200,0
0.1,0.75,1,25000,0.138825,0.109925,0.14295,0.091025,0.1437,0,0.117225,0.25635,200,0
0.1,0.75,1,50000,0.133475,0.192125,0.141125,0.1424,0.199075,0,0.096975,0.094825,200,0
0.15,0.75,1,0,0.1268,0.1249,0.123625,0.126675,0.125675,0.123525,0.1254,0.1234,200,0
0.15,0.75,1,1000,0.1216,0.189475,0.157675,0.075725,0.202225,0.005975,0.113875,0.13345,200,0
0.15,0.75,1,2000,0.14095,0.176025,0.146325,0.071225,0.220975,0,0.132975,0.111525,200,0
0.15,0.75,1,3000,0.160775,0.1862,0.1439,0.1052,0.135675,0,0.1001,0.16815,200,0
0.15,0.75,1,5000,0.1614,0.15595,0.1633,0.074925,0.169525,0,0.1826,0.0923,200,0
0.15,0.75,1,7000,0.1649,0.163925,0.1334,0.0862,0.199825,0,0.094275,0.157475,200,0
0.15,0.75,1,10000,0.14635,0.1868,0.21055,0.050325,0.134525,0,0.1626,0.10885,200,0
0.15,0.75,1,25000,0.165425,0.15375,0.165225,0.076025,0.171425,0,0.112875,0.155275,200,0
0.15,0.75,1,50000,0.13065,0.18325,0.123175,0.102875,0.21615,0,0.142875,0.101025,200,0
0.2,0.75,1,0,0.1287,0.123925,0.12385,0.12365,0.125025,0.12635,0.123025,0.125475,200,0
0.2,0.75,1,1000,0.125025,0.17195,0.173475,0.099675,0.202875,0.0226,0.1101,0.0943,200,0
0.2,0.75,1,2000,0.132725,0.1759,0.1819,0.08135,0.16505,0,0.139,0.124075,200,0
0.2,0.75,1,3000,0.1144,0.179825,0.1037,0.1096,0.199825,0,0.131075,0.161575,200,0
0.2,0.75,1,5000,0.13745,0.209275,0.127775,0.068125,0.2386,0,0.1061,0.112675,200,0
0.2,0.75,1,7000,0.115975,0.169075,0.149875,0.08115,0.192425,0,0.182725,0.108775,200,0
0.2,0.75,1,10000,0.141725,0.188675,0.130575,0.102175,0.197075,0,0.136575,0.1032,200,0
0.2,0.75,1,25000,0.151725,0.162675,0.157125,0.10375,0.210275,0,0.10355,0.1109,200,0
0.2,0.75,1,50000,0.1242,0.1763,0.117925,0.11235,0.26145,0,0.098,0.109775,200,0
0.15,0.75,1,0,0.12315,0.12525,0.125825,0.1246,0.1264,0.127325,0.12235,0.1251,200,0
0.15,0.75,1,1000,0.141625,0.150275,0.151325,0.066075,0.15605,0.002275,0.185225,0.14715,200,0
0.15,0.75,1,2000,0.137525,0.1375,0.177375,0.073725,0.2277,0.0021,0.147675,0.0964,200,0
0.15,0.75,1,3000,0.1426,0.184975,0.13025,0.06545,0.155275,0,0.144225,0.177225,200,0
0.15,0.75,1,5000,0.1556,0.1693,0.174225,0.0796,0.131175,0,0.119275,0.170825,200,0
0.15,0.75,1,7000,0.10565,0.1546,0.11055,0.125375,0.2574,0,0.090525,0.1559,200,0
0.15,0.75,1,10000,0.1647,0.200425,0.13335,0.100775,0.19495,0,0.0999,0.1059,200,0
0.15,0.75,1,25000,0.158875,0.215075,0.156225,0.062475,0.18825,0,0.130425,0.088675,200,0
0.15,0.75,1,50000,0.111525,0.187525,0.13575,0.106575,0.268425,0,0.092375,0.097825,200,0
0.25,0.75,1,0,0.124725,0.1284,0.12535,0.123575,0.122125,0.12515,0.1254,0.125275,200,0
0.25,0.75,1,1000,0.11885,0.152125,0.14975,0.068975,0.244875,0.019725,0.142925,0.102775,200,0
0.25,0.75,1,2000,0.091875,0.22765,0.157475,0.070625,0.2333,0,0.107975,0.1111,200,0
0.25,0.75,1,3000,0.123,0.179725,0.15735,0.0965,0.216375,0,0.12355,0.1035,200,0
0.25,0.75,1,5000,0.11375,0.175575,0.15455,0.08065,0.16015,0,0.16105,0.154275,200,0
0.25,0.75,1,7000,0.12955,0.156425,0.1649,0.045675,0.236275,0,0.11345,0.153725,200,0
0.25,0.75,1,10000,0.099725,0.190025,0.14625,0.061375,0.194525,0,0.132075,0.176025,200,0
0.25,0.75,1,25000,0.124975,0.1893,0.13755,0.069175,0.156125,0,0.18255,0.140325,200,0
0.25,0.75,1,50000,0.113525,0.141475,0.153525,0.10815,0.2018,0,0.14135,0.140175,200,0
0.2,0.75,1,0,0.126375,0.12705,0.122775,0.12265,0.124375,0.126275,0.1253,0.1252,200,0
0.2,0.75,1,1000,0.136025,0.1965,0.15875,0.0511,0.16365,0.005925,0.156975,0.131075,200,0
0.2,0.75,1,2000,0.130675,0.170025,0.1669,0.05475,0.198875,0,0.1716,0.107175,200,0
0.2,0.75,1,3000,0.140075,0.193175,0.16965,0.07625,0.112025,0,0.162575,0.14625,200,0
0.2,0.75,1,5000,0.144075,0.150325,0.18275,0.10125,0.166175,0,0.15495,0.100475,200,0
0.2,0.75,1,7000,0.10535,0.16965,0.1515,0.046125,0.221875,0,0.1465,0.159,200,0
0.2,0.75,1,10000,0.13305,0.2144,0.1641,0.0842,0.174,0,0.113525,0.116725,200,0
0.2,0.75,1,25000,0.1505,0.158675,0.1853,0.08855,0.206125,0,0.114325,0.096525,200,0
0.2,0.75,1,50000,0.152975,0.171525,0.147325,0.0786,0.15135,0,0.162775,0.13545,200,0
0.3,0.75,1,0,0.125225,0.122325,0.126075,0.12385,0.123175,0.128025,0.125325,0.126,200,0
0.3,0.75,1,1000,0.092075,0.186525,0.11735,0.10735,0.2246,0.014075,0.113625,0.1444,200,0
0.3,0.75,1,2000,0.103975,0.224575,0.143275,0.100775,0.209425,0.018675,0.084725,0.114575,200,0
0.3,0.75,1,3000,0.1332,0.1726,0.147175,0.10235,0.202975,0.0022,0.12595,0.11355,200,0
0.3,0.75,1,5000,0.0944,0.194025,0.124175,0.081775,0.203,0,0.1398,0.162825,200,0
0.3,0.75,1,7000,0.075425,0.190275,0.1362,0.06005,0.306275,0,0.1303,0.101475,200,0
0.3,0.75,1,10000,0.09455,0.165725,0.1756,0.05135,0.239675,0,0.166475,0.106625,200,0
0.3,0.75,1,25000,0.126,0.2237,0.11575,0.0748,0.23425,0,0.1122,0.1133,200,0
0.3,0.75,1,50000,0.1424,0.1689,0.14025,0.052025,0.222775,0,0.11605,0.1576,200,0
0.25,0.75,1,0,0.124725,0.127925,0.124525,0.124,0.1231,0.123875,0.128325,0.123525,200,0
0.25,0.75,1,1000,0.14435,0.1937,0.157925,0.093575,0.1868,0,0.096525,0.127125,200,0
0.25,0.75,1,2000,0.123725,0.169275,0.10905,0.0785,0.1927,0,0.138625,0.188125,200,0
0.25,0.75,1,3000,0.124575,0.1753,0.152,0.0635,0.1844,0,0.10965,0.190575,200,0
0.25,0.75,1,5000,0.15645,0.181325,0.183925,0.05295,0.1558,0,0.17135,0.0982,200,0
0.25,0.75,1,7000,0.11845,0.1883,0.1557,0.06085,0.270825,0,0.10615,0.099725,200,0
0.25,0.75,1,10000,0.10915,0.156875,0.102025,0.077225,0.299725,0,0.106675,0.148325,200,0
0.25,0.75,1,25000,0.115775,0.176925,0.163,0.06635,0.219625,0,0.132075,0.12625,200,0
0.25,0.75,1,50000,0.109925,0.1875,0.198125,0.06705,0.240625,0,0.120825,0.07595,200,0
0.35,0.75,1,0,0.1238,0.125225,0.12635,0.125225,0.12365,0.126225,0.124675,0.12485,200,0
0.35,0.75,1,1000,0.036,0.22505,0.057525,0.160075,0.117425,0.135425,0.076175,0.192325,200,0
0.35,0.75,1,2000,0.0421,0.222925,0.0433,0.214975,0.087725,0.15045,0.034475,0.20405,200,0
0.35,0.75,1,3000,0.022075,0.256975,0.02355,0.2373,0.007625,0.226625,0.00605,0.2198,200,0
0.35,0.75,1,5000,0,0.270675,0,0.271225,0,0.251,0,0.2071,200,0
0.35,0.75,1,7000,0,0.255,0,0.268675,0,0.2222,0,0.254125,200,0
0.35,0.75,1,10000,0,0.2398,0,0.2566,0,0.2443,0,0.2593,200,0
0.35,0.75,1,25000,0,0.272275,0,0.225575,0,0.2376,0,0.26455,200,0
0.35,0.75,1,50000,0,0.2258,0,0.264025,0,0.266575,0,0.2436,200,0
0.3,0.75,1,0,0.123625,0.12665,0.123475,0.12715,0.12415,0.125575,0.124625,0.12475,200,0
0.3,0.75,1,1000,0.06945,0.204225,0.158275,0.08435,0.206875,0.023825,0.13105,0.12195,200,0
0.3,0.75,1,2000,0.133675,0.18165,0.13265,0.0515,0.18335,0,0.120875,0.1963,200,0
0.3,0.75,1,3000,0.120875,0.164025,0.111675,0.11045,0.249825,0,0.118225,0.124925,200,0
0.3,0.75,1,5000,0.1047,0.18445,0.127475,0.065875,0.261575,0,0.146575,0.10935,200,0
0.3,0.75,1,7000,0.135125,0.166125,0.1692,0.0514,0.27345,0,0.0923,0.1124,200,0
0.3,0.75,1,10000,0.0954,0.18805,0.114075,0.06095,0.289775,0,0.08425,0.1675,200,0
0.3,0.75,1,25000,0.10995,0.158625,0.12735,0.063875,0.28405,0,0.1194,0.13675,200,0
0.3,0.75,1,50000,0.103975,0.172475,0.160725,0.048525,0.276675,0,0.136825,0.1008,200,0
0.4,0.75,1,0,0.123925,0.12325,0.12645,0.1243,0.12425,0.126025,0.1252,0.1266,200,0
0.4,0.75,1,1000,0,0.227575,0.003375,0.26175,0.00045,0.24695,0,0.2599,200,0
0.4,0.75,1,2000,0,0.2513,0,0.2613,0,0.218375,0,0.269025,200,0
0.4,0.75,1,3000,0,0.2356,0,0.24105,0,0.272025,0,0.251325,200,0
0.4,0.75,1,5000,0,0.256125,0,0.2474,0,0.25765,0,0.238825,200,0
0.4,0.75,1,7000,0,0.269825,0,0.249075,0,0.2347,0,0.2464,200,0
0.4,0.75,1,10000,0,0.237675,0,0.2359,0,0.246825,0,0.2796,200,0
0.4,0.75,1,25000,0,0.2427,0,0.2588,0,0.259825,0,0.238675,200,0
0.4,0.75,1,50000,0,0.24245,0,0.254175,0,0.2493,0,0.254075,200,0
0.35,0.75,1,0,0.125225,0.1247,0.127375,0.1226,0.128,0.12335,0.1239,0.12485,200,0
0.35,0.75,1,1000,0.028875,0.164075,0.1067,0.1192,0.140825,0.127825,0.080475,0.232025,200,0
0.35,0.75,1,2000,0.08645,0.174625,0.101625,0.11105,0.125125,0.096675,0.110725,0.193725,200,0
0.35,0.75,1,3000,0.0759,0.197375,0.1423,0.06255,0.236075,0.03435,0.11305,0.1384,200,0
0.35,0.75,1,5000,0.095,0.19945,0.183875,0.0718,0.244425,0.0037,0.083875,0.117875,200,0
0.35,0.75,1,7000,0.0992,0.200875,0.1413,0.062275,0.2253,0,0.13055,0.1405,200,0
0.35,0.75,1,10000,0.11175,0.20295,0.1419,0.05445,0.240225,0,0.13045,0.118275,200,0
0.35,0.75,1,25000,0.087875,0.185175,0.121875,0.043525,0.2628,0,0.14715,0.1516,200,0
0.35,0.75,1,50000,0.1242,0.16905,0.147675,0.03745,0.198,0,0.17285,0.150775,200,0
0,0.75,1,0,0.121125,0.12615,0.12485,0.12595,0.124475,0.12475,0.124275,0.128425,200,0
0,0.75,1,1000,0.12505,0.2397,0.1499,0.108525,0.09485,0.0499,0.0829,0.149175,200,0
0,0.75,1,2000,0.148625,0.184475,0.141675,0.068975,0.211725,0.00035,0.159925,0.08425,200,0
0,0.75,1,3000,0.180525,0.161125,0.137425,0.0742,0.1671,0,0.14335,0.136275,200,0
0,0.75,1,5000,0.179875,0.177275,0.1811,0.098875,0.123225,0,0.10965,0.13,200,0
0,0.75,1,7000,0.162575,0.180025,0.140425,0.093175,0.2237,0,0.094225,0.105875,200,0
0,0.75,1,10000,0.182775,0.155675,0.152775,0.083325,0.15845,0,0.12505,0.14195,200,0
0,0.75,1,25000,0.160475,0.15485,0.142425,0.106375,0.24425,0,0.1075,0.084125,200,0
0,0.75,1,50000,0.152925,0.15295,0.15245,0.073525,0.24015,0,0.120125,0.107875,200,0
0.4,0.75,1,0,0.125025,0.124025,0.1254,0.127375,0.12645,0.12345,0.122175,0.1261,200,0
0.4,0.75,1,1000,0,0.240175,0,0.241225,0.000525,0.246725,0.000125,0.271225,200,0
0.4,0.75,1,2000,0,0.235725,0,0.25135,0,0.279675,0,0.23325,200,0
0.4,0.75,1,3000,0,0.27775,0,0.217,0,0.2452,0,0.26005,200,0
0.4,0.75,1,5000,0,0.2388,0,0.2382,0,0.257425,0,0.265575,200,0
0.4,0.75,1,7000,0,0.273375,0,0.2223,0,0.26815,0,0.236175,200,0
0.4,0.75,1,10000,0,0.258675,0,0.25685,0,0.237425,0,0.24705,200,0
0.4,0.75,1,25000,0,0.263275,0,0.25685,0,0.2521,0,0.227775,200,0
0.4,0.75,1,50000,0,0.237725,0,0.276525,0,0.247575,0,0.238175,200,0
0.05,0.75,1,0,0.123825,0.13035,0.127325,0.126675,0.123325,0.122525,0.12385,0.122125,200,0
0.05,0.75,1,1000,0.1736,0.17175,0.142175,0.1093,0.156075,0.005275,0.107725,0.1341,200,0
0.05,0.75,1,2000,0.152175,0.151,0.161975,0.060375,0.22345,0,0.1294,0.121625,200,0
0.05,0.75,1,3000,0.15545,0.136025,0.157525,0.114325,0.1835,0,0.1139,0.139275,200,0
0.05,0.75,1,5000,0.15745,0.167825,0.1559,0.0756,0.1893,0,0.134625,0.1193,200,0
0.05,0.75,1,7000,0.156325,0.1492,0.176225,0.089675,0.2083,0,0.112275,0.108,200,0
0.05,0.75,1,10000,0.133625,0.167325,0.16775,0.097875,0.2178,0,0.11685,0.098775,200,0
0.05,0.75,1,25000,0.140825,0.1739,0.175125,0.08735,0.195775,0,0.10375,0.123275,200,0
0.05,0.75,1,50000,0.153075,0.14595,0.1678,0.1072,0.19965,0,0.11315,0.113175,200,0
0,0.75,1,0,0.125875,0.128,0.12655,0.123725,0.122825,0.123825,0.124375,0.124825,200,0
0,0.75,1,1000,0.103425,0.163625,0.0909,0.16425,0.1454,0.0706,0.09165,0.17015,200,0
0,0.75,1,2000,0.17415,0.181325,0.174925,0.08355,0.181675,0,0.123875,0.0805,200,0
0,0.75,1,3000,0.168225,0.136875,0.1502,0.083675,0.236475,0,0.138775,0.085775,200,0
0,0.75,1,5000,0.18825,0.161525,0.15425,0.093225,0.17315,0,0.10565,0.12395,200,0
0,0.75,1,7000,0.154425,0.1796,0.172525,0.06905,0.165375,0,0.1335,0.125525,200,0
0,0.75,1,10000,0.163025,0.1753,0.17885,0.116325,0.1535,0,0.079025,0.133975,200,0
0,0.75,1,25000,0.1578,0.14945,0.16255,0.080025,0.196475,0,0.1451,0.1086,200,0
0,0.75,1,50000,0.1602,0.1436,0.142975,0.082925,0.218425,0,0.10865,0.143225,200,0
0.1,0.75,1,0,0.1287,0.1258,0.12725,0.121825,0.1247,0.12305,0.1244,0.124275,200,0
0.1,0.75,1,1000,0.14635,0.14775,0.16235,0.091725,0.228975,0,0.14095,0.0819,200,0
0.1,0.75,1,2000,0.128675,0.1978,0.17285,0.1366,0.210775,0,0.088975,0.064325,200,0
0.1,0.75,1,3000,0.16625,0.156875,0.1358,0.07955,0.23925,0,0.1357,0.086575,200,0
0.1,0.75,1,5000,0.155425,0.147425,0.163775,0.053675,0.1847,0,0.1299,0.1651,200,0
0.1,0.75,1,7000,0.144425,0.22535,0.1089,0.0985,0.241825,0,0.088675,0.092325,200,0
0.1,0.75,1,10000,0.145375,0.1754,0.1428,0.069625,0.1682,0,0.11425,0.18435,200,0
0.1,0.75,1,25000,0.1515,0.1413,0.16105,0.0687,0.18275,0,0.154,0.1407,200,0
0.1,0.75,1,50000,0.141,0.184325,0.18405,0.05565,0.1747,0,0.15005,0.110225,200,0
0.05,0.75,1,0,0.124175,0.1229,0.12305,0.12495,0.12665,0.127825,0.12445,0.126,200,0
0.05,0.75,1,1000,0.129475,0.145375,0.1562,0.07385,0.234675,0.02565,0.122025,0.11275,200,0
0.05,0.75,1,2000,0.159175,0.143075,0.1721,0.09125,0.193275,0,0.116625,0.1245,200,0
0.05,0.75,1,3000,0.16275,0.151525,0.152675,0.1074,0.198575,0,0.109475,0.1176,200,0
0.05,0.75,1,5000,0.146025,0.1564,0.17215,0.0868,0.171675,0,0.115225,0.151725,200,0
0.05,0.75,1,7000,0.146875,0.174125,0.16015,0.051525,0.2067,0,0.1593,0.101325,200,0
0.05,0.75,1,10000,0.17585,0.164075,0.1558,0.081175,0.194075,0,0.125525,0.1035,200,0
0.05,0.75,1,25000,0.1475,0.16605,0.137125,0.09675,0.207275,0,0.125275,0.120025,200,0
0.05,0.75,1,50000,0.1856,0.176325,0.1359,0.082275,0.179175,0,0.12755,0.113175,200,0
0.15,0.75,1,0,0.125825,0.12105,0.12545,0.126575,0.12755,0.1241,0.124225,0.125225,200,0
0.15,0.75,1,1000,0.1336,0.20695,0.139175,0.0842,0.225975,0,0.12345,0.08665,200,0
0.15,0.75,1,2000,0.17045,0.201575,0.161425,0.07805,0.184575,0,0.1242,0.079725,200,0
0.15,0.75,1,3000,0.1274,0.155525,0.1542,0.05115,0.217175,0,0.173775,0.120775,200,0
0.15,0.75,1,5000,0.153375,0.193375,0.15865,0.08855,0.107375,0,0.11495,0.183725,200,0
0.15,0.75,1,7000,0.1578,0.203125,0.155075,0.07755,0.2113,0,0.093,0.10215,200,0
0.15,0.75,1,10000,0.1489,0.14805,0.16085,0.0368,0.270825,0,0.13485,0.099725,200,0
0.15,0.75,1,25000,0.14155,0.186975,0.14225,0.0729,0.215775,0,0.143025,0.097525,200,0
0.15,0.75,1,50000,0.146975,0.16025,0.1428,0.07765,0.18585,0,0.16185,0.124625,200,0
0.1,0.75,1,0,0.122975,0.127775,0.126275,0.1227,0.126475,0.125625,0.1239,0.124275,200,0
0.1,0.75,1,1000,0.150125,0.1726,0.151375,0.09255,0.1914,0,0.0829,0.15905,200,0
0.1,0.75,1,2000,0.1825,0.151525,0.16905,0.082825,0.1663,0,0.132425,0.115375,200,0
0.1,0.75,1,3000,0.1768,0.178275,0.152325,0.094125,0.175525,0,0.0939,0.12905,200,0
0.1,0.75,1,5000,0.145625,0.1915,0.150575,0.08455,0.156775,0,0.11695,0.154025,200,0
0.1,0.75,1,7000,0.1401,0.1616,0.17345,0.061225,0.173475,0,0.171675,0.118475,200,0
0.1,0.75,1,10000,0.12705,0.16015,0.1445,0.0548,0.18355,0,0.15195,0.178,200,0
0.1,0.75,1,25000,0.169775,0.1897,0.1251,0.076575,0.18825,0,0.09895,0.15165,200,0
0.1,0.75,1,50000,0.162725,0.1837,0.142425,0.11995,0.160125,0,0.11385,0.117225,200,0
0.2,0.75,1,0,0.126425,0.121825,0.12435,0.122,0.12745,0.124075,0.12795,0.125925,200,0
0.2,0.75,1,1000,0.172775,0.14975,0.151225,0.073475,0.217675,0,0.12305,0.11205,200,0
0.2,0.75,1,2000,0.145425,0.174675,0.139375,0.053825,0.2059,0,0.156175,0.124625,200,0
0.2,0.75,1,3000,0.126675,0.144525,0.1299,0.071725,0.257025,0,0.144875,0.125275,200,0
0.2,0.75,1,5000,0.129,0.176725,0.1472,0.07415,0.22375,0,0.1601,0.089075,200,0
0.2,0.75,1,7000,0.15515,0.1633,0.185075,0.04425,0.193425,0,0.138725,0.120075,200,0
0.2,0.75,1,10000,0.121175,0.224275,0.158,0.07395,0.224475,0,0.126575,0.07155,200,0
0.2,0.75,1,25000,0.1249,0.188225,0.161175,0.072125,0.17965,0,0.13245,0.141475,200,0
0.2,0.75,1,50000,0.112775,0.1687,0.137925,0.052775,0.269125,0,0.152925,0.105775,200,0
0.15,0.75,1,0,0.12745,0.12505,0.1265,0.1235,0.1238,0.125725,0.12265,0.125325,200,0
0.15,0.75,1,1000,0.1605,0.160125,0.147175,0.054575,0.196925,0,0.154775,0.125925,200,0
0.15,0.75,1,2000,0.14855,0.151325,0.1755,0.1264,0.1554,0,0.11725,0.125575,200,0
0.15,0.75,1,3000,0.12185,0.165625,0.14915,0.07305,0.192925,0,0.146975,0.150425,200,0
0.15,0.75,1,5000,0.1375,0.2082,0.177425,0.063725,0.191175,0,0.1372,0.084775,200,0
0.15,0.75,1,7000,0.11605,0.180525,0.15635,0.0762,0.239825,0,0.1124,0.11865,200,0
0.15,0.75,1,10000,0.155,0.15115,0.140575,0.061175,0.177175,0,0.131725,0.1832,200,0
0.15,0.75,1,25000,0.150175,0.167075,0.1638,0.092475,0.2143,0,0.119325,0.09285,200,0
0.15,0.75,1,50000,0.136275,0.159375,0.139275,0.08045,0.2453,0,0.134375,0.10495,200,0
0.25,0.75,1,0,0.12395,0.122575,0.125475,0.126075,0.123,0.124375,0.125075,0.129475,200,0
0.25,0.75,1,1000,0.120175,0.179525,0.141675,0.1005,0.205925,0.003275,0.115725,0.1332,200,0
0.25,0.75,1,2000,0.156675,0.183675,0.171725,0.075125,0.181175,0,0.08085,0.150775,200,0
0.25,0.75,1,3000,0.139375,0.1707,0.176025,0.076075,0.204625,0,0.1239,0.1093,200,0
0.25,0.75,1,5000,0.13705,0.1811,0.12865,0.093925,0.1651,0,0.155125,0.13905,200,0
0.25,0.75,1,7000,0.1263,0.18765,0.149575,0.057,0.173875,0,0.1483,0.1573,200,0
0.25,0.75,1,10000,0.1473,0.146525,0.1296,0.0568,0.237975,0,0.163775,0.118025,200,0
0.25,0.75,1,25000,0.0963,0.18795,0.099825,0.111025,0.212375,0,0.098775,0.19375,200,0
0.25,0.75,1,50000,0.120775,0.1949,0.13095,0.07395,0.19185,0,0.114425,0.17315,200,0
0.2,0.75,1,0,0.12755,0.12575,0.1251,0.12395,0.122625,0.125,0.1239,0.126125,200,0
0.2,0.75,1,1000,0.152525,0.202875,0.13325,0.0629,0.2165,0.001075,0.134925,0.09595,200,0
0.2,0.75,1,2000,0.13215,0.186775,0.162675,0.061275,0.218875,0,0.139225,0.099025,200,0
0.2,0.75,1,3000,0.1231,0.1599,0.117775,0.12495,0.25865,0,0.110275,0.10535,200,0
0.2,0.75,1,5000,0.130875,0.1902,0.164925,0.073675,0.16735,0,0.130275,0.1427,200,0
0.2,0.75,1,7000,0.15885,0.187025,0.16305,0.077425,0.195375,0,0.118525,0.09975,200,0
0.2,0.75,1,10000,0.125475,0.1779,0.13175,0.070825,0.25115,0,0.0943,0.1486,200,0
0.2,0.75,1,25000,0.1452,0.15145,0.170925,0.0654,0.17915,0,0.1699,0.117975,200,0
0.2,0.75,1,50000,0.14095,0.175225,0.14185,0.093575,0.23015,0,0.08875,0.1295,200,0
0.3,0.75,1,0,0.123975,0.12645,0.12525,0.123575,0.1239,0.1275,0.12355,0.1258,200,0
0.3,0.75,1,1000,0.030975,0.3004,0.05145,0.111625,0.12575,0.11575,0.069075,0.194975,200,0
0.3,0.75,1,2000,0.095875,0.230325,0.12405,0.0444,0.2228,0.02025,0.1295,0.1328,200,0
0.3,0.75,1,3000,0.0838,0.173975,0.12345,0.056875,0.2402,0,0.15665,0.16505,200,0
0.3,0.75,1,5000,0.1274,0.174925,0.167525,0.0764,0.21165,0,0.1186,0.1235,200,0
0.3,0.75,1,7000,0.087375,0.1526,0.149375,0.0648,0.215725,0,0.130375,0.19975,200,0
0.3,0.75,1,10000,0.108375,0.197475,0.13165,0.08,0.2649,0,0.0977,0.1199,200,0
0.3,0.75,1,25000,0.126975,0.2107,0.124175,0.0661,0.20245,0,0.163825,0.105775,200,0
0.3,0.75,1,50000,0.1167,0.227625,0.137675,0.0595,0.228625,0,0.134775,0.0951,200,0
0.25,0.75,1,0,0.1236,0.124475,0.122175,0.1258,0.126075,0.1239,0.126425,0.12755,200,0
0.25,0.75,1,1000,0.14185,0.168825,0.129625,0.11265,0.1733,0.014425,0.101225,0.1581,200,0
0.25,0.75,1,2000,0.123875,0.215375,0.192875,0.035825,0.211775,0,0.121525,0.09875,200,0
0.25,0.75,1,3000,0.12515,0.193875,0.160425,0.05775,0.200625,0,0.1262,0.135975,200,0
0.25,0.75,1,5000,0.13655,0.166875,0.135575,0.088825,0.2122,0,0.11785,0.142125,200,0
0.25,0.75,1,7000,0.13585,0.1555,0.166225,0.10485,0.17745,0,0.12675,0.133375,200,0
0.25,0.75,1,10000,0.10935,0.16915,0.121325,0.052925,0.292275,0,0.1125,0.142475,200,0
0.25,0.75,1,25000,0.116075,0.1718,0.144425,0.1056,0.2334,0,0.130775,0.097925,200,0
0.25,0.75,1,50000,0.139875,0.15855,0.155725,0.062825,0.1944,0,0.16145,0.127175,200,0
0.35,0.75,1,0,0.122475,0.12855,0.122525,0.1265,0.1249,0.12595,0.124425,0.124675,200,0
0.35,0.75,1,1000,0.057875,0.24025,0.07625,0.131825,0.15765,0.075475,0.08115,0.179525,200,0
0.35,0.75,1,2000,0.0392,0.28605,0.0823,0.11995,0.1347,0.0741,0.081625,0.182075,200,0
0.35,0.75,1,3000,0.05535,0.198475,0.0785,0.159025,0.0954,0.1181,0.042825,0.252325,200,0
0.35,0.75,1,5000,0,0.267975,0,0.250025,0.002925,0.23815,0.0044,0.236525,200,0
0.35,0.75,1,7000,0,0.23635,0,0.237725,0,0.2816,0,0.244325,200,0
0.35,0.75,1,10000,0,0.237725,0,0.2488,0,0.2698,0,0.243675,200,0
0.35,0.75,1,25000,0,0.252975,0,0.2574,0,0.2327,0,0.256925,200,0
0.35,0.75,1,50000,0,0.310475,0,0.231275,0,0.2396,0,0.21865,200,0
0.3,0.75,1,0,0.12725,0.124775,0.126125,0.1248,0.125975,0.123075,0.123075,0.124925,200,0
0.3,0.75,1,1000,0.13245,0.165975,0.20465,0.05,0.167125,0.016925,0.142575,0.1203,200,0
0.3,0.75,1,2000,0.1116,0.164175,0.092775,0.1027,0.24075,0,0.154325,0.133675,200,0
0.3,0.75,1,3000,0.105775,0.2173,0.111225,0.085925,0.1866,0,0.150125,0.14305,200,0
0.3,0.75,1,5000,0.100225,0.200875,0.130975,0.06175,0.28185,0,0.12785,0.096475,200,0
0.3,0.75,1,7000,0.074525,0.221325,0.08095,0.081175,0.288,0,0.112675,0.14135,200,0
0.3,0.75,1,10000,0.1263,0.1804,0.147125,0.104875,0.157025,0,0.11265,0.171625,200,0
0.3,0.75,1,25000,0.1165,0.19315,0.158175,0.0588,0.2519,0,0.12425,0.097225,200,0
0.3,0.75,1,50000,0.131975,0.1671,0.16105,0.062325,0.20685,0,0.124775,0.145925,200,0
0.4,0.75,1,0,0.12525,0.12575,0.1216,0.12345,0.123625,0.1279,0.125525,0.1269,200,0
0.4,0.75,1,1000,0,0.2727,0,0.244575,0.002075,0.246575,0.002275,0.2318,200,0
0.4,0.75,1,2000,0,0.2311,0,0.231125,0,0.271925,0,0.26585,200,0
0.4,0.75,1,3000,0,0.22685,0,0.2601,0,0.273325,0,0.239725,200,0
0.4,0.75,1,5000,0,0.274475,0,0.2332,0,0.24275,0,0.249575,200,0
0.4,0.75,1,7000,0,0.2593,0,0.256875,0,0.275275,0,0.20855,200,0
0.4,0.75,1,10000,0,0.26585,0,0.226,0,0.27205,0,0.2361,200,0
0.4,0.75,1,25000,0,0.2492,0,0.26315,0,0.219625,0,0.268025,200,0
0.4,0.75,1,50000,0,0.24315,0,0.255925,0,0.255,0,0.245925,200,0
0.35,0.75,1,0,0.12395,0.12565,0.126225,0.127975,0.12245,0.12455,0.1253,0.1239,200,0
0.35,0.75,1,1000,0.049525,0.2325,0.12835,0.143525,0.126825,0.0837,0.05065,0.184925,200,0
0.35,0.75,1,2000,0.050725,0.205125,0.115825,0.08755,0.185575,0.057575,0.102575,0.19505,200,0
0.35,0.75,1,3000,0.107775,0.168525,0.143325,0.0878,0.1864,0.017,0.116025,0.17315,200,0
0.35,0.75,1,5000,0.1094,0.18415,0.12925,0.10105,0.154575,0,0.15755,0.164025,200,0
0.35,0.75,1,7000,0.089,0.179275,0.14115,0.0456,0.219225,0,0.1404,0.18535,200,0
0.35,0.75,1,10000,0.086275,0.233925,0.160225,0.033275,0.2778,0,0.09375,0.11475,200,0
0.35,0.75,1,25000,0.0841,0.204025,0.123175,0.0624,0.2717,0,0.126,0.1286,200,0
0.35,0.75,1,50000,0.114,0.203275,0.151325,0.044425,0.219525,0,0.11795,0.1495,200,0
0,0.75,1,0,0.123525,0.1259,0.123625,0.12475,0.125,0.125325,0.1269,0.124975,200,0
0,0.75,1,1000,0.1612,0.184625,0.157875,0.1045,0.152975,0.0292,0.099575,0.11005,200,0
0,0.75,1,2000,0.15825,0.2019,0.164475,0.073675,0.18415,0.006825,0.125625,0.0851,200,0
0,0.75,1,3000,0.1732,0.1782,0.14775,0.060525,0.212725,0,0.145325,0.082275,200,0
0,0.75,1,5000,0.14675,0.152775,0.145925,0.05555,0.2086,0,0.1848,0.1056,200,0
0,0.75,1,7000,0.171,0.18135,0.16255,0.07935,0.171125,0,0.1045,0.130125,200,0
0,0.75,1,10000,0.153925,0.19285,0.170925,0.086725,0.13885,0,0.135525,0.1212,200,0
0,0.75,1,25000,0.1588,0.184675,0.12545,0.0411,0.218825,0,0.17785,0.0933,200,0
0,0.75,1,50000,0.164125,0.1471,0.17325,0.096025,0.16795,0,0.1437,0.10785,200,0
0.4,0.75,1,0,0.1233,0.125625,0.1226,0.1243,0.1258,0.1261,0.12875,0.123525,200,0
0.4,0.75,1,1000,0.0067,0.23965,0.014475,0.214475,0.01225,0.251425,0,0.261025,200,0
0.4,0.75,1,2000,0,0.24995,0,0.217225,0,0.2664,0,0.266425,200,0
0.4,0.75,1,3000,0,0.268075,0,0.234075,0,0.239425,0,0.258425,200,0
0.4,0.75,1,5000,0,0.25185,0,0.2248,0,0.254475,0,0.268875,200,0
0.4,0.75,1,7000,0,0.261225,0,0.2441,0,0.262275,0,0.2324,200,0
0.4,0.75,1,10000,0,0.25145,0,0.24695,0,0.26325,0,0.23835,200,0
0.4,0.75,1,25000,0,0.2507,0,0.272975,0,0.24195,0,0.234375,200,0
0.4,0.75,1,50000,0,0.264925,0,0.23515,0,0.270925,0,0.229,200,0
0.05,0.75,1,0,0.1245,0.1231,0.128125,0.122675,0.123525,0.1246,0.12755,0.125925,200,0
0.05,0.75,1,1000,0.172025,0.172275,0.14,0.082575,0.14695,0,0.11785,0.168325,200,0
0.05,0.75,1,2000,0.178225,0.17605,0.159375,0.086,0.149125,0,0.128225,0.123,200,0
0.05,0.75,1,3000,0.1632,0.157475,0.164375,0.074025,0.21085,0,0.1485,0.081575,200,0
0.05,0.75,1,5000,0.143775,0.156725,0.163375,0.05045,0.2146,0,0.13215,0.138925,200,0
0.05,0.75,1,7000,0.1455,0.16385,0.165175,0.070925,0.178525,0,0.161225,0.1148,200,0
0.05,0.75,1,10000,0.171025,0.18045,0.131975,0.114525,0.16455,0,0.116775,0.1207,200,0
0.05,0.75,1,25000,0.17115,0.1341,0.17405,0.069425,0.17185,0,0.133925,0.1455,200,0
0.05,0.75,1,50000,0.167275,0.170875,0.17705,0.107575,0.183,0,0.103575,0.09065,200,0
0,0.75,1,0,0.12405,0.1234,0.124075,0.1246,0.126275,0.124325,0.125975,0.1273,200,0
0,0.75,1,1000,0.126775,0.183175,0.120625,0.138775,0.130125,0.0627,0.08315,0.154675,200,0
0,0.75,1,2000,0.1555,0.145575,0.129025,0.086125,0.184075,0.010875,0.137125,0.1517,200,0
0,0.75,1,3000,0.144475,0.16195,0.18265,0.103475,0.20595,0,0.092775,0.108725,200,0
0,0.75,1,5000,0.173625,0.1493,0.16195,0.080025,0.15265,0,0.10815,0.1743,200,0
0,0.75,1,7000,0.183825,0.171925,0.1415,0.0974,0.1686,0,0.124525,0.112225,200,0
0,0.75,1,10000,0.1543,0.1729,0.13525,0.08125,0.223025,0,0.125925,0.10735,200,0
0,0.75,1,25000,0.160575,0.174925,0.165525,0.09325,0.168225,0,0.1087,0.1288,200,0
0,0.75,1,50000,0.1584,0.179475,0.14305,0.065225,0.1528,0,0.16345,0.1376,200,0
0.1,0.75,1,0,0.123925,0.126275,0.125275,0.123925,0.1229,0.127275,0.126725,0.1237,200,0
0.1,0.75,1,1000,0.167675,0.198775,0.1562,0.086175,0.174175,0,0.118475,0.098525,200,0
0.1,0.75,1,2000,0.14365,0.18705,0.158,0.06415,0.2526,0,0.117625,0.076925,200,0
0.1,0.75,1,3000,0.1437,0.177075,0.14415,0.0529,0.185,0,0.154925,0.14225,200,0
0.1,0.75,1,5000,0.140475,0.169625,0.145825,0.0874,0.194375,0,0.131675,0.130625,200,0
0.1,0.75,1,7000,0.1364,0.2116,0.17625,0.052575,0.100425,0,0.168975,0.153775,200,0
0.1,0.75,1,10000,0.139875,0.182,0.16365,0.087125,0.171025,0,0.115875,0.14045,200,0
0.1,0.75,1,25000,0.103,0.16575,0.149525,0.049725,0.1883,0,0.188725,0.154975,200,0
0.1,0.75,1,50000,0.1691,0.1599,0.14885,0.066225,0.200775,0,0.15275,0.1024,200,0
0.05,0.75,1,0,0.122125,0.1224,0.12755,0.126275,0.125025,0.125925,0.124225,0.126475,200,0
0.05,0.75,1,1000,0.14,0.179375,0.16205,0.08435,0.154575,0.011,0.155475,0.113175,200,0
0.05,0.75,1,2000,0.193825,0.1703,0.159825,0.083,0.16755,0,0.122375,0.103125,200,0
0.05,0.75,1,3000,0.20065,0.1675,0.172975,0.077875,0.15535,0,0.10525,0.1204,200,0
0.05,0.75,1,5000,0.170775,0.16845,0.139125,0.08635,0.196475,0,0.1339,0.104925,200,0
0.05,0.75,1,7000,0.1711,0.181325,0.16365,0.096325,0.128075,0,0.11375,0.145775,200,0
0.05,0.75,1,10000,0.157325,0.181075,0.162575,0.0883,0.188175,0,0.111125,0.111425,200,0
0.05,0.75,1,25000,0.149275,0.182775,0.1707,0.065475,0.14905,0,0.147075,0.13565,200,0
0.05,0.75,1,50000,0.15125,0.1764,0.162,0.0585,0.15335,0,0.178575,0.119925,200,0
0.15,0.75,1,0,0.12475,0.12355,0.12265,0.12595,0.1253,0.1248,0.126975,0.126025,200,0
0.15,0.75,1,1000,0.124875,0.1638,0.110375,0.0776,0.233,0.01365,0.12795,0.14875,200,0
0.15,0.75,1,2000,0.15835,0.16435,0.173325,0.082875,0.2124,0,0.087425,0.121275,200,0
0.15,0.75,1,3000,0.153425,0.16905,0.16635,0.0702,0.17175,0,0.145475,0.12375,200,0
0.15,0.75,1,5000,0.121675,0.1645,0.1679,0.046575,0.20635,0,0.145575,0.147425,200,0
0.15,0.75,1,7000,0.16605,0.180475,0.1273,0.0808,0.1856,0,0.136025,0.12375,200,0
0.15,0.75,1,10000,0.150475,0.16195,0.15365,0.077925,0.180175,0,0.151675,0.12415,200,0
0.15,0.75,1,25000,0.119475,0.185975,0.1392,0.07355,0.21325,0,0.132175,0.136375,200,0
0.15,0.75,1,50000,0.13225,0.165625,0.16485,0.06285,0.22515,0,0.144,0.105275,200,0
0.1,0.75,1,0,0.1242,0.127725,0.125625,0.12515,0.12625,0.1201,0.12445,0.1265,200,0
0.1,0.75,1,1000,0.134075,0.164625,0.13855,0.079975,0.169525,0.0157,0.150725,0.146825,200,0
0.1,0.75,1,2000,0.197125,0.19565,0.140525,0.0849,0.19875,0,0.08875,0.0943,200,0
0.1,0.75,1,3000,0.1502,0.1431,0.16925,0.06835,0.162725,0,0.144125,0.16225,200,0
0.1,0.75,1,5000,0.129175,0.163975,0.139675,0.081325,0.250775,0,0.116325,0.11875,200,0
0.1,0.75,1,7000,0.119825,0.16305,0.1615,0.072025,0.258625,0,0.14755,0.077425,200,0
0.1,0.75,1,10000,0.149475,0.16265,0.16495,0.0764,0.19365,0,0.135,0.117875,200,0
0.1,0.75,1,25000,0.15235,0.15385,0.162975,0.1107,0.139075,0,0.1497,0.13135,200,0
0.1,0.75,1,50000,0.145725,0.14835,0.161675,0.07635,0.1388,0,0.117,0.2121,200,0
0.2,0.75,1,0,0.12485,0.122425,0.125975,0.124325,0.12665,0.12565,0.12405,0.126075,200,0
0.2,0.75,1,1000,0.13745,0.205625,0.12735,0.1127,0.17315,0.00865,0.109875,0.1252,200,0
0.2,0.75,1,2000,0.142425,0.179825,0.15035,0.07105,0.24985,0,0.095025,0.111475,200,0
0.2,0.75,1,3000,0.156975,0.201225,0.15435,0.065475,0.186,0,0.15325,0.082725,200,0
0.2,0.75,1,5000,0.1753,0.1489,0.1241,0.1094,0.17655,0,0.113475,0.152275,200,0
0.2,0.75,1,7000,0.1371,0.19985,0.122975,0.084225,0.20225,0,0.1389,0.1147,200,0
0.2,0.75,1,10000,0.12985,0.1537,0.139675,0.09965,0.1508,0,0.15265,0.173675,200,0
0.2,0.75,1,25000,0.103925,0.18625,0.1322,0.062725,0.13345,0,0.155675,0.225775,200,0
0.2,0.75,1,50000,0.1103,0.20495,0.144225,0.0759,0.202575,0,0.111275,0.150775,200,0
0.15,0.75,1,0,0.12355,0.1252,0.12655,0.126125,0.123625,0.123925,0.126,0.125025,200,0
0.15,0.75,1,1000,0.10815,0.184275,0.151875,0.104925,0.1651,0.003,0.123525,0.15915,200,0
0.15,0.75,1,2000,0.124025,0.158675,0.20055,0.0623,0.248175,0,0.11015,0.096125,200,0
0.15,0.75,1,3000,0.120525,0.183,0.143825,0.063275,0.1832,0,0.161125,0.14505,200,0
0.15,0.75,1,5000,0.20235,0.17005,0.1292,0.0905,0.153025,0,0.122625,0.13225,200,0
0.15,0.75,1,7000,0.14255,0.125475,0.17515,0.093875,0.193525,0,0.14325,0.126175,200,0
0.15,0.75,1,10000,0.124975,0.183525,0.192175,0.12605,0.199675,0,0.076675,0.096925,200,0
0.15,0.75,1,25000,0.1489,0.16355,0.176025,0.05555,0.164625,0,0.141025,0.150325,200,0
0.15,0.75,1,50000,0.128825,0.147075,0.15425,0.061025,0.20405,0,0.18355,0.121225,200,0
0.25,0.75,1,0,0.12505,0.1261,0.121025,0.127625,0.125025,0.125775,0.12615,0.12325,200,0
0.25,0.75,1,1000,0.11685,0.203025,0.160025,0.05935,0.23125,0,0.0932,0.1363,200,0
0.25,0.75,1,2000,0.128725,0.22195,0.12145,0.063825,0.2193,0,0.1427,0.10205,200,0
0.25,0.75,1,3000,0.11975,0.175425,0.168675,0.081625,0.154525,0,0.149325,0.150675,200,0
0.25,0.75,1,5000,0.10675,0.179275,0.17015,0.061425,0.245825,0,0.1038,0.132775,200,0
0.25,0.75,1,7000,0.1266,0.18,0.1136,0.046625,0.211625,0,0.10105,0.2205,200,0
0.25,0.75,1,10000,0.097475,0.23505,0.110375,0.072675,0.24345,0,0.104425,0.13655,200,0
0.25,0.75,1,25000,0.101975,0.157975,0.150575,0.075875,0.22255,0,0.10995,0.1811,200,0
0.25,0.75,1,50000,0.1316,0.187875,0.134225,0.09805,0.20145,0,0.111,0.1358,200,0
0.2,0.75,1,0,0.124975,0.12425,0.126275,0.1274,0.123775,0.122575,0.12765,0.1231,200,0
0.2,0.75,1,1000,0.15545,0.140725,0.196375,0.054625,0.16815,0,0.1334,0.151275,200,0
0.2,0.75,1,2000,0.1315,0.1617,0.16235,0.10465,0.265875,0,0.0931,0.080825,200,0
0.2,0.75,1,3000,0.15245,0.205875,0.1429,0.05975,0.157925,0,0.172625,0.108475,200,0
0.2,0.75,1,5000,0.112075,0.175,0.126325,0.084775,0.279525,0,0.0883,0.134,200,0
0.2,0.75,1,7000,0.103325,0.147525,0.151475,0.06165,0.26355,0,0.1469,0.125575,200,0
0.2,0.75,1,10000,0.142225,0.18585,0.164475,0.10185,0.20945,0,0.081525,0.114625,200,0
0.2,0.75,1,25000,0.154575,0.1844,0.1217,0.06885,0.238375,0,0.1371,0.095,200,0
0.2,0.75,1,50000,0.126825,0.1754,0.135975,0.039675,0.20795,0,0.16015,0.154025,200,0
0.3,0.75,1,0,0.12535,0.124075,0.12635,0.12305,0.125875,0.125475,0.1253,0.124525,200,0
0.3,0.75,1,1000,0.1049,0.214475,0.15255,0.049525,0.15685,0.033375,0.167625,0.1207,200,0
0.3,0.75,1,2000,0.1073,0.214225,0.12655,0.069125,0.237725,0,0.104675,0.1404,200,0
0.3,0.75,1,3000,0.114975,0.213475,0.13665,0.065,0.232725,0,0.125075,0.1121,200,0
0.3,0.75,1,5000,0.097675,0.19175,0.1476,0.056575,0.283525,0,0.10235,0.120525,200,0
0.3,0.75,1,7000,0.094575,0.217675,0.145575,0.0747,0.2029,0,0.110775,0.1538,200,0
0.3,0.75,1,10000,0.1273,0.170775,0.183675,0.0406,0.19525,0,0.12605,0.15635,200,0
0.3,0.75,1,25000,0.11765,0.205675,0.125125,0.074775,0.217625,0,0.101425,0.157725,200,0
0.3,0.75,1,50000,0.0995,0.214975,0.139775,0.069175,0.192575,0,0.1521,0.1319,200,0
0.25,0.75,1,0,0.127125,0.1231,0.12775,0.121675,0.123725,0.12515,0.124725,0.12675,200,0
0.25,0.75,1,1000,0.135475,0.17475,0.15945,0.069025,0.1734,0.03655,0.148375,0.102975,200,0
0.25,0.75,1,2000,0.1313,0.14225,0.168475,0.1062,0.218975,0,0.097325,0.135475,200,0
0.25,0.75,1,3000,0.16315,0.19855,0.145525,0.1045,0.1725,0,0.123275,0.0925,200,0
0.25,0.75,1,5000,0.097125,0.16425,0.150675,0.077225,0.2248,0,0.169525,0.1164,200,0
0.25,0.75,1,7000,0.098925,0.17875,0.16575,0.065475,0.215125,0,0.1356,0.140375,200,0
0.25,0.75,1,10000,0.104375,0.187175,0.1142,0.1253,0.2262,0,0.13665,0.1061,200,0
0.25,0.75,1,25000,0.091025,0.200625,0.14435,0.055275,0.26635,0,0.12975,0.112625,200,0
0.25,0.75,1,50000,0.117,0.189775,0.114475,0.0443,0.295175,0,0.1375,0.101775,200,0
0.35,0.75,1,0,0.12585,0.126225,0.1254,0.123175,0.126325,0.1245,0.1243,0.124225,200,0
0.35,0.75,1,1000,0.08295,0.20865,0.1183,0.0893,0.15605,0.075225,0.10675,0.162775,200,0
0.35,0.75,1,2000,0.093375,0.225575,0.11105,0.122625,0.135075,0.065925,0.0702,0.176175,200,0
0.35,0.75,1,3000,0.065075,0.239625,0.158675,0.121725,0.1603,0.034825,0.0656,0.154175,200,0
0.35,0.75,1,5000,0.071725,0.2089,0.108575,0.049025,0.3115,0.00285,0.08275,0.164675,200,0
0.35,0.75,1,7000,0.111375,0.19825,0.11465,0.1125,0.21325,0,0.122825,0.12715,200,0
0.35,0.75,1,10000,0.106625,0.171675,0.13895,0.037825,0.2884,0,0.109525,0.147,200,0
0.35,0.75,1,25000,0.0836,0.186675,0.139025,0.0594,0.2208,0,0.130325,0.180175,200,0
0.35,0.75,1,50000,0.079125,0.1691,0.137825,0.039075,0.326525,0,0.0768,0.17155,200,0
0.3,0.75,1,0,0.126225,0.123175,0.125925,0.123525,0.1264,0.124325,0.125425,0.125,200,0
0.3,0.75,1,1000,0.09255,0.22985,0.122925,0.08675,0.17745,0.0641,0.109325,0.11705,200,0
0.3,0.75,1,2000,0.1031,0.1777,0.126125,0.0769,0.2479,0.002225,0.11665,0.1494,200,0
0.3,0.75,1,3000,0.08365,0.187875,0.1498,0.0702,0.2593,0,0.141375,0.1078,200,0
0.3,0.75,1,5000,0.111775,0.152125,0.209275,0.0927,0.236825,0,0.122575,0.074725,200,0
0.3,0.75,1,7000,0.0885,0.2586,0.11185,0.046375,0.31015,0,0.100925,0.0836,200,0
0.3,0.75,1,10000,0.15175,0.163025,0.144225,0.0564,0.213175,0,0.15885,0.112575,200,0
0.3,0.75,1,25000,0.13495,0.18915,0.17345,0.069225,0.174725,0,0.12675,0.13175,200,0
0.3,0.75,1,50000,0.112475,0.1801,0.1389,0.062075,0.2626,0,0.123175,0.120675,200,0
0.4,0.75,1,0,0.123975,0.1235,0.12435,0.12615,0.1215,0.127825,0.12715,0.12555,200,0
0.4,0.75,1,1000,7.5e-05,0.255325,0.000325,0.274875,0.005175,0.24005,0,0.224175,200,0
0.4,0.75,1,2000,0,0.2575,0,0.2551,0,0.239975,0,0.247425,200,0
0.4,0.75,1,3000,0,0.269925,0,0.241075,0,0.256075,0,0.232925,200,0
0.4,0.75,1,5000,0,0.25485,0,0.24505,0,0.237125,0,0.262975,200,0
0.4,0.75,1,7000,0,0.2654,0,0.2593,0,0.23905,0,0.23625,200,0
0.4,0.75,1,10000,0,0.2652,0,0.259725,0,0.2368,0,0.238275,200,0
0.4,0.75,1,25000,0,0.288275,0,0.23655,0,0.225475,0,0.2497,200,0
0.4,0.75,1,50000,0,0.273425,0,0.26155,0,0.225375,0,0.23965,200,0
0.35,0.75,1,0,0.12445,0.12425,0.128425,0.123175,0.123375,0.124675,0.126875,0.124775,200,0
0.35,0.75,1,1000,0.0351,0.281775,0.065625,0.10555,0.06715,0.113225,0.059375,0.2722,200,0
0.35,0.75,1,2000,0.054025,0.236975,0.086,0.116825,0.108375,0.104375,0.07315,0.220275,200,0
0.35,0.75,1,3000,0.0052,0.248025,0.0168,0.193625,0.032775,0.2302,0.045625,0.22775,200,0
0.35,0.75,1,5000,0,0.222525,0,0.228425,0,0.27735,0,0.2717,200,0
0.35,0.75,1,7000,0,0.23155,0,0.226925,0,0.2711,0,0.270425,200,0
0.35,0.75,1,10000,0,0.239575,0,0.267375,0,0.2759,0,0.21715,200,0
0.35,0.75,1,25000,0,0.247325,0,0.24965,0,0.258125,0,0.2449,200,0
0.35,0.75,1,50000,0,0.256375,0,0.2525,0,0.247425,0,0.2437,200,0
0,0.75,1,0,0.124394,0.124281,0.124556,0.125438,0.126963,0.125531,0.1239,0.124938,400,0
0,0.75,1,2000,0.00210625,0.37835,0.0050875,0.222031,0.0478625,0.107981,0.0179875,0.218594,400,1000
0,0.75,1,3000,0.00210625,0.37835,0.0050875,0.222031,0.0478625,0.107981,0.0179875,0.218594,400,1000
0,0.75,1,5000,0.00210625,0.37835,0.0050875,0.222031,0.0478625,0.107981,0.0179875,0.218594,400,1000
0,0.75,1,7000,0.00210625,0.37835,0.0050875,0.222031,0.0478625,0.107981,0.0179875,0.218594,400,1000
0,0.75,1,10000,0.00210625,0.37835,0.0050875,0.222031,0.0478625,0.107981,0.0179875,0.218594,400,1000
0,0.75,1,25000,0.00210625,0.37835,0.0050875,0.222031,0.0478625,0.107981,0.0179875,0.218594,400,1000
0,0.75,1,50000,0.00210625,0.37835,0.0050875,0.222031,0.0478625,0.107981,0.0179875,0.218594,400,1000
0.4,0.75,1,0,0.126325,0.125225,0.125425,0.123375,0.123,0.125575,0.125425,0.12565,200,0
0.4,0.75,1,1000,0.02935,0.20845,0.045625,0.206,0.089725,0.191325,0.0232,0.206325,200,0
0.4,0.75,1,2000,0,0.2622,0.00695,0.24065,0.0148,0.1944,0.00535,0.27565,200,0
0.4,0.75,1,3000,0,0.23115,0,0.2819,0,0.24255,0,0.2444,200,0
0.4,0.75,1,5000,0,0.26275,0,0.2213,0,0.259025,0,0.256925,200,0
0.4,0.75,1,7000,0,0.253675,0,0.225975,0,0.2775,0,0.24285,200,0
0.4,0.75,1,10000,0,0.2138,0,0.281625,0,0.258725,0,0.24585,200,0
0.4,0.75,1,25000,0,0.23985,0,0.245375,0,0.2479,0,0.266875,200,0
0.4,0.75,1,50000,0,0.269025,0,0.235525,0,0.24675,0,0.2487,200,0
0,0.75,1,0,0.125694,0.12555,0.124644,0.125825,0.124681,0.124188,0.124731,0.124688,400,0
0,0.75,1,1000,0.00221875,0.37935,0.00534375,0.231662,0.0489313,0.102556,0.0180813,0.211856,400,750
0,0.75,1,2000,0.00221875,0.37935,0.00534375,0.231662,0.0489313,0.102556,0.0180813,0.211856,400,750
0,0.75,1,3000,0.00221875,0.37935,0.00534375,0.231662,0.0489313,0.102556,0.0180813,0.211856,400,750
0,0.75,1,5000,0.00221875,0.37935,0.00534375,0.231662,0.0489313,0.102556,0.0180813,0.211856,400,750
0,0.75,1,7000,0.00221875,0.37935,0.00534375,0.231662,0.0489313,0.102556,0.0180813,0.211856,400,750
0,0.75,1,10000,0.00221875,0.37935,0.00534375,0.231662,0.0489313,0.102556,0.0180813,0.211856,400,750
0,0.75,1,25000,0.00221875,0.37935,0.00534375,0.231662,0.0489313,0.102556,0.0180813,0.211856,400,750
0,0.75,1,50000,0.00221875,0.37935,0.00534375,0.231662,0.0489313,0.102556,0.0180813,0.211856,400,750
0.05,0.75,1,0,0.125275,0.126844,0.124713,0.124387,0.125812,0.124125,0.126006,0.122838,400,0
0.05,0.75,1,1000,0.117969,0.195619,0.146262,0.121025,0.123537,0.0522625,0.0957188,0.147606,400,0
0.05,0.75,1,2000,0.137744,0.187025,0.164831,0.0835875,0.152594,0.0127125,0.115169,0.146338,400,0
0.05,0.75,1,3000,0.171462,0.171788,0.14915,0.0930688,0.168662,0.00609375,0.122744,0.117031,400,0
0.05,0.75,1,5000,0.148181,0.173575,0.159856,0.0968187,0.166544,8.75e-05,0.134538,0.1204,400,0
0.05,0.75,1,7000,0.177619,0.169394,0.144275,0.08845,0.15125,0,0.147981,0.121031,400,0
0.05,0.75,1,10000,0.126163,0.169187,0.1526,0.0818563,0.21215,0,0.141975,0.116069,400,0
0.05,0.75,1,25000,0.151938,0.159781,0.158906,0.0893812,0.175975,0,0.135288,0.128731,400,0
0.05,0.75,1,50000,0.156244,0.164219,0.155438,0.0993187,0.177669,0,0.141644,0.105469,400,0
0.05,0.75,1,0,0.124969,0.126694,0.123006,0.124656,0.125713,0.12485,0.125094,0.125019,400,0
0.05,0.75,1,1000,0.113981,0.184281,0.116194,0.122919,0.135137,0.0566938,0.102069,0.168725,400,0
0.05,0.75,1,2000,0.128663,0.181619,0.134094,0.106994,0.147444,0.030125,0.116169,0.154894,400,0
0.05,0.75,1,3000,0.164131,0.1789,0.147613,0.0996438,0.180781,0.0102,0.109738,0.108994,400,0
0.05,0.75,1,5000,0.146531,0.186306,0.155969,0.098425,0.176206,0,0.122925,0.113638,400,0
0.05,0.75,1,7000,0.14175,0.165156,0.133038,0.0868437,0.23,0,0.127994,0.115219,400,0
0.05,0.75,1,10000,0.134369,0.173781,0.163188,0.109144,0.176319,0,0.145237,0.0979625,400,0
0.05,0.75,1,25000,0.152494,0.170544,0.164944,0.111238,0.1509,0,0.132581,0.1173,400,0
0.05,0.75,1,50000,0.170456,0.167313,0.151281,0.0875062,0.172706,0,0.115919,0.134819,400,0
0.1,0.75,1,0,0.124181,0.1239,0.1248,0.125081,0.12455,0.124537,0.127625,0.125325,400,0
0.1,0.75,1,1000,0.133881,0.166994,0.140631,0.0997625,0.169975,0.0222,0.120894,0.145663,400,0
0.1,0.75,1,2000,0.152981,0.177212,0.150619,0.0809688,0.171769,0.000775,0.145269,0.120406,400,0
0.1,0.75,1,3000,0.155544,0.178294,0.151581,0.084225,0.169844,0,0.123619,0.136894,400,0
0.1,0.75,1,5000,0.148081,0.171006,0.148169,0.0928063,0.198263,0,0.122481,0.119194,400,0
0.1,0.75,1,7000,0.150044,0.188981,0.153613,0.0724625,0.180725,0,0.150181,0.103994,400,0
0.1,0.75,1,10000,0.122963,0.199238,0.152706,0.103025,0.201244,0,0.13865,0.082175,400,0
0.1,0.75,1,25000,0.15745,0.169275,0.149844,0.091175,0.164831,0,0.14985,0.117575,400,0
0.1,0.75,1,50000,0.156594,0.1469,0.161344,0.103706,0.186512,0,0.110731,0.134213,400,0
0.1,0.75,1,0,0.1242,0.124444,0.124725,0.127244,0.124794,0.125206,0.124019,0.125369,400,0
0.1,0.75,1,1000,0.116038,0.163975,0.135881,0.129231,0.152406,0.0381187,0.128475,0.135875,400,0
0.1,0.75,1,2000,0.138775,0.186756,0.139113,0.101131,0.182231,0,0.149462,0.102531,400,0
0.1,0.75,1,3000,0.165556,0.178056,0.12875,0.107588,0.207512,0,0.103356,0.109181,400,0
0.1,0.75,1,5000,0.147475,0.182894,0.140956,0.0825063,0.204625,0,0.140219,0.101325,400,0
0.1,0.75,1,7000,0.149237,0.165981,0.134263,0.0887687,0.194906,0,0.151125,0.115719,400,0
0.1,0.75,1,10000,0.139169,0.189612,0.149344,0.0732,0.190144,0,0.140944,0.117587,400,0
0.1,0.75,1,25000,0.144237,0.179125,0.149031,0.097775,0.15215,0,0.141788,0.135894,400,0
0.1,0.75,1,50000,0.145462,0.15745,0.139281,0.0833312,0.254456,0,0.129963,0.0900563,400,0
0.15,0.75,1,0,0.123512,0.123575,0.126069,0.124919,0.125213,0.125756,0.124919,0.126037,400,0
0.15,0.75,1,1000,0.153125,0.198631,0.133794,0.0924313,0.149944,0.0126563,0.12745,0.131969,400,0
0.15,0.75,1,2000,0.124969,0.188106,0.151744,0.0869812,0.179719,0.00186875,0.156394,0.110219,400,0
0.15,0.75,1,3000,0.138781,0.193637,0.13595,0.0970437,0.197219,0,0.129869,0.1075,400,0
0.15,0.75,1,5000,0.155425,0.172944,0.162644,0.0853813,0.178744,0,0.151706,0.0931562,400,0
0.15,0.75,1,7000,0.141094,0.179781,0.153525,0.0856187,0.176737,0,0.142844,0.1204,400,0
0.15,0.75,1,10000,0.132669,0.171588,0.138275,0.0778125,0.207487,0,0.144962,0.127206,400,0
0.15,0.75,1,25000,0.144606,0.172975,0.14625,0.0819187,0.185719,0,0.140687,0.127844,400,0
0.15,0.75,1,50000,0.137362,0.18385,0.139569,0.0886187,0.194681,0,0.126562,0.129356,400,0
0.15,0.75,1,0,0.126081,0.124956,0.124713,0.124863,0.12435,0.125256,0.125669,0.124113,400,0
0.15,0.75,1,1000,0.125913,0.150106,0.140344,0.0917125,0.161763,0.0292375,0.161169,0.139756,400,0
0.15,0.75,1,2000,0.139406,0.143819,0.155312,0.0844375,0.198831,0.0086,0.149438,0.120156,400,0
0.15,0.75,1,3000,0.13315,0.163775,0.152875,0.0866313,0.192644,0,0.1432,0.127725,400,0
0.15,0.75,1,5000,0.1288,0.189562,0.136125,0.1015,0.169931,0,0.152431,0.12165,400,0
0.15,0.75,1,7000,0.144737,0.166531,0.152375,0.0667937,0.198081,0,0.151675,0.119806,400,0
0.15,0.75,1,10000,0.121956,0.173981,0.134775,0.104219,0.208644,0,0.120594,0.135831,400,0
0.15,0.75,1,25000,0.158856,0.191006,0.151194,0.079125,0.187781,0,0.125981,0.106056,400,0
0.15,0.75,1,50000,0.132288,0.171706,0.139194,0.0847625,0.208906,0,0.128756,0.134387,400,0
0.2,0.75,1,0,0.124225,0.126594,0.126375,0.124575,0.123588,0.123306,0.125244,0.126094,400,0
0.2,0.75,1,1000,0.116,0.171744,0.142344,0.100937,0.175119,0.0156937,0.1657,0.112463,400,0
0.2,0.75,1,2000,0.12845,0.168425,0.145106,0.1001,0.199019,0.0026625,0.144388,0.11185,400,0
0.2,0.75,1,3000,0.139075,0.179644,0.128444,0.0754188,0.200331,0,0.144881,0.132206,400,0
0.2,0.75,1,5000,0.120438,0.16775,0.12855,0.0913188,0.208556,0,0.151281,0.132106,400,0
0.2,0.75,1,7000,0.122075,0.170994,0.156612,0.0751062,0.2245,0,0.153744,0.0969688,400,0
0.2,0.75,1,10000,0.125644,0.191375,0.12215,0.0817563,0.216625,0,0.140162,0.122287,400,0
0.2,0.75,1,25000,0.113,0.187325,0.152531,0.0691,0.195756,0,0.144681,0.137606,400,0
0.2,0.75,1,50000,0.144531,0.196575,0.147281,0.0829875,0.199425,0,0.12465,0.10455,400,0
0.2,0.75,1,0,0.124194,0.125888,0.12405,0.125325,0.125337,0.124731,0.124294,0.126181,400,0
0.2,0.75,1,1000,0.119031,0.189444,0.115081,0.0928563,0.211281,0.00919375,0.137544,0.125569,400,0
0.2,0.75,1,2000,0.152587,0.2048,0.15105,0.0803625,0.156456,0.0021625,0.145944,0.106637,400,0
0.2,0.75,1,3000,0.127075,0.198337,0.119544,0.0861062,0.21965,0,0.145237,0.10405,400,0
0.2,0.75,1,5000,0.126,0.206269,0.152469,0.0456312,0.209813,0,0.16495,0.0948688,400,0
0.2,0.75,1,7000,0.13475,0.202506,0.138962,0.0669187,0.210294,0,0.143056,0.103512,400,0
0.2,0.75,1,10000,0.122088,0.182413,0.148244,0.0871,0.174881,0,0.140838,0.144437,400,0
0.2,0.75,1,25000,0.140375,0.19965,0.129112,0.0728125,0.196181,0,0.162156,0.0997125,400,0
0.2,0.75,1,50000,0.12725,0.160825,0.149931,0.0653312,0.222787,0,0.143056,0.130819,400,0
0.25,0.75,1,0,0.125931,0.124569,0.125275,0.124769,0.123625,0.1244,0.125456,0.125975,400,0
0.25,0.75,1,1000,0.0868125,0.1936,0.136362,0.0929563,0.180706,0.0400688,0.107944,0.16155,400,0
0.25,0.75,1,2000,0.114388,0.189069,0.128062,0.081875,0.221431,0.0003125,0.132931,0.131931,400,0
0.25,0.75,1,3000,0.129763,0.191738,0.135369,0.0736437,0.205344,0,0.146338,0.117806,400,0
0.25,0.75,1,5000,0.0953313,0.204706,0.128387,0.0721,0.253406,0,0.138194,0.107875,400,0
0.25,0.75,1,7000,0.123688,0.197144,0.119531,0.0755125,0.219037,0,0.139575,0.125512,400,0
0.25,0.75,1,10000,0.123931,0.207169,0.136988,0.0666,0.202437,0,0.159775,0.1031,400,0
0.25,0.75,1,25000,0.145881,0.176,0.160406,0.0747687,0.16925,0,0.149675,0.124019,400,0
0.25,0.75,1,50000,0.137506,0.174406,0.131269,0.0812937,0.216756,0,0.163062,0.0957063,400,0
0.25,0.75,1,0,0.124213,0.12565,0.126388,0.12415,0.1253,0.124662,0.123725,0.125913,400,0
0.25,0.75,1,1000,0.0960312,0.189519,0.117944,0.12985,0.142356,0.0464375,0.11985,0.158013,400,0
0.25,0.75,1,2000,0.140869,0.21715,0.126275,0.0740937,0.183275,0.0082375,0.130325,0.119775,400,0
0.25,0.75,1,3000,0.110187,0.200731,0.126463,0.0750875,0.2459,0.00485,0.126312,0.110469,400,0
0.25,0.75,1,5000,0.116112,0.202825,0.151606,0.085325,0.14895,0.0003375,0.155287,0.139556,400,0
0.25,0.75,1,7000,0.123356,0.209588,0.127025,0.0922063,0.192881,0,0.119219,0.135725,400,0
0.25,0.75,1,10000,0.115944,0.197969,0.150812,0.0950437,0.184062,0,0.1443,0.111869,400,0
0.25,0.75,1,25000,0.133038,0.185562,0.145075,0.0940938,0.195631,0,0.137325,0.109275,400,0
0.25,0.75,1,50000,0.136019,0.1748,0.15135,0.0691563,0.199619,0,0.146588,0.122469,400,0
0.3,0.75,1,0,0.125375,0.12575,0.125431,0.124269,0.1254,0.124613,0.124044,0.125119,400,0
0.3,0.75,1,1000,0.102862,0.209869,0.107,0.1085,0.165869,0.0255875,0.142487,0.137825,400,0
0.3,0.75,1,2000,0.10865,0.2094,0.125375,0.0966313,0.174325,0.0147187,0.1368,0.1341,400,0
0.3,0.75,1,3000,0.10475,0.191425,0.131488,0.0817,0.234613,0,0.141294,0.114731,400,0
0.3,0.75,1,5000,0.125031,0.198006,0.118225,0.0851875,0.222494,0,0.138612,0.112444,400,0
0.3,0.75,1,7000,0.109525,0.229362,0.131575,0.0623625,0.215863,0,0.133112,0.1182,400,0
0.3,0.75,1,10000,0.1152,0.195488,0.127438,0.0662812,0.221156,0,0.142144,0.132294,400,0
0.3,0.75,1,25000,0.1055,0.196875,0.135837,0.065075,0.204737,0,0.151175,0.1408,400,0
0.3,0.75,1,50000,0.126331,0.208469,0.11135,0.0871563,0.204063,0,0.127681,0.13495,400,0
0.3,0.75,1,0,0.124438,0.125888,0.125238,0.124956,0.12495,0.126156,0.123531,0.124844,400,0
0.3,0.75,1,1000,0.105637,0.192206,0.118606,0.129694,0.171462,0.0501938,0.104788,0.127413,400,0
0.3,0.75,1,2000,0.104325,0.217175,0.122563,0.0821,0.188769,0.0106313,0.153919,0.120519,400,0
0.3,0.75,1,3000,0.127481,0.204906,0.1274,0.0844312,0.200144,0.0033375,0.134406,0.117894,400,0
0.3,0.75,1,5000,0.119775,0.182869,0.128925,0.0948,0.212444,0,0.141737,0.11945,400,0
0.3,0.75,1,7000,0.111713,0.210581,0.123863,0.0895062,0.200662,0,0.14815,0.115525,400,0
0.3,0.75,1,10000,0.114431,0.198925,0.123919,0.0720375,0.220456,0,0.147613,0.122619,400,0
0.3,0.75,1,25000,0.118256,0.207725,0.131381,0.08485,0.2054,0,0.134925,0.117462,400,0
0.3,0.75,1,50000,0.116937,0.189681,0.148925,0.098875,0.229119,0,0.121125,0.0953375,400,0
0.35,0.75,1,0,0.124244,0.126206,0.124625,0.1259,0.125481,0.124175,0.124594,0.124775,400,0
0.35,0.75,1,1000,0.0592937,0.248644,0.0683562,0.142294,0.0972438,0.112575,0.0789688,0.192625,400,0
0.35,0.75,1,2000,0.0468187,0.219844,0.0653938,0.171275,0.0852625,0.131694,0.0552438,0.224469,400,0
0.35,0.75,1,3000,0.0360625,0.26285,0.0398813,0.178237,0.06025,0.171006,0.0396063,0.212106,400,0
0.35,0.75,1,5000,0.0126187,0.248575,0.02165,0.216094,0.0447625,0.208481,0.0128062,0.235013,400,0
0.35,0.75,1,7000,0.00210625,0.240769,0.00781875,0.251787,0.0082375,0.224513,0.00025625,0.264512,400,0
0.35,0.75,1,10000,0,0.2404,0,0.246287,0,0.253744,0,0.259569,400,0
0.35,0.75,1,25000,0,0.236906,0,0.256031,0,0.246256,0,0.260806,400,0
0.35,0.75,1,50000,0,0.245131,0,0.228319,0,0.259056,0,0.267494,400,0
0.35,0.75,1,0,0.123656,0.125794,0.124919,0.1255,0.124731,0.125537,0.124625,0.125238,400,0
0.35,0.75,1,1000,0.0794875,0.210694,0.102688,0.0991625,0.171513,0.0475312,0.128475,0.16045,400,0
0.35,0.75,1,2000,0.0917125,0.201,0.123119,0.0590188,0.207369,0.0162687,0.1269,0.174613,400,0
0.35,0.75,1,3000,0.0818813,0.199362,0.131225,0.0799187,0.220887,0.0050875,0.134906,0.146731,400,0
0.35,0.75,1,5000,0.0903625,0.200369,0.110287,0.0854125,0.24145,0,0.150356,0.121762,400,0
0.35,0.75,1,7000,0.0939312,0.204063,0.137919,0.0779625,0.214675,0,0.15405,0.1174,400,0
0.35,0.75,1,10000,0.10345,0.21375,0.132681,0.0764438,0.223181,0,0.108838,0.141656,400,0
0.35,0.75,1,25000,0.111863,0.195994,0.11865,0.076375,0.225331,0,0.149125,0.122662,400,0
0.35,0.75,1,50000,0.100594,0.211581,0.118319,0.0702062,0.216944,0,0.157619,0.124738,400,0
0.4,0.75,1,0,0.125875,0.124113,0.1248,0.125294,0.123894,0.125425,0.125587,0.125012,400,0
0.4,0.75,1,1000,0.02275,0.254887,0.0383187,0.196181,0.0595437,0.167838,0.0465,0.213981,400,0
0.4,0.75,1,2000,0.003275,0.244169,0.0054,0.238169,0.0064375,0.237206,0.0046,0.260744,400,0
0.4,0.75,1,3000,0,0.25275,0,0.253725,0,0.242537,0,0.250987,400,0
0.4,0.75,1,5000,0,0.244138,0,0.252106,0,0.249056,0,0.2547,400,0
0.4,0.75,1,7000,0,0.242375,0,0.239975,0,0.2698,0,0.24785,400,0
0.4,0.75,1,10000,0,0.245231,0,0.259288,0,0.247444,0,0.248037,400,0
0.4,0.75,1,25000,0,0.253825,0,0.254462,0,0.238325,0,0.253387,400,0
0.4,0.75,1,50000,0,0.257663,0,0.250756,0,0.249175,0,0.242406,400,0
0,0.75,1,0,0.12585,0.1251,0.125612,0.124731,0.1258,0.125106,0.124181,0.123619,400,0
0,0.75,1,1000,0.00204375,0.4037,0.0052375,0.224906,0.0625,0.0769875,0.0215438,0.203081,400,750
0,0.75,1,2000,0.00204375,0.4037,0.0052375,0.224906,0.0625,0.0769875,0.0215438,0.203081,400,750
0,0.75,1,3000,0.00204375,0.4037,0.0052375,0.224906,0.0625,0.0769875,0.0215438,0.203081,400,750
0,0.75,1,5000,0.00204375,0.4037,0.0052375,0.224906,0.0625,0.0769875,0.0215438,0.203081,400,750
0,0.75,1,7000,0.00204375,0.4037,0.0052375,0.224906,0.0625,0.0769875,0.0215438,0.203081,400,750
0,0.75,1,10000,0.00204375,0.4037,0.0052375,0.224906,0.0625,0.0769875,0.0215438,0.203081,400,750
0,0.75,1,25000,0.00204375,0.4037,0.0052375,0.224906,0.0625,0.0769875,0.0215438,0.203081,400,750
0,0.75,1,50000,0.00204375,0.4037,0.0052375,0.224906,0.0625,0.0769875,0.0215438,0.203081,400,750
0.4,0.75,1,0,0.124625,0.124969,0.123694,0.124363,0.126312,0.124713,0.126238,0.125087,400,0
0.4,0.75,1,1000,0.0113063,0.248713,0.0244688,0.20545,0.0757625,0.186625,0.037175,0.2105,400,0
0.4,0.75,1,2000,0,0.235731,0,0.2536,0,0.251856,0,0.258813,400,0
0.4,0.75,1,3000,0,0.2539,0,0.254844,0,0.244556,0,0.2467,400,0
0.4,0.75,1,5000,0,0.260062,0,0.254425,0,0.234075,0,0.251437,400,0
0.4,0.75,1,7000,0,0.262613,0,0.243212,0,0.256125,0,0.23805,400,0
0.4,0.75,1,10000,0,0.260544,0,0.250944,0,0.253163,0,0.23535,400,0
0.4,0.75,1,25000,0,0.245237,0,0.256788,0,0.244725,0,0.25325,400,0
0.4,0.75,1,50000,0,0.229681,0,0.24955,0,0.257837,0,0.262931,400,0
0,0.75,1,0,0.1255,0.123731,0.125644,0.124825,0.125069,0.124169,0.125262,0.1258,400,0
0,0.75,1,1000,0.001775,0.384281,0.0049125,0.243638,0.0539938,0.0926625,0.0179625,0.200775,400,750
0,0.75,1,2000,0.001775,0.384281,0.0049125,0.243638,0.0539938,0.0926625,0.0179625,0.200775,400,750
0,0.75,1,3000,0.001775,0.384281,0.0049125,0.243638,0.0539938,0.0926625,0.0179625,0.200775,400,750
0,0.75,1,5000,0.001775,0.384281,0.0049125,0.243638,0.0539938,0.0926625,0.0179625,0.200775,400,750
0,0.75,1,7000,0.001775,0.384281,0.0049125,0.243638,0.0539938,0.0926625,0.0179625,0.200775,400,750
0,0.75,1,10000,0.001775,0.384281,0.0049125,0.243638,0.0539938,0.0926625,0.0179625,0.200775,400,750
0,0.75,1,25000,0.001775,0.384281,0.0049125,0.243638,0.0539938,0.0926625,0.0179625,0.200775,400,750
0,0.75,1,50000,0.001775,0.384281,0.0049125,0.243638,0.0539938,0.0926625,0.0179625,0.200775,400,750
0.05,0.75,1,0,0.124662,0.125044,0.125306,0.126125,0.124756,0.124781,0.123794,0.125531,400,0
0.05,0.75,1,1000,0.124956,0.203369,0.105938,0.0977563,0.166425,0.0539875,0.110106,0.137462,400,0
0.05,0.75,1,2000,0.139569,0.17745,0.151081,0.0812062,0.167137,0.0206875,0.130919,0.13195,400,0
0.05,0.75,1,3000,0.161419,0.186231,0.136375,0.0861438,0.175487,0.00904375,0.131169,0.114131,400,0
0.05,0.75,1,5000,0.145169,0.187831,0.158156,0.0952812,0.146144,0.00024375,0.133894,0.133281,400,0
0.05,0.75,1,7000,0.151987,0.172131,0.146256,0.0828062,0.175719,0.00229375,0.147994,0.120813,400,0
0.05,0.75,1,10000,0.171481,0.154138,0.152519,0.0979187,0.178187,0,0.122606,0.12315,400,0
0.05,0.75,1,25000,0.165444,0.180544,0.162231,0.0743812,0.166556,0,0.127919,0.122925,400,0
0.05,0.75,1,50000,0.175656,0.166238,0.15125,0.084225,0.16895,0,0.139019,0.114663,400,0
0.05,0.75,1,0,0.123006,0.1241,0.12635,0.124925,0.124713,0.125825,0.1253,0.125781,400,0
0.05,0.75,1,1000,0.134675,0.217894,0.124963,0.101144,0.126344,0.0407687,0.0872062,0.167006,400,0
0.05,0.75,1,2000,0.135612,0.174375,0.130912,0.095575,0.179762,0.0137125,0.123606,0.146444,400,0
0.05,0.75,1,3000,0.1343,0.173481,0.155369,0.104769,0.175606,0.004825,0.123369,0.128281,400,0
0.05,0.75,1,5000,0.160612,0.17305,0.137506,0.081525,0.208019,0,0.130131,0.109156,400,0
0.05,0.75,1,7000,0.169669,0.168844,0.142744,0.0881375,0.193406,0,0.130569,0.106631,400,0
0.05,0.75,1,10000,0.164788,0.172106,0.137513,0.0979,0.182256,0,0.117031,0.128406,400,0
0.05,0.75,1,25000,0.1609,0.171506,0.157944,0.0900375,0.178325,0,0.122906,0.118381,400,0
0.05,0.75,1,50000,0.152675,0.1812,0.163356,0.0810562,0.184,0,0.134194,0.103519,400,0
0.1,0.75,1,0,0.124706,0.123644,0.124475,0.125862,0.125356,0.125112,0.125544,0.1253,400,0
0.1,0.75,1,1000,0.148481,0.166906,0.13235,0.105631,0.169131,0.0208312,0.124512,0.132156,400,0
0.1,0.75,1,2000,0.141756,0.161025,0.1661,0.089475,0.184512,0.00154375,0.130631,0.124956,400,0
0.1,0.75,1,3000,0.134738,0.193763,0.143869,0.0818563,0.165125,0,0.154,0.12665,400,0
0.1,0.75,1,5000,0.1588,0.179306,0.148262,0.0926125,0.1823,0,0.110213,0.128506,400,0
0.1,0.75,1,7000,0.14175,0.165119,0.153356,0.10765,0.178,0,0.136406,0.117719,400,0
0.1,0.75,1,10000,0.1418,0.174325,0.154869,0.095475,0.208931,0,0.109363,0.115238,400,0
0.1,0.75,1,25000,0.147556,0.169838,0.149781,0.0989437,0.215344,0,0.113356,0.105181,400,0
0.1,0.75,1,50000,0.139825,0.175631,0.150388,0.0817375,0.1951,0,0.132244,0.125075,400,0
0.1,0.75,1,0,0.124175,0.126881,0.123656,0.124262,0.124731,0.124469,0.126769,0.125056,400,0
0.1,0.75,1,1000,0.132538,0.199763,0.141313,0.09145,0.163706,0.0241937,0.108,0.139038,400,0
0.1,0.75,1,2000,0.127675,0.172075,0.134569,0.0980687,0.213069,0.0022625,0.133475,0.118806,400,0
0.1,0.75,1,3000,0.1608,0.169306,0.14255,0.108594,0.184581,0,0.138031,0.0961375,400,0
0.1,0.75,1,5000,0.135344,0.158681,0.164931,0.0982625,0.188025,0,0.123669,0.131087,400,0
0.1,0.75,1,7000,0.176944,0.183638,0.134931,0.0990125,0.174244,0,0.115244,0.115987,400,0
0.1,0.75,1,10000,0.158963,0.159844,0.163362,0.0918875,0.166031,0,0.1302,0.129713,400,0
0.1,0.75,1,25000,0.15275,0.157587,0.169481,0.105606,0.15595,0,0.123494,0.135131,400,0
0.1,0.75,1,50000,0.141175,0.171819,0.131087,0.0950562,0.196844,0,0.147012,0.117006,400,0
0.15,0.75,1,0,0.125138,0.125225,0.125688,0.125156,0.125012,0.125012,0.124488,0.124281,400,0
0.15,0.75,1,1000,0.127994,0.176781,0.14315,0.120044,0.187244,0.028425,0.114644,0.101719,400,0
0.15,0.75,1,2000,0.130337,0.181562,0.139937,0.065925,0.213512,0.0046875,0.151394,0.112644,400,0
0.15,0.75,1,3000,0.143306,0.194275,0.152056,0.0691375,0.189056,0.001675,0.136544,0.11395,400,0
0.15,0.75,1,5000,0.145375,0.186413,0.136031,0.0752125,0.198494,0,0.133887,0.124588,400,0
0.15,0.75,1,7000,0.15185,0.161463,0.154206,0.0710875,0.192137,0,0.1495,0.119756,400,0
0.15,0.75,1,10000,0.127769,0.15205,0.116831,0.0763812,0.242025,0,0.152875,0.132069,400,0
0.15,0.75,1,25000,0.126769,0.164656,0.155463,0.0761687,0.194875,0,0.168594,0.113475,400,0
0.15,0.75,1,50000,0.150375,0.161,0.129656,0.123588,0.182781,0,0.1239,0.1287,400,0
0.15,0.75,1,0,0.124344,0.124894,0.123162,0.124594,0.125269,0.125606,0.126231,0.1259,400,0
0.15,0.75,1,1000,0.132275,0.195619,0.1282,0.0891563,0.181419,0.0120375,0.12545,0.135844,400,0
0.15,0.75,1,2000,0.131344,0.169494,0.134606,0.100575,0.172613,0.00790625,0.12565,0.157812,400,0
0.15,0.75,1,3000,0.145175,0.177494,0.147606,0.0957,0.182925,0,0.145719,0.105381,400,0
0.15,0.75,1,5000,0.132494,0.190394,0.144925,0.0958563,0.205831,0,0.13225,0.09825,400,0
0.15,0.75,1,7000,0.134231,0.197456,0.141288,0.0879438,0.180081,0,0.137781,0.121219,400,0
0.15,0.75,1,10000,0.177594,0.188931,0.153388,0.0672062,0.162587,0,0.127519,0.122775,400,0
0.15,0.75,1,25000,0.157244,0.165331,0.171219,0.0845438,0.151069,0,0.1426,0.127994,400,0
0.15,0.75,1,50000,0.155131,0.192419,0.138825,0.0795,0.174131,0,0.145344,0.11465,400,0
0.2,0.75,1,0,0.125131,0.125494,0.124925,0.1262,0.124369,0.124444,0.1249,0.124537,400,0
0.2,0.75,1,1000,0.121894,0.192156,0.1216,0.107644,0.152044,0.0338813,0.120631,0.15015,400,0
0.2,0.75,1,2000,0.136387,0.191312,0.137112,0.0781562,0.187762,0.0179687,0.135831,0.115469,400,0
0.2,0.75,1,3000,0.130606,0.193931,0.114138,0.085725,0.191575,0.0101688,0.15465,0.119206,400,0
0.2,0.75,1,5000,0.127156,0.187225,0.153994,0.0725188,0.229481,0,0.143575,0.08605,400,0
0.2,0.75,1,7000,0.162131,0.159963,0.153656,0.0815625,0.162119,0,0.148494,0.132075,400,0
0.2,0.75,1,10000,0.137944,0.182138,0.141194,0.0850687,0.196531,0,0.132044,0.125081,400,0
0.2,0.75,1,25000,0.121569,0.188706,0.119225,0.0932375,0.213225,0,0.144906,0.119131,400,0
0.2,0.75,1,50000,0.137194,0.20675,0.137125,0.0774938,0.169631,0,0.145156,0.12665,400,0
0.2,0.75,1,0,0.12535,0.125388,0.125375,0.125138,0.125081,0.124894,0.124569,0.124206,400,0
0.2,0.75,1,1000,0.121681,0.171162,0.150638,0.089725,0.1822,0.0104937,0.144294,0.129806,400,0
0.2,0.75,1,2000,0.132612,0.205106,0.143269,0.089075,0.175894,0.00298125,0.128475,0.122588,400,0
0.2,0.75,1,3000,0.1283,0.202081,0.145,0.0679875,0.182025,0,0.151781,0.122825,400,0
0.2,0.75,1,5000,0.114331,0.181144,0.1398,0.0699875,0.196594,0,0.155731,0.142412,400,0
0.2,0.75,1,7000,0.162931,0.187631,0.153175,0.0967375,0.151731,0,0.137819,0.109975,400,0
0.2,0.75,1,10000,0.140956,0.183787,0.132575,0.103881,0.190856,0,0.1453,0.102644,400,0
0.2,0.75,1,25000,0.12045,0.17025,0.145187,0.0929938,0.200319,0,0.15865,0.11215,400,0
0.2,0.75,1,50000,0.1317,0.2037,0.128369,0.0770125,0.214337,0,0.141175,0.103706,400,0
0.25,0.75,1,0,0.124075,0.125238,0.125269,0.125306,0.124669,0.125844,0.126112,0.123488,400,0
0.25,0.75,1,1000,0.098175,0.208025,0.108,0.105069,0.150631,0.03265,0.137988,0.159463,400,0
0.25,0.75,1,2000,0.140306,0.180456,0.142269,0.0774125,0.188969,0.00490625,0.131538,0.134144,400,0
0.25,0.75,1,3000,0.118337,0.188087,0.149188,0.0753562,0.191188,0.006125,0.1616,0.110119,400,0
0.25,0.75,1,5000,0.112244,0.201469,0.127988,0.0754313,0.226213,0,0.133681,0.122975,400,0
0.25,0.75,1,7000,0.124725,0.186031,0.1264,0.0627438,0.195331,0,0.156037,0.148731,400,0
0.25,0.75,1,10000,0.13165,0.196269,0.147088,0.0762875,0.219031,0,0.129337,0.100337,400,0
0.25,0.75,1,25000,0.115494,0.190537,0.142681,0.0767875,0.186056,0,0.138519,0.149925,400,0
0.25,0.75,1,50000,0.12095,0.1993,0.139375,0.086875,0.220081,0,0.129075,0.104344,400,0
0.25,0.75,1,0,0.125481,0.123444,0.126644,0.1247,0.125181,0.124956,0.125713,0.123881,400,0
0.25,0.75,1,1000,0.112044,0.184638,0.117125,0.079225,0.215831,0.0204938,0.128069,0.142575,400,0
0.25,0.75,1,2000,0.136225,0.184638,0.143981,0.0923687,0.178844,0.001475,0.153438,0.109031,400,0
0.25,0.75,1,3000,0.14955,0.19675,0.127981,0.101356,0.187569,0,0.133788,0.103006,400,0
0.25,0.75,1,5000,0.129344,0.214444,0.140363,0.0739438,0.205187,0,0.141544,0.095175,400,0
0.25,0.75,1,7000,0.105756,0.192706,0.130556,0.0789187,0.1979,0,0.163963,0.1302,400,0
0.25,0.75,1,10000,0.130956,0.210175,0.136513,0.0558937,0.214456,0,0.1379,0.114106,400,0
0.25,0.75,1,25000,0.1363,0.195544,0.1431,0.0689125,0.195044,0,0.1519,0.1092,400,0
0.25,0.75,1,50000,0.121356,0.17115,0.133631,0.0740125,0.179881,0,0.162912,0.157056,400,0
0.3,0.75,1,0,0.124863,0.125119,0.125456,0.124381,0.12425,0.125256,0.125444,0.125231,400,0
0.3,0.75,1,1000,0.106475,0.187112,0.1391,0.0871,0.145519,0.0342375,0.134662,0.165794,400,0
0.3,0.75,1,2000,0.104644,0.236244,0.0970625,0.0738875,0.1775,0.0206,0.143556,0.146506,400,0
0.3,0.75,1,3000,0.121556,0.217344,0.126319,0.0926625,0.17765,0.00718125,0.148012,0.109275,400,0
0.3,0.75,1,5000,0.132488,0.228181,0.113181,0.0699125,0.210444,0,0.144038,0.101756,400,0
0.3,0.75,1,7000,0.0989,0.231212,0.119031,0.0686812,0.216556,0,0.140569,0.12505,400,0
0.3,0.75,1,10000,0.122656,0.202838,0.120856,0.0958875,0.22815,0,0.1263,0.103313,400,0
0.3,0.75,1,25000,0.112187,0.207344,0.129,0.0820937,0.234912,0,0.129994,0.104469,400,0
0.3,0.75,1,50000,0.100913,0.216719,0.135988,0.0811313,0.216131,0,0.144744,0.104375,400,0
0.3,0.75,1,0,0.125544,0.124925,0.123369,0.126344,0.124637,0.124894,0.12405,0.126238,400,0
0.3,0.75,1,1000,0.0759,0.202425,0.0937875,0.140794,0.158787,0.0710563,0.096725,0.160525,400,0
0.3,0.75,1,2000,0.102019,0.194788,0.113544,0.1124,0.191463,0.0152125,0.133538,0.137038,400,0
0.3,0.75,1,3000,0.114613,0.213675,0.142981,0.0772562,0.203469,0.0030625,0.1367,0.108244,400,0
0.3,0.75,1,5000,0.12425,0.195794,0.13075,0.0840125,0.220425,0,0.137681,0.107088,400,0
0.3,0.75,1,7000,0.115562,0.176281,0.130938,0.0801,0.210794,0,0.156094,0.130231,400,0
0.3,0.75,1,10000,0.108662,0.224056,0.115631,0.0746625,0.209937,0,0.138162,0.128887,400,0
0.3,0.75,1,25000,0.112856,0.205294,0.111044,0.0607813,0.244537,0,0.162062,0.103425,400,0
0.3,0.75,1,50000,0.124756,0.207294,0.145825,0.0669312,0.195862,0,0.147613,0.111719,400,0
0.35,0.75,1,0,0.12515,0.124619,0.124719,0.125369,0.125275,0.122556,0.125938,0.126375,400,0
0.35,0.75,1,1000,0.0593812,0.220812,0.0898188,0.158925,0.1126,0.0885563,0.0991063,0.1708,400,0
0.35,0.75,1,2000,0.0597437,0.244906,0.0718312,0.130156,0.1315,0.102388,0.102275,0.1572,400,0
0.35,0.75,1,3000,0.04745,0.229463,0.0579125,0.146138,0.0983125,0.143406,0.070825,0.206494,400,0
0.35,0.75,1,5000,0.037325,0.236944,0.0432875,0.187431,0.0535625,0.181037,0.054475,0.205937,400,0
0.35,0.75,1,7000,0.0274812,0.247944,0.0287,0.214281,0.0412375,0.184994,0.0403937,0.214969,400,0
0.35,0.75,1,10000,0.00041875,0.261587,0,0.243969,0.00096875,0.232912,0.00250625,0.257638,400,0
0.35,0.75,1,25000,0,0.270094,0,0.230288,0,0.2448,0,0.254819,400,0
0.35,0.75,1,50000,0,0.252706,0,0.249156,0,0.244188,0,0.25395,400,0
0.35,0.75,1,0,0.124994,0.122906,0.125638,0.126556,0.125856,0.1243,0.125506,0.124244,400,0
0.35,0.75,1,1000,0.0526438,0.233113,0.0756688,0.119875,0.141656,0.0837187,0.105925,0.1874,400,0
0.35,0.75,1,2000,0.0565,0.211306,0.085825,0.134994,0.116369,0.113244,0.101919,0.179844,400,0
0.35,0.75,1,3000,0.0724063,0.205944,0.0964688,0.147425,0.1043,0.110187,0.0783062,0.184963,400,0
0.35,0.75,1,5000,0.056425,0.211094,0.0766687,0.172694,0.10255,0.122106,0.0656063,0.192856,400,0
0.35,0.75,1,7000,0.0339938,0.227056,0.0481688,0.188862,0.0884188,0.154756,0.055925,0.202819,400,0
0.35,0.75,1,10000,0.022175,0.24445,0.0268,0.197644,0.042525,0.198263,0.0311125,0.237031,400,0
0.35,0.75,1,25000,0,0.256887,0,0.249519,0,0.250206,0,0.243388,400,0
0.35,0.75,1,50000,0,0.261725,0,0.2464,0,0.243325,0,0.24855,400,0
0.4,0.75,1,0,0.125012,0.125112,0.125287,0.124175,0.125325,0.126506,0.123856,0.124725,400,0
0.4,0.75,1,1000,0.036175,0.251619,0.0370375,0.177575,0.0795312,0.166869,0.0549437,0.19625,400,0
0.4,0.75,1,2000,0.011525,0.2378,0.0106062,0.2254,0.0221313,0.230781,0.0170375,0.244719,400,0
0.4,0.75,1,3000,0.0079875,0.251906,0.0047125,0.2486,0.00175,0.234113,0.00309375,0.247837,400,0
0.4,0.75,1,5000,0,0.256544,0,0.245262,0,0.256381,0,0.241813,400,0
0.4,0.75,1,7000,0,0.246531,0,0.261044,0,0.236431,0,0.255994,400,0
0.4,0.75,1,10000,0,0.2323,0,0.267537,0,0.254294,0,0.245869,400,0
0.4,0.75,1,25000,0,0.268356,0,0.237937,0,0.248713,0,0.244994,400,0
0.4,0.75,1,50000,0,0.247606,0,0.249319,0,0.265369,0,0.237706,400,0
0,0.75,1,0,0.126075,0.124069,0.125438,0.122731,0.123394,0.126125,0.125537,0.126631,400,0
0,0.75,1,1000,0.001825,0.389131,0.0042875,0.231862,0.06,0.0848062,0.0180937,0.209994,400,750
0,0.75,1,2000,0.001825,0.389131,0.0042875,0.231862,0.06,0.0848062,0.0180937,0.209994,400,750
0,0.75,1,3000,0.001825,0.389131,0.0042875,0.231862,0.06,0.0848062,0.0180937,0.209994,400,750
0,0.75,1,5000,0.001825,0.389131,0.0042875,0.231862,0.06,0.0848062,0.0180937,0.209994,400,750
0,0.75,1,7000,0.001825,0.389131,0.0042875,0.231862,0.06,0.0848062,0.0180937,0.209994,400,750
0,0.75,1,10000,0.001825,0.389131,0.0042875,0.231862,0.06,0.0848062,0.0180937,0.209994,400,750
0,0.75,1,25000,0.001825,0.389131,0.0042875,0.231862,0.06,0.0848062,0.0180937,0.209994,400,750
0,0.75,1,50000,0.001825,0.389131,0.0042875,0.231862,0.06,0.0848062,0.0180937,0.209994,400,750
0.4,0.75,1,0,0.124756,0.125181,0.125831,0.122975,0.124431,0.1255,0.125963,0.125362,400,0
0.4,0.75,1,1000,0.0271125,0.235912,0.0304938,0.17875,0.0583687,0.1918,0.0338813,0.243681,400,0
0.4,0.75,1,2000,0.00231875,0.238363,0.00525,0.252862,0.00319375,0.2531,0.004175,0.240737,400,0
0.4,0.75,1,3000,0,0.26145,0,0.255869,0,0.234225,0,0.248456,400,0
0.4,0.75,1,5000,0,0.266775,0,0.253256,0,0.237731,0,0.242237,400,0
0.4,0.75,1,7000,0,0.2658,0,0.231738,0,0.2389,0,0.263562,400,0
0.4,0.75,1,10000,0,0.262113,0,0.255294,0,0.232969,0,0.249625,400,0
0.4,0.75,1,25000,0,0.2565,0,0.237044,0,0.242431,0,0.264025,400,0
0.4,0.75,1,50000,0,0.249481,0,0.239175,0,0.24235,0,0.268994,400,0
0,0.75,1,0,0.125706,0.125213,0.125194,0.12445,0.124306,0.126456,0.124056,0.124619,400,0
0,0.75,1,1000,0.00165,0.411094,0.00449375,0.206712,0.0587625,0.086225,0.0197125,0.21135,400,750
0,0.75,1,2000,0.00165,0.411094,0.00449375,0.206712,0.0587625,0.086225,0.0197125,0.21135,400,750
0,0.75,1,3000,0.00165,0.411094,0.00449375,0.206712,0.0587625,0.086225,0.0197125,0.21135,400,750
0,0.75,1,5000,0.00165,0.411094,0.00449375,0.206712,0.0587625,0.086225,0.0197125,0.21135,400,750
0,0.75,1,7000,0.00165,0.411094,0.00449375,0.206712,0.0587625,0.086225,0.0197125,0.21135,400,750
0,0.75,1,10000,0.00165,0.411094,0.00449375,0.206712,0.0587625,0.086225,0.0197125,0.21135,400,750
0,0.75,1,25000,0.00165,0.411094,0.00449375,0.206712,0.0587625,0.086225,0.0197125,0.21135,400,750
0,0.75,1,50000,0.00165,0.411094,0.00449375,0.206712,0.0587625,0.086225,0.0197125,0.21135,400,750
0.05,0.75,1,0,0.125619,0.125394,0.124787,0.125525,0.125356,0.126256,0.12405,0.123012,400,0
0.05,0.75,1,1000,0.0948062,0.193419,0.122581,0.129869,0.1464,0.0676937,0.0991125,0.146119,400,0
0.05,0.75,1,2000,0.132944,0.168406,0.129287,0.088075,0.188675,0.021325,0.125,0.146287,400,0
0.05,0.75,1,3000,0.150212,0.165925,0.138225,0.0895813,0.197225,0.005525,0.135681,0.117625,400,0
0.05,0.75,1,5000,0.183819,0.168944,0.141662,0.0965625,0.181994,0.00486875,0.113256,0.108894,400,0
0.05,0.75,1,7000,0.154487,0.176888,0.162744,0.0923063,0.177481,0,0.1038,0.132294,400,0
0.05,0.75,1,10000,0.158975,0.178206,0.153944,0.0811188,0.182769,0,0.121731,0.123256,400,0
0.05,0.75,1,25000,0.163713,0.172813,0.150631,0.083325,0.166875,0,0.1251,0.137544,400,0
0.05,0.75,1,50000,0.15925,0.165937,0.156112,0.0729875,0.176275,0,0.147181,0.122256,400,0
0.05,0.75,1,0,0.1259,0.124912,0.124738,0.125544,0.124881,0.125663,0.123713,0.12465,400,0
0.05,0.75,1,1000,0.130225,0.168956,0.10145,0.108631,0.143206,0.0731437,0.0936,0.180787,400,0
0.05,0.75,1,2000,0.141113,0.167669,0.145369,0.0835812,0.189037,0.0222875,0.124262,0.126681,400,0
0.05,0.75,1,3000,0.151981,0.179106,0.158956,0.0972125,0.165894,0.00794375,0.118969,0.119938,400,0
0.05,0.75,1,5000,0.148969,0.172431,0.169144,0.0961937,0.154975,0.00234375,0.131369,0.124575,400,0
0.05,0.75,1,7000,0.153812,0.160575,0.145169,0.0893,0.224669,0,0.132425,0.09405,400,0
0.05,0.75,1,10000,0.157894,0.176288,0.147287,0.0832187,0.178962,0,0.132475,0.123875,400,0
0.05,0.75,1,25000,0.153562,0.16605,0.175838,0.0841875,0.193219,0,0.116794,0.11035,400,0
0.05,0.75,1,50000,0.1571,0.191019,0.173494,0.105319,0.168994,0,0.0986625,0.105413,400,0
0.1,0.75,1,0,0.124813,0.125963,0.124844,0.126281,0.124688,0.124344,0.124262,0.124806,400,0
0.1,0.75,1,1000,0.129862,0.1627,0.153125,0.0873063,0.159819,0.0173813,0.1175,0.172306,400,0
0.1,0.75,1,2000,0.154113,0.190587,0.149794,0.079875,0.181812,0.002825,0.113544,0.12745,400,0
0.1,0.75,1,3000,0.141175,0.157294,0.161538,0.0784312,0.171394,0,0.1573,0.132869,400,0
0.1,0.75,1,5000,0.151312,0.169219,0.150731,0.0900938,0.183806,0,0.139187,0.11565,400,0
0.1,0.75,1,7000,0.151388,0.164069,0.154181,0.0923313,0.185275,0,0.136194,0.116562,400,0
0.1,0.75,1,10000,0.145531,0.173156,0.156969,0.1029,0.183675,0,0.132456,0.105313,400,0
0.1,0.75,1,25000,0.143931,0.192719,0.156988,0.0980875,0.167419,0,0.130919,0.109937,400,0
0.1,0.75,1,50000,0.13615,0.163769,0.156612,0.0931687,0.198531,0,0.13845,0.113319,400,0
0.1,0.75,1,0,0.124644,0.125331,0.1261,0.124113,0.126381,0.1247,0.124363,0.124369,400,0
0.1,0.75,1,1000,0.151394,0.19365,0.147356,0.0895937,0.186537,0.013425,0.118,0.100044,400,0
0.1,0.75,1,2000,0.156819,0.170975,0.152725,0.0797687,0.191531,0,0.127831,0.12035,400,0
0.1,0.75,1,3000,0.169894,0.182119,0.138431,0.0839,0.192538,0,0.13805,0.0950687,400,0
0.1,0.75,1,5000,0.139863,0.178319,0.147163,0.070975,0.193763,0,0.146613,0.123306,400,0
0.1,0.75,1,7000,0.148225,0.198875,0.13815,0.106575,0.186369,0,0.126931,0.094875,400,0
0.1,0.75,1,10000,0.153631,0.1599,0.152231,0.0873687,0.171869,0,0.129963,0.145038,400,0
0.1,0.75,1,25000,0.157238,0.187356,0.154087,0.0739625,0.191181,0,0.116556,0.119619,400,0
0.1,0.75,1,50000,0.1452,0.174662,0.138744,0.0962313,0.173369,0,0.152737,0.119056,400,0
0.15,0.75,1,0,0.12395,0.124656,0.126062,0.124894,0.124475,0.125419,0.124706,0.125837,400,0
0.15,0.75,1,1000,0.148694,0.188775,0.132156,0.0816875,0.178113,0.00886875,0.138531,0.123175,400,0
0.15,0.75,1,2000,0.130688,0.193469,0.119775,0.0786625,0.235419,0.00035,0.12995,0.111687,400,0
0.15,0.75,1,3000,0.132062,0.201731,0.137525,0.0866813,0.206175,0,0.122994,0.112831,400,0
0.15,0.75,1,5000,0.140025,0.170506,0.152056,0.11405,0.166225,0,0.156612,0.100525,400,0
0.15,0.75,1,7000,0.145613,0.177894,0.14195,0.0946188,0.192844,0,0.130775,0.116306,400,0
0.15,0.75,1,10000,0.134038,0.183206,0.144462,0.0828875,0.180519,0,0.172063,0.102825,400,0
0.15,0.75,1,25000,0.155781,0.169844,0.153325,0.0960938,0.186619,0,0.133862,0.104475,400,0
0.15,0.75,1,50000,0.143775,0.168856,0.155631,0.100619,0.197988,0,0.125938,0.107194,400,0
0.15,0.75,1,0,0.125556,0.125569,0.125837,0.123831,0.12295,0.126163,0.124544,0.12555,400,0
0.15,0.75,1,1000,0.13045,0.190112,0.148169,0.0757562,0.177462,0.0102813,0.138625,0.129144,400,0
0.15,0.75,1,2000,0.144038,0.1816,0.155656,0.102438,0.182775,0.004725,0.139206,0.0895625,400,0
0.15,0.75,1,3000,0.142294,0.18005,0.143206,0.0970625,0.190425,0.00111875,0.131269,0.114575,400,0
0.15,0.75,1,5000,0.131575,0.1595,0.16715,0.0925062,0.206769,0,0.12315,0.11935,400,0
0.15,0.75,1,7000,0.123887,0.21255,0.160812,0.0827375,0.170444,0,0.150244,0.099325,400,0
0.15,0.75,1,10000,0.1457,0.175212,0.1536,0.0976687,0.170931,0,0.140069,0.116819,400,0
0.15,0.75,1,25000,0.140594,0.176538,0.147781,0.0871625,0.182388,0,0.160906,0.104631,400,0
0.15,0.75,1,50000,0.151544,0.184244,0.157225,0.0763,0.176369,0,0.13925,0.115069,400,0
0.2,0.75,1,0,0.125969,0.124844,0.125,0.125738,0.124681,0.12365,0.125037,0.125081,400,0
0.2,0.75,1,1000,0.1043,0.203538,0.134963,0.0868875,0.165281,0.033275,0.11215,0.159606,400,0
0.2,0.75,1,2000,0.134375,0.20745,0.138056,0.0725688,0.193625,0.00183125,0.139175,0.112919,400,0
0.2,0.75,1,3000,0.137094,0.18665,0.158263,0.0863187,0.185094,0,0.146106,0.100475,400,0
0.2,0.75,1,5000,0.122775,0.19075,0.129944,0.0796812,0.230044,0,0.131381,0.115425,400,0
0.2,0.75,1,7000,0.144181,0.181613,0.152419,0.08155,0.188269,0,0.135894,0.116075,400,0
0.2,0.75,1,10000,0.143687,0.194194,0.153463,0.0728375,0.211194,0,0.116494,0.108131,400,0
0.2,0.75,1,25000,0.1238,0.232194,0.146375,0.0728313,0.172994,0,0.139131,0.112675,400,0
0.2,0.75,1,50000,0.150519,0.1811,0.144888,0.080375,0.193575,0,0.132869,0.116675,400,0
0.2,0.75,1,0,0.125725,0.123194,0.125975,0.124225,0.123769,0.125356,0.1258,0.125956,400,0
0.2,0.75,1,1000,0.135675,0.210869,0.11715,0.0883625,0.171906,0.0196312,0.120894,0.135513,400,0
0.2,0.75,1,2000,0.126706,0.180875,0.121012,0.074675,0.210338,0.00769375,0.139219,0.139481,400,0
0.2,0.75,1,3000,0.117319,0.200881,0.132288,0.0854562,0.20465,0,0.126388,0.133019,400,0
0.2,0.75,1,5000,0.136156,0.195694,0.141625,0.0830313,0.176006,0,0.14025,0.127238,400,0
0.2,0.75,1,7000,0.164175,0.173594,0.1282,0.0936938,0.180875,0,0.13255,0.126913,400,0
0.2,0.75,1,10000,0.117181,0.197069,0.156994,0.07465,0.213725,0,0.140006,0.100375,400,0
0.2,0.75,1,25000,0.145925,0.196825,0.133187,0.0699812,0.178313,0,0.137825,0.137944,400,0
0.2,0.75,1,50000,0.133912,0.197869,0.131713,0.089675,0.187819,0,0.137925,0.121088,400,0
0.25,0.75,1,0,0.125156,0.123581,0.127294,0.125138,0.125112,0.123444,0.124188,0.126087,400,0
0.25,0.75,1,1000,0.128775,0.200569,0.127887,0.100556,0.195606,0.011425,0.0969625,0.138219,400,0
0.25,0.75,1,2000,0.111687,0.2003,0.144219,0.08565,0.1772,0.0048875,0.127356,0.1487,400,0
0.25,0.75,1,3000,0.111406,0.170338,0.145563,0.082425,0.245806,0.0003,0.130488,0.113675,400,0
0.25,0.75,1,5000,0.133862,0.203075,0.155163,0.0550875,0.193062,0,0.146487,0.113263,400,0
0.25,0.75,1,7000,0.114031,0.203525,0.140263,0.0961313,0.17645,0,0.133869,0.135731,400,0
0.25,0.75,1,10000,0.137881,0.183969,0.143969,0.08795,0.208237,0,0.129112,0.108881,400,0
0.25,0.75,1,25000,0.122081,0.199981,0.148406,0.0832563,0.18745,0,0.151294,0.107531,400,0
0.25,0.75,1,50000,0.122075,0.179769,0.150175,0.0981563,0.190625,0,0.151306,0.107894,400,0
0.25,0.75,1,0,0.124281,0.124494,0.125469,0.125612,0.124944,0.124175,0.125463,0.125562,400,0
0.25,0.75,1,1000,0.118169,0.215237,0.120044,0.0908063,0.189619,0.01285,0.1454,0.107875,400,0
0.25,0.75,1,2000,0.117219,0.215781,0.129106,0.0849312,0.180431,0.0179875,0.13325,0.121294,400,0
0.25,0.75,1,3000,0.121481,0.190319,0.119762,0.0962,0.233737,0.00126875,0.133275,0.103956,400,0
0.25,0.75,1,5000,0.109544,0.182537,0.130806,0.0845562,0.212556,0.0059,0.1575,0.1166,400,0
0.25,0.75,1,7000,0.117275,0.202237,0.119538,0.0955813,0.217413,0,0.136825,0.111131,400,0
0.25,0.75,1,10000,0.137375,0.203187,0.143781,0.0746938,0.188837,0,0.148981,0.103144,400,0
0.25,0.75,1,25000,0.134006,0.188094,0.128112,0.0946625,0.204844,0,0.116569,0.133713,400,0
0.25,0.75,1,50000,0.112719,0.208019,0.117356,0.1074,0.181113,0,0.161425,0.111969,400,0
0.3,0.75,1,0,0.125581,0.125413,0.124444,0.124631,0.125275,0.125087,0.123394,0.126175,400,0
0.3,0.75,1,1000,0.07445,0.188688,0.107856,0.1321,0.133125,0.0887063,0.113837,0.161238,400,0
0.3,0.75,1,2000,0.123375,0.216456,0.115788,0.100094,0.175075,0.0131437,0.111037,0.145031,400,0
0.3,0.75,1,3000,0.104438,0.206756,0.124181,0.0941938,0.168456,0.0277625,0.126106,0.148106,400,0
0.3,0.75,1,5000,0.131669,0.188206,0.138794,0.059375,0.187681,0,0.161869,0.132406,400,0
0.3,0.75,1,7000,0.101775,0.207206,0.105156,0.08565,0.213487,0,0.15175,0.134975,400,0
0.3,0.75,1,10000,0.124181,0.210737,0.1182,0.0612687,0.193606,0,0.160981,0.131025,400,0
0.3,0.75,1,25000,0.105056,0.209613,0.123481,0.076675,0.237719,0,0.122588,0.124869,400,0
0.3,0.75,1,50000,0.103769,0.182388,0.136556,0.0742063,0.254181,0,0.150744,0.0981563,400,0
0.3,0.75,1,0,0.124975,0.125431,0.124019,0.124781,0.126394,0.125606,0.125581,0.123213,400,0
0.3,0.75,1,1000,0.102288,0.197988,0.130738,0.097775,0.170944,0.047475,0.104731,0.148063,400,0
0.3,0.75,1,2000,0.107025,0.216206,0.111375,0.105194,0.1873,0.0153625,0.129675,0.127862,400,0
0.3,0.75,1,3000,0.0961313,0.205944,0.150125,0.0926125,0.196931,0.000575,0.130531,0.12715,400,0
0.3,0.75,1,5000,0.110425,0.192375,0.138731,0.0668813,0.217775,0,0.140856,0.132956,400,0
0.3,0.75,1,7000,0.126831,0.182069,0.153606,0.0648625,0.1835,0,0.172356,0.116775,400,0
0.3,0.75,1,10000,0.111062,0.211075,0.102212,0.0834125,0.222763,0,0.145169,0.124306,400,0
0.3,0.75,1,25000,0.102744,0.192069,0.1377,0.0777125,0.2415,0,0.14765,0.100625,400,0
0.3,0.75,1,50000,0.125975,0.174006,0.115094,0.0928875,0.195781,0,0.163144,0.133112,400,0
0.35,0.75,1,0,0.1251,0.1236,0.124456,0.125431,0.125325,0.124731,0.124444,0.126913,400,0
0.35,0.75,1,1000,0.061125,0.222856,0.0791,0.137506,0.117975,0.101506,0.082825,0.197106,400,0
0.35,0.75,1,2000,0.0519812,0.233994,0.0585375,0.156969,0.0868437,0.1164,0.089025,0.20625,400,0
0.35,0.75,1,3000,0.0401625,0.225812,0.0522813,0.181338,0.0766437,0.151369,0.0459937,0.2264,400,0
0.35,0.75,1,5000,0.0187562,0.226219,0.0250313,0.217312,0.0345125,0.222356,0.0253813,0.230431,400,0
0.35,0.75,1,7000,0,0.252588,0,0.261875,0,0.257487,0,0.22805,400,0
0.35,0.75,1,10000,0,0.255181,0,0.2646,0,0.230794,0,0.249425,400,0
0.35,0.75,1,25000,0,0.261313,0,0.245037,0,0.244638,0,0.249012,400,0
0.35,0.75,1,50000,0,0.266437,0,0.239881,0,0.246056,0,0.247625,400,0
0.35,0.75,1,0,0.124806,0.124806,0.125006,0.125037,0.124531,0.124969,0.125994,0.12485,400,0
0.35,0.75,1,1000,0.0528875,0.254487,0.0595875,0.168656,0.0771187,0.111125,0.065025,0.211113,400,0
0.35,0.75,1,2000,0.0262688,0.243656,0.038825,0.205794,0.07005,0.163862,0.0468187,0.204725,400,0
0.35,0.75,1,3000,0.0224875,0.2163,0.0351562,0.212212,0.0467,0.2157,0.0314375,0.220006,400,0
0.35,0.75,1,5000,0.00283125,0.260431,0.00173125,0.255406,0.00710625,0.24,0.00519375,0.2273,400,0
0.35,0.75,1,7000,0,0.244225,0,0.239056,0,0.270388,0,0.246331,400,0
0.35,0.75,1,10000,0,0.246706,0,0.233487,0,0.255019,0,0.264788,400,0
0.35,0.75,1,25000,0,0.232706,0,0.264769,0,0.251912,0,0.250613,400,0
0.35,0.75,1,50000,0,0.249556,0,0.240206,0,0.259444,0,0.250794,400,0
0.4,0.75,1,0,0.1243,0.125837,0.123488,0.124963,0.12565,0.124675,0.1261,0.124988,400,0
0.4,0.75,1,1000,0.0164875,0.239775,0.0315125,0.211956,0.0435,0.20585,0.0264188,0.2245,400,0
0.4,0.75,1,2000,0,0.242325,0.0012625,0.25375,0.00180625,0.249125,0,0.251731,400,0
0.4,0.75,1,3000,0,0.232437,0,0.242638,0,0.252581,0,0.272344,400,0
0.4,0.75,1,5000,0,0.246181,0,0.252925,0,0.251681,0,0.249213,400,0
0.4,0.75,1,7000,0,0.251894,0,0.255788,0,0.265225,0,0.227094,400,0
0.4,0.75,1,10000,0,0.273575,0,0.243256,0,0.24225,0,0.240919,400,0
0.4,0.75,1,25000,0,0.264987,0,0.2478,0,0.248113,0,0.2391,400,0
0.4,0.75,1,50000,0,0.252025,0,0.248537,0,0.253,0,0.246438,400,0
0,0.75,1,0,0.124656,0.124656,0.125756,0.124719,0.125,0.1253,0.125406,0.124506,400,0
0,0.75,1,1000,0.00170625,0.390156,0.004775,0.236406,0.0530562,0.0847125,0.0201437,0.209044,400,750
0,0.75,1,2000,0.00170625,0.390156,0.004775,0.236406,0.0530562,0.0847125,0.0201437,0.209044,400,750
0,0.75,1,3000,0.00170625,0.390156,0.004775,0.236406,0.0530562,0.0847125,0.0201437,0.209044,400,750
0,0.75,1,5000,0.00170625,0.390156,0.004775,0.236406,0.0530562,0.0847125,0.0201437,0.209044,400,750
0,0.75,1,7000,0.00170625,0.390156,0.004775,0.236406,0.0530562,0.0847125,0.0201437,0.209044,400,750
0,0.75,1,10000,0.00170625,0.390156,0.004775,0.236406,0.0530562,0.0847125,0.0201437,0.209044,400,750
0,0.75,1,25000,0.00170625,0.390156,0.004775,0.236406,0.0530562,0.0847125,0.0201437,0.209044,400,750
0,0.75,1,50000,0.00170625,0.390156,0.004775,0.236406,0.0530562,0.0847125,0.0201437,0.209044,400,750
0.4,0.75,1,0,0.124975,0.124394,0.124419,0.125919,0.124463,0.126056,0.12565,0.124125,400,0
0.4,0.75,1,1000,0.0162125,0.233275,0.0184375,0.207725,0.0337625,0.2331,0.028625,0.228862,400,0
0.4,0.75,1,2000,0,0.234225,0,0.250912,0,0.269419,0,0.245444,400,0
0.4,0.75,1,3000,0,0.251444,0,0.261319,0,0.239913,0,0.247325,400,0
0.4,0.75,1,5000,0,0.262181,0,0.2394,0,0.256231,0,0.242188,400,0
0.4,0.75,1,7000,0,0.267975,0,0.249331,0,0.239888,0,0.242806,400,0
0.4,0.75,1,10000,0,0.248575,0,0.260631,0,0.253869,0,0.236925,400,0
0.4,0.75,1,25000,0,0.248744,0,0.261081,0,0.245181,0,0.244994,400,0
0.4,0.75,1,50000,0,0.265306,0,0.230969,0,0.240819,0,0.262906,400,0
0,0.75,1,0,0.123963,0.124744,0.125525,0.124694,0.12435,0.126081,0.125062,0.125581,400,0
0,0.75,1,1000,0.0017,0.379444,0.0053,0.217612,0.0571875,0.0871187,0.0183687,0.233269,400,0
0,0.75,1,2000,0.0017,0.379444,0.0053,0.217612,0.0571875,0.0871187,0.0183687,0.233269,400,1250
0,0.75,1,3000,0.0017,0.379444,0.0053,0.217612,0.0571875,0.0871187,0.0183687,0.233269,400,1250
0,0.75,1,5000,0.0017,0.379444,0.0053,0.217612,0.0571875,0.0871187,0.0183687,0.233269,400,1250
0,0.75,1,7000,0.0017,0.379444,0.0053,0.217612,0.0571875,0.0871187,0.0183687,0.233269,400,1250
0,0.75,1,10000,0.0017,0.379444,0.0053,0.217612,0.0571875,0.0871187,0.0183687,0.233269,400,1250
0,0.75,1,25000,0.0017,0.379444,0.0053,0.217612,0.0571875,0.0871187,0.0183687,0.233269,400,1250
0,0.75,1,50000,0.0017,0.379444,0.0053,0.217612,0.0571875,0.0871187,0.0183687,0.233269,400,1250
0.05,0.75,1,0,0.125731,0.125544,0.125238,0.126044,0.123231,0.123656,0.1253,0.125256,400,0
0.05,0.75,1,1000,0.112156,0.155975,0.118788,0.104262,0.145581,0.050425,0.114956,0.197856,400,0
0.05,0.75,1,2000,0.1416,0.172137,0.141981,0.1114,0.172737,0.0184875,0.116769,0.124887,400,0
0.05,0.75,1,3000,0.132281,0.169669,0.151163,0.105463,0.184581,0.00730625,0.127869,0.121669,400,0
0.05,0.75,1,5000,0.161444,0.173987,0.14355,0.0961625,0.206581,0,0.120425,0.09785,400,0
0.05,0.75,1,7000,0.157131,0.164931,0.172781,0.0822438,0.175675,0,0.140425,0.106813,400,0
0.05,0.75,1,10000,0.165731,0.195825,0.137063,0.0768125,0.179388,0,0.127269,0.117913,400,0
0.05,0.75,1,25000,0.171937,0.167075,0.146737,0.07535,0.188675,0,0.151394,0.0988312,400,0
0.05,0.75,1,50000,0.159881,0.1657,0.155294,0.0814,0.1829,0,0.133475,0.12135,400,0
0.05,0.75,1,0,0.125756,0.124719,0.125506,0.125087,0.125512,0.124813,0.124475,0.124131,400,0
0.05,0.75,1,1000,0.118019,0.173563,0.130213,0.1056,0.127106,0.0961313,0.105038,0.144331,400,0
0.05,0.75,1,2000,0.133844,0.180431,0.138644,0.0991687,0.177944,0.0167,0.118462,0.134806,400,0
0.05,0.75,1,3000,0.158744,0.166675,0.182069,0.0856187,0.148025,0.0145125,0.12525,0.119106,400,0
0.05,0.75,1,5000,0.138763,0.167288,0.161263,0.0971937,0.163637,0,0.124019,0.147838,400,0
0.05,0.75,1,7000,0.167769,0.175775,0.153006,0.09175,0.179475,0,0.112481,0.119744,400,0
0.05,0.75,1,10000,0.154638,0.170781,0.169887,0.0938625,0.170788,0,0.125463,0.114581,400,0
0.05,0.75,1,25000,0.154,0.218006,0.15225,0.0712437,0.169281,0,0.120569,0.11465,400,0
0.05,0.75,1,50000,0.1524,0.1793,0.149744,0.0897375,0.193431,0,0.126981,0.108406,400,0
0.1,0.75,1,0,0.125081,0.126606,0.123581,0.125612,0.125931,0.125469,0.124738,0.122981,400,0
0.1,0.75,1,1000,0.118456,0.150081,0.124319,0.12415,0.171094,0.0253062,0.131575,0.155019,400,0
0.1,0.75,1,2000,0.1526,0.18255,0.13575,0.0912875,0.172838,0.0109375,0.117256,0.136781,400,0
0.1,0.75,1,3000,0.140456,0.164463,0.137856,0.07445,0.1737,0.0043,0.143256,0.161519,400,0
0.1,0.75,1,5000,0.122575,0.152188,0.148138,0.0931,0.21305,0,0.134244,0.136706,400,0
0.1,0.75,1,7000,0.146813,0.179212,0.142406,0.0834187,0.175131,0,0.159981,0.113037,400,0
0.1,0.75,1,10000,0.1458,0.160306,0.146575,0.075025,0.200338,0,0.142544,0.129413,400,0
0.1,0.75,1,25000,0.156925,0.177031,0.166931,0.0844625,0.170281,0,0.126631,0.117737,400,0
0.1,0.75,1,50000,0.1501,0.170431,0.166094,0.0902063,0.171625,0,0.139906,0.111638,400,0
0.1,0.75,1,0,0.125206,0.125163,0.123831,0.123963,0.1248,0.127375,0.123806,0.125856,400,0
0.1,0.75,1,1000,0.121325,0.171006,0.15655,0.114025,0.158238,0.0242625,0.120019,0.134575,400,0
0.1,0.75,1,2000,0.142588,0.203406,0.179306,0.0983312,0.150325,0.00575,0.126619,0.093675,400,0
0.1,0.75,1,3000,0.145338,0.151281,0.154356,0.100744,0.1783,0,0.149475,0.120506,400,0
0.1,0.75,1,5000,0.151225,0.183913,0.159606,0.0830375,0.187069,0,0.122469,0.112681,400,0
0.1,0.75,1,7000,0.1296,0.180031,0.14455,0.092925,0.207381,0,0.130219,0.115294,400,0
0.1,0.75,1,10000,0.146169,0.205187,0.163519,0.079575,0.168813,0,0.13225,0.104487,400,0
0.1,0.75,1,25000,0.138556,0.165687,0.149938,0.096725,0.158706,0,0.138044,0.152344,400,0
0.1,0.75,1,50000,0.14485,0.193981,0.145575,0.0891062,0.185944,0,0.141906,0.0986375,400,0
0.15,0.75,1,0,0.126225,0.124463,0.12465,0.123956,0.125419,0.125044,0.125975,0.124269,400,0
0.15,0.75,1,1000,0.111544,0.186419,0.148938,0.0940437,0.176194,0.0252,0.131662,0.126,400,0
0.15,0.75,1,2000,0.136231,0.171181,0.146431,0.0886187,0.20845,0,0.134444,0.114644,400,0
0.15,0.75,1,3000,0.15165,0.1695,0.125612,0.09935,0.1602,0,0.148163,0.145525,400,0
0.15,0.75,1,5000,0.145225,0.181719,0.1572,0.0776437,0.215575,0,0.125181,0.0974562,400,0
0.15,0.75,1,7000,0.133925,0.161181,0.136475,0.0797875,0.190887,0,0.14395,0.153794,400,0
0.15,0.75,1,10000,0.1284,0.18815,0.173231,0.0777375,0.194019,0,0.129319,0.109144,400,0
0.15,0.75,1,25000,0.138769,0.176075,0.136406,0.0983875,0.173475,0,0.157213,0.119675,400,0
0.15,0.75,1,50000,0.150219,0.167475,0.15555,0.097125,0.206569,0,0.124688,0.098375,400,0
0.15,0.75,1,0,0.124838,0.125275,0.123969,0.125175,0.124169,0.126419,0.123819,0.126337,400,0
0.15,0.75,1,1000,0.122475,0.183675,0.133981,0.0844063,0.187213,0.0173813,0.133731,0.137137,400,0
0.15,0.75,1,2000,0.1617,0.185369,0.143038,0.109044,0.1713,0,0.129619,0.0999312,400,0
0.15,0.75,1,3000,0.144038,0.177687,0.155906,0.0811063,0.183675,0,0.141363,0.116225,400,0
0.15,0.75,1,5000,0.162175,0.192562,0.141331,0.108456,0.164606,0,0.127119,0.10375,400,0
0.15,0.75,1,7000,0.156975,0.207325,0.165369,0.0865937,0.1651,0,0.12075,0.0978875,400,0
0.15,0.75,1,10000,0.134731,0.178331,0.141519,0.0752125,0.199781,0,0.149219,0.121206,400,0
0.15,0.75,1,25000,0.133106,0.192369,0.133194,0.0741062,0.203369,0,0.144162,0.119694,400,0
0.15,0.75,1,50000,0.155112,0.195675,0.151694,0.0939125,0.163106,0,0.124056,0.116444,400,0
0.2,0.75,1,0,0.12705,0.124931,0.125194,0.124031,0.124319,0.124594,0.125306,0.124575,400,0
0.2,0.75,1,1000,0.106675,0.178531,0.127394,0.115538,0.165112,0.03655,0.0997375,0.170462,400,0
0.2,0.75,1,2000,0.134006,0.1801,0.13545,0.082075,0.216294,0.0074375,0.141069,0.103569,400,0
0.2,0.75,1,3000,0.141469,0.191425,0.132106,0.08335,0.178969,0.0086625,0.135406,0.128612,400,0
0.2,0.75,1,5000,0.132075,0.18445,0.156719,0.0917063,0.164837,0,0.156006,0.114206,400,0
0.2,0.75,1,7000,0.128981,0.195169,0.131169,0.0814437,0.2061,0,0.122669,0.134469,400,0
0.2,0.75,1,10000,0.120744,0.200794,0.132337,0.0720937,0.182025,0,0.161925,0.130081,400,0
0.2,0.75,1,25000,0.141631,0.195769,0.155481,0.0743562,0.157794,0,0.156213,0.118756,400,0
0.2,0.75,1,50000,0.140994,0.183731,0.14885,0.0914313,0.161356,0,0.152544,0.121094,400,0
0.2,0.75,1,0,0.125694,0.1249,0.124637,0.125638,0.123362,0.124794,0.125537,0.125438,400,0
0.2,0.75,1,1000,0.119694,0.188037,0.135875,0.107206,0.154375,0.0323,0.138412,0.1241,400,0
0.2,0.75,1,2000,0.136931,0.192562,0.1565,0.0784688,0.19505,0.00731875,0.135969,0.0972,400,0
0.2,0.75,1,3000,0.130369,0.172694,0.139769,0.0780125,0.20255,0.001425,0.13195,0.143231,400,0
0.2,0.75,1,5000,0.114206,0.192419,0.128812,0.105069,0.182981,0.00051875,0.154319,0.121675,400,0
0.2,0.75,1,7000,0.160194,0.175863,0.145106,0.0898125,0.189781,0,0.134394,0.10485,400,0
0.2,0.75,1,10000,0.129344,0.205313,0.148737,0.0936938,0.197506,0,0.120981,0.104425,400,0
0.2,0.75,1,25000,0.140819,0.187581,0.130562,0.096325,0.179494,0,0.146944,0.118275,400,0
0.2,0.75,1,50000,0.14415,0.168906,0.156725,0.0856875,0.177363,0,0.150256,0.116913,400,0
0.25,0.75,1,0,0.126731,0.125963,0.124925,0.123563,0.122406,0.125244,0.123863,0.127306,400,0
0.25,0.75,1,1000,0.109681,0.1966,0.132238,0.100431,0.186738,0.0244125,0.1152,0.1347,400,0
0.25,0.75,1,2000,0.121038,0.186069,0.1271,0.103712,0.150725,0.0168875,0.133081,0.161387,400,0
0.25,0.75,1,3000,0.140987,0.182231,0.161656,0.0713188,0.168538,0.00234375,0.154731,0.118194,400,0
0.25,0.75,1,5000,0.13385,0.199238,0.131019,0.0697437,0.197969,0,0.160075,0.108106,400,0
0.25,0.75,1,7000,0.137519,0.186006,0.1321,0.0794062,0.205006,0,0.178687,0.081275,400,0
0.25,0.75,1,10000,0.116894,0.200631,0.144781,0.0699188,0.19255,0,0.155938,0.119288,400,0
0.25,0.75,1,25000,0.125612,0.18935,0.132862,0.0860937,0.170494,0,0.1549,0.140687,400,0
0.25,0.75,1,50000,0.121194,0.183069,0.143881,0.0967563,0.182237,0,0.154925,0.117938,400,0
0.25,0.75,1,0,0.124188,0.125569,0.125694,0.12465,0.125512,0.12635,0.123831,0.124206,400,0
0.25,0.75,1,1000,0.107331,0.22205,0.108156,0.113906,0.182737,0.0271188,0.103063,0.135637,400,0
0.25,0.75,1,2000,0.11075,0.215037,0.118206,0.108756,0.190763,0.0260562,0.111506,0.118925,400,0
0.25,0.75,1,3000,0.140906,0.207606,0.119712,0.0753687,0.213844,0.0121812,0.134425,0.0959563,400,0
0.25,0.75,1,5000,0.127169,0.178631,0.121375,0.0731437,0.200156,0,0.173375,0.12615,400,0
0.25,0.75,1,7000,0.117087,0.194581,0.123137,0.0785437,0.188087,0,0.152287,0.146275,400,0
0.25,0.75,1,10000,0.110619,0.18875,0.142494,0.0739625,0.234556,0,0.144156,0.105463,400,0
0.25,0.75,1,25000,0.120625,0.181406,0.139288,0.0928812,0.206962,0,0.139637,0.1192,400,0
0.25,0.75,1,50000,0.119025,0.216569,0.133175,0.079075,0.193862,0,0.143181,0.115113,400,0
0.3,0.75,1,0,0.124969,0.125869,0.126419,0.126306,0.124525,0.123606,0.124194,0.124113,400,0
0.3,0.75,1,1000,0.0861313,0.213388,0.0990875,0.0862312,0.207456,0.048175,0.126006,0.133525,400,0
0.3,0.75,1,2000,0.0957812,0.219931,0.1218,0.0842688,0.231181,0.0136688,0.126606,0.106762,400,0
0.3,0.75,1,3000,0.113125,0.183644,0.160475,0.0680063,0.184394,0.0022125,0.158031,0.130112,400,0
0.3,0.75,1,5000,0.107306,0.194694,0.127812,0.0935437,0.200962,0,0.138206,0.137475,400,0
0.3,0.75,1,7000,0.111656,0.201075,0.129362,0.0699,0.221944,0,0.153456,0.112606,400,0
0.3,0.75,1,10000,0.114894,0.199306,0.130637,0.0816625,0.219794,0,0.11225,0.141456,400,0
0.3,0.75,1,25000,0.137775,0.20665,0.157169,0.0749062,0.18895,0,0.131825,0.102725,400,0
0.3,0.75,1,50000,0.111513,0.192025,0.1268,0.067625,0.244794,0,0.152613,0.104631,400,0
0.3,0.75,1,0,0.12495,0.125631,0.12575,0.124412,0.125931,0.122987,0.125894,0.124444,400,0
0.3,0.75,1,1000,0.095525,0.236281,0.105406,0.10555,0.156481,0.04315,0.111838,0.145769,400,0
0.3,0.75,1,2000,0.101925,0.224919,0.120431,0.0942625,0.169662,0.022375,0.129694,0.136731,400,0
0.3,0.75,1,3000,0.120838,0.210462,0.129969,0.0674938,0.230437,0.00130625,0.122544,0.11695,400,0
0.3,0.75,1,5000,0.126738,0.183125,0.124606,0.0988125,0.195356,0,0.147388,0.123975,400,0
0.3,0.75,1,7000,0.121987,0.193513,0.12505,0.0797687,0.196075,0,0.153544,0.130062,400,0
0.3,0.75,1,10000,0.111975,0.189975,0.117769,0.0894063,0.203669,0,0.131406,0.1558,400,0
0.3,0.75,1,25000,0.102875,0.221881,0.112406,0.0812188,0.232256,0,0.123813,0.12555,400,0
0.3,0.75,1,50000,0.121544,0.208175,0.132106,0.076025,0.194681,0,0.130881,0.136588,400,0
0.35,0.75,1,0,0.124844,0.126388,0.124275,0.124544,0.126131,0.125494,0.124025,0.1243,400,0
0.35,0.75,1,1000,0.0763563,0.242762,0.0858687,0.124394,0.142506,0.06665,0.0989562,0.162506,400,0
0.35,0.75,1,2000,0.0766187,0.210344,0.0881813,0.108106,0.154381,0.0675687,0.111206,0.183594,400,0
0.35,0.75,1,3000,0.0631875,0.209937,0.08545,0.122144,0.1492,0.0918812,0.0934062,0.184794,400,0
0.35,0.75,1,5000,0.0538687,0.233288,0.0972875,0.104894,0.147413,0.082875,0.0929313,0.187444,400,0
0.35,0.75,1,7000,0.0832688,0.218869,0.104644,0.0864562,0.1899,0.0401188,0.127869,0.148875,400,0
0.35,0.75,1,10000,0.102469,0.213969,0.117481,0.0803313,0.172912,0.0312312,0.134569,0.147037,400,0
0.35,0.75,1,25000,0.1142,0.1927,0.117313,0.0787,0.2507,0,0.117825,0.128562,400,0
0.35,0.75,1,50000,0.100744,0.236144,0.116013,0.0714188,0.199313,0,0.1584,0.117969,400,0
0.35,0.75,1,0,0.12575,0.124688,0.124819,0.124194,0.125275,0.12635,0.125875,0.12305,400,0
0.35,0.75,1,1000,0.0733313,0.233137,0.0882813,0.115275,0.133856,0.0988625,0.105131,0.152125,400,0
0.35,0.75,1,2000,0.0722562,0.215394,0.10435,0.124806,0.148894,0.0543063,0.119137,0.160856,400,0
0.35,0.75,1,3000,0.0764813,0.228656,0.0812125,0.115931,0.140981,0.0672062,0.131994,0.157537,400,0
0.35,0.75,1,5000,0.0938688,0.205719,0.106719,0.0813312,0.198031,0.0201062,0.113606,0.180619,400,0
0.35,0.75,1,7000,0.0981188,0.204937,0.115437,0.0809062,0.241012,0,0.137112,0.122475,400,0
0.35,0.75,1,10000,0.116469,0.213938,0.122881,0.0802063,0.226906,0,0.116394,0.123206,400,0
0.35,0.75,1,25000,0.0935187,0.224188,0.129631,0.0732562,0.194344,0,0.169169,0.115894,400,0
0.35,0.75,1,50000,0.0913188,0.201894,0.14285,0.0705188,0.205169,0,0.151075,0.137175,400,0
0.4,0.75,1,0,0.123731,0.125119,0.124988,0.12525,0.122594,0.12515,0.127387,0.125781,400,0
0.4,0.75,1,1000,0.0226375,0.283919,0.03105,0.197362,0.0547938,0.146525,0.04835,0.215363,400,0
0.4,0.75,1,2000,0.0148562,0.244056,0.0156875,0.240744,0.0145813,0.220075,0.0173875,0.232612,400,0
0.4,0.75,1,3000,0,0.241731,0,0.254812,0.0017625,0.24035,0.00725625,0.254088,400,0
0.4,0.75,1,5000,0,0.245088,0,0.241575,0,0.261894,0,0.251444,400,0
0.4,0.75,1,7000,0,0.264675,0,0.222263,0,0.252588,0,0.260475,400,0
0.4,0.75,1,10000,0,0.245306,0,0.253456,0,0.25805,0,0.243188,400,0
0.4,0.75,1,25000,0,0.250156,0,0.253269,0,0.258369,0,0.238206,400,0
0.4,0.75,1,50000,0,0.253156,0,0.25535,0,0.244506,0,0.246987,400,0
0,0.75,1,0,0.124819,0.127219,0.124794,0.123713,0.125713,0.125062,0.124262,0.124419,400,0
0,0.75,1,1000,0.00188125,0.397281,0.00440625,0.234275,0.0516375,0.0821937,0.0210125,0.207313,400,750
0,0.75,1,2000,0.00188125,0.397281,0.00440625,0.234275,0.0516375,0.0821937,0.0210125,0.207313,400,750
0,0.75,1,3000,0.00188125,0.397281,0.00440625,0.234275,0.0516375,0.0821937,0.0210125,0.207313,400,750
0,0.75,1,5000,0.00188125,0.397281,0.00440625,0.234275,0.0516375,0.0821937,0.0210125,0.207313,400,750
0,0.75,1,7000,0.00188125,0.397281,0.00440625,0.234275,0.0516375,0.0821937,0.0210125,0.207313,400,750
0,0.75,1,10000,0.00188125,0.397281,0.00440625,0.234275,0.0516375,0.0821937,0.0210125,0.207313,400,750
0,0.75,1,25000,0.00188125,0.397281,0.00440625,0.234275,0.0516375,0.0821937,0.0210125,0.207313,400,750
0,0.75,1,50000,0.00188125,0.397281,0.00440625,0.234275,0.0516375,0.0821937,0.0210125,0.207313,400,750
0.4,0.75,1,0,0.124544,0.1251,0.125794,0.125869,0.124313,0.123906,0.125188,0.125287,400,0
0.4,0.75,1,1000,0.0282,0.26465,0.05125,0.186881,0.0654688,0.1476,0.0551937,0.200756,400,0
0.4,0.75,1,2000,0.000225,0.256794,0,0.253431,0.00059375,0.235656,0.0007625,0.252538,400,0
0.4,0.75,1,3000,0,0.240719,0,0.245562,0,0.248881,0,0.264838,400,0
0.4,0.75,1,5000,0,0.258631,0,0.251531,0,0.244688,0,0.24515,400,0
0.4,0.75,1,7000,0,0.246913,0,0.248994,0,0.261406,0,0.242688,400,0
0.4,0.75,1,10000,0,0.239294,0,0.238756,0,0.258875,0,0.263075,400,0
0.4,0.75,1,25000,0,0.265231,0,0.243606,0,0.241294,0,0.249869,400,0
0.4,0.75,1,50000,0,0.255194,0,0.24185,0,0.236512,0,0.266444,400,0
0,0.75,1,0,0.1251,0.125256,0.1247,0.126356,0.126969,0.123369,0.124031,0.124219,400,0
0,0.75,1,1000,0.0016,0.388606,0.00476875,0.2181,0.0575125,0.0963813,0.0221187,0.210913,400,750
0,0.75,1,2000,0.0016,0.388606,0.00476875,0.2181,0.0575125,0.0963813,0.0221187,0.210913,400,750
0,0.75,1,3000,0.0016,0.388606,0.00476875,0.2181,0.0575125,0.0963813,0.0221187,0.210913,400,750
0,0.75,1,5000,0.0016,0.388606,0.00476875,0.2181,0.0575125,0.0963813,0.0221187,0.210913,400,750
0,0.75,1,7000,0.0016,0.388606,0.00476875,0.2181,0.0575125,0.0963813,0.0221187,0.210913,400,750
0,0.75,1,10000,0.0016,0.388606,0.00476875,0.2181,0.0575125,0.0963813,0.0221187,0.210913,400,750
0,0.75,1,25000,0.0016,0.388606,0.00476875,0.2181,0.0575125,0.0963813,0.0221187,0.210913,400,750
0,0.75,1,50000,0.0016,0.388606,0.00476875,0.2181,0.0575125,0.0963813,0.0221187,0.210913,400,750
0.05,0.75,1,0,0.124631,0.1238,0.126275,0.124425,0.125175,0.125994,0.124481,0.125219,400,0
0.05,0.75,1,1000,0.101562,0.188106,0.12425,0.118394,0.124406,0.0726125,0.105181,0.165488,400,0
0.05,0.75,1,2000,0.141038,0.158781,0.15435,0.0963062,0.153663,0.0164125,0.139725,0.139725,400,0
0.05,0.75,1,3000,0.169662,0.189037,0.146663,0.08315,0.164556,0.0079125,0.118881,0.120137,400,0
0.05,0.75,1,5000,0.158856,0.181487,0.154381,0.0803375,0.172387,0,0.133856,0.118694,400,0
0.05,0.75,1,7000,0.142956,0.169069,0.148938,0.0938438,0.208919,0,0.144106,0.0921687,400,0
0.05,0.75,1,10000,0.132775,0.17205,0.163794,0.096075,0.178737,0,0.132869,0.1237,400,0
0.05,0.75,1,25000,0.160306,0.17485,0.157275,0.0831875,0.179994,0,0.130881,0.113506,400,0
0.05,0.75,1,50000,0.139513,0.188581,0.158387,0.0857875,0.180394,0,0.122706,0.124631,400,0
0.05,0.75,1,0,0.125031,0.1246,0.124156,0.125631,0.127075,0.124438,0.124262,0.124806,400,0
0.05,0.75,1,1000,0.112331,0.177069,0.127469,0.116544,0.152625,0.0680063,0.0920312,0.153925,400,0
0.05,0.75,1,2000,0.141538,0.191119,0.148094,0.104194,0.143819,0.00936875,0.127837,0.134031,400,0
0.05,0.75,1,3000,0.156913,0.175325,0.146237,0.0918313,0.182244,0.018025,0.119,0.110425,400,0
0.05,0.75,1,5000,0.139169,0.1877,0.155794,0.080675,0.180606,0,0.152294,0.103762,400,0
0.05,0.75,1,7000,0.163031,0.175781,0.153163,0.094675,0.163519,0,0.121425,0.128406,400,0
0.05,0.75,1,10000,0.160862,0.183631,0.161188,0.11515,0.165625,0,0.115881,0.0976625,400,0
0.05,0.75,1,25000,0.14295,0.195406,0.15855,0.0703875,0.182625,0,0.135694,0.114388,400,0
0.05,0.75,1,50000,0.146144,0.162156,0.167794,0.0876875,0.180894,0,0.138038,0.117288,400,0
0.1,0.75,1,0,0.124387,0.12575,0.124988,0.124938,0.126494,0.12495,0.124831,0.123662,400,0
0.1,0.75,1,1000,0.114475,0.179781,0.143063,0.0916312,0.159188,0.0444625,0.123762,0.143638,400,0
0.1,0.75,1,2000,0.148825,0.178825,0.152944,0.098625,0.152331,0.00391875,0.148719,0.115812,400,0
0.1,0.75,1,3000,0.153138,0.18935,0.144181,0.0804125,0.159025,0,0.135006,0.138887,400,0
0.1,0.75,1,5000,0.144888,0.16365,0.156306,0.0802313,0.169563,0,0.15,0.135362,400,0
0.1,0.75,1,7000,0.146575,0.165319,0.1622,0.0743937,0.186856,0,0.140075,0.124581,400,0
0.1,0.75,1,10000,0.1386,0.176987,0.125019,0.0819625,0.209831,0,0.130181,0.137419,400,0
0.1,0.75,1,25000,0.172469,0.172056,0.160119,0.08255,0.182769,0,0.140162,0.089875,400,0
0.1,0.75,1,50000,0.143888,0.190081,0.127156,0.0787125,0.163169,0,0.144806,0.152188,400,0
0.1,0.75,1,0,0.125163,0.125944,0.1245,0.124925,0.124094,0.124887,0.124881,0.125606,400,0
0.1,0.75,1,1000,0.128575,0.169238,0.140419,0.0987875,0.163362,0.0163312,0.113025,0.170263,400,0
0.1,0.75,1,2000,0.146669,0.173712,0.152888,0.081325,0.199325,0.00200625,0.130031,0.114044,400,0
0.1,0.75,1,3000,0.159206,0.194481,0.144338,0.0880438,0.188531,0,0.133681,0.0917188,400,0
0.1,0.75,1,5000,0.148212,0.192963,0.147075,0.0846062,0.192944,0,0.124113,0.110088,400,0
0.1,0.75,1,7000,0.14145,0.191513,0.143125,0.104775,0.1517,0,0.113412,0.154025,400,0
0.1,0.75,1,10000,0.157562,0.172937,0.146081,0.0758375,0.181519,0,0.161812,0.10425,400,0
0.1,0.75,1,25000,0.131194,0.172556,0.14805,0.104325,0.1635,0,0.140075,0.1403,400,0
0.1,0.75,1,50000,0.142025,0.174425,0.142638,0.0836125,0.205575,0,0.122869,0.128856,400,0
0.15,0.75,1,0,0.125944,0.126181,0.125275,0.124963,0.123813,0.124137,0.124081,0.125606,400,0
0.15,0.75,1,1000,0.126394,0.181669,0.138225,0.110575,0.153175,0.0153,0.119994,0.154669,400,0
0.15,0.75,1,2000,0.154056,0.200769,0.15515,0.0797937,0.165325,0.00349375,0.140744,0.100669,400,0
0.15,0.75,1,3000,0.149594,0.181656,0.152275,0.0984875,0.185819,0.0021375,0.1316,0.0984312,400,0
0.15,0.75,1,5000,0.155488,0.188312,0.1283,0.0923438,0.186188,0,0.121075,0.128294,400,0
0.15,0.75,1,7000,0.145987,0.169494,0.139625,0.0760875,0.200906,0,0.146069,0.121831,400,0
0.15,0.75,1,10000,0.139581,0.197387,0.13585,0.0883812,0.170956,0,0.153494,0.11435,400,0
0.15,0.75,1,25000,0.147563,0.176994,0.166619,0.09555,0.151537,0,0.148638,0.1131,400,0
0.15,0.75,1,50000,0.13285,0.171144,0.154656,0.0987125,0.152194,0,0.148694,0.14175,400,0
0.15,0.75,1,0,0.124831,0.124375,0.12505,0.125,0.12585,0.124481,0.125138,0.125275,400,0
0.15,0.75,1,1000,0.13935,0.177506,0.150831,0.0988938,0.175744,0.0191687,0.115944,0.122563,400,0
0.15,0.75,1,2000,0.153663,0.204987,0.122438,0.0912063,0.1939,0.00163125,0.131362,0.100812,400,0
0.15,0.75,1,3000,0.113219,0.198344,0.1356,0.0628125,0.198813,0,0.160062,0.13115,400,0
0.15,0.75,1,5000,0.154837,0.172181,0.132963,0.0914688,0.191156,0,0.133362,0.124031,400,0
0.15,0.75,1,7000,0.141306,0.197337,0.1544,0.0786938,0.177987,0,0.131925,0.11835,400,0
0.15,0.75,1,10000,0.148475,0.184487,0.136094,0.0755813,0.184575,0,0.143169,0.127619,400,0
0.15,0.75,1,25000,0.135181,0.184487,0.138981,0.0807,0.18465,0,0.147388,0.128612,400,0
0.15,0.75,1,50000,0.148838,0.177,0.131562,0.079375,0.189881,0,0.149613,0.123731,400,0
0.2,0.75,1,0,0.124925,0.125125,0.125794,0.124469,0.124613,0.125481,0.1249,0.124694,400,0
0.2,0.75,1,1000,0.113994,0.186988,0.12915,0.109406,0.176462,0.0182875,0.120663,0.14505,400,0
0.2,0.75,1,2000,0.141594,0.189787,0.154037,0.0932812,0.199625,0.0031,0.122231,0.0963438,400,0
0.2,0.75,1,3000,0.13715,0.181613,0.118788,0.0889875,0.184888,0,0.164738,0.123838,400,0
0.2,0.75,1,5000,0.152406,0.169331,0.152344,0.0836062,0.192025,0,0.128325,0.121963,400,0
0.2,0.75,1,7000,0.146056,0.182638,0.143462,0.07535,0.19835,0,0.142456,0.111687,400,0
0.2,0.75,1,10000,0.130919,0.176281,0.150606,0.0982062,0.1826,0,0.131094,0.130294,400,0
0.2,0.75,1,25000,0.147781,0.175338,0.169519,0.075925,0.18645,0,0.13925,0.105737,400,0
0.2,0.75,1,50000,0.134025,0.173063,0.184244,0.0710937,0.162581,0,0.169569,0.105425,400,0
0.2,0.75,1,0,0.125025,0.12435,0.126763,0.126256,0.12485,0.125438,0.1225,0.124819,400,0
0.2,0.75,1,1000,0.127019,0.171606,0.1361,0.0932188,0.161263,0.0217187,0.135169,0.153906,400,0
0.2,0.75,1,2000,0.124881,0.200706,0.149119,0.107825,0.156581,0.0072875,0.133087,0.120512,400,0
0.2,0.75,1,3000,0.124025,0.179794,0.162706,0.0850562,0.197419,0,0.145656,0.105344,400,0
0.2,0.75,1,5000,0.134531,0.181694,0.146194,0.0826125,0.199588,0,0.156606,0.098775,400,0
0.2,0.75,1,7000,0.127444,0.177531,0.147613,0.0858938,0.209656,0,0.143544,0.108319,400,0
0.2,0.75,1,10000,0.129919,0.174662,0.128963,0.114575,0.212962,0,0.115513,0.123406,400,0
0.2,0.75,1,25000,0.14935,0.193375,0.130263,0.0769187,0.209231,0,0.132644,0.108219,400,0
0.2,0.75,1,50000,0.15085,0.199538,0.152231,0.0656937,0.191325,0,0.121625,0.118737,400,0
0.25,0.75,1,0,0.124881,0.12425,0.126525,0.124019,0.125394,0.1245,0.125413,0.125019,400,0
0.25,0.75,1,1000,0.101181,0.175931,0.114469,0.0856187,0.197862,0.0358813,0.128106,0.16095,400,0
0.25,0.75,1,2000,0.130938,0.182244,0.139881,0.0934813,0.174581,0.0116125,0.143825,0.123438,400,0
0.25,0.75,1,3000,0.142813,0.193275,0.118406,0.092675,0.182844,0.002525,0.151756,0.115706,400,0
0.25,0.75,1,5000,0.106744,0.220262,0.133406,0.101144,0.2049,0.00125625,0.122606,0.109681,400,0
0.25,0.75,1,7000,0.105006,0.199462,0.139669,0.0756,0.216225,0,0.159175,0.104862,400,0
0.25,0.75,1,10000,0.132956,0.192556,0.147925,0.083825,0.16915,0,0.148737,0.12485,400,0
0.25,0.75,1,25000,0.114056,0.202831,0.140038,0.0662438,0.191681,0,0.171919,0.113231,400,0
0.25,0.75,1,50000,0.117112,0.191812,0.138612,0.0948625,0.221706,0,0.145288,0.0906062,400,0
0.25,0.75,1,0,0.125156,0.125087,0.126381,0.126019,0.124731,0.125081,0.122881,0.124662,400,0
0.25,0.75,1,1000,0.101312,0.220944,0.137019,0.0947438,0.171063,0.0286437,0.126225,0.12005,400,0
0.25,0.75,1,2000,0.11725,0.19825,0.131038,0.0768625,0.185544,0.0081125,0.150638,0.132306,400,0
0.25,0.75,1,3000,0.119919,0.191431,0.170569,0.0658625,0.173888,0,0.1601,0.118231,400,0
0.25,0.75,1,5000,0.123381,0.229981,0.120856,0.0740813,0.207937,0,0.150169,0.0935938,400,0
0.25,0.75,1,7000,0.126131,0.211512,0.140237,0.0905,0.1875,0,0.131919,0.1122,400,0
0.25,0.75,1,10000,0.141,0.168475,0.150906,0.0832937,0.197137,0,0.130887,0.1283,400,0
0.25,0.75,1,25000,0.116975,0.201394,0.141806,0.081725,0.218131,0,0.111156,0.128812,400,0
0.25,0.75,1,50000,0.121331,0.195756,0.137013,0.0651063,0.194019,0,0.142462,0.144313,400,0
0.3,0.75,1,0,0.125456,0.125119,0.1254,0.124469,0.124875,0.123656,0.125931,0.125094,400,0
0.3,0.75,1,1000,0.0811812,0.219925,0.11105,0.1094,0.152625,0.0649375,0.118288,0.142594,400,0
0.3,0.75,1,2000,0.113506,0.211481,0.124637,0.0766687,0.188762,0.0269313,0.132031,0.125981,400,0
0.3,0.75,1,3000,0.136575,0.1873,0.143225,0.0753125,0.170462,0.0100562,0.138238,0.138831,400,0
0.3,0.75,1,5000,0.115187,0.178544,0.128131,0.100362,0.171806,0,0.169788,0.136181,400,0
0.3,0.75,1,7000,0.128106,0.188331,0.138181,0.075475,0.193337,0,0.144256,0.132312,400,0
0.3,0.75,1,10000,0.110881,0.210081,0.134988,0.0763375,0.174069,0,0.163038,0.130606,400,0
0.3,0.75,1,25000,0.107519,0.170394,0.147125,0.0679312,0.234106,0,0.133419,0.139506,400,0
0.3,0.75,1,50000,0.110625,0.209575,0.133131,0.0717875,0.198337,0,0.168369,0.108175,400,0
0.3,0.75,1,0,0.125231,0.125,0.124819,0.125381,0.124219,0.125106,0.125944,0.1243,400,0
0.3,0.75,1,1000,0.0806625,0.1732,0.110994,0.118319,0.15505,0.0787875,0.103756,0.179231,400,0
0.3,0.75,1,2000,0.112113,0.202494,0.119094,0.100875,0.187738,0.0204438,0.116538,0.140706,400,0
0.3,0.75,1,3000,0.108088,0.204987,0.140656,0.0827625,0.178512,0.0086625,0.135412,0.140919,400,0
0.3,0.75,1,5000,0.111044,0.196419,0.118706,0.10365,0.193456,0,0.141806,0.134919,400,0
0.3,0.75,1,7000,0.120831,0.182181,0.1242,0.0799125,0.216713,0,0.126169,0.149994,400,0
0.3,0.75,1,10000,0.109963,0.187694,0.12925,0.0822062,0.19155,0,0.1554,0.143937,400,0
0.3,0.75,1,25000,0.115525,0.191981,0.1184,0.0753063,0.246619,0,0.132044,0.120125,400,0
0.3,0.75,1,50000,0.116612,0.210169,0.115763,0.0932313,0.190406,0,0.152825,0.120994,400,0
0.35,0.75,1,0,0.124219,0.12495,0.126081,0.123831,0.125019,0.125388,0.124438,0.126075,400,0
0.35,0.75,1,1000,0.0371875,0.23985,0.0517937,0.19455,0.07785,0.138144,0.0620438,0.198581,400,0
0.35,0.75,1,2000,0.0164562,0.237138,0.0334938,0.2099,0.0433687,0.177844,0.0197063,0.262094,400,0
0.35,0.75,1,3000,0.0077375,0.245562,0.0109563,0.232987,0.017325,0.239075,0.0154188,0.230937,400,0
0.35,0.75,1,5000,0,0.252506,0,0.240181,0,0.2426,0,0.264713,400,0
0.35,0.75,1,7000,0,0.260244,0,0.2357,0,0.248,0,0.256056,400,0
0.35,0.75,1,10000,0,0.2671,0,0.243481,0,0.25045,0,0.238969,400,0
0.35,0.75,1,25000,0,0.259875,0,0.250969,0,0.240775,0,0.248381,400,0
0.35,0.75,1,50000,0,0.243181,0,0.251887,0,0.254044,0,0.250887,400,0
0.35,0.75,1,0,0.124694,0.126612,0.125894,0.125238,0.12495,0.124844,0.123069,0.1247,400,0
0.35,0.75,1,1000,0.04575,0.21955,0.0571938,0.160544,0.0994188,0.121369,0.0738,0.222375,400,0
0.35,0.75,1,2000,0.04295,0.238506,0.0409313,0.190281,0.0692312,0.142231,0.0612375,0.214631,400,0
0.35,0.75,1,3000,0.0299813,0.2289,0.038775,0.200425,0.0605,0.182731,0.0312938,0.227394,400,0
0.35,0.75,1,5000,0.0134625,0.245531,0.0177062,0.237869,0.022075,0.221669,0.01335,0.228337,400,0
0.35,0.75,1,7000,0.0116875,0.253775,0.0106062,0.227162,0.0252563,0.211706,0.0170313,0.242775,400,0
0.35,0.75,1,10000,0,0.244075,0,0.235794,0,0.254738,0,0.265394,400,0
0.35,0.75,1,25000,0,0.238425,0,0.23465,0,0.256025,0,0.2709,400,0
0.35,0.75,1,50000,0,0.246631,0,0.230406,0,0.271694,0,0.251269,400,0
0.4,0.75,1,0,0.124813,0.1265,0.123325,0.125725,0.125519,0.124563,0.125362,0.124194,400,0
0.4,0.75,1,1000,0.0547812,0.242487,0.0603812,0.161475,0.0952188,0.114337,0.0772437,0.194075,400,0
0.4,0.75,1,2000,0.0200563,0.250525,0.023575,0.220619,0.0369,0.19485,0.0289937,0.224481,400,0
0.4,0.75,1,3000,0.00245625,0.239512,0.0027375,0.247444,0.00149375,0.237356,0.00166875,0.267331,400,0
0.4,0.75,1,5000,0,0.251837,0,0.251475,0,0.248125,0,0.248562,400,0
0.4,0.75,1,7000,0,0.244575,0,0.239094,0,0.265894,0,0.250437,400,0
0.4,0.75,1,10000,0,0.253544,0,0.237606,0,0.258469,0,0.250381,400,0
0.4,0.75,1,25000,0,0.242819,0,0.245863,0,0.258531,0,0.252787,400,0
0.4,0.75,1,50000,0,0.265738,0,0.249762,0,0.241462,0,0.243037,400,0
0.4,0.75,1,0,0.125325,0.125156,0.125581,0.124644,0.124656,0.125681,0.124856,0.1241,400,0
0.4,0.75,1,1000,0.0254625,0.230962,0.0420375,0.204125,0.079375,0.155112,0.0682375,0.194688,400,0
0.4,0.75,1,2000,0.000625,0.245312,0.00244375,0.234925,0.0345,0.2315,0.011725,0.238969,400,0
0.4,0.75,1,3000,0,0.255063,0,0.252925,0,0.236831,0,0.255181,400,0
0.4,0.75,1,5000,0,0.239006,0,0.243438,0,0.249944,0,0.267612,400,0
0.4,0.75,1,7000,0,0.259062,0,0.234775,0,0.257213,0,0.24895,400,0
0.4,0.75,1,10000,0,0.258469,0,0.241844,0,0.246163,0,0.253525,400,0
0.4,0.75,1,25000,0,0.230981,0,0.250181,0,0.266363,0,0.252475,400,0
0.4,0.75,1,50000,0,0.236869,0,0.251738,0,0.261119,0,0.250275,400,0
0,0.75,1,0,0.124583,0.124833,0.125064,0.124556,0.125564,0.124447,0.125653,0.1253,800,0
0,0.75,1,1000,0.00234531,0.394045,0.00571094,0.229661,0.0602156,0.08255,0.0219172,0.203555,800,450
0,0.75,1,2000,0.00234531,0.394045,0.00571094,0.229661,0.0602156,0.08255,0.0219172,0.203555,800,450
0,0.75,1,3000,0.00234531,0.394045,0.00571094,0.229661,0.0602156,0.08255,0.0219172,0.203555,800,450
0,0.75,1,5000,0.00234531,0.394045,0.00571094,0.229661,0.0602156,0.08255,0.0219172,0.203555,800,450
0,0.75,1,7000,0.00234531,0.394045,0.00571094,0.229661,0.0602156,0.08255,0.0219172,0.203555,800,450
0,0.75,1,10000,0.00234531,0.394045,0.00571094,0.229661,0.0602156,0.08255,0.0219172,0.203555,800,450
0,0.75,1,25000,0.00234531,0.394045,0.00571094,0.229661,0.0602156,0.08255,0.0219172,0.203555,800,450
0,0.75,1,50000,0.00234531,0.394045,0.00571094,0.229661,0.0602156,0.08255,0.0219172,0.203555,800,450
0,0.75,1,0,0.124627,0.125131,0.124472,0.125044,0.125195,0.12498,0.125047,0.125505,800,0
0,0.75,1,1000,0.00243594,0.386598,0.00568906,0.229658,0.0596969,0.0879094,0.0217406,0.206272,800,550
0,0.75,1,2000,0.00243594,0.386598,0.00568906,0.229658,0.0596969,0.0879094,0.0217406,0.206272,800,550
0,0.75,1,3000,0.00243594,0.386598,0.00568906,0.229658,0.0596969,0.0879094,0.0217406,0.206272,800,550
0,0.75,1,5000,0.00243594,0.386598,0.00568906,0.229658,0.0596969,0.0879094,0.0217406,0.206272,800,550
0,0.75,1,7000,0.00243594,0.386598,0.00568906,0.229658,0.0596969,0.0879094,0.0217406,0.206272,800,550
0,0.75,1,10000,0.00243594,0.386598,0.00568906,0.229658,0.0596969,0.0879094,0.0217406,0.206272,800,550
0,0.75,1,25000,0.00243594,0.386598,0.00568906,0.229658,0.0596969,0.0879094,0.0217406,0.206272,800,550
0,0.75,1,50000,0.00243594,0.386598,0.00568906,0.229658,0.0596969,0.0879094,0.0217406,0.206272,800,550
0.05,0.75,1,0,0.125458,0.125231,0.124698,0.124973,0.125572,0.124359,0.124594,0.125114,800,0
0.05,0.75,1,1000,0.0883641,0.186037,0.0903125,0.14778,0.0969219,0.109842,0.0847734,0.195969,800,0
0.05,0.75,1,2000,0.12115,0.194358,0.126092,0.115931,0.144208,0.0531844,0.104528,0.140548,800,0
0.05,0.75,1,3000,0.131317,0.18562,0.133281,0.109256,0.149775,0.0369609,0.111914,0.141875,800,0
0.05,0.75,1,5000,0.132302,0.180255,0.135817,0.107559,0.158455,0.0296469,0.118112,0.137853,800,0
0.05,0.75,1,7000,0.142052,0.172631,0.145642,0.106197,0.160841,0.0221859,0.116919,0.133533,800,0
0.05,0.75,1,10000,0.145327,0.191922,0.145984,0.0989234,0.162678,0.0129828,0.116705,0.125478,800,0
0.05,0.75,1,25000,0.155759,0.182898,0.15338,0.0945422,0.173092,0,0.129778,0.11055,800,0
0.05,0.75,1,50000,0.151894,0.175342,0.157112,0.0916687,0.170758,0,0.13745,0.115775,800,0
0.05,0.75,1,0,0.125219,0.125011,0.124944,0.125167,0.125616,0.124745,0.124313,0.124986,800,0
0.05,0.75,1,1000,0.0945687,0.213073,0.101486,0.142294,0.101248,0.0864781,0.0856891,0.175162,800,0
0.05,0.75,1,2000,0.117352,0.194575,0.117447,0.124406,0.137089,0.0553234,0.109319,0.144489,800,0
0.05,0.75,1,3000,0.131447,0.171691,0.127291,0.11097,0.164695,0.0342766,0.118584,0.141045,800,0
0.05,0.75,1,5000,0.145961,0.188016,0.135756,0.103741,0.160341,0.0248359,0.110775,0.130575,800,0
0.05,0.75,1,7000,0.142155,0.190436,0.145761,0.0971453,0.162041,0.0146859,0.119039,0.128738,800,0
0.05,0.75,1,10000,0.141494,0.183056,0.145492,0.09385,0.161527,0.00861875,0.133711,0.132252,800,0
0.05,0.75,1,25000,0.143083,0.181945,0.157697,0.097775,0.178134,0.00171406,0.127112,0.112539,800,0
0.05,0.75,1,50000,0.148058,0.173756,0.156367,0.0945656,0.184081,0,0.133862,0.109309,800,0
0.1,0.75,1,0,0.124294,0.124728,0.125302,0.125478,0.12525,0.125019,0.124911,0.125019,800,0
0.1,0.75,1,1000,0.115556,0.194055,0.130908,0.111947,0.145495,0.0429547,0.122897,0.136187,800,0
0.1,0.75,1,2000,0.129945,0.193013,0.140747,0.101448,0.16598,0.0159437,0.134039,0.118884,800,0
0.1,0.75,1,3000,0.148489,0.186225,0.15648,0.0836406,0.167706,0.00650469,0.135484,0.11547,800,0
0.1,0.75,1,5000,0.145577,0.180164,0.14783,0.0911594,0.173431,0.00429063,0.14053,0.117019,800,0
0.1,0.75,1,7000,0.137745,0.187078,0.151495,0.0881438,0.175928,0,0.138239,0.12137,800,0
0.1,0.75,1,10000,0.141381,0.187958,0.155888,0.0817328,0.175012,0,0.137964,0.120064,800,0
0.1,0.75,1,25000,0.156627,0.1827,0.142761,0.0827906,0.180409,0,0.136573,0.118139,800,0
0.1,0.75,1,50000,0.153822,0.181455,0.150583,0.0859922,0.177806,0,0.128298,0.122044,800,0
0.1,0.75,1,0,0.1246,0.125333,0.124748,0.124798,0.125614,0.124609,0.125314,0.124983,800,0
0.1,0.75,1,1000,0.11218,0.186755,0.13237,0.116333,0.151902,0.0433828,0.11382,0.143258,800,0
0.1,0.75,1,2000,0.137139,0.176566,0.143778,0.10083,0.175527,0.0189062,0.1271,0.120155,800,0
0.1,0.75,1,3000,0.143045,0.180772,0.139748,0.0942203,0.169084,0.0118125,0.134289,0.127028,800,0
0.1,0.75,1,5000,0.150844,0.186828,0.148537,0.0933953,0.175794,0.00255469,0.128656,0.113391,800,0
0.1,0.75,1,7000,0.147797,0.18223,0.151356,0.0842391,0.179825,0,0.138152,0.116402,800,0
0.1,0.75,1,10000,0.14583,0.188245,0.142322,0.0911344,0.181794,0,0.141342,0.109333,800,0
0.1,0.75,1,25000,0.142152,0.181111,0.145089,0.0819797,0.172627,0,0.15663,0.120413,800,0
0.1,0.75,1,50000,0.149719,0.1825,0.149425,0.103211,0.176766,0,0.133561,0.104819,800,0
0.15,0.75,1,0,0.124784,0.125397,0.125062,0.124847,0.124639,0.125391,0.124864,0.125016,800,0
0.15,0.75,1,1000,0.124847,0.192519,0.129047,0.109191,0.157866,0.0373641,0.11917,0.129997,800,0
0.15,0.75,1,2000,0.142045,0.184698,0.133578,0.0933453,0.179255,0.0134984,0.124702,0.128878,800,0
0.15,0.75,1,3000,0.13415,0.18367,0.142681,0.0944062,0.185059,0.00433906,0.13335,0.122344,800,0
0.15,0.75,1,5000,0.142277,0.192425,0.148252,0.0814422,0.184647,0,0.143456,0.107502,800,0
0.15,0.75,1,7000,0.134956,0.190767,0.1278,0.0906719,0.202752,0,0.140486,0.112567,800,0
0.15,0.75,1,10000,0.135861,0.188575,0.146384,0.0888234,0.193433,0,0.142906,0.104017,800,0
0.15,0.75,1,25000,0.142591,0.176261,0.14723,0.08315,0.187128,0,0.14488,0.118761,800,0
0.15,0.75,1,50000,0.137886,0.182659,0.13893,0.0898375,0.176972,0,0.143569,0.130147,800,0
0.15,0.75,1,0,0.125498,0.125195,0.124889,0.124495,0.125722,0.124552,0.125073,0.124575,800,0
0.15,0.75,1,1000,0.125566,0.196781,0.132955,0.0964234,0.154808,0.0299875,0.126689,0.136791,800,0
0.15,0.75,1,2000,0.143323,0.190702,0.134902,0.0895813,0.182963,0.00598594,0.135503,0.117041,800,0
0.15,0.75,1,3000,0.138705,0.18723,0.143289,0.0772703,0.196881,0.00262188,0.141797,0.112206,800,0
0.15,0.75,1,5000,0.149756,0.184367,0.136131,0.0995562,0.18597,0.000590625,0.133544,0.110084,800,0
0.15,0.75,1,7000,0.141344,0.187173,0.150522,0.0857203,0.180714,0,0.138764,0.115763,800,0
0.15,0.75,1,10000,0.143962,0.181489,0.138734,0.104066,0.180403,0,0.140761,0.110584,800,0
0.15,0.75,1,25000,0.143081,0.182452,0.140611,0.0785391,0.199788,0,0.145172,0.110358,800,0
0.15,0.75,1,50000,0.143181,0.185164,0.145384,0.0902516,0.17458,0,0.146917,0.114522,800,0
0.2,0.75,1,0,0.12557,0.124714,0.12482,0.125441,0.125098,0.125317,0.125075,0.123964,800,0
0.2,0.75,1,1000,0.122716,0.19373,0.126491,0.106934,0.166659,0.0363406,0.113595,0.133534,800,0
0.2,0.75,1,2000,0.130955,0.187923,0.135073,0.0934563,0.181689,0.0119312,0.140759,0.118212,800,0
0.2,0.75,1,3000,0.135102,0.193061,0.140658,0.0903156,0.180159,0.00480938,0.137566,0.11833,800,0
0.2,0.75,1,5000,0.128691,0.189445,0.133956,0.0917266,0.201791,0,0.146084,0.108306,800,0
0.2,0.75,1,7000,0.132266,0.189642,0.134728,0.0900391,0.189725,0,0.135484,0.128116,800,0
0.2,0.75,1,10000,0.13567,0.179475,0.141908,0.0845984,0.178803,0,0.142102,0.137444,800,0
0.2,0.75,1,25000,0.132003,0.179739,0.13598,0.0856016,0.192553,0,0.157344,0.11678,800,0
0.2,0.75,1,50000,0.134314,0.195486,0.133766,0.0802156,0.186827,0,0.158622,0.11077,800,0
0.2,0.75,1,0,0.124911,0.125909,0.124723,0.124644,0.124817,0.12487,0.125489,0.124636,800,0
0.2,0.75,1,1000,0.115111,0.183545,0.122231,0.10513,0.176902,0.0374469,0.128925,0.130709,800,0
0.2,0.75,1,2000,0.134597,0.188764,0.138322,0.100595,0.166769,0.00667656,0.141961,0.122316,800,0
0.2,0.75,1,3000,0.143783,0.19063,0.136792,0.0912922,0.177722,0.00192344,0.146089,0.111769,800,0
0.2,0.75,1,5000,0.126802,0.189741,0.139106,0.0877,0.197242,0,0.147552,0.111858,800,0
0.2,0.75,1,7000,0.133802,0.194538,0.140734,0.0840797,0.183439,0,0.14837,0.115038,800,0
0.2,0.75,1,10000,0.146998,0.186678,0.137308,0.090125,0.186337,0,0.14485,0.107703,800,0
0.2,0.75,1,25000,0.133422,0.185384,0.138764,0.0887938,0.194972,0,0.141458,0.117206,800,0
0.2,0.75,1,50000,0.130344,0.192234,0.133136,0.0918375,0.189455,0,0.143295,0.119698,800,0
0.25,0.75,1,0,0.124945,0.124188,0.125808,0.124694,0.125064,0.124631,0.124914,0.125756,800,0
0.25,0.75,1,1000,0.101587,0.213253,0.118856,0.103759,0.168223,0.0276141,0.131344,0.135362,800,0
0.25,0.75,1,2000,0.124939,0.188138,0.130105,0.0976906,0.167511,0.0157609,0.144452,0.131405,800,0
0.25,0.75,1,3000,0.1188,0.191831,0.122277,0.0953625,0.20705,0.00771875,0.139603,0.117358,800,0
0.25,0.75,1,5000,0.136039,0.178411,0.122906,0.0895672,0.205402,0.001025,0.14872,0.11793,800,0
0.25,0.75,1,7000,0.132353,0.197353,0.137852,0.0859109,0.191509,0,0.14255,0.112472,800,0
0.25,0.75,1,10000,0.128887,0.208325,0.13175,0.0909641,0.176914,0,0.150012,0.113147,800,0
0.25,0.75,1,25000,0.121814,0.199161,0.135331,0.0755078,0.203473,0,0.148075,0.116638,800,0
0.25,0.75,1,50000,0.125592,0.184566,0.127644,0.0803984,0.202677,0,0.157434,0.121689,800,0
0.25,0.75,1,0,0.125033,0.124852,0.126164,0.124747,0.125017,0.12525,0.124428,0.124509,800,0
0.25,0.75,1,1000,0.111859,0.191309,0.112475,0.0961016,0.183669,0.0388156,0.132222,0.133548,800,0
0.25,0.75,1,2000,0.109634,0.207412,0.11935,0.108669,0.185256,0.0136641,0.137386,0.118628,800,0
0.25,0.75,1,3000,0.125733,0.199813,0.138534,0.0768484,0.191252,0.00613125,0.141172,0.120517,800,0
0.25,0.75,1,5000,0.126328,0.199328,0.138619,0.0816906,0.178809,0.00406094,0.154631,0.116533,800,0
0.25,0.75,1,7000,0.129998,0.203042,0.127823,0.0858187,0.194267,0.000615625,0.140625,0.117809,800,0
0.25,0.75,1,10000,0.133894,0.192139,0.134736,0.0932687,0.172669,0,0.156183,0.117111,800,0
0.25,0.75,1,25000,0.13802,0.209698,0.128819,0.0745609,0.197031,0,0.143705,0.108166,800,0
0.25,0.75,1,50000,0.127444,0.202528,0.131984,0.0850453,0.195334,0,0.140681,0.116983,800,0
0.3,0.75,1,0,0.124967,0.1245,0.124844,0.125505,0.124958,0.125425,0.125153,0.124648,800,0
0.3,0.75,1,1000,0.0948344,0.201025,0.115019,0.106511,0.1669,0.0446891,0.126164,0.144858,800,0
0.3,0.75,1,2000,0.108641,0.202136,0.13198,0.0889359,0.173294,0.0148172,0.142919,0.137278,800,0
0.3,0.75,1,3000,0.111291,0.204661,0.124916,0.0820031,0.200712,0.00974531,0.143941,0.122731,800,0
0.3,0.75,1,5000,0.116952,0.19933,0.125147,0.0872781,0.199714,0.00185625,0.144892,0.124831,800,0
0.3,0.75,1,7000,0.11373,0.210737,0.128322,0.0831937,0.181972,0.00270781,0.158048,0.121289,800,0
0.3,0.75,1,10000,0.116247,0.206941,0.129911,0.0794062,0.212161,0,0.141158,0.114177,800,0
0.3,0.75,1,25000,0.118806,0.198384,0.126225,0.0842328,0.191559,0,0.165723,0.115069,800,0
0.3,0.75,1,50000,0.116766,0.208487,0.131558,0.089025,0.203242,0,0.141644,0.109278,800,0
0.3,0.75,1,0,0.124008,0.125284,0.124928,0.124848,0.124816,0.125222,0.125659,0.125234,800,0
0.3,0.75,1,1000,0.0995156,0.212217,0.117705,0.1099,0.159695,0.0477969,0.11693,0.136241,800,0
0.3,0.75,1,2000,0.101659,0.210431,0.11402,0.0940859,0.176219,0.0297984,0.14252,0.131266,800,0
0.3,0.75,1,3000,0.107603,0.207528,0.124273,0.0849656,0.195188,0.00746719,0.150961,0.122014,800,0
0.3,0.75,1,5000,0.117942,0.210472,0.126264,0.0820687,0.21352,0,0.140031,0.109702,800,0
0.3,0.75,1,7000,0.118333,0.200923,0.132261,0.0881578,0.18505,0,0.149302,0.125973,800,0
0.3,0.75,1,10000,0.107609,0.213775,0.117688,0.0898406,0.217969,0,0.141317,0.111802,800,0
0.3,0.75,1,25000,0.112395,0.204891,0.130392,0.0878188,0.193583,0,0.153898,0.117022,800,0
0.3,0.75,1,50000,0.1072,0.199036,0.121672,0.0808484,0.217858,0,0.146027,0.127359,800,0
0.35,0.75,1,0,0.125259,0.125086,0.124894,0.124927,0.125225,0.12518,0.125236,0.124194,800,0
0.35,0.75,1,1000,0.0712234,0.217984,0.0842078,0.120298,0.137711,0.0897125,0.110347,0.168516,800,0
0.35,0.75,1,2000,0.0818109,0.224277,0.0889953,0.125005,0.152356,0.0565625,0.115358,0.155636,800,0
0.35,0.75,1,3000,0.0830047,0.220133,0.0890469,0.113567,0.172367,0.05375,0.109459,0.158672,800,0
0.35,0.75,1,5000,0.0735656,0.234275,0.0896125,0.109847,0.166764,0.0580562,0.115291,0.152589,800,0
0.35,0.75,1,7000,0.0822922,0.233764,0.0992578,0.111002,0.17383,0.0494625,0.115891,0.134502,800,0
0.35,0.75,1,10000,0.0815828,0.236212,0.0931047,0.105036,0.164181,0.0424016,0.133973,0.143508,800,0
0.35,0.75,1,25000,0.0965281,0.215366,0.110902,0.0960187,0.187975,0.0280375,0.126481,0.138692,800,0
0.35,0.75,1,50000,0.0945312,0.22032,0.112812,0.0924391,0.201431,0.0199453,0.126994,0.131527,800,0
0.35,0.75,1,0,0.124997,0.124175,0.124345,0.124775,0.125334,0.125423,0.126123,0.124827,800,0
0.35,0.75,1,1000,0.0750453,0.221909,0.0896953,0.124211,0.154495,0.0672578,0.10803,0.159356,800,0
0.35,0.75,1,2000,0.0823672,0.214625,0.100055,0.108483,0.160606,0.0554938,0.127266,0.151105,800,0
0.35,0.75,1,3000,0.0740359,0.225509,0.105612,0.114034,0.167117,0.0437469,0.125683,0.144261,800,0
0.35,0.75,1,5000,0.0796453,0.224645,0.102889,0.101763,0.177769,0.0374328,0.126362,0.149494,800,0
0.35,0.75,1,7000,0.0898344,0.210611,0.0986563,0.0976156,0.180702,0.0323453,0.139359,0.150877,800,0
0.35,0.75,1,10000,0.0779328,0.221794,0.0977797,0.111136,0.180423,0.0464188,0.124086,0.14043,800,0
0.35,0.75,1,25000,0.0960609,0.225891,0.110508,0.0797953,0.207472,0.000378125,0.160713,0.119183,800,0
0.35,0.75,1,50000,0.106044,0.208067,0.134094,0.0680531,0.222916,0,0.139184,0.121642,800,0
0.4,0.75,1,0,0.1247,0.124394,0.125241,0.124861,0.124794,0.125295,0.125055,0.125661,800,0
0.4,0.75,1,1000,0.0301031,0.252084,0.0404781,0.191058,0.0681812,0.155514,0.0524875,0.210094,800,0
0.4,0.75,1,2000,0.00909531,0.240859,0.0175313,0.221111,0.0251156,0.224884,0.0180641,0.243339,800,0
0.4,0.75,1,3000,0.00217656,0.249161,0.00197031,0.243627,0.00610781,0.243998,0.002325,0.250634,800,0
0.4,0.75,1,5000,0,0.250973,0,0.252731,0,0.24937,0,0.246925,800,0
0.4,0.75,1,7000,0,0.246213,0,0.25253,0,0.249416,0,0.251842,800,0
0.4,0.75,1,10000,0,0.245628,0,0.260753,0,0.251739,0,0.24188,800,0
0.4,0.75,1,25000,0,0.250286,0,0.252964,0,0.246733,0,0.250017,800,0
0.4,0.75,1,50000,0,0.24738,0,0.252369,0,0.253491,0,0.246761,800,0
0,0.75,1,0,0.125003,0.125559,0.1246,0.125458,0.124886,0.124258,0.125606,0.12463,800,0
0,0.75,1,1000,0.002,0.390548,0.00611406,0.224933,0.061225,0.0834516,0.0220422,0.209686,800,400
0,0.75,1,2000,0.002,0.390548,0.00611406,0.224933,0.061225,0.0834516,0.0220422,0.209686,800,400
0,0.75,1,3000,0.002,0.390548,0.00611406,0.224933,0.061225,0.0834516,0.0220422,0.209686,800,400
0,0.75,1,5000,0.002,0.390548,0.00611406,0.224933,0.061225,0.0834516,0.0220422,0.209686,800,400
0,0.75,1,7000,0.002,0.390548,0.00611406,0.224933,0.061225,0.0834516,0.0220422,0.209686,800,400
0,0.75,1,10000,0.002,0.390548,0.00611406,0.224933,0.061225,0.0834516,0.0220422,0.209686,800,400
0,0.75,1,25000,0.002,0.390548,0.00611406,0.224933,0.061225,0.0834516,0.0220422,0.209686,800,400
0,0.75,1,50000,0.002,0.390548,0.00611406,0.224933,0.061225,0.0834516,0.0220422,0.209686,800,400
0.4,0.75,1,0,0.124316,0.124897,0.124486,0.124947,0.12518,0.125495,0.125312,0.125367,800,0
0.4,0.75,1,1000,0.0248672,0.250127,0.0345562,0.193459,0.0621328,0.175991,0.047325,0.211542,800,0
0.4,0.75,1,2000,0.0103125,0.242705,0.0128797,0.23297,0.0227734,0.222944,0.0164406,0.238975,800,0
0.4,0.75,1,3000,0.00304688,0.250678,0.004075,0.243061,0.0066,0.243895,0.00488281,0.243761,800,0
0.4,0.75,1,5000,0,0.250716,0,0.247537,0,0.251177,0,0.25057,800,0
0.4,0.75,1,7000,0,0.248094,0,0.247608,0,0.250664,0,0.253634,800,0
0.4,0.75,1,10000,0,0.250291,0,0.253508,0,0.243242,0,0.252959,800,0
0.4,0.75,1,25000,0,0.250184,0,0.238717,0,0.251633,0,0.259466,800,0
0.4,0.75,1,50000,0,0.24775,0,0.244664,0,0.251672,0,0.255914,800,0
0,0.75,1,0,0.124973,0.124636,0.125153,0.125361,0.124944,0.12485,0.1252,0.124883,800,0
0,0.75,1,1000,0.00235625,0.394052,0.00572656,0.222958,0.0621672,0.080375,0.0217625,0.210603,800,450
0,0.75,1,2000,0.00235625,0.394052,0.00572656,0.222958,0.0621672,0.080375,0.0217625,0.210603,800,450
0,0.75,1,3000,0.00235625,0.394052,0.00572656,0.222958,0.0621672,0.080375,0.0217625,0.210603,800,450
0,0.75,1,5000,0.00235625,0.394052,0.00572656,0.222958,0.0621672,0.080375,0.0217625,0.210603,800,450
0,0.75,1,7000,0.00235625,0.394052,0.00572656,0.222958,0.0621672,0.080375,0.0217625,0.210603,800,450
0,0.75,1,10000,0.00235625,0.394052,0.00572656,0.222958,0.0621672,0.080375,0.0217625,0.210603,800,450
0,0.75,1,25000,0.00235625,0.394052,0.00572656,0.222958,0.0621672,0.080375,0.0217625,0.210603,800,450
0,0.75,1,50000,0.00235625,0.394052,0.00572656,0.222958,0.0621672,0.080375,0.0217625,0.210603,800,450
0.05,0.75,1,0,0.124448,0.125202,0.125305,0.1251,0.123908,0.125147,0.124975,0.125916,800,0
0.05,0.75,1,1000,0.092375,0.184697,0.0973031,0.138084,0.108416,0.0985031,0.0879656,0.192656,800,0
0.05,0.75,1,2000,0.114664,0.186473,0.125416,0.11532,0.138259,0.0557922,0.113247,0.150828,800,0
0.05,0.75,1,3000,0.136817,0.181686,0.13033,0.112873,0.150102,0.0287219,0.119862,0.139608,800,0
0.05,0.75,1,5000,0.135556,0.184098,0.132205,0.101388,0.163478,0.0228437,0.116825,0.143606,800,0
0.05,0.75,1,7000,0.145386,0.182681,0.146883,0.0920594,0.171978,0.0155453,0.120678,0.124789,800,0
0.05,0.75,1,10000,0.153681,0.184613,0.14382,0.0967703,0.175753,0.00951719,0.1252,0.110645,800,0
0.05,0.75,1,25000,0.158877,0.162669,0.155839,0.101414,0.177931,0,0.124406,0.118864,800,0
0.05,0.75,1,50000,0.151594,0.172403,0.146589,0.0905484,0.188183,0,0.136539,0.114144,800,0
0.05,0.75,1,0,0.125527,0.124822,0.125316,0.125238,0.124933,0.124014,0.125461,0.124691,800,0
0.05,0.75,1,1000,0.10007,0.20735,0.0977844,0.131306,0.103898,0.0920938,0.0916016,0.175895,800,0
0.05,0.75,1,2000,0.117525,0.181784,0.129831,0.114533,0.143075,0.0527047,0.102106,0.158441,800,0
0.05,0.75,1,3000,0.125927,0.183628,0.135109,0.104041,0.153737,0.0445672,0.115611,0.13738,800,0
0.05,0.75,1,5000,0.142644,0.17822,0.138591,0.106547,0.157473,0.0266609,0.114583,0.135281,800,0
0.05,0.75,1,7000,0.150445,0.181064,0.149455,0.0961313,0.159611,0.0121359,0.129889,0.121269,800,0
0.05,0.75,1,10000,0.143638,0.180323,0.150759,0.0984969,0.169923,0.0129516,0.130411,0.113497,800,0
0.05,0.75,1,25000,0.138192,0.175034,0.15725,0.0910297,0.186225,0,0.145534,0.106734,800,0
0.05,0.75,1,50000,0.151803,0.174094,0.152659,0.0858844,0.175647,0,0.134919,0.124994,800,0
0.1,0.75,1,0,0.125252,0.124927,0.125144,0.125287,0.124958,0.124084,0.125256,0.125092,800,0
0.1,0.75,1,1000,0.115667,0.191405,0.125534,0.107698,0.143973,0.0476484,0.1149,0.153173,800,0
0.1,0.75,1,2000,0.137306,0.174202,0.153859,0.0976641,0.151767,0.0198828,0.128956,0.136362,800,0
0.1,0.75,1,3000,0.150792,0.187222,0.147494,0.0816453,0.168445,0.00741875,0.139252,0.117731,800,0
0.1,0.75,1,5000,0.139375,0.186566,0.146683,0.0881187,0.182133,0.000739063,0.143031,0.113355,800,0
0.1,0.75,1,7000,0.157262,0.176822,0.155641,0.0886469,0.171789,6.25e-06,0.133748,0.116084,800,0
0.1,0.75,1,10000,0.14675,0.183103,0.15785,0.0890094,0.177009,0,0.137706,0.108572,800,0
0.1,0.75,1,25000,0.138841,0.1842,0.144447,0.0849922,0.189545,0,0.140919,0.117056,800,0
0.1,0.75,1,50000,0.142697,0.186111,0.148327,0.0895187,0.185775,0,0.142298,0.105273,800,0
0.1,0.75,1,0,0.124661,0.124934,0.125042,0.124653,0.12472,0.125491,0.125127,0.125372,800,0
0.1,0.75,1,1000,0.118353,0.19895,0.119427,0.109588,0.135945,0.0480187,0.121666,0.148053,800,0
0.1,0.75,1,2000,0.138588,0.183983,0.133223,0.0935953,0.166197,0.0196391,0.141383,0.123392,800,0
0.1,0.75,1,3000,0.151487,0.182461,0.145191,0.0867953,0.167838,0.00534531,0.138139,0.122744,800,0
0.1,0.75,1,5000,0.154086,0.183067,0.150725,0.0841453,0.174945,0.0001625,0.143056,0.109812,800,0
0.1,0.75,1,7000,0.141881,0.182991,0.144934,0.0963266,0.185027,0.000464063,0.134933,0.113444,800,0
0.1,0.75,1,10000,0.152494,0.177436,0.148836,0.0875156,0.179891,0,0.140363,0.113466,800,0
0.1,0.75,1,25000,0.151762,0.175716,0.15205,0.0950719,0.167558,0,0.147408,0.110434,800,0
0.1,0.75,1,50000,0.153244,0.174448,0.151858,0.0897875,0.191614,0,0.13285,0.106198,800,0
0.15,0.75,1,0,0.124975,0.125303,0.124927,0.125327,0.124794,0.12463,0.125128,0.124917,800,0
0.15,0.75,1,1000,0.124198,0.206144,0.122831,0.102942,0.148706,0.0374453,0.119909,0.137823,800,0
0.15,0.75,1,2000,0.132464,0.194122,0.142722,0.0948719,0.172878,0.0151625,0.129673,0.118106,800,0
0.15,0.75,1,3000,0.13675,0.190094,0.143822,0.101106,0.164691,0.00910156,0.134717,0.119719,800,0
0.15,0.75,1,5000,0.151409,0.183673,0.149591,0.0785984,0.187509,0.0011625,0.137789,0.110267,800,0
0.15,0.75,1,7000,0.1512,0.18588,0.140137,0.0943844,0.162659,0,0.148559,0.11718,800,0
0.15,0.75,1,10000,0.142989,0.183747,0.138159,0.0871016,0.197481,0,0.142809,0.107713,800,0
0.15,0.75,1,25000,0.139367,0.183953,0.15212,0.0872187,0.181355,0,0.143437,0.112548,800,0
0.15,0.75,1,50000,0.148261,0.164342,0.152512,0.0861031,0.182742,0,0.143586,0.122453,800,0
0.15,0.75,1,0,0.124789,0.125022,0.125834,0.124489,0.124883,0.124105,0.125381,0.125497,800,0
0.15,0.75,1,1000,0.115467,0.200267,0.125652,0.10757,0.16312,0.0340078,0.121686,0.13223,800,0
0.15,0.75,1,2000,0.139108,0.190044,0.149413,0.0999047,0.168944,0.00992656,0.129681,0.11298,800,0
0.15,0.75,1,3000,0.144047,0.188856,0.140828,0.0902984,0.183683,0.00498594,0.133184,0.114117,800,0
0.15,0.75,1,5000,0.150995,0.184836,0.14058,0.091025,0.166116,0.000507813,0.138017,0.127923,800,0
0.15,0.75,1,7000,0.1393,0.175039,0.13533,0.0924656,0.19998,0,0.1464,0.111486,800,0
0.15,0.75,1,10000,0.149444,0.197847,0.140852,0.0824047,0.177822,0,0.137909,0.113722,800,0
0.15,0.75,1,25000,0.138241,0.184422,0.139209,0.0890391,0.192692,0,0.142272,0.114125,800,0
0.15,0.75,1,50000,0.134433,0.190631,0.14783,0.0835359,0.189573,0,0.142591,0.111406,800,0
0.2,0.75,1,0,0.124966,0.125259,0.124427,0.124509,0.125141,0.124961,0.125141,0.125597,800,0
0.2,0.75,1,1000,0.120673,0.200522,0.120766,0.100814,0.164498,0.0291797,0.116155,0.147392,800,0
0.2,0.75,1,2000,0.124448,0.190911,0.138222,0.0845734,0.184706,0.00575156,0.144088,0.1273,800,0
0.2,0.75,1,3000,0.140008,0.190969,0.125892,0.0906109,0.193998,0.01025,0.128812,0.119459,800,0
0.2,0.75,1,5000,0.133813,0.201545,0.130894,0.100886,0.191686,0,0.134509,0.106667,800,0
0.2,0.75,1,7000,0.131047,0.199431,0.133597,0.0930484,0.185911,0,0.131123,0.125842,800,0
0.2,0.75,1,10000,0.135706,0.185364,0.144261,0.0950609,0.185331,0,0.137494,0.116783,800,0
0.2,0.75,1,25000,0.137914,0.183311,0.136055,0.0858016,0.190417,0,0.150037,0.116464,800,0
0.2,0.75,1,50000,0.127342,0.195934,0.132231,0.0762703,0.212539,0,0.14315,0.112533,800,0
0.2,0.75,1,0,0.125386,0.125702,0.124303,0.125111,0.124963,0.124914,0.124772,0.12485,800,0
0.2,0.75,1,1000,0.11123,0.188645,0.120342,0.0931188,0.192258,0.0346078,0.110536,0.149262,800,0
0.2,0.75,1,2000,0.130495,0.204811,0.132097,0.09295,0.16925,0.012775,0.14315,0.114472,800,0
0.2,0.75,1,3000,0.116505,0.192137,0.145638,0.0937516,0.182827,0.00546562,0.143616,0.120061,800,0
0.2,0.75,1,5000,0.13693,0.196437,0.141094,0.0880469,0.188055,0.00141406,0.137664,0.110359,800,0
0.2,0.75,1,7000,0.137311,0.202161,0.1414,0.0966047,0.184031,0.000967187,0.124063,0.113462,800,0
0.2,0.75,1,10000,0.129627,0.191048,0.132402,0.0950547,0.195017,0,0.137709,0.119142,800,0
0.2,0.75,1,25000,0.139497,0.188337,0.140053,0.0880438,0.186505,0,0.129795,0.127769,800,0
0.2,0.75,1,50000,0.129595,0.183447,0.13743,0.0922109,0.193572,0,0.140669,0.123077,800,0
0.25,0.75,1,0,0.124461,0.125247,0.124813,0.124734,0.125656,0.124711,0.124905,0.125473,800,0
0.25,0.75,1,1000,0.103467,0.188767,0.125922,0.117755,0.163694,0.0396641,0.123547,0.137184,800,0
0.25,0.75,1,2000,0.11425,0.195538,0.12797,0.0934781,0.192806,0.00996719,0.140386,0.125605,800,0
0.25,0.75,1,3000,0.125941,0.204506,0.12617,0.0815672,0.192062,0.0033375,0.151103,0.115312,800,0
0.25,0.75,1,5000,0.131264,0.19187,0.135333,0.0887719,0.191513,0,0.141847,0.119402,800,0
0.25,0.75,1,7000,0.13233,0.192167,0.129669,0.0853437,0.205678,0,0.144572,0.110241,800,0
0.25,0.75,1,10000,0.125578,0.197219,0.147173,0.0839969,0.185347,0,0.149766,0.11092,800,0
0.25,0.75,1,25000,0.125006,0.204191,0.131203,0.0853469,0.211633,0,0.13897,0.10365,800,0
0.25,0.75,1,50000,0.12478,0.199655,0.132556,0.08175,0.201791,0,0.14917,0.110298,800,0
0.25,0.75,1,0,0.124592,0.12498,0.125458,0.125948,0.125006,0.12433,0.125259,0.124427,800,0
0.25,0.75,1,1000,0.108356,0.199283,0.11495,0.0964453,0.18263,0.0367906,0.132277,0.129269,800,0
0.25,0.75,1,2000,0.116056,0.192703,0.13642,0.0825547,0.18793,0.0110734,0.155633,0.11763,800,0
0.25,0.75,1,3000,0.123939,0.209025,0.134295,0.0914859,0.184469,0.00676719,0.130492,0.119527,800,0
0.25,0.75,1,5000,0.122509,0.208259,0.137912,0.0917766,0.183897,0,0.137992,0.117653,800,0
0.25,0.75,1,7000,0.127458,0.187373,0.120612,0.0892187,0.204653,0,0.154883,0.115802,800,0
0.25,0.75,1,10000,0.126228,0.194798,0.130994,0.0841297,0.204873,0,0.143034,0.115942,800,0
0.25,0.75,1,25000,0.116553,0.211542,0.123019,0.0840578,0.202897,0,0.150919,0.111013,800,0
0.25,0.75,1,50000,0.123706,0.198744,0.131431,0.0838969,0.191931,0,0.149214,0.121077,800,0
0.3,0.75,1,0,0.124917,0.125609,0.124973,0.125206,0.124653,0.125069,0.124253,0.125319,800,0
0.3,0.75,1,1000,0.0944219,0.213484,0.114497,0.0967219,0.174644,0.0407422,0.118106,0.147383,800,0
0.3,0.75,1,2000,0.102011,0.20832,0.118775,0.0959672,0.189238,0.019025,0.13252,0.134144,800,0
0.3,0.75,1,3000,0.121272,0.205095,0.13045,0.0855937,0.189127,0.0057125,0.14613,0.11662,800,0
0.3,0.75,1,5000,0.117639,0.211191,0.129191,0.0809953,0.201073,0.000659375,0.138717,0.120534,800,0
0.3,0.75,1,7000,0.115789,0.211327,0.12413,0.0835016,0.187734,0,0.15933,0.118189,800,0
0.3,0.75,1,10000,0.102908,0.209298,0.117564,0.0837078,0.22343,0,0.139481,0.123611,800,0
0.3,0.75,1,25000,0.125925,0.215864,0.124578,0.0745187,0.190842,0,0.155883,0.112389,800,0
0.3,0.75,1,50000,0.124081,0.207753,0.132478,0.0768172,0.201483,0,0.142089,0.115298,800,0
0.3,0.75,1,0,0.124916,0.124909,0.125516,0.125377,0.123942,0.12597,0.124148,0.125222,800,0
0.3,0.75,1,1000,0.0937484,0.203791,0.108472,0.113772,0.151273,0.0456812,0.136447,0.146816,800,0
0.3,0.75,1,2000,0.110141,0.195886,0.122253,0.0969156,0.199586,0.0210703,0.132478,0.12167,800,0
0.3,0.75,1,3000,0.103381,0.201177,0.116973,0.0856719,0.196192,0.00997969,0.155834,0.130791,800,0
0.3,0.75,1,5000,0.124959,0.20812,0.116536,0.0799437,0.205139,0,0.145514,0.119788,800,0
0.3,0.75,1,7000,0.113289,0.204911,0.131055,0.081475,0.192453,0,0.153717,0.1231,800,0
0.3,0.75,1,10000,0.120448,0.190936,0.131353,0.0966094,0.210941,0,0.144116,0.105597,800,0
0.3,0.75,1,25000,0.115477,0.211908,0.128441,0.0791891,0.210563,0,0.14267,0.111753,800,0
0.3,0.75,1,50000,0.108563,0.205998,0.123855,0.0767531,0.215606,0,0.142147,0.127078,800,0
0.35,0.75,1,0,0.124703,0.125,0.124636,0.125238,0.125348,0.125253,0.124702,0.12512,800,0
0.35,0.75,1,1000,0.05405,0.24652,0.0684328,0.151638,0.11245,0.0941812,0.0964391,0.176289,800,0
0.35,0.75,1,2000,0.0585234,0.21682,0.0705766,0.141627,0.130759,0.100367,0.0976094,0.183717,800,0
0.35,0.75,1,3000,0.0566703,0.220986,0.069625,0.14667,0.122472,0.101652,0.0984578,0.183467,800,0
0.35,0.75,1,5000,0.0582734,0.223683,0.0766016,0.141567,0.11923,0.102183,0.0915641,0.186898,800,0
0.35,0.75,1,7000,0.0482266,0.248339,0.0621922,0.15137,0.108017,0.119166,0.0757188,0.18697,800,0
0.35,0.75,1,10000,0.0463984,0.231775,0.0618625,0.166419,0.0967625,0.12478,0.0778625,0.194141,800,0
0.35,0.75,1,25000,0.0413203,0.238295,0.0505875,0.176309,0.0864203,0.150784,0.0585547,0.197728,800,0
0.35,0.75,1,50000,0,0.255441,0,0.250869,0,0.245508,0,0.248183,800,0
0.35,0.75,1,0,0.124464,0.124716,0.125033,0.125105,0.12515,0.125345,0.124589,0.125598,800,0
0.35,0.75,1,1000,0.0692406,0.229781,0.0792359,0.133019,0.130411,0.0854234,0.0936328,0.179256,800,0
0.35,0.75,1,2000,0.0683703,0.229841,0.0884188,0.114159,0.134236,0.0843969,0.107037,0.173541,800,0
0.35,0.75,1,3000,0.0629156,0.232205,0.0838781,0.125131,0.135883,0.0886766,0.100573,0.170737,800,0
0.35,0.75,1,5000,0.0685937,0.219355,0.0824813,0.124994,0.136058,0.0893594,0.101059,0.1781,800,0
0.35,0.75,1,7000,0.0649484,0.244966,0.0763578,0.129572,0.162528,0.0714672,0.0972313,0.15293,800,0
0.35,0.75,1,10000,0.0761063,0.235589,0.0946797,0.113747,0.146877,0.0696922,0.1107,0.152609,800,0
0.35,0.75,1,25000,0.091175,0.225017,0.10543,0.104178,0.177248,0.0270625,0.133884,0.136005,800,0
0.35,0.75,1,50000,0.106438,0.19518,0.131061,0.0733141,0.223347,0,0.143883,0.126778,800,0
0.4,0.75,1,0,0.1253,0.125684,0.125005,0.124498,0.125681,0.125236,0.124262,0.124333,800,0
0.4,0.75,1,1000,0.0348109,0.249439,0.0435844,0.187812,0.0666125,0.159945,0.0548469,0.202948,800,0
0.4,0.75,1,2000,0.00802969,0.25228,0.00941094,0.228362,0.0219297,0.224295,0.0210453,0.234647,800,0
0.4,0.75,1,3000,0.00279375,0.253861,0.00137969,0.249519,0.00282812,0.244192,0.00563906,0.239787,800,0
0.4,0.75,1,5000,0,0.264313,0,0.24957,0,0.249842,0,0.236275,800,0
0.4,0.75,1,7000,0,0.248031,0,0.251172,0,0.252059,0,0.248738,800,0
0.4,0.75,1,10000,0,0.249717,0,0.259403,0,0.248448,0,0.242431,800,0
0.4,0.75,1,25000,0,0.243684,0,0.250447,0,0.252148,0,0.25372,800,0
0.4,0.75,1,50000,0,0.252016,0,0.25428,0,0.241809,0,0.251895,800,0
0,0.75,1,0,0.124686,0.125628,0.124452,0.124814,0.124952,0.125342,0.125272,0.124855,800,0
0,0.75,1,1000,0.00248281,0.383661,0.00595,0.226902,0.0603141,0.0873734,0.020225,0.213092,800,600
0,0.75,1,2000,0.00248281,0.383661,0.00595,0.226902,0.0603141,0.0873734,0.020225,0.213092,800,600
0,0.75,1,3000,0.00248281,0.383661,0.00595,0.226902,0.0603141,0.0873734,0.020225,0.213092,800,600
0,0.75,1,5000,0.00248281,0.383661,0.00595,0.226902,0.0603141,0.0873734,0.020225,0.213092,800,600
0,0.75,1,7000,0.00248281,0.383661,0.00595,0.226902,0.0603141,0.0873734,0.020225,0.213092,800,600
0,0.75,1,10000,0.00248281,0.383661,0.00595,0.226902,0.0603141,0.0873734,0.020225,0.213092,800,600
0,0.75,1,25000,0.00248281,0.383661,0.00595,0.226902,0.0603141,0.0873734,0.020225,0.213092,800,600
0,0.75,1,50000,0.00248281,0.383661,0.00595,0.226902,0.0603141,0.0873734,0.020225,0.213092,800,600
0.4,0.75,1,0,0.124616,0.125472,0.125628,0.12508,0.124744,0.125042,0.124739,0.12468,800,0
0.4,0.75,1,1000,0.0235781,0.25355,0.0359312,0.178764,0.0603547,0.180936,0.0444969,0.222389,800,0
0.4,0.75,1,2000,0.0133063,0.255041,0.0126969,0.216567,0.0259047,0.216131,0.0235859,0.236767,800,0
0.4,0.75,1,3000,0.00279844,0.253702,0.00320312,0.24502,0.00923281,0.230861,0.00596719,0.249216,800,0
0.4,0.75,1,5000,0,0.245541,0,0.251627,0,0.245445,0,0.257387,800,0
0.4,0.75,1,7000,0,0.245955,0,0.255784,0,0.256861,0,0.2414,800,0
0.4,0.75,1,10000,0,0.25018,0,0.246981,0,0.251006,0,0.251833,800,0
0.4,0.75,1,25000,0,0.249895,0,0.248884,0,0.249112,0,0.252108,800,0
0.4,0.75,1,50000,0,0.255055,0,0.244561,0,0.25143,0,0.248955,800,0
0,0.75,1,0,0.124378,0.125103,0.125427,0.124419,0.126297,0.124541,0.124741,0.125095,800,0
0,0.75,1,1000,0.00207187,0.3974,0.00582344,0.225197,0.0597078,0.0807563,0.0219656,0.207078,800,700
0,0.75,1,2000,0.00207187,0.3974,0.00582344,0.225197,0.0597078,0.0807563,0.0219656,0.207078,800,700
0,0.75,1,3000,0.00207187,0.3974,0.00582344,0.225197,0.0597078,0.0807563,0.0219656,0.207078,800,700
0,0.75,1,5000,0.00207187,0.3974,0.00582344,0.225197,0.0597078,0.0807563,0.0219656,0.207078,800,700
0,0.75,1,7000,0.00207187,0.3974,0.00582344,0.225197,0.0597078,0.0807563,0.0219656,0.207078,800,700
0,0.75,1,10000,0.00207187,0.3974,0.00582344,0.225197,0.0597078,0.0807563,0.0219656,0.207078,800,700
0,0.75,1,25000,0.00207187,0.3974,0.00582344,0.225197,0.0597078,0.0807563,0.0219656,0.207078,800,700
0,0.75,1,50000,0.00207187,0.3974,0.00582344,0.225197,0.0597078,0.0807563,0.0219656,0.207078,800,700
0.05,0.75,1,0,0.124537,0.125213,0.125134,0.124684,0.125278,0.124542,0.124744,0.125867,800,0
0.05,0.75,1,1000,0.0956031,0.197122,0.106073,0.134003,0.105609,0.0925062,0.0919062,0.177177,800,0
0.05,0.75,1,2000,0.12378,0.188811,0.11837,0.111767,0.136658,0.0587172,0.109011,0.152886,800,0
0.05,0.75,1,3000,0.131783,0.192711,0.136091,0.100931,0.141269,0.0373297,0.118775,0.141111,800,0
0.05,0.75,1,5000,0.134325,0.179959,0.133264,0.10355,0.157319,0.0301625,0.120645,0.140775,800,0
0.05,0.75,1,7000,0.143958,0.178791,0.147397,0.0939109,0.170167,0.020425,0.119381,0.12597,800,0
0.05,0.75,1,10000,0.145328,0.175225,0.153262,0.104009,0.1673,0.0121906,0.124823,0.117861,800,0
0.05,0.75,1,25000,0.144567,0.179153,0.157012,0.0899516,0.174391,0.00363594,0.130673,0.120616,800,0
0.05,0.75,1,50000,0.150381,0.171545,0.151041,0.0843219,0.178067,0,0.146469,0.118175,800,0
0.05,0.75,1,0,0.125047,0.124986,0.124197,0.125847,0.124489,0.125392,0.125306,0.124736,800,0
0.05,0.75,1,1000,0.0825344,0.203397,0.0997141,0.155902,0.10237,0.104736,0.0776953,0.173652,800,0
0.05,0.75,1,2000,0.122331,0.190327,0.123619,0.111678,0.140345,0.0524094,0.102289,0.157002,800,0
0.05,0.75,1,3000,0.131497,0.179761,0.13555,0.111364,0.160005,0.0326938,0.110444,0.138686,800,0
0.05,0.75,1,5000,0.144228,0.173444,0.146748,0.0963719,0.163117,0.0166125,0.130048,0.12943,800,0
0.05,0.75,1,7000,0.145627,0.175436,0.138786,0.0933969,0.187342,0.0066125,0.130556,0.122244,800,0
0.05,0.75,1,10000,0.151847,0.168383,0.146345,0.0932141,0.181911,0.00311406,0.143073,0.112113,800,0
0.05,0.75,1,25000,0.151888,0.173105,0.155066,0.0921969,0.174558,0,0.137952,0.115236,800,0
0.05,0.75,1,50000,0.157241,0.171173,0.153667,0.0844094,0.184266,0,0.137528,0.111716,800,0
0.1,0.75,1,0,0.124631,0.124692,0.125498,0.124872,0.125472,0.124447,0.124795,0.125592,800,0
0.1,0.75,1,1000,0.12242,0.182645,0.128161,0.122341,0.146448,0.0411813,0.110464,0.146339,800,0
0.1,0.75,1,2000,0.135664,0.18668,0.138698,0.0885766,0.162769,0.0147219,0.136042,0.136848,800,0
0.1,0.75,1,3000,0.149997,0.181034,0.146427,0.0892719,0.185442,0.00751562,0.131391,0.108922,800,0
0.1,0.75,1,5000,0.145505,0.179456,0.151277,0.0860469,0.177392,0.000396875,0.135419,0.124508,800,0
0.1,0.75,1,7000,0.148267,0.176714,0.148398,0.0970391,0.178544,0,0.129062,0.121975,800,0
0.1,0.75,1,10000,0.153519,0.182777,0.146964,0.0884953,0.187575,0,0.133175,0.107495,800,0
0.1,0.75,1,25000,0.149272,0.187562,0.147839,0.097825,0.174113,0,0.128028,0.115361,800,0
0.1,0.75,1,50000,0.146955,0.181284,0.145547,0.0888625,0.179855,0,0.134067,0.12343,800,0
0.1,0.75,1,0,0.124389,0.125091,0.125214,0.1254,0.124972,0.124902,0.124433,0.1256,800,0
0.1,0.75,1,1000,0.114359,0.191089,0.130719,0.100314,0.144211,0.0467141,0.113839,0.158755,800,0
0.1,0.75,1,2000,0.134441,0.179759,0.146211,0.0925563,0.161203,0.0210844,0.132244,0.132502,800,0
0.1,0.75,1,3000,0.152748,0.187359,0.132958,0.0931625,0.164923,0.008925,0.129175,0.130748,800,0
0.1,0.75,1,5000,0.15757,0.178766,0.146734,0.0892078,0.174508,0.00187969,0.134128,0.117206,800,0
0.1,0.75,1,7000,0.144983,0.174727,0.153205,0.0990797,0.182692,0,0.122303,0.123011,800,0
0.1,0.75,1,10000,0.146873,0.18113,0.149106,0.0881172,0.190266,0,0.140697,0.103811,800,0
0.1,0.75,1,25000,0.150447,0.179289,0.152131,0.101209,0.170409,0,0.137513,0.109002,800,0
0.1,0.75,1,50000,0.138952,0.179405,0.15575,0.0925359,0.178067,0,0.139763,0.115528,800,0
0.15,0.75,1,0,0.124873,0.12448,0.125572,0.125191,0.12527,0.124989,0.124853,0.124772,800,0
0.15,0.75,1,1000,0.124508,0.194845,0.135155,0.104475,0.156948,0.031175,0.126512,0.126381,800,0
0.15,0.75,1,2000,0.130975,0.186069,0.139236,0.0960625,0.182053,0.00667656,0.140066,0.118862,800,0
0.15,0.75,1,3000,0.138781,0.169833,0.147445,0.0803531,0.19153,0.00334375,0.1494,0.119314,800,0
0.15,0.75,1,5000,0.145881,0.171777,0.14287,0.0859812,0.184638,0.000567187,0.141684,0.126602,800,0
0.15,0.75,1,7000,0.143678,0.188902,0.147772,0.0777313,0.186089,0,0.139586,0.116242,800,0
0.15,0.75,1,10000,0.140133,0.188866,0.138017,0.0901078,0.174155,0,0.143952,0.12477,800,0
0.15,0.75,1,25000,0.138909,0.184509,0.14807,0.0864859,0.191413,0,0.130917,0.119695,800,0
0.15,0.75,1,50000,0.138944,0.193302,0.127877,0.0813953,0.205333,0,0.142208,0.110942,800,0
0.15,0.75,1,0,0.124614,0.125089,0.124844,0.125219,0.124983,0.125169,0.12528,0.124803,800,0
0.15,0.75,1,1000,0.114592,0.183697,0.132213,0.109225,0.152075,0.0426703,0.123686,0.141842,800,0
0.15,0.75,1,2000,0.137322,0.197853,0.136048,0.0849625,0.184895,0.0116125,0.132483,0.114823,800,0
0.15,0.75,1,3000,0.151984,0.191922,0.141225,0.0941063,0.178487,0.00132187,0.136516,0.104438,800,0
0.15,0.75,1,5000,0.145253,0.194108,0.142489,0.0910672,0.179016,0,0.142212,0.105855,800,0
0.15,0.75,1,7000,0.144325,0.176855,0.153963,0.0798484,0.185434,0,0.156959,0.102616,800,0
0.15,0.75,1,10000,0.144588,0.182344,0.13577,0.084925,0.175306,0,0.151181,0.125886,800,0
0.15,0.75,1,25000,0.137245,0.191423,0.144623,0.0894812,0.177748,0,0.15212,0.107358,800,0
0.15,0.75,1,50000,0.14185,0.177128,0.146377,0.0966719,0.188486,0,0.145392,0.104095,800,0
0.2,0.75,1,0,0.124589,0.12478,0.124667,0.125475,0.124686,0.125562,0.125177,0.125064,800,0
0.2,0.75,1,1000,0.120316,0.189567,0.119777,0.105305,0.158711,0.0309766,0.137297,0.138052,800,0
0.2,0.75,1,2000,0.12578,0.187841,0.133955,0.103267,0.175969,0.0103516,0.139811,0.123027,800,0
0.2,0.75,1,3000,0.13345,0.195041,0.145886,0.0908766,0.173391,0.0052875,0.139586,0.116483,800,0
0.2,0.75,1,5000,0.135002,0.186564,0.142277,0.0856906,0.192739,1.875e-05,0.151698,0.106011,800,0
0.2,0.75,1,7000,0.133809,0.180005,0.149845,0.0879234,0.192677,0,0.144813,0.110928,800,0
0.2,0.75,1,10000,0.116567,0.2035,0.138856,0.0827484,0.198937,0,0.149523,0.109867,800,0
0.2,0.75,1,25000,0.133364,0.19857,0.13413,0.0886016,0.185127,0,0.140387,0.11982,800,0
0.2,0.75,1,50000,0.130581,0.183888,0.141041,0.0947797,0.197883,0,0.137645,0.114183,800,0
0.2,0.75,1,0,0.125291,0.125373,0.124539,0.125612,0.125289,0.124405,0.124473,0.125017,800,0
0.2,0.75,1,1000,0.109956,0.199373,0.126663,0.0984,0.174187,0.0309922,0.126811,0.133617,800,0
0.2,0.75,1,2000,0.137967,0.19485,0.127505,0.0972625,0.179375,0.00832656,0.138425,0.116289,800,0
0.2,0.75,1,3000,0.140327,0.206338,0.134956,0.0856469,0.179756,0.00368906,0.132078,0.117209,800,0
0.2,0.75,1,5000,0.136133,0.177186,0.139944,0.0822734,0.172206,0,0.163292,0.128966,800,0
0.2,0.75,1,7000,0.134664,0.189198,0.130519,0.0945641,0.181158,0,0.150353,0.119544,800,0
0.2,0.75,1,10000,0.135223,0.190883,0.134056,0.0784078,0.190488,0,0.154281,0.116661,800,0
0.2,0.75,1,25000,0.129841,0.189269,0.141931,0.0817313,0.182833,0,0.146783,0.127612,800,0
0.2,0.75,1,50000,0.134689,0.182577,0.140089,0.0936203,0.207842,0,0.135434,0.105748,800,0
0.25,0.75,1,0,0.124588,0.12515,0.124755,0.125647,0.124327,0.125586,0.125467,0.124481,800,0
0.25,0.75,1,1000,0.10207,0.208477,0.11122,0.111253,0.175611,0.0332375,0.131733,0.126398,800,0
0.25,0.75,1,2000,0.119788,0.197142,0.134789,0.0901125,0.197513,0.0125422,0.129986,0.118128,800,0
0.25,0.75,1,3000,0.129488,0.192859,0.133505,0.0794422,0.199033,0.00238438,0.145761,0.117528,800,0
0.25,0.75,1,5000,0.126211,0.203936,0.130955,0.0872734,0.201247,0,0.145298,0.10508,800,0
0.25,0.75,1,7000,0.120928,0.200728,0.129811,0.0802937,0.209805,0,0.144195,0.114239,800,0
0.25,0.75,1,10000,0.121347,0.201622,0.1406,0.08065,0.189086,0,0.145514,0.121181,800,0
0.25,0.75,1,25000,0.124787,0.2035,0.13838,0.0768328,0.187892,0,0.159555,0.109053,800,0
0.25,0.75,1,50000,0.124577,0.204492,0.128286,0.0847953,0.208686,0,0.138727,0.110437,800,0
0.25,0.75,1,0,0.12562,0.124748,0.124798,0.124942,0.125039,0.125245,0.12475,0.124856,800,0
0.25,0.75,1,1000,0.106216,0.215248,0.122152,0.110781,0.178267,0.0271609,0.124883,0.115292,800,0
0.25,0.75,1,2000,0.115792,0.204416,0.126511,0.0966281,0.173903,0.00991875,0.141244,0.131587,800,0
0.25,0.75,1,3000,0.139784,0.198156,0.141109,0.0870172,0.188664,0.000953125,0.139684,0.104631,800,0
0.25,0.75,1,5000,0.117459,0.200881,0.132903,0.08335,0.198614,0,0.14507,0.121722,800,0
0.25,0.75,1,7000,0.116336,0.200773,0.139166,0.0816078,0.195322,0,0.151806,0.114989,800,0
0.25,0.75,1,10000,0.118081,0.199639,0.135252,0.0801797,0.199292,0,0.152127,0.11543,800,0
0.25,0.75,1,25000,0.127988,0.19933,0.1277,0.0894063,0.179645,0,0.155483,0.120448,800,0
0.25,0.75,1,50000,0.123841,0.1927,0.14305,0.0885141,0.177434,0,0.15808,0.116381,800,0
0.3,0.75,1,0,0.124661,0.124758,0.124745,0.124744,0.124672,0.125786,0.125414,0.12522,800,0
0.3,0.75,1,1000,0.0947469,0.202091,0.113469,0.111736,0.162617,0.0376547,0.12407,0.153616,800,0
0.3,0.75,1,2000,0.108305,0.209386,0.123553,0.0848016,0.183606,0.0101359,0.137677,0.142536,800,0
0.3,0.75,1,3000,0.107247,0.202567,0.132684,0.0783344,0.223809,0.00294375,0.151573,0.100841,800,0
0.3,0.75,1,5000,0.111483,0.193889,0.131689,0.0825,0.208198,0.00111875,0.146313,0.124809,800,0
0.3,0.75,1,7000,0.111397,0.199077,0.133978,0.0713578,0.203256,0,0.164198,0.116736,800,0
0.3,0.75,1,10000,0.109534,0.204033,0.12677,0.0882844,0.198264,0,0.151711,0.121403,800,0
0.3,0.75,1,25000,0.114522,0.203566,0.128075,0.0793016,0.214552,0,0.150025,0.109959,800,0
0.3,0.75,1,50000,0.107003,0.203009,0.122197,0.0723812,0.241258,0,0.145016,0.109136,800,0
0.3,0.75,1,0,0.125142,0.125619,0.125141,0.124708,0.12477,0.125033,0.124716,0.124872,800,0
0.3,0.75,1,1000,0.0947734,0.223353,0.103219,0.106445,0.158336,0.037875,0.116802,0.159197,800,0
0.3,0.75,1,2000,0.106616,0.218236,0.130253,0.0881187,0.173223,0.0115953,0.148722,0.123236,800,0
0.3,0.75,1,3000,0.112258,0.206842,0.114388,0.0919187,0.189692,0.0129234,0.147764,0.124214,800,0
0.3,0.75,1,5000,0.118267,0.202338,0.133633,0.0791453,0.192961,0.00170781,0.149791,0.122158,800,0
0.3,0.75,1,7000,0.112406,0.213962,0.123909,0.0807594,0.213163,0,0.13997,0.11583,800,0
0.3,0.75,1,10000,0.114462,0.199433,0.127039,0.0812313,0.217105,0,0.140748,0.119981,800,0
0.3,0.75,1,25000,0.1128,0.205259,0.127484,0.07825,0.211922,0,0.154902,0.109383,800,0
0.3,0.75,1,50000,0.105734,0.210825,0.123545,0.0788969,0.206591,0,0.149708,0.1247,800,0
0.35,0.75,1,0,0.124922,0.124547,0.125305,0.12567,0.124873,0.124805,0.124856,0.125022,800,0
0.35,0.75,1,1000,0.0823422,0.223184,0.0892375,0.127355,0.127637,0.0830125,0.102967,0.164264,800,0
0.35,0.75,1,2000,0.0759531,0.224117,0.0894578,0.119414,0.145916,0.0761,0.102386,0.166656,800,0
0.35,0.75,1,3000,0.0775187,0.206072,0.0897906,0.12545,0.153312,0.0699797,0.114931,0.162945,800,0
0.35,0.75,1,5000,0.0712094,0.225069,0.083,0.130609,0.139703,0.0698109,0.112638,0.167961,800,0
0.35,0.75,1,7000,0.0780734,0.226392,0.0973172,0.112528,0.161914,0.0589453,0.110008,0.154822,800,0
0.35,0.75,1,10000,0.0768984,0.227239,0.101716,0.0997406,0.1685,0.0417906,0.128206,0.155909,800,0
0.35,0.75,1,25000,0.0949734,0.2222,0.110941,0.0785437,0.221947,0,0.142995,0.1284,800,0
0.35,0.75,1,50000,0.105788,0.215597,0.130423,0.0703125,0.211045,0,0.148992,0.117842,800,0
0.35,0.75,1,0,0.125181,0.125456,0.124542,0.125102,0.125183,0.124911,0.124842,0.124783,800,0
0.35,0.75,1,1000,0.0710484,0.229809,0.0791875,0.132967,0.13298,0.082075,0.0958234,0.176109,800,0
0.35,0.75,1,2000,0.0676516,0.237592,0.0793422,0.124556,0.143088,0.0790172,0.0998187,0.168934,800,0
0.35,0.75,1,3000,0.0793531,0.223698,0.0934781,0.143487,0.119472,0.0819453,0.0960797,0.162486,800,0
0.35,0.75,1,5000,0.0712547,0.228573,0.0904922,0.120591,0.141252,0.0709656,0.10555,0.171322,800,0
0.35,0.75,1,7000,0.0697625,0.227884,0.0938297,0.116075,0.153922,0.0605203,0.114538,0.163469,800,0
0.35,0.75,1,10000,0.0838156,0.210584,0.104423,0.107383,0.176125,0.0524734,0.112492,0.152703,800,0
0.35,0.75,1,25000,0.0925828,0.225866,0.0988922,0.095125,0.201266,0.0256922,0.131748,0.128828,800,0
0.35,0.75,1,50000,0.101247,0.215602,0.116684,0.0732953,0.21702,0,0.161105,0.115047,800,0
0.4,0.75,1,0,0.124831,0.125452,0.124891,0.125153,0.124202,0.12567,0.125423,0.124378,800,0
0.4,0.75,1,1000,0.0304172,0.252355,0.0498328,0.173484,0.0728188,0.154936,0.0503922,0.215764,800,0
0.4,0.75,1,2000,0.00742187,0.253333,0.0100469,0.229672,0.0238141,0.216706,0.0184219,0.240584,800,0
0.4,0.75,1,3000,0.00198281,0.248706,0.00301406,0.235636,0.0038,0.244481,0.00390312,0.258477,800,0
0.4,0.75,1,5000,0,0.242391,0,0.250795,0,0.252616,0,0.254198,800,0
0.4,0.75,1,7000,0,0.242994,0,0.257559,0,0.252073,0,0.247373,800,0
0.4,0.75,1,10000,0,0.248833,0,0.25368,0,0.254694,0,0.242794,800,0
0.4,0.75,1,25000,0,0.246139,0,0.248364,0,0.253614,0,0.251883,800,0
0.4,0.75,1,50000,0,0.253889,0,0.248777,0,0.250092,0,0.247242,800,0
0.4,0.75,1,0,0.125561,0.125161,0.124395,0.125075,0.125414,0.124502,0.124637,0.125255,800,0
0.4,0.75,1,1000,0.0439187,0.23998,0.0587422,0.175034,0.0988594,0.121353,0.0707875,0.191325,800,0
0.4,0.75,1,2000,0.0228563,0.245556,0.0280797,0.203511,0.0545359,0.183633,0.0433344,0.218494,800,0
0.4,0.75,1,3000,0.0112281,0.248122,0.0149797,0.22428,0.0261703,0.228275,0.0143141,0.232631,800,0
0.4,0.75,1,5000,0.000289062,0.250487,0.000295313,0.254531,0.000878125,0.250652,0.000415625,0.242452,800,0
0.4,0.75,1,7000,0,0.256653,0,0.245973,0,0.248483,0,0.248891,800,0
0.4,0.75,1,10000,0,0.253787,0,0.248473,0,0.248642,0,0.249097,800,0
0.4,0.75,1,25000,0,0.250127,0,0.251977,0,0.248681,0,0.249216,800,0
0.4,0.75,1,50000,0,0.245444,0,0.243586,0,0.2571,0,0.25387,800,0
0,0.75,1,0,0.124803,0.124642,0.124645,0.124739,0.125025,0.125725,0.125122,0.125298,800,0
0,0.75,1,1000,0.0022125,0.397384,0.00539844,0.225694,0.0600938,0.0827609,0.0224687,0.203987,800,450
0,0.75,1,2000,0.0022125,0.397384,0.00539844,0.225694,0.0600938,0.0827609,0.0224687,0.203987,800,450
0,0.75,1,3000,0.0022125,0.397384,0.00539844,0.225694,0.0600938,0.0827609,0.0224687,0.203987,800,450
0,0.75,1,5000,0.0022125,0.397384,0.00539844,0.225694,0.0600938,0.0827609,0.0224687,0.203987,800,450
0,0.75,1,7000,0.0022125,0.397384,0.00539844,0.225694,0.0600938,0.0827609,0.0224687,0.203987,800,450
0,0.75,1,10000,0.0022125,0.397384,0.00539844,0.225694,0.0600938,0.0827609,0.0224687,0.203987,800,450
0,0.75,1,25000,0.0022125,0.397384,0.00539844,0.225694,0.0600938,0.0827609,0.0224687,0.203987,800,450
0,0.75,1,50000,0.0022125,0.397384,0.00539844,0.225694,0.0600938,0.0827609,0.0224687,0.203987,800,450
0,0.75,1,0,0.125023,0.124923,0.125286,0.12507,0.124764,0.124823,0.12498,0.12513,800,0
0,0.75,1,1000,0.00223437,0.392525,0.00568906,0.222119,0.0608391,0.0866781,0.0222469,0.207669,800,800
0,0.75,1,2000,0.00223437,0.392525,0.00568906,0.222119,0.0608391,0.0866781,0.0222469,0.207669,800,800
0,0.75,1,3000,0.00223437,0.392525,0.00568906,0.222119,0.0608391,0.0866781,0.0222469,0.207669,800,800
0,0.75,1,5000,0.00223437,0.392525,0.00568906,0.222119,0.0608391,0.0866781,0.0222469,0.207669,800,800
0,0.75,1,7000,0.00223437,0.392525,0.00568906,0.222119,0.0608391,0.0866781,0.0222469,0.207669,800,800
0,0.75,1,10000,0.00223437,0.392525,0.00568906,0.222119,0.0608391,0.0866781,0.0222469,0.207669,800,800
0,0.75,1,25000,0.00223437,0.392525,0.00568906,0.222119,0.0608391,0.0866781,0.0222469,0.207669,800,800
0,0.75,1,50000,0.00223437,0.392525,0.00568906,0.222119,0.0608391,0.0866781,0.0222469,0.207669,800,800
0.05,0.75,1,0,0.1241,0.124875,0.12483,0.125436,0.125434,0.124395,0.125312,0.125617,800,0
0.05,0.75,1,1000,0.0851469,0.190289,0.0865375,0.149911,0.108748,0.109145,0.0880891,0.182133,800,0
0.05,0.75,1,2000,0.128958,0.183867,0.120053,0.119148,0.137089,0.0497656,0.108881,0.152237,800,0
0.05,0.75,1,3000,0.136928,0.18405,0.134314,0.102864,0.163652,0.0314922,0.110969,0.135731,800,0
0.05,0.75,1,5000,0.141378,0.194473,0.140419,0.0984016,0.153655,0.0202937,0.119091,0.132289,800,0
0.05,0.75,1,7000,0.144987,0.191413,0.144311,0.101086,0.158134,0.0130531,0.122945,0.12407,800,0
0.05,0.75,1,10000,0.137494,0.183806,0.152881,0.0971375,0.166958,0.0108359,0.131298,0.119589,800,0
0.05,0.75,1,25000,0.154541,0.171914,0.155448,0.0873578,0.176631,0.000484375,0.139436,0.114187,800,0
0.05,0.75,1,50000,0.149556,0.180163,0.148739,0.0891016,0.191817,0,0.128031,0.112592,800,0
0.05,0.75,1,0,0.125055,0.12502,0.124906,0.125409,0.124784,0.124672,0.124919,0.125234,800,0
0.05,0.75,1,1000,0.0958844,0.207634,0.0989938,0.12907,0.116712,0.084425,0.0849281,0.182352,800,0
0.05,0.75,1,2000,0.115045,0.190297,0.12452,0.10822,0.141652,0.0471953,0.112698,0.160372,800,0
0.05,0.75,1,3000,0.127017,0.182634,0.141155,0.110517,0.157852,0.0337563,0.109806,0.137263,800,0
0.05,0.75,1,5000,0.141803,0.189836,0.153117,0.0961063,0.163094,0.0138016,0.12678,0.115462,800,0
0.05,0.75,1,7000,0.152266,0.171911,0.146291,0.0892766,0.176752,0.00683438,0.125952,0.130719,800,0
0.05,0.75,1,10000,0.151805,0.176533,0.151989,0.0932141,0.173872,0.00448125,0.124914,0.123192,800,0
0.05,0.75,1,25000,0.154742,0.180502,0.146338,0.0891016,0.174589,0,0.133341,0.121387,800,0
0.05,0.75,1,50000,0.154589,0.174423,0.146052,0.0937203,0.192803,0,0.13147,0.106942,800,0
0.1,0.75,1,0,0.12573,0.12485,0.125184,0.124055,0.125514,0.124809,0.124791,0.125067,800,0
0.1,0.75,1,1000,0.122881,0.190014,0.122822,0.115473,0.138331,0.0447828,0.110147,0.155548,800,0
0.1,0.75,1,2000,0.127606,0.188336,0.143536,0.0872641,0.172223,0.0117047,0.142566,0.126764,800,0
0.1,0.75,1,3000,0.150448,0.188384,0.145336,0.0918563,0.172372,0.00763437,0.128377,0.115592,800,0
0.1,0.75,1,5000,0.155394,0.178158,0.152383,0.0933703,0.173114,0.00089375,0.137067,0.10962,800,0
0.1,0.75,1,7000,0.132202,0.188841,0.152773,0.0802344,0.196766,0,0.142958,0.106227,800,0
0.1,0.75,1,10000,0.155591,0.180619,0.151294,0.0953172,0.176636,0,0.127873,0.11267,800,0
0.1,0.75,1,25000,0.150033,0.177414,0.152717,0.0906281,0.17312,0,0.145869,0.110219,800,0
0.1,0.75,1,50000,0.150628,0.17815,0.147809,0.0842734,0.167212,0,0.143417,0.128509,800,0
0.1,0.75,1,0,0.124772,0.125719,0.12512,0.124309,0.125292,0.12425,0.125569,0.124969,800,0
0.1,0.75,1,1000,0.12283,0.18093,0.12748,0.121784,0.138859,0.0466078,0.108916,0.152594,800,0
0.1,0.75,1,2000,0.139497,0.171655,0.133502,0.111058,0.158531,0.0234625,0.134966,0.12733,800,0
0.1,0.75,1,3000,0.137727,0.176278,0.141661,0.0911922,0.17982,0.00949844,0.140977,0.122847,800,0
0.1,0.75,1,5000,0.14538,0.178994,0.135342,0.0966922,0.183811,0.00429531,0.139597,0.115889,800,0
0.1,0.75,1,7000,0.150819,0.179597,0.149292,0.0974813,0.172398,0.00127812,0.133416,0.115719,800,0
0.1,0.75,1,10000,0.153531,0.178886,0.150339,0.0885203,0.17515,0,0.13862,0.114953,800,0
0.1,0.75,1,25000,0.149805,0.180005,0.149098,0.0854531,0.17987,0,0.143094,0.112675,800,0
0.1,0.75,1,50000,0.149658,0.191031,0.145483,0.0946063,0.174255,0,0.132197,0.11277,800,0
0.15,0.75,1,0,0.125105,0.125228,0.124492,0.124522,0.124747,0.125514,0.1249,0.125492,800,0
0.15,0.75,1,1000,0.126234,0.188502,0.121438,0.106752,0.166906,0.0240406,0.126766,0.139363,800,0
0.15,0.75,1,2000,0.133887,0.180728,0.147659,0.0980031,0.164545,0.007575,0.144231,0.12337,800,0
0.15,0.75,1,3000,0.142669,0.191294,0.141737,0.0893016,0.177917,0.00160625,0.14338,0.112095,800,0
0.15,0.75,1,5000,0.140995,0.177748,0.147839,0.0993016,0.179783,0,0.149639,0.104694,800,0
0.15,0.75,1,7000,0.141162,0.181958,0.139861,0.0935844,0.182092,0,0.139405,0.121938,800,0
0.15,0.75,1,10000,0.136045,0.178598,0.148478,0.0815266,0.189258,0,0.148502,0.117592,800,0
0.15,0.75,1,25000,0.137842,0.187902,0.147777,0.0804766,0.191703,0,0.146095,0.108205,800,0
0.15,0.75,1,50000,0.138139,0.192322,0.138584,0.0920156,0.185803,0,0.138928,0.114208,800,0
0.15,0.75,1,0,0.125159,0.124431,0.125391,0.124441,0.125061,0.125066,0.125031,0.12542,800,0
0.15,0.75,1,1000,0.126439,0.196238,0.123364,0.0907375,0.161216,0.0299672,0.133466,0.138573,800,0
0.15,0.75,1,2000,0.137377,0.183769,0.138503,0.0960797,0.171288,0.0069625,0.142592,0.12343,800,0
0.15,0.75,1,3000,0.135861,0.185766,0.150062,0.100914,0.177233,0.00136719,0.131161,0.117636,800,0
0.15,0.75,1,5000,0.137538,0.173531,0.140173,0.0904625,0.179442,0,0.14845,0.130403,800,0
0.15,0.75,1,7000,0.13137,0.190116,0.141994,0.0850047,0.198097,0,0.149556,0.103862,800,0
0.15,0.75,1,10000,0.134331,0.178628,0.148464,0.0879719,0.200122,0,0.151458,0.099025,800,0
0.15,0.75,1,25000,0.142392,0.176844,0.140881,0.0912953,0.194441,0,0.14228,0.111867,800,0
0.15,0.75,1,50000,0.149572,0.180589,0.140431,0.096925,0.184356,0,0.13563,0.112497,800,0
0.2,0.75,1,0,0.125253,0.125386,0.124544,0.125397,0.125181,0.124472,0.125266,0.124502,800,0
0.2,0.75,1,1000,0.111192,0.186655,0.127492,0.117784,0.167823,0.0331,0.123003,0.13295,800,0
0.2,0.75,1,2000,0.127556,0.195428,0.134702,0.0807094,0.184695,0.00532969,0.154244,0.117336,800,0
0.2,0.75,1,3000,0.128291,0.195478,0.139877,0.0953922,0.172653,0.00447656,0.139808,0.124025,800,0
0.2,0.75,1,5000,0.12652,0.192486,0.139155,0.0846438,0.188375,0.000101562,0.143944,0.124775,800,0
0.2,0.75,1,7000,0.128581,0.193308,0.145345,0.0763797,0.198089,0,0.150861,0.107436,800,0
0.2,0.75,1,10000,0.139658,0.186794,0.140348,0.0915375,0.199898,0,0.136873,0.104891,800,0
0.2,0.75,1,25000,0.130525,0.185158,0.148264,0.0886641,0.178378,0,0.142952,0.126059,800,0
0.2,0.75,1,50000,0.130375,0.189489,0.136292,0.0784844,0.208578,0,0.145969,0.110812,800,0
0.2,0.75,1,0,0.125022,0.124523,0.125217,0.12512,0.124984,0.124762,0.125234,0.125136,800,0
0.2,0.75,1,1000,0.110372,0.19433,0.12317,0.109419,0.151277,0.0459344,0.132772,0.132727,800,0
0.2,0.75,1,2000,0.137053,0.195669,0.133045,0.0890141,0.179405,0.00800937,0.13278,0.125025,800,0
0.2,0.75,1,3000,0.140103,0.188552,0.144109,0.0913,0.179658,0.000889062,0.140256,0.115133,800,0
0.2,0.75,1,5000,0.139895,0.197731,0.130637,0.0910469,0.195681,0,0.127839,0.117169,800,0
0.2,0.75,1,7000,0.127425,0.197784,0.135617,0.0899469,0.184987,0,0.145234,0.119005,800,0
0.2,0.75,1,10000,0.148345,0.192977,0.141694,0.0911062,0.170972,0,0.140067,0.114839,800,0
0.2,0.75,1,25000,0.13005,0.196423,0.140883,0.0841594,0.173936,0,0.154642,0.119906,800,0
0.2,0.75,1,50000,0.130528,0.174919,0.138294,0.0899953,0.202252,0,0.149539,0.114473,800,0
0.25,0.75,1,0,0.124205,0.125636,0.125067,0.125231,0.125409,0.124561,0.124412,0.125478,800,0
0.25,0.75,1,1000,0.101314,0.215061,0.106941,0.107481,0.175617,0.0367906,0.119891,0.136905,800,0
0.25,0.75,1,2000,0.109366,0.200311,0.130202,0.107306,0.170372,0.0254891,0.132408,0.124547,800,0
0.25,0.75,1,3000,0.118397,0.200612,0.127883,0.0806594,0.198977,0.00577813,0.154225,0.113469,800,0
0.25,0.75,1,5000,0.127877,0.191558,0.136489,0.0856563,0.19678,9.0625e-05,0.149073,0.112477,800,0
0.25,0.75,1,7000,0.133842,0.196989,0.136922,0.0861,0.199303,0,0.145273,0.10157,800,0
0.25,0.75,1,10000,0.128894,0.196484,0.130623,0.0729781,0.206448,0,0.143139,0.121433,800,0
0.25,0.75,1,25000,0.128575,0.195402,0.135294,0.0810547,0.205325,0,0.150892,0.103458,800,0
0.25,0.75,1,50000,0.122573,0.215269,0.131772,0.0820469,0.179845,0,0.137473,0.13102,800,0
0.25,0.75,1,0,0.12402,0.125267,0.12505,0.124833,0.125047,0.12555,0.124988,0.125245,800,0
0.25,0.75,1,1000,0.110456,0.190959,0.126511,0.0985078,0.170519,0.0308547,0.134309,0.137883,800,0
0.25,0.75,1,2000,0.121428,0.192861,0.133359,0.0946547,0.187208,0.0114359,0.133995,0.125058,800,0
0.25,0.75,1,3000,0.122472,0.198689,0.137622,0.0863547,0.184169,0.00376562,0.142447,0.124481,800,0
0.25,0.75,1,5000,0.127377,0.198563,0.137631,0.0872422,0.193855,0.000909375,0.135044,0.11938,800,0
0.25,0.75,1,7000,0.122311,0.199386,0.12875,0.0889984,0.181152,0,0.158359,0.121044,800,0
0.25,0.75,1,10000,0.120091,0.195508,0.14197,0.0796063,0.187083,0,0.157694,0.118048,800,0
0.25,0.75,1,25000,0.117877,0.189477,0.122434,0.0903937,0.205592,0,0.151816,0.122411,800,0
0.25,0.75,1,50000,0.129061,0.194803,0.140867,0.0817703,0.186413,0,0.145237,0.121848,800,0
0.3,0.75,1,0,0.125378,0.125153,0.12528,0.124183,0.124961,0.125289,0.124841,0.124916,800,0
0.3,0.75,1,1000,0.0961234,0.21595,0.10765,0.11723,0.152511,0.0394969,0.133108,0.137931,800,0
0.3,0.75,1,2000,0.107681,0.202797,0.127875,0.0972109,0.176125,0.0147234,0.148806,0.124781,800,0
0.3,0.75,1,3000,0.10703,0.21257,0.120341,0.0896344,0.198042,0.00567813,0.140052,0.126653,800,0
0.3,0.75,1,5000,0.115587,0.193514,0.13435,0.076125,0.20898,0,0.148708,0.122736,800,0
0.3,0.75,1,7000,0.108803,0.203192,0.128434,0.0836172,0.216125,0,0.144717,0.115111,800,0
0.3,0.75,1,10000,0.107916,0.202839,0.133294,0.0715516,0.193928,0,0.160339,0.130133,800,0
0.3,0.75,1,25000,0.113752,0.214048,0.131008,0.0764344,0.213642,0,0.149505,0.101611,800,0
0.3,0.75,1,50000,0.116031,0.206769,0.121586,0.0827,0.223967,0,0.144042,0.104905,800,0
0.3,0.75,1,0,0.124967,0.124548,0.125448,0.125523,0.124333,0.124844,0.1253,0.125036,800,0
0.3,0.75,1,1000,0.0878859,0.218756,0.118895,0.107522,0.167005,0.0474406,0.115655,0.136841,800,0
0.3,0.75,1,2000,0.103669,0.206602,0.117781,0.0865969,0.217111,0.0122672,0.134398,0.121575,800,0
0.3,0.75,1,3000,0.107486,0.202122,0.132639,0.0921578,0.195031,0.00483125,0.143867,0.121866,800,0
0.3,0.75,1,5000,0.11717,0.204372,0.1262,0.0806609,0.214388,0,0.144638,0.112572,800,0
0.3,0.75,1,7000,0.116514,0.208798,0.131416,0.0729656,0.208466,0,0.14985,0.111991,800,0
0.3,0.75,1,10000,0.114591,0.208395,0.135489,0.0847766,0.19583,0,0.142045,0.118873,800,0
0.3,0.75,1,25000,0.11848,0.204355,0.12598,0.0713437,0.219092,0,0.144844,0.115906,800,0
0.3,0.75,1,50000,0.114703,0.207614,0.131164,0.08085,0.210456,0,0.137362,0.11785,800,0
0.35,0.75,1,0,0.125384,0.124933,0.125294,0.124548,0.124445,0.125277,0.125938,0.124181,800,0
0.35,0.75,1,1000,0.0657937,0.228158,0.0876719,0.119694,0.140575,0.0800594,0.0987344,0.179314,800,0
0.35,0.75,1,2000,0.0673797,0.227197,0.0890984,0.117919,0.144527,0.07075,0.103956,0.179173,800,0
0.35,0.75,1,3000,0.0765187,0.226897,0.0884797,0.117612,0.153116,0.0673391,0.111795,0.158242,800,0
0.35,0.75,1,5000,0.0902844,0.21365,0.0941969,0.114205,0.164667,0.0504391,0.116498,0.156059,800,0
0.35,0.75,1,7000,0.0883031,0.219619,0.0989656,0.100027,0.176686,0.0471703,0.121594,0.147636,800,0
0.35,0.75,1,10000,0.0830297,0.205987,0.10535,0.104136,0.173533,0.0392781,0.123102,0.165584,800,0
0.35,0.75,1,25000,0.0882391,0.212152,0.0932234,0.105694,0.160684,0.0592688,0.114777,0.165963,800,0
0.35,0.75,1,50000,0.0866281,0.220298,0.0977219,0.110228,0.160852,0.0535891,0.116666,0.154017,800,0
0.35,0.75,1,0,0.125545,0.124952,0.124952,0.125156,0.124602,0.125019,0.125305,0.12447,800,0
0.35,0.75,1,1000,0.063625,0.23197,0.0954594,0.110517,0.159455,0.0663375,0.106164,0.166472,800,0
0.35,0.75,1,2000,0.0731844,0.231205,0.0920875,0.133947,0.139005,0.0577516,0.115698,0.157122,800,0
0.35,0.75,1,3000,0.0928297,0.215573,0.104536,0.10252,0.164513,0.0484156,0.119514,0.152098,800,0
0.35,0.75,1,5000,0.0924125,0.214292,0.108234,0.0978859,0.184989,0.0334453,0.130314,0.138427,800,0
0.35,0.75,1,7000,0.0923641,0.21133,0.105445,0.108797,0.178066,0.0219547,0.136125,0.145919,800,0
0.35,0.75,1,10000,0.0968938,0.215922,0.113636,0.0927781,0.186822,0.0285938,0.142886,0.122469,800,0
0.35,0.75,1,25000,0.105578,0.205475,0.111666,0.0908313,0.183169,0.0215219,0.150425,0.131334,800,0
0.35,0.75,1,50000,0.0997062,0.226297,0.112311,0.0773016,0.221725,0,0.14265,0.120009,800,0
0.4,0.75,1,0,0.12448,0.125439,0.125261,0.124664,0.124531,0.125083,0.125184,0.125358,800,0
0.4,0.75,1,1000,0.0385313,0.256147,0.0465547,0.168945,0.0898531,0.140672,0.0652031,0.194094,800,0
0.4,0.75,1,2000,0.0149609,0.265486,0.0257016,0.21248,0.0397766,0.187092,0.034475,0.220028,800,0
0.4,0.75,1,3000,0.00378906,0.258205,0.0095625,0.235027,0.0139188,0.225602,0.00924844,0.244648,800,0
0.4,0.75,1,5000,0,0.254794,5.3125e-05,0.251748,0.000184375,0.248541,0.000664063,0.244016,800,0
0.4,0.75,1,7000,0,0.25325,0,0.247755,0,0.241152,0,0.257844,800,0
0.4,0.75,1,10000,0,0.256545,0,0.248508,0,0.239991,0,0.254956,800,0
0.4,0.75,1,25000,0,0.254456,0,0.245417,0,0.249761,0,0.250366,800,0
0.4,0.75,1,50000,0,0.250092,0,0.246587,0,0.250084,0,0.253236,800,0
0,0.75,1,0,0.124858,0.12475,0.124827,0.125087,0.12487,0.125564,0.124986,0.125058,800,0
0,0.75,1,1000,0.00211562,0.391783,0.00607656,0.220383,0.0621406,0.0841094,0.0219516,0.211441,800,500
0,0.75,1,2000,0.00211562,0.391783,0.00607656,0.220383,0.0621406,0.0841094,0.0219516,0.211441,800,500
0,0.75,1,3000,0.00211562,0.391783,0.00607656,0.220383,0.0621406,0.0841094,0.0219516,0.211441,800,500
0,0.75,1,5000,0.00211562,0.391783,0.00607656,0.220383,0.0621406,0.0841094,0.0219516,0.211441,800,500
0,0.75,1,7000,0.00211562,0.391783,0.00607656,0.220383,0.0621406,0.0841094,0.0219516,0.211441,800,500
0,0.75,1,10000,0.00211562,0.391783,0.00607656,0.220383,0.0621406,0.0841094,0.0219516,0.211441,800,500
0,0.75,1,25000,0.00211562,0.391783,0.00607656,0.220383,0.0621406,0.0841094,0.0219516,0.211441,800,500
0,0.75,1,50000,0.00211562,0.391783,0.00607656,0.220383,0.0621406,0.0841094,0.0219516,0.211441,800,500
0.4,0.75,1,0,0.124605,0.12482,0.125744,0.125814,0.124873,0.124189,0.12513,0.124825,800,0
0.4,0.75,1,1000,0.0331359,0.243042,0.0463891,0.173813,0.0831969,0.147122,0.0622578,0.211044,800,0
0.4,0.75,1,2000,0.0243469,0.239706,0.0264687,0.204602,0.0548469,0.186855,0.0416078,0.221567,800,0
0.4,0.75,1,3000,0.00763906,0.2467,0.0124281,0.237484,0.0162188,0.233586,0.0124312,0.233513,800,0
0.4,0.75,1,5000,3.59375e-05,0.248302,0.000782812,0.24807,0.00093125,0.249252,0.000775,0.251852,800,0
0.4,0.75,1,7000,0,0.253836,0,0.251167,0,0.246761,0,0.248236,800,0
0.4,0.75,1,10000,0,0.246781,0,0.248602,0,0.25183,0,0.252787,800,0
0.4,0.75,1,25000,0,0.253803,0,0.248817,0,0.245134,0,0.252245,800,0
0.4,0.75,1,50000,0,0.259738,0,0.242789,0,0.246194,0,0.25128,800,0
0,0.75,1,0,0.124417,0.124522,0.125125,0.125227,0.124769,0.12488,0.125713,0.125348,800,0
0,0.75,1,1000,0.00222656,0.38463,0.00580313,0.23065,0.0586141,0.0862953,0.0207828,0.210998,800,550
0,0.75,1,2000,0.00222656,0.38463,0.00580313,0.23065,0.0586141,0.0862953,0.0207828,0.210998,800,550
0,0.75,1,3000,0.00222656,0.38463,0.00580313,0.23065,0.0586141,0.0862953,0.0207828,0.210998,800,550
0,0.75,1,5000,0.00222656,0.38463,0.00580313,0.23065,0.0586141,0.0862953,0.0207828,0.210998,800,550
0,0.75,1,7000,0.00222656,0.38463,0.00580313,0.23065,0.0586141,0.0862953,0.0207828,0.210998,800,550
0,0.75,1,10000,0.00222656,0.38463,0.00580313,0.23065,0.0586141,0.0862953,0.0207828,0.210998,800,550
0,0.75,1,25000,0.00222656,0.38463,0.00580313,0.23065,0.0586141,0.0862953,0.0207828,0.210998,800,550
0,0.75,1,50000,0.00222656,0.38463,0.00580313,0.23065,0.0586141,0.0862953,0.0207828,0.210998,800,550
0.05,0.75,1,0,0.125033,0.124622,0.125292,0.124828,0.124952,0.124769,0.125488,0.125017,800,0
0.05,0.75,1,1000,0.0869922,0.192959,0.0985703,0.145356,0.107192,0.105386,0.0876094,0.175934,800,0
0.05,0.75,1,2000,0.121639,0.189641,0.130745,0.120528,0.144914,0.0487172,0.105992,0.137823,800,0
0.05,0.75,1,3000,0.126131,0.180273,0.131019,0.122387,0.147563,0.0414828,0.112416,0.138728,800,0
0.05,0.75,1,5000,0.145998,0.168473,0.140883,0.101641,0.164027,0.0226641,0.1182,0.138114,800,0
0.05,0.75,1,7000,0.147561,0.165241,0.154194,0.0973891,0.162633,0.0160641,0.123773,0.133145,800,0
0.05,0.75,1,10000,0.133187,0.17848,0.147131,0.0970609,0.176922,0.0153016,0.130847,0.12107,800,0
0.05,0.75,1,25000,0.149075,0.173617,0.159531,0.088175,0.180681,0.00045625,0.138928,0.109536,800,0
0.05,0.75,1,50000,0.142969,0.174919,0.158302,0.0916156,0.179067,0,0.139595,0.113533,800,0
0.05,0.75,1,0,0.125653,0.12497,0.124611,0.124706,0.124778,0.124361,0.125405,0.125516,800,0
0.05,0.75,1,1000,0.0916547,0.190555,0.103595,0.14495,0.112692,0.0944734,0.0878703,0.174209,800,0
0.05,0.75,1,2000,0.113733,0.191073,0.125731,0.12145,0.135239,0.0509234,0.110939,0.150911,800,0
0.05,0.75,1,3000,0.121958,0.184403,0.143088,0.110534,0.150678,0.0379375,0.117564,0.133837,800,0
0.05,0.75,1,5000,0.142986,0.187731,0.131689,0.0896375,0.159698,0.0211875,0.125677,0.141394,800,0
0.05,0.75,1,7000,0.14792,0.177191,0.148344,0.101228,0.156772,0.0130906,0.122136,0.133319,800,0
0.05,0.75,1,10000,0.162469,0.174609,0.139075,0.0809234,0.173352,0.00127188,0.142616,0.125684,800,0
0.05,0.75,1,25000,0.1467,0.170959,0.162975,0.0901344,0.175414,0,0.135867,0.11795,800,0
0.05,0.75,1,50000,0.147539,0.174142,0.147392,0.104475,0.185739,0,0.117913,0.1228,800,0
0.1,0.75,1,0,0.124797,0.12493,0.124292,0.1258,0.125262,0.125034,0.124986,0.124898,800,0
0.1,0.75,1,1000,0.130984,0.189761,0.133702,0.110578,0.152825,0.03655,0.118145,0.127455,800,0
0.1,0.75,1,2000,0.140231,0.185605,0.137647,0.102891,0.163108,0.0120766,0.130859,0.127583,800,0
0.1,0.75,1,3000,0.154506,0.183417,0.151452,0.089375,0.160275,0.00707813,0.134898,0.118998,800,0
0.1,0.75,1,5000,0.153017,0.173731,0.150702,0.0876375,0.193172,0.001425,0.134569,0.105747,800,0
0.1,0.75,1,7000,0.142552,0.183364,0.154559,0.0917844,0.177409,0,0.136058,0.114273,800,0
0.1,0.75,1,10000,0.148755,0.187833,0.152706,0.0807578,0.180278,0,0.139322,0.110348,800,0
0.1,0.75,1,25000,0.144809,0.171823,0.147169,0.0858984,0.188505,0,0.137747,0.124048,800,0
0.1,0.75,1,50000,0.145705,0.178092,0.151423,0.0849266,0.176091,0,0.151548,0.112214,800,0
0.1,0.75,1,0,0.12515,0.125405,0.124597,0.125791,0.125173,0.12492,0.124209,0.124755,800,0
0.1,0.75,1,1000,0.11568,0.193898,0.122011,0.111791,0.137952,0.0460578,0.113256,0.159355,800,0
0.1,0.75,1,2000,0.13093,0.184372,0.144578,0.0972156,0.181044,0.0192797,0.126233,0.116348,800,0
0.1,0.75,1,3000,0.144495,0.185736,0.136881,0.0869766,0.174019,0.0109719,0.133587,0.127333,800,0
0.1,0.75,1,5000,0.141497,0.17018,0.147141,0.102563,0.19767,0.000978125,0.133463,0.106509,800,0
0.1,0.75,1,7000,0.152134,0.186491,0.144408,0.0872531,0.171858,0.000690625,0.137797,0.119369,800,0
0.1,0.75,1,10000,0.149619,0.180822,0.141325,0.0770047,0.192431,0,0.147445,0.111353,800,0
0.1,0.75,1,25000,0.143455,0.19135,0.143339,0.0979219,0.178842,0,0.134705,0.110387,800,0
0.1,0.75,1,50000,0.149394,0.190959,0.150145,0.0897422,0.181588,0,0.133875,0.104297,800,0
0.15,0.75,1,0,0.124167,0.125139,0.125163,0.124867,0.125913,0.125202,0.124391,0.125159,800,0
0.15,0.75,1,1000,0.112494,0.183133,0.131344,0.106006,0.154487,0.0335063,0.129033,0.149997,800,0
0.15,0.75,1,2000,0.140225,0.188497,0.137498,0.0902641,0.171303,0.0130391,0.133842,0.125331,800,0
0.15,0.75,1,3000,0.127062,0.188463,0.141014,0.0914953,0.180723,0.00888281,0.142608,0.119752,800,0
0.15,0.75,1,5000,0.142441,0.184497,0.134881,0.0829422,0.1888,0.000496875,0.15177,0.114172,800,0
0.15,0.75,1,7000,0.137273,0.189302,0.132809,0.0915078,0.208639,0,0.140737,0.0997312,800,0
0.15,0.75,1,10000,0.141498,0.189409,0.137497,0.0880734,0.19133,0,0.137702,0.114491,800,0
0.15,0.75,1,25000,0.142588,0.187445,0.135937,0.0919328,0.197497,0,0.141355,0.103245,800,0
0.15,0.75,1,50000,0.130667,0.181473,0.141912,0.0924172,0.193931,0,0.144525,0.115073,800,0
0.15,0.75,1,0,0.124378,0.125488,0.125314,0.124591,0.125448,0.125603,0.124281,0.124897,800,0
0.15,0.75,1,1000,0.128173,0.184572,0.138059,0.114514,0.144475,0.0366984,0.120362,0.133145,800,0
0.15,0.75,1,2000,0.133014,0.180338,0.144034,0.0942828,0.172944,0.01575,0.137731,0.121906,800,0
0.15,0.75,1,3000,0.138197,0.19155,0.144388,0.10063,0.182209,0.00316563,0.128213,0.111648,800,0
0.15,0.75,1,5000,0.13453,0.178514,0.14677,0.0896578,0.18995,0.000914063,0.1449,0.114764,800,0
0.15,0.75,1,7000,0.144567,0.180814,0.134252,0.0989781,0.186705,0,0.147133,0.107552,800,0
0.15,0.75,1,10000,0.141455,0.18438,0.144761,0.0815641,0.185736,0,0.146777,0.115328,800,0
0.15,0.75,1,25000,0.144786,0.181745,0.139623,0.08045,0.199445,0,0.142945,0.111005,800,0
0.15,0.75,1,50000,0.149823,0.187692,0.146164,0.0883656,0.172334,0,0.129784,0.125836,800,0
0.2,0.75,1,0,0.125334,0.125334,0.124648,0.125439,0.124637,0.125317,0.124939,0.12435,800,0
0.2,0.75,1,1000,0.110098,0.193617,0.111594,0.115606,0.162328,0.0387484,0.124692,0.143316,800,0
0.2,0.75,1,2000,0.127352,0.181233,0.132727,0.101645,0.169733,0.0153844,0.133209,0.138717,800,0
0.2,0.75,1,3000,0.137145,0.181539,0.142706,0.0887859,0.173945,0.00508438,0.140916,0.129878,800,0
0.2,0.75,1,5000,0.133623,0.190078,0.140108,0.0832344,0.189686,0.00319688,0.145175,0.114898,800,0
0.2,0.75,1,7000,0.13712,0.18287,0.146856,0.0920906,0.18985,0.000576563,0.136614,0.114022,800,0
0.2,0.75,1,10000,0.126039,0.195095,0.11947,0.0962719,0.220378,0,0.124988,0.117758,800,0
0.2,0.75,1,25000,0.136689,0.185787,0.138838,0.0910156,0.191858,0,0.146216,0.109597,800,0
0.2,0.75,1,50000,0.127414,0.203011,0.138595,0.084925,0.18363,0,0.144228,0.118197,800,0
0.2,0.75,1,0,0.124969,0.125409,0.124855,0.125283,0.124797,0.124666,0.125189,0.124833,800,0
0.2,0.75,1,1000,0.116684,0.195828,0.130573,0.0971188,0.163917,0.0304469,0.122803,0.142628,800,0
0.2,0.75,1,2000,0.135141,0.195339,0.132211,0.102373,0.181972,0.00782969,0.129173,0.115961,800,0
0.2,0.75,1,3000,0.11865,0.19827,0.13602,0.08325,0.212847,0.00241719,0.134942,0.113603,800,0
0.2,0.75,1,5000,0.13603,0.188477,0.140147,0.0975359,0.174352,0.00177344,0.145255,0.116431,800,0
0.2,0.75,1,7000,0.142788,0.195497,0.139437,0.0904734,0.18467,0.000484375,0.13927,0.10738,800,0
0.2,0.75,1,10000,0.126853,0.19568,0.137109,0.101795,0.192798,0.00366406,0.1377,0.1044,800,0
0.2,0.75,1,25000,0.131972,0.192202,0.131347,0.0994828,0.189941,0,0.141952,0.113105,800,0
0.2,0.75,1,50000,0.132058,0.175314,0.138789,0.0947969,0.173019,0,0.163059,0.122964,800,0
0.25,0.75,1,0,0.125128,0.124777,0.125473,0.124561,0.12488,0.125355,0.125112,0.124714,800,0
0.25,0.75,1,1000,0.100494,0.208183,0.116955,0.104555,0.164109,0.0275703,0.132325,0.145809,800,0
0.25,0.75,1,2000,0.121359,0.210956,0.135417,0.0878391,0.190111,0.0128344,0.121666,0.119817,800,0
0.25,0.75,1,3000,0.116336,0.196162,0.12568,0.0812062,0.201466,0.00535,0.142733,0.131067,800,0
0.25,0.75,1,5000,0.11507,0.192288,0.129523,0.0744344,0.228133,0.00116719,0.145078,0.114306,800,0
0.25,0.75,1,7000,0.119966,0.202734,0.119172,0.0875328,0.202495,0,0.140673,0.127427,800,0
0.25,0.75,1,10000,0.129377,0.214052,0.128089,0.0819453,0.20138,0,0.135,0.110158,800,0
0.25,0.75,1,25000,0.12982,0.198956,0.139441,0.0798844,0.189352,0,0.150106,0.112441,800,0
0.25,0.75,1,50000,0.127377,0.196734,0.131697,0.0877484,0.19393,0,0.151366,0.111148,800,0
0.25,0.75,1,0,0.125198,0.125161,0.124189,0.125142,0.124219,0.124614,0.125453,0.126023,800,0
0.25,0.75,1,1000,0.111508,0.204828,0.11635,0.108152,0.16232,0.0368406,0.127342,0.132659,800,0
0.25,0.75,1,2000,0.117066,0.208945,0.128322,0.0842547,0.180383,0.0120844,0.142684,0.126261,800,0
0.25,0.75,1,3000,0.124647,0.206608,0.143289,0.0876219,0.180964,0.00637969,0.134778,0.115712,800,0
0.25,0.75,1,5000,0.119598,0.18117,0.137769,0.100533,0.193675,0.0006875,0.153777,0.112791,800,0
0.25,0.75,1,7000,0.138608,0.198952,0.137391,0.0778516,0.177598,0,0.155067,0.114533,800,0
0.25,0.75,1,10000,0.11183,0.190403,0.131659,0.0896609,0.204527,0,0.150428,0.121492,800,0
0.25,0.75,1,25000,0.128261,0.196867,0.135823,0.0898219,0.172809,0,0.160061,0.116356,800,0
0.25,0.75,1,50000,0.126534,0.192434,0.128623,0.0926938,0.197144,0,0.152178,0.110392,800,0
0.3,0.75,1,0,0.124917,0.124905,0.125081,0.12562,0.125234,0.124598,0.124875,0.124769,800,0
0.3,0.75,1,1000,0.0813469,0.21323,0.104444,0.115777,0.143648,0.0553828,0.117872,0.1683,800,0
0.3,0.75,1,2000,0.111231,0.208934,0.120636,0.0996812,0.177545,0.0221031,0.134972,0.124897,800,0
0.3,0.75,1,3000,0.102377,0.20455,0.124558,0.0864453,0.197852,0.0188031,0.140844,0.124572,800,0
0.3,0.75,1,5000,0.115481,0.19493,0.130792,0.0775844,0.212566,0.000560938,0.148141,0.119945,800,0
0.3,0.75,1,7000,0.112177,0.207309,0.111219,0.0969625,0.219206,0,0.141347,0.11178,800,0
0.3,0.75,1,10000,0.108302,0.211603,0.126261,0.0796063,0.180516,0,0.165713,0.128,800,0
0.3,0.75,1,25000,0.115569,0.200689,0.136923,0.0820141,0.210305,0,0.146659,0.107841,800,0
0.3,0.75,1,50000,0.11582,0.213877,0.127208,0.0757687,0.202856,0,0.155625,0.108845,800,0
0.3,0.75,1,0,0.125098,0.124411,0.125184,0.124644,0.125252,0.125044,0.124978,0.125389,800,0
0.3,0.75,1,1000,0.0932422,0.20793,0.114152,0.112528,0.148864,0.0447625,0.125556,0.152966,800,0
0.3,0.75,1,2000,0.096975,0.202823,0.115686,0.0896297,0.196133,0.0214141,0.138925,0.138414,800,0
0.3,0.75,1,3000,0.109775,0.196845,0.127558,0.0932391,0.183159,0.00910313,0.153081,0.127239,800,0
0.3,0.75,1,5000,0.106403,0.193919,0.119791,0.0833578,0.218977,0.00332031,0.149131,0.125102,800,0
0.3,0.75,1,7000,0.102658,0.212397,0.120219,0.0817891,0.214594,0,0.143342,0.125002,800,0
0.3,0.75,1,10000,0.12212,0.215656,0.13385,0.0673688,0.201152,0,0.15205,0.107803,800,0
0.3,0.75,1,25000,0.111447,0.209795,0.120855,0.0799859,0.207559,0,0.158628,0.11173,800,0
0.3,0.75,1,50000,0.123731,0.199495,0.127167,0.0774297,0.213255,0,0.151684,0.107237,800,0
0.35,0.75,1,0,0.124583,0.1247,0.125839,0.124975,0.124747,0.125252,0.125059,0.124845,800,0
0.35,0.75,1,1000,0.0636703,0.242898,0.0604094,0.152531,0.09625,0.118002,0.0867125,0.179527,800,0
0.35,0.75,1,2000,0.0558844,0.23998,0.0671469,0.160067,0.105305,0.113973,0.0769453,0.180698,800,0
0.35,0.75,1,3000,0.0629469,0.229662,0.0716078,0.15758,0.103105,0.107433,0.0811844,0.186481,800,0
0.35,0.75,1,5000,0.0554687,0.231402,0.0652328,0.146947,0.135878,0.0973406,0.0982625,0.169469,800,0
0.35,0.75,1,7000,0.0624797,0.214447,0.0785703,0.141784,0.125081,0.104456,0.09665,0.176531,800,0
0.35,0.75,1,10000,0.0560219,0.226533,0.0675063,0.149827,0.114448,0.115127,0.0850766,0.185461,800,0
0.35,0.75,1,25000,0.0471109,0.233178,0.0505531,0.178155,0.0873375,0.141645,0.0565203,0.2055,800,0
0.35,0.75,1,50000,0.00529063,0.250192,0.00746094,0.2356,0.0135406,0.233922,0.00838594,0.245608,800,0
0.35,0.75,1,0,0.125805,0.125123,0.124734,0.124994,0.124481,0.124509,0.125166,0.125188,800,0
0.35,0.75,1,1000,0.0634797,0.229308,0.0851703,0.12798,0.142766,0.0777578,0.101353,0.172186,800,0
0.35,0.75,1,2000,0.0690953,0.219741,0.0918531,0.127591,0.140962,0.0724063,0.0999656,0.178386,800,0
0.35,0.75,1,3000,0.0801172,0.204247,0.105314,0.112483,0.169131,0.0560391,0.114675,0.157994,800,0
0.35,0.75,1,5000,0.0782562,0.230645,0.0958703,0.106134,0.173662,0.0519078,0.11557,0.147953,800,0
0.35,0.75,1,7000,0.0835234,0.214764,0.103156,0.114641,0.174441,0.0424797,0.127659,0.139336,800,0
0.35,0.75,1,10000,0.0973016,0.217131,0.104608,0.0941891,0.181462,0.03595,0.133539,0.135819,800,0
0.35,0.75,1,25000,0.101291,0.208084,0.116228,0.0759344,0.229461,0.002275,0.145908,0.120819,800,0
0.35,0.75,1,50000,0.112447,0.210727,0.10875,0.0805188,0.215969,0,0.158555,0.113034,800,0
0.4,0.75,1,0,0.124686,0.125419,0.125395,0.124528,0.125081,0.124598,0.12513,0.125163,800,0
0.4,0.75,1,1000,0.0463234,0.245334,0.0439812,0.178487,0.0854828,0.141031,0.0666406,0.192719,800,0
0.4,0.75,1,2000,0.0141469,0.25035,0.0190438,0.206653,0.0402563,0.201489,0.0346297,0.233431,800,0
0.4,0.75,1,3000,0.00573594,0.24078,0.00448437,0.235925,0.0171172,0.234,0.0159859,0.245972,800,0
0.4,0.75,1,5000,0.0005375,0.248411,0,0.247081,0.000846875,0.253647,0.00116094,0.248316,800,0
0.4,0.75,1,7000,0,0.254355,0,0.255717,0,0.2403,0,0.249628,800,0
0.4,0.75,1,10000,0,0.253773,0,0.245617,0,0.250975,0,0.249634,800,0
0.4,0.75,1,25000,0,0.248472,0,0.25195,0,0.250362,0,0.249216,800,0
0.4,0.75,1,50000,0,0.249422,0,0.26095,0,0.248691,0,0.240937,800,0
0.4,0.75,1,0,0.125511,0.125539,0.124425,0.124852,0.124736,0.125286,0.124636,0.125016,800,0
0.4,0.75,1,1000,0.0307187,0.27048,0.0445188,0.173136,0.0786094,0.147772,0.0650344,0.189731,800,0
0.4,0.75,1,2000,0.0106359,0.252847,0.0199219,0.221745,0.0347922,0.208655,0.0217828,0.22962,800,0
0.4,0.75,1,3000,0.00725313,0.249447,0.00664062,0.246264,0.00735156,0.230044,0.00610938,0.246891,800,0
0.4,0.75,1,5000,6.71875e-05,0.251877,0.00036875,0.250264,9.375e-06,0.250977,0.000139062,0.246298,800,0
0.4,0.75,1,7000,0,0.249062,0,0.250147,0,0.247236,0,0.253555,800,0
0.4,0.75,1,10000,0,0.242558,0,0.249894,0,0.258502,0,0.249047,800,0
0.4,0.75,1,25000,0,0.245959,0,0.242598,0,0.257663,0,0.25378,800,0
0.4,0.75,1,50000,0,0.260163,0,0.23815,0,0.248769,0,0.252919,800,0
