alpha,beta,gamma,mcs,s0,s1,s2,s3,s4,s5,s6,s7,length,stable
0,0,1,0,0.12485,0.126069,0.124769,0.124063,0.125719,0.124412,0.125062,0.125056,400,0
0,0,1,1000,0.139594,0.140487,0.123063,0.121356,0.111219,0.125481,0.109481,0.129319,400,0
0,0,1,2000,0.106063,0.142063,0.122431,0.129731,0.141113,0.130506,0.108456,0.119637,400,0
0,0,1,3000,0.118944,0.128131,0.128719,0.132481,0.126994,0.11255,0.13575,0.116431,400,0
0,0,1,5000,0.152794,0.115731,0.119156,0.114281,0.111594,0.12865,0.120438,0.137356,400,0
0,0,1,7000,0.105862,0.119663,0.121663,0.119656,0.139237,0.145787,0.129862,0.118269,400,0
0,0,1,10000,0.138075,0.132619,0.1325,0.125975,0.119875,0.1104,0.110725,0.129831,400,0
0,0,1,25000,0.145294,0.159244,0.130263,0.115056,0.0996563,0.105369,0.112331,0.132788,400,0
0,0,1,50000,0.135862,0.135175,0.112506,0.115131,0.11555,0.129675,0.122819,0.133281,400,0
0,0,1,100000,0.131981,0.130906,0.134162,0.119938,0.108725,0.129,0.119706,0.125581,400,0
0,0,1,160000,0.132312,0.129881,0.132837,0.115594,0.1109,0.124306,0.12195,0.132219,400,0
0,0,1,0,0.124156,0.124356,0.12455,0.125231,0.125569,0.125781,0.126163,0.124194,400,0
0,0,1,1000,0.115881,0.124006,0.125169,0.130169,0.138175,0.132581,0.115006,0.119012,400,0
0,0,1,2000,0.104438,0.124225,0.132844,0.144075,0.127938,0.128644,0.126144,0.111694,400,0
0,0,1,3000,0.121744,0.11205,0.116263,0.144106,0.126456,0.116756,0.12155,0.141075,400,0
0,0,1,5000,0.116369,0.131269,0.131,0.127756,0.13165,0.138763,0.111931,0.111263,400,0
0,0,1,7000,0.1272,0.1311,0.128069,0.148025,0.1309,0.108206,0.112475,0.114025,400,0
0,0,1,10000,0.108863,0.10235,0.119356,0.123931,0.142425,0.167694,0.12625,0.109131,400,0
0,0,1,25000,0.124506,0.131963,0.141288,0.126587,0.12965,0.115306,0.108938,0.121762,400,0
0,0,1,50000,0.0962313,0.121956,0.127175,0.132337,0.158731,0.158569,0.114294,0.0907063,400,0
0,0,1,100000,0.105725,0.147725,0.11705,0.127231,0.130587,0.132056,0.122762,0.116862,400,0
0,0,1,160000,0.131306,0.139369,0.141013,0.124269,0.119525,0.118456,0.108787,0.117275,400,0
0,0.05,1,0,0.126044,0.123375,0.124838,0.125644,0.124919,0.125206,0.125037,0.124938,400,0
0,0.05,1,1000,0.129075,0.150969,0.102938,0.144762,0.1007,0.126637,0.111244,0.133675,400,0
0,0.05,1,2000,0.120619,0.156225,0.103925,0.129637,0.116888,0.137281,0.108956,0.126469,400,0
0,0.05,1,3000,0.106725,0.165131,0.117062,0.134631,0.103663,0.117519,0.116081,0.139187,400,0
0,0.05,1,5000,0.0996313,0.148525,0.108844,0.132538,0.118725,0.143906,0.118969,0.128862,400,0
0,0.05,1,7000,0.110475,0.139412,0.108575,0.133844,0.10985,0.136362,0.119387,0.142094,400,0
0,0.05,1,10000,0.0989687,0.123094,0.118825,0.137231,0.120063,0.145663,0.114037,0.142119,400,0
0,0.05,1,25000,0.120713,0.171313,0.102294,0.100775,0.0908188,0.129062,0.112981,0.172044,400,0
0,0.05,1,50000,0.104262,0.121706,0.103587,0.131094,0.126537,0.135194,0.127562,0.150056,400,0
0,0.05,1,100000,0.100844,0.15975,0.1207,0.135225,0.116706,0.1126,0.119144,0.135031,400,0
0,0.05,1,160000,0.120375,0.140313,0.105694,0.1215,0.114556,0.138325,0.124344,0.134894,400,0
0,0.05,1,0,0.1264,0.125112,0.125575,0.125881,0.123169,0.1253,0.123775,0.124787,400,0
0,0.05,1,1000,0.126931,0.186294,0.111537,0.130725,0.0931938,0.104462,0.0894438,0.157413,400,0
0,0.05,1,2000,0.108581,0.13675,0.102712,0.125738,0.111606,0.130106,0.132119,0.152388,400,0
0,0.05,1,3000,0.100625,0.151056,0.118525,0.158081,0.125581,0.129694,0.103612,0.112825,400,0
0,0.05,1,5000,0.0915625,0.127275,0.119469,0.155181,0.137469,0.152863,0.096225,0.119956,400,0
0,0.05,1,7000,0.11625,0.130356,0.116913,0.119831,0.0989813,0.123813,0.131275,0.162581,400,0
0,0.05,1,10000,0.105538,0.143569,0.117069,0.13925,0.125344,0.135094,0.101931,0.132206,400,0
0,0.05,1,25000,0.10035,0.139719,0.125194,0.128387,0.0975375,0.120012,0.137362,0.151438,400,0
0,0.05,1,50000,0.105319,0.128238,0.105231,0.141956,0.10635,0.135213,0.134356,0.143338,400,0
0,0.05,1,100000,0.123481,0.149606,0.0952375,0.128213,0.115569,0.123206,0.115469,0.149219,400,0
0,0.05,1,160000,0.116562,0.135637,0.0935688,0.1297,0.120056,0.12495,0.12755,0.151975,400,0
0,0.1,1,0,0.125494,0.124225,0.125394,0.125019,0.125738,0.124537,0.124537,0.125056,400,0
0,0.1,1,1000,0.082125,0.137356,0.0926875,0.141581,0.120063,0.160869,0.12245,0.142869,400,0
0,0.1,1,2000,0.104512,0.162025,0.106769,0.147319,0.11475,0.127525,0.10175,0.13535,400,0
0,0.1,1,3000,0.0833688,0.147262,0.103425,0.154769,0.1191,0.148487,0.110012,0.133575,400,0
0,0.1,1,5000,0.1153,0.148363,0.104731,0.146106,0.117581,0.131094,0.100319,0.136506,400,0
0,0.1,1,7000,0.111662,0.157569,0.110725,0.128356,0.117469,0.122425,0.104225,0.147569,400,0
0,0.1,1,10000,0.101212,0.156888,0.0894687,0.140119,0.116413,0.1314,0.10725,0.15725,400,0
0,0.1,1,25000,0.110662,0.147556,0.101513,0.140288,0.101844,0.125362,0.1213,0.151475,400,0
0,0.1,1,50000,0.105994,0.167,0.10685,0.146094,0.10665,0.109069,0.108475,0.149869,400,0
0,0.1,1,100000,0.108213,0.171169,0.0982937,0.131906,0.0944312,0.137244,0.102638,0.156106,400,0
0,0.1,1,160000,0.0943812,0.164463,0.101781,0.136831,0.114594,0.139387,0.106006,0.142556,400,0
0,0.1,1,0,0.126312,0.125094,0.124406,0.126019,0.12575,0.12295,0.124137,0.125331,400,0
0,0.1,1,1000,0.0944312,0.131137,0.0823938,0.150769,0.118519,0.132038,0.135294,0.155419,400,0
0,0.1,1,2000,0.108594,0.151037,0.0936625,0.134581,0.112194,0.126981,0.121406,0.151544,400,0
0,0.1,1,3000,0.0952313,0.135231,0.0999437,0.123181,0.105431,0.141531,0.120331,0.179119,400,0
0,0.1,1,5000,0.0896875,0.155587,0.0984063,0.149456,0.1091,0.136781,0.112394,0.148588,400,0
0,0.1,1,7000,0.084525,0.153388,0.0970625,0.161025,0.106619,0.155819,0.0933062,0.148256,400,0
0,0.1,1,10000,0.108106,0.141538,0.0858875,0.138944,0.0916063,0.159694,0.117775,0.15645,400,0
0,0.1,1,25000,0.100525,0.152525,0.100862,0.128244,0.113375,0.136894,0.115106,0.152469,400,0
0,0.1,1,50000,0.0802875,0.14885,0.108387,0.1515,0.115812,0.15945,0.100119,0.135594,400,0
0,0.1,1,100000,0.0977688,0.168887,0.111756,0.167981,0.113331,0.127944,0.0784438,0.133887,400,0
0,0.1,1,160000,0.110106,0.174694,0.1066,0.13875,0.0957375,0.137856,0.0939,0.142356,400,0
0,0.15,1,0,0.125181,0.124769,0.124563,0.125931,0.125331,0.125175,0.1233,0.12575,400,0
0,0.15,1,1000,0.0998813,0.168637,0.09,0.1347,0.103706,0.143069,0.0954125,0.164594,400,0
0,0.15,1,2000,0.0925375,0.152413,0.0953187,0.138612,0.104475,0.144262,0.104281,0.1681,400,0
0,0.15,1,3000,0.0881,0.161294,0.0963938,0.161756,0.120819,0.136469,0.0935625,0.141606,400,0
0,0.15,1,5000,0.106625,0.196469,0.089325,0.108756,0.0812625,0.12065,0.11195,0.184963,400,0
0,0.15,1,7000,0.100406,0.168187,0.115475,0.153025,0.100469,0.1141,0.0916625,0.156675,400,0
0,0.15,1,10000,0.0810562,0.130288,0.103956,0.145113,0.100106,0.1787,0.110475,0.150306,400,0
0,0.15,1,25000,0.090175,0.184863,0.101481,0.129975,0.0983688,0.134094,0.108637,0.152406,400,0
0,0.15,1,50000,0.09875,0.144031,0.101187,0.169319,0.0961625,0.142231,0.106137,0.142181,400,0
0,0.15,1,100000,0.09255,0.179525,0.0769187,0.158925,0.0966625,0.132169,0.107188,0.156062,400,0
0,0.15,1,160000,0.102263,0.164937,0.0853375,0.131319,0.111394,0.135956,0.113525,0.155269,400,0
0,0.15,1,0,0.123838,0.126475,0.122744,0.126062,0.126781,0.125688,0.123963,0.12445,400,0
0,0.15,1,1000,0.0909,0.189281,0.101487,0.175506,0.0818813,0.136406,0.0710313,0.153506,400,0
0,0.15,1,2000,0.0913875,0.164813,0.0871938,0.131175,0.1122,0.150638,0.119612,0.142981,400,0
0,0.15,1,3000,0.0973813,0.146712,0.0931562,0.149606,0.101425,0.150631,0.100969,0.160119,400,0
0,0.15,1,5000,0.0723125,0.170662,0.0913313,0.148644,0.116056,0.171088,0.0988625,0.131044,400,0
0,0.15,1,7000,0.0961063,0.163669,0.101919,0.140681,0.118081,0.124256,0.104212,0.151075,400,0
0,0.15,1,10000,0.09015,0.184519,0.106794,0.174856,0.0974,0.125037,0.0955938,0.12565,400,0
0,0.15,1,25000,0.0795312,0.133325,0.0941312,0.165056,0.128637,0.156431,0.100256,0.142631,400,0
0,0.15,1,50000,0.081525,0.135644,0.101612,0.160387,0.136631,0.143981,0.106487,0.133731,400,0
0,0.15,1,100000,0.0921875,0.183131,0.0971375,0.152281,0.104713,0.119481,0.103587,0.147481,400,0
0,0.15,1,160000,0.0982937,0.183113,0.0943062,0.147113,0.10235,0.131469,0.0932313,0.150125,400,0
0,0.2,1,0,0.124144,0.125769,0.125244,0.124444,0.12495,0.125019,0.124831,0.1256,400,0
0,0.2,1,1000,0.0809437,0.163706,0.0913,0.187825,0.0979125,0.143669,0.0793563,0.155287,400,0
0,0.2,1,2000,0.0994188,0.148981,0.0764062,0.142881,0.114513,0.125356,0.116956,0.175487,400,0
0,0.2,1,3000,0.0803438,0.132375,0.097,0.155544,0.112613,0.162356,0.116025,0.143744,400,0
0,0.2,1,5000,0.101569,0.146962,0.102788,0.158106,0.120581,0.128663,0.0932562,0.148075,400,0
0,0.2,1,7000,0.0964437,0.184438,0.0863875,0.135206,0.086025,0.132131,0.106994,0.172375,400,0
0,0.2,1,10000,0.0901375,0.145356,0.0901813,0.136369,0.114975,0.129375,0.11685,0.176756,400,0
0,0.2,1,25000,0.088325,0.170462,0.0953375,0.172875,0.0987313,0.130506,0.0979938,0.145769,400,0
0,0.2,1,50000,0.0810687,0.160087,0.0948937,0.142762,0.111437,0.154487,0.101388,0.153875,400,0
0,0.2,1,100000,0.0993312,0.178863,0.0807688,0.13305,0.105181,0.099925,0.0858562,0.217025,400,0
0,0.2,1,160000,0.0938313,0.199144,0.0909625,0.138306,0.104519,0.119281,0.0787063,0.17525,400,0
0,0.2,1,0,0.125375,0.125713,0.124869,0.125825,0.125475,0.124219,0.123544,0.124981,400,0
0,0.2,1,1000,0.0992938,0.2259,0.0798813,0.151188,0.0740688,0.113381,0.0771875,0.1791,400,0
0,0.2,1,2000,0.0932313,0.190075,0.0780562,0.133519,0.0984687,0.145687,0.108756,0.152206,400,0
0,0.2,1,3000,0.0903562,0.169712,0.0926625,0.122319,0.107787,0.133687,0.0991438,0.184331,400,0
0,0.2,1,5000,0.0947313,0.165294,0.0940688,0.149806,0.0978688,0.1297,0.103487,0.165044,400,0
0,0.2,1,7000,0.093575,0.188569,0.0929313,0.124363,0.08915,0.140825,0.107775,0.162812,400,0
0,0.2,1,10000,0.0916875,0.193969,0.09905,0.160856,0.0960063,0.120069,0.0862125,0.15215,400,0
0,0.2,1,25000,0.0986438,0.221694,0.0812375,0.1365,0.102075,0.13865,0.0844188,0.136781,400,0
0,0.2,1,50000,0.0834687,0.143225,0.0876187,0.190263,0.116506,0.1383,0.106325,0.134294,400,0
0,0.2,1,100000,0.0945,0.167775,0.0992938,0.150994,0.101919,0.112469,0.100456,0.172594,400,0
0,0.2,1,160000,0.0802313,0.193556,0.0896,0.162725,0.109637,0.114031,0.0874438,0.162775,400,0
0,0.25,1,0,0.12445,0.124588,0.126037,0.124344,0.124444,0.125381,0.125575,0.125181,400,0
0,0.25,1,1000,0.0766187,0.200106,0.0783812,0.145838,0.0708187,0.153363,0.0750062,0.199869,400,0
0,0.25,1,2000,0.0863125,0.147462,0.0834187,0.132481,0.103431,0.143356,0.112638,0.1909,400,0
0,0.25,1,3000,0.0882625,0.159175,0.0785,0.173269,0.1057,0.147544,0.0819,0.16565,400,0
0,0.25,1,5000,0.0826063,0.155875,0.0919062,0.142137,0.0771938,0.145962,0.103269,0.20105,400,0
0,0.25,1,7000,0.0863125,0.167719,0.09635,0.149287,0.110062,0.152075,0.0899563,0.148237,400,0
0,0.25,1,10000,0.0862563,0.148094,0.0903375,0.158506,0.113531,0.124819,0.0953937,0.183062,400,0
0,0.25,1,25000,0.0863437,0.191256,0.0891,0.166738,0.096475,0.152713,0.0875875,0.129788,400,0
0,0.25,1,50000,0.0682125,0.172981,0.0953875,0.156144,0.0888375,0.142856,0.0892125,0.186369,400,0
0,0.25,1,100000,0.0847688,0.173212,0.0934625,0.181663,0.0989063,0.12685,0.0867125,0.154425,400,0
0,0.25,1,160000,0.0811375,0.180131,0.0994063,0.1701,0.08785,0.135263,0.091225,0.154888,400,0
0,0.25,1,0,0.125669,0.124344,0.125644,0.125075,0.124744,0.12565,0.124256,0.124619,400,0
0,0.25,1,1000,0.0752562,0.176594,0.0764875,0.167331,0.082675,0.145687,0.0752312,0.200738,400,0
0,0.25,1,2000,0.0820937,0.189675,0.0962937,0.206231,0.1126,0.114875,0.0714375,0.126794,400,0
0,0.25,1,3000,0.082125,0.183719,0.10225,0.161025,0.084325,0.157012,0.0798375,0.149706,400,0
0,0.25,1,5000,0.106412,0.172375,0.0900125,0.158637,0.113312,0.122344,0.0850937,0.151812,400,0
0,0.25,1,7000,0.078475,0.1552,0.0864,0.15985,0.102237,0.13625,0.111244,0.170344,400,0
0,0.25,1,10000,0.0730625,0.184625,0.103,0.159913,0.0903687,0.136231,0.0913125,0.161488,400,0
0,0.25,1,25000,0.094325,0.175237,0.0872625,0.129713,0.114969,0.144669,0.0990437,0.154781,400,0
0,0.25,1,50000,0.0779062,0.182781,0.0884687,0.161431,0.0862437,0.156631,0.0801812,0.166356,400,0
0,0.25,1,100000,0.0902,0.162575,0.101813,0.15055,0.100862,0.122806,0.096475,0.174719,400,0
0,0.25,1,160000,0.0890313,0.154269,0.0947875,0.151625,0.11635,0.1317,0.0891813,0.173056,400,0
0,0.3,1,0,0.125125,0.125956,0.124588,0.124919,0.125019,0.125337,0.123706,0.12535,400,0
0,0.3,1,1000,0.0643937,0.177475,0.081375,0.174744,0.0805687,0.173719,0.082075,0.16565,400,0
0,0.3,1,2000,0.078525,0.199,0.0756625,0.160594,0.0995562,0.148231,0.0879562,0.150475,400,0
0,0.3,1,3000,0.0794625,0.160663,0.0972625,0.157275,0.108181,0.151194,0.0875,0.158463,400,0
0,0.3,1,5000,0.095575,0.215481,0.0838375,0.1248,0.08915,0.12875,0.0799,0.182506,400,0
0,0.3,1,7000,0.0688688,0.157488,0.0922375,0.162394,0.09385,0.14855,0.0855687,0.191044,400,0
0,0.3,1,10000,0.0970063,0.174294,0.0968062,0.136531,0.104444,0.141969,0.0881125,0.160837,400,0
0,0.3,1,25000,0.0799312,0.153494,0.089925,0.158913,0.0956625,0.1681,0.0928687,0.161106,400,0
0,0.3,1,50000,0.0933937,0.169088,0.0676812,0.152213,0.0959187,0.128087,0.106244,0.187375,400,0
0,0.3,1,100000,0.0702688,0.176294,0.089975,0.201681,0.102862,0.158781,0.0688625,0.131275,400,0
0,0.3,1,160000,0.0800063,0.194031,0.0827813,0.153206,0.0716125,0.154356,0.0783688,0.185638,400,0
0,0.3,1,0,0.1249,0.125112,0.12605,0.1238,0.124906,0.125781,0.124425,0.125025,400,0
0,0.3,1,1000,0.0511938,0.204781,0.0643375,0.19215,0.0654062,0.212562,0.0558375,0.153731,400,0
0,0.3,1,2000,0.0836563,0.177381,0.09075,0.163556,0.099675,0.121025,0.0873875,0.176569,400,0
0,0.3,1,3000,0.078175,0.197806,0.0776063,0.141275,0.0839875,0.138519,0.0912938,0.191337,400,0
0,0.3,1,5000,0.0852688,0.177813,0.0890438,0.163713,0.1016,0.136875,0.0908687,0.154819,400,0
0,0.3,1,7000,0.0750563,0.202381,0.0874,0.173281,0.0936,0.118156,0.0721,0.178025,400,0
0,0.3,1,10000,0.0864875,0.167925,0.100138,0.159969,0.0975188,0.127525,0.0832875,0.17715,400,0
0,0.3,1,25000,0.0736437,0.18985,0.102013,0.15265,0.0968813,0.146987,0.0718875,0.166087,400,0
0,0.3,1,50000,0.0829875,0.198394,0.0859562,0.188963,0.0918063,0.124988,0.0794563,0.14745,400,0
0,0.3,1,100000,0.07825,0.164713,0.0723562,0.162606,0.100344,0.147106,0.0924187,0.182206,400,0
0,0.3,1,160000,0.0917812,0.190637,0.0974562,0.128525,0.0807875,0.113325,0.0959625,0.201525,400,0
0,0.35,1,0,0.126037,0.123362,0.12505,0.124887,0.125056,0.1264,0.125456,0.12375,400,0
0,0.35,1,1000,0.0434625,0.232919,0.0329625,0.231669,0.0322,0.194375,0.0270813,0.205331,400,0
0,0.35,1,2000,0.060075,0.181519,0.0766125,0.158806,0.084325,0.164406,0.0790813,0.195175,400,0
0,0.35,1,3000,0.0786312,0.201563,0.093625,0.159156,0.0974625,0.104044,0.0828938,0.182625,400,0
0,0.35,1,5000,0.0659062,0.1563,0.0740438,0.182438,0.105887,0.167631,0.0770062,0.170788,400,0
0,0.35,1,7000,0.106975,0.2256,0.0879875,0.144613,0.0862062,0.106762,0.0894125,0.152444,400,0
0,0.35,1,10000,0.0829875,0.208694,0.0907125,0.157631,0.0798187,0.138869,0.0823375,0.15895,400,0
0,0.35,1,25000,0.0786437,0.183012,0.0856313,0.169263,0.104025,0.138763,0.0770938,0.163569,400,0
0,0.35,1,50000,0.0752812,0.172269,0.0836625,0.1398,0.0980313,0.132438,0.08505,0.213469,400,0
0,0.35,1,100000,0.0961375,0.197581,0.0879,0.145781,0.0826563,0.118919,0.097925,0.1731,400,0
0,0.35,1,160000,0.0720625,0.192656,0.0827187,0.173419,0.0914438,0.130844,0.0784125,0.178444,400,0
0,0.35,1,0,0.125494,0.1248,0.124719,0.125369,0.125,0.123444,0.124644,0.126531,400,0
0,0.35,1,1000,0.0616,0.2369,0.0535313,0.195194,0.0599875,0.160562,0.0437375,0.188488,400,0
0,0.35,1,2000,0.0755875,0.214406,0.0924688,0.165956,0.0883313,0.116038,0.0593438,0.187869,400,0
0,0.35,1,3000,0.0860438,0.167788,0.0853375,0.163369,0.105575,0.12795,0.0948125,0.169125,400,0
0,0.35,1,5000,0.0760375,0.173231,0.0827813,0.150756,0.0936875,0.138525,0.0878312,0.19715,400,0
0,0.35,1,7000,0.0847625,0.191688,0.0816375,0.130087,0.0934438,0.14605,0.0910625,0.181269,400,0
0,0.35,1,10000,0.0638688,0.153969,0.0803187,0.145681,0.0962062,0.155906,0.0946687,0.209381,400,0
0,0.35,1,25000,0.0838062,0.200825,0.0719687,0.137306,0.0897813,0.127956,0.09515,0.193206,400,0
0,0.35,1,50000,0.0773188,0.177537,0.0906437,0.160319,0.102969,0.145737,0.0790375,0.166437,400,0
0,0.35,1,100000,0.0864188,0.162337,0.0911375,0.171344,0.100362,0.139525,0.0859937,0.162881,400,0
0,0.35,1,160000,0.0713687,0.182737,0.096675,0.171825,0.084725,0.142338,0.0733875,0.176944,400,0
0,0.4,1,0,0.124831,0.125337,0.125731,0.124619,0.125025,0.125981,0.124594,0.123881,400,0
0,0.4,1,1000,0.0265625,0.258644,0.0245938,0.254044,0.0370438,0.166944,0.0304563,0.201712,400,0
0,0.4,1,2000,0.0707375,0.175019,0.0682938,0.197013,0.0791937,0.155369,0.07815,0.176225,400,0
0,0.4,1,3000,0.0793563,0.159794,0.0967125,0.156106,0.0931375,0.143831,0.0841812,0.186881,400,0
0,0.4,1,5000,0.0696062,0.144613,0.0810938,0.16415,0.0953,0.158881,0.0850562,0.2013,400,0
0,0.4,1,7000,0.102,0.223075,0.0957125,0.181512,0.0824687,0.103325,0.0582312,0.153675,400,0
0,0.4,1,10000,0.0765375,0.150569,0.09625,0.183631,0.111269,0.137831,0.0771687,0.166744,400,0
0,0.4,1,25000,0.0893937,0.178006,0.0834312,0.175925,0.0945125,0.140356,0.0847938,0.153581,400,0
0,0.4,1,50000,0.0797625,0.175987,0.0852437,0.175444,0.09855,0.12975,0.0663062,0.188956,400,0
0,0.4,1,100000,0.0855937,0.167269,0.0848375,0.1405,0.0917625,0.135006,0.09355,0.201481,400,0
0,0.4,1,160000,0.0802812,0.183881,0.0950625,0.186125,0.0883937,0.1322,0.0713812,0.162675,400,0
0,0.4,1,0,0.124625,0.126062,0.125362,0.125094,0.125262,0.125019,0.123844,0.124731,400,0
0,0.4,1,1000,0.0145375,0.222731,0.022,0.334644,0.0254937,0.196194,0.0191875,0.165213,400,0
0,0.4,1,2000,0.0678688,0.204681,0.0761938,0.173644,0.0719562,0.152587,0.0729,0.180169,400,0
0,0.4,1,3000,0.08485,0.215144,0.0697375,0.121338,0.0768125,0.140863,0.0833813,0.207875,400,0
0,0.4,1,5000,0.0847125,0.184325,0.0835,0.137681,0.100481,0.130263,0.08595,0.193087,400,0
0,0.4,1,7000,0.0897063,0.192887,0.0922063,0.166013,0.105131,0.118394,0.0522937,0.183369,400,0
0,0.4,1,10000,0.0934312,0.200125,0.072775,0.144712,0.0828312,0.151037,0.072025,0.183062,400,0
0,0.4,1,25000,0.0691375,0.178281,0.0886437,0.174319,0.0963,0.164156,0.0629625,0.1662,400,0
0,0.4,1,50000,0.0687,0.215737,0.0772,0.165263,0.09695,0.11995,0.07165,0.18455,400,0
0,0.4,1,100000,0.0673875,0.197869,0.0879812,0.169856,0.0920125,0.147875,0.0673563,0.169662,400,0
0,0.4,1,160000,0.0685313,0.214913,0.0706625,0.157344,0.0811875,0.133119,0.089075,0.185169,400,0
0,0.45,1,0,0.12595,0.124144,0.124213,0.124706,0.125294,0.12555,0.124269,0.125875,400,0
0,0.45,1,1000,0.015625,0.27335,0.0184563,0.237394,0.032975,0.161344,0.0261625,0.234694,400,0
0,0.45,1,2000,0.0479813,0.232244,0.0496875,0.243569,0.0596625,0.143225,0.0523375,0.171294,400,0
0,0.45,1,3000,0.0729188,0.164406,0.0676563,0.161225,0.0947188,0.150512,0.07665,0.211913,400,0
0,0.45,1,5000,0.0727687,0.192688,0.0880188,0.159731,0.0992,0.13995,0.0816,0.166044,400,0
0,0.45,1,7000,0.0784375,0.168456,0.0722125,0.164019,0.097975,0.146344,0.0828,0.189756,400,0
0,0.45,1,10000,0.0778125,0.169338,0.0853562,0.146294,0.106175,0.139106,0.0877938,0.188125,400,0
0,0.45,1,25000,0.0759875,0.185575,0.08115,0.144644,0.094925,0.14605,0.0821063,0.189562,400,0
0,0.45,1,50000,0.0876875,0.203712,0.0772375,0.173519,0.09265,0.119544,0.0602938,0.185356,400,0
0,0.45,1,100000,0.0614,0.184025,0.100694,0.203569,0.0885625,0.132725,0.067375,0.16165,400,0
0,0.45,1,160000,0.0744125,0.182444,0.0779938,0.132219,0.0887,0.151388,0.0792375,0.213606,400,0
0,0.45,1,0,0.124794,0.125238,0.125494,0.124369,0.124906,0.125488,0.124338,0.125375,400,0
0,0.45,1,1000,0.00901875,0.298787,0.0145437,0.323175,0.019375,0.154444,0.02105,0.159606,400,0
0,0.45,1,2000,0.0290812,0.186256,0.0354875,0.225075,0.0355437,0.219388,0.0276188,0.24155,400,0
0,0.45,1,3000,0.0779187,0.180975,0.0664125,0.184525,0.0785938,0.154731,0.0843562,0.172487,400,0
0,0.45,1,5000,0.0850188,0.170475,0.0951437,0.133981,0.07735,0.138144,0.0945437,0.205344,400,0
0,0.45,1,7000,0.0879625,0.179787,0.0818062,0.17615,0.0873812,0.136275,0.0886187,0.162019,400,0
0,0.45,1,10000,0.0735813,0.175487,0.0818187,0.1357,0.0888875,0.158225,0.0768875,0.209413,400,0
0,0.45,1,25000,0.0772812,0.201169,0.094975,0.153919,0.0863437,0.139013,0.0735,0.1738,400,0
0,0.45,1,50000,0.0687125,0.135481,0.0865125,0.165587,0.0968563,0.146456,0.106887,0.193506,400,0
0,0.45,1,100000,0.075625,0.175725,0.0832688,0.155663,0.0941437,0.144831,0.0847187,0.186025,400,0
0,0.45,1,160000,0.0656313,0.213906,0.0869188,0.149212,0.0882,0.177962,0.0588875,0.159281,400,0
0,0.5,1,0,0.126112,0.125825,0.125375,0.1256,0.124506,0.1238,0.123919,0.124863,400,0
0,0.5,1,1000,0.019725,0.328931,0.0187688,0.260056,0.0327125,0.125119,0.0276375,0.18705,400,0
0,0.5,1,2000,0.0376625,0.241712,0.0315563,0.20255,0.0567125,0.183506,0.0365562,0.209744,400,0
0,0.5,1,3000,0.0717375,0.196831,0.0821563,0.176538,0.0768188,0.137912,0.071125,0.186881,400,0
0,0.5,1,5000,0.077225,0.141825,0.0890375,0.166544,0.0936875,0.14485,0.078575,0.208256,400,0
0,0.5,1,7000,0.102063,0.168013,0.0818938,0.169219,0.097825,0.110525,0.0815625,0.1889,400,0
0,0.5,1,10000,0.0724313,0.180338,0.075325,0.166381,0.0919062,0.15215,0.0654437,0.196025,400,0
0,0.5,1,25000,0.0774813,0.179994,0.0870375,0.172975,0.0863,0.13265,0.0725812,0.190981,400,0
0,0.5,1,50000,0.0701937,0.203244,0.0803438,0.185081,0.106794,0.142256,0.0594875,0.1526,400,0
0,0.5,1,100000,0.07645,0.179881,0.0821563,0.1841,0.0899313,0.12025,0.0809437,0.186287,400,0
0,0.5,1,160000,0.0602688,0.168906,0.0797375,0.165775,0.0942875,0.184656,0.080075,0.166294,400,0
0,0.5,1,0,0.126469,0.123644,0.125169,0.125406,0.124669,0.125669,0.1235,0.125475,400,0
0,0.5,1,1000,0.009275,0.276181,0.0103187,0.286881,0.0340688,0.142338,0.0246062,0.216331,400,0
0,0.5,1,2000,0.0204125,0.236956,0.0297187,0.309287,0.0387125,0.150031,0.0243063,0.190575,400,0
0,0.5,1,3000,0.0542062,0.246356,0.0474188,0.154625,0.0586,0.138906,0.054175,0.245713,400,0
0,0.5,1,5000,0.07675,0.187094,0.0870125,0.167581,0.0905125,0.129887,0.0588,0.202363,400,0
0,0.5,1,7000,0.0812937,0.191963,0.0727562,0.160094,0.098825,0.1273,0.0838187,0.18395,400,0
0,0.5,1,10000,0.0853875,0.194812,0.0955125,0.176863,0.0899812,0.129875,0.0631625,0.164406,400,0
0,0.5,1,25000,0.0815188,0.239356,0.09,0.151725,0.0965063,0.123919,0.0652,0.151775,400,0
0,0.5,1,50000,0.0750438,0.2044,0.0842187,0.135275,0.0904438,0.113437,0.0927188,0.204462,400,0
0,0.5,1,100000,0.0625562,0.17745,0.0701187,0.1354,0.076425,0.164087,0.0809062,0.233056,400,0
0,0.5,1,160000,0.0794312,0.211325,0.0911625,0.1752,0.0911437,0.104625,0.0568125,0.1903,400,0
0,0.55,1,0,0.126119,0.124919,0.125575,0.125388,0.124569,0.125056,0.124475,0.1239,400,0
0,0.55,1,1000,0.00283125,0.3526,0.006925,0.252581,0.0366812,0.148681,0.0206875,0.179012,400,0
0,0.55,1,2000,0.00249375,0.373987,0.00601875,0.282394,0.03395,0.115481,0.0194,0.166275,400,0
0,0.55,1,3000,0.00441875,0.368044,0.0117375,0.256512,0.0365562,0.114238,0.0207563,0.187738,400,0
0,0.55,1,5000,0.002075,0.245069,0.00308125,0.466406,0.028325,0.102862,0.0135062,0.138675,400,0
0,0.55,1,7000,0.0540938,0.265056,0.0670625,0.187312,0.0691937,0.126587,0.054875,0.175819,400,0
0,0.55,1,10000,0.0656812,0.134906,0.089325,0.171513,0.0792125,0.171338,0.0695438,0.218481,400,0
0,0.55,1,25000,0.0792313,0.184875,0.0918812,0.151688,0.0961313,0.14305,0.0680812,0.185062,400,0
0,0.55,1,50000,0.0560563,0.152125,0.0732187,0.182388,0.0822,0.149331,0.0837563,0.220925,400,0
0,0.55,1,100000,0.0872688,0.205381,0.0907875,0.149844,0.0999625,0.117825,0.06445,0.184481,400,0
0,0.55,1,160000,0.0741375,0.174894,0.067525,0.159144,0.087,0.168331,0.0673875,0.201581,400,0
0,0.6,1,0,0.124981,0.123525,0.124625,0.125744,0.123869,0.125844,0.125488,0.125925,400,0
0,0.6,1,2000,0.0021125,0.379756,0.00415,0.255681,0.0431625,0.0950625,0.0196875,0.200387,400,1000
0,0.6,1,3000,0.0021125,0.379756,0.00415,0.255681,0.0431625,0.0950625,0.0196875,0.200387,400,1000
0,0.6,1,5000,0.0021125,0.379756,0.00415,0.255681,0.0431625,0.0950625,0.0196875,0.200387,400,1000
0,0.6,1,7000,0.0021125,0.379756,0.00415,0.255681,0.0431625,0.0950625,0.0196875,0.200387,400,1000
0,0.6,1,10000,0.0021125,0.379756,0.00415,0.255681,0.0431625,0.0950625,0.0196875,0.200387,400,1000
0,0.6,1,25000,0.0021125,0.379756,0.00415,0.255681,0.0431625,0.0950625,0.0196875,0.200387,400,1000
0,0.6,1,50000,0.0021125,0.379756,0.00415,0.255681,0.0431625,0.0950625,0.0196875,0.200387,400,1000
0,0.6,1,160000,0.0021125,0.379756,0.00415,0.255681,0.0431625,0.0950625,0.0196875,0.200387,400,1000
0,0.65,1,0,0.124269,0.125369,0.125069,0.124475,0.126331,0.1246,0.125731,0.124156,400,0
0,0.65,1,1000,0.00236875,0.361519,0.004675,0.247363,0.0475563,0.107194,0.0226562,0.206669,400,750
0,0.65,1,2000,0.00236875,0.361519,0.004675,0.247363,0.0475563,0.107194,0.0226562,0.206669,400,750
0,0.65,1,3000,0.00236875,0.361519,0.004675,0.247363,0.0475563,0.107194,0.0226562,0.206669,400,750
0,0.65,1,5000,0.00236875,0.361519,0.004675,0.247363,0.0475563,0.107194,0.0226562,0.206669,400,750
0,0.65,1,7000,0.00236875,0.361519,0.004675,0.247363,0.0475563,0.107194,0.0226562,0.206669,400,750
0,0.65,1,10000,0.00236875,0.361519,0.004675,0.247363,0.0475563,0.107194,0.0226562,0.206669,400,750
0,0.65,1,25000,0.00236875,0.361519,0.004675,0.247363,0.0475563,0.107194,0.0226562,0.206669,400,750
0,0.65,1,50000,0.00236875,0.361519,0.004675,0.247363,0.0475563,0.107194,0.0226562,0.206669,400,750
0,0.65,1,160000,0.00236875,0.361519,0.004675,0.247363,0.0475563,0.107194,0.0226562,0.206669,400,750
0,0.7,1,0,0.125725,0.125681,0.125194,0.124963,0.124206,0.125725,0.125069,0.123438,400,0
0,0.7,1,2000,0.00185,0.365769,0.00435,0.275431,0.0482812,0.0876938,0.0215125,0.195112,400,1000
0,0.7,1,3000,0.00185,0.365769,0.00435,0.275431,0.0482812,0.0876938,0.0215125,0.195112,400,1000
0,0.7,1,5000,0.00185,0.365769,0.00435,0.275431,0.0482812,0.0876938,0.0215125,0.195112,400,1000
0,0.7,1,7000,0.00185,0.365769,0.00435,0.275431,0.0482812,0.0876938,0.0215125,0.195112,400,1000
0,0.7,1,10000,0.00185,0.365769,0.00435,0.275431,0.0482812,0.0876938,0.0215125,0.195112,400,1000
0,0.7,1,25000,0.00185,0.365769,0.00435,0.275431,0.0482812,0.0876938,0.0215125,0.195112,400,1000
0,0.7,1,50000,0.00185,0.365769,0.00435,0.275431,0.0482812,0.0876938,0.0215125,0.195112,400,1000
0,0.7,1,160000,0.00185,0.365769,0.00435,0.275431,0.0482812,0.0876938,0.0215125,0.195112,400,1000
0,0.75,1,0,0.125731,0.125413,0.123444,0.124656,0.125231,0.126413,0.125512,0.1236,400,0
0,0.75,1,2000,0.001725,0.373706,0.0045625,0.234538,0.0528375,0.103281,0.0177687,0.211581,400,1000
0,0.75,1,3000,0.001725,0.373706,0.0045625,0.234538,0.0528375,0.103281,0.0177687,0.211581,400,1000
0,0.75,1,5000,0.001725,0.373706,0.0045625,0.234538,0.0528375,0.103281,0.0177687,0.211581,400,1000
0,0.75,1,7000,0.001725,0.373706,0.0045625,0.234538,0.0528375,0.103281,0.0177687,0.211581,400,1000
0,0.75,1,10000,0.001725,0.373706,0.0045625,0.234538,0.0528375,0.103281,0.0177687,0.211581,400,1000
0,0.75,1,25000,0.001725,0.373706,0.0045625,0.234538,0.0528375,0.103281,0.0177687,0.211581,400,1000
0,0.75,1,50000,0.001725,0.373706,0.0045625,0.234538,0.0528375,0.103281,0.0177687,0.211581,400,1000
0,0.75,1,160000,0.001725,0.373706,0.0045625,0.234538,0.0528375,0.103281,0.0177687,0.211581,400,1000
0,0.8,1,0,0.124725,0.124819,0.125669,0.12375,0.125169,0.12585,0.124419,0.1256,400,0
0,0.8,1,2000,0.0015125,0.398019,0.0061625,0.216144,0.0667125,0.07685,0.01875,0.21585,400,1000
0,0.8,1,3000,0.0015125,0.398019,0.0061625,0.216144,0.0667125,0.07685,0.01875,0.21585,400,1000
0,0.8,1,5000,0.0015125,0.398019,0.0061625,0.216144,0.0667125,0.07685,0.01875,0.21585,400,1000
0,0.8,1,7000,0.0015125,0.398019,0.0061625,0.216144,0.0667125,0.07685,0.01875,0.21585,400,1000
0,0.8,1,10000,0.0015125,0.398019,0.0061625,0.216144,0.0667125,0.07685,0.01875,0.21585,400,1000
0,0.8,1,25000,0.0015125,0.398019,0.0061625,0.216144,0.0667125,0.07685,0.01875,0.21585,400,1000
0,0.8,1,50000,0.0015125,0.398019,0.0061625,0.216144,0.0667125,0.07685,0.01875,0.21585,400,1000
0,0.8,1,160000,0.0015125,0.398019,0.0061625,0.216144,0.0667125,0.07685,0.01875,0.21585,400,1000
0,0.85,1,0,0.1261,0.125206,0.12485,0.123725,0.124944,0.123019,0.126706,0.12545,400,0
0,0.85,1,1000,0.0014375,0.41025,0.0054125,0.211056,0.0608062,0.0848875,0.0183938,0.207756,400,750
0,0.85,1,2000,0.0014375,0.41025,0.0054125,0.211056,0.0608062,0.0848875,0.0183938,0.207756,400,750
0,0.85,1,3000,0.0014375,0.41025,0.0054125,0.211056,0.0608062,0.0848875,0.0183938,0.207756,400,750
0,0.85,1,5000,0.0014375,0.41025,0.0054125,0.211056,0.0608062,0.0848875,0.0183938,0.207756,400,750
0,0.85,1,7000,0.0014375,0.41025,0.0054125,0.211056,0.0608062,0.0848875,0.0183938,0.207756,400,750
0,0.85,1,10000,0.0014375,0.41025,0.0054125,0.211056,0.0608062,0.0848875,0.0183938,0.207756,400,750
0,0.85,1,25000,0.0014375,0.41025,0.0054125,0.211056,0.0608062,0.0848875,0.0183938,0.207756,400,750
0,0.85,1,50000,0.0014375,0.41025,0.0054125,0.211056,0.0608062,0.0848875,0.0183938,0.207756,400,750
0,0.85,1,160000,0.0014375,0.41025,0.0054125,0.211056,0.0608062,0.0848875,0.0183938,0.207756,400,750
0,0.9,1,0,0.126119,0.124569,0.125587,0.125556,0.124412,0.124219,0.124675,0.124863,400,0
0,0.9,1,1000,0.00145,0.428606,0.0052875,0.206481,0.0668875,0.0651812,0.01695,0.209156,400,500
0,0.9,1,2000,0.00145,0.428606,0.0052875,0.206481,0.0668875,0.0651812,0.01695,0.209156,400,500
0,0.9,1,3000,0.00145,0.428606,0.0052875,0.206481,0.0668875,0.0651812,0.01695,0.209156,400,500
0,0.9,1,5000,0.00145,0.428606,0.0052875,0.206481,0.0668875,0.0651812,0.01695,0.209156,400,500
0,0.9,1,7000,0.00145,0.428606,0.0052875,0.206481,0.0668875,0.0651812,0.01695,0.209156,400,500
0,0.9,1,10000,0.00145,0.428606,0.0052875,0.206481,0.0668875,0.0651812,0.01695,0.209156,400,500
0,0.9,1,25000,0.00145,0.428606,0.0052875,0.206481,0.0668875,0.0651812,0.01695,0.209156,400,500
0,0.9,1,50000,0.00145,0.428606,0.0052875,0.206481,0.0668875,0.0651812,0.01695,0.209156,400,500
0,0.9,1,160000,0.00145,0.428606,0.0052875,0.206481,0.0668875,0.0651812,0.01695,0.209156,400,500
0,0.95,1,0,0.124894,0.124794,0.125619,0.123981,0.12595,0.1258,0.124825,0.124137,400,0
0,0.95,1,1000,0.00133125,0.408281,0.0058,0.211487,0.066925,0.0680313,0.016025,0.222119,400,750
0,0.95,1,2000,0.00133125,0.408281,0.0058,0.211487,0.066925,0.0680313,0.016025,0.222119,400,750
0,0.95,1,3000,0.00133125,0.408281,0.0058,0.211487,0.066925,0.0680313,0.016025,0.222119,400,750
0,0.95,1,5000,0.00133125,0.408281,0.0058,0.211487,0.066925,0.0680313,0.016025,0.222119,400,750
0,0.95,1,7000,0.00133125,0.408281,0.0058,0.211487,0.066925,0.0680313,0.016025,0.222119,400,750
0,0.95,1,10000,0.00133125,0.408281,0.0058,0.211487,0.066925,0.0680313,0.016025,0.222119,400,750
0,0.95,1,25000,0.00133125,0.408281,0.0058,0.211487,0.066925,0.0680313,0.016025,0.222119,400,750
0,0.95,1,50000,0.00133125,0.408281,0.0058,0.211487,0.066925,0.0680313,0.016025,0.222119,400,750
0,0.95,1,160000,0.00133125,0.408281,0.0058,0.211487,0.066925,0.0680313,0.016025,0.222119,400,750
0,1,1,0,0.125587,0.125862,0.123481,0.124969,0.124856,0.124694,0.125138,0.125413,400,0
0,1,1,1000,0.00113125,0.431638,0.00435,0.205156,0.066625,0.0636188,0.0155625,0.211919,400,750
0,1,1,2000,0.00113125,0.431638,0.00435,0.205156,0.066625,0.0636188,0.0155625,0.211919,400,750
0,1,1,3000,0.00113125,0.431638,0.00435,0.205156,0.066625,0.0636188,0.0155625,0.211919,400,750
0,1,1,5000,0.00113125,0.431638,0.00435,0.205156,0.066625,0.0636188,0.0155625,0.211919,400,750
0,1,1,7000,0.00113125,0.431638,0.00435,0.205156,0.066625,0.0636188,0.0155625,0.211919,400,750
0,1,1,10000,0.00113125,0.431638,0.00435,0.205156,0.066625,0.0636188,0.0155625,0.211919,400,750
0,1,1,25000,0.00113125,0.431638,0.00435,0.205156,0.066625,0.0636188,0.0155625,0.211919,400,750
0,1,1,50000,0.00113125,0.431638,0.00435,0.205156,0.066625,0.0636188,0.0155625,0.211919,400,750
0,1,1,160000,0.00113125,0.431638,0.00435,0.205156,0.066625,0.0636188,0.0155625,0.211919,400,750
0,0.55,1,0,0.123169,0.125256,0.12615,0.125344,0.124394,0.126337,0.124294,0.125056,400,0
0,0.55,1,1000,0.00695,0.293319,0.00555,0.342244,0.0313875,0.140869,0.0178125,0.161869,400,0
0,0.55,1,2000,0.0136188,0.274456,0.00720625,0.323356,0.0229313,0.112419,0.0211875,0.224825,400,0
0,0.55,1,3000,0.00866875,0.280956,0.01285,0.267781,0.0177812,0.129137,0.0159,0.266925,400,0
0,0.55,1,5000,0.0512,0.194881,0.0570063,0.190312,0.0644,0.172,0.0646125,0.205588,400,0
0,0.55,1,7000,0.0802438,0.21005,0.0866,0.149081,0.0861125,0.117656,0.0773688,0.192887,400,0
0,0.55,1,10000,0.0764125,0.185475,0.0904313,0.165781,0.0945938,0.151425,0.0717125,0.164169,400,0
0,0.55,1,25000,0.0972313,0.152156,0.103344,0.140513,0.100606,0.130387,0.0821438,0.193619,400,0
0,0.55,1,50000,0.0720688,0.193931,0.0645125,0.129537,0.0898125,0.142731,0.0777687,0.229637,400,0
0,0.55,1,100000,0.082175,0.1864,0.0863063,0.155206,0.0783,0.150094,0.0715563,0.189963,400,0
0,0.55,1,160000,0.0891813,0.171175,0.0691188,0.127431,0.0756312,0.135575,0.0731,0.258788,400,0
0,0.6,1,0,0.124512,0.125663,0.124938,0.126,0.123069,0.124438,0.125444,0.125938,400,0
0,0.6,1,1000,0.0023125,0.362825,0.0059125,0.277281,0.0416562,0.098825,0.0209375,0.19025,400,0
0,0.6,1,2000,0.0022375,0.359662,0.0044125,0.285394,0.040875,0.0983375,0.0206687,0.188413,400,1750
0,0.6,1,3000,0.0022375,0.359662,0.0044125,0.285394,0.040875,0.0983375,0.0206687,0.188413,400,1750
0,0.6,1,5000,0.0022375,0.359662,0.0044125,0.285394,0.040875,0.0983375,0.0206687,0.188413,400,1750
0,0.6,1,7000,0.0022375,0.359662,0.0044125,0.285394,0.040875,0.0983375,0.0206687,0.188413,400,1750
0,0.6,1,10000,0.0022375,0.359662,0.0044125,0.285394,0.040875,0.0983375,0.0206687,0.188413,400,1750
0,0.6,1,25000,0.0022375,0.359662,0.0044125,0.285394,0.040875,0.0983375,0.0206687,0.188413,400,1750
0,0.6,1,50000,0.0022375,0.359662,0.0044125,0.285394,0.040875,0.0983375,0.0206687,0.188413,400,1750
0,0.6,1,160000,0.0022375,0.359662,0.0044125,0.285394,0.040875,0.0983375,0.0206687,0.188413,400,1750
0,0.65,1,0,0.124644,0.124844,0.124794,0.124137,0.12455,0.12475,0.126669,0.125612,400,0
0,0.65,1,2000,0.00305,0.344644,0.0030625,0.29705,0.0411625,0.104694,0.0227938,0.183544,400,1000
0,0.65,1,3000,0.00305,0.344644,0.0030625,0.29705,0.0411625,0.104694,0.0227938,0.183544,400,1000
0,0.65,1,5000,0.00305,0.344644,0.0030625,0.29705,0.0411625,0.104694,0.0227938,0.183544,400,1000
0,0.65,1,7000,0.00305,0.344644,0.0030625,0.29705,0.0411625,0.104694,0.0227938,0.183544,400,1000
0,0.65,1,10000,0.00305,0.344644,0.0030625,0.29705,0.0411625,0.104694,0.0227938,0.183544,400,1000
0,0.65,1,25000,0.00305,0.344644,0.0030625,0.29705,0.0411625,0.104694,0.0227938,0.183544,400,1000
0,0.65,1,50000,0.00305,0.344644,0.0030625,0.29705,0.0411625,0.104694,0.0227938,0.183544,400,1000
0,0.65,1,160000,0.00305,0.344644,0.0030625,0.29705,0.0411625,0.104694,0.0227938,0.183544,400,1000
0,0.7,1,0,0.125612,0.125413,0.124588,0.124912,0.124656,0.124375,0.124094,0.12635,400,0
0,0.7,1,1000,0.0021375,0.384556,0.0044625,0.247963,0.0514937,0.0855125,0.02255,0.201325,400,0
0,0.7,1,2000,0.0021375,0.384556,0.0044625,0.247963,0.0514937,0.0855125,0.02255,0.201325,400,1250
0,0.7,1,3000,0.0021375,0.384556,0.0044625,0.247963,0.0514937,0.0855125,0.02255,0.201325,400,1250
0,0.7,1,5000,0.0021375,0.384556,0.0044625,0.247963,0.0514937,0.0855125,0.02255,0.201325,400,1250
0,0.7,1,7000,0.0021375,0.384556,0.0044625,0.247963,0.0514937,0.0855125,0.02255,0.201325,400,1250
0,0.7,1,10000,0.0021375,0.384556,0.0044625,0.247963,0.0514937,0.0855125,0.02255,0.201325,400,1250
0,0.7,1,25000,0.0021375,0.384556,0.0044625,0.247963,0.0514937,0.0855125,0.02255,0.201325,400,1250
0,0.7,1,50000,0.0021375,0.384556,0.0044625,0.247963,0.0514937,0.0855125,0.02255,0.201325,400,1250
0,0.7,1,160000,0.0021375,0.384556,0.0044625,0.247963,0.0514937,0.0855125,0.02255,0.201325,400,1250
0,0.75,1,0,0.124006,0.124669,0.124844,0.125713,0.124588,0.125294,0.126112,0.124775,400,0
0,0.75,1,2000,0.00215625,0.398344,0.0057125,0.228425,0.057825,0.0819125,0.0204875,0.205138,400,1000
0,0.75,1,3000,0.00215625,0.398344,0.0057125,0.228425,0.057825,0.0819125,0.0204875,0.205138,400,1000
0,0.75,1,5000,0.00215625,0.398344,0.0057125,0.228425,0.057825,0.0819125,0.0204875,0.205138,400,1000
0,0.75,1,7000,0.00215625,0.398344,0.0057125,0.228425,0.057825,0.0819125,0.0204875,0.205138,400,1000
0,0.75,1,10000,0.00215625,0.398344,0.0057125,0.228425,0.057825,0.0819125,0.0204875,0.205138,400,1000
0,0.75,1,25000,0.00215625,0.398344,0.0057125,0.228425,0.057825,0.0819125,0.0204875,0.205138,400,1000
0,0.75,1,50000,0.00215625,0.398344,0.0057125,0.228425,0.057825,0.0819125,0.0204875,0.205138,400,1000
0,0.75,1,160000,0.00215625,0.398344,0.0057125,0.228425,0.057825,0.0819125,0.0204875,0.205138,400,1000
0,0.8,1,0,0.125869,0.125325,0.1234,0.125362,0.123688,0.12615,0.124875,0.125331,400,0
0,0.8,1,1000,0.00161875,0.407481,0.00498125,0.211594,0.0609312,0.0844312,0.0194938,0.209469,400,500
0,0.8,1,2000,0.00161875,0.407481,0.00498125,0.211594,0.0609312,0.0844312,0.0194938,0.209469,400,500
0,0.8,1,3000,0.00161875,0.407481,0.00498125,0.211594,0.0609312,0.0844312,0.0194938,0.209469,400,500
0,0.8,1,5000,0.00161875,0.407481,0.00498125,0.211594,0.0609312,0.0844312,0.0194938,0.209469,400,500
0,0.8,1,7000,0.00161875,0.407481,0.00498125,0.211594,0.0609312,0.0844312,0.0194938,0.209469,400,500
0,0.8,1,10000,0.00161875,0.407481,0.00498125,0.211594,0.0609312,0.0844312,0.0194938,0.209469,400,500
0,0.8,1,25000,0.00161875,0.407481,0.00498125,0.211594,0.0609312,0.0844312,0.0194938,0.209469,400,500
0,0.8,1,50000,0.00161875,0.407481,0.00498125,0.211594,0.0609312,0.0844312,0.0194938,0.209469,400,500
0,0.8,1,160000,0.00161875,0.407481,0.00498125,0.211594,0.0609312,0.0844312,0.0194938,0.209469,400,500
0,0.85,1,0,0.124537,0.125444,0.124906,0.124963,0.125938,0.124994,0.1242,0.125019,400,0
0,0.85,1,1000,0.0017,0.392288,0.00501875,0.231944,0.0550375,0.087475,0.0175688,0.208969,400,750
0,0.85,1,2000,0.0017,0.392288,0.00501875,0.231944,0.0550375,0.087475,0.0175688,0.208969,400,750
0,0.85,1,3000,0.0017,0.392288,0.00501875,0.231944,0.0550375,0.087475,0.0175688,0.208969,400,750
0,0.85,1,5000,0.0017,0.392288,0.00501875,0.231944,0.0550375,0.087475,0.0175688,0.208969,400,750
0,0.85,1,7000,0.0017,0.392288,0.00501875,0.231944,0.0550375,0.087475,0.0175688,0.208969,400,750
0,0.85,1,10000,0.0017,0.392288,0.00501875,0.231944,0.0550375,0.087475,0.0175688,0.208969,400,750
0,0.85,1,25000,0.0017,0.392288,0.00501875,0.231944,0.0550375,0.087475,0.0175688,0.208969,400,750
0,0.85,1,50000,0.0017,0.392288,0.00501875,0.231944,0.0550375,0.087475,0.0175688,0.208969,400,750
0,0.85,1,160000,0.0017,0.392288,0.00501875,0.231944,0.0550375,0.087475,0.0175688,0.208969,400,750
0,0.9,1,0,0.1252,0.126669,0.124262,0.124831,0.124256,0.124825,0.125069,0.124887,400,0
0,0.9,1,1000,0.0018375,0.416137,0.005825,0.20355,0.0618438,0.0744,0.0199688,0.216438,400,500
0,0.9,1,2000,0.0018375,0.416137,0.005825,0.20355,0.0618438,0.0744,0.0199688,0.216438,400,500
0,0.9,1,3000,0.0018375,0.416137,0.005825,0.20355,0.0618438,0.0744,0.0199688,0.216438,400,500
0,0.9,1,5000,0.0018375,0.416137,0.005825,0.20355,0.0618438,0.0744,0.0199688,0.216438,400,500
0,0.9,1,7000,0.0018375,0.416137,0.005825,0.20355,0.0618438,0.0744,0.0199688,0.216438,400,500
0,0.9,1,10000,0.0018375,0.416137,0.005825,0.20355,0.0618438,0.0744,0.0199688,0.216438,400,500
0,0.9,1,25000,0.0018375,0.416137,0.005825,0.20355,0.0618438,0.0744,0.0199688,0.216438,400,500
0,0.9,1,50000,0.0018375,0.416137,0.005825,0.20355,0.0618438,0.0744,0.0199688,0.216438,400,500
0,0.9,1,160000,0.0018375,0.416137,0.005825,0.20355,0.0618438,0.0744,0.0199688,0.216438,400,500
0,0.95,1,0,0.125044,0.125444,0.124131,0.123231,0.125969,0.125787,0.125369,0.125025,400,0
0,0.95,1,1000,0.0013375,0.413625,0.00443125,0.227425,0.0641937,0.0658563,0.0161125,0.207019,400,750
0,0.95,1,2000,0.0013375,0.413625,0.00443125,0.227425,0.0641937,0.0658563,0.0161125,0.207019,400,750
0,0.95,1,3000,0.0013375,0.413625,0.00443125,0.227425,0.0641937,0.0658563,0.0161125,0.207019,400,750
0,0.95,1,5000,0.0013375,0.413625,0.00443125,0.227425,0.0641937,0.0658563,0.0161125,0.207019,400,750
0,0.95,1,7000,0.0013375,0.413625,0.00443125,0.227425,0.0641937,0.0658563,0.0161125,0.207019,400,750
0,0.95,1,10000,0.0013375,0.413625,0.00443125,0.227425,0.0641937,0.0658563,0.0161125,0.207019,400,750
0,0.95,1,25000,0.0013375,0.413625,0.00443125,0.227425,0.0641937,0.0658563,0.0161125,0.207019,400,750
0,0.95,1,50000,0.0013375,0.413625,0.00443125,0.227425,0.0641937,0.0658563,0.0161125,0.207019,400,750
0,0.95,1,160000,0.0013375,0.413625,0.00443125,0.227425,0.0641937,0.0658563,0.0161125,0.207019,400,750
0,1,1,0,0.125537,0.124825,0.1262,0.122725,0.124838,0.124938,0.125612,0.125325,400,0
0,1,1,1000,0.00120625,0.414419,0.004875,0.213056,0.0699313,0.0708938,0.0155187,0.2101,400,750
0,1,1,2000,0.00120625,0.414419,0.004875,0.213056,0.0699313,0.0708938,0.0155187,0.2101,400,750
0,1,1,3000,0.00120625,0.414419,0.004875,0.213056,0.0699313,0.0708938,0.0155187,0.2101,400,750
0,1,1,5000,0.00120625,0.414419,0.004875,0.213056,0.0699313,0.0708938,0.0155187,0.2101,400,750
0,1,1,7000,0.00120625,0.414419,0.004875,0.213056,0.0699313,0.0708938,0.0155187,0.2101,400,750
0,1,1,10000,0.00120625,0.414419,0.004875,0.213056,0.0699313,0.0708938,0.0155187,0.2101,400,750
0,1,1,25000,0.00120625,0.414419,0.004875,0.213056,0.0699313,0.0708938,0.0155187,0.2101,400,750
0,1,1,50000,0.00120625,0.414419,0.004875,0.213056,0.0699313,0.0708938,0.0155187,0.2101,400,750
0,1,1,160000,0.00120625,0.414419,0.004875,0.213056,0.0699313,0.0708938,0.0155187,0.2101,400,750
0.05,0,1,0,0.125344,0.126087,0.124781,0.124475,0.126413,0.124206,0.123419,0.125275,400,0
0.05,0,1,1000,0.142394,0.112837,0.135713,0.105075,0.119531,0.120819,0.125625,0.138006,400,0
0.05,0,1,2000,0.125262,0.127306,0.11655,0.134694,0.112769,0.117244,0.13395,0.132225,400,0
0.05,0,1,3000,0.130631,0.135756,0.133206,0.119269,0.12535,0.101663,0.117413,0.136712,400,0
0.05,0,1,5000,0.12935,0.128294,0.1508,0.1186,0.120894,0.118575,0.103731,0.129756,400,0
0.05,0,1,7000,0.113325,0.116806,0.132981,0.139031,0.127294,0.124813,0.1254,0.12035,400,0
0.05,0,1,10000,0.142881,0.136181,0.126594,0.107881,0.111906,0.126056,0.119012,0.129488,400,0
0.05,0,1,25000,0.129587,0.111531,0.1276,0.114431,0.110381,0.129488,0.133969,0.143012,400,0
0.05,0,1,50000,0.1207,0.112456,0.107819,0.145525,0.1487,0.121775,0.130594,0.112431,400,0
0.05,0,1,100000,0.120625,0.144869,0.123569,0.126512,0.120813,0.120669,0.126887,0.116056,400,0
0.05,0,1,160000,0.131106,0.116931,0.114919,0.118444,0.119712,0.118169,0.123338,0.157381,400,0
0.05,0,1,0,0.124369,0.125169,0.125594,0.124088,0.124088,0.124306,0.126169,0.126219,400,0
0.05,0,1,1000,0.116131,0.137475,0.127037,0.144256,0.125025,0.11855,0.114619,0.116906,400,0
0.05,0,1,2000,0.130387,0.1254,0.106469,0.116237,0.146787,0.135713,0.118444,0.120563,400,0
0.05,0,1,3000,0.155556,0.13215,0.157125,0.120875,0.108244,0.0876375,0.106588,0.131825,400,0
0.05,0,1,5000,0.119894,0.134331,0.151,0.119012,0.117044,0.122806,0.122419,0.113494,400,0
0.05,0,1,7000,0.128056,0.120788,0.126425,0.121031,0.133538,0.116513,0.119075,0.134575,400,0
0.05,0,1,10000,0.119606,0.132475,0.1192,0.136006,0.134844,0.117869,0.125869,0.114131,400,0
0.05,0,1,25000,0.136931,0.143012,0.114363,0.087275,0.0994125,0.11765,0.140788,0.160569,400,0
0.05,0,1,50000,0.104288,0.131919,0.115781,0.130425,0.143962,0.128356,0.11685,0.128419,400,0
0.05,0,1,100000,0.111412,0.133444,0.13025,0.132644,0.142863,0.122531,0.114375,0.112481,400,0
0.05,0,1,160000,0.141088,0.131131,0.145638,0.1103,0.128894,0.113769,0.110156,0.119025,400,0
0.05,0.05,1,0,0.124306,0.125444,0.1255,0.124012,0.125112,0.126037,0.12545,0.124137,400,0
0.05,0.05,1,1000,0.105756,0.148906,0.124475,0.146913,0.121463,0.110238,0.113044,0.129206,400,0
0.05,0.05,1,2000,0.106575,0.154575,0.114019,0.145631,0.1169,0.129256,0.114775,0.118269,400,0
0.05,0.05,1,3000,0.117356,0.152463,0.117669,0.129812,0.117013,0.119956,0.120212,0.125519,400,0
0.05,0.05,1,5000,0.118075,0.148187,0.112562,0.128719,0.119425,0.113381,0.115719,0.143931,400,0
0.05,0.05,1,7000,0.100131,0.118431,0.11655,0.148469,0.138494,0.134875,0.138712,0.104337,400,0
0.05,0.05,1,10000,0.115156,0.134587,0.121294,0.13895,0.120669,0.124631,0.120956,0.123756,400,0
0.05,0.05,1,25000,0.111369,0.154675,0.111631,0.141275,0.129244,0.125575,0.10295,0.123281,400,0
0.05,0.05,1,50000,0.106188,0.134831,0.117013,0.13015,0.11395,0.149344,0.106944,0.141581,400,0
0.05,0.05,1,100000,0.112856,0.139375,0.130806,0.135281,0.125844,0.123563,0.10635,0.125925,400,0
0.05,0.05,1,160000,0.116894,0.117163,0.121281,0.131087,0.125769,0.1232,0.134881,0.129725,400,0
0.05,0.05,1,0,0.125469,0.1257,0.124756,0.125575,0.125156,0.124925,0.124188,0.124231,400,0
0.05,0.05,1,1000,0.118981,0.133719,0.116638,0.136181,0.121231,0.123213,0.124706,0.125331,400,0
0.05,0.05,1,2000,0.109731,0.1393,0.118806,0.149519,0.129306,0.115663,0.1212,0.116475,400,0
0.05,0.05,1,3000,0.115119,0.1616,0.144275,0.12495,0.096075,0.120394,0.111975,0.125612,400,0
0.05,0.05,1,5000,0.123494,0.125062,0.102044,0.136369,0.122037,0.124831,0.122394,0.143769,400,0
0.05,0.05,1,7000,0.123169,0.137931,0.116625,0.124719,0.11105,0.129619,0.109731,0.147156,400,0
0.05,0.05,1,10000,0.1155,0.1436,0.124481,0.129919,0.105475,0.130319,0.114788,0.135919,400,0
0.05,0.05,1,25000,0.118688,0.139487,0.11975,0.13395,0.116081,0.126531,0.118188,0.127325,400,0
0.05,0.05,1,50000,0.120425,0.130825,0.11345,0.123231,0.103575,0.129056,0.139212,0.140225,400,0
0.05,0.05,1,100000,0.128969,0.126806,0.112075,0.125825,0.109269,0.140969,0.128206,0.127881,400,0
0.05,0.05,1,160000,0.114319,0.125681,0.114437,0.134206,0.116788,0.143662,0.127775,0.123131,400,0
0.05,0.1,1,0,0.125875,0.124713,0.124512,0.126787,0.125181,0.124325,0.123887,0.124719,400,0
0.05,0.1,1,1000,0.0955687,0.16615,0.113425,0.138531,0.117575,0.119762,0.111806,0.137181,400,0
0.05,0.1,1,2000,0.109856,0.137275,0.120631,0.153463,0.117013,0.113469,0.111969,0.136325,400,0
0.05,0.1,1,3000,0.101019,0.172575,0.114988,0.151994,0.13055,0.100538,0.0959187,0.132419,400,0
0.05,0.1,1,5000,0.095775,0.143419,0.108719,0.138806,0.126837,0.120906,0.124688,0.14085,400,0
0.05,0.1,1,7000,0.124244,0.126663,0.104362,0.132975,0.128913,0.118188,0.116706,0.14795,400,0
0.05,0.1,1,10000,0.1026,0.125525,0.0902063,0.140088,0.119612,0.129044,0.129194,0.163731,400,0
0.05,0.1,1,25000,0.114956,0.1618,0.122369,0.135575,0.121081,0.115781,0.103225,0.125213,400,0
0.05,0.1,1,50000,0.131513,0.155794,0.117644,0.149419,0.111731,0.117619,0.10175,0.114531,400,0
0.05,0.1,1,100000,0.106094,0.130406,0.104669,0.13895,0.140313,0.133612,0.115744,0.130213,400,0
0.05,0.1,1,160000,0.100056,0.132481,0.103462,0.136137,0.120994,0.130844,0.140019,0.136006,400,0
0.05,0.1,1,0,0.126244,0.123719,0.123931,0.125188,0.125269,0.1247,0.125419,0.125531,400,0
0.05,0.1,1,1000,0.103688,0.152294,0.110669,0.129419,0.120556,0.127981,0.129019,0.126375,400,0
0.05,0.1,1,2000,0.103619,0.123075,0.0987937,0.11575,0.12285,0.1317,0.131925,0.172288,400,0
0.05,0.1,1,3000,0.117394,0.142137,0.09795,0.1359,0.0998312,0.134531,0.128206,0.14405,400,0
0.05,0.1,1,5000,0.105188,0.152625,0.123819,0.151694,0.105419,0.122531,0.106319,0.132406,400,0
0.05,0.1,1,7000,0.110506,0.133281,0.13805,0.131019,0.12815,0.123631,0.120038,0.115325,400,0
0.05,0.1,1,10000,0.117862,0.136225,0.107994,0.13735,0.1155,0.135544,0.1219,0.127625,400,0
0.05,0.1,1,25000,0.116031,0.159981,0.1163,0.133112,0.116125,0.114575,0.108988,0.134887,400,0
0.05,0.1,1,50000,0.109531,0.142531,0.109675,0.128362,0.128431,0.121931,0.1147,0.144838,400,0
0.05,0.1,1,100000,0.130819,0.147888,0.109869,0.120444,0.106906,0.117069,0.121569,0.145437,400,0
0.05,0.1,1,160000,0.104394,0.158263,0.122506,0.148325,0.111588,0.131769,0.102856,0.1203,400,0
0.05,0.15,1,0,0.124394,0.125431,0.125675,0.125312,0.125294,0.125419,0.124681,0.123794,400,0
0.05,0.15,1,1000,0.095375,0.1404,0.103637,0.150894,0.125419,0.136362,0.107912,0.14,400,0
0.05,0.15,1,2000,0.107031,0.132031,0.112088,0.133775,0.118413,0.123713,0.142538,0.130412,400,0
0.05,0.15,1,3000,0.10225,0.165256,0.118894,0.133463,0.117406,0.111131,0.10875,0.14285,400,0
0.05,0.15,1,5000,0.0978375,0.140175,0.114456,0.141644,0.121175,0.118269,0.128225,0.138219,400,0
0.05,0.15,1,7000,0.107213,0.158075,0.113075,0.1325,0.131612,0.116062,0.1029,0.138563,400,0
0.05,0.15,1,10000,0.110369,0.160194,0.125919,0.129362,0.116862,0.105969,0.088625,0.1627,400,0
0.05,0.15,1,25000,0.101013,0.152444,0.120275,0.122544,0.108494,0.119294,0.12465,0.151287,400,0
0.05,0.15,1,50000,0.104125,0.13925,0.101375,0.146638,0.131931,0.121044,0.118981,0.136656,400,0
0.05,0.15,1,100000,0.0957125,0.142231,0.0784,0.124313,0.1355,0.130837,0.1496,0.143406,400,0
0.05,0.15,1,160000,0.103175,0.149244,0.129438,0.131519,0.103362,0.138887,0.1029,0.141475,400,0
0.05,0.15,1,0,0.125106,0.126406,0.124694,0.125663,0.123869,0.124469,0.124731,0.125062,400,0
0.05,0.15,1,1000,0.0984437,0.180144,0.101794,0.120487,0.111575,0.1116,0.123594,0.152363,400,0
0.05,0.15,1,2000,0.0970125,0.130806,0.0857375,0.130513,0.138288,0.1301,0.1393,0.148244,400,0
0.05,0.15,1,3000,0.103006,0.166119,0.106213,0.121281,0.116788,0.104294,0.105294,0.177006,400,0
0.05,0.15,1,5000,0.100937,0.147456,0.107381,0.15925,0.120369,0.134994,0.096775,0.132837,400,0
0.05,0.15,1,7000,0.0971375,0.143525,0.0963813,0.132456,0.120275,0.129881,0.117831,0.162513,400,0
0.05,0.15,1,10000,0.114513,0.153956,0.120737,0.141369,0.117256,0.104556,0.106919,0.140694,400,0
0.05,0.15,1,25000,0.119825,0.14625,0.0945125,0.114425,0.114369,0.123738,0.120406,0.166475,400,0
0.05,0.15,1,50000,0.0828563,0.123438,0.109562,0.1337,0.148194,0.136875,0.127444,0.137931,400,0
0.05,0.15,1,100000,0.112781,0.149506,0.0980687,0.128513,0.135925,0.129381,0.112025,0.1338,400,0
0.05,0.15,1,160000,0.101737,0.130988,0.115344,0.14085,0.121487,0.135294,0.123369,0.130931,400,0
0.05,0.2,1,0,0.125256,0.125875,0.125231,0.125337,0.125225,0.123606,0.124631,0.124838,400,0
0.05,0.2,1,1000,0.0959875,0.17875,0.102375,0.1412,0.106088,0.112263,0.108969,0.154369,400,0
0.05,0.2,1,2000,0.106531,0.175675,0.0983312,0.120131,0.108975,0.139119,0.109231,0.142006,400,0
0.05,0.2,1,3000,0.120331,0.159594,0.118269,0.171975,0.129862,0.106387,0.0786562,0.114925,400,0
0.05,0.2,1,5000,0.100263,0.172019,0.109344,0.144306,0.106325,0.11545,0.100656,0.151638,400,0
0.05,0.2,1,7000,0.0976812,0.138225,0.0973563,0.142325,0.123725,0.136119,0.119987,0.144581,400,0
0.05,0.2,1,10000,0.109894,0.167731,0.10685,0.126287,0.101669,0.120919,0.121881,0.144769,400,0
0.05,0.2,1,25000,0.120975,0.166431,0.125119,0.1394,0.123463,0.0865188,0.0889,0.149194,400,0
0.05,0.2,1,50000,0.0905563,0.129587,0.113419,0.17665,0.121244,0.145775,0.109425,0.113344,400,0
0.05,0.2,1,100000,0.129594,0.175869,0.0776625,0.0992563,0.09725,0.108025,0.132144,0.1802,400,0
0.05,0.2,1,160000,0.124181,0.172788,0.0970375,0.139144,0.114087,0.110669,0.112156,0.129938,400,0
0.05,0.2,1,0,0.124463,0.124156,0.124825,0.124344,0.125894,0.126131,0.126375,0.123813,400,0
0.05,0.2,1,1000,0.0956812,0.163612,0.100919,0.138788,0.12615,0.1168,0.113706,0.144344,400,0
0.05,0.2,1,2000,0.114869,0.159144,0.123838,0.152819,0.1148,0.114388,0.107606,0.112537,400,0
0.05,0.2,1,3000,0.110819,0.144231,0.11345,0.130894,0.114244,0.126944,0.110544,0.148875,400,0
0.05,0.2,1,5000,0.0986,0.159969,0.116681,0.142875,0.128194,0.126806,0.0899438,0.136931,400,0
0.05,0.2,1,7000,0.105494,0.20415,0.102344,0.152731,0.0909875,0.107156,0.101163,0.135975,400,0
0.05,0.2,1,10000,0.111981,0.178838,0.104987,0.138238,0.111287,0.10475,0.109581,0.140338,400,0
0.05,0.2,1,25000,0.077725,0.133606,0.106662,0.154981,0.138706,0.150462,0.126294,0.111562,400,0
0.05,0.2,1,50000,0.0984875,0.169319,0.09275,0.131544,0.112687,0.104744,0.112481,0.177987,400,0
0.05,0.2,1,100000,0.107825,0.154312,0.128719,0.134275,0.121425,0.119006,0.0966562,0.137781,400,0
0.05,0.2,1,160000,0.0944625,0.147962,0.110431,0.152231,0.111419,0.114575,0.105637,0.163281,400,0
0.05,0.25,1,0,0.124844,0.124181,0.125906,0.1245,0.125475,0.124725,0.124956,0.125413,400,0
0.05,0.25,1,1000,0.0879188,0.138006,0.105825,0.157044,0.128513,0.118294,0.1082,0.1562,400,0
0.05,0.25,1,2000,0.107463,0.157681,0.113206,0.136769,0.1007,0.130719,0.104744,0.148719,400,0
0.05,0.25,1,3000,0.115437,0.134144,0.083875,0.107506,0.102094,0.124875,0.13575,0.196319,400,0
0.05,0.25,1,5000,0.105119,0.148381,0.106256,0.132912,0.123106,0.12465,0.125606,0.133969,400,0
0.05,0.25,1,7000,0.0806875,0.161744,0.110094,0.121856,0.113287,0.125944,0.112937,0.17345,400,0
0.05,0.25,1,10000,0.101362,0.166719,0.1163,0.122012,0.115462,0.128137,0.101781,0.148225,400,0
0.05,0.25,1,25000,0.0689812,0.119212,0.0947063,0.160562,0.149012,0.152519,0.130188,0.124819,400,0
0.05,0.25,1,50000,0.101431,0.167625,0.104731,0.113837,0.111444,0.119881,0.10805,0.173,400,0
0.05,0.25,1,100000,0.100081,0.136475,0.102844,0.153262,0.133069,0.123225,0.109494,0.14155,400,0
0.05,0.25,1,160000,0.10985,0.13685,0.093625,0.143025,0.125919,0.127056,0.113069,0.150606,400,0
0.05,0.25,1,0,0.125238,0.123856,0.125213,0.124662,0.1246,0.125031,0.126325,0.125075,400,0
0.05,0.25,1,1000,0.114013,0.160556,0.10235,0.106194,0.09745,0.118644,0.1192,0.181594,400,0
0.05,0.25,1,2000,0.106375,0.162412,0.0976125,0.144669,0.103431,0.110819,0.100356,0.174325,400,0
0.05,0.25,1,3000,0.0905563,0.169281,0.107644,0.1405,0.120869,0.106137,0.125362,0.13965,400,0
0.05,0.25,1,5000,0.0964312,0.133575,0.0974938,0.107037,0.119419,0.145556,0.138712,0.161775,400,0
0.05,0.25,1,7000,0.116312,0.179413,0.115437,0.127112,0.125556,0.101625,0.0897813,0.144762,400,0
0.05,0.25,1,10000,0.104938,0.15335,0.089675,0.128731,0.103606,0.123975,0.113856,0.181869,400,0
0.05,0.25,1,25000,0.10805,0.173656,0.0938313,0.139231,0.0977813,0.13035,0.11705,0.14005,400,0
0.05,0.25,1,50000,0.103775,0.175969,0.110031,0.114581,0.119288,0.106175,0.106175,0.164006,400,0
0.05,0.25,1,100000,0.1005,0.135169,0.0997688,0.129856,0.0998312,0.1298,0.138988,0.166087,400,0
0.05,0.25,1,160000,0.0961875,0.162488,0.100181,0.137444,0.1236,0.102506,0.116487,0.161106,400,0
0.05,0.3,1,0,0.125456,0.125163,0.125219,0.124375,0.1259,0.124944,0.123869,0.125075,400,0
0.05,0.3,1,1000,0.124194,0.171181,0.113019,0.114744,0.113206,0.105356,0.101806,0.156494,400,0
0.05,0.3,1,2000,0.119144,0.185119,0.110519,0.1402,0.103663,0.0831313,0.087825,0.1704,400,0
0.05,0.3,1,3000,0.0869687,0.132594,0.0951562,0.138006,0.118844,0.145331,0.109713,0.173387,400,0
0.05,0.3,1,5000,0.0856937,0.139387,0.101688,0.120506,0.144419,0.167875,0.0999562,0.140475,400,0
0.05,0.3,1,7000,0.110988,0.169575,0.106362,0.116362,0.115212,0.0906312,0.1087,0.182169,400,0
0.05,0.3,1,10000,0.0852938,0.159312,0.114687,0.1231,0.129481,0.134563,0.103831,0.149731,400,0
0.05,0.3,1,25000,0.0821063,0.155975,0.10395,0.150156,0.116275,0.111463,0.104369,0.175706,400,0
0.05,0.3,1,50000,0.125606,0.170313,0.102669,0.111975,0.108262,0.105181,0.114731,0.161263,400,0
0.05,0.3,1,100000,0.091325,0.172244,0.105544,0.150562,0.121156,0.109756,0.103237,0.146175,400,0
0.05,0.3,1,160000,0.0993437,0.148537,0.102881,0.145631,0.109544,0.125731,0.0980375,0.170294,400,0
0.05,0.3,1,0,0.1253,0.123981,0.125244,0.124938,0.126319,0.124675,0.124944,0.1246,400,0
0.05,0.3,1,1000,0.114013,0.122162,0.0886125,0.129625,0.145381,0.119925,0.121413,0.158869,400,0
0.05,0.3,1,2000,0.0951875,0.14205,0.103744,0.14085,0.134206,0.134219,0.107706,0.142038,400,0
0.05,0.3,1,3000,0.0820188,0.1504,0.136819,0.139,0.116587,0.129044,0.104387,0.141744,400,0
0.05,0.3,1,5000,0.103837,0.151006,0.0992688,0.151631,0.132362,0.112575,0.101612,0.147706,400,0
0.05,0.3,1,7000,0.107431,0.176356,0.0994312,0.121619,0.0980437,0.121044,0.110294,0.165781,400,0
0.05,0.3,1,10000,0.119519,0.131581,0.0951,0.134488,0.114988,0.133738,0.112494,0.158094,400,0
0.05,0.3,1,25000,0.0921938,0.170425,0.110806,0.131325,0.123144,0.105869,0.108769,0.157469,400,0
0.05,0.3,1,50000,0.0972375,0.160325,0.109456,0.152587,0.111,0.125975,0.1091,0.134319,400,0
0.05,0.3,1,100000,0.113763,0.118769,0.0874313,0.1208,0.120788,0.117325,0.127969,0.193156,400,0
0.05,0.3,1,160000,0.0940187,0.170531,0.103313,0.126381,0.102875,0.101612,0.125756,0.175512,400,0
0.05,0.35,1,0,0.125844,0.1242,0.125062,0.124169,0.125669,0.125481,0.124394,0.125181,400,0
0.05,0.35,1,1000,0.083975,0.1705,0.111956,0.124075,0.106612,0.108169,0.136969,0.157744,400,0
0.05,0.35,1,2000,0.101138,0.151331,0.0866125,0.112937,0.121044,0.116431,0.108338,0.202169,400,0
0.05,0.35,1,3000,0.121438,0.17085,0.12945,0.127219,0.116425,0.118225,0.0977125,0.118681,400,0
0.05,0.35,1,5000,0.126294,0.195219,0.121963,0.113131,0.107131,0.0943625,0.0943062,0.147594,400,0
0.05,0.35,1,7000,0.1213,0.189413,0.0941812,0.125875,0.111481,0.0932625,0.09495,0.169538,400,0
0.05,0.35,1,10000,0.110931,0.177375,0.120669,0.135281,0.102875,0.111344,0.097075,0.14445,400,0
0.05,0.35,1,25000,0.112062,0.159431,0.106269,0.105963,0.115363,0.115081,0.100437,0.185394,400,0
0.05,0.35,1,50000,0.114281,0.153969,0.0953375,0.11345,0.117469,0.11105,0.120175,0.174269,400,0
0.05,0.35,1,100000,0.103438,0.138919,0.103987,0.130688,0.113525,0.137937,0.117325,0.154181,400,0
0.05,0.35,1,160000,0.0936188,0.157919,0.101288,0.121631,0.116225,0.108625,0.131044,0.16965,400,0
0.05,0.35,1,0,0.126006,0.126281,0.124644,0.123425,0.123931,0.1257,0.12525,0.124762,400,0
0.05,0.35,1,1000,0.0948313,0.133394,0.0765813,0.146125,0.117237,0.137056,0.122912,0.171863,400,0
0.05,0.35,1,2000,0.0859188,0.163619,0.1232,0.128631,0.134225,0.118925,0.0990812,0.1464,400,0
0.05,0.35,1,3000,0.103406,0.139769,0.0918125,0.120012,0.115025,0.137931,0.112475,0.179569,400,0
0.05,0.35,1,5000,0.0989625,0.154631,0.101594,0.118837,0.126444,0.1041,0.120762,0.174669,400,0
0.05,0.35,1,7000,0.111144,0.200081,0.131213,0.113494,0.109781,0.0860125,0.10565,0.142625,400,0
0.05,0.35,1,10000,0.11415,0.151188,0.0796063,0.127963,0.111037,0.130019,0.111412,0.174625,400,0
0.05,0.35,1,25000,0.0938937,0.166794,0.0946562,0.149194,0.126894,0.105737,0.123194,0.139637,400,0
0.05,0.35,1,50000,0.113225,0.188794,0.105325,0.117431,0.118956,0.100869,0.101562,0.153837,400,0
0.05,0.35,1,100000,0.0922625,0.157869,0.112613,0.119788,0.137656,0.106987,0.104419,0.168406,400,0
0.05,0.35,1,160000,0.0674562,0.163225,0.131175,0.122775,0.144425,0.130788,0.108094,0.132062,400,0
0.05,0.4,1,0,0.125194,0.126131,0.12345,0.12475,0.125431,0.125356,0.125144,0.124544,400,0
0.05,0.4,1,1000,0.0856125,0.140725,0.116569,0.170381,0.117544,0.134238,0.0849188,0.150012,400,0
0.05,0.4,1,2000,0.1299,0.1714,0.0994562,0.109775,0.107756,0.0948187,0.103994,0.1829,400,0
0.05,0.4,1,3000,0.123512,0.190919,0.0998813,0.129862,0.1364,0.0811313,0.106331,0.131963,400,0
0.05,0.4,1,5000,0.0993938,0.189006,0.11355,0.132188,0.0974375,0.0971812,0.107438,0.163806,400,0
0.05,0.4,1,7000,0.0883875,0.159606,0.128881,0.152188,0.135437,0.089675,0.115681,0.130144,400,0
0.05,0.4,1,10000,0.111225,0.142669,0.110363,0.104862,0.141538,0.0999125,0.136781,0.15265,400,0
0.05,0.4,1,25000,0.0959875,0.173719,0.111613,0.128006,0.114212,0.106038,0.1208,0.149625,400,0
0.05,0.4,1,50000,0.110969,0.177869,0.109256,0.114025,0.112294,0.0859937,0.117288,0.172306,400,0
0.05,0.4,1,100000,0.119394,0.175363,0.104931,0.106012,0.1164,0.0987438,0.1161,0.163056,400,0
0.05,0.4,1,160000,0.111769,0.151125,0.103181,0.112331,0.121506,0.118887,0.124856,0.156344,400,0
0.05,0.4,1,0,0.125575,0.125431,0.123919,0.124581,0.125744,0.125138,0.124656,0.124956,400,0
0.05,0.4,1,1000,0.111825,0.19775,0.103606,0.113725,0.135644,0.103431,0.0985313,0.135488,400,0
0.05,0.4,1,2000,0.093475,0.154969,0.133906,0.127806,0.136669,0.0974125,0.124225,0.131538,400,0
0.05,0.4,1,3000,0.107825,0.181562,0.104419,0.0984687,0.1126,0.106544,0.104469,0.184113,400,0
0.05,0.4,1,5000,0.125931,0.158519,0.102769,0.132706,0.136025,0.0958688,0.095925,0.152256,400,0
0.05,0.4,1,7000,0.109562,0.134894,0.125463,0.137281,0.133119,0.0935125,0.129519,0.13665,400,0
0.05,0.4,1,10000,0.123681,0.147456,0.103744,0.100138,0.116219,0.101956,0.115431,0.191375,400,0
0.05,0.4,1,25000,0.0941562,0.160763,0.1067,0.16335,0.118663,0.0976125,0.112956,0.1458,400,0
0.05,0.4,1,50000,0.0941875,0.179194,0.123444,0.109844,0.116531,0.10435,0.115388,0.157062,400,0
0.05,0.4,1,100000,0.102875,0.161306,0.120425,0.162406,0.134031,0.0844875,0.110037,0.124431,400,0
0.05,0.4,1,160000,0.102688,0.131994,0.11255,0.130412,0.106506,0.116769,0.137231,0.16185,400,0
0.05,0.45,1,0,0.1234,0.125581,0.124456,0.125081,0.12545,0.124863,0.124806,0.126362,400,0
0.05,0.45,1,1000,0.078025,0.121688,0.110956,0.131881,0.139106,0.118656,0.130569,0.169119,400,0
0.05,0.45,1,2000,0.120813,0.155612,0.0952875,0.124125,0.141694,0.0902562,0.0996563,0.172556,400,0
0.05,0.45,1,3000,0.108825,0.141962,0.120325,0.126131,0.133763,0.0875438,0.118769,0.162681,400,0
0.05,0.45,1,5000,0.0903687,0.154519,0.12505,0.111581,0.135325,0.09955,0.127044,0.156562,400,0
0.05,0.45,1,7000,0.120644,0.16625,0.143406,0.126512,0.114825,0.0818,0.107381,0.139181,400,0
0.05,0.45,1,10000,0.132194,0.185494,0.119656,0.112988,0.119819,0.074325,0.106525,0.149,400,0
0.05,0.45,1,25000,0.124244,0.139869,0.1076,0.122862,0.123525,0.0797563,0.12885,0.173294,400,0
0.05,0.45,1,50000,0.117981,0.134831,0.131844,0.120237,0.135075,0.0974938,0.13055,0.131988,400,0
0.05,0.45,1,100000,0.116856,0.141931,0.135956,0.120094,0.134775,0.0992688,0.120944,0.130175,400,0
0.05,0.45,1,160000,0.111287,0.1451,0.112294,0.103781,0.136869,0.0899125,0.109238,0.191519,400,0
0.05,0.45,1,0,0.125619,0.123444,0.124969,0.125694,0.125944,0.1242,0.125719,0.124412,400,0
0.05,0.45,1,1000,0.143744,0.155638,0.117525,0.104825,0.121306,0.0729125,0.0923625,0.191688,400,0
0.05,0.45,1,2000,0.104594,0.155213,0.125881,0.124756,0.1296,0.113144,0.117188,0.129625,400,0
0.05,0.45,1,3000,0.127688,0.175262,0.11065,0.144788,0.1344,0.08755,0.0908063,0.128856,400,0
0.05,0.45,1,5000,0.108588,0.129688,0.121869,0.1369,0.114044,0.086925,0.117288,0.1847,400,0
0.05,0.45,1,7000,0.0979312,0.157188,0.134275,0.105325,0.149287,0.101062,0.115138,0.139794,400,0
0.05,0.45,1,10000,0.08225,0.149,0.108613,0.137975,0.138725,0.114413,0.121131,0.147894,400,0
0.05,0.45,1,25000,0.103519,0.179306,0.105088,0.116431,0.131538,0.0925563,0.108294,0.163269,400,0
0.05,0.45,1,50000,0.103144,0.160337,0.118275,0.115631,0.14055,0.0843813,0.100987,0.176694,400,0
0.05,0.45,1,100000,0.105981,0.157381,0.0938875,0.107819,0.118013,0.126494,0.12085,0.169575,400,0
0.05,0.45,1,160000,0.1293,0.146925,0.108244,0.110062,0.102731,0.111075,0.129794,0.161869,400,0
0.05,0.5,1,0,0.123469,0.125531,0.125381,0.125825,0.12375,0.125694,0.125306,0.125044,400,0
0.05,0.5,1,1000,0.111863,0.161969,0.106369,0.122175,0.120556,0.0856813,0.104275,0.187112,400,0
0.05,0.5,1,2000,0.111456,0.148863,0.116544,0.123406,0.134769,0.108637,0.122262,0.134063,400,0
0.05,0.5,1,3000,0.118462,0.143175,0.120669,0.109475,0.124725,0.0970125,0.147119,0.139363,400,0
0.05,0.5,1,5000,0.113569,0.161087,0.11605,0.130706,0.132662,0.0687375,0.137162,0.140025,400,0
0.05,0.5,1,7000,0.123144,0.201869,0.122931,0.0957438,0.116206,0.0630938,0.116612,0.1604,400,0
0.05,0.5,1,10000,0.113569,0.144069,0.124,0.0902938,0.143256,0.0766938,0.145331,0.162788,400,0
0.05,0.5,1,25000,0.11375,0.1701,0.119956,0.134181,0.146844,0.09195,0.114644,0.108575,400,0
0.05,0.5,1,50000,0.105713,0.146256,0.140525,0.129069,0.15585,0.08195,0.116244,0.124394,400,0
0.05,0.5,1,100000,0.116225,0.179619,0.1206,0.0974813,0.130731,0.0797375,0.130488,0.145119,400,0
0.05,0.5,1,160000,0.0975188,0.161488,0.118837,0.124275,0.115025,0.0859812,0.1223,0.174575,400,0
0.05,0.5,1,0,0.125444,0.125375,0.126438,0.125569,0.123944,0.123544,0.125206,0.124481,400,0
0.05,0.5,1,1000,0.114225,0.173487,0.11515,0.152812,0.120675,0.082725,0.0965188,0.144406,400,0
0.05,0.5,1,2000,0.10515,0.147006,0.142412,0.110225,0.143388,0.1093,0.116019,0.1265,400,0
0.05,0.5,1,3000,0.126312,0.135506,0.134788,0.0922375,0.164213,0.0698437,0.118737,0.158362,400,0
0.05,0.5,1,5000,0.111412,0.158725,0.124125,0.148106,0.131769,0.0718437,0.104838,0.149181,400,0
0.05,0.5,1,7000,0.114594,0.169831,0.140275,0.137344,0.150694,0.0822813,0.0952812,0.1097,400,0
0.05,0.5,1,10000,0.100163,0.169981,0.132562,0.112256,0.116481,0.0850687,0.137712,0.145775,400,0
0.05,0.5,1,25000,0.116837,0.180163,0.139681,0.120325,0.124481,0.0643125,0.100419,0.153781,400,0
0.05,0.5,1,50000,0.133112,0.126163,0.102619,0.103663,0.133925,0.08915,0.128531,0.182837,400,0
0.05,0.5,1,100000,0.122012,0.162375,0.117538,0.134313,0.152312,0.0504312,0.114319,0.1467,400,0
0.05,0.5,1,160000,0.106875,0.158719,0.138481,0.113475,0.129056,0.0723063,0.1313,0.149787,400,0
0.05,0.55,1,0,0.125888,0.124438,0.124488,0.125562,0.1251,0.124269,0.125537,0.124719,400,0
0.05,0.55,1,1000,0.112256,0.197081,0.13695,0.118906,0.117369,0.069975,0.0803313,0.167131,400,0
0.05,0.55,1,2000,0.140244,0.179144,0.122306,0.103813,0.132844,0.05175,0.114069,0.155831,400,0
0.05,0.55,1,3000,0.118762,0.17125,0.12365,0.124425,0.14605,0.0775875,0.110806,0.127469,400,0
0.05,0.55,1,5000,0.110312,0.162225,0.119413,0.119087,0.14675,0.0617562,0.136563,0.143894,400,0
0.05,0.55,1,7000,0.135463,0.166575,0.134637,0.0951687,0.153194,0.0604125,0.137362,0.117188,400,0
0.05,0.55,1,10000,0.153231,0.130875,0.136719,0.0902,0.164119,0.0426687,0.145556,0.136631,400,0
0.05,0.55,1,25000,0.122444,0.127181,0.126413,0.109613,0.181062,0.064675,0.121519,0.147094,400,0
0.05,0.55,1,50000,0.139031,0.1388,0.127781,0.0948125,0.14145,0.061575,0.121806,0.174744,400,0
0.05,0.55,1,100000,0.141581,0.141137,0.144244,0.106237,0.137738,0.0345937,0.137231,0.157238,400,0
0.05,0.55,1,160000,0.149056,0.1549,0.158181,0.0927375,0.1575,0.0321938,0.142706,0.112725,400,0
0.05,0.55,1,0,0.124813,0.12605,0.124844,0.125488,0.124863,0.12525,0.1247,0.123994,400,0
0.05,0.55,1,1000,0.11,0.162688,0.128194,0.106281,0.14695,0.082875,0.112244,0.150769,400,0
0.05,0.55,1,2000,0.107994,0.158244,0.14075,0.106963,0.15105,0.0673813,0.118194,0.149425,400,0
0.05,0.55,1,3000,0.123231,0.139563,0.135313,0.0950312,0.168131,0.0609562,0.127094,0.150681,400,0
0.05,0.55,1,5000,0.131387,0.1469,0.149088,0.101,0.170119,0.0509375,0.113031,0.137538,400,0
0.05,0.55,1,7000,0.139881,0.14585,0.15625,0.100212,0.18595,0.036925,0.125738,0.109194,400,0
0.05,0.55,1,10000,0.139594,0.1548,0.142706,0.115269,0.157681,0.0488688,0.121581,0.1195,400,0
0.05,0.55,1,25000,0.122287,0.181569,0.128312,0.1381,0.154931,0.0583437,0.105737,0.110719,400,0
0.05,0.55,1,50000,0.127112,0.169881,0.124475,0.0825875,0.122519,0.0587125,0.147037,0.167675,400,0
0.05,0.55,1,100000,0.126488,0.136331,0.128844,0.0995,0.170994,0.0596438,0.141113,0.137088,400,0
0.05,0.55,1,160000,0.120063,0.161956,0.121756,0.080325,0.159931,0.0817188,0.120675,0.153575,400,0
0.05,0.6,1,0,0.124769,0.124113,0.1248,0.123863,0.126194,0.123637,0.125738,0.126887,400,0
0.05,0.6,1,1000,0.11725,0.191869,0.11195,0.131831,0.136375,0.065,0.0957875,0.149938,400,0
0.05,0.6,1,2000,0.130831,0.152837,0.145712,0.1028,0.186831,0.0411062,0.128431,0.11145,400,0
0.05,0.6,1,3000,0.135981,0.169637,0.163844,0.099325,0.140237,0.0396125,0.123494,0.127869,400,0
0.05,0.6,1,5000,0.137625,0.153287,0.149194,0.112256,0.187956,0.0381812,0.1111,0.1104,400,0
0.05,0.6,1,7000,0.127925,0.153494,0.123994,0.101169,0.154306,0.0436563,0.1514,0.144056,400,0
0.05,0.6,1,10000,0.138981,0.148006,0.148394,0.0781437,0.172794,0.055175,0.127663,0.130844,400,0
0.05,0.6,1,25000,0.165056,0.143962,0.177262,0.0697437,0.184956,0,0.157131,0.101888,400,0
0.05,0.6,1,50000,0.153888,0.150913,0.165925,0.059225,0.212588,0,0.175356,0.0821063,400,0
0.05,0.6,1,100000,0.161425,0.151338,0.168244,0.0612125,0.183269,0,0.152969,0.121544,400,0
0.05,0.6,1,160000,0.185094,0.145775,0.184506,0.076375,0.162881,0,0.150663,0.0947063,400,0
0.05,0.6,1,0,0.12555,0.124425,0.125231,0.124025,0.125275,0.124838,0.125131,0.125525,400,0
0.05,0.6,1,1000,0.102781,0.149381,0.112381,0.139794,0.121319,0.0875062,0.1035,0.183337,400,0
0.05,0.6,1,2000,0.1435,0.182644,0.128856,0.0940875,0.144881,0.0542562,0.108875,0.1429,400,0
0.05,0.6,1,3000,0.103762,0.147544,0.154656,0.133313,0.149262,0.064275,0.122956,0.124231,400,0
0.05,0.6,1,5000,0.123969,0.175131,0.162806,0.106869,0.127362,0.0546688,0.134581,0.114613,400,0
0.05,0.6,1,7000,0.115587,0.163288,0.154394,0.101538,0.151694,0.0535062,0.130125,0.129869,400,0
0.05,0.6,1,10000,0.147381,0.197725,0.129356,0.0999687,0.163662,0.0331125,0.116956,0.111838,400,0
0.05,0.6,1,25000,0.125475,0.152863,0.132775,0.0990625,0.190131,0.0218312,0.139206,0.138656,400,0
0.05,0.6,1,50000,0.144256,0.147269,0.149069,0.0880438,0.206806,0.0123313,0.143863,0.108363,400,0
0.05,0.6,1,100000,0.129525,0.155862,0.1544,0.096375,0.201881,0.0219312,0.131419,0.108606,400,0
0.05,0.6,1,160000,0.157488,0.146144,0.143038,0.0867562,0.168088,0.0318875,0.150069,0.116531,400,0
0.05,0.65,1,0,0.126556,0.124463,0.125519,0.126506,0.123675,0.125306,0.123706,0.124269,400,0
0.05,0.65,1,1000,0.108025,0.151925,0.126994,0.117237,0.139544,0.0972188,0.102025,0.157031,400,0
0.05,0.65,1,2000,0.134937,0.202412,0.142506,0.0987438,0.136481,0.043925,0.104625,0.136369,400,0
0.05,0.65,1,3000,0.130256,0.152294,0.1467,0.09315,0.159969,0.02335,0.152019,0.142262,400,0
0.05,0.65,1,5000,0.171588,0.143644,0.160837,0.0879438,0.158356,0.0107937,0.133306,0.133531,400,0
0.05,0.65,1,7000,0.149925,0.174162,0.1517,0.0864687,0.169781,0.0194,0.120212,0.12835,400,0
0.05,0.65,1,10000,0.166031,0.148663,0.16645,0.101694,0.180062,0.0057625,0.12755,0.103788,400,0
0.05,0.65,1,25000,0.153381,0.156394,0.166337,0.081025,0.187794,0,0.16405,0.0910187,400,0
0.05,0.65,1,50000,0.16315,0.145063,0.133644,0.0737625,0.226337,0,0.150338,0.107706,400,0
0.05,0.65,1,100000,0.167462,0.156431,0.161475,0.09275,0.161062,0,0.150269,0.11055,400,0
0.05,0.65,1,160000,0.1619,0.157881,0.165144,0.0785312,0.190469,0,0.147388,0.0986875,400,0
0.05,0.65,1,0,0.124488,0.124287,0.125106,0.124925,0.126731,0.124988,0.124181,0.125294,400,0
0.05,0.65,1,1000,0.120675,0.163669,0.105206,0.105775,0.140813,0.0747938,0.113625,0.175444,400,0
0.05,0.65,1,2000,0.132162,0.155188,0.127087,0.117656,0.153569,0.0370813,0.122081,0.155175,400,0
0.05,0.65,1,3000,0.134319,0.156463,0.1294,0.0980562,0.155075,0.0403937,0.128,0.158294,400,0
0.05,0.65,1,5000,0.154438,0.164437,0.135563,0.0764563,0.185781,0.0246187,0.141606,0.1171,400,0
0.05,0.65,1,7000,0.156362,0.1694,0.155544,0.089575,0.188744,0.004325,0.149294,0.0867562,400,0
0.05,0.65,1,10000,0.182706,0.134519,0.14985,0.0837563,0.189344,0,0.148306,0.111519,400,0
0.05,0.65,1,25000,0.173762,0.166831,0.167094,0.0695188,0.1973,0,0.123594,0.1019,400,0
0.05,0.65,1,50000,0.172069,0.173425,0.149094,0.0944688,0.170487,0,0.131625,0.108831,400,0
0.05,0.65,1,100000,0.155025,0.147625,0.150863,0.0710063,0.239694,0,0.138112,0.097675,400,0
0.05,0.65,1,160000,0.1702,0.162181,0.147806,0.0669,0.199269,0,0.149175,0.104469,400,0
0.05,0.7,1,0,0.124681,0.125719,0.126612,0.124,0.124906,0.124044,0.125262,0.124775,400,0
0.05,0.7,1,1000,0.103875,0.211863,0.135619,0.135606,0.139987,0.0368875,0.100819,0.135344,400,0
0.05,0.7,1,2000,0.143244,0.190213,0.147469,0.101925,0.153081,0.0199187,0.130387,0.113763,400,0
0.05,0.7,1,3000,0.145913,0.165181,0.163269,0.0839562,0.162038,0.0108125,0.13425,0.134581,400,0
0.05,0.7,1,5000,0.160419,0.157525,0.144556,0.107525,0.162706,0,0.154469,0.1128,400,0
0.05,0.7,1,7000,0.155881,0.169744,0.16525,0.0784688,0.196844,0,0.138019,0.0957937,400,0
0.05,0.7,1,10000,0.161238,0.1661,0.163606,0.0900062,0.171475,0,0.138856,0.108719,400,0
0.05,0.7,1,25000,0.155794,0.165887,0.172987,0.0876125,0.176506,0,0.139544,0.101669,400,0
0.05,0.7,1,50000,0.163775,0.161369,0.144906,0.100112,0.180269,0,0.132875,0.116694,400,0
0.05,0.7,1,100000,0.1477,0.175919,0.171437,0.0953313,0.18005,0,0.141256,0.0883063,400,0
0.05,0.7,1,160000,0.19165,0.154644,0.1435,0.0787937,0.192319,0,0.136975,0.102119,400,0
0.05,0.7,1,0,0.125531,0.124106,0.124912,0.1235,0.125956,0.124331,0.124988,0.126675,400,0
0.05,0.7,1,1000,0.114631,0.182119,0.111562,0.116831,0.138313,0.0607875,0.118606,0.15715,400,0
0.05,0.7,1,2000,0.129894,0.182938,0.142113,0.102081,0.16285,0.0234625,0.11945,0.137212,400,0
0.05,0.7,1,3000,0.139181,0.179944,0.135513,0.100737,0.1616,0.0269,0.131025,0.1251,400,0
0.05,0.7,1,5000,0.167125,0.168675,0.145613,0.0776625,0.1778,0.004475,0.152544,0.106106,400,0
0.05,0.7,1,7000,0.1678,0.163831,0.172194,0.0811875,0.166775,0,0.1468,0.101413,400,0
0.05,0.7,1,10000,0.1563,0.164006,0.181369,0.0751125,0.184406,0,0.133887,0.104919,400,0
0.05,0.7,1,25000,0.153675,0.136106,0.1686,0.0919062,0.194381,0,0.145975,0.109356,400,0
0.05,0.7,1,50000,0.163031,0.150119,0.152544,0.0874875,0.191219,0,0.1436,0.112,400,0
0.05,0.7,1,100000,0.177756,0.172806,0.159781,0.0656687,0.196281,0,0.1141,0.113606,400,0
0.05,0.7,1,160000,0.170106,0.157988,0.168269,0.0736125,0.156713,0,0.140844,0.132469,400,0
0.05,0.75,1,0,0.126131,0.125694,0.124644,0.124481,0.124863,0.126206,0.124369,0.123613,400,0
0.05,0.75,1,1000,0.110637,0.199288,0.107644,0.119837,0.1319,0.0501125,0.0998312,0.18075,400,0
0.05,0.75,1,2000,0.141906,0.177037,0.141356,0.0910438,0.157544,0.0117687,0.144206,0.135137,400,0
0.05,0.75,1,3000,0.159694,0.155894,0.151169,0.100862,0.194087,0,0.124131,0.114163,400,0
0.05,0.75,1,5000,0.143313,0.189875,0.161831,0.0912875,0.182725,0,0.116206,0.114763,400,0
0.05,0.75,1,7000,0.140431,0.179875,0.153706,0.114431,0.1857,0,0.133019,0.0928375,400,0
0.05,0.75,1,10000,0.152888,0.186,0.171706,0.0845812,0.166806,0,0.135637,0.102381,400,0
0.05,0.75,1,25000,0.1469,0.166006,0.159544,0.115175,0.178056,0,0.106831,0.127488,400,0
0.05,0.75,1,50000,0.135175,0.173456,0.159825,0.0826563,0.158594,0,0.150675,0.139619,400,0
0.05,0.75,1,100000,0.1761,0.154012,0.162169,0.0988125,0.170937,0,0.131144,0.106825,400,0
0.05,0.75,1,160000,0.1399,0.185413,0.141369,0.0840625,0.225625,0,0.133344,0.0902875,400,0
0.05,0.75,1,0,0.125244,0.125394,0.125131,0.125306,0.124644,0.124919,0.1256,0.123762,400,0
0.05,0.75,1,1000,0.122119,0.178169,0.12395,0.116669,0.1531,0.0529437,0.117487,0.135563,400,0
0.05,0.75,1,2000,0.1399,0.162325,0.15155,0.0954125,0.185425,0.0143562,0.116531,0.1345,400,0
0.05,0.75,1,3000,0.133469,0.185175,0.143669,0.08065,0.167912,0.0034625,0.162225,0.123438,400,0
0.05,0.75,1,5000,0.151519,0.166225,0.153225,0.087675,0.188087,0,0.126481,0.126787,400,0
0.05,0.75,1,7000,0.159112,0.1592,0.134837,0.0943375,0.22605,0,0.119438,0.107025,400,0
0.05,0.75,1,10000,0.149406,0.166819,0.153963,0.094,0.195969,0,0.135744,0.1041,400,0
0.05,0.75,1,25000,0.152113,0.162269,0.163106,0.09595,0.191906,0,0.130188,0.104469,400,0
0.05,0.75,1,50000,0.139263,0.175194,0.159188,0.0726125,0.194131,0,0.152587,0.107025,400,0
0.05,0.75,1,100000,0.156919,0.178138,0.150456,0.0839188,0.166912,0,0.130081,0.133575,400,0
0.05,0.75,1,160000,0.150481,0.179037,0.1662,0.0898125,0.161019,0,0.130056,0.123394,400,0
0.05,0.8,1,0,0.1257,0.125381,0.124806,0.125287,0.12485,0.124981,0.124881,0.124113,400,0
0.05,0.8,1,1000,0.0967313,0.197544,0.122444,0.128188,0.137731,0.0704625,0.107875,0.139025,400,0
0.05,0.8,1,2000,0.1197,0.184756,0.153181,0.1112,0.163137,0.0114625,0.128594,0.127969,400,0
0.05,0.8,1,3000,0.149969,0.182762,0.148619,0.0791625,0.181975,0,0.139975,0.117538,400,0
0.05,0.8,1,5000,0.158825,0.182712,0.149056,0.0762937,0.183156,0,0.135106,0.11485,400,0
0.05,0.8,1,7000,0.138937,0.1855,0.152325,0.0857563,0.2011,0,0.126438,0.109944,400,0
0.05,0.8,1,10000,0.144244,0.186713,0.146925,0.0811875,0.199831,0,0.117919,0.123181,400,0
0.05,0.8,1,25000,0.140569,0.173619,0.181806,0.089975,0.1583,0,0.132794,0.122938,400,0
0.05,0.8,1,50000,0.151844,0.179388,0.147225,0.0819813,0.182156,0,0.129663,0.127744,400,0
0.05,0.8,1,100000,0.162156,0.180825,0.144563,0.107675,0.1534,0,0.118737,0.132644,400,0
0.05,0.8,1,160000,0.139387,0.210363,0.154944,0.0923313,0.159263,0,0.126094,0.117619,400,0
0.05,0.8,1,0,0.125062,0.1242,0.124637,0.124044,0.125581,0.126175,0.125337,0.124963,400,0
0.05,0.8,1,1000,0.119619,0.197625,0.127806,0.131094,0.113488,0.0604937,0.09055,0.159325,400,0
0.05,0.8,1,2000,0.142344,0.198006,0.1632,0.0900875,0.150838,0.0107563,0.121963,0.122806,400,0
0.05,0.8,1,3000,0.142794,0.191131,0.160188,0.0838938,0.151663,0.00125625,0.124363,0.144712,400,0
0.05,0.8,1,5000,0.147,0.164794,0.139244,0.0928937,0.193081,0,0.143838,0.11915,400,0
0.05,0.8,1,7000,0.151638,0.167956,0.143744,0.0966812,0.211331,0,0.113225,0.115425,400,0
0.05,0.8,1,10000,0.160094,0.202625,0.145106,0.074025,0.177388,0,0.121056,0.119706,400,0
0.05,0.8,1,25000,0.147937,0.189463,0.149244,0.0825937,0.199362,0,0.125713,0.105688,400,0
0.05,0.8,1,50000,0.144306,0.17185,0.1598,0.0844875,0.181725,0,0.127394,0.130438,400,0
0.05,0.8,1,100000,0.147663,0.176369,0.160219,0.0902938,0.167375,0,0.1419,0.116181,400,0
0.05,0.8,1,160000,0.158756,0.177869,0.162556,0.104369,0.165369,0,0.114825,0.116256,400,0
0.05,0.85,1,0,0.1258,0.1239,0.123631,0.12435,0.126719,0.124825,0.12595,0.124825,400,0
0.05,0.85,1,1000,0.114556,0.207681,0.120525,0.124194,0.122769,0.042275,0.103994,0.164006,400,0
0.05,0.85,1,2000,0.1305,0.18135,0.146262,0.112381,0.179106,0.001925,0.12105,0.127425,400,0
0.05,0.85,1,3000,0.118394,0.177512,0.170331,0.0939187,0.175212,0.00134375,0.134425,0.128862,400,0
0.05,0.85,1,5000,0.1453,0.196031,0.141863,0.101587,0.163231,0,0.125612,0.126375,400,0
0.05,0.85,1,7000,0.158956,0.184081,0.170969,0.0957875,0.146306,0,0.1129,0.131,400,0
0.05,0.85,1,10000,0.143575,0.198194,0.158319,0.0921875,0.168044,0,0.120244,0.119438,400,0
0.05,0.85,1,25000,0.156512,0.188112,0.152644,0.0927188,0.18755,0,0.104794,0.117669,400,0
0.05,0.85,1,50000,0.146131,0.182425,0.147537,0.0903812,0.180856,0,0.133687,0.118981,400,0
0.05,0.85,1,100000,0.139088,0.177787,0.1467,0.102919,0.168606,0,0.117619,0.147281,400,0
0.05,0.85,1,160000,0.13795,0.193525,0.152512,0.0738687,0.188806,0,0.135575,0.117763,400,0
0.05,0.85,1,0,0.124738,0.125469,0.12545,0.1248,0.125438,0.124931,0.125188,0.123988,400,0
0.05,0.85,1,1000,0.113394,0.20125,0.130819,0.125375,0.153337,0.048325,0.0906875,0.136813,400,0
0.05,0.85,1,2000,0.140231,0.192144,0.156231,0.104819,0.157869,0.00573125,0.129387,0.113587,400,0
0.05,0.85,1,3000,0.1534,0.193919,0.152262,0.0832438,0.179169,2.5e-05,0.113587,0.124394,400,0
0.05,0.85,1,5000,0.150106,0.206038,0.135837,0.0934375,0.182987,0,0.102681,0.128913,400,0
0.05,0.85,1,7000,0.1357,0.186337,0.156262,0.0924313,0.184762,0,0.114044,0.130463,400,0
0.05,0.85,1,10000,0.139544,0.188219,0.141119,0.0785187,0.181681,0,0.133975,0.136944,400,0
0.05,0.85,1,25000,0.142925,0.195294,0.145725,0.0981937,0.176975,0,0.1147,0.126188,400,0
0.05,0.85,1,50000,0.138281,0.17875,0.147813,0.098875,0.180644,0,0.1159,0.139737,400,0
0.05,0.85,1,100000,0.128619,0.204606,0.160625,0.0944938,0.170325,0,0.122787,0.118544,400,0
0.05,0.85,1,160000,0.1452,0.18265,0.146556,0.0940062,0.159306,0,0.1279,0.144381,400,0
0.05,0.9,1,0,0.122944,0.126381,0.125713,0.124519,0.125663,0.123844,0.123975,0.126963,400,0
0.05,0.9,1,1000,0.0996,0.1912,0.108919,0.13025,0.15105,0.0550625,0.098825,0.165094,400,0
0.05,0.9,1,2000,0.144481,0.199356,0.145031,0.0973875,0.152463,0.00685,0.112488,0.141944,400,0
0.05,0.9,1,3000,0.144613,0.191781,0.1481,0.092975,0.157281,0,0.113975,0.151275,400,0
0.05,0.9,1,5000,0.138575,0.175944,0.145056,0.0890813,0.187188,0,0.1281,0.136056,400,0
0.05,0.9,1,7000,0.140006,0.176344,0.150425,0.116788,0.167075,0,0.119087,0.130275,400,0
0.05,0.9,1,10000,0.133194,0.182606,0.143025,0.141769,0.182138,0,0.0966625,0.120606,400,0
0.05,0.9,1,25000,0.145119,0.229488,0.1458,0.0970875,0.14535,0,0.11285,0.124306,400,0
0.05,0.9,1,50000,0.138125,0.212406,0.135162,0.0846812,0.1888,0,0.121181,0.119644,400,0
0.05,0.9,1,100000,0.147237,0.21695,0.134875,0.0876187,0.159369,0,0.120131,0.133819,400,0
0.05,0.9,1,160000,0.149537,0.193906,0.136169,0.109937,0.167431,0,0.105281,0.137738,400,0
0.05,0.9,1,0,0.126694,0.124275,0.125556,0.124275,0.123912,0.125537,0.125169,0.124581,400,0
0.05,0.9,1,1000,0.128312,0.2102,0.113531,0.128375,0.111125,0.04825,0.0909937,0.169212,400,0
0.05,0.9,1,2000,0.140712,0.219156,0.127963,0.0885813,0.174563,0.00231875,0.107369,0.139338,400,0
0.05,0.9,1,3000,0.126075,0.189537,0.137325,0.115962,0.169675,0,0.115781,0.145644,400,0
0.05,0.9,1,5000,0.130688,0.223669,0.160856,0.117763,0.141613,0,0.0874937,0.137919,400,0
0.05,0.9,1,7000,0.136187,0.205375,0.154769,0.0932625,0.168869,0,0.121925,0.119612,400,0
0.05,0.9,1,10000,0.128106,0.187025,0.1558,0.107231,0.175244,0,0.114925,0.131669,400,0
0.05,0.9,1,25000,0.138169,0.175888,0.149331,0.1043,0.1726,0,0.120069,0.139644,400,0
0.05,0.9,1,50000,0.125587,0.212081,0.143556,0.0812062,0.176481,0,0.134031,0.127056,400,0
0.05,0.9,1,100000,0.1381,0.183481,0.135506,0.10655,0.178706,0,0.0992563,0.1584,400,0
0.05,0.9,1,160000,0.12945,0.202644,0.144219,0.0903125,0.169556,0,0.1247,0.139119,400,0
0.05,0.95,1,0,0.125444,0.124731,0.12405,0.124838,0.124481,0.125419,0.126056,0.124981,400,0
0.05,0.95,1,1000,0.088425,0.214713,0.108769,0.117456,0.112562,0.063225,0.0955375,0.199313,400,0
0.05,0.95,1,2000,0.13095,0.211406,0.141375,0.0946125,0.158069,0.0033875,0.106537,0.153663,400,0
0.05,0.95,1,3000,0.122994,0.228675,0.141056,0.0905125,0.157587,0.000875,0.124162,0.134137,400,0
0.05,0.95,1,5000,0.1253,0.220219,0.137544,0.10255,0.18565,0,0.108806,0.119931,400,0
0.05,0.95,1,7000,0.139131,0.218944,0.147237,0.107838,0.158362,0,0.101081,0.127406,400,0
0.05,0.95,1,10000,0.132062,0.221406,0.140725,0.0926625,0.154456,0,0.119294,0.139394,400,0
0.05,0.95,1,25000,0.110131,0.200813,0.135269,0.107262,0.190306,0,0.111194,0.145025,400,0
0.05,0.95,1,50000,0.139594,0.200988,0.139319,0.103069,0.165519,0,0.105706,0.145806,400,0
0.05,0.95,1,100000,0.148775,0.218944,0.126337,0.102269,0.141725,0,0.110394,0.151556,400,0
0.05,0.95,1,160000,0.135538,0.194738,0.135513,0.100294,0.177512,0,0.1262,0.130206,400,0
0.05,0.95,1,0,0.124869,0.124287,0.124537,0.125975,0.12535,0.125625,0.123725,0.125631,400,0
0.05,0.95,1,1000,0.103313,0.2251,0.1138,0.122012,0.132225,0.0453625,0.0973688,0.160819,400,0
0.05,0.95,1,2000,0.128244,0.199919,0.136588,0.0978125,0.169112,0.00424375,0.107275,0.156806,400,0
0.05,0.95,1,3000,0.117487,0.213344,0.122625,0.122081,0.173363,0.0018125,0.113744,0.135544,400,0
0.05,0.95,1,5000,0.113994,0.218294,0.120713,0.1111,0.202319,0,0.102138,0.131444,400,0
0.05,0.95,1,7000,0.132544,0.214131,0.133931,0.1127,0.18495,0,0.103663,0.118081,400,0
0.05,0.95,1,10000,0.129144,0.216125,0.1225,0.105825,0.153694,0,0.114256,0.158456,400,0
0.05,0.95,1,25000,0.127175,0.190469,0.141356,0.097325,0.15845,0,0.121656,0.163569,400,0
0.05,0.95,1,50000,0.124669,0.203319,0.154969,0.0901,0.173387,0,0.1085,0.145056,400,0
0.05,0.95,1,100000,0.131125,0.215969,0.143981,0.0858875,0.153888,0,0.132481,0.136669,400,0
0.05,0.95,1,160000,0.125619,0.189306,0.135463,0.110231,0.1972,0,0.100406,0.141775,400,0
0.05,1,1,0,0.125963,0.124588,0.125094,0.124525,0.124563,0.125844,0.124313,0.125112,400,0
0.05,1,1,1000,0.109831,0.214756,0.113681,0.131775,0.12975,0.0258437,0.0892,0.185163,400,0
0.05,1,1,2000,0.125925,0.220469,0.124825,0.113681,0.160738,0.00243125,0.101237,0.150694,400,0
0.05,1,1,3000,0.10635,0.210769,0.129256,0.105663,0.166819,0,0.115413,0.165731,400,0
0.05,1,1,5000,0.1273,0.206162,0.118544,0.101619,0.169144,0,0.106563,0.170669,400,0
0.05,1,1,7000,0.134137,0.216613,0.133269,0.0944,0.156262,0,0.101881,0.163438,400,0
0.05,1,1,10000,0.132819,0.217913,0.140775,0.0924688,0.157281,0,0.101525,0.157219,400,0
0.05,1,1,25000,0.127294,0.21305,0.132444,0.109238,0.152169,0,0.0990375,0.166769,400,0
0.05,1,1,50000,0.132431,0.219238,0.139219,0.0802125,0.154656,0,0.109406,0.164837,400,0
0.05,1,1,100000,0.132806,0.217781,0.149406,0.089225,0.180237,0,0.0982125,0.132331,400,0
0.05,1,1,160000,0.125669,0.220119,0.129375,0.104288,0.178519,0,0.106194,0.135837,400,0
0.05,1,1,0,0.124594,0.124931,0.126631,0.125238,0.125056,0.125688,0.12315,0.124713,400,0
0.05,1,1,1000,0.104244,0.209588,0.109225,0.131506,0.12865,0.034825,0.0892562,0.192706,400,0
0.05,1,1,2000,0.1283,0.223738,0.140487,0.0948,0.162181,0.00040625,0.100444,0.149644,400,0
0.05,1,1,3000,0.133175,0.213762,0.132213,0.110675,0.163763,0,0.09925,0.147163,400,0
0.05,1,1,5000,0.124887,0.211225,0.141831,0.109631,0.174987,0,0.110544,0.126894,400,0
0.05,1,1,7000,0.127406,0.224331,0.149562,0.110975,0.151863,0,0.100237,0.135625,400,0
0.05,1,1,10000,0.123231,0.2252,0.136481,0.117625,0.153144,0,0.108325,0.135994,400,0
0.05,1,1,25000,0.138625,0.191925,0.1279,0.106725,0.169681,0,0.116337,0.148806,400,0
0.05,1,1,50000,0.137412,0.2013,0.138275,0.0935813,0.148181,0,0.122131,0.159119,400,0
0.05,1,1,100000,0.133775,0.242025,0.134275,0.100744,0.171212,0,0.09135,0.126619,400,0
0.05,1,1,160000,0.131038,0.224825,0.146613,0.0862312,0.154587,0,0.128037,0.128669,400,0
0.1,0,1,0,0.125219,0.125675,0.124869,0.125225,0.123406,0.124175,0.126206,0.125225,400,0
0.1,0,1,1000,0.113687,0.118719,0.126456,0.1364,0.126044,0.123444,0.135344,0.119906,400,0
0.1,0,1,2000,0.128144,0.131431,0.121894,0.110894,0.1356,0.113113,0.121369,0.137556,400,0
0.1,0,1,3000,0.117456,0.1273,0.161969,0.133581,0.114175,0.099725,0.116675,0.129119,400,0
0.1,0,1,5000,0.107375,0.105725,0.132481,0.134494,0.134731,0.146019,0.1293,0.109875,400,0
0.1,0,1,7000,0.119144,0.105069,0.129694,0.143038,0.118069,0.125331,0.132844,0.126812,400,0
0.1,0,1,10000,0.148706,0.119987,0.115663,0.116706,0.138094,0.123738,0.120844,0.116263,400,0
0.1,0,1,25000,0.152675,0.140269,0.117538,0.124088,0.109594,0.114994,0.114962,0.125881,400,0
0.1,0,1,50000,0.115888,0.1183,0.133206,0.1208,0.137288,0.12835,0.1186,0.127569,400,0
0.1,0,1,100000,0.124037,0.116169,0.104131,0.120994,0.131344,0.1388,0.143012,0.121512,400,0
0.1,0,1,160000,0.138575,0.1194,0.120881,0.123256,0.115125,0.116775,0.133038,0.13295,400,0
0.1,0,1,0,0.1259,0.1248,0.124606,0.125,0.125556,0.124081,0.125306,0.12475,400,0
0.1,0,1,1000,0.116712,0.0989938,0.115756,0.12785,0.142237,0.144394,0.13325,0.120806,400,0
0.1,0,1,2000,0.149881,0.12065,0.102075,0.121,0.121075,0.118781,0.135456,0.131081,400,0
0.1,0,1,3000,0.120887,0.117362,0.124556,0.134469,0.135506,0.112694,0.120581,0.133944,400,0
0.1,0,1,5000,0.115488,0.1103,0.128631,0.135063,0.136538,0.125094,0.1362,0.112687,400,0
0.1,0,1,7000,0.114706,0.107063,0.140931,0.156975,0.126894,0.140156,0.110781,0.102494,400,0
0.1,0,1,10000,0.10745,0.133781,0.114394,0.129494,0.136969,0.135531,0.127706,0.114675,400,0
0.1,0,1,25000,0.133225,0.12655,0.113437,0.146244,0.125525,0.110569,0.12675,0.1177,400,0
0.1,0,1,50000,0.116706,0.109613,0.120237,0.129356,0.126594,0.1295,0.1434,0.124594,400,0
0.1,0,1,100000,0.134925,0.1384,0.1414,0.124581,0.111625,0.0991125,0.12015,0.129806,400,0
0.1,0,1,160000,0.117362,0.12485,0.121775,0.122719,0.135837,0.12955,0.116825,0.131081,400,0
0.1,0.05,1,0,0.125156,0.124531,0.124213,0.124469,0.125719,0.124669,0.124381,0.126862,400,0
0.1,0.05,1,1000,0.132525,0.129719,0.0958688,0.128144,0.102669,0.115594,0.147969,0.147512,400,0
0.1,0.05,1,2000,0.1036,0.141825,0.12,0.145144,0.117587,0.12605,0.114363,0.131431,400,0
0.1,0.05,1,3000,0.119756,0.120069,0.120831,0.135162,0.114425,0.118837,0.113469,0.15745,400,0
0.1,0.05,1,5000,0.1199,0.140744,0.106325,0.115706,0.1347,0.146762,0.115163,0.1207,400,0
0.1,0.05,1,7000,0.13325,0.163819,0.108575,0.10885,0.117431,0.1077,0.12605,0.134325,400,0
0.1,0.05,1,10000,0.101187,0.134569,0.13375,0.140088,0.130925,0.123713,0.117581,0.118188,400,0
0.1,0.05,1,25000,0.115263,0.152844,0.118394,0.120831,0.103119,0.117981,0.119288,0.152281,400,0
0.1,0.05,1,50000,0.105956,0.130844,0.115613,0.122537,0.112219,0.1329,0.131981,0.14795,400,0
0.1,0.05,1,100000,0.117119,0.155875,0.12145,0.131688,0.104031,0.12075,0.103719,0.145369,400,0
0.1,0.05,1,160000,0.111769,0.153363,0.119825,0.136038,0.109944,0.12125,0.103244,0.144569,400,0
0.1,0.05,1,0,0.124113,0.125225,0.124681,0.124238,0.125325,0.125706,0.125375,0.125337,400,0
0.1,0.05,1,1000,0.113937,0.124725,0.114581,0.107781,0.119069,0.1359,0.132806,0.1512,400,0
0.1,0.05,1,2000,0.109963,0.121925,0.140156,0.121137,0.12195,0.138706,0.134175,0.111988,400,0
0.1,0.05,1,3000,0.126119,0.121194,0.119025,0.130925,0.131294,0.1179,0.134513,0.119031,400,0
0.1,0.05,1,5000,0.117212,0.161094,0.13675,0.143088,0.109206,0.103369,0.108756,0.120525,400,0
0.1,0.05,1,7000,0.104906,0.122813,0.109981,0.136588,0.126012,0.146313,0.131431,0.121956,400,0
0.1,0.05,1,10000,0.128306,0.128,0.1072,0.101362,0.104444,0.130238,0.156781,0.143669,400,0
0.1,0.05,1,25000,0.1018,0.146625,0.110294,0.133494,0.120375,0.140137,0.129775,0.1175,400,0
0.1,0.05,1,50000,0.110344,0.150731,0.0992,0.132963,0.125181,0.138606,0.107706,0.135269,400,0
0.1,0.05,1,100000,0.1129,0.137656,0.128731,0.1492,0.125938,0.126706,0.101725,0.117144,400,0
0.1,0.05,1,160000,0.12805,0.137538,0.117712,0.123762,0.12065,0.126706,0.1166,0.128981,400,0
0.1,0.1,1,0,0.125287,0.124938,0.125431,0.125356,0.124787,0.124981,0.124775,0.124444,400,0
0.1,0.1,1,1000,0.0979375,0.137637,0.0876,0.124606,0.128606,0.149338,0.132931,0.141344,400,0
0.1,0.1,1,2000,0.112769,0.167975,0.11395,0.138475,0.129475,0.101419,0.0944875,0.14145,400,0
0.1,0.1,1,3000,0.127625,0.137756,0.132875,0.132431,0.115406,0.115663,0.118962,0.119281,400,0
0.1,0.1,1,5000,0.0998688,0.135063,0.103544,0.1341,0.12095,0.123731,0.144344,0.1384,400,0
0.1,0.1,1,7000,0.104544,0.130006,0.104525,0.171319,0.105963,0.120394,0.125019,0.138231,400,0
0.1,0.1,1,10000,0.130294,0.133281,0.102794,0.123381,0.110719,0.129406,0.117337,0.152787,400,0
0.1,0.1,1,25000,0.10575,0.147,0.120838,0.145675,0.128219,0.122531,0.107819,0.122169,400,0
0.1,0.1,1,50000,0.102656,0.13355,0.107825,0.142206,0.129513,0.132538,0.112706,0.139006,400,0
0.1,0.1,1,100000,0.116219,0.1133,0.097975,0.134887,0.125419,0.135456,0.121163,0.155581,400,0
0.1,0.1,1,160000,0.106781,0.109512,0.1051,0.115825,0.1285,0.161069,0.1436,0.129612,400,0
0.1,0.1,1,0,0.124356,0.123956,0.125638,0.125913,0.1249,0.125037,0.124769,0.125431,400,0
0.1,0.1,1,1000,0.130756,0.132188,0.103306,0.13355,0.120144,0.160188,0.103087,0.116781,400,0
0.1,0.1,1,2000,0.110162,0.156669,0.12685,0.128825,0.122144,0.117225,0.107025,0.1311,400,0
0.1,0.1,1,3000,0.119094,0.134931,0.107088,0.145975,0.116531,0.131919,0.1058,0.138662,400,0
0.1,0.1,1,5000,0.0940562,0.134706,0.0979063,0.124762,0.134006,0.143681,0.134575,0.136306,400,0
0.1,0.1,1,7000,0.100937,0.129044,0.12935,0.125781,0.109756,0.1281,0.132912,0.144119,400,0
0.1,0.1,1,10000,0.108512,0.157194,0.105394,0.108831,0.116156,0.128181,0.141781,0.13395,400,0
0.1,0.1,1,25000,0.123981,0.150331,0.122531,0.126444,0.1196,0.113937,0.102675,0.1405,400,0
0.1,0.1,1,50000,0.104794,0.150819,0.112675,0.115875,0.118094,0.129438,0.128963,0.139344,400,0
0.1,0.1,1,100000,0.1022,0.137306,0.112013,0.13715,0.124831,0.101362,0.133381,0.151756,400,0
0.1,0.1,1,160000,0.104425,0.120581,0.111356,0.140038,0.104713,0.110844,0.136725,0.171319,400,0
0.1,0.15,1,0,0.12655,0.125956,0.125862,0.124287,0.124981,0.124813,0.12295,0.1246,400,0
0.1,0.15,1,1000,0.101306,0.177894,0.110256,0.115187,0.116856,0.112587,0.136931,0.128981,400,0
0.1,0.15,1,2000,0.0937063,0.151075,0.114931,0.153587,0.126725,0.124531,0.105106,0.130337,400,0
0.1,0.15,1,3000,0.115113,0.121181,0.119506,0.143162,0.1269,0.108137,0.126112,0.139887,400,0
0.1,0.15,1,5000,0.0948563,0.120625,0.107481,0.145694,0.126244,0.159781,0.126506,0.118813,400,0
0.1,0.15,1,7000,0.102394,0.165744,0.131594,0.143494,0.119869,0.120887,0.1069,0.109119,400,0
0.1,0.15,1,10000,0.124144,0.144656,0.0993813,0.134706,0.0992,0.117831,0.130856,0.149225,400,0
0.1,0.15,1,25000,0.0979125,0.136819,0.122175,0.139231,0.116706,0.121713,0.130419,0.135025,400,0
0.1,0.15,1,50000,0.136475,0.147525,0.0943062,0.121369,0.118825,0.118975,0.119581,0.142944,400,0
0.1,0.15,1,100000,0.0970562,0.132875,0.095075,0.126406,0.137206,0.131381,0.114562,0.165437,400,0
0.1,0.15,1,160000,0.0978437,0.159269,0.129075,0.1366,0.109906,0.118994,0.126731,0.121581,400,0
0.1,0.15,1,0,0.124706,0.12625,0.1238,0.124944,0.125913,0.124,0.125419,0.124969,400,0
0.1,0.15,1,1000,0.110581,0.135281,0.116231,0.126525,0.115056,0.0990437,0.104944,0.192337,400,0
0.1,0.15,1,2000,0.101219,0.179669,0.136094,0.13475,0.112931,0.102419,0.104219,0.1287,400,0
0.1,0.15,1,3000,0.0995375,0.153194,0.122637,0.130119,0.111369,0.118944,0.115875,0.148325,400,0
0.1,0.15,1,5000,0.113306,0.168088,0.136162,0.127369,0.0932812,0.108556,0.1029,0.150338,400,0
0.1,0.15,1,7000,0.101987,0.145237,0.102712,0.113837,0.159781,0.11465,0.123625,0.138169,400,0
0.1,0.15,1,10000,0.116744,0.149625,0.121869,0.140806,0.11745,0.103288,0.113069,0.13715,400,0
0.1,0.15,1,25000,0.1081,0.154062,0.117594,0.158137,0.139563,0.116125,0.100331,0.106088,400,0
0.1,0.15,1,50000,0.104237,0.147744,0.110956,0.114494,0.132463,0.150056,0.125044,0.115006,400,0
0.1,0.15,1,100000,0.104569,0.154431,0.1233,0.137781,0.128794,0.111281,0.109319,0.130525,400,0
0.1,0.15,1,160000,0.0860937,0.13345,0.152625,0.169988,0.139113,0.113969,0.0858437,0.118919,400,0
0.1,0.2,1,0,0.12325,0.12355,0.124031,0.125694,0.125956,0.126575,0.125963,0.124981,400,0
0.1,0.2,1,1000,0.112494,0.13465,0.113094,0.125219,0.121012,0.128169,0.104563,0.1608,400,0
0.1,0.2,1,2000,0.114881,0.140381,0.104106,0.141631,0.128825,0.125019,0.101731,0.143425,400,0
0.1,0.2,1,3000,0.119669,0.169244,0.113331,0.113206,0.112306,0.111187,0.1207,0.140356,400,0
0.1,0.2,1,5000,0.107506,0.117469,0.0904,0.106056,0.132219,0.112769,0.1437,0.189881,400,0
0.1,0.2,1,7000,0.111619,0.153531,0.0883625,0.126819,0.11655,0.111769,0.140731,0.150619,400,0
0.1,0.2,1,10000,0.0942125,0.1273,0.101,0.166231,0.145369,0.125213,0.113244,0.127431,400,0
0.1,0.2,1,25000,0.108975,0.151294,0.0918563,0.118813,0.115825,0.130006,0.131406,0.151825,400,0
0.1,0.2,1,50000,0.113156,0.1373,0.112388,0.134419,0.152869,0.109531,0.0962812,0.144056,400,0
0.1,0.2,1,100000,0.102513,0.151656,0.104075,0.119425,0.119575,0.128163,0.129856,0.144737,400,0
0.1,0.2,1,160000,0.132062,0.168462,0.0992688,0.111575,0.116731,0.111687,0.123481,0.136731,400,0
0.1,0.2,1,0,0.125619,0.123625,0.124506,0.125594,0.125337,0.1248,0.125862,0.124656,400,0
0.1,0.2,1,1000,0.099525,0.168944,0.100356,0.111331,0.124956,0.12,0.126119,0.148769,400,0
0.1,0.2,1,2000,0.0814,0.130438,0.116212,0.153281,0.139556,0.121744,0.131006,0.126362,400,0
0.1,0.2,1,3000,0.114725,0.138294,0.0971562,0.119694,0.1193,0.128919,0.1356,0.146313,400,0
0.1,0.2,1,5000,0.127356,0.148219,0.101656,0.137819,0.121569,0.104538,0.100337,0.158506,400,0
0.1,0.2,1,7000,0.118419,0.15075,0.100969,0.124394,0.129106,0.116163,0.110425,0.149775,400,0
0.1,0.2,1,10000,0.116969,0.162662,0.119744,0.121556,0.109375,0.104231,0.10645,0.159013,400,0
0.1,0.2,1,25000,0.1074,0.158375,0.103169,0.128675,0.110662,0.140019,0.107706,0.143994,400,0
0.1,0.2,1,50000,0.0983437,0.151913,0.1074,0.106994,0.124787,0.128356,0.128825,0.153381,400,0
0.1,0.2,1,100000,0.098,0.15085,0.0954375,0.103619,0.138563,0.127163,0.115781,0.170588,400,0
0.1,0.2,1,160000,0.0864875,0.131956,0.129956,0.141631,0.118794,0.134713,0.138712,0.11775,400,0
0.1,0.25,1,0,0.123713,0.1254,0.124419,0.126744,0.124769,0.124456,0.126306,0.124194,400,0
0.1,0.25,1,1000,0.0984187,0.1704,0.115737,0.153469,0.12585,0.112062,0.113613,0.11045,400,0
0.1,0.25,1,2000,0.112613,0.123294,0.103881,0.146687,0.154669,0.112863,0.120831,0.125163,400,0
0.1,0.25,1,3000,0.1025,0.152081,0.1159,0.1342,0.138156,0.104194,0.123162,0.129806,400,0
0.1,0.25,1,5000,0.0851875,0.175712,0.110344,0.136956,0.137112,0.119663,0.113269,0.121756,400,0
0.1,0.25,1,7000,0.118388,0.190831,0.0914,0.118219,0.128606,0.100856,0.101106,0.150594,400,0
0.1,0.25,1,10000,0.0835313,0.14795,0.113581,0.128956,0.103112,0.124769,0.142437,0.155663,400,0
0.1,0.25,1,25000,0.100187,0.143475,0.105425,0.116538,0.121206,0.128213,0.1386,0.146356,400,0
0.1,0.25,1,50000,0.0976812,0.151656,0.13245,0.14815,0.129575,0.127869,0.0975063,0.115113,400,0
0.1,0.25,1,100000,0.0858375,0.162837,0.10735,0.144262,0.126875,0.128681,0.117831,0.126325,400,0
0.1,0.25,1,160000,0.11875,0.126831,0.105994,0.120656,0.1261,0.107031,0.122531,0.172106,400,0
0.1,0.25,1,0,0.125794,0.126163,0.123944,0.1244,0.125362,0.124063,0.125825,0.12445,400,0
0.1,0.25,1,1000,0.111256,0.160137,0.0919875,0.152663,0.125756,0.0940062,0.117725,0.146469,400,0
0.1,0.25,1,2000,0.0948688,0.166544,0.112219,0.12085,0.127831,0.117569,0.111338,0.148781,400,0
0.1,0.25,1,3000,0.0986875,0.131581,0.11435,0.132475,0.1324,0.134344,0.119188,0.136975,400,0
0.1,0.25,1,5000,0.101144,0.145388,0.120181,0.142281,0.126081,0.113319,0.111613,0.139994,400,0
0.1,0.25,1,7000,0.0927937,0.159356,0.0992625,0.116081,0.11625,0.108406,0.143219,0.164631,400,0
0.1,0.25,1,10000,0.112712,0.1498,0.114969,0.128669,0.124125,0.105825,0.112587,0.151312,400,0
0.1,0.25,1,25000,0.0931437,0.139694,0.114113,0.114094,0.1141,0.146437,0.120356,0.158062,400,0
0.1,0.25,1,50000,0.132794,0.157925,0.098575,0.125331,0.118381,0.0936,0.114869,0.158525,400,0
0.1,0.25,1,100000,0.119006,0.147212,0.104106,0.141412,0.1208,0.104369,0.119,0.144094,400,0
0.1,0.25,1,160000,0.106056,0.176338,0.114231,0.128575,0.13005,0.0906875,0.0958187,0.158244,400,0
0.1,0.3,1,0,0.125581,0.125488,0.1258,0.125337,0.12365,0.125031,0.124194,0.124919,400,0
0.1,0.3,1,1000,0.104381,0.167588,0.11495,0.134106,0.113081,0.10235,0.130362,0.133181,400,0
0.1,0.3,1,2000,0.106781,0.171381,0.114312,0.116187,0.1298,0.109075,0.106206,0.146256,400,0
0.1,0.3,1,3000,0.107781,0.170962,0.136838,0.10255,0.10835,0.101681,0.0994437,0.172394,400,0
0.1,0.3,1,5000,0.0852375,0.161869,0.109875,0.1567,0.1287,0.110794,0.107469,0.139356,400,0
0.1,0.3,1,7000,0.0796625,0.167731,0.119163,0.128938,0.16055,0.1153,0.117038,0.111619,400,0
0.1,0.3,1,10000,0.115481,0.160469,0.0906312,0.126906,0.1168,0.131662,0.107744,0.150306,400,0
0.1,0.3,1,25000,0.0815188,0.133856,0.104212,0.123231,0.1418,0.129106,0.134244,0.152031,400,0
0.1,0.3,1,50000,0.139513,0.156756,0.096875,0.124619,0.121038,0.0972875,0.119069,0.144844,400,0
0.1,0.3,1,100000,0.101125,0.139019,0.119269,0.114587,0.141475,0.1152,0.126012,0.143313,400,0
0.1,0.3,1,160000,0.108156,0.120406,0.095,0.1104,0.136625,0.115206,0.154381,0.159825,400,0
0.1,0.3,1,0,0.124769,0.124556,0.125369,0.125112,0.123237,0.125337,0.126306,0.125312,400,0
0.1,0.3,1,1000,0.0876625,0.149694,0.108656,0.183138,0.127925,0.113231,0.110781,0.118913,400,0
0.1,0.3,1,2000,0.0935625,0.133344,0.132681,0.1391,0.137694,0.102825,0.115288,0.145506,400,0
0.1,0.3,1,3000,0.0919688,0.159819,0.111481,0.141544,0.127663,0.115962,0.1057,0.145863,400,0
0.1,0.3,1,5000,0.0899313,0.155056,0.0974562,0.150487,0.112644,0.1353,0.124575,0.13455,400,0
0.1,0.3,1,7000,0.105831,0.15585,0.126112,0.135144,0.135519,0.108012,0.0983,0.135231,400,0
0.1,0.3,1,10000,0.11035,0.1555,0.109019,0.13305,0.126362,0.11955,0.0961875,0.149981,400,0
0.1,0.3,1,25000,0.0910312,0.174319,0.123425,0.150787,0.133362,0.114956,0.0935,0.118619,400,0
0.1,0.3,1,50000,0.0979562,0.132556,0.1087,0.142306,0.121581,0.116394,0.113344,0.167162,400,0
0.1,0.3,1,100000,0.107813,0.165625,0.0947063,0.142619,0.12205,0.121188,0.1095,0.1365,400,0
0.1,0.3,1,160000,0.124656,0.147444,0.0797375,0.101763,0.100231,0.104725,0.14215,0.199294,400,0
0.1,0.35,1,0,0.124075,0.124881,0.125056,0.125062,0.125119,0.125956,0.124894,0.124956,400,0
0.1,0.35,1,1000,0.100019,0.123075,0.112037,0.139556,0.123125,0.096975,0.128938,0.176275,400,0
0.1,0.35,1,2000,0.113894,0.149237,0.0805938,0.142994,0.140212,0.0991,0.116331,0.157638,400,0
0.1,0.35,1,3000,0.118344,0.137738,0.104519,0.123519,0.137656,0.08805,0.114087,0.176088,400,0
0.1,0.35,1,5000,0.0926375,0.159938,0.125625,0.138644,0.112756,0.102175,0.111937,0.156287,400,0
0.1,0.35,1,7000,0.0961,0.153725,0.101281,0.129725,0.123887,0.112162,0.126194,0.156925,400,0
0.1,0.35,1,10000,0.119131,0.195087,0.127963,0.122875,0.119538,0.09425,0.095625,0.125531,400,0
0.1,0.35,1,25000,0.121575,0.159956,0.129544,0.1271,0.107,0.0888562,0.110062,0.155906,400,0
0.1,0.35,1,50000,0.0837875,0.149575,0.0982375,0.149794,0.131494,0.12645,0.122219,0.138444,400,0
0.1,0.35,1,100000,0.0940562,0.142937,0.118938,0.130406,0.158581,0.117837,0.118075,0.119169,400,0
0.1,0.35,1,160000,0.0841688,0.144469,0.140394,0.152144,0.145313,0.100706,0.125312,0.107494,400,0
0.1,0.35,1,0,0.123575,0.125281,0.126,0.125725,0.124475,0.124369,0.124919,0.125656,400,0
0.1,0.35,1,1000,0.113419,0.1665,0.116112,0.152525,0.115356,0.100944,0.115244,0.1199,400,0
0.1,0.35,1,2000,0.11135,0.1401,0.126688,0.177569,0.13685,0.0969062,0.0859875,0.12455,400,0
0.1,0.35,1,3000,0.122969,0.152888,0.105819,0.107981,0.125125,0.0919375,0.139531,0.15375,400,0
0.1,0.35,1,5000,0.0922875,0.130919,0.126856,0.130475,0.148231,0.102106,0.136319,0.132806,400,0
0.1,0.35,1,7000,0.0991438,0.149975,0.117138,0.121819,0.124981,0.115375,0.12395,0.147619,400,0
0.1,0.35,1,10000,0.0798062,0.126625,0.109156,0.125931,0.135056,0.121425,0.152369,0.149631,400,0
0.1,0.35,1,25000,0.0942313,0.13135,0.136394,0.1158,0.128625,0.111356,0.124588,0.157656,400,0
0.1,0.35,1,50000,0.110725,0.149656,0.107381,0.10805,0.131475,0.116056,0.1285,0.148156,400,0
0.1,0.35,1,100000,0.115525,0.153756,0.118044,0.116244,0.111075,0.105919,0.123037,0.1564,400,0
0.1,0.35,1,160000,0.101138,0.123819,0.105725,0.122381,0.129713,0.0937125,0.124706,0.198806,400,0
0.1,0.4,1,0,0.125112,0.124481,0.124094,0.125456,0.125244,0.124488,0.126469,0.124656,400,0
0.1,0.4,1,1000,0.126594,0.154644,0.0986687,0.151356,0.105825,0.0914438,0.09575,0.175719,400,0
0.1,0.4,1,2000,0.103069,0.136575,0.146262,0.12595,0.126694,0.10485,0.1239,0.1327,400,0
0.1,0.4,1,3000,0.128094,0.141556,0.1165,0.118188,0.1161,0.0642188,0.1297,0.185644,400,0
0.1,0.4,1,5000,0.113187,0.1888,0.111912,0.119087,0.12525,0.0712187,0.122887,0.147656,400,0
0.1,0.4,1,7000,0.0987563,0.174944,0.0980562,0.127612,0.146413,0.0943688,0.114413,0.145437,400,0
0.1,0.4,1,10000,0.110344,0.178656,0.141556,0.0963062,0.10765,0.0909563,0.103556,0.170975,400,0
0.1,0.4,1,25000,0.096025,0.148681,0.117756,0.125562,0.129931,0.0964062,0.129894,0.155744,400,0
0.1,0.4,1,50000,0.0945125,0.15685,0.114413,0.150331,0.119775,0.106175,0.0925062,0.165437,400,0
0.1,0.4,1,100000,0.12395,0.1908,0.103975,0.111113,0.1005,0.07265,0.107938,0.189075,400,0
0.1,0.4,1,160000,0.110694,0.141844,0.119719,0.109606,0.149531,0.100825,0.122956,0.144825,400,0
0.1,0.4,1,0,0.125306,0.125731,0.123725,0.1249,0.124644,0.126431,0.123675,0.125587,400,0
0.1,0.4,1,1000,0.108481,0.120144,0.128944,0.122931,0.137225,0.135,0.100406,0.146869,400,0
0.1,0.4,1,2000,0.0914375,0.152981,0.120756,0.128844,0.126131,0.0925,0.116844,0.170506,400,0
0.1,0.4,1,3000,0.111569,0.167019,0.126719,0.127587,0.132919,0.103206,0.0986313,0.13235,400,0
0.1,0.4,1,5000,0.0998187,0.124844,0.11865,0.130875,0.143212,0.10875,0.12725,0.1466,400,0
0.1,0.4,1,7000,0.109556,0.161781,0.148794,0.10165,0.141725,0.0940062,0.112381,0.130106,400,0
0.1,0.4,1,10000,0.126019,0.146175,0.121356,0.107219,0.134069,0.072825,0.12605,0.166288,400,0
0.1,0.4,1,25000,0.13715,0.1792,0.119081,0.105306,0.131825,0.076675,0.110312,0.14045,400,0
0.1,0.4,1,50000,0.106069,0.150256,0.127188,0.111419,0.149406,0.0963688,0.109637,0.149656,400,0
0.1,0.4,1,100000,0.100513,0.13775,0.127688,0.106169,0.117956,0.100513,0.111206,0.198206,400,0
0.1,0.4,1,160000,0.106794,0.180913,0.121938,0.0982125,0.136131,0.0954125,0.122431,0.138169,400,0
0.1,0.45,1,0,0.124969,0.12615,0.123481,0.125625,0.124731,0.124944,0.124881,0.125219,400,0
0.1,0.45,1,1000,0.100281,0.155225,0.127069,0.121088,0.152837,0.0701937,0.107287,0.166019,400,0
0.1,0.45,1,2000,0.104563,0.158275,0.122281,0.114806,0.15215,0.0922562,0.10455,0.151119,400,0
0.1,0.45,1,3000,0.154237,0.133069,0.121387,0.0834938,0.157269,0.0658375,0.128725,0.155981,400,0
0.1,0.45,1,5000,0.132513,0.156875,0.113825,0.101062,0.121688,0.0813688,0.123119,0.16955,400,0
0.1,0.45,1,7000,0.10155,0.142556,0.117675,0.107256,0.157,0.0983875,0.119931,0.155644,400,0
0.1,0.45,1,10000,0.10305,0.139456,0.131069,0.121875,0.167563,0.0772063,0.103487,0.156294,400,0
0.1,0.45,1,25000,0.128663,0.141119,0.133731,0.110606,0.148544,0.0614375,0.123313,0.152587,400,0
0.1,0.45,1,50000,0.144425,0.145444,0.133581,0.126944,0.140313,0.07235,0.122969,0.113975,400,0
0.1,0.45,1,100000,0.126719,0.166594,0.107331,0.102712,0.098175,0.115212,0.121506,0.16175,400,0
0.1,0.45,1,160000,0.121781,0.165325,0.131238,0.118094,0.132269,0.0781312,0.107762,0.1454,400,0
0.1,0.45,1,0,0.123981,0.125294,0.125006,0.125944,0.124363,0.126381,0.124475,0.124556,400,0
0.1,0.45,1,1000,0.11585,0.145138,0.131119,0.112344,0.146081,0.106594,0.121156,0.121719,400,0
0.1,0.45,1,2000,0.115288,0.177581,0.1386,0.141675,0.144956,0.0885625,0.0939625,0.099375,400,0
0.1,0.45,1,3000,0.1185,0.160537,0.111113,0.103063,0.141894,0.0877312,0.121156,0.156006,400,0
0.1,0.45,1,5000,0.12385,0.133269,0.128881,0.123838,0.150094,0.101625,0.120569,0.117875,400,0
0.1,0.45,1,7000,0.123537,0.150631,0.128963,0.089225,0.153069,0.0810063,0.124144,0.149425,400,0
0.1,0.45,1,10000,0.125819,0.148881,0.124381,0.118825,0.147856,0.0569812,0.127394,0.149863,400,0
0.1,0.45,1,25000,0.13105,0.166206,0.146,0.11285,0.135169,0.0642812,0.110088,0.134356,400,0
0.1,0.45,1,50000,0.109588,0.146575,0.104894,0.0994687,0.136069,0.0917812,0.148338,0.163288,400,0
0.1,0.45,1,100000,0.128488,0.160331,0.122806,0.1277,0.124563,0.0534,0.116331,0.166381,400,0
0.1,0.45,1,160000,0.107375,0.183994,0.132144,0.119494,0.150794,0.068125,0.127025,0.11105,400,0
0.1,0.5,1,0,0.124787,0.124294,0.125431,0.125062,0.124781,0.124831,0.12505,0.125762,400,0
0.1,0.5,1,1000,0.121206,0.157163,0.128513,0.118531,0.135244,0.0903937,0.101844,0.147106,400,0
0.1,0.5,1,2000,0.119694,0.166775,0.134988,0.0833187,0.141094,0.0960938,0.133825,0.124213,400,0
0.1,0.5,1,3000,0.116094,0.163619,0.132906,0.0893375,0.15815,0.0556938,0.137588,0.146613,400,0
0.1,0.5,1,5000,0.131244,0.150894,0.128731,0.117656,0.147163,0.04725,0.128112,0.14895,400,0
0.1,0.5,1,7000,0.116194,0.149544,0.148225,0.11135,0.160181,0.0719375,0.117594,0.124975,400,0
0.1,0.5,1,10000,0.168494,0.118887,0.130831,0.101562,0.155156,0.0552687,0.132156,0.137644,400,0
0.1,0.5,1,25000,0.116687,0.158456,0.14795,0.100269,0.159481,0.0685562,0.112194,0.136406,400,0
0.1,0.5,1,50000,0.10495,0.119994,0.1254,0.0839625,0.160387,0.0787562,0.148712,0.177838,400,0
0.1,0.5,1,100000,0.132844,0.143737,0.166612,0.0795875,0.150413,0.063825,0.111481,0.1515,400,0
0.1,0.5,1,160000,0.108125,0.156512,0.123125,0.114675,0.149594,0.0744563,0.136406,0.137106,400,0
0.1,0.5,1,0,0.124844,0.124412,0.124319,0.124931,0.125594,0.126369,0.125706,0.123825,400,0
0.1,0.5,1,1000,0.127387,0.178625,0.139838,0.0775437,0.1563,0.0460062,0.145375,0.128925,400,0
0.1,0.5,1,2000,0.131675,0.173219,0.125619,0.1106,0.153087,0.0416125,0.124081,0.140106,400,0
0.1,0.5,1,3000,0.118181,0.15545,0.130319,0.125362,0.158137,0.0749688,0.121431,0.11615,400,0
0.1,0.5,1,5000,0.136281,0.153819,0.136244,0.0997062,0.162856,0.0454125,0.128644,0.137038,400,0
0.1,0.5,1,7000,0.120994,0.161575,0.131337,0.132256,0.143425,0.0815812,0.125369,0.103462,400,0
0.1,0.5,1,10000,0.136931,0.166381,0.128456,0.095175,0.145806,0.054175,0.1127,0.160375,400,0
0.1,0.5,1,25000,0.130794,0.157019,0.1195,0.0812,0.1603,0.05355,0.142819,0.154819,400,0
0.1,0.5,1,50000,0.130794,0.0998312,0.127087,0.103231,0.166862,0.0842312,0.129738,0.158225,400,0
0.1,0.5,1,100000,0.133856,0.1628,0.130406,0.106619,0.134925,0.0660375,0.130181,0.135175,400,0
0.1,0.5,1,160000,0.124144,0.182725,0.134775,0.102513,0.134256,0.0721625,0.107988,0.141437,400,0
0.1,0.55,1,0,0.124787,0.126431,0.124894,0.125169,0.124988,0.125594,0.123787,0.12435,400,0
0.1,0.55,1,1000,0.118138,0.157975,0.113725,0.108419,0.143425,0.0817438,0.154369,0.122206,400,0
0.1,0.55,1,2000,0.145419,0.162225,0.123381,0.100744,0.173506,0.0547938,0.125312,0.114619,400,0
0.1,0.55,1,3000,0.136462,0.151694,0.173094,0.0808688,0.173675,0.0311375,0.139869,0.1132,400,0
0.1,0.55,1,5000,0.139706,0.147206,0.139662,0.0792438,0.172288,0.043625,0.161031,0.117237,400,0
0.1,0.55,1,7000,0.133769,0.148806,0.137356,0.0800813,0.170619,0.0362937,0.157669,0.135406,400,0
0.1,0.55,1,10000,0.1424,0.142206,0.153006,0.08035,0.175462,0.0317875,0.182875,0.0919125,400,0
0.1,0.55,1,25000,0.128519,0.126669,0.142313,0.0981812,0.1854,0.0385,0.161556,0.118862,400,0
0.1,0.55,1,50000,0.152225,0.144575,0.14805,0.0941938,0.177663,0.0298625,0.145469,0.107963,400,0
0.1,0.55,1,100000,0.142425,0.127963,0.149581,0.102188,0.186963,0.0434625,0.148113,0.0993062,400,0
0.1,0.55,1,160000,0.121331,0.155344,0.159612,0.07965,0.15135,0.0434812,0.156156,0.133075,400,0
0.1,0.55,1,0,0.125119,0.124381,0.125531,0.123719,0.124412,0.1246,0.126694,0.125544,400,0
0.1,0.55,1,1000,0.116687,0.137631,0.142644,0.0856875,0.158837,0.0472625,0.153537,0.157713,400,0
0.1,0.55,1,2000,0.144244,0.156225,0.133594,0.0836688,0.183306,0.0396,0.128194,0.131169,400,0
0.1,0.55,1,3000,0.151406,0.171581,0.129887,0.0932812,0.149363,0.0411813,0.132062,0.131238,400,0
0.1,0.55,1,5000,0.153356,0.168738,0.161488,0.125475,0.130938,0.0381125,0.122425,0.0994687,400,0
0.1,0.55,1,7000,0.140644,0.148806,0.143219,0.0909125,0.186612,0.0555812,0.118669,0.115556,400,0
0.1,0.55,1,10000,0.129206,0.157475,0.142669,0.0865563,0.142869,0.0448687,0.143181,0.153175,400,0
0.1,0.55,1,25000,0.145806,0.128944,0.124219,0.10285,0.182062,0.049025,0.16415,0.102944,400,0
0.1,0.55,1,50000,0.145619,0.161031,0.127025,0.101544,0.145781,0.0439063,0.1382,0.136894,400,0
0.1,0.55,1,100000,0.123675,0.148212,0.129094,0.0990562,0.169725,0.0507688,0.1702,0.109269,400,0
0.1,0.55,1,160000,0.141081,0.165238,0.1496,0.0887687,0.165313,0.0379063,0.12275,0.129344,400,0
0.1,0.6,1,0,0.125406,0.1256,0.125337,0.124406,0.125294,0.125731,0.122406,0.125819,400,0
0.1,0.6,1,1000,0.117131,0.168994,0.136244,0.104256,0.138919,0.0467687,0.117456,0.170231,400,0
0.1,0.6,1,2000,0.150781,0.181219,0.15665,0.0833625,0.165056,0.0278187,0.142225,0.0928875,400,0
0.1,0.6,1,3000,0.159688,0.153669,0.145694,0.0718375,0.194706,0.0135812,0.145725,0.1151,400,0
0.1,0.6,1,5000,0.160337,0.157062,0.155025,0.081875,0.163819,0.0287312,0.156056,0.0970938,400,0
0.1,0.6,1,7000,0.151125,0.157694,0.149188,0.074175,0.206306,0.00105,0.15635,0.104112,400,0
0.1,0.6,1,10000,0.161481,0.171606,0.138425,0.0916437,0.203013,0.0185562,0.139375,0.0759,400,0
0.1,0.6,1,25000,0.1698,0.14885,0.15805,0.076,0.171931,0.005025,0.152419,0.117925,400,0
0.1,0.6,1,50000,0.167862,0.132975,0.140237,0.088325,0.167631,0.0111938,0.164362,0.127413,400,0
0.1,0.6,1,100000,0.177744,0.147275,0.1643,0.0612062,0.189837,0,0.15975,0.0998875,400,0
0.1,0.6,1,160000,0.16755,0.159981,0.1543,0.0640125,0.175769,0,0.172819,0.105569,400,0
0.1,0.6,1,0,0.125206,0.124762,0.125319,0.125638,0.126175,0.123056,0.124694,0.12515,400,0
0.1,0.6,1,1000,0.126037,0.167844,0.147756,0.120231,0.180037,0.0502375,0.0983625,0.109494,400,0
0.1,0.6,1,2000,0.161194,0.191231,0.130562,0.0919,0.188587,0.0154313,0.107275,0.113819,400,0
0.1,0.6,1,3000,0.164506,0.1475,0.141519,0.082825,0.151856,0.0185875,0.156213,0.136994,400,0
0.1,0.6,1,5000,0.154713,0.153037,0.161819,0.0818,0.199594,0,0.166069,0.0829687,400,0
0.1,0.6,1,7000,0.1736,0.160306,0.165881,0.0599563,0.178319,0,0.171244,0.0906938,400,0
0.1,0.6,1,10000,0.163662,0.162688,0.140063,0.07495,0.193988,0,0.170962,0.0936875,400,0
0.1,0.6,1,25000,0.150663,0.146975,0.151419,0.0730688,0.2149,0,0.167981,0.0949938,400,0
0.1,0.6,1,50000,0.155475,0.172313,0.167225,0.07545,0.182619,0,0.161513,0.0854063,400,0
0.1,0.6,1,100000,0.148669,0.146531,0.159781,0.0890313,0.199975,0,0.153475,0.102538,400,0
0.1,0.6,1,160000,0.180331,0.13555,0.158044,0.081525,0.210875,0,0.145569,0.0881062,400,0
0.1,0.65,1,0,0.124575,0.125519,0.124994,0.124256,0.1246,0.125744,0.125919,0.124394,400,0
0.1,0.65,1,1000,0.14045,0.146913,0.135894,0.112388,0.15275,0.0369312,0.143606,0.131069,400,0
0.1,0.65,1,2000,0.139588,0.166963,0.130881,0.0717813,0.196556,0.0168875,0.148138,0.129206,400,0
0.1,0.65,1,3000,0.1329,0.151075,0.167944,0.0839,0.161756,0.0145625,0.151344,0.136519,400,0
0.1,0.65,1,5000,0.154944,0.172462,0.161738,0.08375,0.204931,0.00175625,0.133925,0.0864937,400,0
0.1,0.65,1,7000,0.157631,0.165694,0.165137,0.0820125,0.175381,0,0.143412,0.110731,400,0
0.1,0.65,1,10000,0.162188,0.170281,0.169013,0.0746312,0.176631,0,0.136256,0.111,400,0
0.1,0.65,1,25000,0.150838,0.149462,0.165825,0.0746312,0.157388,0,0.183762,0.118094,400,0
0.1,0.65,1,50000,0.150031,0.149119,0.148569,0.07625,0.17335,0,0.173638,0.129044,400,0
0.1,0.65,1,100000,0.148525,0.159131,0.152444,0.082725,0.18965,0,0.154188,0.113337,400,0
0.1,0.65,1,160000,0.163544,0.156356,0.137444,0.0773812,0.215931,0,0.148388,0.100956,400,0
0.1,0.65,1,0,0.124681,0.126575,0.125319,0.123744,0.12545,0.123938,0.12515,0.125144,400,0
0.1,0.65,1,1000,0.138031,0.162894,0.135731,0.111381,0.161731,0.0278125,0.118306,0.144113,400,0
0.1,0.65,1,2000,0.166494,0.16095,0.136119,0.070975,0.194619,0.01265,0.148169,0.110025,400,0
0.1,0.65,1,3000,0.147594,0.151875,0.151613,0.0842688,0.181581,0.00926875,0.157656,0.116144,400,0
0.1,0.65,1,5000,0.157663,0.183037,0.150212,0.0701937,0.178287,0.00201875,0.155544,0.103044,400,0
0.1,0.65,1,7000,0.162656,0.166125,0.160219,0.060225,0.194919,0.00104375,0.150331,0.104481,400,0
0.1,0.65,1,10000,0.155744,0.169488,0.157856,0.0708813,0.182969,0,0.148688,0.114375,400,0
0.1,0.65,1,25000,0.139406,0.1629,0.137988,0.0801562,0.222625,0,0.136275,0.12065,400,0
0.1,0.65,1,50000,0.173712,0.1547,0.1451,0.073725,0.190988,0,0.156731,0.105044,400,0
0.1,0.65,1,100000,0.157744,0.158925,0.145469,0.0785375,0.215144,0,0.140613,0.103569,400,0
0.1,0.65,1,160000,0.152106,0.146413,0.158463,0.0669312,0.2435,0,0.13525,0.0973375,400,0
0.1,0.7,1,0,0.123544,0.126569,0.124644,0.125106,0.126388,0.12465,0.125006,0.124094,400,0
0.1,0.7,1,1000,0.144962,0.167706,0.133056,0.10845,0.144594,0.0350875,0.134463,0.131681,400,0
0.1,0.7,1,2000,0.157931,0.159419,0.158175,0.100725,0.172656,0.0141125,0.117169,0.119813,400,0
0.1,0.7,1,3000,0.161662,0.149888,0.157669,0.104212,0.143694,0.00545,0.127694,0.149731,400,0
0.1,0.7,1,5000,0.142088,0.176512,0.136612,0.0751813,0.190756,0.00899375,0.160931,0.108925,400,0
0.1,0.7,1,7000,0.146856,0.166538,0.170987,0.0891437,0.167525,0,0.146281,0.112669,400,0
0.1,0.7,1,10000,0.141912,0.173369,0.158094,0.0866375,0.205706,0,0.136381,0.0979,400,0
0.1,0.7,1,25000,0.153106,0.181556,0.138681,0.0815125,0.215281,0,0.122938,0.106925,400,0
0.1,0.7,1,50000,0.151956,0.159025,0.154487,0.0813938,0.186087,0,0.157562,0.109488,400,0
0.1,0.7,1,100000,0.162069,0.167838,0.167338,0.0761437,0.175675,0,0.1348,0.116138,400,0
0.1,0.7,1,160000,0.167,0.155825,0.164781,0.0765563,0.165213,0,0.152719,0.117906,400,0
0.1,0.7,1,0,0.124275,0.124225,0.124869,0.1236,0.126438,0.125988,0.125087,0.125519,400,0
0.1,0.7,1,1000,0.135525,0.169606,0.140113,0.123394,0.165719,0.0249625,0.117587,0.123094,400,0
0.1,0.7,1,2000,0.1445,0.180069,0.135281,0.0751813,0.183575,0.00820625,0.166019,0.107169,400,0
0.1,0.7,1,3000,0.135306,0.177169,0.155225,0.0915938,0.164031,0.0038875,0.139212,0.133575,400,0
0.1,0.7,1,5000,0.157925,0.162887,0.175375,0.0848062,0.183413,0.001325,0.141319,0.09295,400,0
0.1,0.7,1,7000,0.157887,0.165781,0.133744,0.0664875,0.247475,0,0.135137,0.0934875,400,0
0.1,0.7,1,10000,0.163844,0.155606,0.145756,0.100638,0.193881,0,0.128144,0.112131,400,0
0.1,0.7,1,25000,0.150088,0.171794,0.154806,0.0859,0.198519,0,0.145875,0.0930187,400,0
0.1,0.7,1,50000,0.157081,0.170875,0.151681,0.0785437,0.165587,0,0.160381,0.11585,400,0
0.1,0.7,1,100000,0.154438,0.171731,0.153163,0.0905813,0.185644,0,0.126294,0.11815,400,0
0.1,0.7,1,160000,0.184638,0.168519,0.138919,0.0689125,0.190244,0,0.151156,0.0976125,400,0
0.1,0.75,1,0,0.126388,0.125981,0.122606,0.125131,0.124919,0.125119,0.124631,0.125225,400,0
0.1,0.75,1,1000,0.120875,0.187612,0.132394,0.09415,0.179219,0.0148188,0.124688,0.146244,400,0
0.1,0.75,1,2000,0.144063,0.161281,0.14825,0.0922,0.213694,0.001675,0.11915,0.119688,400,0
0.1,0.75,1,3000,0.139781,0.1717,0.145356,0.0958688,0.164706,0.0046375,0.149581,0.128369,400,0
0.1,0.75,1,5000,0.162844,0.178613,0.156587,0.104237,0.155869,0,0.126587,0.115263,400,0
0.1,0.75,1,7000,0.180562,0.159387,0.1721,0.0648313,0.157406,0,0.133031,0.132681,400,0
0.1,0.75,1,10000,0.154975,0.176606,0.143775,0.0891938,0.1793,0,0.148313,0.107838,400,0
0.1,0.75,1,25000,0.126119,0.170956,0.158994,0.090475,0.167288,0,0.154363,0.131806,400,0
0.1,0.75,1,50000,0.164056,0.172056,0.135788,0.080175,0.1903,0,0.137194,0.120431,400,0
0.1,0.75,1,100000,0.173425,0.160694,0.150206,0.0991875,0.182125,0,0.126025,0.108338,400,0
0.1,0.75,1,160000,0.152431,0.1884,0.147756,0.0993625,0.168631,0,0.116744,0.126675,400,0
0.1,0.75,1,0,0.125062,0.125,0.124037,0.124919,0.126844,0.123825,0.125388,0.124925,400,0
0.1,0.75,1,1000,0.118069,0.19065,0.136412,0.09395,0.151525,0.0428938,0.126525,0.139975,400,0
0.1,0.75,1,2000,0.153156,0.157581,0.141063,0.0938563,0.190394,0.002675,0.128694,0.132581,400,0
0.1,0.75,1,3000,0.150694,0.169856,0.142944,0.0967062,0.162731,0,0.151056,0.126012,400,0
0.1,0.75,1,5000,0.13555,0.174306,0.139962,0.101987,0.201419,0,0.130256,0.116519,400,0
0.1,0.75,1,7000,0.141162,0.179181,0.140437,0.078575,0.197531,0,0.155556,0.107556,400,0
0.1,0.75,1,10000,0.155275,0.180312,0.147744,0.090075,0.1678,0,0.136763,0.122031,400,0
0.1,0.75,1,25000,0.155444,0.166569,0.18415,0.067,0.14015,0,0.158275,0.128413,400,0
0.1,0.75,1,50000,0.141506,0.1655,0.179787,0.0932313,0.160956,0,0.153438,0.105581,400,0
0.1,0.75,1,100000,0.142956,0.181781,0.15505,0.099325,0.166038,0,0.127919,0.126931,400,0
0.1,0.75,1,160000,0.145787,0.160306,0.151562,0.0832,0.214325,0,0.143794,0.101025,400,0
0.1,0.8,1,0,0.125356,0.125475,0.124381,0.124306,0.125475,0.124606,0.126062,0.124338,400,0
0.1,0.8,1,1000,0.120069,0.168331,0.140119,0.119131,0.17175,0.0300438,0.130031,0.120525,400,0
0.1,0.8,1,2000,0.119006,0.175619,0.15085,0.112088,0.210806,0,0.109506,0.122125,400,0
0.1,0.8,1,3000,0.138575,0.202987,0.141569,0.0858312,0.178306,0,0.133369,0.119362,400,0
0.1,0.8,1,5000,0.154106,0.1881,0.151138,0.0679875,0.187888,0,0.142544,0.108238,400,0
0.1,0.8,1,7000,0.159769,0.193475,0.146356,0.081625,0.184125,0,0.124875,0.109775,400,0
0.1,0.8,1,10000,0.153344,0.188325,0.152312,0.0848688,0.192556,0,0.106838,0.121756,400,0
0.1,0.8,1,25000,0.150613,0.159275,0.164094,0.0917313,0.161819,0,0.134162,0.138306,400,0
0.1,0.8,1,50000,0.151731,0.180581,0.129231,0.0931,0.194194,0,0.124869,0.126294,400,0
0.1,0.8,1,100000,0.149719,0.179194,0.141981,0.0993187,0.175175,0,0.1155,0.139113,400,0
0.1,0.8,1,160000,0.1285,0.179231,0.136063,0.103306,0.187956,0,0.127463,0.137481,400,0
0.1,0.8,1,0,0.124963,0.126287,0.123775,0.123831,0.125344,0.125156,0.125044,0.1256,400,0
0.1,0.8,1,1000,0.120031,0.195525,0.134369,0.107219,0.140538,0.02425,0.125112,0.152956,400,0
0.1,0.8,1,2000,0.145731,0.176288,0.144437,0.102756,0.15335,0.00144375,0.145113,0.130881,400,0
0.1,0.8,1,3000,0.154719,0.182056,0.16,0.106369,0.167156,0,0.121637,0.108063,400,0
0.1,0.8,1,5000,0.148237,0.191612,0.141206,0.0804312,0.178725,0,0.132525,0.127263,400,0
0.1,0.8,1,7000,0.137875,0.162269,0.143187,0.097575,0.183713,0,0.147744,0.127637,400,0
0.1,0.8,1,10000,0.133919,0.187494,0.147406,0.0903438,0.157531,0,0.145494,0.137813,400,0
0.1,0.8,1,25000,0.141712,0.1864,0.155056,0.07985,0.186156,0,0.137331,0.113494,400,0
0.1,0.8,1,50000,0.144363,0.217025,0.121012,0.0927,0.194681,0,0.121381,0.108838,400,0
0.1,0.8,1,100000,0.132056,0.185613,0.14825,0.08645,0.178994,0,0.138063,0.130575,400,0
0.1,0.8,1,160000,0.145156,0.191581,0.153837,0.1056,0.184919,0,0.112656,0.10625,400,0
0.1,0.85,1,0,0.125519,0.125681,0.124738,0.123356,0.124075,0.12535,0.125081,0.1262,400,0
0.1,0.85,1,1000,0.115388,0.213181,0.147019,0.102188,0.164825,0.00455,0.110762,0.142088,400,0
0.1,0.85,1,2000,0.138319,0.190031,0.127663,0.117712,0.183062,0,0.12565,0.117563,400,0
0.1,0.85,1,3000,0.127769,0.186625,0.124731,0.105594,0.200656,0,0.122031,0.132594,400,0
0.1,0.85,1,5000,0.133288,0.199513,0.147169,0.0785625,0.203019,0,0.127169,0.111281,400,0
0.1,0.85,1,7000,0.113725,0.19905,0.153419,0.111406,0.149619,0,0.125837,0.146944,400,0
0.1,0.85,1,10000,0.133894,0.197356,0.134325,0.0831313,0.203187,0,0.12225,0.125856,400,0
0.1,0.85,1,25000,0.149062,0.204394,0.149206,0.08705,0.163419,0,0.120994,0.125875,400,0
0.1,0.85,1,50000,0.131463,0.193069,0.148625,0.0927812,0.184512,0,0.120313,0.129238,400,0
0.1,0.85,1,100000,0.15305,0.191175,0.145594,0.0851313,0.186112,0,0.117719,0.121219,400,0
0.1,0.85,1,160000,0.131156,0.213094,0.143388,0.102744,0.155587,0,0.106425,0.147606,400,0
0.1,0.85,1,0,0.125894,0.124694,0.125725,0.124575,0.124137,0.125325,0.125125,0.124525,400,0
0.1,0.85,1,1000,0.133375,0.203481,0.149469,0.110431,0.151931,0.0159938,0.105375,0.129944,400,0
0.1,0.85,1,2000,0.1329,0.204019,0.151894,0.0896062,0.17555,0,0.118769,0.127263,400,0
0.1,0.85,1,3000,0.132169,0.207225,0.1283,0.10545,0.190581,0,0.111,0.125275,400,0
0.1,0.85,1,5000,0.132431,0.215969,0.157262,0.0892687,0.168094,0,0.106944,0.130031,400,0
0.1,0.85,1,7000,0.134187,0.178281,0.146281,0.0948,0.170563,0,0.133919,0.141969,400,0
0.1,0.85,1,10000,0.1389,0.193963,0.140075,0.10645,0.17165,0,0.11805,0.130912,400,0
0.1,0.85,1,25000,0.147094,0.1853,0.148781,0.0994812,0.1697,0,0.121081,0.128562,400,0
0.1,0.85,1,50000,0.137056,0.194619,0.153075,0.0983437,0.173613,0,0.113613,0.129681,400,0
0.1,0.85,1,100000,0.121188,0.20675,0.127206,0.0866688,0.18895,0,0.138869,0.130369,400,0
0.1,0.85,1,160000,0.121344,0.1963,0.148644,0.08395,0.219312,0,0.115044,0.115406,400,0
0.1,0.9,1,0,0.125037,0.125988,0.125663,0.124181,0.124581,0.125369,0.125744,0.123438,400,0
0.1,0.9,1,1000,0.122325,0.243019,0.124725,0.0999938,0.170425,0.00431875,0.109912,0.125281,400,0
0.1,0.9,1,2000,0.130144,0.19565,0.144563,0.0934563,0.162038,0,0.110719,0.163431,400,0
0.1,0.9,1,3000,0.129387,0.20555,0.148725,0.0919563,0.159769,0,0.133538,0.131075,400,0
0.1,0.9,1,5000,0.114644,0.196556,0.1462,0.0934438,0.203769,0,0.115113,0.130275,400,0
0.1,0.9,1,7000,0.123331,0.204788,0.145969,0.0875313,0.160875,0,0.126744,0.150762,400,0
0.1,0.9,1,10000,0.1357,0.203712,0.132213,0.0874687,0.201044,0,0.120619,0.119244,400,0
0.1,0.9,1,25000,0.133431,0.177487,0.132831,0.0873063,0.177331,0,0.122512,0.1691,400,0
0.1,0.9,1,50000,0.138788,0.21645,0.157306,0.101206,0.171325,0,0.107531,0.107394,400,0
0.1,0.9,1,100000,0.136637,0.203288,0.152406,0.0949437,0.200281,0,0.0918063,0.120637,400,0
0.1,0.9,1,160000,0.122294,0.222325,0.139125,0.0963813,0.181,0,0.108019,0.130856,400,0
0.1,0.9,1,0,0.124575,0.123094,0.126731,0.126988,0.123556,0.125381,0.125762,0.123912,400,0
0.1,0.9,1,1000,0.124594,0.214675,0.133031,0.113475,0.173225,0.0117875,0.0976125,0.1316,400,0
0.1,0.9,1,2000,0.127719,0.204644,0.135463,0.0938812,0.196975,0.0010375,0.124156,0.116125,400,0
0.1,0.9,1,3000,0.125669,0.204794,0.136231,0.08555,0.179456,0,0.140444,0.127856,400,0
0.1,0.9,1,5000,0.1245,0.200456,0.125512,0.0961438,0.215306,0,0.10455,0.133531,400,0
0.1,0.9,1,7000,0.111437,0.197469,0.150375,0.0894438,0.167844,0,0.123375,0.160056,400,0
0.1,0.9,1,10000,0.116275,0.208225,0.147656,0.099375,0.204,0,0.106269,0.1182,400,0
0.1,0.9,1,25000,0.1365,0.194231,0.132431,0.0995687,0.1782,0,0.122281,0.136788,400,0
0.1,0.9,1,50000,0.129337,0.224,0.137744,0.0968187,0.17045,0,0.112263,0.129387,400,0
0.1,0.9,1,100000,0.136313,0.205912,0.141025,0.101837,0.170556,0,0.118981,0.125375,400,0
0.1,0.9,1,160000,0.131619,0.20215,0.130069,0.108294,0.1773,0,0.108494,0.142075,400,0
0.1,0.95,1,0,0.124469,0.1246,0.12615,0.123694,0.127213,0.125188,0.124606,0.124081,400,0
0.1,0.95,1,1000,0.116844,0.225656,0.126275,0.0824813,0.175194,0.00589375,0.11465,0.153006,400,0
0.1,0.95,1,2000,0.129062,0.20475,0.136206,0.0901187,0.173825,0,0.101294,0.164744,400,0
0.1,0.95,1,3000,0.137875,0.217425,0.125938,0.105088,0.156663,0,0.116731,0.140281,400,0
0.1,0.95,1,5000,0.121306,0.208244,0.143788,0.09845,0.198687,0,0.101544,0.127981,400,0
0.1,0.95,1,7000,0.12835,0.229106,0.133756,0.0940187,0.16175,0,0.10345,0.149569,400,0
0.1,0.95,1,10000,0.111219,0.194837,0.135219,0.106081,0.186087,0,0.1282,0.138356,400,0
0.1,0.95,1,25000,0.1194,0.227531,0.1342,0.10655,0.170662,0,0.106237,0.135419,400,0
0.1,0.95,1,50000,0.118263,0.207725,0.139437,0.104106,0.192013,0,0.111569,0.126887,400,0
0.1,0.95,1,100000,0.121044,0.203544,0.113238,0.123631,0.20205,0,0.108887,0.127606,400,0
0.1,0.95,1,160000,0.131856,0.22155,0.137731,0.127463,0.142075,0,0.11375,0.125575,400,0
0.1,0.95,1,0,0.124956,0.125456,0.1248,0.12585,0.124025,0.1261,0.123781,0.125031,400,0
0.1,0.95,1,1000,0.121656,0.223037,0.13845,0.0955,0.158175,0.00858125,0.103362,0.151237,400,0
0.1,0.95,1,2000,0.133969,0.207725,0.151375,0.1095,0.166006,0.000825,0.104925,0.125675,400,0
0.1,0.95,1,3000,0.140281,0.210519,0.127375,0.124256,0.16195,0,0.0913,0.144319,400,0
0.1,0.95,1,5000,0.135419,0.2226,0.123819,0.106112,0.191163,0,0.0959125,0.124975,400,0
0.1,0.95,1,7000,0.142244,0.214213,0.151119,0.0896813,0.167556,0,0.10535,0.129837,400,0
0.1,0.95,1,10000,0.128169,0.205669,0.142625,0.109869,0.164706,0,0.105194,0.143769,400,0
0.1,0.95,1,25000,0.119994,0.207281,0.134481,0.127825,0.188544,0,0.0998875,0.121987,400,0
0.1,0.95,1,50000,0.122869,0.229819,0.137712,0.112825,0.158475,0,0.115019,0.123281,400,0
0.1,0.95,1,100000,0.123806,0.235381,0.138881,0.100356,0.172744,0,0.106038,0.122794,400,0
0.1,0.95,1,160000,0.123819,0.197769,0.124144,0.101638,0.202644,0,0.110213,0.139775,400,0
0.1,1,1,0,0.125488,0.126394,0.125169,0.1249,0.124037,0.123525,0.124981,0.125506,400,0
0.1,1,1,1000,0.103906,0.217056,0.108994,0.12055,0.163669,0.008775,0.109969,0.167081,400,0
0.1,1,1,2000,0.127275,0.222006,0.146969,0.100437,0.145619,0,0.110094,0.1476,400,0
0.1,1,1,3000,0.131619,0.233506,0.133919,0.111544,0.134031,0,0.104237,0.151144,400,0
0.1,1,1,5000,0.105369,0.215925,0.143313,0.110488,0.162038,0,0.109387,0.153481,400,0
0.1,1,1,7000,0.116481,0.233706,0.115144,0.103069,0.17515,0,0.116263,0.140187,400,0
0.1,1,1,10000,0.11575,0.210437,0.136606,0.1059,0.160456,0,0.114619,0.156231,400,0
0.1,1,1,25000,0.114606,0.2194,0.140006,0.105244,0.180744,0,0.10355,0.13645,400,0
0.1,1,1,50000,0.120581,0.224587,0.128394,0.0970938,0.160619,0,0.113494,0.155231,400,0
0.1,1,1,100000,0.124206,0.222013,0.131656,0.0929688,0.164581,0,0.129988,0.134587,400,0
0.1,1,1,160000,0.137169,0.220087,0.123594,0.102606,0.163513,0,0.10795,0.145081,400,0
0.1,1,1,0,0.127188,0.124431,0.123331,0.124506,0.124113,0.124375,0.124675,0.127381,400,0
0.1,1,1,1000,0.1044,0.200794,0.131269,0.128112,0.142437,0.017125,0.122237,0.153625,400,0
0.1,1,1,2000,0.123094,0.245519,0.141619,0.0934312,0.145994,0.0008,0.102513,0.147031,400,0
0.1,1,1,3000,0.105438,0.225612,0.128044,0.109213,0.180619,0,0.111363,0.139712,400,0
0.1,1,1,5000,0.106081,0.211956,0.144281,0.102781,0.19025,0,0.115031,0.129619,400,0
0.1,1,1,7000,0.12255,0.22995,0.135344,0.109469,0.1673,0,0.1004,0.134988,400,0
0.1,1,1,10000,0.132556,0.237519,0.120794,0.101462,0.179425,0,0.0987688,0.129475,400,0
0.1,1,1,25000,0.116362,0.239844,0.131994,0.113706,0.156369,0,0.0948813,0.146844,400,0
0.1,1,1,50000,0.111213,0.249006,0.131238,0.107787,0.171662,0,0.0954312,0.133662,400,0
0.1,1,1,100000,0.118231,0.205219,0.129756,0.097575,0.196794,0,0.107037,0.145388,400,0
0.1,1,1,160000,0.120212,0.234919,0.121762,0.102119,0.133425,0,0.110706,0.176856,400,0
0.15,0,1,0,0.125444,0.12325,0.125175,0.125762,0.12485,0.124331,0.127106,0.124081,400,0
0.15,0,1,1000,0.115606,0.140662,0.1281,0.110325,0.120494,0.140113,0.119,0.1257,400,0
0.15,0,1,2000,0.135819,0.128994,0.124431,0.104869,0.134244,0.118688,0.127213,0.125744,400,0
0.15,0,1,3000,0.114312,0.146838,0.147487,0.124469,0.121237,0.113406,0.126556,0.105694,400,0
0.15,0,1,5000,0.117006,0.118756,0.113812,0.123144,0.138219,0.130387,0.137881,0.120794,400,0
0.15,0,1,7000,0.14,0.132169,0.123594,0.10265,0.124713,0.0999188,0.141838,0.135119,400,0
0.15,0,1,10000,0.154294,0.129875,0.1345,0.119781,0.125144,0.108269,0.117419,0.110719,400,0
0.15,0,1,25000,0.1056,0.123838,0.121794,0.145469,0.144231,0.115981,0.1368,0.106287,400,0
0.15,0,1,50000,0.115081,0.134744,0.156556,0.125787,0.124394,0.121481,0.0931938,0.128763,400,0
0.15,0,1,100000,0.108169,0.138387,0.150725,0.139481,0.13085,0.123306,0.0953,0.113781,400,0
0.15,0,1,160000,0.126606,0.142162,0.141794,0.131444,0.12285,0.106306,0.11345,0.115388,400,0
0.15,0,1,0,0.125606,0.123944,0.125394,0.125575,0.126869,0.124944,0.122963,0.124706,400,0
0.15,0,1,1000,0.100781,0.121512,0.152481,0.129912,0.135112,0.13,0.118544,0.111656,400,0
0.15,0,1,2000,0.131581,0.127819,0.117456,0.125,0.103775,0.127156,0.1258,0.141412,400,0
0.15,0,1,3000,0.129413,0.108088,0.111775,0.121612,0.138538,0.136081,0.12785,0.126644,400,0
0.15,0,1,5000,0.128713,0.116619,0.116044,0.131231,0.11505,0.12635,0.124,0.141994,400,0
0.15,0,1,7000,0.113925,0.134738,0.141637,0.133094,0.126262,0.13465,0.118106,0.0975875,400,0
0.15,0,1,10000,0.1296,0.132619,0.131469,0.11575,0.118606,0.126794,0.124981,0.120181,400,0
0.15,0,1,25000,0.1197,0.124131,0.114506,0.127837,0.130337,0.120681,0.1311,0.131706,400,0
0.15,0,1,50000,0.129969,0.115769,0.123881,0.14605,0.102125,0.113662,0.13775,0.130794,400,0
0.15,0,1,100000,0.121869,0.115625,0.119163,0.109963,0.133587,0.118025,0.123225,0.158544,400,0
0.15,0,1,160000,0.144075,0.113644,0.119194,0.128612,0.120788,0.127513,0.119575,0.1266,400,0
0.15,0.05,1,0,0.126394,0.124525,0.126244,0.123912,0.125925,0.1243,0.125569,0.123131,400,0
0.15,0.05,1,1000,0.104181,0.140869,0.102894,0.107025,0.13175,0.153737,0.120119,0.139425,400,0
0.15,0.05,1,2000,0.123162,0.135344,0.099325,0.12885,0.119762,0.129663,0.120675,0.143219,400,0
0.15,0.05,1,3000,0.103288,0.1307,0.137856,0.131406,0.119481,0.119356,0.121725,0.136187,400,0
0.15,0.05,1,5000,0.0978062,0.117025,0.110838,0.176175,0.115613,0.1156,0.137356,0.129587,400,0
0.15,0.05,1,7000,0.120512,0.127963,0.1282,0.115956,0.134837,0.127919,0.116519,0.128094,400,0
0.15,0.05,1,10000,0.114231,0.135263,0.133112,0.123863,0.132419,0.120387,0.104262,0.136462,400,0
0.15,0.05,1,25000,0.107931,0.123863,0.1043,0.127006,0.128575,0.138744,0.130513,0.139069,400,0
0.15,0.05,1,50000,0.142819,0.126631,0.11665,0.122662,0.134475,0.120688,0.121369,0.114706,400,0
0.15,0.05,1,100000,0.114194,0.121075,0.119862,0.12105,0.122306,0.133975,0.116187,0.15135,400,0
0.15,0.05,1,160000,0.104481,0.131225,0.094675,0.138469,0.134263,0.115981,0.133794,0.147113,400,0
0.15,0.05,1,0,0.125494,0.124787,0.12585,0.124956,0.124694,0.124119,0.126,0.1241,400,0
0.15,0.05,1,1000,0.109194,0.131244,0.102731,0.123112,0.134369,0.104163,0.136838,0.15835,400,0
0.15,0.05,1,2000,0.0947125,0.120788,0.110113,0.134219,0.151,0.121012,0.14395,0.124206,400,0
0.15,0.05,1,3000,0.10745,0.141606,0.112781,0.142512,0.117438,0.131806,0.121719,0.124688,400,0
0.15,0.05,1,5000,0.127806,0.145894,0.103538,0.109481,0.120606,0.131031,0.111175,0.150469,400,0
0.15,0.05,1,7000,0.118056,0.134488,0.144119,0.107188,0.107344,0.12525,0.121994,0.141563,400,0
0.15,0.05,1,10000,0.11365,0.136962,0.0939125,0.120612,0.134169,0.137444,0.132637,0.130612,400,0
0.15,0.05,1,25000,0.11615,0.124319,0.117462,0.15425,0.122,0.124512,0.0979,0.143406,400,0
0.15,0.05,1,50000,0.108137,0.139137,0.12535,0.125413,0.119056,0.110637,0.124906,0.147363,400,0
0.15,0.05,1,100000,0.117325,0.193144,0.131119,0.114919,0.101081,0.113725,0.109856,0.118831,400,0
0.15,0.05,1,160000,0.111162,0.12565,0.117344,0.136275,0.104156,0.1222,0.130019,0.153194,400,0
0.15,0.1,1,0,0.125425,0.124431,0.125375,0.125512,0.123637,0.125463,0.124594,0.125562,400,0
0.15,0.1,1,1000,0.12275,0.127419,0.114719,0.110588,0.109444,0.151006,0.119587,0.144487,400,0
0.15,0.1,1,2000,0.107925,0.166506,0.118269,0.151237,0.106256,0.131031,0.101119,0.117656,400,0
0.15,0.1,1,3000,0.113013,0.100531,0.0985937,0.148925,0.121713,0.128213,0.129238,0.159775,400,0
0.15,0.1,1,5000,0.0955687,0.1308,0.118844,0.144888,0.130456,0.141137,0.116981,0.121325,400,0
0.15,0.1,1,7000,0.0992187,0.135244,0.121063,0.1531,0.126856,0.138056,0.101375,0.125087,400,0
0.15,0.1,1,10000,0.108625,0.119269,0.102987,0.1397,0.131837,0.122563,0.130069,0.14495,400,0
0.15,0.1,1,25000,0.10955,0.118362,0.0988062,0.1377,0.140444,0.140044,0.115694,0.1394,400,0
0.15,0.1,1,50000,0.106556,0.126531,0.113469,0.152369,0.139419,0.139431,0.10965,0.112575,400,0
0.15,0.1,1,100000,0.101725,0.1695,0.125794,0.139387,0.120431,0.107481,0.1241,0.111581,400,0
0.15,0.1,1,160000,0.10765,0.131344,0.105506,0.132112,0.127306,0.119163,0.132125,0.144794,400,0
0.15,0.1,1,0,0.124856,0.125456,0.1244,0.125638,0.125888,0.124063,0.124569,0.125131,400,0
0.15,0.1,1,1000,0.110394,0.179462,0.132294,0.136875,0.127688,0.101256,0.0997062,0.112325,400,0
0.15,0.1,1,2000,0.111644,0.110494,0.110537,0.130963,0.139737,0.150619,0.11295,0.133056,400,0
0.15,0.1,1,3000,0.0972,0.1596,0.106963,0.1234,0.145431,0.13235,0.126719,0.108338,400,0
0.15,0.1,1,5000,0.111363,0.130713,0.107412,0.132269,0.128556,0.1335,0.115606,0.140581,400,0
0.15,0.1,1,7000,0.127787,0.143556,0.126144,0.122825,0.119481,0.127625,0.105625,0.126956,400,0
0.15,0.1,1,10000,0.1253,0.146125,0.1262,0.116994,0.116006,0.133981,0.111925,0.123469,400,0
0.15,0.1,1,25000,0.1287,0.137687,0.109369,0.121469,0.122356,0.109006,0.125231,0.146181,400,0
0.15,0.1,1,50000,0.118456,0.136169,0.102456,0.112506,0.119563,0.131213,0.131525,0.148113,400,0
0.15,0.1,1,100000,0.10055,0.124838,0.122731,0.153213,0.133881,0.104012,0.106031,0.154744,400,0
0.15,0.1,1,160000,0.118975,0.138869,0.112319,0.121694,0.105694,0.110562,0.116575,0.175313,400,0
0.15,0.15,1,0,0.124313,0.12515,0.124688,0.124844,0.125419,0.126069,0.124412,0.125106,400,0
0.15,0.15,1,1000,0.106662,0.131931,0.114544,0.128463,0.142781,0.127556,0.118381,0.129681,400,0
0.15,0.15,1,2000,0.098225,0.137,0.1232,0.122819,0.108037,0.124944,0.146025,0.13975,400,0
0.15,0.15,1,3000,0.109963,0.134881,0.1032,0.143431,0.102419,0.129488,0.123106,0.153512,400,0
0.15,0.15,1,5000,0.103956,0.150712,0.120987,0.15175,0.117,0.111475,0.107338,0.136781,400,0
0.15,0.15,1,7000,0.0994063,0.15,0.112425,0.133931,0.134213,0.12175,0.106438,0.141838,400,0
0.15,0.15,1,10000,0.110081,0.153694,0.1297,0.131719,0.111531,0.114263,0.110044,0.138969,400,0
0.15,0.15,1,25000,0.101031,0.127581,0.1142,0.132781,0.1331,0.147231,0.1099,0.134175,400,0
0.15,0.15,1,50000,0.118919,0.135837,0.11435,0.111925,0.140437,0.119725,0.121425,0.137381,400,0
0.15,0.15,1,100000,0.110762,0.168206,0.10965,0.106544,0.111044,0.131662,0.119512,0.142619,400,0
0.15,0.15,1,160000,0.100206,0.145675,0.129562,0.113056,0.112106,0.130931,0.121131,0.147331,400,0
0.15,0.15,1,0,0.125881,0.124313,0.123963,0.125244,0.1243,0.124906,0.126431,0.124963,400,0
0.15,0.15,1,1000,0.0988563,0.152306,0.115244,0.1338,0.134031,0.1163,0.114394,0.135069,400,0
0.15,0.15,1,2000,0.125913,0.153456,0.0964562,0.123512,0.104656,0.125425,0.126156,0.144425,400,0
0.15,0.15,1,3000,0.1197,0.180475,0.105031,0.1302,0.111475,0.133094,0.108825,0.1112,400,0
0.15,0.15,1,5000,0.1064,0.119281,0.110725,0.128775,0.130819,0.158319,0.114238,0.131444,400,0
0.15,0.15,1,7000,0.135437,0.161275,0.121338,0.129256,0.112819,0.106112,0.106725,0.127037,400,0
0.15,0.15,1,10000,0.102506,0.146363,0.101962,0.148794,0.1214,0.122037,0.126544,0.130394,400,0
0.15,0.15,1,25000,0.114594,0.156806,0.116431,0.138725,0.115844,0.116962,0.107031,0.133606,400,0
0.15,0.15,1,50000,0.112388,0.177937,0.125269,0.110738,0.105231,0.124756,0.120969,0.122713,400,0
0.15,0.15,1,100000,0.110338,0.143313,0.122569,0.118756,0.135912,0.113619,0.1119,0.143594,400,0
0.15,0.15,1,160000,0.105856,0.154531,0.1091,0.131319,0.135075,0.111513,0.113294,0.139313,400,0
0.15,0.2,1,0,0.123975,0.125956,0.124381,0.123469,0.125144,0.126106,0.124756,0.126213,400,0
0.15,0.2,1,1000,0.111787,0.14925,0.110088,0.105512,0.094225,0.128713,0.117025,0.1834,400,0
0.15,0.2,1,2000,0.101087,0.174844,0.104175,0.132344,0.112406,0.120281,0.116462,0.1384,400,0
0.15,0.2,1,3000,0.09555,0.136094,0.0975687,0.115406,0.141788,0.128225,0.150094,0.135275,400,0
0.15,0.2,1,5000,0.119012,0.160056,0.115644,0.11925,0.120919,0.0947438,0.137412,0.132963,400,0
0.15,0.2,1,7000,0.087175,0.163912,0.11155,0.147256,0.120788,0.117025,0.113631,0.138662,400,0
0.15,0.2,1,10000,0.09895,0.159919,0.114931,0.148113,0.134837,0.110931,0.11005,0.122269,400,0
0.15,0.2,1,25000,0.093125,0.140419,0.100306,0.119375,0.110262,0.115312,0.185394,0.135806,400,0
0.15,0.2,1,50000,0.116356,0.152638,0.102625,0.115119,0.0969125,0.12375,0.140444,0.152156,400,0
0.15,0.2,1,100000,0.120181,0.178019,0.117925,0.129531,0.130381,0.102663,0.101169,0.120131,400,0
0.15,0.2,1,160000,0.1163,0.1463,0.106412,0.113394,0.113281,0.119656,0.117888,0.166769,400,0
0.15,0.2,1,0,0.126663,0.125456,0.123988,0.126356,0.12405,0.123669,0.124756,0.125062,400,0
0.15,0.2,1,1000,0.105825,0.131688,0.127019,0.139338,0.154731,0.117025,0.114931,0.109444,400,0
0.15,0.2,1,2000,0.111638,0.149081,0.110331,0.13395,0.111281,0.1173,0.1174,0.149019,400,0
0.15,0.2,1,3000,0.110569,0.170819,0.126725,0.133775,0.112081,0.0824687,0.134744,0.128819,400,0
0.15,0.2,1,5000,0.126925,0.152631,0.117819,0.117219,0.13855,0.111306,0.101775,0.133775,400,0
0.15,0.2,1,7000,0.113725,0.125638,0.100456,0.112319,0.132269,0.138925,0.120619,0.15605,400,0
0.15,0.2,1,10000,0.114531,0.132844,0.123569,0.139625,0.102631,0.107344,0.143606,0.13585,400,0
0.15,0.2,1,25000,0.106144,0.183581,0.103069,0.122012,0.133694,0.1109,0.106506,0.134094,400,0
0.15,0.2,1,50000,0.1069,0.135019,0.1211,0.130031,0.140006,0.1182,0.123881,0.124863,400,0
0.15,0.2,1,100000,0.0810188,0.134162,0.09035,0.152012,0.126944,0.136838,0.14605,0.132625,400,0
0.15,0.2,1,160000,0.0987875,0.138006,0.114544,0.130387,0.133538,0.119431,0.120775,0.144531,400,0
0.15,0.25,1,0,0.125506,0.124531,0.125663,0.124119,0.126119,0.125037,0.123838,0.125188,400,0
0.15,0.25,1,1000,0.0914375,0.134538,0.120175,0.124031,0.106825,0.143094,0.125225,0.154675,400,0
0.15,0.25,1,2000,0.100494,0.126581,0.101362,0.127713,0.122362,0.135744,0.131681,0.154062,400,0
0.15,0.25,1,3000,0.1046,0.158806,0.117531,0.140675,0.124025,0.111231,0.115388,0.127744,400,0
0.15,0.25,1,5000,0.0822563,0.149656,0.110081,0.1153,0.123825,0.143831,0.127625,0.147425,400,0
0.15,0.25,1,7000,0.10555,0.136244,0.112812,0.0999188,0.0956125,0.141437,0.149588,0.158837,400,0
0.15,0.25,1,10000,0.106694,0.125012,0.09605,0.127125,0.139606,0.127406,0.1446,0.133506,400,0
0.15,0.25,1,25000,0.104825,0.12815,0.123162,0.156506,0.125025,0.122869,0.117237,0.122225,400,0
0.15,0.25,1,50000,0.0978437,0.152919,0.1031,0.115288,0.129431,0.12675,0.123719,0.15095,400,0
0.15,0.25,1,100000,0.111969,0.185081,0.0948625,0.110494,0.100681,0.1021,0.143031,0.151781,400,0
0.15,0.25,1,160000,0.104325,0.142669,0.123656,0.142912,0.124881,0.0969312,0.109994,0.154631,400,0
0.15,0.25,1,0,0.1251,0.125369,0.123281,0.1253,0.126656,0.126112,0.1241,0.124081,400,0
0.15,0.25,1,1000,0.0945437,0.140487,0.0970562,0.127425,0.135219,0.120569,0.131725,0.152975,400,0
0.15,0.25,1,2000,0.118044,0.180844,0.12505,0.1252,0.11385,0.0992,0.096025,0.141788,400,0
0.15,0.25,1,3000,0.104019,0.140137,0.0991687,0.135794,0.108744,0.123588,0.1391,0.14945,400,0
0.15,0.25,1,5000,0.111881,0.152344,0.118081,0.141013,0.134112,0.130806,0.0982875,0.113475,400,0
0.15,0.25,1,7000,0.0897437,0.163519,0.104856,0.118794,0.122662,0.124525,0.139356,0.136544,400,0
0.15,0.25,1,10000,0.0993875,0.166044,0.124488,0.119219,0.13775,0.118231,0.121744,0.113138,400,0
0.15,0.25,1,25000,0.100056,0.132631,0.102712,0.1071,0.112238,0.145031,0.165644,0.134587,400,0
0.15,0.25,1,50000,0.0941188,0.164569,0.12565,0.133544,0.112756,0.106269,0.123225,0.139869,400,0
0.15,0.25,1,100000,0.107412,0.180294,0.120963,0.146581,0.107338,0.0874125,0.115806,0.134194,400,0
0.15,0.25,1,160000,0.122469,0.143844,0.111638,0.0967313,0.112931,0.0979312,0.110213,0.204244,400,0
0.15,0.3,1,0,0.126469,0.1243,0.125175,0.123806,0.125481,0.125981,0.123756,0.125031,400,0
0.15,0.3,1,1000,0.114738,0.170462,0.121256,0.102856,0.108394,0.101094,0.116788,0.164412,400,0
0.15,0.3,1,2000,0.0865188,0.170431,0.117919,0.142013,0.138494,0.111975,0.110812,0.121838,400,0
0.15,0.3,1,3000,0.1026,0.159413,0.12875,0.148981,0.1326,0.0890813,0.0917687,0.146806,400,0
0.15,0.3,1,5000,0.0904812,0.127887,0.130544,0.148944,0.134456,0.106156,0.112388,0.149144,400,0
0.15,0.3,1,7000,0.100981,0.168344,0.101775,0.0955063,0.140344,0.121069,0.108294,0.163688,400,0
0.15,0.3,1,10000,0.0918937,0.163756,0.104919,0.122419,0.122331,0.115431,0.113912,0.165337,400,0
0.15,0.3,1,25000,0.0922937,0.13895,0.114981,0.1444,0.135531,0.105494,0.0959813,0.172369,400,0
0.15,0.3,1,50000,0.0895062,0.125194,0.118106,0.155694,0.176663,0.104181,0.11995,0.110706,400,0
0.15,0.3,1,100000,0.080475,0.145413,0.113125,0.104688,0.114562,0.1229,0.145569,0.173269,400,0
0.15,0.3,1,160000,0.1029,0.191744,0.124256,0.115431,0.111406,0.103337,0.122619,0.128306,400,0
0.15,0.3,1,0,0.125238,0.124919,0.124569,0.124231,0.1253,0.125906,0.125294,0.124544,400,0
0.15,0.3,1,1000,0.105625,0.123912,0.109113,0.111906,0.1161,0.143219,0.123706,0.166419,400,0
0.15,0.3,1,2000,0.112219,0.162538,0.127269,0.116156,0.118819,0.104275,0.128738,0.129988,400,0
0.15,0.3,1,3000,0.103156,0.122313,0.1388,0.124556,0.143369,0.0955375,0.110819,0.16145,400,0
0.15,0.3,1,5000,0.109881,0.178969,0.098725,0.1204,0.117675,0.110169,0.102837,0.161344,400,0
0.15,0.3,1,7000,0.117837,0.192331,0.134856,0.122831,0.117775,0.0854875,0.0882813,0.1406,400,0
0.15,0.3,1,10000,0.103819,0.136687,0.109256,0.118612,0.143412,0.101769,0.154275,0.132169,400,0
0.15,0.3,1,25000,0.0984875,0.194062,0.112131,0.1387,0.124831,0.110069,0.0957812,0.125938,400,0
0.15,0.3,1,50000,0.1135,0.152556,0.114363,0.134169,0.106625,0.11035,0.109706,0.158731,400,0
0.15,0.3,1,100000,0.124825,0.134206,0.092325,0.125756,0.1002,0.0983375,0.11885,0.2055,400,0
0.15,0.3,1,160000,0.0894,0.128463,0.113094,0.135494,0.107887,0.122369,0.163612,0.139681,400,0
0.15,0.35,1,0,0.124412,0.125956,0.123694,0.124425,0.125944,0.123819,0.125981,0.125769,400,0
0.15,0.35,1,1000,0.116212,0.142544,0.110444,0.121181,0.154094,0.10715,0.124963,0.123412,400,0
0.15,0.35,1,2000,0.102719,0.136375,0.110738,0.124281,0.12885,0.107669,0.1275,0.161869,400,0
0.15,0.35,1,3000,0.125369,0.140269,0.114769,0.118969,0.118138,0.115294,0.110919,0.156275,400,0
0.15,0.35,1,5000,0.106831,0.1414,0.136044,0.115019,0.179344,0.0812875,0.11185,0.128225,400,0
0.15,0.35,1,7000,0.119019,0.167437,0.137825,0.123619,0.135319,0.0858,0.099975,0.131006,400,0
0.15,0.35,1,10000,0.122838,0.132362,0.110238,0.117875,0.142912,0.0938563,0.107525,0.172394,400,0
0.15,0.35,1,25000,0.117656,0.120375,0.1012,0.121719,0.13785,0.0763687,0.124644,0.200187,400,0
0.15,0.35,1,50000,0.110531,0.118606,0.123012,0.117987,0.14865,0.106006,0.127594,0.147613,400,0
0.15,0.35,1,100000,0.0833938,0.135437,0.115812,0.137406,0.116625,0.118706,0.128644,0.163975,400,0
0.15,0.35,1,160000,0.127381,0.163169,0.136825,0.116069,0.104425,0.0877437,0.118425,0.145962,400,0
0.15,0.35,1,0,0.126681,0.125612,0.125012,0.125306,0.126281,0.12405,0.124694,0.122362,400,0
0.15,0.35,1,1000,0.0941063,0.137969,0.108069,0.121356,0.111881,0.10795,0.141313,0.177356,400,0
0.15,0.35,1,2000,0.105325,0.166569,0.115937,0.112031,0.130194,0.113481,0.122275,0.134187,400,0
0.15,0.35,1,3000,0.116731,0.151212,0.127763,0.130513,0.130819,0.0875563,0.124037,0.131369,400,0
0.15,0.35,1,5000,0.099775,0.128831,0.148438,0.146525,0.152,0.117006,0.092075,0.11535,400,0
0.15,0.35,1,7000,0.109838,0.13795,0.127194,0.100944,0.149506,0.0853938,0.1213,0.167875,400,0
0.15,0.35,1,10000,0.0953125,0.112,0.115281,0.122912,0.141506,0.120475,0.135738,0.156775,400,0
0.15,0.35,1,25000,0.125269,0.138744,0.136131,0.096275,0.1354,0.0785,0.110919,0.178762,400,0
0.15,0.35,1,50000,0.0933812,0.156362,0.0987813,0.0949938,0.105306,0.0938188,0.154844,0.202513,400,0
0.15,0.35,1,100000,0.129606,0.147269,0.103375,0.129213,0.0986438,0.0985562,0.119181,0.174156,400,0
0.15,0.35,1,160000,0.109275,0.137969,0.139369,0.119869,0.116862,0.124675,0.130981,0.121,400,0
0.15,0.4,1,0,0.125669,0.124681,0.124762,0.125575,0.125488,0.124394,0.124669,0.124762,400,0
0.15,0.4,1,1000,0.0996875,0.164437,0.129044,0.1187,0.116644,0.0857312,0.123206,0.16255,400,0
0.15,0.4,1,2000,0.10505,0.184413,0.127619,0.123119,0.108369,0.093275,0.129387,0.128769,400,0
0.15,0.4,1,3000,0.0993875,0.1348,0.111394,0.0947625,0.161263,0.129431,0.138756,0.130206,400,0
0.15,0.4,1,5000,0.114981,0.129844,0.132812,0.105356,0.134769,0.0947687,0.149794,0.137675,400,0
0.15,0.4,1,7000,0.101437,0.180625,0.0968312,0.113375,0.139475,0.092325,0.111575,0.164356,400,0
0.15,0.4,1,10000,0.120269,0.159575,0.117544,0.109506,0.119137,0.0923438,0.118869,0.162756,400,0
0.15,0.4,1,25000,0.1169,0.102587,0.0992312,0.106713,0.17355,0.106156,0.136781,0.158081,400,0
0.15,0.4,1,50000,0.124894,0.1457,0.1069,0.117225,0.137006,0.0931063,0.1445,0.130669,400,0
0.15,0.4,1,100000,0.08825,0.113381,0.106737,0.130344,0.132981,0.101744,0.1414,0.185163,400,0
0.15,0.4,1,160000,0.08815,0.156325,0.147981,0.11455,0.135581,0.108931,0.125888,0.122594,400,0
0.15,0.4,1,0,0.126281,0.124544,0.123488,0.125287,0.124438,0.125706,0.124519,0.125738,400,0
0.15,0.4,1,1000,0.0936938,0.147063,0.121106,0.162219,0.165581,0.0957063,0.0968688,0.117763,400,0
0.15,0.4,1,2000,0.124369,0.154713,0.11395,0.131831,0.1167,0.0879188,0.108819,0.1617,400,0
0.15,0.4,1,3000,0.0962688,0.168481,0.114306,0.1058,0.146481,0.104212,0.11565,0.1488,400,0
0.15,0.4,1,5000,0.124925,0.173325,0.1188,0.0922125,0.123831,0.0983563,0.128806,0.139744,400,0
0.15,0.4,1,7000,0.120494,0.17235,0.1052,0.113212,0.113275,0.0908562,0.118688,0.165925,400,0
0.15,0.4,1,10000,0.119487,0.139425,0.105931,0.0955875,0.139788,0.0904625,0.145719,0.1636,400,0
0.15,0.4,1,25000,0.117506,0.127688,0.117719,0.0936938,0.127981,0.0903438,0.146631,0.178437,400,0
0.15,0.4,1,50000,0.12335,0.145906,0.114538,0.0945938,0.144863,0.111975,0.1276,0.137175,400,0
0.15,0.4,1,100000,0.130919,0.136712,0.117344,0.0838375,0.123319,0.0738562,0.14605,0.187963,400,0
0.15,0.4,1,160000,0.0981,0.173244,0.125362,0.08865,0.161869,0.0911562,0.137175,0.124444,400,0
0.15,0.45,1,0,0.12655,0.125325,0.125388,0.124775,0.123675,0.124794,0.125444,0.12405,400,0
0.15,0.45,1,1000,0.11655,0.173569,0.122775,0.0989312,0.152794,0.0957625,0.114375,0.125244,400,0
0.15,0.45,1,2000,0.13125,0.157262,0.140925,0.116975,0.131175,0.0747938,0.116175,0.131444,400,0
0.15,0.45,1,3000,0.110425,0.137294,0.147994,0.120731,0.137687,0.06995,0.15305,0.122869,400,0
0.15,0.45,1,5000,0.1225,0.127894,0.121063,0.0896,0.167531,0.0688062,0.157544,0.145063,400,0
0.15,0.45,1,7000,0.122175,0.145262,0.106563,0.129825,0.123006,0.0734,0.119031,0.180737,400,0
0.15,0.45,1,10000,0.099175,0.141194,0.119813,0.125381,0.120706,0.0940813,0.147663,0.151987,400,0
0.15,0.45,1,25000,0.0964562,0.135975,0.114781,0.104288,0.1484,0.0998688,0.161831,0.1384,400,0
0.15,0.45,1,50000,0.128475,0.148163,0.110863,0.0830125,0.143356,0.0946687,0.131337,0.160125,400,0
0.15,0.45,1,100000,0.108331,0.175831,0.1288,0.12505,0.166531,0.073725,0.0893875,0.132344,400,0
0.15,0.45,1,160000,0.125587,0.160869,0.108037,0.0857875,0.129519,0.095325,0.151338,0.143538,400,0
0.15,0.45,1,0,0.123863,0.125931,0.125125,0.125944,0.125062,0.125075,0.124219,0.124781,400,0
0.15,0.45,1,1000,0.12925,0.170769,0.142294,0.108975,0.128406,0.07265,0.106487,0.141169,400,0
0.15,0.45,1,2000,0.114375,0.146756,0.115006,0.109781,0.119438,0.104556,0.128537,0.16155,400,0
0.15,0.45,1,3000,0.1172,0.134481,0.103031,0.0855563,0.132694,0.0923438,0.150075,0.184619,400,0
0.15,0.45,1,5000,0.0983625,0.160213,0.127469,0.114663,0.167,0.0933688,0.09435,0.144575,400,0
0.15,0.45,1,7000,0.107,0.125388,0.107612,0.121413,0.1486,0.125744,0.13785,0.126394,400,0
0.15,0.45,1,10000,0.11425,0.159925,0.110906,0.122612,0.124469,0.110875,0.137125,0.119837,400,0
0.15,0.45,1,25000,0.122537,0.151281,0.131444,0.0764438,0.156169,0.07295,0.126494,0.162681,400,0
0.15,0.45,1,50000,0.123875,0.154606,0.139144,0.106912,0.132263,0.0956313,0.109569,0.138,400,0
0.15,0.45,1,100000,0.115331,0.145456,0.114506,0.1141,0.131238,0.0815375,0.135031,0.1628,400,0
0.15,0.45,1,160000,0.106981,0.138956,0.1378,0.0943062,0.151512,0.0905938,0.13705,0.1428,400,0
0.15,0.5,1,0,0.126312,0.125925,0.1251,0.123262,0.125194,0.1246,0.125219,0.124387,400,0
0.15,0.5,1,1000,0.132806,0.173412,0.14135,0.109719,0.149031,0.0643688,0.123725,0.105588,400,0
0.15,0.5,1,2000,0.116494,0.170894,0.147338,0.10065,0.151812,0.0779187,0.127394,0.1075,400,0
0.15,0.5,1,3000,0.131788,0.163519,0.140575,0.111369,0.12895,0.0456875,0.149987,0.128125,400,0
0.15,0.5,1,5000,0.111437,0.169725,0.13965,0.106912,0.148675,0.0835063,0.104931,0.135162,400,0
0.15,0.5,1,7000,0.105575,0.147231,0.13495,0.101944,0.154837,0.0605687,0.126112,0.168781,400,0
0.15,0.5,1,10000,0.1276,0.140975,0.138269,0.10155,0.141912,0.077825,0.146275,0.125594,400,0
0.15,0.5,1,25000,0.0845937,0.148088,0.1254,0.100663,0.148506,0.0886563,0.119625,0.184469,400,0
0.15,0.5,1,50000,0.110156,0.14145,0.138681,0.103531,0.183087,0.0788875,0.131538,0.112669,400,0
0.15,0.5,1,100000,0.115919,0.167831,0.147056,0.109175,0.163662,0.0541437,0.129738,0.112475,400,0
0.15,0.5,1,160000,0.118806,0.174538,0.134337,0.106244,0.143256,0.0601125,0.135281,0.127425,400,0
0.15,0.5,1,0,0.124725,0.126125,0.125413,0.123669,0.124162,0.125494,0.125544,0.124869,400,0
0.15,0.5,1,1000,0.109381,0.141563,0.144119,0.107431,0.143588,0.0756187,0.150169,0.128131,400,0
0.15,0.5,1,2000,0.116375,0.15225,0.139494,0.0897813,0.15215,0.0552562,0.140656,0.154037,400,0
0.15,0.5,1,3000,0.112244,0.160994,0.153381,0.095975,0.166294,0.0350437,0.12345,0.152619,400,0
0.15,0.5,1,5000,0.10345,0.118181,0.129556,0.0999625,0.186269,0.0758812,0.141931,0.144769,400,0
0.15,0.5,1,7000,0.127513,0.1552,0.132406,0.115356,0.175125,0.051825,0.121775,0.1208,400,0
0.15,0.5,1,10000,0.122662,0.184888,0.133594,0.091475,0.136387,0.0527437,0.133875,0.144375,400,0
0.15,0.5,1,25000,0.138381,0.146581,0.120481,0.0968563,0.144425,0.0509563,0.130381,0.171937,400,0
0.15,0.5,1,50000,0.121025,0.170419,0.138594,0.116294,0.156581,0.047475,0.143869,0.105744,400,0
0.15,0.5,1,100000,0.120713,0.180762,0.125925,0.0809875,0.161025,0.0460125,0.156569,0.128006,400,0
0.15,0.5,1,160000,0.144019,0.204056,0.123319,0.0734563,0.158938,0.0325,0.124775,0.138937,400,0
0.15,0.55,1,0,0.124456,0.125306,0.124756,0.1252,0.126756,0.124088,0.124281,0.125156,400,0
0.15,0.55,1,1000,0.129669,0.173106,0.124644,0.0822937,0.1377,0.0536937,0.137162,0.161731,400,0
0.15,0.55,1,2000,0.139694,0.136344,0.155119,0.0957375,0.195444,0.02225,0.141769,0.113644,400,0
0.15,0.55,1,3000,0.117769,0.141506,0.127744,0.0882375,0.188375,0.0506062,0.142013,0.14375,400,0
0.15,0.55,1,5000,0.128694,0.180325,0.121569,0.0851313,0.14385,0.0525125,0.130456,0.157463,400,0
0.15,0.55,1,7000,0.156062,0.154037,0.145888,0.0850562,0.160713,0.0246062,0.133931,0.139706,400,0
0.15,0.55,1,10000,0.11245,0.142225,0.158787,0.0718125,0.17655,0.0344062,0.171925,0.131844,400,0
0.15,0.55,1,25000,0.160669,0.148119,0.144681,0.0877,0.159163,0.0367125,0.127988,0.134969,400,0
0.15,0.55,1,50000,0.155087,0.148125,0.152794,0.08895,0.163081,0.0487563,0.129894,0.113312,400,0
0.15,0.55,1,100000,0.149456,0.163006,0.144388,0.0828688,0.151638,0.0344875,0.146638,0.127519,400,0
0.15,0.55,1,160000,0.153113,0.131963,0.1212,0.113219,0.153413,0.0519563,0.147537,0.1276,400,0
0.15,0.55,1,0,0.124762,0.124881,0.124981,0.124425,0.124631,0.124181,0.125894,0.126244,400,0
0.15,0.55,1,1000,0.093975,0.131456,0.125894,0.110756,0.167,0.0689625,0.141962,0.159994,400,0
0.15,0.55,1,2000,0.106512,0.146237,0.150225,0.0938062,0.174125,0.048725,0.129031,0.151338,400,0
0.15,0.55,1,3000,0.109456,0.142775,0.138894,0.10035,0.169238,0.0546188,0.155688,0.128981,400,0
0.15,0.55,1,5000,0.145269,0.152875,0.159169,0.0745875,0.151363,0.0389688,0.153419,0.12435,400,0
0.15,0.55,1,7000,0.136106,0.155025,0.162156,0.089725,0.184463,0.0571687,0.141181,0.074175,400,0
0.15,0.55,1,10000,0.153694,0.150519,0.147962,0.0839437,0.161056,0.018975,0.173038,0.110812,400,0
0.15,0.55,1,25000,0.141525,0.16895,0.140962,0.100581,0.1709,0.0355063,0.122987,0.118587,400,0
0.15,0.55,1,50000,0.1392,0.1476,0.154156,0.09215,0.168169,0.0494625,0.133369,0.115894,400,0
0.15,0.55,1,100000,0.143388,0.154438,0.1178,0.0873125,0.207906,0.035175,0.141106,0.112875,400,0
0.15,0.55,1,160000,0.135644,0.177331,0.1298,0.0808125,0.1688,0.03475,0.157006,0.115856,400,0
0.15,0.6,1,0,0.125881,0.126031,0.124519,0.12525,0.125356,0.124094,0.124225,0.124644,400,0
0.15,0.6,1,1000,0.130294,0.143619,0.129812,0.0908562,0.1846,0.03835,0.155769,0.1267,400,0
0.15,0.6,1,2000,0.155025,0.168306,0.124569,0.0836125,0.148556,0.021125,0.1598,0.139006,400,0
0.15,0.6,1,3000,0.13695,0.146969,0.1384,0.0760062,0.1868,0.0184687,0.168906,0.1275,400,0
0.15,0.6,1,5000,0.140906,0.153331,0.164156,0.0624625,0.20505,0.0071125,0.1767,0.0902812,400,0
0.15,0.6,1,7000,0.164437,0.148575,0.173712,0.0728313,0.159844,0.00384375,0.166081,0.110675,400,0
0.15,0.6,1,10000,0.179931,0.154606,0.139194,0.0756625,0.184106,0,0.15935,0.10715,400,0
0.15,0.6,1,25000,0.179644,0.148344,0.171581,0.0646375,0.165963,0,0.179831,0.09,400,0
0.15,0.6,1,50000,0.142987,0.156,0.153856,0.0819,0.227019,0,0.143744,0.0944938,400,0
0.15,0.6,1,100000,0.164825,0.145069,0.166125,0.0797063,0.201637,0,0.155262,0.087375,400,0
0.15,0.6,1,160000,0.150444,0.156963,0.139313,0.066975,0.214831,0,0.161456,0.110019,400,0
0.15,0.6,1,0,0.123488,0.124,0.124662,0.124963,0.126844,0.125663,0.126256,0.124125,400,0
0.15,0.6,1,1000,0.128869,0.166162,0.1227,0.097875,0.159281,0.0357813,0.142975,0.146356,400,0
0.15,0.6,1,2000,0.135475,0.165106,0.135444,0.0836375,0.170894,0.0304563,0.149094,0.129894,400,0
0.15,0.6,1,3000,0.186362,0.153069,0.153069,0.0766,0.155775,0.0163625,0.152106,0.106656,400,0
0.15,0.6,1,5000,0.1465,0.15215,0.161013,0.0811063,0.178675,0.0028375,0.159094,0.118625,400,0
0.15,0.6,1,7000,0.1585,0.151163,0.156975,0.071425,0.214775,0,0.149006,0.0981563,400,0
0.15,0.6,1,10000,0.176088,0.157688,0.148363,0.075325,0.221394,0,0.1286,0.0925437,400,0
0.15,0.6,1,25000,0.150594,0.166606,0.164281,0.0900625,0.18295,0,0.160731,0.084775,400,0
0.15,0.6,1,50000,0.150663,0.158919,0.151069,0.0820562,0.2071,0,0.168088,0.0821063,400,0
0.15,0.6,1,100000,0.146037,0.156131,0.157869,0.0683125,0.205925,0,0.18865,0.077075,400,0
0.15,0.6,1,160000,0.15835,0.154762,0.137656,0.08105,0.196119,0,0.150631,0.121431,400,0
0.15,0.65,1,0,0.125888,0.12505,0.124556,0.122869,0.124981,0.124881,0.126006,0.125769,400,0
0.15,0.65,1,1000,0.123056,0.161219,0.134362,0.0985313,0.154325,0.0386813,0.13175,0.158075,400,0
0.15,0.65,1,2000,0.15085,0.173544,0.1381,0.0951,0.165906,0.00834375,0.1228,0.145356,400,0
0.15,0.65,1,3000,0.1446,0.180069,0.145906,0.08865,0.199781,0.012575,0.1222,0.106219,400,0
0.15,0.65,1,5000,0.159637,0.189769,0.148106,0.0759813,0.165106,0.0001625,0.155469,0.105769,400,0
0.15,0.65,1,7000,0.146037,0.141588,0.150994,0.0813438,0.20965,0,0.169881,0.100506,400,0
0.15,0.65,1,10000,0.1574,0.17115,0.140444,0.093875,0.192288,0,0.149944,0.0949,400,0
0.15,0.65,1,25000,0.153812,0.159275,0.17145,0.0742625,0.159081,0,0.169137,0.112981,400,0
0.15,0.65,1,50000,0.183456,0.145031,0.163181,0.0787562,0.178575,0,0.144194,0.106806,400,0
0.15,0.65,1,100000,0.157438,0.1764,0.123569,0.05595,0.201437,0,0.183969,0.101237,400,0
0.15,0.65,1,160000,0.175206,0.146888,0.156556,0.0878312,0.151075,0,0.158144,0.1243,400,0
0.15,0.65,1,0,0.123056,0.125575,0.125631,0.124938,0.123231,0.126062,0.124944,0.126562,400,0
0.15,0.65,1,1000,0.157756,0.170788,0.152369,0.0913,0.165275,0.022375,0.119119,0.121019,400,0
0.15,0.65,1,2000,0.155812,0.160887,0.136819,0.0966313,0.190206,0.008675,0.144469,0.1065,400,0
0.15,0.65,1,3000,0.159169,0.172994,0.14155,0.0849375,0.165563,0,0.160156,0.115631,400,0
0.15,0.65,1,5000,0.134837,0.173025,0.149481,0.0768875,0.210275,0,0.1638,0.0916938,400,0
0.15,0.65,1,7000,0.151794,0.185169,0.140931,0.06645,0.172538,0,0.166437,0.116681,400,0
0.15,0.65,1,10000,0.132713,0.17345,0.144075,0.0572625,0.253619,0,0.145406,0.093475,400,0
0.15,0.65,1,25000,0.151438,0.188725,0.138219,0.0717562,0.215812,0,0.142187,0.0918625,400,0
0.15,0.65,1,50000,0.162956,0.170088,0.146275,0.05925,0.230088,0,0.142237,0.0891062,400,0
0.15,0.65,1,100000,0.166063,0.168569,0.169006,0.0721312,0.176369,0,0.147625,0.100237,400,0
0.15,0.65,1,160000,0.144719,0.162887,0.1672,0.0748313,0.182212,0,0.1589,0.10925,400,0
0.15,0.7,1,0,0.124825,0.12395,0.125581,0.125219,0.12455,0.125025,0.124713,0.126138,400,0
0.15,0.7,1,1000,0.117725,0.170162,0.13485,0.107094,0.181406,0.0313688,0.129519,0.127875,400,0
0.15,0.7,1,2000,0.134137,0.164469,0.147675,0.0852,0.186669,0.0055625,0.151044,0.125244,400,0
0.15,0.7,1,3000,0.147181,0.187206,0.146144,0.0940125,0.187006,0,0.127369,0.111081,400,0
0.15,0.7,1,5000,0.153056,0.16155,0.1524,0.092,0.132894,0,0.172538,0.135563,400,0
0.15,0.7,1,7000,0.143281,0.18275,0.161337,0.0829187,0.1602,0,0.146913,0.1226,400,0
0.15,0.7,1,10000,0.1656,0.184656,0.136619,0.083125,0.211588,0,0.1006,0.117813,400,0
0.15,0.7,1,25000,0.135494,0.179731,0.136819,0.104825,0.21675,0,0.124762,0.101619,400,0
0.15,0.7,1,50000,0.149969,0.179056,0.155194,0.08375,0.181944,0,0.138344,0.111744,400,0
0.15,0.7,1,100000,0.145987,0.177237,0.175694,0.0782812,0.166206,0,0.152219,0.104375,400,0
0.15,0.7,1,160000,0.154713,0.171544,0.144706,0.0781312,0.211663,0,0.132763,0.106481,400,0
0.15,0.7,1,0,0.12605,0.123506,0.125612,0.12475,0.124425,0.1255,0.12535,0.124806,400,0
0.15,0.7,1,1000,0.1225,0.184,0.125669,0.0931188,0.157869,0.0300125,0.138081,0.14875,400,0
0.15,0.7,1,2000,0.155981,0.161406,0.156606,0.082875,0.161681,0.00154375,0.156781,0.123125,400,0
0.15,0.7,1,3000,0.121581,0.1908,0.156894,0.0888063,0.208281,0,0.143656,0.0899812,400,0
0.15,0.7,1,5000,0.148844,0.170231,0.177931,0.0743438,0.195612,0,0.128525,0.104512,400,0
0.15,0.7,1,7000,0.131713,0.169456,0.140569,0.0873875,0.185925,0,0.157606,0.127344,400,0
0.15,0.7,1,10000,0.159925,0.175838,0.162481,0.08115,0.177419,0,0.1331,0.110088,400,0
0.15,0.7,1,25000,0.142081,0.150019,0.127931,0.0827062,0.249825,0,0.145925,0.101513,400,0
0.15,0.7,1,50000,0.140419,0.165169,0.139969,0.0922437,0.210313,0,0.162438,0.08945,400,0
0.15,0.7,1,100000,0.136538,0.186081,0.138281,0.0759937,0.18635,0,0.165813,0.110944,400,0
0.15,0.7,1,160000,0.138356,0.178237,0.137387,0.0844,0.214163,0,0.143306,0.10415,400,0
0.15,0.75,1,0,0.12585,0.125238,0.125631,0.124494,0.124869,0.1245,0.124256,0.125163,400,0
0.15,0.75,1,1000,0.149444,0.170006,0.138187,0.102656,0.183169,0.00944375,0.118069,0.129025,400,0
0.15,0.75,1,2000,0.146256,0.198187,0.148994,0.0823375,0.175044,0,0.14075,0.108431,400,0
0.15,0.75,1,3000,0.143969,0.166719,0.137675,0.0870875,0.196869,0,0.141313,0.126369,400,0
0.15,0.75,1,5000,0.139838,0.184181,0.1395,0.0848187,0.194756,0,0.147725,0.109181,400,0
0.15,0.75,1,7000,0.15115,0.163119,0.155287,0.0853625,0.165488,0,0.150025,0.129569,400,0
0.15,0.75,1,10000,0.144944,0.1837,0.133994,0.0991812,0.174794,0,0.144338,0.11905,400,0
0.15,0.75,1,25000,0.141013,0.181031,0.136156,0.079775,0.180594,0,0.148469,0.132963,400,0
0.15,0.75,1,50000,0.155413,0.177731,0.146462,0.0913812,0.183106,0,0.133763,0.112144,400,0
0.15,0.75,1,100000,0.144269,0.197544,0.133313,0.0730688,0.188194,0,0.139244,0.124369,400,0
0.15,0.75,1,160000,0.150681,0.167475,0.147531,0.083125,0.187413,0,0.150375,0.1134,400,0
0.15,0.75,1,0,0.1243,0.124719,0.125913,0.125406,0.1255,0.124906,0.125244,0.124012,400,0
0.15,0.75,1,1000,0.145725,0.174063,0.136769,0.0851688,0.196919,0.0103062,0.121544,0.129506,400,0
0.15,0.75,1,2000,0.146606,0.171775,0.130606,0.1006,0.183731,0.0025875,0.147069,0.117025,400,0
0.15,0.75,1,3000,0.154388,0.176069,0.14925,0.0933625,0.15285,0,0.145162,0.128919,400,0
0.15,0.75,1,5000,0.1217,0.186312,0.126837,0.0884625,0.238075,0,0.118975,0.119637,400,0
0.15,0.75,1,7000,0.154056,0.189663,0.1528,0.0882437,0.175425,0,0.137025,0.102788,400,0
0.15,0.75,1,10000,0.140063,0.178031,0.1492,0.0846438,0.213537,0,0.1181,0.116425,400,0
0.15,0.75,1,25000,0.1312,0.172288,0.13305,0.107431,0.174613,0,0.134381,0.147037,400,0
0.15,0.75,1,50000,0.128469,0.168925,0.14595,0.0930312,0.18355,0,0.146863,0.133213,400,0
0.15,0.75,1,100000,0.135469,0.183663,0.134419,0.0992438,0.169556,0,0.138006,0.139644,400,0
0.15,0.75,1,160000,0.151487,0.172906,0.139588,0.0865937,0.194931,0,0.141369,0.113125,400,0
0.15,0.8,1,0,0.124537,0.125231,0.124994,0.125238,0.127125,0.123762,0.12435,0.124762,400,0
0.15,0.8,1,1000,0.119219,0.189525,0.128494,0.100594,0.176437,0.0189625,0.119669,0.1471,400,0
0.15,0.8,1,2000,0.11245,0.188781,0.146225,0.118775,0.180644,0.00011875,0.124719,0.128287,400,0
0.15,0.8,1,3000,0.133225,0.189637,0.150163,0.103756,0.184787,0,0.121075,0.117356,400,0
0.15,0.8,1,5000,0.12735,0.219094,0.149381,0.100594,0.180294,0,0.132887,0.0904,400,0
0.15,0.8,1,7000,0.11865,0.197144,0.135031,0.0752562,0.22515,0,0.148294,0.100475,400,0
0.15,0.8,1,10000,0.135219,0.198462,0.132562,0.0871187,0.207981,0,0.120925,0.117731,400,0
0.15,0.8,1,25000,0.123125,0.222587,0.142875,0.0803125,0.1766,0,0.13355,0.12095,400,0
0.15,0.8,1,50000,0.146575,0.200313,0.12395,0.0900813,0.183113,0,0.134856,0.121112,400,0
0.15,0.8,1,100000,0.118962,0.180012,0.152425,0.0914,0.180525,0,0.144575,0.1321,400,0
0.15,0.8,1,160000,0.14865,0.189644,0.162625,0.0792188,0.150031,0,0.136112,0.133719,400,0
0.15,0.8,1,0,0.12465,0.125419,0.124006,0.125037,0.126144,0.125012,0.125388,0.124344,400,0
0.15,0.8,1,1000,0.1072,0.228956,0.132612,0.101862,0.161831,0.0262938,0.109294,0.13195,400,0
0.15,0.8,1,2000,0.120838,0.213694,0.1333,0.100775,0.1574,0.0076625,0.120744,0.145588,400,0
0.15,0.8,1,3000,0.130362,0.170844,0.155125,0.104587,0.167563,0.0003125,0.140338,0.130869,400,0
0.15,0.8,1,5000,0.129281,0.204969,0.138088,0.0838,0.180394,0,0.134013,0.129456,400,0
0.15,0.8,1,7000,0.142106,0.179731,0.146063,0.0905062,0.20705,0,0.121625,0.112919,400,0
0.15,0.8,1,10000,0.127644,0.178681,0.157762,0.0917375,0.173412,0,0.144919,0.125844,400,0
0.15,0.8,1,25000,0.116606,0.201431,0.140987,0.0700438,0.237369,0,0.118188,0.115375,400,0
0.15,0.8,1,50000,0.130819,0.196556,0.155512,0.0890187,0.16965,0,0.148244,0.1102,400,0
0.15,0.8,1,100000,0.156381,0.2023,0.1324,0.0821063,0.1584,0,0.131269,0.137144,400,0
0.15,0.8,1,160000,0.131331,0.183188,0.149731,0.0938812,0.186062,0,0.12755,0.128256,400,0
0.15,0.85,1,0,0.126375,0.125669,0.124219,0.125394,0.125656,0.124131,0.124981,0.123575,400,0
0.15,0.85,1,1000,0.112075,0.206606,0.132569,0.0989187,0.186413,0.00868125,0.143594,0.111144,400,0
0.15,0.85,1,2000,0.140162,0.189881,0.135444,0.0901875,0.189544,0.00035625,0.123912,0.130513,400,0
0.15,0.85,1,3000,0.141513,0.207212,0.130081,0.0969875,0.191581,0,0.109625,0.123,400,0
0.15,0.85,1,5000,0.139544,0.187787,0.136881,0.0911312,0.184388,0,0.118813,0.141456,400,0
0.15,0.85,1,7000,0.138969,0.195581,0.146606,0.0883063,0.178406,0,0.121706,0.130425,400,0
0.15,0.85,1,10000,0.116931,0.222731,0.118462,0.0744563,0.239863,0,0.1205,0.107056,400,0
0.15,0.85,1,25000,0.158394,0.179725,0.139131,0.0927875,0.165875,0,0.130925,0.133162,400,0
0.15,0.85,1,50000,0.133675,0.199513,0.146606,0.0632188,0.214631,0,0.137725,0.104631,400,0
0.15,0.85,1,100000,0.125131,0.2018,0.1351,0.0810437,0.175262,0,0.136212,0.14545,400,0
0.15,0.85,1,160000,0.142419,0.1867,0.14795,0.0913875,0.177487,0,0.11795,0.136106,400,0
0.15,0.85,1,0,0.125506,0.124637,0.124963,0.126175,0.124988,0.124563,0.124944,0.124225,400,0
0.15,0.85,1,1000,0.114288,0.193587,0.132775,0.1062,0.160444,0.0148,0.129181,0.148725,400,0
0.15,0.85,1,2000,0.12385,0.205094,0.137581,0.0761375,0.166488,0.00688125,0.143556,0.140412,400,0
0.15,0.85,1,3000,0.114369,0.190469,0.116775,0.101175,0.241613,0,0.105031,0.130569,400,0
0.15,0.85,1,5000,0.119025,0.20875,0.135887,0.0771813,0.195281,0,0.141769,0.122106,400,0
0.15,0.85,1,7000,0.126225,0.213006,0.135206,0.08385,0.181588,0,0.130256,0.129869,400,0
0.15,0.85,1,10000,0.118806,0.2096,0.135463,0.0894063,0.177969,0,0.130844,0.137912,400,0
0.15,0.85,1,25000,0.145138,0.199681,0.136994,0.100956,0.182113,0,0.121756,0.113363,400,0
0.15,0.85,1,50000,0.114875,0.206356,0.134225,0.0938188,0.194194,0,0.129394,0.127137,400,0
0.15,0.85,1,100000,0.138894,0.175563,0.153381,0.112225,0.193656,0,0.107231,0.11905,400,0
0.15,0.85,1,160000,0.109012,0.209956,0.135131,0.0880062,0.193738,0,0.138513,0.125644,400,0
0.15,0.9,1,0,0.124331,0.124338,0.124394,0.125262,0.126944,0.126,0.124694,0.124037,400,0
0.15,0.9,1,1000,0.118594,0.207487,0.122237,0.121844,0.161406,0.0174813,0.0865,0.16445,400,0
0.15,0.9,1,2000,0.114663,0.215069,0.133556,0.0945437,0.148262,0.0059625,0.13665,0.151294,400,0
0.15,0.9,1,3000,0.127556,0.178581,0.151031,0.101312,0.160287,0.00341875,0.127806,0.150006,400,0
0.15,0.9,1,5000,0.125669,0.192506,0.140644,0.102388,0.167694,0,0.118731,0.152369,400,0
0.15,0.9,1,7000,0.12005,0.214244,0.140937,0.107369,0.169794,0,0.127525,0.120081,400,0
0.15,0.9,1,10000,0.125025,0.233831,0.125762,0.0896375,0.186631,0,0.114187,0.124925,400,0
0.15,0.9,1,25000,0.112725,0.21205,0.138981,0.0921437,0.188606,0,0.113131,0.142363,400,0
0.15,0.9,1,50000,0.115531,0.201519,0.129675,0.105825,0.180163,0,0.133069,0.134219,400,0
0.15,0.9,1,100000,0.116819,0.198219,0.14255,0.102163,0.193081,0,0.113544,0.133625,400,0
0.15,0.9,1,160000,0.120137,0.188019,0.142538,0.0725937,0.195263,0,0.144294,0.137156,400,0
0.15,0.9,1,0,0.126119,0.125262,0.124719,0.124738,0.123831,0.123769,0.125713,0.12585,400,0
0.15,0.9,1,1000,0.121519,0.231206,0.129894,0.0984625,0.171737,0.0074875,0.118431,0.121262,400,0
0.15,0.9,1,2000,0.113675,0.20515,0.144356,0.106619,0.159362,0.00098125,0.130463,0.139394,400,0
0.15,0.9,1,3000,0.117062,0.219719,0.133425,0.111331,0.1892,0.0013625,0.115231,0.112669,400,0
0.15,0.9,1,5000,0.124813,0.225094,0.153475,0.0934,0.138556,0,0.1327,0.131963,400,0
0.15,0.9,1,7000,0.118188,0.205881,0.123275,0.0963688,0.204113,0,0.135094,0.117081,400,0
0.15,0.9,1,10000,0.129925,0.212812,0.140925,0.0973187,0.179394,0,0.1029,0.136725,400,0
0.15,0.9,1,25000,0.125575,0.215756,0.137575,0.096625,0.1689,0,0.122006,0.133563,400,0
0.15,0.9,1,50000,0.118063,0.209606,0.162344,0.0928,0.15205,0,0.117769,0.147369,400,0
0.15,0.9,1,100000,0.119294,0.221806,0.137288,0.101256,0.152606,0,0.121506,0.146244,400,0
0.15,0.9,1,160000,0.129081,0.213981,0.133087,0.0954938,0.166837,0,0.118994,0.142525,400,0
0.15,0.95,1,0,0.125681,0.125562,0.125381,0.125656,0.124169,0.124231,0.123369,0.12595,400,0
0.15,0.95,1,1000,0.120288,0.222556,0.111331,0.0956562,0.205975,0.0106625,0.08525,0.148281,400,0
0.15,0.95,1,2000,0.111562,0.217156,0.128144,0.0959312,0.200344,0,0.106737,0.140125,400,0
0.15,0.95,1,3000,0.117544,0.207919,0.120387,0.0977563,0.20925,0,0.110375,0.136769,400,0
0.15,0.95,1,5000,0.110606,0.210194,0.139656,0.0826812,0.168462,0,0.124475,0.163925,400,0
0.15,0.95,1,7000,0.11945,0.188931,0.131862,0.121381,0.186575,0,0.108525,0.143275,400,0
0.15,0.95,1,10000,0.11145,0.222275,0.128544,0.0848813,0.159356,0,0.13805,0.155444,400,0
0.15,0.95,1,25000,0.1025,0.245819,0.102156,0.103444,0.200525,0,0.107944,0.137612,400,0
0.15,0.95,1,50000,0.110275,0.226125,0.120925,0.0905813,0.207375,0,0.120181,0.124537,400,0
0.15,0.95,1,100000,0.124325,0.213431,0.120794,0.0944438,0.173806,0,0.112475,0.160725,400,0
0.15,0.95,1,160000,0.115506,0.208844,0.135756,0.0957188,0.179144,0,0.113881,0.15115,400,0
0.15,0.95,1,0,0.125006,0.124006,0.124331,0.125444,0.124894,0.126044,0.1249,0.125375,400,0
0.15,0.95,1,1000,0.116994,0.227494,0.120463,0.10625,0.181319,0.0182875,0.0958438,0.13335,400,0
0.15,0.95,1,2000,0.117694,0.221025,0.124694,0.100138,0.2021,0,0.0928188,0.141531,400,0
0.15,0.95,1,3000,0.0991563,0.209244,0.124775,0.111431,0.191456,0,0.118975,0.144962,400,0
0.15,0.95,1,5000,0.117413,0.222094,0.115731,0.0877875,0.199725,0,0.120019,0.137231,400,0
0.15,0.95,1,7000,0.118369,0.227394,0.129312,0.0909563,0.169325,0,0.116269,0.148375,400,0
0.15,0.95,1,10000,0.122569,0.20335,0.136406,0.122219,0.176931,0,0.113444,0.125081,400,0
0.15,0.95,1,25000,0.123131,0.206619,0.1345,0.0817937,0.204481,0,0.125519,0.123956,400,0
0.15,0.95,1,50000,0.107219,0.192562,0.146787,0.09005,0.195337,0,0.133981,0.134063,400,0
0.15,0.95,1,100000,0.123662,0.208594,0.14055,0.0985937,0.162969,0,0.111669,0.153963,400,0
0.15,0.95,1,160000,0.118031,0.218337,0.136006,0.115594,0.157019,0,0.116862,0.13815,400,0
0.15,1,1,0,0.125081,0.12585,0.12575,0.125544,0.124175,0.124856,0.124137,0.124606,400,0
0.15,1,1,1000,0.0871938,0.252675,0.117331,0.113581,0.191188,0.0145562,0.105981,0.117494,400,0
0.15,1,1,2000,0.0979063,0.204325,0.124975,0.111931,0.216188,0,0.108569,0.136106,400,0
0.15,1,1,3000,0.114344,0.234544,0.128619,0.119069,0.163963,0,0.1043,0.135162,400,0
0.15,1,1,5000,0.110125,0.211056,0.134206,0.0987438,0.2024,0,0.111206,0.132263,400,0
0.15,1,1,7000,0.105213,0.268275,0.115013,0.0975188,0.168675,0,0.100381,0.144925,400,0
0.15,1,1,10000,0.110381,0.221312,0.120987,0.1272,0.153644,0,0.105344,0.161131,400,0
0.15,1,1,25000,0.1053,0.218925,0.1143,0.0899688,0.21665,0,0.111225,0.143631,400,0
0.15,1,1,50000,0.113956,0.235887,0.128938,0.086775,0.173712,0,0.129188,0.131544,400,0
0.15,1,1,100000,0.120906,0.213725,0.139019,0.0867312,0.156837,0,0.124944,0.157837,400,0
0.15,1,1,160000,0.10095,0.204531,0.139756,0.1179,0.186856,0,0.107225,0.142781,400,0
0.15,1,1,0,0.124756,0.124081,0.126837,0.123438,0.1257,0.125844,0.124575,0.124769,400,0
0.15,1,1,1000,0.107225,0.240487,0.12515,0.105631,0.148575,0.01595,0.0991875,0.157794,400,0
0.15,1,1,2000,0.120875,0.203487,0.141513,0.0972438,0.142737,0.0115875,0.124475,0.158081,400,0
0.15,1,1,3000,0.0950437,0.23745,0.117194,0.112062,0.190556,0,0.100487,0.147206,400,0
0.15,1,1,5000,0.122269,0.231712,0.12075,0.0919125,0.185869,0,0.0941437,0.153344,400,0
0.15,1,1,7000,0.1076,0.233844,0.142894,0.111556,0.141119,0,0.116006,0.146981,400,0
0.15,1,1,10000,0.0926625,0.246025,0.117694,0.120294,0.17875,0,0.115337,0.129238,400,0
0.15,1,1,25000,0.113194,0.241144,0.14135,0.0934312,0.186,0,0.111988,0.112894,400,0
0.15,1,1,50000,0.102744,0.219669,0.108119,0.102319,0.209606,0,0.118325,0.139219,400,0
0.15,1,1,100000,0.111738,0.215987,0.121538,0.096325,0.175987,0,0.125475,0.15295,400,0
0.15,1,1,160000,0.125256,0.2094,0.145575,0.0964875,0.139931,0,0.123331,0.160019,400,0
0.2,0,1,0,0.125031,0.124606,0.125594,0.124844,0.124856,0.12445,0.125556,0.125062,400,0
0.2,0,1,1000,0.107988,0.142237,0.1596,0.115856,0.110062,0.099975,0.113681,0.1506,400,0
0.2,0,1,2000,0.115944,0.109794,0.121487,0.115794,0.138025,0.145944,0.1358,0.117212,400,0
0.2,0,1,3000,0.129887,0.121725,0.101944,0.0948438,0.102506,0.12845,0.142875,0.177769,400,0
0.2,0,1,5000,0.096325,0.142737,0.182656,0.14205,0.140437,0.128188,0.08665,0.0809562,400,0
0.2,0,1,7000,0.109488,0.151406,0.1326,0.146594,0.138494,0.124406,0.104012,0.093,400,0
0.2,0,1,10000,0.153762,0.1043,0.147363,0.157094,0.117294,0.106662,0.107519,0.106006,400,0
0.2,0,1,25000,0.138763,0.108938,0.125262,0.122075,0.140406,0.124537,0.121869,0.11815,400,0
0.2,0,1,50000,0.1457,0.100806,0.1305,0.124563,0.10875,0.142013,0.142856,0.104813,400,0
0.2,0,1,100000,0.13715,0.117925,0.103313,0.123969,0.135125,0.120394,0.1365,0.125625,400,0
0.2,0,1,160000,0.127081,0.108769,0.133612,0.159469,0.124619,0.112806,0.115781,0.117862,400,0
0.2,0,1,0,0.126738,0.12395,0.124419,0.126163,0.12435,0.125213,0.123494,0.125675,400,0
0.2,0,1,1000,0.144556,0.125206,0.144231,0.118306,0.132406,0.106431,0.101587,0.127275,400,0
0.2,0,1,2000,0.143863,0.134844,0.125175,0.126062,0.100419,0.119406,0.11555,0.134681,400,0
0.2,0,1,3000,0.127663,0.120119,0.134256,0.105406,0.0928812,0.1345,0.157125,0.12805,400,0
0.2,0,1,5000,0.127581,0.133544,0.129269,0.136969,0.127537,0.114306,0.108137,0.122656,400,0
0.2,0,1,7000,0.152194,0.131156,0.132181,0.132531,0.121788,0.1055,0.101938,0.122713,400,0
0.2,0,1,10000,0.1304,0.150631,0.156888,0.1174,0.10145,0.0976375,0.124506,0.121088,400,0
0.2,0,1,25000,0.127925,0.128062,0.130637,0.13365,0.122381,0.112906,0.123537,0.1209,400,0
0.2,0,1,50000,0.130387,0.154163,0.12115,0.114981,0.128975,0.115944,0.116856,0.117544,400,0
0.2,0,1,100000,0.133569,0.147769,0.112638,0.139769,0.1404,0.107094,0.119469,0.0992938,400,0
0.2,0,1,160000,0.117913,0.134819,0.123981,0.11855,0.1284,0.129812,0.123137,0.123387,400,0
0.2,0.05,1,0,0.123713,0.1254,0.124994,0.125163,0.125725,0.1252,0.124756,0.12505,400,0
0.2,0.05,1,1000,0.111888,0.1434,0.120869,0.148838,0.112537,0.113431,0.128637,0.1204,400,0
0.2,0.05,1,2000,0.158475,0.18925,0.0900625,0.0876187,0.0960375,0.109,0.12605,0.143506,400,0
0.2,0.05,1,3000,0.114956,0.166081,0.114781,0.129238,0.109113,0.128869,0.112831,0.124131,400,0
0.2,0.05,1,5000,0.134475,0.151587,0.111588,0.142094,0.124769,0.123012,0.10605,0.106425,400,0
0.2,0.05,1,7000,0.0927375,0.117794,0.0869313,0.10705,0.123688,0.126444,0.174725,0.170631,400,0
0.2,0.05,1,10000,0.107825,0.118694,0.133944,0.108313,0.133044,0.126425,0.126531,0.145225,400,0
0.2,0.05,1,25000,0.124894,0.146081,0.123688,0.142725,0.11475,0.105981,0.1193,0.122581,400,0
0.2,0.05,1,50000,0.0990875,0.141906,0.117656,0.144994,0.118475,0.120156,0.125281,0.132444,400,0
0.2,0.05,1,100000,0.107144,0.154194,0.118419,0.134819,0.125075,0.125756,0.116075,0.118519,400,0
0.2,0.05,1,160000,0.108281,0.134781,0.1044,0.117981,0.117356,0.136862,0.117062,0.163275,400,0
0.2,0.05,1,0,0.125906,0.124775,0.125294,0.123656,0.122563,0.127112,0.125456,0.125238,400,0
0.2,0.05,1,1000,0.119375,0.128231,0.110262,0.144725,0.10475,0.128319,0.127425,0.136912,400,0
0.2,0.05,1,2000,0.105631,0.12815,0.112219,0.153031,0.120713,0.126062,0.113763,0.140431,400,0
0.2,0.05,1,3000,0.105625,0.176237,0.112844,0.107006,0.106938,0.1452,0.134969,0.111181,400,0
0.2,0.05,1,5000,0.122081,0.169088,0.0909563,0.112763,0.101837,0.114037,0.144431,0.144806,400,0
0.2,0.05,1,7000,0.127531,0.144025,0.128037,0.145356,0.093775,0.093925,0.0951437,0.172206,400,0
0.2,0.05,1,10000,0.133544,0.149262,0.108575,0.117275,0.104894,0.120919,0.131531,0.134,400,0
0.2,0.05,1,25000,0.128287,0.135412,0.127519,0.139863,0.113406,0.11165,0.12,0.123863,400,0
0.2,0.05,1,50000,0.111775,0.122162,0.107644,0.142706,0.134713,0.140637,0.109644,0.130719,400,0
0.2,0.05,1,100000,0.103206,0.133788,0.110375,0.137331,0.120387,0.134606,0.123094,0.137212,400,0
0.2,0.05,1,160000,0.0833563,0.170081,0.109694,0.111025,0.133444,0.1341,0.10875,0.14955,400,0
0.2,0.1,1,0,0.124863,0.123875,0.12615,0.125062,0.12545,0.126425,0.123819,0.124356,400,0
0.2,0.1,1,1000,0.0945875,0.157856,0.1255,0.131256,0.116925,0.141063,0.111856,0.120956,400,0
0.2,0.1,1,2000,0.130219,0.155488,0.131919,0.138475,0.115331,0.0949437,0.105556,0.128069,400,0
0.2,0.1,1,3000,0.0964938,0.116112,0.121331,0.15015,0.121869,0.1311,0.123175,0.139769,400,0
0.2,0.1,1,5000,0.12585,0.122662,0.109544,0.139881,0.120106,0.111125,0.128612,0.142219,400,0
0.2,0.1,1,7000,0.138375,0.1574,0.0965625,0.110825,0.096475,0.102469,0.137137,0.160756,400,0
0.2,0.1,1,10000,0.0992,0.134325,0.11505,0.138687,0.146419,0.12885,0.110206,0.127263,400,0
0.2,0.1,1,25000,0.084125,0.164538,0.147919,0.125656,0.122831,0.123037,0.104744,0.12715,400,0
0.2,0.1,1,50000,0.117431,0.132038,0.108881,0.136219,0.1214,0.141006,0.116737,0.126287,400,0
0.2,0.1,1,100000,0.115062,0.127413,0.13205,0.14595,0.120563,0.13385,0.0949,0.130213,400,0
0.2,0.1,1,160000,0.11395,0.134063,0.141563,0.170338,0.0953375,0.123075,0.0957438,0.125931,400,0
0.2,0.1,1,0,0.125025,0.126194,0.122494,0.126194,0.125169,0.124456,0.125562,0.124906,400,0
0.2,0.1,1,1000,0.108981,0.129944,0.0982313,0.102769,0.124419,0.141088,0.120137,0.174431,400,0
0.2,0.1,1,2000,0.124869,0.16825,0.120356,0.123262,0.109356,0.1079,0.0848062,0.1612,400,0
0.2,0.1,1,3000,0.0894375,0.137112,0.104788,0.128725,0.144425,0.1409,0.127938,0.126675,400,0
0.2,0.1,1,5000,0.103856,0.129612,0.141419,0.128738,0.124631,0.122063,0.115681,0.134,400,0
0.2,0.1,1,7000,0.1254,0.158062,0.102544,0.144806,0.113519,0.113363,0.113437,0.128869,400,0
0.2,0.1,1,10000,0.114363,0.156281,0.138137,0.138431,0.0949563,0.0935813,0.1145,0.14975,400,0
0.2,0.1,1,25000,0.100856,0.110312,0.105525,0.131831,0.135506,0.154487,0.139769,0.121713,400,0
0.2,0.1,1,50000,0.115306,0.132675,0.129456,0.118813,0.118406,0.1512,0.116344,0.1178,400,0
0.2,0.1,1,100000,0.106969,0.126025,0.127525,0.1297,0.134563,0.093475,0.131475,0.150269,400,0
0.2,0.1,1,160000,0.1053,0.132269,0.138731,0.136362,0.124319,0.0978938,0.139075,0.12605,400,0
0.2,0.15,1,0,0.124619,0.125969,0.123925,0.125181,0.126094,0.1248,0.125056,0.124356,400,0
0.2,0.15,1,1000,0.082775,0.168069,0.0998,0.129031,0.136256,0.129763,0.131244,0.123063,400,0
0.2,0.15,1,2000,0.102844,0.153163,0.0986812,0.109044,0.11795,0.11725,0.143794,0.157275,400,0
0.2,0.15,1,3000,0.1413,0.143638,0.0989687,0.141656,0.112263,0.099475,0.117325,0.145375,400,0
0.2,0.15,1,5000,0.0953375,0.178181,0.114294,0.13625,0.114356,0.111081,0.117081,0.133419,400,0
0.2,0.15,1,7000,0.109425,0.116519,0.123444,0.1131,0.112812,0.150781,0.126862,0.147056,400,0
0.2,0.15,1,10000,0.108619,0.134362,0.100212,0.149444,0.1103,0.134025,0.127213,0.135825,400,0
0.2,0.15,1,25000,0.103444,0.124688,0.113256,0.128963,0.157119,0.1352,0.123525,0.113806,400,0
0.2,0.15,1,50000,0.111131,0.204481,0.084275,0.118994,0.106531,0.117956,0.104725,0.151906,400,0
0.2,0.15,1,100000,0.112812,0.14685,0.1144,0.123713,0.119631,0.09975,0.137806,0.145038,400,0
0.2,0.15,1,160000,0.126525,0.147406,0.103144,0.1286,0.116675,0.104556,0.1319,0.141194,400,0
0.2,0.15,1,0,0.126119,0.124469,0.125163,0.124844,0.123694,0.124412,0.124869,0.126431,400,0
0.2,0.15,1,1000,0.100219,0.166463,0.0908,0.105,0.1184,0.122362,0.152613,0.144144,400,0
0.2,0.15,1,2000,0.0929125,0.184938,0.11245,0.119337,0.1053,0.123306,0.120031,0.141725,400,0
0.2,0.15,1,3000,0.107356,0.159775,0.137825,0.11935,0.115925,0.112069,0.114488,0.133213,400,0
0.2,0.15,1,5000,0.0967937,0.166375,0.0899688,0.140962,0.135594,0.124119,0.104269,0.141919,400,0
0.2,0.15,1,7000,0.0953187,0.158531,0.1094,0.105125,0.125194,0.149131,0.107856,0.149444,400,0
0.2,0.15,1,10000,0.104594,0.168094,0.135294,0.146712,0.118856,0.0999562,0.103769,0.122725,400,0
0.2,0.15,1,25000,0.0949813,0.125856,0.125794,0.134713,0.114575,0.123175,0.1239,0.157006,400,0
0.2,0.15,1,50000,0.124688,0.126906,0.0897063,0.110694,0.1222,0.149081,0.131831,0.144894,400,0
0.2,0.15,1,100000,0.109994,0.129438,0.116081,0.140475,0.102994,0.120681,0.126225,0.154113,400,0
0.2,0.15,1,160000,0.104625,0.11195,0.122456,0.138263,0.155125,0.128556,0.109206,0.129819,400,0
0.2,0.2,1,0,0.12515,0.125194,0.123344,0.126144,0.124938,0.125206,0.125425,0.1246,400,0
0.2,0.2,1,1000,0.11205,0.178056,0.131294,0.115825,0.103144,0.122569,0.118006,0.119056,400,0
0.2,0.2,1,2000,0.0941562,0.142113,0.114675,0.142313,0.130362,0.118531,0.119519,0.138331,400,0
0.2,0.2,1,3000,0.12555,0.150075,0.0943688,0.131013,0.0904563,0.118756,0.133,0.156781,400,0
0.2,0.2,1,5000,0.110512,0.147719,0.087425,0.134387,0.104331,0.119887,0.127281,0.168456,400,0
0.2,0.2,1,7000,0.105531,0.157669,0.090375,0.146975,0.105737,0.0964875,0.133819,0.163406,400,0
0.2,0.2,1,10000,0.122938,0.159394,0.131206,0.124813,0.128612,0.113831,0.115913,0.103294,400,0
0.2,0.2,1,25000,0.0888063,0.114556,0.102944,0.124231,0.147444,0.1672,0.104775,0.150044,400,0
0.2,0.2,1,50000,0.0972812,0.149106,0.126825,0.141569,0.148631,0.129181,0.09555,0.111856,400,0
0.2,0.2,1,100000,0.0882562,0.141925,0.121669,0.138831,0.151825,0.126144,0.10885,0.1225,400,0
0.2,0.2,1,160000,0.0875313,0.178775,0.116225,0.14195,0.109169,0.133612,0.114937,0.1178,400,0
0.2,0.2,1,0,0.125106,0.124006,0.124606,0.125419,0.125944,0.126956,0.122588,0.125375,400,0
0.2,0.2,1,1000,0.126031,0.171731,0.127387,0.115587,0.131931,0.11565,0.0966313,0.11505,400,0
0.2,0.2,1,2000,0.109894,0.126956,0.106656,0.15845,0.156881,0.108106,0.0897187,0.143338,400,0
0.2,0.2,1,3000,0.108056,0.146088,0.0826,0.0940062,0.103244,0.128881,0.155675,0.18145,400,0
0.2,0.2,1,5000,0.0963563,0.165025,0.0856688,0.114037,0.127019,0.108844,0.142075,0.160975,400,0
0.2,0.2,1,7000,0.0980812,0.15795,0.125669,0.126794,0.123281,0.107169,0.118487,0.142569,400,0
0.2,0.2,1,10000,0.11635,0.132706,0.0915375,0.114788,0.122081,0.123219,0.150381,0.148938,400,0
0.2,0.2,1,25000,0.0980875,0.136469,0.15305,0.152087,0.149663,0.104831,0.101819,0.103994,400,0
0.2,0.2,1,50000,0.112906,0.137156,0.104462,0.140406,0.110744,0.120963,0.117487,0.155875,400,0
0.2,0.2,1,100000,0.087,0.129188,0.097925,0.145119,0.122894,0.136444,0.136288,0.145144,400,0
0.2,0.2,1,160000,0.0942125,0.1744,0.104281,0.126919,0.118944,0.112675,0.117612,0.150956,400,0
0.2,0.25,1,0,0.125425,0.124869,0.12545,0.125631,0.123981,0.124988,0.125562,0.124094,400,0
0.2,0.25,1,1000,0.101094,0.164356,0.126988,0.135238,0.110137,0.137925,0.0945938,0.129669,400,0
0.2,0.25,1,2000,0.101119,0.158294,0.105538,0.135006,0.145437,0.105813,0.10915,0.139644,400,0
0.2,0.25,1,3000,0.110106,0.152294,0.0991687,0.1262,0.13555,0.100687,0.125975,0.150019,400,0
0.2,0.25,1,5000,0.122006,0.145888,0.154825,0.108425,0.103475,0.11285,0.111187,0.141344,400,0
0.2,0.25,1,7000,0.0996,0.126988,0.1193,0.1414,0.1135,0.1051,0.124075,0.170038,400,0
0.2,0.25,1,10000,0.084375,0.125144,0.103669,0.126213,0.125294,0.132875,0.123756,0.178675,400,0
0.2,0.25,1,25000,0.0751125,0.134662,0.102612,0.121956,0.120206,0.154031,0.145212,0.146206,400,0
0.2,0.25,1,50000,0.102263,0.186019,0.110231,0.163662,0.102413,0.113006,0.0993813,0.123025,400,0
0.2,0.25,1,100000,0.118256,0.141144,0.128119,0.147944,0.105469,0.117444,0.0999063,0.141719,400,0
0.2,0.25,1,160000,0.1128,0.137444,0.116362,0.119006,0.159531,0.108231,0.10455,0.142075,400,0
0.2,0.25,1,0,0.124331,0.124575,0.124931,0.125913,0.12575,0.123625,0.124669,0.126206,400,0
0.2,0.25,1,1000,0.112587,0.1113,0.109937,0.0974125,0.144225,0.13675,0.145969,0.141819,400,0
0.2,0.25,1,2000,0.0871062,0.143131,0.0970125,0.183194,0.152394,0.124781,0.108387,0.103994,400,0
0.2,0.25,1,3000,0.0912312,0.147762,0.103181,0.134931,0.146169,0.124988,0.121344,0.130394,400,0
0.2,0.25,1,5000,0.123731,0.175119,0.0987688,0.114956,0.101481,0.0857062,0.132181,0.168056,400,0
0.2,0.25,1,7000,0.112525,0.178663,0.101925,0.135719,0.094475,0.104706,0.118775,0.153213,400,0
0.2,0.25,1,10000,0.104862,0.140094,0.097575,0.148375,0.112587,0.119031,0.132194,0.145281,400,0
0.2,0.25,1,25000,0.127406,0.107813,0.134306,0.105956,0.127625,0.13965,0.108419,0.148825,400,0
0.2,0.25,1,50000,0.102681,0.201013,0.1071,0.116937,0.1112,0.127537,0.1141,0.119431,400,0
0.2,0.25,1,100000,0.100719,0.17435,0.1196,0.126537,0.122656,0.0902625,0.143175,0.1227,400,0
0.2,0.25,1,160000,0.120625,0.130869,0.10015,0.1668,0.10265,0.0923687,0.159075,0.127463,400,0
0.2,0.3,1,0,0.125619,0.122444,0.127013,0.124875,0.124831,0.125394,0.125781,0.124044,400,0
0.2,0.3,1,1000,0.105225,0.157262,0.108706,0.111269,0.136006,0.108963,0.124644,0.147925,400,0
0.2,0.3,1,2000,0.0788438,0.160181,0.105538,0.150581,0.126094,0.110988,0.127125,0.14065,400,0
0.2,0.3,1,3000,0.112044,0.138219,0.122394,0.110794,0.115156,0.10685,0.143025,0.151519,400,0
0.2,0.3,1,5000,0.0817375,0.146669,0.0965562,0.136112,0.138412,0.127387,0.135056,0.138069,400,0
0.2,0.3,1,7000,0.111562,0.166763,0.103038,0.131719,0.132125,0.094925,0.116644,0.143225,400,0
0.2,0.3,1,10000,0.0804375,0.119544,0.108113,0.15305,0.127375,0.133775,0.150519,0.127188,400,0
0.2,0.3,1,25000,0.109806,0.171725,0.1076,0.102712,0.128131,0.099575,0.118806,0.161644,400,0
0.2,0.3,1,50000,0.107169,0.129337,0.117325,0.1118,0.135969,0.1068,0.126413,0.165187,400,0
0.2,0.3,1,100000,0.111562,0.17235,0.139575,0.103694,0.109331,0.0822937,0.107544,0.17365,400,0
0.2,0.3,1,160000,0.0929,0.140462,0.120644,0.102188,0.129562,0.11305,0.149262,0.151931,400,0
0.2,0.3,1,0,0.125356,0.1269,0.124331,0.1246,0.125119,0.12595,0.1239,0.123844,400,0
0.2,0.3,1,1000,0.126913,0.176687,0.104775,0.127469,0.113456,0.0922188,0.106625,0.151856,400,0
0.2,0.3,1,2000,0.125756,0.140006,0.104094,0.102075,0.139356,0.0973688,0.133769,0.157575,400,0
0.2,0.3,1,3000,0.08175,0.148712,0.121838,0.129494,0.133181,0.111312,0.136988,0.136725,400,0
0.2,0.3,1,5000,0.0924813,0.130819,0.117681,0.100625,0.132463,0.121,0.147631,0.1573,400,0
0.2,0.3,1,7000,0.112869,0.135238,0.102331,0.0860687,0.143319,0.105656,0.136887,0.177631,400,0
0.2,0.3,1,10000,0.0921687,0.204412,0.123369,0.0912437,0.102663,0.121956,0.122,0.142187,400,0
0.2,0.3,1,25000,0.0858938,0.122637,0.115937,0.144831,0.14885,0.125738,0.119031,0.137081,400,0
0.2,0.3,1,50000,0.134569,0.140981,0.0993187,0.112744,0.138969,0.0972,0.104875,0.171344,400,0
0.2,0.3,1,100000,0.113981,0.127556,0.0913375,0.165881,0.135869,0.104569,0.10775,0.153056,400,0
0.2,0.3,1,160000,0.0974312,0.113625,0.128431,0.117075,0.112556,0.0927,0.155531,0.18265,400,0
0.2,0.35,1,0,0.125975,0.124119,0.125375,0.123444,0.125256,0.125194,0.125837,0.1248,400,0
0.2,0.35,1,1000,0.08985,0.142912,0.119112,0.102531,0.138331,0.113863,0.153638,0.139763,400,0
0.2,0.35,1,2000,0.131488,0.139044,0.11095,0.153369,0.110131,0.109562,0.110581,0.134875,400,0
0.2,0.35,1,3000,0.112925,0.159456,0.130081,0.0885625,0.149806,0.107544,0.119231,0.132394,400,0
0.2,0.35,1,5000,0.0932125,0.19605,0.107156,0.1247,0.13675,0.0964562,0.0984,0.147275,400,0
0.2,0.35,1,7000,0.0979687,0.130506,0.106387,0.113875,0.137513,0.117337,0.154719,0.141694,400,0
0.2,0.35,1,10000,0.110144,0.15405,0.13975,0.1008,0.118875,0.101094,0.0984063,0.176881,400,0
0.2,0.35,1,25000,0.119606,0.158519,0.0862,0.0866062,0.131925,0.113631,0.1282,0.175313,400,0
0.2,0.35,1,50000,0.109812,0.157812,0.0858187,0.1192,0.117994,0.105631,0.118188,0.185544,400,0
0.2,0.35,1,100000,0.108219,0.192294,0.107169,0.138856,0.128438,0.100181,0.101825,0.123019,400,0
0.2,0.35,1,160000,0.106944,0.167338,0.12335,0.1104,0.0900312,0.1017,0.141044,0.159194,400,0
0.2,0.35,1,0,0.125037,0.124206,0.124869,0.125213,0.12525,0.125006,0.1253,0.125119,400,0
0.2,0.35,1,1000,0.121713,0.150613,0.100962,0.09295,0.125356,0.121088,0.120931,0.166387,400,0
0.2,0.35,1,2000,0.0976313,0.125994,0.122694,0.094875,0.127456,0.116931,0.140694,0.173725,400,0
0.2,0.35,1,3000,0.126494,0.160913,0.13005,0.095575,0.129081,0.0930437,0.144281,0.120563,400,0
0.2,0.35,1,5000,0.0753,0.191463,0.140156,0.106894,0.17485,0.0863938,0.091675,0.133269,400,0
0.2,0.35,1,7000,0.0938188,0.174344,0.107681,0.107344,0.131444,0.108,0.114269,0.1631,400,0
0.2,0.35,1,10000,0.0928563,0.194131,0.118225,0.104563,0.104031,0.097475,0.129094,0.159625,400,0
0.2,0.35,1,25000,0.081625,0.146487,0.109294,0.120025,0.156119,0.128238,0.121075,0.137137,400,0
0.2,0.35,1,50000,0.121644,0.11885,0.103669,0.144956,0.132725,0.111713,0.129275,0.137169,400,0
0.2,0.35,1,100000,0.0997062,0.130362,0.119525,0.127938,0.123869,0.113644,0.117331,0.167625,400,0
0.2,0.35,1,160000,0.10835,0.176731,0.0960813,0.113306,0.133856,0.0874937,0.104719,0.179462,400,0
0.2,0.4,1,0,0.125075,0.124325,0.127087,0.125037,0.1232,0.12425,0.126069,0.124956,400,0
0.2,0.4,1,1000,0.104156,0.161219,0.119556,0.101981,0.155475,0.0788812,0.134594,0.144138,400,0
0.2,0.4,1,2000,0.109144,0.155506,0.102219,0.0851,0.133387,0.0651188,0.18095,0.168575,400,0
0.2,0.4,1,3000,0.121294,0.150588,0.125519,0.0880563,0.12835,0.0948062,0.141962,0.149425,400,0
0.2,0.4,1,5000,0.10535,0.12645,0.139531,0.0932625,0.172644,0.0952438,0.1425,0.125019,400,0
0.2,0.4,1,7000,0.114175,0.139712,0.140019,0.103394,0.116837,0.0781562,0.1483,0.159406,400,0
0.2,0.4,1,10000,0.1307,0.168719,0.116819,0.100131,0.132494,0.0718687,0.126031,0.153237,400,0
0.2,0.4,1,25000,0.0922375,0.167794,0.106181,0.114781,0.16495,0.0921187,0.123869,0.138069,400,0
0.2,0.4,1,50000,0.134081,0.145056,0.130713,0.107381,0.134937,0.058025,0.139519,0.150287,400,0
0.2,0.4,1,100000,0.0965188,0.129413,0.129681,0.1044,0.131587,0.101119,0.151237,0.156044,400,0
0.2,0.4,1,160000,0.105269,0.165162,0.140313,0.110512,0.149081,0.0927687,0.106213,0.130681,400,0
0.2,0.4,1,0,0.124463,0.124088,0.125044,0.124756,0.125837,0.125463,0.1258,0.12455,400,0
0.2,0.4,1,1000,0.109131,0.145075,0.118138,0.130706,0.150256,0.0852688,0.126325,0.1351,400,0
0.2,0.4,1,2000,0.092425,0.11705,0.122762,0.114206,0.175875,0.127137,0.121594,0.12895,400,0
0.2,0.4,1,3000,0.128619,0.184331,0.105862,0.134281,0.127188,0.0869625,0.119587,0.113169,400,0
0.2,0.4,1,5000,0.104531,0.133894,0.115369,0.101025,0.149913,0.112162,0.143994,0.139113,400,0
0.2,0.4,1,7000,0.113525,0.179156,0.145687,0.0973187,0.1276,0.091175,0.104994,0.140544,400,0
0.2,0.4,1,10000,0.0847062,0.153312,0.0974875,0.100862,0.158175,0.0800875,0.125938,0.199431,400,0
0.2,0.4,1,25000,0.0879625,0.200437,0.140125,0.141887,0.115488,0.0798,0.0977813,0.136519,400,0
0.2,0.4,1,50000,0.117581,0.154044,0.0933062,0.113831,0.128731,0.0866375,0.125631,0.180237,400,0
0.2,0.4,1,100000,0.103369,0.131594,0.123956,0.0980063,0.113956,0.111444,0.174,0.143675,400,0
0.2,0.4,1,160000,0.1075,0.148531,0.128494,0.125425,0.139894,0.08125,0.140619,0.128287,400,0
0.2,0.45,1,0,0.125112,0.123037,0.125213,0.123331,0.126825,0.123925,0.125337,0.127219,400,0
0.2,0.45,1,1000,0.105269,0.157731,0.118538,0.120481,0.137281,0.0887875,0.139406,0.132506,400,0
0.2,0.45,1,2000,0.117175,0.163869,0.149962,0.084725,0.151381,0.076625,0.127819,0.128444,400,0
0.2,0.45,1,3000,0.115581,0.167706,0.105713,0.104225,0.1568,0.0848688,0.154044,0.111062,400,0
0.2,0.45,1,5000,0.105612,0.133563,0.097825,0.1204,0.157956,0.0808062,0.141113,0.162725,400,0
0.2,0.45,1,7000,0.126188,0.139387,0.151225,0.0850188,0.158356,0.0624562,0.131825,0.145544,400,0
0.2,0.45,1,10000,0.1042,0.153644,0.139013,0.090675,0.137862,0.0882625,0.134437,0.151906,400,0
0.2,0.45,1,25000,0.10705,0.144331,0.150381,0.0872688,0.156369,0.0582563,0.160213,0.136131,400,0
0.2,0.45,1,50000,0.0895125,0.164513,0.128731,0.112194,0.130125,0.0581438,0.132137,0.184644,400,0
0.2,0.45,1,100000,0.1237,0.167181,0.16,0.0972188,0.11805,0.071,0.115819,0.147031,400,0
0.2,0.45,1,160000,0.095925,0.121269,0.150206,0.103913,0.143138,0.0727562,0.1507,0.162094,400,0
0.2,0.45,1,0,0.124188,0.1269,0.125906,0.125169,0.124813,0.125988,0.123613,0.123425,400,0
0.2,0.45,1,1000,0.11485,0.113888,0.116281,0.0813438,0.163225,0.102044,0.159844,0.148525,400,0
0.2,0.45,1,2000,0.111969,0.1384,0.126862,0.124831,0.162931,0.078,0.112306,0.1447,400,0
0.2,0.45,1,3000,0.125963,0.181006,0.126225,0.0966937,0.122675,0.06295,0.1161,0.168387,400,0
0.2,0.45,1,5000,0.120981,0.18375,0.142625,0.114687,0.140931,0.0602063,0.100319,0.1365,400,0
0.2,0.45,1,7000,0.118712,0.140763,0.14755,0.0968375,0.1595,0.0762437,0.120575,0.139819,400,0
0.2,0.45,1,10000,0.1143,0.15265,0.140237,0.101225,0.163019,0.0873687,0.110781,0.130419,400,0
0.2,0.45,1,25000,0.124631,0.131706,0.143888,0.0910938,0.156888,0.07125,0.16385,0.116694,400,0
0.2,0.45,1,50000,0.106581,0.171962,0.125287,0.107431,0.136506,0.0748,0.106787,0.170644,400,0
0.2,0.45,1,100000,0.121906,0.160438,0.12725,0.100125,0.165875,0.0789563,0.133288,0.112162,400,0
0.2,0.45,1,160000,0.101131,0.155938,0.143131,0.103094,0.143869,0.081675,0.108662,0.1625,400,0
0.2,0.5,1,0,0.123044,0.126625,0.126175,0.124194,0.125125,0.124188,0.125225,0.125425,400,0
0.2,0.5,1,1000,0.09105,0.169338,0.11715,0.0992,0.152656,0.0927625,0.12605,0.151794,400,0
0.2,0.5,1,2000,0.12675,0.157269,0.130919,0.094375,0.162906,0.0508687,0.138044,0.138869,400,0
0.2,0.5,1,3000,0.1227,0.160175,0.138962,0.0953563,0.152156,0.0654375,0.132056,0.133156,400,0
0.2,0.5,1,5000,0.114587,0.147619,0.139338,0.0942313,0.145531,0.05665,0.163862,0.138181,400,0
0.2,0.5,1,7000,0.121094,0.161775,0.1382,0.0864437,0.156544,0.0592688,0.113081,0.163594,400,0
0.2,0.5,1,10000,0.123813,0.165437,0.146725,0.09065,0.173906,0.0424937,0.136606,0.120369,400,0
0.2,0.5,1,25000,0.1214,0.131094,0.132231,0.105756,0.1667,0.0518438,0.171263,0.119712,400,0
0.2,0.5,1,50000,0.0997688,0.141756,0.139219,0.102931,0.141481,0.0691125,0.129931,0.1758,400,0
0.2,0.5,1,100000,0.126769,0.140563,0.142769,0.103769,0.160663,0.051125,0.172019,0.102325,400,0
0.2,0.5,1,160000,0.127269,0.159569,0.141894,0.103194,0.159119,0.0502563,0.131056,0.127644,400,0
0.2,0.5,1,0,0.124431,0.125456,0.124506,0.124819,0.124369,0.126112,0.124637,0.125669,400,0
0.2,0.5,1,1000,0.116138,0.183631,0.133975,0.115344,0.127831,0.0665188,0.120631,0.135931,400,0
0.2,0.5,1,2000,0.108387,0.141288,0.142375,0.0824562,0.159131,0.0483563,0.166544,0.151462,400,0
0.2,0.5,1,3000,0.117081,0.175281,0.139619,0.122006,0.160656,0.0605562,0.1096,0.1152,400,0
0.2,0.5,1,5000,0.161231,0.141044,0.130744,0.0940562,0.183231,0.0384437,0.150262,0.100987,400,0
0.2,0.5,1,7000,0.12115,0.151781,0.143412,0.0801,0.200712,0.0428125,0.144788,0.115244,400,0
0.2,0.5,1,10000,0.109169,0.159562,0.127469,0.0885813,0.1724,0.0876062,0.143825,0.111388,400,0
0.2,0.5,1,25000,0.117625,0.129413,0.178012,0.07235,0.180312,0.063825,0.159719,0.0987438,400,0
0.2,0.5,1,50000,0.129119,0.156362,0.161106,0.0952625,0.1707,0.052575,0.137381,0.0974938,400,0
0.2,0.5,1,100000,0.115256,0.140875,0.136887,0.104375,0.163375,0.066325,0.126194,0.146712,400,0
0.2,0.5,1,160000,0.116256,0.1452,0.165456,0.0995625,0.148131,0.0600437,0.1371,0.12825,400,0
0.2,0.55,1,0,0.124094,0.124019,0.125231,0.125256,0.126375,0.124325,0.124469,0.126231,400,0
0.2,0.55,1,1000,0.106463,0.162087,0.135356,0.0883437,0.176869,0.0682563,0.13495,0.127675,400,0
0.2,0.55,1,2000,0.134169,0.142331,0.152919,0.0869313,0.157731,0.027775,0.154625,0.143519,400,0
0.2,0.55,1,3000,0.135256,0.152963,0.17065,0.0862625,0.179012,0.0317,0.140175,0.103981,400,0
0.2,0.55,1,5000,0.153419,0.164862,0.142669,0.09145,0.192581,0.0132875,0.163488,0.0782438,400,0
0.2,0.55,1,7000,0.144894,0.163562,0.128769,0.0788438,0.194837,0.0246062,0.147313,0.117175,400,0
0.2,0.55,1,10000,0.132044,0.1565,0.149781,0.09445,0.188706,0.0403563,0.121769,0.116394,400,0
0.2,0.55,1,25000,0.108256,0.149925,0.143819,0.100931,0.137813,0.0443438,0.167919,0.146994,400,0
0.2,0.55,1,50000,0.130738,0.179869,0.1408,0.0866688,0.1956,0.017325,0.129944,0.119056,400,0
0.2,0.55,1,100000,0.144138,0.130488,0.178525,0.0531688,0.202912,0,0.2136,0.0771687,400,0
0.2,0.55,1,160000,0.166169,0.135475,0.185681,0.0794625,0.219844,0,0.126644,0.086725,400,0
0.2,0.55,1,0,0.124006,0.1239,0.126531,0.124863,0.124637,0.124131,0.125656,0.126275,400,0
0.2,0.55,1,1000,0.160675,0.1557,0.131619,0.0751,0.162494,0.0552125,0.106069,0.153131,400,0
0.2,0.55,1,2000,0.132181,0.180106,0.149888,0.083175,0.163225,0.0346812,0.141231,0.115513,400,0
0.2,0.55,1,3000,0.127319,0.171844,0.1175,0.0989375,0.141244,0.0499938,0.167569,0.125594,400,0
0.2,0.55,1,5000,0.117644,0.164519,0.127713,0.0832875,0.193844,0.0267875,0.177325,0.108881,400,0
0.2,0.55,1,7000,0.14985,0.148562,0.146644,0.114394,0.161844,0.0209438,0.161706,0.0960562,400,0
0.2,0.55,1,10000,0.119556,0.139719,0.139225,0.103181,0.184394,0.0352688,0.151175,0.127481,400,0
0.2,0.55,1,25000,0.1247,0.173625,0.127144,0.0989125,0.169656,0.0348562,0.141781,0.129325,400,0
0.2,0.55,1,50000,0.152919,0.135131,0.13505,0.0763313,0.162038,0.01545,0.183963,0.139119,400,0
0.2,0.55,1,100000,0.13575,0.136306,0.154862,0.0973813,0.172406,0.036625,0.142994,0.123675,400,0
0.2,0.55,1,160000,0.132875,0.166369,0.1832,0.0822625,0.1498,0.0244125,0.141319,0.119762,400,0
0.2,0.6,1,0,0.124813,0.12595,0.123875,0.125481,0.12475,0.1257,0.125012,0.124419,400,0
0.2,0.6,1,1000,0.132556,0.167244,0.141538,0.097675,0.153775,0.035325,0.155062,0.116825,400,0
0.2,0.6,1,2000,0.153906,0.153069,0.160756,0.0843125,0.164862,0.0164688,0.173869,0.0927562,400,0
0.2,0.6,1,3000,0.123481,0.163306,0.173181,0.0860438,0.204756,0.0113375,0.149819,0.088075,400,0
0.2,0.6,1,5000,0.160556,0.163788,0.171381,0.0709562,0.180487,0.0075625,0.162619,0.08265,400,0
0.2,0.6,1,7000,0.141919,0.161581,0.177444,0.0757875,0.212075,0.00579375,0.137219,0.0881813,400,0
0.2,0.6,1,10000,0.1352,0.161131,0.164981,0.0743812,0.211931,0.0012375,0.149688,0.10145,400,0
0.2,0.6,1,25000,0.162506,0.170044,0.164587,0.0616125,0.200162,0,0.145594,0.0954938,400,0
0.2,0.6,1,50000,0.158125,0.146781,0.135137,0.0658375,0.225137,0,0.18265,0.0863312,400,0
0.2,0.6,1,100000,0.141137,0.141813,0.168094,0.0463312,0.211781,0,0.18375,0.107094,400,0
0.2,0.6,1,160000,0.149619,0.143625,0.1653,0.0592125,0.207344,0,0.184125,0.090775,400,0
0.2,0.6,1,0,0.126087,0.123863,0.125056,0.124275,0.124856,0.125644,0.124856,0.125362,400,0
0.2,0.6,1,1000,0.127812,0.156244,0.147138,0.0949437,0.164231,0.029025,0.143769,0.136838,400,0
0.2,0.6,1,2000,0.128956,0.147275,0.138075,0.0967438,0.190675,0.0313,0.166931,0.100044,400,0
0.2,0.6,1,3000,0.13895,0.158494,0.14615,0.0844562,0.180175,0.018225,0.14815,0.1254,400,0
0.2,0.6,1,5000,0.125269,0.178319,0.139094,0.084025,0.207281,0.008525,0.152981,0.104506,400,0
0.2,0.6,1,7000,0.143388,0.1707,0.141044,0.0824125,0.191956,0.0191875,0.147031,0.104281,400,0
0.2,0.6,1,10000,0.140669,0.152919,0.15325,0.0640312,0.1881,0,0.166331,0.1347,400,0
0.2,0.6,1,25000,0.132019,0.179863,0.155131,0.0611437,0.246825,0,0.154312,0.0707062,400,0
0.2,0.6,1,50000,0.161763,0.166631,0.161738,0.0831188,0.216487,0,0.134556,0.0757063,400,0
0.2,0.6,1,100000,0.1564,0.1675,0.150719,0.0639062,0.246781,0,0.138244,0.07645,400,0
0.2,0.6,1,160000,0.156506,0.146669,0.137244,0.0750125,0.197063,0,0.161038,0.126469,400,0
0.2,0.65,1,0,0.124938,0.124681,0.125131,0.12545,0.1248,0.123787,0.124244,0.126969,400,0
0.2,0.65,1,1000,0.120819,0.165319,0.15295,0.112825,0.138281,0.021925,0.149762,0.138119,400,0
0.2,0.65,1,2000,0.146338,0.176787,0.151663,0.06535,0.168937,0.017975,0.164956,0.107994,400,0
0.2,0.65,1,3000,0.141131,0.163106,0.139863,0.0872312,0.200319,0.0018,0.153206,0.113344,400,0
0.2,0.65,1,5000,0.145588,0.168988,0.167744,0.0708562,0.2155,0,0.146712,0.0846125,400,0
0.2,0.65,1,7000,0.146012,0.173331,0.104356,0.0732625,0.247531,0,0.150906,0.1046,400,0
0.2,0.65,1,10000,0.142737,0.164256,0.169444,0.0801188,0.186138,0,0.152119,0.105188,400,0
0.2,0.65,1,25000,0.156206,0.161162,0.159238,0.0682875,0.203838,0,0.160581,0.0906875,400,0
0.2,0.65,1,50000,0.126425,0.171944,0.125469,0.0753875,0.231462,0,0.181706,0.0876062,400,0
0.2,0.65,1,100000,0.12575,0.174581,0.147138,0.0791562,0.189831,0,0.171169,0.112375,400,0
0.2,0.65,1,160000,0.143344,0.162013,0.149206,0.081875,0.184787,0,0.172275,0.1065,400,0
0.2,0.65,1,0,0.125631,0.125869,0.124794,0.126988,0.124012,0.123725,0.1238,0.125181,400,0
0.2,0.65,1,1000,0.144719,0.175431,0.120844,0.0887375,0.182669,0.0128,0.145019,0.129781,400,0
0.2,0.65,1,2000,0.127281,0.158806,0.135881,0.0995625,0.226931,0.0207125,0.111719,0.119106,400,0
0.2,0.65,1,3000,0.127069,0.176519,0.160688,0.0826687,0.171394,0.0111375,0.162788,0.107737,400,0
0.2,0.65,1,5000,0.158469,0.165056,0.13935,0.07765,0.181737,0,0.173125,0.104612,400,0
0.2,0.65,1,7000,0.145663,0.180931,0.144538,0.0707312,0.1949,0,0.155331,0.107906,400,0
0.2,0.65,1,10000,0.142687,0.165,0.137162,0.0759563,0.228925,0,0.132631,0.117638,400,0
0.2,0.65,1,25000,0.151975,0.1766,0.137131,0.08695,0.196544,0,0.151825,0.098975,400,0
0.2,0.65,1,50000,0.142619,0.187725,0.126444,0.0896875,0.222644,0,0.1334,0.0974813,400,0
0.2,0.65,1,100000,0.141019,0.154762,0.142369,0.056425,0.2151,0,0.171081,0.119244,400,0
0.2,0.65,1,160000,0.17925,0.169862,0.1524,0.10015,0.167912,0,0.136081,0.0943438,400,0
0.2,0.7,1,0,0.123431,0.12585,0.125406,0.125831,0.12515,0.123619,0.12515,0.125562,400,0
0.2,0.7,1,1000,0.133362,0.199406,0.144588,0.107425,0.155194,0.0192562,0.143363,0.0974062,400,0
0.2,0.7,1,2000,0.129056,0.17135,0.133763,0.101219,0.195744,0.0110312,0.156587,0.10125,400,0
0.2,0.7,1,3000,0.1436,0.174987,0.135988,0.0806438,0.220488,0.00308125,0.135087,0.106125,400,0
0.2,0.7,1,5000,0.1254,0.175644,0.150581,0.0700125,0.231425,0,0.145625,0.101312,400,0
0.2,0.7,1,7000,0.13895,0.172175,0.157512,0.0983563,0.157138,0,0.177294,0.098575,400,0
0.2,0.7,1,10000,0.139806,0.175169,0.167319,0.0933313,0.1923,0,0.139931,0.0921437,400,0
0.2,0.7,1,25000,0.13535,0.162544,0.1491,0.0807688,0.192688,0,0.145212,0.134337,400,0
0.2,0.7,1,50000,0.141619,0.157488,0.151338,0.075575,0.1657,0,0.165669,0.142613,400,0
0.2,0.7,1,100000,0.155938,0.171869,0.15245,0.0821812,0.172444,0,0.153894,0.111225,400,0
0.2,0.7,1,160000,0.147275,0.168581,0.138225,0.0892437,0.226181,0,0.128037,0.102456,400,0
0.2,0.7,1,0,0.125394,0.126106,0.124431,0.125587,0.124438,0.123975,0.125262,0.124806,400,0
0.2,0.7,1,1000,0.110625,0.201244,0.12555,0.106069,0.158531,0.02955,0.11055,0.157881,400,0
0.2,0.7,1,2000,0.142006,0.181212,0.1622,0.0746437,0.159831,0.00191875,0.168862,0.109325,400,0
0.2,0.7,1,3000,0.131062,0.175256,0.143825,0.0885688,0.196981,0.0014875,0.15705,0.105769,400,0
0.2,0.7,1,5000,0.135981,0.169694,0.157556,0.0598625,0.198619,0,0.156881,0.121406,400,0
0.2,0.7,1,7000,0.144075,0.1936,0.151138,0.0758812,0.187337,0,0.158944,0.089025,400,0
0.2,0.7,1,10000,0.154413,0.183587,0.1168,0.0798937,0.199931,0,0.152269,0.113106,400,0
0.2,0.7,1,25000,0.14185,0.163362,0.150363,0.0678375,0.2101,0,0.150312,0.116175,400,0
0.2,0.7,1,50000,0.137931,0.167637,0.139144,0.0702625,0.208056,0,0.169606,0.107362,400,0
0.2,0.7,1,100000,0.137588,0.1741,0.147413,0.0741625,0.181419,0,0.145675,0.139644,400,0
0.2,0.7,1,160000,0.144594,0.167038,0.16085,0.0618312,0.210769,0,0.164769,0.09015,400,0
0.2,0.75,1,0,0.124656,0.125663,0.124238,0.124575,0.123838,0.125906,0.126312,0.124813,400,0
0.2,0.75,1,1000,0.113675,0.188319,0.130013,0.134044,0.167694,0.0340375,0.115187,0.117031,400,0
0.2,0.75,1,2000,0.124225,0.198356,0.14,0.103262,0.189287,4.375e-05,0.1343,0.110525,400,0
0.2,0.75,1,3000,0.120581,0.20285,0.110312,0.102831,0.187569,0,0.155819,0.120038,400,0
0.2,0.75,1,5000,0.153894,0.168119,0.156344,0.0804125,0.167631,0,0.1524,0.1212,400,0
0.2,0.75,1,7000,0.147144,0.172494,0.140237,0.092625,0.169631,0,0.167994,0.109875,400,0
0.2,0.75,1,10000,0.132719,0.21275,0.145888,0.075925,0.172156,0,0.153081,0.107481,400,0
0.2,0.75,1,25000,0.133175,0.191587,0.141,0.0822125,0.162713,0,0.154312,0.135,400,0
0.2,0.75,1,50000,0.119369,0.175625,0.142944,0.076425,0.20985,0,0.141906,0.133881,400,0
0.2,0.75,1,100000,0.133969,0.18835,0.143512,0.0748313,0.212,0,0.134144,0.113194,400,0
0.2,0.75,1,160000,0.136088,0.189619,0.132694,0.0693,0.203212,0,0.151856,0.117231,400,0
0.2,0.75,1,0,0.123569,0.125281,0.125281,0.125719,0.126238,0.124588,0.1236,0.125725,400,0
0.2,0.75,1,1000,0.106262,0.208512,0.126119,0.0904812,0.190156,0.0196125,0.117919,0.140937,400,0
0.2,0.75,1,2000,0.120862,0.18205,0.137106,0.08825,0.194194,0.00674375,0.143506,0.127287,400,0
0.2,0.75,1,3000,0.122944,0.18395,0.122387,0.0944688,0.218219,0,0.138794,0.119237,400,0
0.2,0.75,1,5000,0.131644,0.180456,0.142306,0.0877688,0.184188,0,0.142487,0.13115,400,0
0.2,0.75,1,7000,0.1128,0.196369,0.147313,0.0865375,0.197269,0,0.142556,0.117156,400,0
0.2,0.75,1,10000,0.135469,0.176619,0.132944,0.108594,0.185744,0,0.13315,0.127481,400,0
0.2,0.75,1,25000,0.110694,0.188294,0.168206,0.106012,0.198494,0,0.135344,0.0929563,400,0
0.2,0.75,1,50000,0.158519,0.178625,0.145519,0.0797063,0.163156,0,0.150394,0.124081,400,0
0.2,0.75,1,100000,0.144012,0.173906,0.126763,0.0829687,0.184281,0,0.150519,0.13755,400,0
0.2,0.75,1,160000,0.137538,0.180113,0.126506,0.093,0.190481,0,0.152762,0.1196,400,0
0.2,0.8,1,0,0.126119,0.126106,0.1249,0.126356,0.123581,0.125156,0.123787,0.123994,400,0
0.2,0.8,1,1000,0.100663,0.206656,0.14205,0.109519,0.157019,0.0218,0.121581,0.140712,400,0
0.2,0.8,1,2000,0.128281,0.215537,0.1494,0.0933438,0.179944,0,0.119475,0.114019,400,0
0.2,0.8,1,3000,0.126413,0.180237,0.122987,0.100644,0.205581,0,0.14545,0.118688,400,0
0.2,0.8,1,5000,0.132856,0.186194,0.140094,0.0874125,0.225969,0,0.113456,0.114019,400,0
0.2,0.8,1,7000,0.151138,0.193612,0.140581,0.0978563,0.17325,0,0.136419,0.107144,400,0
0.2,0.8,1,10000,0.144044,0.181537,0.135975,0.0713875,0.213863,0,0.154444,0.09875,400,0
0.2,0.8,1,25000,0.1344,0.185888,0.115869,0.079,0.218238,0,0.133569,0.133038,400,0
0.2,0.8,1,50000,0.13435,0.191663,0.145656,0.0825188,0.170694,0,0.147681,0.127438,400,0
0.2,0.8,1,100000,0.122088,0.1701,0.139431,0.115619,0.187238,0,0.142681,0.122844,400,0
0.2,0.8,1,160000,0.123306,0.215856,0.1187,0.0784813,0.211175,0,0.1294,0.123081,400,0
0.2,0.8,1,0,0.124269,0.124575,0.125556,0.125975,0.124894,0.123575,0.125888,0.125269,400,0
0.2,0.8,1,1000,0.117969,0.197806,0.121175,0.103444,0.186569,0.01765,0.103131,0.152256,400,0
0.2,0.8,1,2000,0.1306,0.212388,0.140306,0.0934125,0.167906,0.002425,0.129481,0.123481,400,0
0.2,0.8,1,3000,0.119144,0.190719,0.1288,0.111019,0.19195,0.00163125,0.111644,0.145094,400,0
0.2,0.8,1,5000,0.136544,0.193394,0.138919,0.0806687,0.1986,0,0.138244,0.113631,400,0
0.2,0.8,1,7000,0.133431,0.217906,0.136019,0.0700563,0.192044,0,0.129731,0.120813,400,0
0.2,0.8,1,10000,0.119794,0.204381,0.143244,0.0936125,0.196656,0,0.146913,0.0954,400,0
0.2,0.8,1,25000,0.14075,0.201662,0.140044,0.0788563,0.155019,0,0.144119,0.13955,400,0
0.2,0.8,1,50000,0.127406,0.19645,0.139275,0.0866062,0.184075,0,0.138456,0.127731,400,0
0.2,0.8,1,100000,0.139556,0.205512,0.151244,0.077,0.182256,0,0.121387,0.123044,400,0
0.2,0.8,1,160000,0.117538,0.193956,0.13895,0.0812188,0.206456,0,0.142556,0.119325,400,0
0.2,0.85,1,0,0.123056,0.125194,0.124294,0.124881,0.125525,0.124944,0.12665,0.125456,400,0
0.2,0.85,1,1000,0.110187,0.213219,0.123231,0.1134,0.162781,0.0092625,0.118269,0.14965,400,0
0.2,0.85,1,2000,0.147563,0.188819,0.123181,0.100737,0.193056,0.0002,0.113731,0.132713,400,0
0.2,0.85,1,3000,0.119137,0.199669,0.139581,0.08605,0.202462,0.00125,0.125612,0.126238,400,0
0.2,0.85,1,5000,0.118587,0.199712,0.143225,0.0867125,0.188981,0,0.1369,0.125881,400,0
0.2,0.85,1,7000,0.112644,0.208325,0.120713,0.121025,0.185463,0,0.130775,0.121056,400,0
0.2,0.85,1,10000,0.134213,0.222112,0.142131,0.0768937,0.207744,0,0.113481,0.103425,400,0
0.2,0.85,1,25000,0.119688,0.224694,0.123875,0.0951437,0.181419,0,0.109406,0.145775,400,0
0.2,0.85,1,50000,0.116956,0.198569,0.143244,0.0865375,0.1588,0,0.147531,0.148363,400,0
0.2,0.85,1,100000,0.11665,0.233412,0.1175,0.0995,0.2043,0,0.108969,0.119669,400,0
0.2,0.85,1,160000,0.125988,0.215956,0.148381,0.0788313,0.163394,0,0.13135,0.1361,400,0
0.2,0.85,1,0,0.125,0.124356,0.1263,0.124906,0.125206,0.125125,0.124106,0.125,400,0
0.2,0.85,1,1000,0.123906,0.223706,0.130837,0.104469,0.1418,0.0157813,0.113325,0.146175,400,0
0.2,0.85,1,2000,0.11285,0.217419,0.1254,0.121887,0.176556,0.00193125,0.114031,0.129925,400,0
0.2,0.85,1,3000,0.126069,0.182188,0.126581,0.09585,0.2094,0.00095,0.137856,0.121106,400,0
0.2,0.85,1,5000,0.110444,0.208556,0.125569,0.0830188,0.200925,0,0.139,0.132488,400,0
0.2,0.85,1,7000,0.107331,0.181613,0.148969,0.0751187,0.229712,0,0.122275,0.134981,400,0
0.2,0.85,1,10000,0.13375,0.190163,0.117925,0.09055,0.186569,0,0.139937,0.141106,400,0
0.2,0.85,1,25000,0.128963,0.199831,0.111219,0.0904313,0.212925,0,0.1322,0.124431,400,0
0.2,0.85,1,50000,0.128312,0.195369,0.134869,0.0869375,0.174113,0,0.1306,0.1498,400,0
0.2,0.85,1,100000,0.111175,0.218388,0.150306,0.086375,0.166575,0,0.134356,0.132825,400,0
0.2,0.85,1,160000,0.131075,0.196137,0.130994,0.0952,0.2044,0,0.116844,0.12535,400,0
0.2,0.9,1,0,0.12415,0.125837,0.125619,0.124419,0.125562,0.125037,0.125625,0.12375,400,0
0.2,0.9,1,1000,0.115119,0.200288,0.135181,0.0910125,0.186862,0.0071,0.118138,0.1463,400,0
0.2,0.9,1,2000,0.115494,0.192844,0.127787,0.107806,0.210506,0,0.103775,0.141788,400,0
0.2,0.9,1,3000,0.11425,0.2075,0.125337,0.0953813,0.178119,0,0.109794,0.169619,400,0
0.2,0.9,1,5000,0.113581,0.206313,0.128481,0.08955,0.190631,0,0.127256,0.144187,400,0
0.2,0.9,1,7000,0.124631,0.215575,0.127963,0.082475,0.227587,0,0.117188,0.104581,400,0
0.2,0.9,1,10000,0.111231,0.207569,0.134025,0.0961063,0.2001,0,0.11255,0.138419,400,0
0.2,0.9,1,25000,0.120631,0.223994,0.128094,0.0935938,0.185844,0,0.124838,0.123006,400,0
0.2,0.9,1,50000,0.120737,0.235006,0.122025,0.0824312,0.184494,0,0.113312,0.141994,400,0
0.2,0.9,1,100000,0.106362,0.2112,0.112356,0.107819,0.216837,0,0.115769,0.129656,400,0
0.2,0.9,1,160000,0.105444,0.250713,0.132569,0.0812438,0.193387,0,0.126637,0.110006,400,0
0.2,0.9,1,0,0.123181,0.124162,0.127031,0.124931,0.125,0.12535,0.125394,0.12495,400,0
0.2,0.9,1,1000,0.108544,0.212863,0.124506,0.105313,0.176925,0.0203688,0.0960063,0.155475,400,0
0.2,0.9,1,2000,0.106381,0.21095,0.129269,0.115906,0.175619,0,0.1141,0.147775,400,0
0.2,0.9,1,3000,0.0994,0.237031,0.108631,0.0903562,0.183663,0,0.121181,0.159738,400,0
0.2,0.9,1,5000,0.112725,0.2153,0.132925,0.0767437,0.215812,0,0.133375,0.113119,400,0
0.2,0.9,1,7000,0.0976188,0.2209,0.111275,0.0867875,0.189094,0,0.137794,0.156531,400,0
0.2,0.9,1,10000,0.117737,0.200263,0.135713,0.0931,0.189169,0,0.112225,0.151794,400,0
0.2,0.9,1,25000,0.117169,0.239619,0.135,0.0927,0.186025,0,0.109488,0.12,400,0
0.2,0.9,1,50000,0.120144,0.216175,0.128825,0.0852688,0.15305,0,0.147494,0.149044,400,0
0.2,0.9,1,100000,0.098725,0.217213,0.128044,0.103025,0.231875,0,0.113462,0.107656,400,0
0.2,0.9,1,160000,0.119038,0.197788,0.109419,0.0953813,0.191081,0,0.135369,0.151925,400,0
0.2,0.95,1,0,0.124669,0.125275,0.125231,0.124244,0.126037,0.124906,0.124262,0.125375,400,0
0.2,0.95,1,1000,0.0803,0.237075,0.0982187,0.10595,0.217194,0.014,0.118538,0.128725,400,0
0.2,0.95,1,2000,0.128181,0.21215,0.113412,0.0912875,0.1903,0,0.103512,0.161156,400,0
0.2,0.95,1,3000,0.0999,0.237856,0.108731,0.0776312,0.226844,0,0.120831,0.128206,400,0
0.2,0.95,1,5000,0.122588,0.225406,0.13175,0.120594,0.166013,0,0.103862,0.129788,400,0
0.2,0.95,1,7000,0.104794,0.22215,0.116038,0.114712,0.167819,0,0.117638,0.15685,400,0
0.2,0.95,1,10000,0.1036,0.248287,0.111912,0.0955938,0.185875,0,0.112819,0.141912,400,0
0.2,0.95,1,25000,0.107906,0.229137,0.134306,0.110738,0.163581,0,0.116556,0.137775,400,0
0.2,0.95,1,50000,0.0941437,0.240844,0.121438,0.0794875,0.207338,0,0.125087,0.131662,400,0
0.2,0.95,1,100000,0.103556,0.206744,0.107669,0.101888,0.198381,0,0.135713,0.14605,400,0
0.2,0.95,1,160000,0.113369,0.230006,0.10715,0.119962,0.180588,0,0.108131,0.140794,400,0
0.2,0.95,1,0,0.123231,0.126275,0.124438,0.124381,0.126019,0.126044,0.125006,0.124606,400,0
0.2,0.95,1,1000,0.0961125,0.237725,0.121637,0.100225,0.1816,0.0188812,0.103219,0.1406,400,0
0.2,0.95,1,2000,0.109863,0.252012,0.108844,0.110806,0.173625,0,0.099,0.14585,400,0
0.2,0.95,1,3000,0.125144,0.222131,0.122887,0.114163,0.1621,0,0.109575,0.144,400,0
0.2,0.95,1,5000,0.0895375,0.206113,0.126488,0.0865812,0.231106,0,0.127413,0.132763,400,0
0.2,0.95,1,7000,0.103556,0.260238,0.108669,0.0992438,0.1846,0,0.1024,0.141294,400,0
0.2,0.95,1,10000,0.10755,0.2336,0.123231,0.0871375,0.197594,0,0.103813,0.147075,400,0
0.2,0.95,1,25000,0.121925,0.215669,0.127969,0.0956375,0.165206,0,0.128994,0.1446,400,0
0.2,0.95,1,50000,0.092925,0.240237,0.124031,0.0834187,0.215762,0,0.108756,0.134869,400,0
0.2,0.95,1,100000,0.11045,0.221787,0.121469,0.110694,0.179462,0,0.120331,0.135806,400,0
0.2,0.95,1,160000,0.108438,0.222556,0.1428,0.089925,0.16525,0,0.13215,0.138881,400,0
0.2,1,1,0,0.125206,0.123906,0.125381,0.126012,0.12515,0.124825,0.1254,0.124119,400,0
0.2,1,1,1000,0.10805,0.221287,0.114962,0.109613,0.150481,0.0266063,0.114269,0.154731,400,0
0.2,1,1,2000,0.116156,0.238925,0.109781,0.101831,0.184644,0.003575,0.101475,0.143613,400,0
0.2,1,1,3000,0.0971812,0.241406,0.126131,0.09525,0.175056,0.00079375,0.128456,0.135725,400,0
0.2,1,1,5000,0.103538,0.254044,0.103775,0.0918375,0.1813,0,0.122237,0.143269,400,0
0.2,1,1,7000,0.101337,0.251125,0.126669,0.0979813,0.173344,0,0.130188,0.119356,400,0
0.2,1,1,10000,0.092425,0.23005,0.141281,0.093075,0.181919,0,0.123075,0.138175,400,0
0.2,1,1,25000,0.0914625,0.258156,0.106106,0.0793625,0.219762,0,0.10965,0.1355,400,0
0.2,1,1,50000,0.0951812,0.216388,0.128194,0.106075,0.1849,0,0.128956,0.140306,400,0
0.2,1,1,100000,0.0973625,0.233838,0.104831,0.1004,0.215306,0,0.115631,0.132631,400,0
0.2,1,1,160000,0.119,0.22665,0.124525,0.100006,0.169594,0,0.118538,0.141687,400,0
0.2,1,1,0,0.125281,0.12355,0.125888,0.126238,0.123806,0.12425,0.124794,0.126194,400,0
0.2,1,1,1000,0.110025,0.224481,0.112187,0.118625,0.164225,0.00930625,0.121381,0.139769,400,0
0.2,1,1,2000,0.109088,0.236081,0.126012,0.0922937,0.163781,0,0.12065,0.152094,400,0
0.2,1,1,3000,0.111363,0.255375,0.134087,0.0816375,0.140925,0,0.131213,0.1454,400,0
0.2,1,1,5000,0.0984312,0.196194,0.132444,0.0973062,0.169106,0,0.125106,0.181413,400,0
0.2,1,1,7000,0.10875,0.256806,0.119425,0.0761,0.166988,0,0.121588,0.150344,400,0
0.2,1,1,10000,0.0968625,0.233175,0.116325,0.0938375,0.183762,0,0.133612,0.142425,400,0
0.2,1,1,25000,0.12185,0.225463,0.128581,0.114756,0.176131,0,0.104606,0.128612,400,0
0.2,1,1,50000,0.0996313,0.210106,0.134806,0.101862,0.216337,0,0.0979625,0.139294,400,0
0.2,1,1,100000,0.121456,0.229488,0.118194,0.0894188,0.200881,0,0.104706,0.135856,400,0
0.2,1,1,160000,0.112144,0.216913,0.134763,0.101969,0.181425,0,0.115031,0.137756,400,0
0.25,0,1,0,0.125294,0.125713,0.125375,0.12485,0.125381,0.124637,0.125744,0.123006,400,0
0.25,0,1,1000,0.113394,0.130456,0.136775,0.122419,0.124019,0.116712,0.122694,0.133531,400,0
0.25,0,1,2000,0.109031,0.112394,0.120094,0.127763,0.126744,0.120281,0.149506,0.134187,400,0
0.25,0,1,3000,0.113013,0.112344,0.101087,0.1214,0.1267,0.165975,0.127725,0.131756,400,0
0.25,0,1,5000,0.134069,0.142494,0.122781,0.124206,0.109306,0.12265,0.10345,0.141044,400,0
0.25,0,1,7000,0.105206,0.143644,0.108175,0.146544,0.103288,0.146937,0.120063,0.126144,400,0
0.25,0,1,10000,0.11395,0.112113,0.152737,0.0966313,0.11315,0.107981,0.153363,0.150075,400,0
0.25,0,1,25000,0.113406,0.124037,0.111544,0.134969,0.127075,0.121075,0.145762,0.122131,400,0
0.25,0,1,50000,0.142863,0.122294,0.1644,0.126637,0.102181,0.106006,0.09975,0.135869,400,0
0.25,0,1,100000,0.116294,0.126656,0.128719,0.106519,0.122119,0.144762,0.109069,0.145863,400,0
0.25,0,1,160000,0.132006,0.144544,0.1069,0.12195,0.115931,0.139794,0.11935,0.119525,400,0
0.25,0,1,0,0.124806,0.124881,0.124575,0.125956,0.125219,0.124925,0.124956,0.124681,400,0
0.25,0,1,1000,0.122681,0.149869,0.090375,0.102063,0.145169,0.150719,0.121494,0.117631,400,0
0.25,0,1,2000,0.140475,0.128556,0.11695,0.131944,0.106163,0.107425,0.113744,0.154744,400,0
0.25,0,1,3000,0.118644,0.130981,0.10525,0.119219,0.136244,0.116487,0.137825,0.13535,400,0
0.25,0,1,5000,0.116019,0.123306,0.108588,0.147756,0.132706,0.1391,0.112912,0.119612,400,0
0.25,0,1,7000,0.0943812,0.1051,0.104112,0.102031,0.150987,0.123069,0.190444,0.129875,400,0
0.25,0,1,10000,0.122656,0.129075,0.117313,0.131463,0.122563,0.141919,0.100087,0.134925,400,0
0.25,0,1,25000,0.133412,0.100125,0.134263,0.106987,0.121675,0.132637,0.1291,0.1418,400,0
0.25,0,1,50000,0.112275,0.1277,0.125006,0.110006,0.119813,0.11735,0.145125,0.142725,400,0
0.25,0,1,100000,0.130325,0.129387,0.126281,0.121769,0.116894,0.12805,0.13925,0.108044,400,0
0.25,0,1,160000,0.14275,0.110037,0.1249,0.1144,0.138819,0.146044,0.1123,0.11075,400,0
0.25,0.05,1,0,0.125719,0.12585,0.123206,0.1258,0.124044,0.124706,0.125475,0.1252,400,0
0.25,0.05,1,1000,0.14055,0.124369,0.09785,0.1171,0.121581,0.151731,0.122844,0.123975,400,0
0.25,0.05,1,2000,0.112687,0.150588,0.0996937,0.129594,0.124762,0.134844,0.116694,0.131137,400,0
0.25,0.05,1,3000,0.111131,0.189681,0.113931,0.1215,0.110937,0.107169,0.111838,0.133813,400,0
0.25,0.05,1,5000,0.119444,0.133194,0.114037,0.14335,0.103344,0.131075,0.114919,0.140637,400,0
0.25,0.05,1,7000,0.120563,0.120825,0.108775,0.126994,0.111156,0.1448,0.143331,0.123556,400,0
0.25,0.05,1,10000,0.125056,0.126706,0.105206,0.122881,0.0970687,0.118887,0.167544,0.13665,400,0
0.25,0.05,1,25000,0.0848688,0.149356,0.115256,0.151306,0.120369,0.121744,0.134831,0.122269,400,0
0.25,0.05,1,50000,0.172819,0.162463,0.108925,0.114306,0.1014,0.112019,0.135225,0.0928438,400,0
0.25,0.05,1,100000,0.128894,0.138962,0.121619,0.100106,0.103756,0.138819,0.109575,0.158269,400,0
0.25,0.05,1,160000,0.106219,0.142563,0.129506,0.109313,0.127256,0.110706,0.125331,0.149106,400,0
0.25,0.05,1,0,0.124313,0.127019,0.124106,0.125356,0.124813,0.125862,0.124156,0.124375,400,0
0.25,0.05,1,1000,0.118087,0.131794,0.153163,0.125025,0.12305,0.122237,0.113162,0.113481,400,0
0.25,0.05,1,2000,0.103469,0.117831,0.12035,0.124506,0.152688,0.154837,0.111037,0.115281,400,0
0.25,0.05,1,3000,0.130569,0.135575,0.100744,0.13465,0.122838,0.138088,0.126519,0.111019,400,0
0.25,0.05,1,5000,0.0994063,0.175381,0.134419,0.120275,0.13245,0.125556,0.108713,0.1038,400,0
0.25,0.05,1,7000,0.107419,0.106194,0.118813,0.126769,0.122262,0.1605,0.116419,0.141625,400,0
0.25,0.05,1,10000,0.112856,0.116612,0.106713,0.160763,0.128988,0.114094,0.137631,0.122344,400,0
0.25,0.05,1,25000,0.108381,0.156,0.134531,0.121063,0.0981875,0.124637,0.117862,0.139338,400,0
0.25,0.05,1,50000,0.1205,0.133275,0.116856,0.134181,0.120544,0.13035,0.124925,0.119369,400,0
0.25,0.05,1,100000,0.1156,0.121625,0.113625,0.139681,0.156956,0.122781,0.112594,0.117138,400,0
0.25,0.05,1,160000,0.0933937,0.144169,0.123644,0.1458,0.177375,0.0966812,0.119663,0.099275,400,0
0.25,0.1,1,0,0.125144,0.123994,0.125225,0.125419,0.125731,0.12505,0.124206,0.125231,400,0
0.25,0.1,1,1000,0.100675,0.173575,0.103788,0.151806,0.111844,0.106356,0.104887,0.147069,400,0
0.25,0.1,1,2000,0.116425,0.135481,0.100381,0.116819,0.121481,0.193925,0.107969,0.107519,400,0
0.25,0.1,1,3000,0.106938,0.136056,0.120313,0.1317,0.118794,0.116869,0.1199,0.149431,400,0
0.25,0.1,1,5000,0.11155,0.13275,0.101831,0.132544,0.128037,0.165013,0.113138,0.115138,400,0
0.25,0.1,1,7000,0.136744,0.191381,0.0947,0.154106,0.0925375,0.0907188,0.109512,0.1303,400,0
0.25,0.1,1,10000,0.105456,0.170725,0.11395,0.116406,0.107931,0.114006,0.105288,0.166238,400,0
0.25,0.1,1,25000,0.0835812,0.16225,0.129912,0.141669,0.106844,0.141819,0.116206,0.117719,400,0
0.25,0.1,1,50000,0.102381,0.1709,0.128925,0.135137,0.1231,0.10725,0.107419,0.124887,400,0
0.25,0.1,1,100000,0.0911813,0.15355,0.124119,0.134831,0.127631,0.114469,0.135969,0.11825,400,0
0.25,0.1,1,160000,0.114769,0.125,0.113138,0.193887,0.108381,0.106725,0.122762,0.115337,400,0
0.25,0.1,1,0,0.1251,0.12465,0.125406,0.125856,0.123919,0.125081,0.124056,0.125931,400,0
0.25,0.1,1,1000,0.0988688,0.141594,0.1068,0.106338,0.133319,0.113956,0.156488,0.142638,400,0
0.25,0.1,1,2000,0.0743687,0.146906,0.127362,0.136662,0.119969,0.136656,0.135706,0.122369,400,0
0.25,0.1,1,3000,0.105713,0.168488,0.1151,0.139306,0.109544,0.13605,0.104881,0.120919,400,0
0.25,0.1,1,5000,0.101606,0.176663,0.0901437,0.164925,0.118581,0.111756,0.107131,0.129194,400,0
0.25,0.1,1,7000,0.0932875,0.12955,0.1287,0.147525,0.116419,0.129975,0.101813,0.152731,400,0
0.25,0.1,1,10000,0.109881,0.143063,0.101344,0.166775,0.114494,0.104219,0.121237,0.138988,400,0
0.25,0.1,1,25000,0.1037,0.129994,0.0999938,0.122694,0.124175,0.109581,0.136887,0.172975,400,0
0.25,0.1,1,50000,0.11705,0.155506,0.116331,0.152644,0.110231,0.108806,0.111994,0.127438,400,0
0.25,0.1,1,100000,0.106781,0.163381,0.0960437,0.153944,0.128056,0.109738,0.109856,0.1322,400,0
0.25,0.1,1,160000,0.103137,0.157056,0.109619,0.123469,0.100038,0.113481,0.146663,0.146537,400,0
0.25,0.15,1,0,0.124225,0.125131,0.124606,0.124181,0.12505,0.125562,0.126506,0.124738,400,0
0.25,0.15,1,1000,0.140338,0.133406,0.111169,0.109287,0.103406,0.133094,0.0907562,0.178544,400,0
0.25,0.15,1,2000,0.0956937,0.121319,0.116094,0.112256,0.100962,0.1201,0.14195,0.191625,400,0
0.25,0.15,1,3000,0.0941375,0.170444,0.118081,0.110425,0.116212,0.127519,0.119094,0.144088,400,0
0.25,0.15,1,5000,0.10455,0.153906,0.0828375,0.146731,0.0975,0.114775,0.129612,0.170088,400,0
0.25,0.15,1,7000,0.126219,0.177994,0.0891938,0.149175,0.114763,0.104969,0.110994,0.126694,400,0
0.25,0.15,1,10000,0.09755,0.1896,0.117975,0.136044,0.105606,0.09135,0.101413,0.160463,400,0
0.25,0.15,1,25000,0.083825,0.150306,0.0961375,0.15785,0.136731,0.124419,0.112675,0.138056,400,0
0.25,0.15,1,50000,0.0960437,0.144863,0.0934312,0.1466,0.116125,0.170687,0.1131,0.11915,400,0
0.25,0.15,1,100000,0.102519,0.1613,0.1353,0.161319,0.116669,0.114106,0.0888188,0.119969,400,0
0.25,0.15,1,160000,0.125156,0.16605,0.083675,0.10595,0.101794,0.130356,0.150856,0.136162,400,0
0.25,0.15,1,0,0.123563,0.125037,0.125544,0.125612,0.125862,0.125206,0.123019,0.126156,400,0
0.25,0.15,1,1000,0.0986625,0.1811,0.0686812,0.11575,0.0982688,0.151331,0.127775,0.158431,400,0
0.25,0.15,1,2000,0.108344,0.200994,0.103119,0.15575,0.097,0.0797812,0.107419,0.147594,400,0
0.25,0.15,1,3000,0.114187,0.188456,0.115169,0.155394,0.116244,0.108169,0.101962,0.100419,400,0
0.25,0.15,1,5000,0.134013,0.143719,0.110919,0.153087,0.116894,0.118175,0.110844,0.11235,400,0
0.25,0.15,1,7000,0.0957875,0.147525,0.0837563,0.189663,0.106244,0.123919,0.0995687,0.153537,400,0
0.25,0.15,1,10000,0.1146,0.161344,0.129669,0.137206,0.101556,0.0966937,0.123769,0.135162,400,0
0.25,0.15,1,25000,0.119994,0.1554,0.10245,0.135238,0.142813,0.109694,0.107012,0.1274,400,0
0.25,0.15,1,50000,0.118212,0.173794,0.123338,0.140513,0.102381,0.100069,0.120006,0.121688,400,0
0.25,0.15,1,100000,0.121862,0.157831,0.10465,0.126225,0.122588,0.115275,0.118794,0.132775,400,0
0.25,0.15,1,160000,0.101825,0.127963,0.127438,0.124769,0.112569,0.111506,0.138719,0.155213,400,0
0.25,0.2,1,0,0.1244,0.125594,0.124887,0.124875,0.125069,0.126012,0.124488,0.124675,400,0
0.25,0.2,1,1000,0.102331,0.177719,0.11845,0.142481,0.123813,0.112369,0.100469,0.122369,400,0
0.25,0.2,1,2000,0.117519,0.132844,0.0949563,0.123625,0.111944,0.122006,0.104538,0.192569,400,0
0.25,0.2,1,3000,0.0891,0.133506,0.112481,0.114131,0.1053,0.148537,0.137056,0.159887,400,0
0.25,0.2,1,5000,0.10705,0.144656,0.0852938,0.109056,0.115206,0.158444,0.140131,0.140162,400,0
0.25,0.2,1,7000,0.0953937,0.17545,0.104769,0.122381,0.159806,0.104069,0.0872125,0.150919,400,0
0.25,0.2,1,10000,0.1051,0.150719,0.0992125,0.132188,0.104306,0.123281,0.137344,0.14785,400,0
0.25,0.2,1,25000,0.0928375,0.095825,0.119862,0.168687,0.140419,0.116931,0.1269,0.138538,400,0
0.25,0.2,1,50000,0.11205,0.116025,0.11545,0.125094,0.119781,0.130325,0.126706,0.154569,400,0
0.25,0.2,1,100000,0.141906,0.172806,0.1063,0.143888,0.0735438,0.10045,0.124506,0.1366,400,0
0.25,0.2,1,160000,0.117594,0.164825,0.102087,0.107869,0.141819,0.1178,0.0910062,0.157,400,0
0.25,0.2,1,0,0.126156,0.124275,0.125544,0.124631,0.123706,0.124262,0.126156,0.125269,400,0
0.25,0.2,1,1000,0.104525,0.164856,0.121387,0.14095,0.115256,0.118169,0.115312,0.119544,400,0
0.25,0.2,1,2000,0.121256,0.15485,0.102244,0.0989625,0.10115,0.130069,0.128394,0.163075,400,0
0.25,0.2,1,3000,0.102538,0.180081,0.0941063,0.149838,0.110256,0.129325,0.0953813,0.138475,400,0
0.25,0.2,1,5000,0.101744,0.168881,0.0953563,0.139275,0.107994,0.108762,0.141781,0.136206,400,0
0.25,0.2,1,7000,0.114431,0.148944,0.093275,0.11305,0.10865,0.146625,0.143106,0.131919,400,0
0.25,0.2,1,10000,0.0978312,0.205788,0.120813,0.153319,0.0804938,0.0869313,0.0873938,0.167431,400,0
0.25,0.2,1,25000,0.109937,0.156406,0.115906,0.152381,0.0779,0.13,0.105294,0.152175,400,0
0.25,0.2,1,50000,0.1289,0.137206,0.0944688,0.115219,0.126688,0.128438,0.122131,0.14695,400,0
0.25,0.2,1,100000,0.0880438,0.153206,0.109119,0.128381,0.134869,0.134675,0.120681,0.131025,400,0
0.25,0.2,1,160000,0.0977062,0.176656,0.086825,0.133231,0.131562,0.143125,0.102212,0.128681,400,0
0.25,0.25,1,0,0.123781,0.12555,0.124988,0.124988,0.125419,0.1241,0.124444,0.126731,400,0
0.25,0.25,1,1000,0.106181,0.163288,0.112594,0.1021,0.144819,0.120469,0.108106,0.142444,400,0
0.25,0.25,1,2000,0.111062,0.163056,0.115638,0.1219,0.116625,0.107594,0.126906,0.137219,400,0
0.25,0.25,1,3000,0.12325,0.1775,0.0706937,0.127112,0.118188,0.111625,0.0842625,0.187369,400,0
0.25,0.25,1,5000,0.0704063,0.127506,0.134606,0.141069,0.128331,0.127281,0.135831,0.134969,400,0
0.25,0.25,1,7000,0.0989813,0.184463,0.102944,0.117869,0.0996937,0.128944,0.135662,0.131444,400,0
0.25,0.25,1,10000,0.113775,0.161144,0.141288,0.119325,0.111838,0.107131,0.130419,0.115081,400,0
0.25,0.25,1,25000,0.0882813,0.16885,0.101631,0.109188,0.122362,0.123887,0.149863,0.135937,400,0
0.25,0.25,1,50000,0.12945,0.148569,0.1173,0.082475,0.0956437,0.110725,0.125488,0.19035,400,0
0.25,0.25,1,100000,0.107438,0.157131,0.103612,0.146444,0.12315,0.112375,0.101513,0.148338,400,0
0.25,0.25,1,160000,0.0974562,0.177356,0.119406,0.1376,0.121512,0.101294,0.105038,0.140338,400,0
0.25,0.25,1,0,0.124975,0.124469,0.125537,0.123881,0.12495,0.125781,0.124944,0.125463,400,0
0.25,0.25,1,1000,0.118563,0.147575,0.115194,0.126175,0.127519,0.0966937,0.105981,0.1623,400,0
0.25,0.25,1,2000,0.1204,0.116681,0.100712,0.121756,0.125594,0.102519,0.149444,0.162894,400,0
0.25,0.25,1,3000,0.0864063,0.141469,0.0970312,0.128438,0.11945,0.13225,0.120163,0.174794,400,0
0.25,0.25,1,5000,0.0928375,0.166912,0.123063,0.136625,0.126413,0.105706,0.10915,0.139294,400,0
0.25,0.25,1,7000,0.0824562,0.140937,0.141731,0.130513,0.118788,0.126069,0.107269,0.152237,400,0
0.25,0.25,1,10000,0.090325,0.131581,0.114894,0.13155,0.122737,0.122831,0.132438,0.153644,400,0
0.25,0.25,1,25000,0.093675,0.163375,0.132781,0.162475,0.126656,0.103225,0.110006,0.107806,400,0
0.25,0.25,1,50000,0.095125,0.199162,0.105063,0.1119,0.0966375,0.111644,0.101375,0.179094,400,0
0.25,0.25,1,100000,0.0921125,0.142269,0.0956375,0.131794,0.161056,0.104512,0.115675,0.156944,400,0
0.25,0.25,1,160000,0.102663,0.132744,0.124819,0.115569,0.128019,0.0993312,0.124144,0.172712,400,0
0.25,0.3,1,0,0.123644,0.124531,0.126756,0.123938,0.125519,0.123906,0.126344,0.125362,400,0
0.25,0.3,1,1000,0.108519,0.135781,0.120831,0.161612,0.107944,0.105181,0.116275,0.143856,400,0
0.25,0.3,1,2000,0.110006,0.133,0.0989063,0.120106,0.113937,0.101019,0.143631,0.179394,400,0
0.25,0.3,1,3000,0.0865625,0.1692,0.0979875,0.15785,0.145925,0.110937,0.0959125,0.135625,400,0
0.25,0.3,1,5000,0.08725,0.169731,0.108338,0.150537,0.115825,0.0844625,0.104462,0.179394,400,0
0.25,0.3,1,7000,0.114613,0.172294,0.0673312,0.0964562,0.130906,0.142725,0.122512,0.153163,400,0
0.25,0.3,1,10000,0.120694,0.154094,0.105744,0.115837,0.121563,0.0935187,0.150081,0.138469,400,0
0.25,0.3,1,25000,0.106719,0.147844,0.0991563,0.126637,0.115819,0.114538,0.158719,0.130569,400,0
0.25,0.3,1,50000,0.104156,0.142125,0.133594,0.103281,0.123963,0.096675,0.144694,0.151512,400,0
0.25,0.3,1,100000,0.110569,0.138219,0.102794,0.105612,0.13195,0.102194,0.12945,0.179212,400,0
0.25,0.3,1,160000,0.107806,0.145962,0.147694,0.132194,0.124469,0.091125,0.110025,0.140725,400,0
0.25,0.3,1,0,0.124094,0.124506,0.124569,0.1253,0.126125,0.124825,0.125419,0.125163,400,0
0.25,0.3,1,1000,0.111669,0.161475,0.0913313,0.109825,0.106338,0.113881,0.130919,0.174563,400,0
0.25,0.3,1,2000,0.118212,0.174038,0.114894,0.113006,0.118094,0.104806,0.100281,0.156669,400,0
0.25,0.3,1,3000,0.109531,0.1402,0.108287,0.130169,0.121663,0.115837,0.1584,0.115913,400,0
0.25,0.3,1,5000,0.105044,0.171356,0.113638,0.14045,0.141494,0.08975,0.115081,0.123188,400,0
0.25,0.3,1,7000,0.108419,0.149175,0.116244,0.0978938,0.133637,0.102788,0.145563,0.146281,400,0
0.25,0.3,1,10000,0.0873562,0.160219,0.0998625,0.116344,0.130969,0.101669,0.142412,0.161169,400,0
0.25,0.3,1,25000,0.129,0.115138,0.1057,0.0981125,0.163581,0.131662,0.124688,0.132119,400,0
0.25,0.3,1,50000,0.101862,0.126475,0.115613,0.0962625,0.120025,0.146937,0.130494,0.162331,400,0
0.25,0.3,1,100000,0.0920187,0.152025,0.118744,0.13255,0.130038,0.105313,0.121831,0.147481,400,0
0.25,0.3,1,160000,0.0955562,0.16995,0.0809625,0.182206,0.117181,0.109631,0.108056,0.136456,400,0
0.25,0.35,1,0,0.1246,0.125244,0.126106,0.124625,0.125731,0.124887,0.124838,0.123969,400,0
0.25,0.35,1,1000,0.131406,0.171225,0.0966875,0.11355,0.1369,0.074625,0.113787,0.161819,400,0
0.25,0.35,1,2000,0.09105,0.159269,0.142919,0.108631,0.133275,0.117438,0.121975,0.125444,400,0
0.25,0.35,1,3000,0.074575,0.147025,0.120294,0.131675,0.169781,0.132944,0.104444,0.119262,400,0
0.25,0.35,1,5000,0.0976,0.176162,0.116181,0.115156,0.134637,0.100994,0.118831,0.140437,400,0
0.25,0.35,1,7000,0.151012,0.149631,0.0862563,0.117006,0.110488,0.09865,0.13245,0.154506,400,0
0.25,0.35,1,10000,0.0934312,0.133306,0.127094,0.115344,0.190637,0.106512,0.123488,0.110187,400,0
0.25,0.35,1,25000,0.0880438,0.126675,0.108969,0.101119,0.118256,0.112831,0.133837,0.210269,400,0
0.25,0.35,1,50000,0.0936375,0.141706,0.115725,0.114119,0.1398,0.0893375,0.129969,0.175706,400,0
0.25,0.35,1,100000,0.0889563,0.147838,0.131912,0.191275,0.158,0.0823688,0.0739188,0.125731,400,0
0.25,0.35,1,160000,0.0813375,0.143094,0.107775,0.136513,0.138612,0.108188,0.0961313,0.18835,400,0
0.25,0.35,1,0,0.12525,0.124506,0.125738,0.125844,0.125231,0.125706,0.123519,0.124206,400,0
0.25,0.35,1,1000,0.106088,0.158806,0.101069,0.0864562,0.141156,0.0933812,0.118119,0.194925,400,0
0.25,0.35,1,2000,0.112831,0.130594,0.109225,0.14955,0.125713,0.0830875,0.141187,0.147813,400,0
0.25,0.35,1,3000,0.119938,0.164013,0.118938,0.10795,0.0922313,0.100875,0.119862,0.176194,400,0
0.25,0.35,1,5000,0.106344,0.124238,0.126244,0.125231,0.1169,0.128944,0.113469,0.158631,400,0
0.25,0.35,1,7000,0.10355,0.137125,0.107544,0.116612,0.11405,0.125075,0.11125,0.184794,400,0
0.25,0.35,1,10000,0.106444,0.151787,0.122563,0.113056,0.159637,0.0901875,0.13165,0.124675,400,0
0.25,0.35,1,25000,0.120506,0.154512,0.112719,0.109537,0.159787,0.104444,0.109988,0.128506,400,0
0.25,0.35,1,50000,0.13105,0.198519,0.128444,0.10035,0.096975,0.114187,0.104344,0.126131,400,0
0.25,0.35,1,100000,0.0947438,0.153319,0.09935,0.0983688,0.145625,0.131081,0.109588,0.167925,400,0
0.25,0.35,1,160000,0.11275,0.170588,0.14265,0.125619,0.133194,0.0736437,0.132819,0.108738,400,0
0.25,0.4,1,0,0.1249,0.124469,0.125506,0.124713,0.124238,0.126094,0.125275,0.124806,400,0
0.25,0.4,1,1000,0.113119,0.158456,0.142631,0.09825,0.131362,0.0651875,0.118594,0.1724,400,0
0.25,0.4,1,2000,0.109444,0.128488,0.126362,0.111244,0.132694,0.0978938,0.148181,0.145694,400,0
0.25,0.4,1,3000,0.0825125,0.16865,0.121944,0.0881813,0.144388,0.0866125,0.137387,0.170325,400,0
0.25,0.4,1,5000,0.109994,0.145787,0.132306,0.0830063,0.175406,0.0682062,0.164425,0.120869,400,0
0.25,0.4,1,7000,0.092475,0.167912,0.112275,0.0958875,0.160756,0.100594,0.130556,0.139544,400,0
0.25,0.4,1,10000,0.0984187,0.177737,0.118694,0.11975,0.160887,0.0747063,0.109687,0.140119,400,0
0.25,0.4,1,25000,0.0986375,0.163,0.1396,0.102269,0.170212,0.0692813,0.116581,0.140419,400,0
0.25,0.4,1,50000,0.134087,0.148481,0.139263,0.10105,0.121169,0.0674687,0.140506,0.147975,400,0
0.25,0.4,1,100000,0.111975,0.151156,0.114144,0.113513,0.147156,0.107706,0.1065,0.14785,400,0
0.25,0.4,1,160000,0.1248,0.144019,0.146681,0.0940688,0.144925,0.0795375,0.132812,0.133156,400,0
0.25,0.4,1,0,0.126394,0.124281,0.124088,0.1246,0.126244,0.125612,0.124188,0.124594,400,0
0.25,0.4,1,1000,0.0846375,0.191062,0.105181,0.115294,0.128906,0.0952313,0.129713,0.149975,400,0
0.25,0.4,1,2000,0.0996688,0.191581,0.120737,0.08275,0.147831,0.075525,0.133375,0.148531,400,0
0.25,0.4,1,3000,0.106706,0.141969,0.144538,0.103944,0.163294,0.0597437,0.136919,0.142888,400,0
0.25,0.4,1,5000,0.133325,0.138794,0.159062,0.0983625,0.166575,0.0740688,0.1207,0.109113,400,0
0.25,0.4,1,7000,0.11025,0.169588,0.126031,0.0898625,0.161688,0.0720062,0.123169,0.147406,400,0
0.25,0.4,1,10000,0.135169,0.149787,0.114856,0.0846,0.1356,0.053975,0.173687,0.152325,400,0
0.25,0.4,1,25000,0.113475,0.145769,0.1226,0.112944,0.1366,0.0834,0.11645,0.168763,400,0
0.25,0.4,1,50000,0.0910625,0.130694,0.132856,0.1339,0.165444,0.119512,0.1039,0.122631,400,0
0.25,0.4,1,100000,0.108194,0.150681,0.11225,0.119219,0.168044,0.0709812,0.153156,0.117475,400,0
0.25,0.4,1,160000,0.117087,0.147119,0.138569,0.0953875,0.165563,0.075275,0.128894,0.132106,400,0
0.25,0.45,1,0,0.125262,0.123906,0.124963,0.125269,0.125381,0.125,0.124794,0.125425,400,0
0.25,0.45,1,1000,0.0924125,0.162756,0.114,0.112125,0.163062,0.0787687,0.132569,0.144306,400,0
0.25,0.45,1,2000,0.114269,0.142863,0.11785,0.0924688,0.181413,0.0492,0.137488,0.16445,400,0
0.25,0.45,1,3000,0.102987,0.168519,0.145606,0.107537,0.163706,0.0717,0.1292,0.110744,400,0
0.25,0.45,1,5000,0.113787,0.131675,0.154862,0.103506,0.211606,0.0388875,0.116506,0.129169,400,0
0.25,0.45,1,7000,0.112863,0.149906,0.144038,0.0830313,0.159844,0.070625,0.1102,0.169494,400,0
0.25,0.45,1,10000,0.101206,0.154069,0.125294,0.0703687,0.15865,0.0665437,0.129013,0.194856,400,0
0.25,0.45,1,25000,0.124006,0.1487,0.151956,0.0923687,0.182938,0.0420375,0.141106,0.116888,400,0
0.25,0.45,1,50000,0.11,0.155231,0.121369,0.0918438,0.130256,0.0864063,0.156419,0.148475,400,0
0.25,0.45,1,100000,0.11385,0.144406,0.117669,0.106737,0.140625,0.082325,0.150413,0.143975,400,0
0.25,0.45,1,160000,0.110819,0.140431,0.151444,0.0813625,0.16945,0.0630813,0.142881,0.140531,400,0
0.25,0.45,1,0,0.126606,0.12395,0.125481,0.124431,0.124569,0.124006,0.125231,0.125725,400,0
0.25,0.45,1,1000,0.101269,0.178406,0.115725,0.0944813,0.18065,0.067125,0.112569,0.149775,400,0
0.25,0.45,1,2000,0.0999687,0.156362,0.115325,0.0908313,0.176619,0.0936812,0.126,0.141212,400,0
0.25,0.45,1,3000,0.109256,0.14645,0.170994,0.094,0.175069,0.06425,0.121625,0.118356,400,0
0.25,0.45,1,5000,0.112244,0.156275,0.141525,0.0934625,0.171987,0.060675,0.142731,0.1211,400,0
0.25,0.45,1,7000,0.137525,0.146313,0.136044,0.0781812,0.132756,0.0606563,0.126756,0.181769,400,0
0.25,0.45,1,10000,0.0906312,0.117406,0.140813,0.0864125,0.173237,0.0950125,0.144056,0.152431,400,0
0.25,0.45,1,25000,0.0984687,0.144025,0.110812,0.101237,0.151713,0.108056,0.142019,0.143669,400,0
0.25,0.45,1,50000,0.108225,0.153919,0.140631,0.106044,0.168081,0.0708125,0.118038,0.13425,400,0
0.25,0.45,1,100000,0.117944,0.17665,0.131881,0.0995438,0.152731,0.0721125,0.120413,0.128725,400,0
0.25,0.45,1,160000,0.110394,0.146187,0.143888,0.0891187,0.176,0.0535438,0.13545,0.145419,400,0
0.25,0.5,1,0,0.124656,0.125169,0.124356,0.124463,0.124819,0.126056,0.125694,0.124787,400,0
0.25,0.5,1,1000,0.105281,0.15935,0.143712,0.106631,0.146425,0.0643563,0.116269,0.157975,400,0
0.25,0.5,1,2000,0.108125,0.170419,0.141419,0.108125,0.158069,0.0637,0.1075,0.142644,400,0
0.25,0.5,1,3000,0.125944,0.149987,0.139619,0.0871375,0.162206,0.0402125,0.15535,0.139544,400,0
0.25,0.5,1,5000,0.137294,0.159544,0.134387,0.0875688,0.204506,0.0316562,0.106762,0.138281,400,0
0.25,0.5,1,7000,0.117712,0.165112,0.1422,0.0926312,0.191312,0.0463375,0.123525,0.121169,400,0
0.25,0.5,1,10000,0.115181,0.1506,0.1356,0.111819,0.160656,0.0582312,0.163538,0.104375,400,0
0.25,0.5,1,25000,0.0953438,0.139719,0.147181,0.0809375,0.176044,0.06675,0.153231,0.140794,400,0
0.25,0.5,1,50000,0.129225,0.166181,0.107544,0.09155,0.170569,0.03495,0.175813,0.124169,400,0
0.25,0.5,1,100000,0.122719,0.153837,0.143987,0.072525,0.158013,0.0504937,0.1444,0.154025,400,0
0.25,0.5,1,160000,0.147663,0.138575,0.147856,0.0773937,0.191319,0.0452875,0.11115,0.140756,400,0
0.25,0.5,1,0,0.124463,0.126375,0.125594,0.125431,0.124725,0.125975,0.124206,0.123231,400,0
0.25,0.5,1,1000,0.12605,0.146094,0.1249,0.0890937,0.169825,0.0608187,0.1382,0.145019,400,0
0.25,0.5,1,2000,0.114644,0.153012,0.148356,0.0819125,0.1734,0.0402938,0.153381,0.135,400,0
0.25,0.5,1,3000,0.122625,0.154269,0.135288,0.0817438,0.161844,0.0474125,0.165556,0.131263,400,0
0.25,0.5,1,5000,0.110119,0.147819,0.138694,0.087775,0.179537,0.0515437,0.156862,0.12765,400,0
0.25,0.5,1,7000,0.104956,0.147413,0.121125,0.08995,0.188869,0.0677125,0.146556,0.133419,400,0
0.25,0.5,1,10000,0.0925375,0.179769,0.107969,0.0922063,0.203425,0.0351125,0.133412,0.155569,400,0
0.25,0.5,1,25000,0.122006,0.1679,0.108881,0.1055,0.163038,0.0569375,0.135806,0.139931,400,0
0.25,0.5,1,50000,0.146781,0.131756,0.133881,0.0873875,0.185837,0.0501125,0.148825,0.115419,400,0
0.25,0.5,1,100000,0.115462,0.148075,0.117769,0.100925,0.162331,0.0642687,0.145638,0.145531,400,0
0.25,0.5,1,160000,0.119581,0.154413,0.120575,0.0866375,0.185913,0.0369563,0.180462,0.115462,400,0
0.25,0.55,1,0,0.124731,0.125463,0.124556,0.125281,0.124713,0.125587,0.12485,0.124819,400,0
0.25,0.55,1,1000,0.098025,0.160763,0.135969,0.130912,0.195575,0.0409875,0.127156,0.110613,400,0
0.25,0.55,1,2000,0.108544,0.146175,0.156631,0.108363,0.185537,0.0461375,0.128356,0.120256,400,0
0.25,0.55,1,3000,0.0997875,0.159744,0.14055,0.09375,0.211806,0.02125,0.164288,0.108825,400,0
0.25,0.55,1,5000,0.135125,0.142075,0.145487,0.080725,0.216819,0.00260625,0.1823,0.0948625,400,0
0.25,0.55,1,7000,0.123675,0.156231,0.149881,0.0655063,0.174744,0.0465,0.164256,0.119206,400,0
0.25,0.55,1,10000,0.148037,0.150163,0.160544,0.0539938,0.197137,0.01835,0.166431,0.105344,400,0
0.25,0.55,1,25000,0.127738,0.159812,0.142731,0.0684625,0.209856,0.0056625,0.15385,0.131887,400,0
0.25,0.55,1,50000,0.141387,0.179394,0.131619,0.0662188,0.250519,0,0.150375,0.0804875,400,0
0.25,0.55,1,100000,0.137606,0.136769,0.174375,0.0639625,0.232856,0,0.139387,0.115044,400,0
0.25,0.55,1,160000,0.140538,0.134081,0.156281,0.0667125,0.207644,0,0.209444,0.0853,400,0
0.25,0.55,1,0,0.125719,0.124231,0.126431,0.125037,0.123887,0.125206,0.1251,0.124387,400,0
0.25,0.55,1,1000,0.121031,0.177313,0.153294,0.0799375,0.187481,0.0341,0.140813,0.106031,400,0
0.25,0.55,1,2000,0.131912,0.164313,0.148388,0.0778563,0.164719,0.0362937,0.163094,0.113425,400,0
0.25,0.55,1,3000,0.131731,0.165412,0.145237,0.0678125,0.194119,0.0149938,0.181438,0.0992563,400,0
0.25,0.55,1,5000,0.147206,0.158375,0.149381,0.0793875,0.186875,0.0119625,0.180431,0.0863813,400,0
0.25,0.55,1,7000,0.125775,0.147331,0.156494,0.0548937,0.219881,0.008475,0.181762,0.105387,400,0
0.25,0.55,1,10000,0.12895,0.154537,0.159744,0.076675,0.192675,0.008575,0.1884,0.0904438,400,0
0.25,0.55,1,25000,0.157362,0.16355,0.153837,0.0571125,0.199488,0,0.179088,0.0895625,400,0
0.25,0.55,1,50000,0.126569,0.1409,0.141831,0.0573625,0.16975,0,0.2307,0.132887,400,0
0.25,0.55,1,100000,0.126825,0.163994,0.118587,0.093725,0.205081,0,0.175494,0.116294,400,0
0.25,0.55,1,160000,0.138569,0.173256,0.1428,0.0561688,0.208556,0,0.179338,0.101312,400,0
0.25,0.6,1,0,0.125544,0.12415,0.125775,0.124363,0.125037,0.123306,0.1265,0.125325,400,0
0.25,0.6,1,1000,0.135806,0.183219,0.128625,0.0784187,0.170806,0.0357312,0.134194,0.1332,400,0
0.25,0.6,1,2000,0.122088,0.171288,0.149144,0.0804563,0.212363,0.0179125,0.134481,0.112269,400,0
0.25,0.6,1,3000,0.1337,0.156612,0.159256,0.0856062,0.1812,0.0231875,0.153025,0.107412,400,0
0.25,0.6,1,5000,0.115712,0.166131,0.138362,0.0955625,0.205631,0.00604375,0.153281,0.119275,400,0
0.25,0.6,1,7000,0.150906,0.160837,0.147144,0.0860375,0.228844,0.00095,0.1495,0.0757812,400,0
0.25,0.6,1,10000,0.150631,0.152725,0.162463,0.0558688,0.201425,0,0.177575,0.0993125,400,0
0.25,0.6,1,25000,0.141469,0.171119,0.159331,0.0730062,0.202256,0,0.157037,0.0957812,400,0
0.25,0.6,1,50000,0.123688,0.172887,0.144462,0.0638813,0.204237,0,0.163375,0.127469,400,0
0.25,0.6,1,100000,0.151681,0.140288,0.170031,0.06345,0.167944,0,0.188456,0.11815,400,0
0.25,0.6,1,160000,0.14565,0.148562,0.155106,0.0646125,0.227813,0,0.165581,0.092675,400,0
0.25,0.6,1,0,0.122544,0.126812,0.125431,0.126231,0.1233,0.126231,0.125512,0.123938,400,0
0.25,0.6,1,1000,0.123506,0.209531,0.1118,0.0883063,0.148975,0.052525,0.122387,0.142969,400,0
0.25,0.6,1,2000,0.122869,0.162731,0.134781,0.0875563,0.216944,0.0167687,0.142187,0.116163,400,0
0.25,0.6,1,3000,0.126425,0.153406,0.1481,0.0817062,0.178769,0.0171687,0.169031,0.125394,400,0
0.25,0.6,1,5000,0.117638,0.197994,0.135169,0.0804688,0.212356,0.0363062,0.12915,0.0909188,400,0
0.25,0.6,1,7000,0.114094,0.17165,0.147975,0.0755938,0.234606,0.0173813,0.106094,0.132606,400,0
0.25,0.6,1,10000,0.128606,0.168838,0.158013,0.067875,0.206969,0.0099375,0.1607,0.0990625,400,0
0.25,0.6,1,25000,0.115413,0.152394,0.152312,0.0693688,0.241531,0,0.151369,0.117612,400,0
0.25,0.6,1,50000,0.124994,0.17855,0.139662,0.0702312,0.234825,0,0.156969,0.0947687,400,0
0.25,0.6,1,100000,0.150231,0.176806,0.119794,0.0832125,0.186344,0,0.154938,0.128675,400,0
0.25,0.6,1,160000,0.157188,0.16235,0.144075,0.0778688,0.216837,0,0.156181,0.0855,400,0
0.25,0.65,1,0,0.123756,0.125012,0.125663,0.12555,0.126019,0.124338,0.1242,0.125463,400,0
0.25,0.65,1,1000,0.0860375,0.229869,0.0998,0.084375,0.190119,0.03865,0.140637,0.130513,400,0
0.25,0.65,1,2000,0.1182,0.192694,0.151587,0.0788062,0.178444,0.0021875,0.155975,0.122106,400,0
0.25,0.65,1,3000,0.142125,0.169956,0.155831,0.0747,0.202437,0.0077,0.154331,0.0929187,400,0
0.25,0.65,1,5000,0.134406,0.163881,0.155194,0.0611437,0.199769,0,0.169575,0.116031,400,0
0.25,0.65,1,7000,0.129325,0.162156,0.147119,0.0787,0.204444,0,0.179406,0.09885,400,0
0.25,0.65,1,10000,0.128475,0.172962,0.146025,0.0638062,0.212706,0,0.159738,0.116288,400,0
0.25,0.65,1,25000,0.132662,0.170325,0.138788,0.0754375,0.226731,0,0.141044,0.115013,400,0
0.25,0.65,1,50000,0.134637,0.151006,0.154537,0.0918438,0.17325,0,0.151156,0.143569,400,0
0.25,0.65,1,100000,0.137437,0.182375,0.155537,0.0855188,0.190975,0,0.15085,0.0973062,400,0
0.25,0.65,1,160000,0.153681,0.181312,0.128975,0.0768812,0.197513,0,0.163956,0.0976812,400,0
0.25,0.65,1,0,0.124019,0.126075,0.124381,0.124369,0.12585,0.125537,0.125294,0.124475,400,0
0.25,0.65,1,1000,0.118531,0.195031,0.117719,0.106169,0.177269,0.0276188,0.118019,0.139644,400,0
0.25,0.65,1,2000,0.0986125,0.168412,0.121669,0.0811188,0.228619,0.0248188,0.15605,0.1207,400,0
0.25,0.65,1,3000,0.134131,0.170431,0.131069,0.079575,0.203381,0.0129687,0.165044,0.1034,400,0
0.25,0.65,1,5000,0.136263,0.17115,0.147375,0.07735,0.185756,0,0.160794,0.121313,400,0
0.25,0.65,1,7000,0.148394,0.182312,0.1442,0.0671063,0.193862,0,0.159969,0.104156,400,0
0.25,0.65,1,10000,0.1242,0.149394,0.1559,0.0730813,0.197625,0,0.159475,0.140325,400,0
0.25,0.65,1,25000,0.143431,0.159862,0.1355,0.0902,0.215675,0,0.144581,0.11075,400,0
0.25,0.65,1,50000,0.123025,0.154306,0.171725,0.08115,0.178481,0,0.174031,0.117281,400,0
0.25,0.65,1,100000,0.115613,0.182163,0.129125,0.0872062,0.221075,0,0.15745,0.107369,400,0
0.25,0.65,1,160000,0.120575,0.170294,0.140313,0.06335,0.229631,0,0.162081,0.113756,400,0
0.25,0.7,1,0,0.127,0.123575,0.125388,0.124125,0.125319,0.124656,0.124919,0.125019,400,0
0.25,0.7,1,1000,0.13505,0.224662,0.11605,0.0773688,0.133069,0.0426062,0.140569,0.130625,400,0
0.25,0.7,1,2000,0.138013,0.187856,0.146375,0.0754875,0.202437,0.013075,0.125031,0.111725,400,0
0.25,0.7,1,3000,0.129631,0.209556,0.116087,0.0896312,0.218194,0.00273125,0.1246,0.109569,400,0
0.25,0.7,1,5000,0.136144,0.191319,0.138481,0.083375,0.1962,0,0.129794,0.124688,400,0
0.25,0.7,1,7000,0.147856,0.188188,0.127969,0.0798,0.212256,0,0.1243,0.119631,400,0
0.25,0.7,1,10000,0.121519,0.183381,0.145631,0.0733188,0.21205,0,0.153231,0.110869,400,0
0.25,0.7,1,25000,0.140775,0.20355,0.141781,0.073075,0.170319,0,0.144019,0.126481,400,0
0.25,0.7,1,50000,0.142538,0.188056,0.145406,0.074,0.181138,0,0.123775,0.145088,400,0
0.25,0.7,1,100000,0.142588,0.19355,0.139244,0.0755187,0.182875,0,0.16475,0.101475,400,0
0.25,0.7,1,160000,0.135625,0.16335,0.147962,0.0831375,0.17935,0,0.146006,0.144569,400,0
0.25,0.7,1,0,0.124412,0.124831,0.123981,0.125119,0.125069,0.125438,0.125444,0.125706,400,0
0.25,0.7,1,1000,0.120538,0.213556,0.135856,0.08845,0.153031,0.0457687,0.125056,0.117744,400,0
0.25,0.7,1,2000,0.141625,0.1715,0.157537,0.08435,0.205012,0.0121063,0.124106,0.103762,400,0
0.25,0.7,1,3000,0.134412,0.182575,0.13845,0.0619,0.201219,0.0018625,0.157294,0.122287,400,0
0.25,0.7,1,5000,0.138687,0.183594,0.143444,0.068475,0.227912,0.00154375,0.131919,0.104425,400,0
0.25,0.7,1,7000,0.1317,0.188531,0.158263,0.0737687,0.188225,0,0.168756,0.0907562,400,0
0.25,0.7,1,10000,0.158056,0.173581,0.120631,0.084525,0.153537,0,0.163706,0.145962,400,0
0.25,0.7,1,25000,0.11595,0.188119,0.148644,0.0729625,0.177494,0,0.167013,0.129819,400,0
0.25,0.7,1,50000,0.133225,0.189362,0.133344,0.0815625,0.225806,0,0.156594,0.0801063,400,0
0.25,0.7,1,100000,0.14375,0.190556,0.150237,0.0707625,0.172763,0,0.157556,0.114375,400,0
0.25,0.7,1,160000,0.133294,0.176719,0.150269,0.0766813,0.192044,0,0.159331,0.111662,400,0
0.25,0.75,1,0,0.126644,0.125656,0.125269,0.1248,0.124369,0.124475,0.124444,0.124344,400,0
0.25,0.75,1,1000,0.0957063,0.193112,0.12505,0.0950813,0.166544,0.0338813,0.141431,0.149194,400,0
0.25,0.75,1,2000,0.119294,0.221037,0.132219,0.0761562,0.164581,0.00580625,0.1528,0.128106,400,0
0.25,0.75,1,3000,0.12405,0.1819,0.119431,0.0840188,0.1875,0.00473125,0.163119,0.13525,400,0
0.25,0.75,1,5000,0.140656,0.195244,0.143275,0.07565,0.183269,0,0.137162,0.124744,400,0
0.25,0.75,1,7000,0.135087,0.174863,0.143762,0.07385,0.212438,0,0.1606,0.0994,400,0
0.25,0.75,1,10000,0.125225,0.198944,0.117475,0.0853125,0.206356,0,0.137912,0.128775,400,0
0.25,0.75,1,25000,0.143525,0.200862,0.130075,0.0835875,0.190319,0,0.131875,0.119756,400,0
0.25,0.75,1,50000,0.147212,0.190875,0.137219,0.0727437,0.209675,0,0.135019,0.107256,400,0
0.25,0.75,1,100000,0.131625,0.18935,0.120219,0.0610062,0.2124,0,0.159362,0.126037,400,0
0.25,0.75,1,160000,0.146906,0.188181,0.139556,0.0925187,0.192725,0,0.119694,0.120419,400,0
0.25,0.75,1,0,0.125163,0.124294,0.124044,0.12635,0.125344,0.126156,0.124363,0.124287,400,0
0.25,0.75,1,1000,0.112656,0.215213,0.127719,0.0768188,0.190675,0.025625,0.129956,0.121338,400,0
0.25,0.75,1,2000,0.110006,0.213125,0.123813,0.0947063,0.218969,0.006675,0.11985,0.112856,400,0
0.25,0.75,1,3000,0.128494,0.184806,0.139931,0.0773812,0.205781,0.0063375,0.147475,0.109794,400,0
0.25,0.75,1,5000,0.12445,0.219556,0.136369,0.0874812,0.207388,0,0.116013,0.108744,400,0
0.25,0.75,1,7000,0.102644,0.175406,0.165612,0.0696813,0.219806,0,0.165813,0.101038,400,0
0.25,0.75,1,10000,0.128238,0.210762,0.1398,0.0814875,0.215631,0,0.11465,0.109431,400,0
0.25,0.75,1,25000,0.123825,0.169269,0.137869,0.0972438,0.195687,0,0.1481,0.128006,400,0
0.25,0.75,1,50000,0.118688,0.204306,0.127137,0.0867312,0.203156,0,0.136006,0.123975,400,0
0.25,0.75,1,100000,0.122625,0.190125,0.1382,0.0540062,0.212825,0,0.147313,0.134906,400,0
0.25,0.75,1,160000,0.144569,0.175256,0.147606,0.0741938,0.1939,0,0.1395,0.124975,400,0
0.25,0.8,1,0,0.12545,0.126194,0.124919,0.1251,0.125125,0.123706,0.125294,0.124213,400,0
0.25,0.8,1,1000,0.112244,0.198962,0.108287,0.126719,0.190931,0.0122938,0.124325,0.126238,400,0
0.25,0.8,1,2000,0.124944,0.227687,0.104587,0.0895937,0.192819,0.00179375,0.139437,0.119137,400,0
0.25,0.8,1,3000,0.134587,0.196681,0.141419,0.0662062,0.206644,0.003975,0.133631,0.116856,400,0
0.25,0.8,1,5000,0.111662,0.230675,0.130469,0.0766562,0.178487,0,0.128275,0.143775,400,0
0.25,0.8,1,7000,0.112844,0.2271,0.132806,0.0768687,0.190106,0,0.141744,0.118531,400,0
0.25,0.8,1,10000,0.113206,0.185769,0.1346,0.065575,0.2458,0,0.127438,0.127612,400,0
0.25,0.8,1,25000,0.111488,0.217919,0.134275,0.0793375,0.205456,0,0.129213,0.122313,400,0
0.25,0.8,1,50000,0.108044,0.2246,0.123444,0.0824125,0.228819,0,0.120531,0.11215,400,0
0.25,0.8,1,100000,0.135094,0.203137,0.128287,0.0850438,0.176075,0,0.1529,0.119462,400,0
0.25,0.8,1,160000,0.109144,0.215737,0.11715,0.104413,0.203725,0,0.150325,0.0995063,400,0
0.25,0.8,1,0,0.124637,0.123656,0.124662,0.125525,0.124625,0.125519,0.12615,0.125225,400,0
0.25,0.8,1,1000,0.117256,0.218688,0.130694,0.0943688,0.18755,0.0254188,0.0988875,0.127137,400,0
0.25,0.8,1,2000,0.123362,0.1968,0.118025,0.06425,0.201969,0.0101625,0.140181,0.14525,400,0
0.25,0.8,1,3000,0.102688,0.210669,0.119462,0.0822563,0.223581,0.0104063,0.126325,0.124613,400,0
0.25,0.8,1,5000,0.1391,0.200288,0.145694,0.0653438,0.157156,0.0041,0.147088,0.141231,400,0
0.25,0.8,1,7000,0.127213,0.184587,0.136712,0.08665,0.20755,0,0.133612,0.123675,400,0
0.25,0.8,1,10000,0.139863,0.201756,0.121219,0.102281,0.182188,0,0.120463,0.132231,400,0
0.25,0.8,1,25000,0.126238,0.215931,0.121544,0.0846125,0.203356,0,0.129938,0.118381,400,0
0.25,0.8,1,50000,0.116669,0.186094,0.130288,0.07025,0.233263,0,0.132425,0.131013,400,0
0.25,0.8,1,100000,0.1293,0.195837,0.127819,0.0814875,0.195344,0,0.134381,0.135831,400,0
0.25,0.8,1,160000,0.119169,0.2197,0.118087,0.086,0.192906,0,0.13375,0.130387,400,0
0.25,0.85,1,0,0.125344,0.125037,0.125081,0.125944,0.124369,0.125312,0.123781,0.125131,400,0
0.25,0.85,1,1000,0.100087,0.221062,0.131256,0.0963625,0.2008,0.0154687,0.114944,0.120019,400,0
0.25,0.85,1,2000,0.117663,0.210231,0.109375,0.0952812,0.147138,0.0150437,0.133225,0.172044,400,0
0.25,0.85,1,3000,0.122869,0.221719,0.127769,0.0936625,0.174094,0,0.126188,0.1337,400,0
0.25,0.85,1,5000,0.112525,0.205431,0.138738,0.100581,0.190413,0,0.123688,0.128625,400,0
0.25,0.85,1,7000,0.111113,0.238975,0.122938,0.0814,0.206363,0,0.125787,0.113425,400,0
0.25,0.85,1,10000,0.126175,0.203681,0.119712,0.0998187,0.176663,0,0.130438,0.143512,400,0
0.25,0.85,1,25000,0.102862,0.227656,0.106438,0.0826063,0.225219,0,0.133031,0.122188,400,0
0.25,0.85,1,50000,0.100812,0.207306,0.110537,0.0802812,0.198462,0,0.152025,0.150575,400,0
0.25,0.85,1,100000,0.121931,0.184325,0.1418,0.111713,0.166856,0,0.120681,0.152694,400,0
0.25,0.85,1,160000,0.103119,0.224631,0.116594,0.102769,0.199687,0,0.1273,0.1259,400,0
0.25,0.85,1,0,0.122856,0.124819,0.12295,0.127469,0.124925,0.127087,0.124662,0.125231,400,0
0.25,0.85,1,1000,0.102163,0.211037,0.107512,0.129287,0.1691,0.047625,0.104294,0.128981,400,0
0.25,0.85,1,2000,0.0966438,0.208813,0.128481,0.0876062,0.177919,0.01805,0.148331,0.134156,400,0
0.25,0.85,1,3000,0.1148,0.227775,0.120362,0.0767313,0.213388,0.00636875,0.107669,0.132906,400,0
0.25,0.85,1,5000,0.113431,0.231206,0.119656,0.084575,0.199025,0.00084375,0.114712,0.13655,400,0
0.25,0.85,1,7000,0.0928875,0.230244,0.111013,0.0814125,0.219425,0,0.132238,0.132781,400,0
0.25,0.85,1,10000,0.117394,0.196425,0.124894,0.0741875,0.189825,0,0.144644,0.152631,400,0
0.25,0.85,1,25000,0.120038,0.210294,0.126669,0.0877562,0.181225,0,0.141162,0.132856,400,0
0.25,0.85,1,50000,0.102969,0.212613,0.106456,0.0870875,0.261675,0,0.122862,0.106338,400,0
0.25,0.85,1,100000,0.129519,0.216044,0.13895,0.0611563,0.214512,0,0.12875,0.111069,400,0
0.25,0.85,1,160000,0.097275,0.195931,0.141444,0.0971937,0.213819,0,0.112444,0.141894,400,0
0.25,0.9,1,0,0.12625,0.12465,0.124125,0.124231,0.12635,0.124688,0.125769,0.123938,400,0
0.25,0.9,1,1000,0.093975,0.23475,0.103125,0.09245,0.188312,0.0171812,0.100025,0.170181,400,0
0.25,0.9,1,2000,0.0972313,0.218225,0.129306,0.0932625,0.195406,0,0.138025,0.128544,400,0
0.25,0.9,1,3000,0.113025,0.213969,0.114975,0.0819,0.185669,0,0.13155,0.158913,400,0
0.25,0.9,1,5000,0.109512,0.208406,0.137763,0.0812812,0.199294,0,0.126125,0.137619,400,0
0.25,0.9,1,7000,0.102788,0.219413,0.114475,0.100394,0.188587,0,0.126681,0.147663,400,0
0.25,0.9,1,10000,0.118775,0.211663,0.129125,0.0957937,0.2037,0,0.108675,0.132269,400,0
0.25,0.9,1,25000,0.117244,0.222188,0.129144,0.101562,0.177394,0,0.112406,0.140063,400,0
0.25,0.9,1,50000,0.11025,0.202412,0.133125,0.0768812,0.188362,0,0.132744,0.156225,400,0
0.25,0.9,1,100000,0.106931,0.251113,0.116756,0.083375,0.180625,0,0.126506,0.134694,400,0
0.25,0.9,1,160000,0.101538,0.194681,0.133544,0.0998813,0.16645,0,0.140975,0.162931,400,0
0.25,0.9,1,0,0.124488,0.123662,0.124938,0.123669,0.126081,0.125969,0.1253,0.125894,400,0
0.25,0.9,1,1000,0.0990812,0.240781,0.0932063,0.132488,0.1651,0.047625,0.0952125,0.126506,400,0
0.25,0.9,1,2000,0.130794,0.220169,0.116862,0.0962375,0.151262,0.00305,0.133563,0.148063,400,0
0.25,0.9,1,3000,0.11075,0.249875,0.128444,0.079725,0.187275,0,0.119944,0.123988,400,0
0.25,0.9,1,5000,0.127319,0.199644,0.111869,0.0937125,0.197331,0,0.131988,0.138137,400,0
0.25,0.9,1,7000,0.0961063,0.22555,0.110694,0.0950938,0.210581,0,0.111506,0.150469,400,0
0.25,0.9,1,10000,0.115481,0.227713,0.116319,0.08105,0.221037,0,0.144769,0.0936312,400,0
0.25,0.9,1,25000,0.112806,0.231563,0.113212,0.0780187,0.229394,0,0.118462,0.116544,400,0
0.25,0.9,1,50000,0.112794,0.235069,0.127781,0.09295,0.190575,0,0.119531,0.1213,400,0
0.25,0.9,1,100000,0.116913,0.221131,0.1311,0.0977,0.183806,0,0.118956,0.130394,400,0
0.25,0.9,1,160000,0.0907938,0.212487,0.119306,0.105306,0.243588,0,0.11165,0.116869,400,0
0.25,0.95,1,0,0.125163,0.126037,0.124731,0.124894,0.124844,0.125988,0.124006,0.124338,400,0
0.25,0.95,1,1000,0.0969187,0.22265,0.106519,0.0936063,0.202944,0.0151562,0.110769,0.151438,400,0
0.25,0.95,1,2000,0.0977,0.24055,0.117069,0.0717938,0.222269,0.00326875,0.110575,0.136775,400,0
0.25,0.95,1,3000,0.118038,0.224319,0.110575,0.0835937,0.224062,0.00324375,0.117175,0.118994,400,0
0.25,0.95,1,5000,0.102594,0.238606,0.111694,0.0908313,0.201819,0,0.1116,0.142856,400,0
0.25,0.95,1,7000,0.111556,0.231212,0.116875,0.1008,0.181719,0,0.123494,0.134344,400,0
0.25,0.95,1,10000,0.101788,0.229919,0.114363,0.104813,0.199456,0,0.114831,0.134831,400,0
0.25,0.95,1,25000,0.0868,0.240844,0.120163,0.0851563,0.202712,0,0.123137,0.141187,400,0
0.25,0.95,1,50000,0.0889188,0.24885,0.0966063,0.087275,0.21605,0,0.115663,0.146638,400,0
0.25,0.95,1,100000,0.108825,0.239081,0.115087,0.0806063,0.174987,0,0.137619,0.143794,400,0
0.25,0.95,1,160000,0.1101,0.247506,0.1066,0.075875,0.224788,0,0.10005,0.135081,400,0
0.25,0.95,1,0,0.124125,0.125281,0.125144,0.124775,0.123431,0.12495,0.125575,0.126719,400,0
0.25,0.95,1,1000,0.0837688,0.240319,0.0944375,0.133519,0.137988,0.056075,0.08845,0.165444,400,0
0.25,0.95,1,2000,0.100481,0.241813,0.120975,0.0946188,0.183106,0.0075875,0.115113,0.136306,400,0
0.25,0.95,1,3000,0.0906,0.268238,0.09165,0.0845,0.2024,0.0105437,0.115969,0.1361,400,0
0.25,0.95,1,5000,0.0948187,0.248512,0.114019,0.100831,0.172681,0,0.137456,0.131681,400,0
0.25,0.95,1,7000,0.0833187,0.232781,0.103994,0.103719,0.215325,0,0.126275,0.134587,400,0
0.25,0.95,1,10000,0.110031,0.221738,0.121887,0.0828187,0.228081,0,0.128069,0.107375,400,0
0.25,0.95,1,25000,0.0926063,0.202106,0.134137,0.113644,0.185925,0,0.134125,0.137456,400,0
0.25,0.95,1,50000,0.111994,0.239737,0.117237,0.0908625,0.220094,0,0.116888,0.103188,400,0
0.25,0.95,1,100000,0.10575,0.2238,0.136431,0.0876688,0.18635,0,0.120769,0.139231,400,0
0.25,0.95,1,160000,0.0949938,0.246163,0.116456,0.0778313,0.183031,0,0.141669,0.139856,400,0
0.25,1,1,0,0.124681,0.124637,0.124769,0.1242,0.125362,0.125525,0.124606,0.126219,400,0
0.25,1,1,1000,0.07055,0.218769,0.0951625,0.109269,0.165081,0.0498625,0.0990625,0.192244,400,0
0.25,1,1,2000,0.0865687,0.253713,0.107075,0.119931,0.171269,0.00998125,0.123456,0.128006,400,0
0.25,1,1,3000,0.08125,0.238038,0.104581,0.0952188,0.212781,0.00373125,0.118156,0.146244,400,0
0.25,1,1,5000,0.101475,0.242819,0.119431,0.082175,0.197256,0,0.118994,0.13785,400,0
0.25,1,1,7000,0.0894625,0.235281,0.107644,0.0856438,0.205456,0,0.108256,0.168256,400,0
0.25,1,1,10000,0.0931125,0.22625,0.107281,0.0896437,0.175262,0,0.120987,0.187463,400,0
0.25,1,1,25000,0.0987937,0.228406,0.140225,0.0896688,0.1646,0,0.12765,0.150656,400,0
0.25,1,1,50000,0.108981,0.241712,0.115306,0.0905062,0.207119,0,0.122063,0.114312,400,0
0.25,1,1,100000,0.0833062,0.234881,0.104913,0.0887,0.17755,0,0.141263,0.169387,400,0
0.25,1,1,160000,0.082125,0.259031,0.105131,0.0803313,0.195906,0,0.134456,0.143019,400,0
0.25,1,1,0,0.125469,0.124869,0.124431,0.123875,0.125125,0.126044,0.126438,0.12375,400,0
0.25,1,1,1000,0.0869188,0.256094,0.0934,0.0959875,0.176806,0.02055,0.123925,0.146319,400,0
0.25,1,1,2000,0.0965125,0.242762,0.130469,0.0973688,0.152906,0.00321875,0.126012,0.15075,400,0
0.25,1,1,3000,0.0871375,0.256738,0.112206,0.0857625,0.2231,0.0048875,0.103719,0.12645,400,0
0.25,1,1,5000,0.101813,0.236294,0.120575,0.104825,0.201706,0,0.119644,0.115144,400,0
0.25,1,1,7000,0.0995125,0.243125,0.113331,0.0939563,0.183731,0,0.135169,0.131175,400,0
0.25,1,1,10000,0.102225,0.260138,0.124931,0.0921375,0.183306,0,0.103344,0.133919,400,0
0.25,1,1,25000,0.0948125,0.233763,0.119594,0.0961562,0.159756,0,0.120369,0.17555,400,0
0.25,1,1,50000,0.106463,0.228669,0.134344,0.0881875,0.201775,0,0.11355,0.127013,400,0
0.25,1,1,100000,0.100062,0.255519,0.116337,0.0996,0.180281,0,0.109619,0.138581,400,0
0.25,1,1,160000,0.081075,0.2395,0.096875,0.09515,0.208506,0,0.111794,0.1671,400,0
0.3,0,1,0,0.124469,0.126144,0.124881,0.124238,0.123906,0.12435,0.126037,0.125975,400,0
0.3,0,1,1000,0.112444,0.133906,0.164031,0.115087,0.134306,0.107,0.117531,0.115694,400,0
0.3,0,1,2000,0.131013,0.102519,0.146125,0.107244,0.164937,0.141737,0.12505,0.081375,400,0
0.3,0,1,3000,0.146075,0.119475,0.115406,0.0994312,0.1603,0.101138,0.145731,0.112444,400,0
0.3,0,1,5000,0.149525,0.135437,0.143431,0.1028,0.118938,0.114375,0.112088,0.123406,400,0
0.3,0,1,7000,0.122831,0.130119,0.132488,0.129906,0.118813,0.109387,0.128525,0.127931,400,0
0.3,0,1,10000,0.105744,0.119969,0.1226,0.121569,0.157456,0.135669,0.115831,0.121163,400,0
0.3,0,1,25000,0.153519,0.1277,0.163837,0.104838,0.123475,0.0873375,0.123569,0.115725,400,0
0.3,0,1,50000,0.101825,0.108106,0.106987,0.139962,0.165719,0.132856,0.122344,0.1222,400,0
0.3,0,1,100000,0.1108,0.140981,0.101425,0.110562,0.167919,0.120419,0.10465,0.143244,400,0
0.3,0,1,160000,0.1054,0.111919,0.139875,0.130275,0.128731,0.158013,0.118013,0.107775,400,0
0.3,0,1,0,0.126869,0.124931,0.124206,0.125219,0.125562,0.126094,0.122225,0.124894,400,0
0.3,0,1,1000,0.152625,0.117681,0.112106,0.0937812,0.132306,0.122438,0.1317,0.137362,400,0
0.3,0,1,2000,0.137612,0.0898188,0.111937,0.126919,0.138375,0.170756,0.102788,0.121794,400,0
0.3,0,1,3000,0.112712,0.0984437,0.10725,0.119994,0.151212,0.114888,0.133463,0.162038,400,0
0.3,0,1,5000,0.1374,0.106975,0.132294,0.122262,0.093275,0.148438,0.126394,0.132963,400,0
0.3,0,1,7000,0.144088,0.133687,0.133025,0.125756,0.115669,0.130975,0.0999812,0.116819,400,0
0.3,0,1,10000,0.152319,0.119719,0.142631,0.122331,0.117469,0.0966125,0.134788,0.114131,400,0
0.3,0,1,25000,0.134225,0.133988,0.108938,0.107106,0.146913,0.158263,0.103356,0.107213,400,0
0.3,0,1,50000,0.128994,0.136156,0.16325,0.108244,0.10945,0.124956,0.134,0.09495,400,0
0.3,0,1,100000,0.106419,0.158713,0.114844,0.164525,0.133844,0.110437,0.102144,0.109075,400,0
0.3,0,1,160000,0.10005,0.127381,0.108113,0.132444,0.153225,0.153644,0.115638,0.109506,400,0
0.3,0.05,1,0,0.123856,0.125206,0.127188,0.123206,0.124919,0.124569,0.125231,0.125825,400,0
0.3,0.05,1,1000,0.118525,0.161381,0.0987438,0.113306,0.107369,0.161031,0.121294,0.11835,400,0
0.3,0.05,1,2000,0.0941312,0.132562,0.0896312,0.114062,0.127594,0.151562,0.140681,0.149775,400,0
0.3,0.05,1,3000,0.0879438,0.140394,0.12265,0.148487,0.11985,0.125469,0.112544,0.142662,400,0
0.3,0.05,1,5000,0.0768,0.135869,0.09085,0.184675,0.114888,0.140575,0.118013,0.138331,400,0
0.3,0.05,1,7000,0.0842563,0.114806,0.0985625,0.133437,0.140788,0.145894,0.13915,0.143106,400,0
0.3,0.05,1,10000,0.0734188,0.177956,0.0824437,0.166225,0.0950312,0.138775,0.0789938,0.187156,400,0
0.3,0.05,1,25000,0.100231,0.163581,0.128975,0.142288,0.1252,0.102356,0.118656,0.118712,400,0
0.3,0.05,1,50000,0.123438,0.150163,0.0946875,0.121619,0.1168,0.144313,0.1149,0.134081,400,0
0.3,0.05,1,100000,0.11415,0.169194,0.104331,0.169006,0.0955625,0.118313,0.0761813,0.153262,400,0
0.3,0.05,1,160000,0.0978187,0.173712,0.106487,0.121244,0.114488,0.138131,0.112894,0.135225,400,0
0.3,0.05,1,0,0.124981,0.126925,0.124819,0.125581,0.123769,0.125875,0.124488,0.123563,400,0
0.3,0.05,1,1000,0.124756,0.137531,0.110331,0.113625,0.100875,0.125206,0.108775,0.1789,400,0
0.3,0.05,1,2000,0.118444,0.124912,0.113812,0.161213,0.133331,0.10715,0.134087,0.10705,400,0
0.3,0.05,1,3000,0.100631,0.162494,0.130719,0.12395,0.119969,0.132244,0.112088,0.117906,400,0
0.3,0.05,1,5000,0.0872,0.114037,0.0904688,0.147294,0.083175,0.150413,0.118406,0.209006,400,0
0.3,0.05,1,7000,0.115894,0.132837,0.133356,0.16245,0.12665,0.0994312,0.109262,0.120119,400,0
0.3,0.05,1,10000,0.118987,0.143606,0.120362,0.137531,0.0937188,0.140231,0.0932125,0.15235,400,0
0.3,0.05,1,25000,0.104344,0.15805,0.0922437,0.126981,0.116994,0.144981,0.125375,0.131031,400,0
0.3,0.05,1,50000,0.121906,0.149669,0.104813,0.102975,0.143044,0.105319,0.117275,0.155,400,0
0.3,0.05,1,100000,0.0976937,0.159531,0.149819,0.139481,0.120225,0.117737,0.0818312,0.133681,400,0
0.3,0.05,1,160000,0.0927063,0.130463,0.107825,0.182656,0.0824312,0.139775,0.121112,0.143031,400,0
0.3,0.1,1,0,0.1257,0.126138,0.126256,0.123606,0.124938,0.124444,0.124181,0.124738,400,0
0.3,0.1,1,1000,0.0986063,0.146169,0.109631,0.138381,0.113775,0.151531,0.099725,0.142181,400,0
0.3,0.1,1,2000,0.134669,0.149294,0.113575,0.117425,0.102931,0.1168,0.101763,0.163544,400,0
0.3,0.1,1,3000,0.0978375,0.1602,0.115181,0.176512,0.123144,0.109294,0.115388,0.102444,400,0
0.3,0.1,1,5000,0.100638,0.189137,0.109125,0.12315,0.102356,0.117406,0.104462,0.153725,400,0
0.3,0.1,1,7000,0.086,0.139563,0.08755,0.159275,0.0862625,0.142125,0.11295,0.186275,400,0
0.3,0.1,1,10000,0.103987,0.177119,0.0831,0.152619,0.0798125,0.135344,0.0878625,0.180156,400,0
0.3,0.1,1,25000,0.099425,0.189337,0.103194,0.140962,0.0976625,0.108681,0.11275,0.147987,400,0
0.3,0.1,1,50000,0.0768,0.151369,0.0999812,0.140013,0.112275,0.140131,0.103438,0.175994,400,0
0.3,0.1,1,100000,0.0944688,0.126406,0.0813813,0.141487,0.0868125,0.137956,0.146156,0.185331,400,0
0.3,0.1,1,160000,0.0774062,0.143262,0.0883063,0.137869,0.114156,0.146594,0.0987688,0.193637,400,0
0.3,0.1,1,0,0.125444,0.125675,0.125725,0.124275,0.12495,0.124569,0.125238,0.124125,400,0
0.3,0.1,1,1000,0.0800125,0.166119,0.142769,0.146931,0.0872938,0.138581,0.0929313,0.145363,400,0
0.3,0.1,1,2000,0.106306,0.148406,0.0887875,0.128625,0.106412,0.140906,0.106012,0.174544,400,0
0.3,0.1,1,3000,0.112912,0.165981,0.0762437,0.133362,0.12475,0.136687,0.0967937,0.153269,400,0
0.3,0.1,1,5000,0.08685,0.191787,0.10025,0.157188,0.0979938,0.109287,0.117694,0.13895,400,0
0.3,0.1,1,7000,0.0731688,0.152375,0.1263,0.123206,0.127419,0.155094,0.100606,0.141831,400,0
0.3,0.1,1,10000,0.0927437,0.140681,0.102381,0.144544,0.129756,0.116494,0.122206,0.151194,400,0
0.3,0.1,1,25000,0.0958875,0.1686,0.0965375,0.136031,0.0912375,0.146787,0.114788,0.150131,400,0
0.3,0.1,1,50000,0.00635625,0.238819,0.0130125,0.235712,0.0137687,0.266994,0.0078375,0.2175,400,0
0.3,0.1,1,100000,0,0.2286,0,0.266238,0,0.259744,0,0.245419,400,0
0.3,0.1,1,160000,0,0.238775,0,0.245438,0,0.263925,0,0.251862,400,0
0.3,0.15,1,0,0.126131,0.125531,0.123619,0.124838,0.124287,0.124569,0.1255,0.125525,400,0
0.3,0.15,1,1000,0.123137,0.189713,0.0714375,0.116706,0.104581,0.132725,0.0954938,0.166206,400,0
0.3,0.15,1,2000,0.1004,0.1326,0.101256,0.154,0.132188,0.163662,0.110213,0.105681,400,0
0.3,0.15,1,3000,0.0985313,0.121112,0.114825,0.168169,0.130531,0.127731,0.100306,0.138794,400,0
0.3,0.15,1,5000,0.0755,0.151181,0.109694,0.16245,0.113244,0.127594,0.131412,0.128925,400,0
0.3,0.15,1,7000,0.0662,0.137675,0.0981188,0.177081,0.083225,0.190725,0.0933812,0.153594,400,0
0.3,0.15,1,10000,0.086025,0.174256,0.116675,0.158944,0.106644,0.127394,0.0924313,0.137631,400,0
0.3,0.15,1,25000,0.0747562,0.173338,0.0832688,0.145906,0.110238,0.172206,0.0865563,0.153731,400,0
0.3,0.15,1,50000,0,0.251937,0,0.255394,0,0.242575,0,0.250094,400,0
0.3,0.15,1,100000,0,0.241519,0,0.247181,0,0.264756,0,0.246544,400,0
0.3,0.15,1,160000,0,0.253025,0,0.241338,0,0.248381,0,0.257256,400,0
0.3,0.15,1,0,0.124544,0.124988,0.125663,0.123431,0.1258,0.125938,0.124825,0.124813,400,0
0.3,0.15,1,1000,0.0975125,0.159356,0.096875,0.151619,0.118331,0.13285,0.082525,0.160931,400,0
0.3,0.15,1,2000,0.0844312,0.177563,0.0819437,0.1346,0.075725,0.151113,0.0873875,0.207237,400,0
0.3,0.15,1,3000,0.0839063,0.208169,0.116975,0.155656,0.109656,0.131625,0.0750688,0.118944,400,0
0.3,0.15,1,5000,0.0742063,0.195256,0.09095,0.156062,0.107006,0.1175,0.0926125,0.166406,400,0
0.3,0.15,1,7000,0.0765625,0.149212,0.0820937,0.161906,0.0806313,0.199069,0.0776063,0.172919,400,0
0.3,0.15,1,10000,0.0999375,0.164175,0.0846937,0.1395,0.0963938,0.188444,0.0832813,0.143575,400,0
0.3,0.15,1,25000,0.071125,0.166087,0.0869875,0.137269,0.0650562,0.152206,0.0699188,0.25135,400,0
0.3,0.15,1,50000,0.0035,0.234969,0.00293125,0.243581,0.00779375,0.240113,0.00765,0.259462,400,0
0.3,0.15,1,100000,0,0.243775,0,0.262269,0,0.258775,0,0.235181,400,0
0.3,0.15,1,160000,0,0.257606,0,0.247638,0,0.248069,0,0.246688,400,0
0.3,0.2,1,0,0.125244,0.125206,0.124637,0.12545,0.125794,0.125281,0.123219,0.125169,400,0
0.3,0.2,1,1000,0.093675,0.177712,0.114944,0.146863,0.105644,0.094375,0.0947438,0.172044,400,0
0.3,0.2,1,2000,0.134587,0.135219,0.105244,0.133206,0.130481,0.118225,0.1195,0.123537,400,0
0.3,0.2,1,3000,0.104887,0.185388,0.0841812,0.144369,0.116081,0.0980188,0.129887,0.137187,400,0
0.3,0.2,1,5000,0.0734625,0.146419,0.093175,0.14525,0.12175,0.120925,0.0692375,0.229781,400,0
0.3,0.2,1,7000,0.0587875,0.195288,0.0560312,0.177894,0.071425,0.170575,0.0756562,0.194344,400,0
0.3,0.2,1,10000,0.0850812,0.139569,0.124106,0.146487,0.101562,0.163812,0.104731,0.13465,400,0
0.3,0.2,1,25000,0,0.2397,0,0.245938,0,0.254613,0,0.25975,400,0
0.3,0.2,1,50000,0,0.238119,0,0.262525,0,0.251425,0,0.247931,400,0
0.3,0.2,1,100000,0,0.258969,0,0.248644,0,0.240956,0,0.251431,400,0
0.3,0.2,1,160000,0,0.252969,0,0.244956,0,0.245237,0,0.256837,400,0
0.3,0.2,1,0,0.125231,0.124319,0.123706,0.125988,0.124944,0.126331,0.123419,0.126062,400,0
0.3,0.2,1,1000,0.10105,0.143475,0.1042,0.123256,0.116425,0.157312,0.109931,0.14435,400,0
0.3,0.2,1,2000,0.0692375,0.163294,0.0847625,0.131587,0.114081,0.154562,0.100663,0.181812,400,0
0.3,0.2,1,3000,0.108262,0.198906,0.0719,0.121725,0.0872437,0.120869,0.116062,0.175031,400,0
0.3,0.2,1,5000,0.0619313,0.157794,0.116263,0.176406,0.131713,0.16485,0.0862563,0.104788,400,0
0.3,0.2,1,7000,0.0625562,0.191169,0.0671687,0.149906,0.115881,0.1404,0.0748375,0.198081,400,0
0.3,0.2,1,10000,0.042225,0.207519,0.0513062,0.193738,0.07295,0.166219,0.073,0.193044,400,0
0.3,0.2,1,25000,0,0.246287,0,0.235588,0,0.260906,0,0.257219,400,0
0.3,0.2,1,50000,0,0.276081,0,0.233219,0,0.235375,0,0.255325,400,0
0.3,0.2,1,100000,0,0.243181,0,0.249281,0,0.248144,0,0.259394,400,0
0.3,0.2,1,160000,0,0.254931,0,0.236806,0,0.250762,0,0.2575,400,0
0.3,0.25,1,0,0.1237,0.125087,0.125225,0.123681,0.126425,0.124956,0.125556,0.125369,400,0
0.3,0.25,1,1000,0.121975,0.155231,0.100663,0.0994687,0.111363,0.141606,0.106225,0.163469,400,0
0.3,0.25,1,2000,0.0754625,0.173669,0.0755062,0.193231,0.102831,0.112437,0.0929625,0.1739,400,0
0.3,0.25,1,3000,0.0886375,0.122181,0.117794,0.142338,0.152419,0.150888,0.111125,0.114619,400,0
0.3,0.25,1,5000,0.0781437,0.150188,0.102956,0.132263,0.134637,0.137488,0.102763,0.161562,400,0
0.3,0.25,1,7000,0.0675125,0.152269,0.0492375,0.114744,0.1148,0.178969,0.155575,0.166894,400,0
0.3,0.25,1,10000,0.0640125,0.160381,0.116525,0.151131,0.122419,0.129738,0.0961188,0.159675,400,0
0.3,0.25,1,25000,0.0832875,0.168162,0.0990375,0.145306,0.113669,0.118563,0.1032,0.168775,400,0
0.3,0.25,1,50000,0.048125,0.146356,0.0592188,0.165963,0.07515,0.209413,0.0999812,0.195794,400,0
0.3,0.25,1,100000,0,0.232575,0,0.237081,0,0.268856,0,0.261487,400,0
0.3,0.25,1,160000,0,0.251781,0,0.253306,0,0.24705,0,0.247863,400,0
0.3,0.25,1,0,0.124512,0.124069,0.1256,0.125856,0.12525,0.123781,0.125438,0.125494,400,0
0.3,0.25,1,1000,0.092875,0.147925,0.090075,0.135563,0.102619,0.154031,0.115894,0.161019,400,0
0.3,0.25,1,2000,0.087075,0.137906,0.0922562,0.147381,0.13955,0.0995562,0.137531,0.158744,400,0
0.3,0.25,1,3000,0.103512,0.158706,0.0882938,0.123606,0.0894937,0.116687,0.117194,0.202506,400,0
0.3,0.25,1,5000,0.0997,0.21125,0.10795,0.152756,0.0905875,0.112706,0.074275,0.150775,400,0
0.3,0.25,1,7000,0.0929187,0.164856,0.121019,0.143544,0.101075,0.121831,0.0768063,0.17795,400,0
0.3,0.25,1,10000,0.101269,0.148856,0.0964062,0.0958875,0.118862,0.145881,0.127606,0.165231,400,0
0.3,0.25,1,25000,0.109338,0.138319,0.0997625,0.0999562,0.109419,0.116094,0.135694,0.191419,400,0
0.3,0.25,1,50000,0.0269563,0.264881,0.0309625,0.202931,0.0307063,0.1903,0.0398875,0.213375,400,0
0.3,0.25,1,100000,0,0.264138,0,0.256525,0,0.239881,0,0.239456,400,0
0.3,0.25,1,160000,0,0.274481,0,0.238131,0,0.242044,0,0.245344,400,0
0.3,0.3,1,0,0.1244,0.124531,0.126119,0.126244,0.125225,0.125056,0.124306,0.124119,400,0
0.3,0.3,1,1000,0.0798875,0.164263,0.0962937,0.098275,0.136419,0.157981,0.111244,0.155638,400,0
0.3,0.3,1,2000,0.0702437,0.187306,0.073525,0.129006,0.116919,0.127056,0.131025,0.164919,400,0
0.3,0.3,1,3000,0.0697938,0.1824,0.0689625,0.178913,0.06985,0.154506,0.0704937,0.205081,400,0
0.3,0.3,1,5000,0.0557875,0.209125,0.101487,0.160837,0.083675,0.139275,0.08195,0.167862,400,0
0.3,0.3,1,7000,0.0409562,0.215337,0.0694437,0.201819,0.0702688,0.146519,0.040275,0.215381,400,0
0.3,0.3,1,10000,0,0.248981,0,0.2562,0,0.257063,0,0.237756,400,0
0.3,0.3,1,25000,0,0.247163,0,0.243281,0,0.250312,0,0.259244,400,0
0.3,0.3,1,50000,0,0.248663,0,0.238619,0,0.254275,0,0.258444,400,0
0.3,0.3,1,100000,0,0.249,0,0.249512,0,0.255925,0,0.245562,400,0
0.3,0.3,1,160000,0,0.260862,0,0.252794,0,0.24235,0,0.243994,400,0
0.3,0.3,1,0,0.125337,0.124606,0.125119,0.124169,0.125269,0.125037,0.124963,0.1255,400,0
0.3,0.3,1,1000,0.105438,0.175613,0.122012,0.116931,0.0953688,0.103144,0.10345,0.178044,400,0
0.3,0.3,1,2000,0.0812062,0.154475,0.137219,0.1434,0.127331,0.114094,0.0968563,0.145419,400,0
0.3,0.3,1,3000,0.0690937,0.1423,0.0854562,0.130719,0.141063,0.152706,0.0910938,0.187569,400,0
0.3,0.3,1,5000,0.0967,0.14005,0.0795562,0.166119,0.101875,0.134006,0.102225,0.179469,400,0
0.3,0.3,1,7000,0.0769875,0.176825,0.109906,0.100075,0.128025,0.132031,0.113725,0.162425,400,0
0.3,0.3,1,10000,0.0865375,0.184812,0.0909313,0.154369,0.104087,0.114244,0.101425,0.163594,400,0
0.3,0.3,1,25000,0.0922063,0.144288,0.106188,0.123475,0.134519,0.104063,0.118638,0.176625,400,0
0.3,0.3,1,50000,0.116644,0.121031,0.135738,0.138975,0.110562,0.112794,0.121981,0.142275,400,0
0.3,0.3,1,100000,0.102431,0.143838,0.1081,0.136937,0.121125,0.100319,0.0933313,0.193919,400,0
0.3,0.3,1,160000,0.0972875,0.166181,0.1264,0.143794,0.132112,0.105088,0.100763,0.128375,400,0
0.3,0.35,1,0,0.126,0.124556,0.125781,0.1249,0.123106,0.12435,0.126544,0.124762,400,0
0.3,0.35,1,1000,0.0873063,0.151706,0.134419,0.130144,0.138,0.111494,0.1065,0.140431,400,0
0.3,0.35,1,2000,0.0991812,0.180838,0.125994,0.123844,0.1642,0.09965,0.106894,0.0994,400,0
0.3,0.35,1,3000,0.112456,0.170219,0.126075,0.103681,0.142394,0.0833312,0.128787,0.133056,400,0
0.3,0.35,1,5000,0.0938812,0.197519,0.112019,0.139825,0.113419,0.0856,0.0918812,0.165856,400,0
0.3,0.35,1,7000,0.0594812,0.152987,0.107281,0.156681,0.115675,0.141719,0.1181,0.148075,400,0
0.3,0.35,1,10000,0.103025,0.1429,0.118,0.0978187,0.140456,0.104563,0.139244,0.153994,400,0
0.3,0.35,1,25000,0.098725,0.175125,0.136813,0.10955,0.137919,0.0839875,0.126156,0.131725,400,0
0.3,0.35,1,50000,0.083925,0.165881,0.101462,0.10995,0.135488,0.115556,0.126006,0.161731,400,0
0.3,0.35,1,100000,0.0684437,0.187144,0.1327,0.13345,0.141075,0.105675,0.106125,0.125388,400,0
0.3,0.35,1,160000,0.0663875,0.193719,0.0888313,0.146187,0.0940375,0.154512,0.0693312,0.186994,400,0
0.3,0.35,1,0,0.125056,0.125812,0.124813,0.123806,0.124963,0.124994,0.125675,0.124881,400,0
0.3,0.35,1,1000,0.10275,0.139462,0.0961562,0.119025,0.117825,0.134669,0.118031,0.172081,400,0
0.3,0.35,1,2000,0.0988,0.181188,0.131044,0.098975,0.153156,0.105106,0.106969,0.124762,400,0
0.3,0.35,1,3000,0.125869,0.145156,0.147363,0.109762,0.156794,0.0634437,0.122769,0.128844,400,0
0.3,0.35,1,5000,0.0953688,0.127281,0.0982062,0.125831,0.152806,0.0922313,0.149888,0.158387,400,0
0.3,0.35,1,7000,0.0952438,0.14485,0.0980562,0.154844,0.127081,0.108619,0.133488,0.137819,400,0
0.3,0.35,1,10000,0.09705,0.186631,0.0938812,0.135969,0.107694,0.0992375,0.0839312,0.195606,400,0
0.3,0.35,1,25000,0.109669,0.158806,0.127463,0.117962,0.110775,0.113806,0.107594,0.153925,400,0
0.3,0.35,1,50000,0.114181,0.167412,0.12965,0.0862625,0.149962,0.076375,0.1217,0.154456,400,0
0.3,0.35,1,100000,0.0774312,0.192375,0.103837,0.132175,0.123419,0.113475,0.126656,0.130631,400,0
0.3,0.35,1,160000,0.0909688,0.162912,0.120406,0.114469,0.14155,0.0912938,0.123938,0.154463,400,0
0.3,0.4,1,0,0.125694,0.12465,0.123775,0.1257,0.12635,0.124044,0.124744,0.125044,400,0
0.3,0.4,1,1000,0.0939625,0.17505,0.115363,0.137256,0.1337,0.0981063,0.11575,0.130812,400,0
0.3,0.4,1,2000,0.114344,0.204387,0.114575,0.102244,0.10715,0.0931312,0.12665,0.137519,400,0
0.3,0.4,1,3000,0.0832875,0.171306,0.123281,0.130056,0.128181,0.0906562,0.122675,0.150556,400,0
0.3,0.4,1,5000,0.119169,0.130544,0.14165,0.135119,0.143262,0.0844125,0.105231,0.140613,400,0
0.3,0.4,1,7000,0.11235,0.161444,0.154988,0.104019,0.118644,0.075025,0.110838,0.162694,400,0
0.3,0.4,1,10000,0.0891437,0.179969,0.0971313,0.124975,0.132375,0.0898375,0.120713,0.165856,400,0
0.3,0.4,1,25000,0.0837875,0.174944,0.129081,0.104938,0.15675,0.0801188,0.11495,0.155431,400,0
0.3,0.4,1,50000,0.0966438,0.197369,0.115594,0.113275,0.124619,0.109562,0.124969,0.117969,400,0
0.3,0.4,1,100000,0.1383,0.128981,0.123881,0.09015,0.140288,0.0945187,0.146512,0.137369,400,0
0.3,0.4,1,160000,0.103231,0.175769,0.132594,0.0999063,0.1376,0.0665125,0.152525,0.131862,400,0
0.3,0.4,1,0,0.125138,0.123863,0.125731,0.126175,0.125931,0.12425,0.124019,0.124894,400,0
0.3,0.4,1,1000,0.107994,0.141687,0.130481,0.0833688,0.134925,0.0980313,0.127037,0.176475,400,0
0.3,0.4,1,2000,0.0813125,0.164069,0.130087,0.10875,0.143819,0.0644375,0.147394,0.160131,400,0
0.3,0.4,1,3000,0.111019,0.176969,0.118375,0.1304,0.118612,0.069,0.111287,0.164337,400,0
0.3,0.4,1,5000,0.105213,0.185781,0.1129,0.095175,0.148956,0.0647625,0.14555,0.141662,400,0
0.3,0.4,1,7000,0.100244,0.182656,0.139538,0.0855313,0.158988,0.0612188,0.108019,0.163806,400,0
0.3,0.4,1,10000,0.111419,0.14965,0.119862,0.0997625,0.142119,0.0600687,0.144944,0.172175,400,0
0.3,0.4,1,25000,0.108044,0.164725,0.116244,0.140487,0.140794,0.08375,0.11075,0.135206,400,0
0.3,0.4,1,50000,0.118538,0.130406,0.137063,0.0823125,0.161625,0.0855812,0.160594,0.123881,400,0
0.3,0.4,1,100000,0.124981,0.124769,0.131013,0.102888,0.147706,0.0902437,0.128794,0.149606,400,0
0.3,0.4,1,160000,0.121875,0.155275,0.118856,0.111269,0.122275,0.0844375,0.141387,0.144625,400,0
0.3,0.45,1,0,0.124569,0.124769,0.124588,0.126138,0.124719,0.125131,0.1242,0.125888,400,0
0.3,0.45,1,1000,0.0851875,0.160994,0.125213,0.110394,0.175588,0.0724562,0.111787,0.158381,400,0
0.3,0.45,1,2000,0.106019,0.186012,0.12895,0.0790687,0.153069,0.0615687,0.139531,0.145781,400,0
0.3,0.45,1,3000,0.116769,0.180206,0.131481,0.0962563,0.152,0.07135,0.122881,0.129056,400,0
0.3,0.45,1,5000,0.1539,0.151319,0.1599,0.0910187,0.126194,0.0578,0.131469,0.1284,400,0
0.3,0.45,1,7000,0.110175,0.140975,0.152413,0.0908438,0.168225,0.0468187,0.15795,0.1326,400,0
0.3,0.45,1,10000,0.100806,0.159069,0.127244,0.111206,0.15485,0.0650437,0.136925,0.144856,400,0
0.3,0.45,1,25000,0.1084,0.154481,0.127594,0.122438,0.161131,0.0666125,0.121331,0.138013,400,0
0.3,0.45,1,50000,0.122106,0.141044,0.132156,0.0911187,0.142006,0.0689625,0.132662,0.169944,400,0
0.3,0.45,1,100000,0.124931,0.159044,0.118288,0.0766063,0.178006,0.0603875,0.14815,0.134587,400,0
0.3,0.45,1,160000,0.129438,0.203331,0.130513,0.0788875,0.179863,0.0384188,0.141687,0.0978625,400,0
0.3,0.45,1,0,0.124713,0.124762,0.125406,0.124738,0.12435,0.126981,0.125819,0.123231,400,0
0.3,0.45,1,1000,0.10895,0.161694,0.157225,0.0708687,0.169538,0.0472562,0.117938,0.166531,400,0
0.3,0.45,1,2000,0.121213,0.176781,0.142781,0.0721938,0.181469,0.0356938,0.130112,0.139756,400,0
0.3,0.45,1,3000,0.129531,0.155406,0.159881,0.0592063,0.176119,0.047375,0.138394,0.134087,400,0
0.3,0.45,1,5000,0.134625,0.141944,0.128125,0.087325,0.158244,0.0509438,0.175162,0.123631,400,0
0.3,0.45,1,7000,0.095,0.133025,0.121938,0.0956937,0.141219,0.079775,0.147363,0.185988,400,0
0.3,0.45,1,10000,0.0955125,0.140656,0.146256,0.0916375,0.168894,0.0652563,0.140025,0.151762,400,0
0.3,0.45,1,25000,0.114694,0.160475,0.146531,0.086725,0.147494,0.0333375,0.154344,0.1564,400,0
0.3,0.45,1,50000,0.1122,0.145288,0.135887,0.0735187,0.179044,0.054075,0.1512,0.148787,400,0
0.3,0.45,1,100000,0.122006,0.156769,0.130081,0.0930312,0.202175,0.0603313,0.135069,0.100538,400,0
0.3,0.45,1,160000,0.0818625,0.160856,0.14745,0.079575,0.175844,0.0612813,0.131344,0.161788,400,0
0.3,0.5,1,0,0.124088,0.124231,0.124512,0.125312,0.125594,0.124162,0.125575,0.126525,400,0
0.3,0.5,1,1000,0.0944,0.157206,0.143175,0.0960875,0.176663,0.0604,0.152087,0.119981,400,0
0.3,0.5,1,2000,0.12785,0.1865,0.117019,0.097675,0.197631,0.033325,0.134694,0.105306,400,0
0.3,0.5,1,3000,0.119781,0.160425,0.151031,0.0925938,0.195075,0.0397187,0.134162,0.107213,400,0
0.3,0.5,1,5000,0.127938,0.141006,0.133288,0.077925,0.209588,0.0222625,0.180406,0.107588,400,0
0.3,0.5,1,7000,0.141375,0.132606,0.176787,0.061325,0.200937,0.0176562,0.160081,0.109231,400,0
0.3,0.5,1,10000,0.113675,0.156169,0.131381,0.0763563,0.222225,0.0270312,0.16785,0.105313,400,0
0.3,0.5,1,25000,0.112606,0.1631,0.16585,0.0659187,0.203569,0.0289625,0.156631,0.103362,400,0
0.3,0.5,1,50000,0.115831,0.142525,0.145475,0.0823062,0.203106,0.037475,0.160137,0.113144,400,0
0.3,0.5,1,100000,0.11515,0.176162,0.136862,0.0823563,0.191475,0.0341438,0.148119,0.115731,400,0
0.3,0.5,1,160000,0.109675,0.165463,0.12635,0.100931,0.187269,0.0471188,0.154738,0.108456,400,0
0.3,0.5,1,0,0.123831,0.126238,0.124162,0.125744,0.126125,0.125537,0.1238,0.124563,400,0
0.3,0.5,1,1000,0.0814187,0.200744,0.098075,0.11055,0.14685,0.0958937,0.102744,0.163725,400,0
0.3,0.5,1,2000,0.0816812,0.179962,0.1217,0.111094,0.153613,0.0677625,0.126769,0.157419,400,0
0.3,0.5,1,3000,0.109906,0.16455,0.140231,0.0795063,0.191569,0.0496188,0.125781,0.138838,400,0
0.3,0.5,1,5000,0.107813,0.150825,0.131731,0.083475,0.152388,0.0375562,0.186594,0.149619,400,0
0.3,0.5,1,7000,0.116337,0.165687,0.137937,0.0747812,0.165406,0.0558625,0.147762,0.136225,400,0
0.3,0.5,1,10000,0.107662,0.178769,0.141469,0.0665375,0.223881,0.0212625,0.166925,0.0934938,400,0
0.3,0.5,1,25000,0.150987,0.1572,0.152713,0.0423125,0.227894,0,0.186681,0.0822125,400,0
0.3,0.5,1,50000,0.162062,0.13395,0.169875,0.0501938,0.226106,0,0.151981,0.105831,400,0
0.3,0.5,1,100000,0.140956,0.149944,0.154981,0.0504125,0.219475,0,0.172712,0.111519,400,0
0.3,0.5,1,160000,0.150369,0.149619,0.157894,0.0513438,0.245237,0,0.144906,0.100631,400,0
0.3,0.55,1,0,0.124319,0.125119,0.124231,0.124475,0.125688,0.125981,0.124944,0.125244,400,0
0.3,0.55,1,1000,0.110187,0.142306,0.12245,0.108469,0.194381,0.0627063,0.115656,0.143844,400,0
0.3,0.55,1,2000,0.126163,0.166069,0.122475,0.0913687,0.196813,0.0365188,0.146856,0.113738,400,0
0.3,0.55,1,3000,0.12285,0.171475,0.131319,0.078875,0.187762,0.0311625,0.140462,0.136094,400,0
0.3,0.55,1,5000,0.130125,0.158194,0.147481,0.0745312,0.177531,0.0229563,0.167513,0.121669,400,0
0.3,0.55,1,7000,0.142869,0.150987,0.141431,0.0714562,0.242531,0.0028125,0.150088,0.097825,400,0
0.3,0.55,1,10000,0.124113,0.158562,0.145694,0.0832875,0.18975,0.0191875,0.145762,0.133644,400,0
0.3,0.55,1,25000,0.11555,0.161656,0.161463,0.0491437,0.234006,0,0.169075,0.109106,400,0
0.3,0.55,1,50000,0.133162,0.137488,0.158256,0.0648187,0.231063,0,0.180338,0.094875,400,0
0.3,0.55,1,100000,0.1178,0.152913,0.158369,0.0703187,0.202669,0,0.211881,0.08605,400,0
0.3,0.55,1,160000,0.136937,0.157944,0.149325,0.0609937,0.201813,0,0.193981,0.0990063,400,0
0.3,0.55,1,0,0.125169,0.124088,0.125075,0.12625,0.124156,0.124131,0.125819,0.125312,400,0
0.3,0.55,1,1000,0.103994,0.17255,0.137075,0.107856,0.158906,0.0582688,0.116025,0.145325,400,0
0.3,0.55,1,2000,0.121563,0.163581,0.145444,0.0972937,0.1909,0.0242563,0.141063,0.1159,400,0
0.3,0.55,1,3000,0.103656,0.173588,0.131169,0.0791937,0.220319,0.0422187,0.112894,0.136962,400,0
0.3,0.55,1,5000,0.10995,0.152169,0.124069,0.102225,0.208675,0.0354312,0.141544,0.125938,400,0
0.3,0.55,1,7000,0.119512,0.149856,0.137088,0.0632625,0.220419,0.0138187,0.170731,0.125312,400,0
0.3,0.55,1,10000,0.144475,0.161456,0.158238,0.0778688,0.21845,0.0029875,0.147581,0.0889438,400,0
0.3,0.55,1,25000,0.125713,0.145038,0.162,0.0502563,0.250437,0,0.150431,0.116125,400,0
0.3,0.55,1,50000,0.144075,0.15285,0.155281,0.0577125,0.210019,0,0.176113,0.10395,400,0
0.3,0.55,1,100000,0.134531,0.159694,0.176675,0.0462938,0.205262,0,0.189231,0.0883125,400,0
0.3,0.55,1,160000,0.150762,0.148588,0.171375,0.0506625,0.213856,0,0.155944,0.108813,400,0
0.3,0.6,1,0,0.125837,0.125456,0.124881,0.123969,0.125319,0.124525,0.12435,0.125663,400,0
0.3,0.6,1,1000,0.0867813,0.171281,0.121869,0.106231,0.173494,0.0664375,0.129981,0.143925,400,0
0.3,0.6,1,2000,0.126325,0.164656,0.137788,0.077225,0.212088,0.0217187,0.150944,0.109256,400,0
0.3,0.6,1,3000,0.12605,0.17545,0.142212,0.0594937,0.226038,0.004275,0.153594,0.112888,400,0
0.3,0.6,1,5000,0.126156,0.156919,0.164631,0.0688688,0.235281,0,0.139437,0.108706,400,0
0.3,0.6,1,7000,0.135531,0.152256,0.172231,0.0575125,0.229569,0,0.149888,0.103013,400,0
0.3,0.6,1,10000,0.132325,0.162763,0.158837,0.0598313,0.254812,0,0.145063,0.0863687,400,0
0.3,0.6,1,25000,0.125769,0.191406,0.150525,0.0561188,0.197506,0,0.158081,0.120594,400,0
0.3,0.6,1,50000,0.12555,0.180787,0.136937,0.0639375,0.214762,0,0.1666,0.111425,400,0
0.3,0.6,1,100000,0.129906,0.169769,0.1591,0.07505,0.192444,0,0.174169,0.0995625,400,0
0.3,0.6,1,160000,0.143169,0.1743,0.130119,0.0631437,0.223738,0,0.174838,0.0906938,400,0
0.3,0.6,1,0,0.124806,0.123381,0.124581,0.124619,0.125787,0.124662,0.125925,0.126238,400,0
0.3,0.6,1,1000,0.104512,0.1743,0.148469,0.0760938,0.185731,0.0307938,0.156006,0.124094,400,0
0.3,0.6,1,2000,0.100931,0.19025,0.137294,0.111775,0.192713,0.0222187,0.135244,0.109575,400,0
0.3,0.6,1,3000,0.117538,0.1615,0.154056,0.0781812,0.185819,0.0300188,0.159725,0.113162,400,0
0.3,0.6,1,5000,0.134606,0.169019,0.139737,0.0775062,0.2005,0.0103812,0.155438,0.112812,400,0
0.3,0.6,1,7000,0.1364,0.159619,0.136588,0.0733125,0.218656,0,0.166331,0.109094,400,0
0.3,0.6,1,10000,0.110262,0.160087,0.156562,0.0402938,0.248981,0,0.166325,0.117487,400,0
0.3,0.6,1,25000,0.135112,0.165988,0.158225,0.07995,0.187556,0,0.169444,0.103725,400,0
0.3,0.6,1,50000,0.139675,0.156394,0.127569,0.0550937,0.230306,0,0.165256,0.125706,400,0
0.3,0.6,1,100000,0.129562,0.173237,0.165044,0.0831875,0.202637,0,0.147469,0.0988625,400,0
0.3,0.6,1,160000,0.119694,0.159312,0.157312,0.0657937,0.250556,0,0.135975,0.111356,400,0
0.3,0.65,1,0,0.124887,0.12505,0.12455,0.125769,0.125112,0.124787,0.1244,0.125444,400,0
0.3,0.65,1,1000,0.0969375,0.214044,0.104038,0.111287,0.152825,0.0671625,0.117487,0.136219,400,0
0.3,0.65,1,2000,0.124369,0.180894,0.119119,0.067375,0.218738,0.020825,0.1375,0.131181,400,0
0.3,0.65,1,3000,0.126963,0.1756,0.133006,0.0753875,0.227387,0.0109938,0.129625,0.121038,400,0
0.3,0.65,1,5000,0.107487,0.190769,0.122425,0.0634312,0.217956,0,0.161988,0.135944,400,0
0.3,0.65,1,7000,0.111994,0.183062,0.150431,0.0764688,0.234856,0,0.141306,0.101881,400,0
0.3,0.65,1,10000,0.128025,0.181737,0.145381,0.0691438,0.2117,0,0.139625,0.124387,400,0
0.3,0.65,1,25000,0.137437,0.172987,0.143212,0.0717813,0.197856,0,0.159925,0.1168,400,0
0.3,0.65,1,50000,0.125106,0.17875,0.141394,0.0585813,0.2064,0,0.157456,0.132312,400,0
0.3,0.65,1,100000,0.134281,0.171944,0.144856,0.0641875,0.203681,0,0.167025,0.114025,400,0
0.3,0.65,1,160000,0.127325,0.174613,0.136212,0.0667625,0.180188,0,0.174425,0.140475,400,0
0.3,0.65,1,0,0.124331,0.125044,0.123656,0.126506,0.125506,0.124175,0.125463,0.125319,400,0
0.3,0.65,1,1000,0.0991563,0.229456,0.104487,0.0901062,0.170519,0.0413312,0.128481,0.136462,400,0
0.3,0.65,1,2000,0.138244,0.184425,0.140237,0.0648313,0.190537,0.00488125,0.160075,0.116769,400,0
0.3,0.65,1,3000,0.126131,0.180131,0.134106,0.08705,0.198344,0.0027875,0.125325,0.146125,400,0
0.3,0.65,1,5000,0.110562,0.195094,0.130919,0.0506125,0.265288,0,0.137531,0.109994,400,0
0.3,0.65,1,7000,0.13135,0.173737,0.14625,0.0582937,0.216294,0,0.130944,0.143131,400,0
0.3,0.65,1,10000,0.14455,0.185363,0.124825,0.06015,0.23295,0,0.143344,0.108819,400,0
0.3,0.65,1,25000,0.126569,0.192856,0.138231,0.0705563,0.24555,0,0.143687,0.08255,400,0
0.3,0.65,1,50000,0.120413,0.175981,0.131031,0.0555563,0.236869,0,0.1735,0.10665,400,0
0.3,0.65,1,100000,0.131756,0.191869,0.133175,0.06545,0.239781,0,0.131825,0.106144,400,0
0.3,0.65,1,160000,0.123094,0.186531,0.125362,0.0764125,0.221906,0,0.174669,0.092025,400,0
0.3,0.7,1,0,0.124331,0.124912,0.125925,0.125131,0.125738,0.124906,0.124931,0.124125,400,0
0.3,0.7,1,1000,0.072275,0.218731,0.108344,0.09705,0.174181,0.0582812,0.106494,0.164644,400,0
0.3,0.7,1,2000,0.1368,0.176219,0.12755,0.0833563,0.204731,0.01425,0.125806,0.131288,400,0
0.3,0.7,1,3000,0.11045,0.192925,0.125062,0.0641063,0.217037,0,0.156056,0.134362,400,0
0.3,0.7,1,5000,0.137556,0.176006,0.151587,0.0532125,0.205975,0,0.165394,0.110269,400,0
0.3,0.7,1,7000,0.130569,0.193944,0.1533,0.0678312,0.217831,0,0.117019,0.119506,400,0
0.3,0.7,1,10000,0.148113,0.180613,0.144506,0.0778937,0.159706,0,0.164331,0.124838,400,0
0.3,0.7,1,25000,0.120769,0.177181,0.135775,0.0695687,0.235,0,0.152925,0.108781,400,0
0.3,0.7,1,50000,0.122906,0.181194,0.135281,0.066275,0.258594,0,0.147169,0.0885813,400,0
0.3,0.7,1,100000,0.107412,0.177825,0.12885,0.0705375,0.224744,0,0.144806,0.145825,400,0
0.3,0.7,1,160000,0.114694,0.22465,0.120125,0.0871312,0.201844,0,0.133887,0.117669,400,0
0.3,0.7,1,0,0.125181,0.123744,0.123781,0.12535,0.124419,0.1248,0.126119,0.126606,400,0
0.3,0.7,1,1000,0.079675,0.217719,0.101888,0.109969,0.167394,0.0581812,0.126625,0.13855,400,0
0.3,0.7,1,2000,0.122825,0.191675,0.1341,0.0615812,0.19025,0.009825,0.138881,0.150863,400,0
0.3,0.7,1,3000,0.125419,0.2057,0.130612,0.079225,0.196375,0.00044375,0.159256,0.102969,400,0
0.3,0.7,1,5000,0.117831,0.207975,0.107531,0.0712375,0.227544,0,0.148575,0.119306,400,0
0.3,0.7,1,7000,0.10365,0.175944,0.13755,0.080225,0.216244,0,0.148487,0.1379,400,0
0.3,0.7,1,10000,0.111819,0.208437,0.150588,0.0690562,0.189319,0,0.151669,0.119112,400,0
0.3,0.7,1,25000,0.100862,0.195569,0.119262,0.0745688,0.258231,0,0.123706,0.1278,400,0
0.3,0.7,1,50000,0.117169,0.198275,0.139244,0.065475,0.224919,0,0.143388,0.111531,400,0
0.3,0.7,1,100000,0.117506,0.178531,0.131944,0.0568813,0.253806,0,0.145806,0.115525,400,0
0.3,0.7,1,160000,0.109925,0.18415,0.146406,0.0833813,0.208369,0,0.165544,0.102225,400,0
0.3,0.75,1,0,0.124994,0.124475,0.126169,0.125537,0.125144,0.123688,0.126331,0.123662,400,0
0.3,0.75,1,1000,0.0883,0.193981,0.105413,0.096225,0.178481,0.0470937,0.13805,0.152456,400,0
0.3,0.75,1,2000,0.114031,0.193038,0.104956,0.0875812,0.197219,0.0200563,0.128325,0.154794,400,0
0.3,0.75,1,3000,0.0898937,0.170363,0.138675,0.0841625,0.218294,0.000675,0.156406,0.141531,400,0
0.3,0.75,1,5000,0.12855,0.187375,0.138994,0.0943688,0.194225,0,0.143325,0.113162,400,0
0.3,0.75,1,7000,0.0969125,0.21315,0.125969,0.0704812,0.239987,0,0.128763,0.124738,400,0
0.3,0.75,1,10000,0.107838,0.193106,0.131369,0.064675,0.19775,0,0.154694,0.150569,400,0
0.3,0.75,1,25000,0.0901,0.193081,0.138094,0.0658688,0.22045,0,0.167381,0.125025,400,0
0.3,0.75,1,50000,0.117563,0.205363,0.126575,0.0879313,0.188794,0,0.160706,0.113069,400,0
0.3,0.75,1,100000,0.115462,0.216587,0.110194,0.081125,0.236944,0,0.135931,0.103756,400,0
0.3,0.75,1,160000,0.135575,0.189231,0.116475,0.1001,0.182825,0,0.153831,0.121963,400,0
0.3,0.75,1,0,0.124481,0.125537,0.126144,0.124363,0.126619,0.1235,0.124637,0.124719,400,0
0.3,0.75,1,1000,0.0739687,0.228644,0.101663,0.112131,0.1669,0.0474,0.10915,0.160144,400,0
0.3,0.75,1,2000,0.12255,0.19965,0.140394,0.0944187,0.178644,0.0167,0.137875,0.109769,400,0
0.3,0.75,1,3000,0.10975,0.209175,0.135594,0.0851563,0.182037,0.0042625,0.133713,0.140313,400,0
0.3,0.75,1,5000,0.119169,0.177863,0.128713,0.102725,0.188781,0.0195938,0.133606,0.12955,400,0
0.3,0.75,1,7000,0.107494,0.215569,0.119331,0.095825,0.209619,0,0.122869,0.129294,400,0
0.3,0.75,1,10000,0.0995875,0.225562,0.0973563,0.0858687,0.244588,0,0.13845,0.108588,400,0
0.3,0.75,1,25000,0.107887,0.215119,0.114056,0.0906187,0.207306,0,0.146531,0.118481,400,0
0.3,0.75,1,50000,0.120694,0.225794,0.113869,0.084325,0.217113,0,0.116581,0.121625,400,0
0.3,0.75,1,100000,0.1262,0.203113,0.132263,0.0775312,0.206381,0,0.125294,0.129219,400,0
0.3,0.75,1,160000,0.10905,0.194931,0.121463,0.0694125,0.228794,0,0.169637,0.106713,400,0
0.3,0.8,1,0,0.124556,0.125463,0.125606,0.12515,0.125594,0.125362,0.123719,0.12455,400,0
0.3,0.8,1,1000,0.0822813,0.21455,0.105237,0.134394,0.163556,0.0654625,0.102631,0.131887,400,0
0.3,0.8,1,2000,0.0874375,0.214369,0.121625,0.0917125,0.147894,0.0216375,0.166713,0.148613,400,0
0.3,0.8,1,3000,0.108313,0.211281,0.120925,0.0794688,0.232769,0.00215,0.139206,0.105887,400,0
0.3,0.8,1,5000,0.120387,0.219362,0.0987563,0.0898375,0.236462,0,0.128394,0.1068,400,0
0.3,0.8,1,7000,0.10625,0.216469,0.105894,0.0761562,0.231513,0,0.134444,0.129275,400,0
0.3,0.8,1,10000,0.100975,0.208237,0.13305,0.085875,0.22835,0,0.128806,0.114706,400,0
0.3,0.8,1,25000,0.106938,0.201994,0.130844,0.0561938,0.2654,0,0.133181,0.10545,400,0
0.3,0.8,1,50000,0.1087,0.220875,0.111806,0.092625,0.215856,0,0.119438,0.1307,400,0
0.3,0.8,1,100000,0.111344,0.202237,0.122581,0.0936625,0.183812,0,0.157269,0.129094,400,0
0.3,0.8,1,160000,0.124394,0.213744,0.120544,0.071575,0.203475,0,0.146,0.120269,400,0
0.3,0.8,1,0,0.125206,0.125362,0.125444,0.125556,0.124425,0.124694,0.123237,0.126075,400,0
0.3,0.8,1,1000,0.075275,0.224637,0.0977375,0.122031,0.140937,0.0772375,0.101931,0.160213,400,0
0.3,0.8,1,2000,0.0877875,0.194856,0.119269,0.0931063,0.176575,0.0283375,0.116862,0.183206,400,0
0.3,0.8,1,3000,0.0929125,0.2044,0.134087,0.0812313,0.186219,0.00749375,0.145444,0.148212,400,0
0.3,0.8,1,5000,0.116888,0.208581,0.133056,0.0956437,0.187213,0.004575,0.127219,0.126825,400,0
0.3,0.8,1,7000,0.114944,0.2018,0.129756,0.105094,0.1826,0,0.137875,0.127931,400,0
0.3,0.8,1,10000,0.118206,0.211425,0.116575,0.058725,0.225381,0,0.144869,0.124819,400,0
0.3,0.8,1,25000,0.119344,0.1952,0.156362,0.0611812,0.196525,0,0.141019,0.130369,400,0
0.3,0.8,1,50000,0.117138,0.226669,0.136788,0.06945,0.183019,0,0.159731,0.107206,400,0
0.3,0.8,1,100000,0.0917437,0.2104,0.1127,0.083225,0.235038,0,0.141044,0.12585,400,0
0.3,0.8,1,160000,0.141794,0.212394,0.125619,0.0797875,0.193188,0,0.126219,0.121,400,0
0.3,0.85,1,0,0.124731,0.125281,0.123894,0.127119,0.126231,0.122831,0.125463,0.12445,400,0
0.3,0.85,1,1000,0.07215,0.211106,0.0770813,0.150138,0.131425,0.0667875,0.111594,0.179719,400,0
0.3,0.85,1,2000,0.0830937,0.237769,0.0917625,0.1028,0.212394,0.0238688,0.121719,0.126594,400,0
0.3,0.85,1,3000,0.107575,0.209094,0.125131,0.100181,0.163812,0.0163937,0.1284,0.149413,400,0
0.3,0.85,1,5000,0.104563,0.215869,0.129112,0.073175,0.225606,0,0.123313,0.128362,400,0
0.3,0.85,1,7000,0.08945,0.233231,0.125531,0.0788438,0.216787,0,0.138781,0.117375,400,0
0.3,0.85,1,10000,0.115169,0.227625,0.112787,0.107006,0.203687,0,0.112975,0.12075,400,0
0.3,0.85,1,25000,0.0887875,0.217094,0.137306,0.0915312,0.207931,0,0.124094,0.133256,400,0
0.3,0.85,1,50000,0.103444,0.236769,0.118556,0.0749563,0.214306,0,0.134112,0.117856,400,0
0.3,0.85,1,100000,0.109481,0.252194,0.105163,0.084075,0.207019,0,0.123362,0.118706,400,0
0.3,0.85,1,160000,0.121144,0.208881,0.130387,0.0888562,0.206419,0,0.133406,0.110906,400,0
0.3,0.85,1,0,0.124219,0.126519,0.124569,0.124875,0.126463,0.123575,0.124594,0.125188,400,0
0.3,0.85,1,1000,0.089875,0.222112,0.111075,0.0949437,0.195788,0.0152062,0.149306,0.121694,400,0
0.3,0.85,1,2000,0.100725,0.202237,0.133869,0.0738687,0.201031,0.0009125,0.145044,0.142313,400,0
0.3,0.85,1,3000,0.102231,0.229181,0.118938,0.079125,0.198869,0.00398125,0.138975,0.1287,400,0
0.3,0.85,1,5000,0.109406,0.221169,0.108313,0.0852062,0.20095,0,0.151787,0.123169,400,0
0.3,0.85,1,7000,0.108256,0.227456,0.123988,0.0726125,0.204338,0,0.151419,0.111931,400,0
0.3,0.85,1,10000,0.116437,0.197725,0.121669,0.0698875,0.214675,0,0.162925,0.116681,400,0
0.3,0.85,1,25000,0.102119,0.216562,0.115144,0.0779563,0.196919,0,0.122512,0.168788,400,0
0.3,0.85,1,50000,0.104975,0.206019,0.113988,0.0847938,0.230594,0,0.132937,0.126694,400,0
0.3,0.85,1,100000,0.121275,0.222337,0.122606,0.08255,0.194056,0,0.125138,0.132038,400,0
0.3,0.85,1,160000,0.102888,0.202406,0.0995125,0.080025,0.247769,0,0.125056,0.142344,400,0
0.3,0.9,1,0,0.124375,0.124863,0.123294,0.125544,0.125125,0.125275,0.125525,0.126,400,0
0.3,0.9,1,1000,0.0642375,0.225269,0.100356,0.139631,0.121788,0.08185,0.0874875,0.179381,400,0
0.3,0.9,1,2000,0.0814,0.190744,0.103831,0.118294,0.170619,0.0596,0.126494,0.149019,400,0
0.3,0.9,1,3000,0.0943313,0.241981,0.114456,0.0884438,0.202106,0.00656875,0.120056,0.132056,400,0
0.3,0.9,1,5000,0.0856625,0.237675,0.127181,0.0756437,0.192756,0,0.156625,0.124456,400,0
0.3,0.9,1,7000,0.109275,0.235569,0.1161,0.0770437,0.212106,0,0.139956,0.10995,400,0
0.3,0.9,1,10000,0.0861375,0.241563,0.1214,0.0996875,0.201406,0,0.131069,0.118737,400,0
0.3,0.9,1,25000,0.0798313,0.2403,0.11465,0.0728063,0.23785,0,0.1269,0.127663,400,0
0.3,0.9,1,50000,0.109494,0.222875,0.138381,0.100175,0.178569,0,0.141763,0.108744,400,0
0.3,0.9,1,100000,0.0854625,0.238212,0.117319,0.0752125,0.228531,0,0.111025,0.144237,400,0
0.3,0.9,1,160000,0.101763,0.241256,0.117719,0.0797438,0.2141,0,0.119369,0.12605,400,0
0.3,0.9,1,0,0.124894,0.125169,0.124012,0.125,0.125494,0.125075,0.124919,0.125438,400,0
0.3,0.9,1,1000,0.0747625,0.239894,0.0917313,0.105769,0.179712,0.0465438,0.110019,0.151569,400,0
0.3,0.9,1,2000,0.0992625,0.224425,0.100119,0.073475,0.198175,0.0139312,0.140469,0.150144,400,0
0.3,0.9,1,3000,0.0999375,0.244825,0.109537,0.0848312,0.201381,0.00283125,0.128881,0.127775,400,0
0.3,0.9,1,5000,0.107431,0.224087,0.128637,0.100431,0.224969,0,0.128875,0.0855687,400,0
0.3,0.9,1,7000,0.0983563,0.221175,0.141887,0.0841313,0.186112,0,0.121213,0.147125,400,0
0.3,0.9,1,10000,0.109056,0.21485,0.126681,0.072775,0.181787,0,0.121094,0.173756,400,0
0.3,0.9,1,25000,0.0934875,0.22815,0.138781,0.0733188,0.203144,0,0.138975,0.124144,400,0
0.3,0.9,1,50000,0.0931,0.228412,0.116775,0.0829875,0.201038,0,0.11345,0.164238,400,0
0.3,0.9,1,100000,0.0932313,0.272956,0.10385,0.082,0.202444,0,0.112263,0.133256,400,0
0.3,0.9,1,160000,0.0931375,0.235613,0.116456,0.0807812,0.192381,0,0.131631,0.15,400,0
0.3,0.95,1,0,0.123594,0.124244,0.125844,0.12335,0.12505,0.1253,0.125194,0.127425,400,0
0.3,0.95,1,1000,0.0763375,0.26475,0.077125,0.109506,0.142294,0.0701563,0.0919062,0.167925,400,0
0.3,0.95,1,2000,0.0682938,0.262375,0.0936875,0.0936063,0.166194,0.0435625,0.107544,0.164738,400,0
0.3,0.95,1,3000,0.100275,0.227406,0.1156,0.103919,0.179225,0.0077125,0.122762,0.1431,400,0
0.3,0.95,1,5000,0.0914375,0.246638,0.121912,0.0838625,0.188738,0,0.138437,0.128975,400,0
0.3,0.95,1,7000,0.0857938,0.245869,0.100869,0.0797125,0.220025,0,0.132456,0.135275,400,0
0.3,0.95,1,10000,0.0906375,0.249369,0.105981,0.070425,0.197094,0,0.143719,0.142775,400,0
0.3,0.95,1,25000,0.104313,0.231644,0.111513,0.0742125,0.1998,0,0.140563,0.137956,400,0
0.3,0.95,1,50000,0.0881187,0.241113,0.12335,0.111338,0.172588,0,0.134444,0.12905,400,0
0.3,0.95,1,100000,0.0839812,0.236844,0.120987,0.0878188,0.20745,0,0.123525,0.139394,400,0
0.3,0.95,1,160000,0.0828,0.265356,0.0881062,0.0762063,0.206113,0,0.15395,0.127469,400,0
0.3,0.95,1,0,0.124838,0.125381,0.1219,0.123988,0.125219,0.12795,0.125625,0.1251,400,0
0.3,0.95,1,1000,0.0528375,0.292388,0.0577438,0.145144,0.109244,0.0902188,0.0849437,0.167481,400,0
0.3,0.95,1,2000,0.0749812,0.254775,0.08775,0.119681,0.154888,0.0600875,0.0956063,0.152231,400,0
0.3,0.95,1,3000,0.0879687,0.227662,0.100606,0.0922812,0.193106,0.022175,0.100013,0.176187,400,0
0.3,0.95,1,5000,0.0911625,0.260387,0.09905,0.0641437,0.2203,0,0.129562,0.135394,400,0
0.3,0.95,1,7000,0.0775437,0.228756,0.12395,0.0734438,0.2405,0,0.117581,0.138225,400,0
0.3,0.95,1,10000,0.0901062,0.241681,0.108463,0.070875,0.213762,0,0.134475,0.140637,400,0
0.3,0.95,1,25000,0.0872562,0.235819,0.0985687,0.0781063,0.226263,0,0.13255,0.141437,400,0
0.3,0.95,1,50000,0.111113,0.235175,0.130569,0.104169,0.179931,0,0.11995,0.119094,400,0
0.3,0.95,1,100000,0.101219,0.257806,0.0989063,0.1032,0.188531,0,0.119762,0.130575,400,0
0.3,0.95,1,160000,0.122912,0.2256,0.108238,0.113488,0.1965,0,0.102406,0.130856,400,0
0.3,1,1,0,0.125081,0.124069,0.124269,0.125837,0.126012,0.125606,0.125888,0.123237,400,0
0.3,1,1,1000,0.0613438,0.239419,0.07715,0.124144,0.130387,0.074275,0.119494,0.173788,400,0
0.3,1,1,2000,0.063175,0.239975,0.0788937,0.14265,0.154463,0.05365,0.0984625,0.168731,400,0
0.3,1,1,3000,0.0713812,0.250594,0.0860125,0.116406,0.189869,0.022225,0.128525,0.134988,400,0
0.3,1,1,5000,0.0773313,0.238219,0.0961937,0.102313,0.206106,0.002725,0.135288,0.141825,400,0
0.3,1,1,7000,0.0857625,0.244419,0.109975,0.0897312,0.236269,0,0.114281,0.119563,400,0
0.3,1,1,10000,0.0766687,0.280012,0.100788,0.0688813,0.224738,0,0.122656,0.126256,400,0
0.3,1,1,25000,0.0843187,0.274731,0.0941938,0.095925,0.186675,0,0.131725,0.132431,400,0
0.3,1,1,50000,0.0843938,0.257269,0.120256,0.073425,0.211638,0,0.1244,0.128619,400,0
0.3,1,1,100000,0.0854188,0.272937,0.101075,0.104919,0.208638,0,0.106975,0.120038,400,0
0.3,1,1,160000,0.0817438,0.250894,0.113794,0.0803625,0.198919,0,0.132144,0.142144,400,0
0.3,1,1,0,0.124144,0.1263,0.125087,0.124856,0.125906,0.124975,0.124794,0.123938,400,0
0.3,1,1,1000,0.032125,0.2827,0.0478625,0.189531,0.0779312,0.132619,0.0389688,0.198263,400,0
0.3,1,1,2000,0.0268875,0.248963,0.0254687,0.19205,0.0500875,0.191013,0.0396688,0.225862,400,0
0.3,1,1,3000,0.0122938,0.270744,0.0297375,0.196856,0.0533312,0.178931,0.04025,0.217856,400,0
0.3,1,1,5000,0.030275,0.255244,0.0473563,0.204719,0.0778937,0.145388,0.049475,0.18965,400,0
0.3,1,1,7000,0.0287875,0.234519,0.0466875,0.192263,0.0657125,0.170856,0.0484188,0.212756,400,0
0.3,1,1,10000,0.032925,0.234263,0.0527437,0.173406,0.110756,0.134763,0.0521375,0.209006,400,0
0.3,1,1,25000,0.0183812,0.244225,0.022475,0.211219,0.035125,0.206725,0.0239812,0.237869,400,0
0.3,1,1,50000,0,0.266744,0,0.232137,0,0.2455,0,0.255619,400,0
0.3,1,1,100000,0,0.242056,0,0.243913,0,0.253969,0,0.260062,400,0
0.3,1,1,160000,0,0.250762,0,0.246963,0,0.254794,0,0.247481,400,0
0.35,0,1,0,0.126331,0.124944,0.124131,0.125119,0.122719,0.125575,0.1264,0.124781,400,0
0.35,0,1,1000,0.108031,0.166494,0.119012,0.162219,0.0864937,0.116644,0.12325,0.117856,400,0
0.35,0,1,2000,0.0742188,0.165056,0.0696688,0.139831,0.1003,0.180531,0.095275,0.175119,400,0
0.35,0,1,3000,0.066775,0.185231,0.0769875,0.157406,0.0802687,0.166644,0.0795063,0.187181,400,0
0.35,0,1,5000,0.0626938,0.197063,0.0525625,0.181569,0.0375938,0.192281,0.060675,0.215562,400,0
0.35,0,1,7000,0.0268688,0.227719,0.0305875,0.215869,0.0275625,0.210125,0.0328125,0.228456,400,0
0.35,0,1,10000,0.0122688,0.24645,0.0059375,0.231869,0.00154375,0.239575,0.0077,0.254656,400,0
0.35,0,1,25000,0,0.2388,0,0.259519,0,0.262419,0,0.239262,400,0
0.35,0,1,50000,0,0.240725,0,0.250075,0,0.258962,0,0.250238,400,0
0.35,0,1,100000,0,0.240875,0,0.247638,0,0.258719,0,0.252769,400,0
0.35,0,1,160000,0,0.226431,0,0.239313,0,0.271888,0,0.262369,400,0
0.35,0,1,0,0.125831,0.124988,0.125562,0.124219,0.123537,0.124831,0.12485,0.126181,400,0
0.35,0,1,1000,0.108331,0.135269,0.122637,0.1115,0.112956,0.125612,0.121313,0.162381,400,0
0.35,0,1,2000,0.0934375,0.154269,0.109444,0.124069,0.164681,0.139588,0.119569,0.0949437,400,0
0.35,0,1,3000,0.143006,0.167219,0.11595,0.126763,0.0841313,0.121887,0.104044,0.137,400,0
0.35,0,1,5000,0.0899313,0.143187,0.0932812,0.158256,0.11615,0.157862,0.098825,0.142506,400,0
0.35,0,1,7000,0.0998625,0.142412,0.111644,0.135656,0.120713,0.148806,0.0978437,0.143063,400,0
0.35,0,1,10000,0.117094,0.130387,0.132319,0.114513,0.104981,0.136775,0.1343,0.129631,400,0
0.35,0,1,25000,0.150175,0.0880188,0.142475,0.0806313,0.164288,0.100494,0.176925,0.0969938,400,0
0.35,0,1,50000,0.243006,0,0.260056,0,0.24465,0,0.252287,0,400,0
0.35,0,1,100000,0.262931,0,0.259269,0,0.245381,0,0.232419,0,400,0
0.35,0,1,160000,0.258788,0,0.252631,0,0.246844,0,0.241737,0,400,0
0.35,0.05,1,0,0.12365,0.125381,0.125612,0.124406,0.125062,0.124744,0.124713,0.126431,400,0
0.35,0.05,1,1000,0.078125,0.169794,0.0809375,0.174394,0.0885625,0.155388,0.10795,0.14485,400,0
0.35,0.05,1,2000,0.0275813,0.231912,0.0375438,0.2279,0.0251375,0.189337,0.0254937,0.235094,400,0
0.35,0.05,1,3000,0,0.244594,0,0.243781,6.25e-06,0.25005,0,0.261569,400,0
0.35,0.05,1,5000,0,0.2459,0,0.235338,0,0.271213,0,0.24755,400,0
0.35,0.05,1,7000,0,0.239906,0,0.246206,0,0.2644,0,0.249488,400,0
0.35,0.05,1,10000,0,0.255194,0,0.245894,0,0.251369,0,0.247544,400,0
0.35,0.05,1,25000,0,0.254713,0,0.2437,0,0.250494,0,0.251094,400,0
0.35,0.05,1,50000,0,0.245844,0,0.246713,0,0.253875,0,0.253569,400,0
0.35,0.05,1,100000,0,0.24745,0,0.257912,0,0.258512,0,0.236125,400,0
0.35,0.05,1,160000,0,0.242969,0,0.255306,0,0.253506,0,0.248219,400,0
0.35,0.05,1,0,0.125531,0.1247,0.124944,0.124537,0.125106,0.126025,0.124387,0.124769,400,0
0.35,0.05,1,1000,0.0985937,0.175125,0.0693562,0.145744,0.0911187,0.170044,0.0975375,0.152481,400,0
0.35,0.05,1,2000,0.0465062,0.171719,0.05535,0.188163,0.0610187,0.216181,0.0702688,0.190794,400,0
0.35,0.05,1,3000,0.0034125,0.244475,0.0047,0.240219,0.00390625,0.249831,0.00281875,0.250638,400,0
0.35,0.05,1,5000,0,0.234756,0,0.26365,0,0.24245,0,0.259144,400,0
0.35,0.05,1,7000,0,0.236113,0,0.2509,0,0.2577,0,0.255288,400,0
0.35,0.05,1,10000,0,0.254713,0,0.246012,0,0.250762,0,0.248512,400,0
0.35,0.05,1,25000,0,0.244944,0,0.247856,0,0.252031,0,0.255169,400,0
0.35,0.05,1,50000,0,0.252487,0,0.24675,0,0.248194,0,0.252569,400,0
0.35,0.05,1,100000,0,0.251481,0,0.244944,0,0.264363,0,0.239212,400,0
0.35,0.05,1,160000,0,0.259663,0,0.256512,0,0.251131,0,0.232694,400,0
0.35,0.1,1,0,0.126069,0.124563,0.126069,0.124225,0.124894,0.123588,0.124519,0.126075,400,0
0.35,0.1,1,1000,0.0579438,0.190981,0.0791188,0.1809,0.0636687,0.178656,0.0598562,0.188875,400,0
0.35,0.1,1,2000,0.00376875,0.247519,0.0017,0.257569,0.00323125,0.237962,0.003525,0.244725,400,0
0.35,0.1,1,3000,0,0.250525,0,0.238956,0,0.253987,0,0.256531,400,0
0.35,0.1,1,5000,0,0.242262,0,0.266556,0,0.245975,0,0.245206,400,0
0.35,0.1,1,7000,0,0.248444,0,0.24325,0,0.254494,0,0.253812,400,0
0.35,0.1,1,10000,0,0.247056,0,0.254744,0,0.243163,0,0.255037,400,0
0.35,0.1,1,25000,0,0.232887,0,0.261475,0,0.253581,0,0.252056,400,0
0.35,0.1,1,50000,0,0.246406,0,0.253869,0,0.242138,0,0.257588,400,0
0.35,0.1,1,100000,0,0.245569,0,0.253937,0,0.251856,0,0.248638,400,0
0.35,0.1,1,160000,0,0.243138,0,0.256306,0,0.263125,0,0.237431,400,0
0.35,0.1,1,0,0.125731,0.125156,0.126056,0.12535,0.122881,0.125006,0.1242,0.125619,400,0
0.35,0.1,1,1000,0.0630375,0.181744,0.0577375,0.176425,0.0799875,0.175069,0.0809938,0.185006,400,0
0.35,0.1,1,2000,0.0156,0.238731,0.0194187,0.225281,0.0347688,0.223506,0.0254937,0.2172,400,0
0.35,0.1,1,3000,0,0.258681,0,0.255,0,0.263288,0,0.223031,400,0
0.35,0.1,1,5000,0,0.25055,0,0.230869,0,0.259319,0,0.259263,400,0
0.35,0.1,1,7000,0,0.248369,0,0.255288,0,0.239012,0,0.257331,400,0
0.35,0.1,1,10000,0,0.247062,0,0.248056,0,0.251337,0,0.253544,400,0
0.35,0.1,1,25000,0,0.241494,0,0.258875,0,0.241225,0,0.258406,400,0
0.35,0.1,1,50000,0,0.28405,0,0.231056,0,0.245006,0,0.239888,400,0
0.35,0.1,1,100000,0,0.256231,0,0.249256,0,0.252088,0,0.242425,400,0
0.35,0.1,1,160000,0,0.242113,0,0.245081,0,0.255175,0,0.257631,400,0
0.35,0.15,1,0,0.125081,0.125475,0.125169,0.124713,0.124856,0.1251,0.12505,0.124556,400,0
0.35,0.15,1,1000,0.05795,0.2638,0.0455625,0.177825,0.0574187,0.155856,0.0462687,0.195319,400,0
0.35,0.15,1,2000,0.0417625,0.200181,0.0277,0.246181,0.0308,0.2332,0.0256,0.194575,400,0
0.35,0.15,1,3000,0.001175,0.268819,0.00065625,0.233581,0.0019625,0.23595,0.00143125,0.256425,400,0
0.35,0.15,1,5000,0,0.270869,0,0.248081,0,0.245138,0,0.235912,400,0
0.35,0.15,1,7000,0,0.241987,0,0.250138,0,0.257638,0,0.250238,400,0
0.35,0.15,1,10000,0,0.248481,0,0.249787,0,0.257437,0,0.244294,400,0
0.35,0.15,1,25000,0,0.242487,0,0.239831,0,0.251613,0,0.266069,400,0
0.35,0.15,1,50000,0,0.249531,0,0.268025,0,0.237531,0,0.244913,400,0
0.35,0.15,1,100000,0,0.256831,0,0.243913,0,0.23705,0,0.262206,400,0
0.35,0.15,1,160000,0,0.236338,0,0.242444,0,0.265562,0,0.255656,400,0
0.35,0.15,1,0,0.125731,0.125444,0.124244,0.125138,0.125244,0.126012,0.124925,0.123262,400,0
0.35,0.15,1,1000,0.0456625,0.219206,0.0519812,0.201869,0.0813875,0.155144,0.0706,0.17415,400,0
0.35,0.15,1,2000,0.0167062,0.230937,0.0240062,0.222844,0.0168062,0.214113,0.038175,0.236412,400,0
0.35,0.15,1,3000,0,0.2296,0.00035,0.260925,0.001675,0.243681,0,0.263769,400,0
0.35,0.15,1,5000,0,0.243275,0,0.249606,0,0.258406,0,0.248713,400,0
0.35,0.15,1,7000,0,0.23065,0,0.248988,0,0.279644,0,0.240719,400,0
0.35,0.15,1,10000,0,0.25,0,0.253181,0,0.258144,0,0.238675,400,0
0.35,0.15,1,25000,0,0.248087,0,0.218825,0,0.268012,0,0.265075,400,0
0.35,0.15,1,50000,0,0.225694,0,0.269713,0,0.238206,0,0.266387,400,0
0.35,0.15,1,100000,0,0.238,0,0.255481,0,0.249594,0,0.256925,400,0
0.35,0.15,1,160000,0,0.247706,0,0.247725,0,0.244419,0,0.26015,400,0
0.35,0.2,1,0,0.124575,0.125537,0.125475,0.123969,0.124775,0.123787,0.125575,0.126306,400,0
0.35,0.2,1,1000,0.0519312,0.227581,0.0381312,0.187213,0.0424187,0.184413,0.0548625,0.21345,400,0
0.35,0.2,1,2000,0.0028875,0.262675,0.0056,0.26835,0.00363125,0.242825,0.0041,0.209931,400,0
0.35,0.2,1,3000,0,0.258644,0,0.249963,0,0.239644,0,0.25175,400,0
0.35,0.2,1,5000,0,0.250856,0,0.244512,0,0.260694,0,0.243938,400,0
0.35,0.2,1,7000,0,0.224463,0,0.268094,0,0.265856,0,0.241588,400,0
0.35,0.2,1,10000,0,0.250581,0,0.254925,0,0.2562,0,0.238294,400,0
0.35,0.2,1,25000,0,0.242962,0,0.240475,0,0.261675,0,0.254887,400,0
0.35,0.2,1,50000,0,0.256294,0,0.268269,0,0.24685,0,0.228587,400,0
0.35,0.2,1,100000,0,0.262381,0,0.24305,0,0.253525,0,0.241044,400,0
0.35,0.2,1,160000,0,0.249925,0,0.2565,0,0.25605,0,0.237525,400,0
0.35,0.2,1,0,0.124831,0.124906,0.125944,0.125306,0.1256,0.12685,0.124575,0.121987,400,0
0.35,0.2,1,1000,0.062925,0.180844,0.0934813,0.159825,0.0904062,0.17615,0.0813875,0.154981,400,0
0.35,0.2,1,2000,0.005025,0.236069,0.010025,0.238012,0.00944375,0.244388,0.00821875,0.248819,400,0
0.35,0.2,1,3000,0,0.239456,0,0.252912,0,0.255725,0,0.251906,400,0
0.35,0.2,1,5000,0,0.227456,0,0.250981,0,0.264225,0,0.257337,400,0
0.35,0.2,1,7000,0,0.261556,0,0.2507,0,0.2416,0,0.246144,400,0
0.35,0.2,1,10000,0,0.26515,0,0.241487,0,0.244544,0,0.248819,400,0
0.35,0.2,1,25000,0,0.260562,0,0.249756,0,0.250431,0,0.23925,400,0
0.35,0.2,1,50000,0,0.254094,0,0.234975,0,0.251131,0,0.2598,400,0
0.35,0.2,1,100000,0,0.246519,0,0.243088,0,0.260088,0,0.250306,400,0
0.35,0.2,1,160000,0,0.255294,0,0.2431,0,0.252987,0,0.248619,400,0
0.35,0.25,1,0,0.126081,0.126344,0.12425,0.1227,0.124806,0.125494,0.12495,0.125375,400,0
0.35,0.25,1,1000,0.077975,0.214544,0.0920375,0.15365,0.0811125,0.147056,0.06695,0.166675,400,0
0.35,0.25,1,2000,0.018075,0.200781,0.0298313,0.213356,0.038625,0.232506,0.0327875,0.234038,400,0
0.35,0.25,1,3000,0.00131875,0.236556,0.00079375,0.247138,0.00175,0.261744,0.00496875,0.245731,400,0
0.35,0.25,1,5000,0,0.265619,0,0.238262,0,0.252337,0,0.243781,400,0
0.35,0.25,1,7000,0,0.252731,0,0.25705,0,0.245663,0,0.244556,400,0
0.35,0.25,1,10000,0,0.247713,0,0.249619,0,0.261594,0,0.241075,400,0
0.35,0.25,1,25000,0,0.259525,0,0.240756,0,0.246644,0,0.253075,400,0
0.35,0.25,1,50000,0,0.249188,0,0.23315,0,0.258138,0,0.259525,400,0
0.35,0.25,1,100000,0,0.236556,0,0.245244,0,0.269856,0,0.248344,400,0
0.35,0.25,1,160000,0,0.257531,0,0.262031,0,0.235769,0,0.244669,400,0
0.35,0.25,1,0,0.126744,0.125725,0.126512,0.124606,0.124219,0.124281,0.123806,0.124106,400,0
0.35,0.25,1,1000,0.0476125,0.181375,0.0540625,0.149469,0.106856,0.177606,0.0818438,0.201175,400,0
0.35,0.25,1,2000,0.0161125,0.223956,0.0148875,0.2479,0.0223938,0.221719,0.0113,0.241731,400,0
0.35,0.25,1,3000,0,0.250462,0,0.241875,0,0.251506,0.0001,0.256056,400,0
0.35,0.25,1,5000,0,0.248881,0,0.27435,0,0.243962,0,0.232806,400,0
0.35,0.25,1,7000,0,0.244256,0,0.248481,0,0.250056,0,0.257206,400,0
0.35,0.25,1,10000,0,0.242006,0,0.257694,0,0.253613,0,0.246688,400,0
0.35,0.25,1,25000,0,0.2496,0,0.24325,0,0.245913,0,0.261238,400,0
0.35,0.25,1,50000,0,0.238563,0,0.252238,0,0.245237,0,0.263962,400,0
0.35,0.25,1,100000,0,0.235306,0,0.258075,0,0.267487,0,0.239131,400,0
0.35,0.25,1,160000,0,0.246025,0,0.265606,0,0.242144,0,0.246225,400,0
0.35,0.3,1,0,0.125238,0.124537,0.123975,0.124544,0.124813,0.124769,0.125656,0.126469,400,0
0.35,0.3,1,1000,0.052825,0.224675,0.057675,0.154706,0.09015,0.145813,0.0812438,0.192912,400,0
0.35,0.3,1,2000,0.014925,0.266813,0.0126687,0.248031,0.0133875,0.217644,0.00630625,0.220225,400,0
0.35,0.3,1,3000,0,0.248631,0,0.255006,0,0.245431,0,0.250931,400,0
0.35,0.3,1,5000,0,0.25385,0,0.250719,0,0.229313,0,0.266119,400,0
0.35,0.3,1,7000,0,0.245656,0,0.246237,0,0.249794,0,0.258313,400,0
0.35,0.3,1,10000,0,0.243425,0,0.254125,0,0.265725,0,0.236725,400,0
0.35,0.3,1,25000,0,0.241987,0,0.245562,0,0.263744,0,0.248706,400,0
0.35,0.3,1,50000,0,0.2376,0,0.249419,0,0.253944,0,0.259037,400,0
0.35,0.3,1,100000,0,0.248056,0,0.241844,0,0.25855,0,0.25155,400,0
0.35,0.3,1,160000,0,0.242413,0,0.260869,0,0.245812,0,0.250906,400,0
0.35,0.3,1,0,0.125862,0.124794,0.125381,0.123925,0.125994,0.125181,0.123756,0.125106,400,0
0.35,0.3,1,1000,0.0558563,0.211856,0.0713125,0.155787,0.0685562,0.164894,0.0842563,0.187481,400,0
0.35,0.3,1,2000,0.0261313,0.222,0.0331188,0.188525,0.0596812,0.202412,0.0559313,0.2122,400,0
0.35,0.3,1,3000,0.0062625,0.233613,0.005525,0.250113,0.0058625,0.239925,0.005825,0.252875,400,0
0.35,0.3,1,5000,0,0.248675,0,0.234856,0,0.257931,0,0.258537,400,0
0.35,0.3,1,7000,0,0.241487,0,0.249144,0,0.251644,0,0.257725,400,0
0.35,0.3,1,10000,0,0.246762,0,0.246175,0,0.248888,0,0.258175,400,0
0.35,0.3,1,25000,0,0.232944,0,0.233731,0,0.269644,0,0.263681,400,0
0.35,0.3,1,50000,0,0.245319,0,0.246913,0,0.257006,0,0.250762,400,0
0.35,0.3,1,100000,0,0.242681,0,0.248612,0,0.2539,0,0.254806,400,0
0.35,0.3,1,160000,0,0.252644,0,0.250894,0,0.241506,0,0.254956,400,0
0.35,0.35,1,0,0.12485,0.125394,0.125725,0.125738,0.1232,0.124406,0.125388,0.1253,400,0
0.35,0.35,1,1000,0.06305,0.188419,0.102719,0.1334,0.0865563,0.130206,0.105588,0.190062,400,0
0.35,0.35,1,2000,0.0135625,0.227419,0.051725,0.196013,0.0406,0.211762,0.0128375,0.246081,400,0
0.35,0.35,1,3000,0,0.2374,0,0.251787,0,0.260231,0,0.250581,400,0
0.35,0.35,1,5000,0,0.245619,0,0.232775,0,0.275738,0,0.245869,400,0
0.35,0.35,1,7000,0,0.237956,0,0.253256,0,0.248812,0,0.259975,400,0
0.35,0.35,1,10000,0,0.260525,0,0.244006,0,0.248944,0,0.246525,400,0
0.35,0.35,1,25000,0,0.2431,0,0.250525,0,0.25665,0,0.249725,400,0
0.35,0.35,1,50000,0,0.248369,0,0.253456,0,0.246219,0,0.251956,400,0
0.35,0.35,1,100000,0,0.251694,0,0.239906,0,0.252912,0,0.255487,400,0
0.35,0.35,1,160000,0,0.251887,0,0.241675,0,0.263975,0,0.242462,400,0
0.35,0.35,1,0,0.124719,0.124262,0.126688,0.124637,0.125269,0.124588,0.125938,0.1239,400,0
0.35,0.35,1,1000,0.0605188,0.182231,0.115919,0.119969,0.117025,0.140331,0.10905,0.154956,400,0
0.35,0.35,1,2000,0.0559562,0.221225,0.0552187,0.1737,0.0451187,0.16685,0.0762562,0.205675,400,0
0.35,0.35,1,3000,0.006175,0.230612,0.0205125,0.230875,0.0216375,0.245931,0.0125688,0.231687,400,0
0.35,0.35,1,5000,0,0.244375,0,0.269363,0,0.250337,0,0.235925,400,0
0.35,0.35,1,7000,0,0.2428,0,0.247906,0,0.24305,0,0.266244,400,0
0.35,0.35,1,10000,0,0.241313,0,0.243331,0,0.250625,0,0.264731,400,0
0.35,0.35,1,25000,0,0.253269,0,0.252138,0,0.242094,0,0.2525,400,0
0.35,0.35,1,50000,0,0.248331,0,0.254188,0,0.258056,0,0.239425,400,0
0.35,0.35,1,100000,0,0.231294,0,0.256419,0,0.248044,0,0.264244,400,0
0.35,0.35,1,160000,0,0.249819,0,0.258819,0,0.242656,0,0.248706,400,0
0.35,0.4,1,0,0.125281,0.12525,0.124925,0.124512,0.123406,0.126206,0.125644,0.124775,400,0
0.35,0.4,1,1000,0.0695375,0.182963,0.0752375,0.160044,0.103325,0.15295,0.08965,0.166294,400,0
0.35,0.4,1,2000,0.0265062,0.256456,0.035425,0.224637,0.0336938,0.192256,0.0226875,0.208338,400,0
0.35,0.4,1,3000,0,0.247944,0,0.269056,0,0.263475,0,0.219525,400,0
0.35,0.4,1,5000,0,0.263194,0,0.263887,0,0.240787,0,0.232131,400,0
0.35,0.4,1,7000,0,0.235494,0,0.249425,0,0.266294,0,0.248787,400,0
0.35,0.4,1,10000,0,0.242844,0,0.252794,0,0.249238,0,0.255125,400,0
0.35,0.4,1,25000,0,0.237444,0,0.255063,0,0.257169,0,0.250325,400,0
0.35,0.4,1,50000,0,0.226931,0,0.253588,0,0.262775,0,0.256706,400,0
0.35,0.4,1,100000,0,0.256625,0,0.254138,0,0.2403,0,0.248938,400,0
0.35,0.4,1,160000,0,0.267037,0,0.250725,0,0.240094,0,0.242144,400,0
0.35,0.4,1,0,0.125719,0.125519,0.125219,0.125012,0.122856,0.125194,0.124856,0.125625,400,0
0.35,0.4,1,1000,0.0985937,0.156463,0.122544,0.114875,0.114888,0.131013,0.10545,0.156175,400,0
0.35,0.4,1,2000,0.0509875,0.220881,0.0888437,0.163719,0.104869,0.13305,0.0637438,0.173906,400,0
0.35,0.4,1,3000,0.0306562,0.241656,0.0316063,0.189988,0.0533812,0.178506,0.051875,0.222331,400,0
0.35,0.4,1,5000,0,0.251581,0.000425,0.256575,0.0005375,0.2507,0,0.240181,400,0
0.35,0.4,1,7000,0,0.241156,0,0.238638,0,0.2674,0,0.252806,400,0
0.35,0.4,1,10000,0,0.250981,0,0.242719,0,0.235563,0,0.270738,400,0
0.35,0.4,1,25000,0,0.252906,0,0.242056,0,0.25825,0,0.246787,400,0
0.35,0.4,1,50000,0,0.255694,0,0.23955,0,0.245981,0,0.258775,400,0
0.35,0.4,1,100000,0,0.254194,0,0.246331,0,0.249919,0,0.249556,400,0
0.35,0.4,1,160000,0,0.246863,0,0.234325,0,0.253431,0,0.265381,400,0
0.35,0.45,1,0,0.12415,0.125131,0.126256,0.12545,0.123662,0.124313,0.125,0.126037,400,0
0.35,0.45,1,1000,0.0861313,0.162,0.0964312,0.13855,0.166538,0.096575,0.09845,0.155325,400,0
0.35,0.45,1,2000,0.0728,0.182975,0.126931,0.120288,0.134263,0.0965687,0.109175,0.157,400,0
0.35,0.45,1,3000,0.0762687,0.195525,0.0829063,0.148894,0.0893437,0.12405,0.084925,0.198087,400,0
0.35,0.45,1,5000,0.0296437,0.246762,0.0286437,0.205056,0.0321437,0.211231,0.0239812,0.222537,400,0
0.35,0.45,1,7000,0.00263125,0.262081,0.00033125,0.248775,0.001275,0.251606,0.00031875,0.232981,400,0
0.35,0.45,1,10000,0,0.231506,0,0.2445,0,0.274806,0,0.249188,400,0
0.35,0.45,1,25000,0,0.271788,0,0.252019,0,0.233712,0,0.242481,400,0
0.35,0.45,1,50000,0,0.23385,0,0.247444,0,0.262906,0,0.2558,400,0
0.35,0.45,1,100000,0,0.246863,0,0.269231,0,0.2301,0,0.253806,400,0
0.35,0.45,1,160000,0,0.26255,0,0.253306,0,0.242,0,0.242144,400,0
0.35,0.45,1,0,0.125881,0.125988,0.124975,0.125631,0.124531,0.125431,0.123531,0.124031,400,0
0.35,0.45,1,1000,0.0937438,0.165463,0.123588,0.0927562,0.157319,0.109069,0.122175,0.135887,400,0
0.35,0.45,1,2000,0.0953688,0.206206,0.0825875,0.153681,0.0981125,0.117538,0.0697625,0.176744,400,0
0.35,0.45,1,3000,0.0340312,0.214363,0.048325,0.186475,0.0678,0.186675,0.053175,0.209156,400,0
0.35,0.45,1,5000,0.00716875,0.2438,0.00635,0.240806,0.00428125,0.23925,0.0035375,0.254806,400,0
0.35,0.45,1,7000,0,0.245969,0,0.238863,0,0.24715,0,0.268019,400,0
0.35,0.45,1,10000,0,0.247163,0,0.239313,0,0.259619,0,0.253906,400,0
0.35,0.45,1,25000,0,0.24445,0,0.253844,0,0.256731,0,0.244975,400,0
0.35,0.45,1,50000,0,0.246919,0,0.256744,0,0.248381,0,0.247956,400,0
0.35,0.45,1,100000,0,0.240125,0,0.253044,0,0.255106,0,0.251725,400,0
0.35,0.45,1,160000,0,0.266731,0,0.238687,0,0.251975,0,0.242606,400,0
0.35,0.5,1,0,0.124119,0.125131,0.125294,0.125144,0.124256,0.125231,0.126094,0.124731,400,0
0.35,0.5,1,1000,0.0656875,0.211838,0.0762562,0.141844,0.122394,0.111581,0.10015,0.17025,400,0
0.35,0.5,1,2000,0.063325,0.212062,0.086125,0.156506,0.0886187,0.141338,0.0800687,0.171956,400,0
0.35,0.5,1,3000,0.06175,0.200206,0.04695,0.164169,0.114788,0.163256,0.055625,0.193256,400,0
0.35,0.5,1,5000,0.01315,0.226669,0.0101187,0.223181,0.0259125,0.215837,0.027975,0.257156,400,0
0.35,0.5,1,7000,0,0.24625,0,0.251713,0,0.240687,0,0.26135,400,0
0.35,0.5,1,10000,0,0.246438,0,0.255563,0,0.250075,0,0.247925,400,0
0.35,0.5,1,25000,0,0.256638,0,0.251625,0,0.239825,0,0.251912,400,0
0.35,0.5,1,50000,0,0.247638,0,0.24805,0,0.25265,0,0.251663,400,0
0.35,0.5,1,100000,0,0.240525,0,0.253406,0,0.254769,0,0.2513,400,0
0.35,0.5,1,160000,0,0.263188,0,0.236881,0,0.24735,0,0.252581,400,0
0.35,0.5,1,0,0.123731,0.12455,0.125544,0.1263,0.124619,0.124313,0.125537,0.125406,400,0
0.35,0.5,1,1000,0.0694063,0.187556,0.116719,0.111537,0.126469,0.112506,0.100825,0.174981,400,0
0.35,0.5,1,2000,0.0841875,0.17065,0.0996188,0.137069,0.128181,0.101569,0.111113,0.167612,400,0
0.35,0.5,1,3000,0.0754,0.154681,0.120975,0.0838375,0.160169,0.0852312,0.113738,0.205969,400,0
0.35,0.5,1,5000,0.0484188,0.192062,0.0957188,0.124088,0.114687,0.122919,0.090975,0.211131,400,0
0.35,0.5,1,7000,0.0275813,0.222656,0.0304938,0.214794,0.0350688,0.197963,0.04,0.231444,400,0
0.35,0.5,1,10000,0,0.243475,0,0.268131,0,0.249119,0,0.239275,400,0
0.35,0.5,1,25000,0,0.259288,0,0.248781,0,0.244931,0,0.247,400,0
0.35,0.5,1,50000,0,0.24955,0,0.2573,0,0.25225,0,0.2409,400,0
0.35,0.5,1,100000,0,0.246256,0,0.263325,0,0.248262,0,0.242156,400,0
0.35,0.5,1,160000,0,0.249225,0,0.241531,0,0.257563,0,0.251681,400,0
0.35,0.55,1,0,0.123306,0.125375,0.1265,0.125681,0.123794,0.124137,0.126175,0.125031,400,0
0.35,0.55,1,1000,0.0614937,0.241156,0.0750625,0.165175,0.109856,0.092425,0.0877938,0.167038,400,0
0.35,0.55,1,2000,0.05645,0.218906,0.081825,0.132356,0.122412,0.1198,0.0887,0.17955,400,0
0.35,0.55,1,3000,0.0362813,0.219581,0.0519875,0.160006,0.07285,0.148044,0.0549625,0.256288,400,0
0.35,0.55,1,5000,0.0139688,0.229119,0.0274437,0.225862,0.0194062,0.216556,0.0116875,0.255956,400,0
0.35,0.55,1,7000,0,0.245088,0,0.261294,0,0.254631,0,0.238987,400,0
0.35,0.55,1,10000,0,0.251312,0,0.248219,0,0.250038,0,0.250431,400,0
0.35,0.55,1,25000,0,0.243781,0,0.256025,0,0.248256,0,0.251937,400,0
0.35,0.55,1,50000,0,0.250113,0,0.245625,0,0.253881,0,0.250381,400,0
0.35,0.55,1,100000,0,0.255719,0,0.243681,0,0.239956,0,0.260644,400,0
0.35,0.55,1,160000,0,0.250469,0,0.248,0,0.252188,0,0.249344,400,0
0.35,0.55,1,0,0.125675,0.124287,0.126119,0.124781,0.125312,0.125206,0.124637,0.123981,400,0
0.35,0.55,1,1000,0.0748687,0.197831,0.0853,0.156044,0.11665,0.119737,0.0825625,0.167006,400,0
0.35,0.55,1,2000,0.0558312,0.215213,0.0747125,0.157625,0.112506,0.140425,0.065175,0.178512,400,0
0.35,0.55,1,3000,0.0377,0.215638,0.0401437,0.227594,0.0522813,0.203044,0.0409812,0.182619,400,0
0.35,0.55,1,5000,0,0.250175,0,0.24715,0,0.255906,0,0.246769,400,0
0.35,0.55,1,7000,0,0.254856,0,0.246631,0,0.246269,0,0.252244,400,0
0.35,0.55,1,10000,0,0.246619,0,0.256069,0,0.252337,0,0.244975,400,0
0.35,0.55,1,25000,0,0.251781,0,0.2623,0,0.2459,0,0.240019,400,0
0.35,0.55,1,50000,0,0.245144,0,0.2492,0,0.248938,0,0.256719,400,0
0.35,0.55,1,100000,0,0.250862,0,0.242025,0,0.260231,0,0.246881,400,0
0.35,0.55,1,160000,0,0.24565,0,0.247725,0,0.254506,0,0.252119,400,0
0.35,0.6,1,0,0.124644,0.12475,0.1248,0.124731,0.125787,0.125175,0.124637,0.125475,400,0
0.35,0.6,1,1000,0.091375,0.22625,0.0991,0.114275,0.134337,0.0591187,0.125944,0.1496,400,0
0.35,0.6,1,2000,0.0820312,0.185037,0.111738,0.101475,0.162475,0.0768313,0.134919,0.145494,400,0
0.35,0.6,1,3000,0.0679437,0.201588,0.105725,0.0889063,0.170481,0.057375,0.136788,0.171194,400,0
0.35,0.6,1,5000,0.0816438,0.201925,0.0958688,0.129544,0.131438,0.098975,0.0986625,0.161944,400,0
0.35,0.6,1,7000,0.02135,0.226756,0.0369813,0.203381,0.0631,0.180044,0.0455687,0.222819,400,0
0.35,0.6,1,10000,0,0.22845,0.00076875,0.259313,0.00424375,0.25585,0.00516875,0.246206,400,0
0.35,0.6,1,25000,0,0.224331,0,0.238769,0,0.271119,0,0.265781,400,0
0.35,0.6,1,50000,0,0.235137,0,0.239169,0,0.268769,0,0.256925,400,0
0.35,0.6,1,100000,0,0.238094,0,0.237481,0,0.264306,0,0.260119,400,0
0.35,0.6,1,160000,0,0.246438,0,0.251213,0,0.251613,0,0.250738,400,0
0.35,0.6,1,0,0.124787,0.124994,0.125413,0.126281,0.123631,0.124125,0.125125,0.125644,400,0
0.35,0.6,1,1000,0.085375,0.201494,0.100444,0.12725,0.124506,0.0816188,0.132937,0.146375,400,0
0.35,0.6,1,2000,0.0869438,0.203394,0.118006,0.083125,0.158475,0.0777188,0.101325,0.171013,400,0
0.35,0.6,1,3000,0.083825,0.180094,0.117638,0.102413,0.190125,0.0715937,0.111681,0.142631,400,0
0.35,0.6,1,5000,0.0821563,0.190531,0.125744,0.114606,0.170969,0.0608563,0.102313,0.152825,400,0
0.35,0.6,1,7000,0.0765688,0.195356,0.125419,0.105112,0.165369,0.0610875,0.109662,0.161425,400,0
0.35,0.6,1,10000,0.0804375,0.193575,0.0903812,0.0980625,0.1627,0.0830313,0.119381,0.172431,400,0
0.35,0.6,1,25000,0.0491,0.252194,0.0452625,0.169269,0.07695,0.150863,0.0632438,0.193119,400,0
0.35,0.6,1,50000,0,0.250081,0,0.247069,0,0.2501,0,0.25275,400,0
0.35,0.6,1,100000,0,0.250594,0,0.231813,0,0.253356,0,0.264238,400,0
0.35,0.6,1,160000,0,0.252856,0,0.246406,0,0.25835,0,0.242388,400,0
0.35,0.65,1,0,0.125756,0.1239,0.124919,0.12505,0.124044,0.123887,0.126388,0.126056,400,0
0.35,0.65,1,1000,0.0557938,0.197694,0.079475,0.132331,0.1208,0.119031,0.0811125,0.213762,400,0
0.35,0.65,1,2000,0.06335,0.2179,0.0928563,0.145444,0.154475,0.0853312,0.0640813,0.176563,400,0
0.35,0.65,1,3000,0.0795938,0.21215,0.077525,0.145325,0.113669,0.112506,0.0941375,0.165094,400,0
0.35,0.65,1,5000,0.059175,0.216656,0.0785062,0.137075,0.121887,0.115944,0.0953,0.175456,400,0
0.35,0.65,1,7000,0.0680375,0.206594,0.0683938,0.147294,0.106637,0.137137,0.0643375,0.201569,400,0
0.35,0.65,1,10000,0.0290688,0.227356,0.0569,0.179012,0.0719438,0.16845,0.052975,0.214294,400,0
0.35,0.65,1,25000,0,0.242413,0,0.250088,0,0.256819,0,0.250681,400,0
0.35,0.65,1,50000,0,0.247562,0,0.242031,0,0.252538,0,0.257869,400,0
0.35,0.65,1,100000,0,0.250194,0,0.258794,0,0.245062,0,0.24595,400,0
0.35,0.65,1,160000,0,0.250044,0,0.248575,0,0.2543,0,0.247081,400,0
0.35,0.65,1,0,0.123669,0.125644,0.125287,0.124419,0.123112,0.125744,0.125388,0.126738,400,0
0.35,0.65,1,1000,0.07475,0.21025,0.0893188,0.114481,0.136788,0.0613438,0.119494,0.193575,400,0
0.35,0.65,1,2000,0.0733188,0.196319,0.1301,0.11155,0.146437,0.0546937,0.114388,0.173194,400,0
0.35,0.65,1,3000,0.0779062,0.200738,0.106056,0.0995812,0.134288,0.0813062,0.117219,0.182906,400,0
0.35,0.65,1,5000,0.078525,0.23565,0.0950063,0.114962,0.135213,0.0679063,0.105069,0.167669,400,0
0.35,0.65,1,7000,0.07635,0.217362,0.0877875,0.1043,0.146731,0.0762812,0.112931,0.178256,400,0
0.35,0.65,1,10000,0.0719937,0.214519,0.104556,0.122294,0.13775,0.0924875,0.0935875,0.162812,400,0
0.35,0.65,1,25000,0,0.250631,0,0.257875,0,0.242938,0,0.248556,400,0
0.35,0.65,1,50000,0,0.238019,0,0.266431,0,0.255175,0,0.240375,400,0
0.35,0.65,1,100000,0,0.253019,0,0.239163,0,0.251769,0,0.25605,400,0
0.35,0.65,1,160000,0,0.240819,0,0.257569,0,0.257969,0,0.243644,400,0
0.35,0.7,1,0,0.124387,0.125844,0.125331,0.125044,0.124488,0.124588,0.125275,0.125044,400,0
0.35,0.7,1,1000,0.075125,0.21825,0.0846812,0.115388,0.132681,0.093125,0.116487,0.164263,400,0
0.35,0.7,1,2000,0.0753313,0.204375,0.103663,0.12585,0.125244,0.0779688,0.104987,0.182581,400,0
0.35,0.7,1,3000,0.0839063,0.177813,0.111956,0.123819,0.177269,0.0479313,0.112075,0.165231,400,0
0.35,0.7,1,5000,0.0804437,0.199075,0.09995,0.120019,0.170619,0.0626375,0.107275,0.159981,400,0
0.35,0.7,1,7000,0.0791125,0.191131,0.130387,0.117481,0.132944,0.0636562,0.123244,0.162044,400,0
0.35,0.7,1,10000,0.0963875,0.188994,0.101462,0.100237,0.221537,0.0181125,0.136281,0.136988,400,0
0.35,0.7,1,25000,0.103531,0.2086,0.1221,0.0648813,0.196169,0,0.171375,0.133344,400,0
0.35,0.7,1,50000,0.094525,0.19285,0.116144,0.0583,0.255581,0,0.153138,0.129463,400,0
0.35,0.7,1,100000,0.113306,0.202794,0.126969,0.0667625,0.227319,0,0.149931,0.112919,400,0
0.35,0.7,1,160000,0.10025,0.203175,0.125612,0.0624688,0.223931,0,0.150325,0.134238,400,0
0.35,0.7,1,0,0.124338,0.1254,0.125587,0.125362,0.125119,0.123838,0.125438,0.124919,400,0
0.35,0.7,1,1000,0.092525,0.200625,0.0958563,0.131862,0.13895,0.0672688,0.109213,0.1637,400,0
0.35,0.7,1,2000,0.0817563,0.204844,0.0988375,0.10755,0.154087,0.0540438,0.10225,0.196631,400,0
0.35,0.7,1,3000,0.0930813,0.206356,0.100669,0.127294,0.134875,0.0551562,0.136619,0.14595,400,0
0.35,0.7,1,5000,0.0756312,0.231431,0.117625,0.0934563,0.162719,0.0575375,0.114269,0.147331,400,0
0.35,0.7,1,7000,0.0625125,0.225637,0.0786375,0.134344,0.104538,0.103094,0.103019,0.188219,400,0
0.35,0.7,1,10000,0.0718437,0.214638,0.0982813,0.134969,0.152144,0.0683437,0.108581,0.1512,400,0
0.35,0.7,1,25000,0.0899313,0.232756,0.105475,0.0637125,0.229,0,0.163694,0.115431,400,0
0.35,0.7,1,50000,0.109681,0.188806,0.128681,0.0622062,0.217238,0,0.172687,0.1207,400,0
0.35,0.7,1,100000,0.104556,0.180356,0.145919,0.0673437,0.219894,0,0.128587,0.153344,400,0
0.35,0.7,1,160000,0.137712,0.186037,0.136625,0.0623688,0.2166,0,0.160525,0.100131,400,0
0.35,0.75,1,0,0.123644,0.125837,0.126456,0.125075,0.124969,0.125456,0.124281,0.124281,400,0
0.35,0.75,1,1000,0.071375,0.197912,0.0925187,0.126981,0.137187,0.0973813,0.100506,0.176138,400,0
0.35,0.75,1,2000,0.06725,0.214406,0.0817313,0.114212,0.150019,0.0684562,0.112825,0.1911,400,0
0.35,0.75,1,3000,0.0654625,0.232944,0.092175,0.113231,0.13565,0.0705563,0.122919,0.167063,400,0
0.35,0.75,1,5000,0.078275,0.245463,0.102019,0.122456,0.161806,0.0434438,0.107969,0.138569,400,0
0.35,0.75,1,7000,0.102381,0.200744,0.1404,0.0800813,0.174138,0.0198313,0.124144,0.158281,400,0
0.35,0.75,1,10000,0.092175,0.200538,0.130738,0.0580937,0.225031,0.00174375,0.140556,0.151125,400,0
0.35,0.75,1,25000,0.093525,0.215562,0.124219,0.0659688,0.221881,0,0.149225,0.129619,400,0
0.35,0.75,1,50000,0.116969,0.188256,0.128156,0.0807625,0.231506,0,0.130725,0.123625,400,0
0.35,0.75,1,100000,0.0845875,0.215113,0.114194,0.068925,0.214544,0,0.147237,0.1554,400,0
0.35,0.75,1,160000,0.0911,0.231525,0.121256,0.070975,0.236919,0,0.134075,0.11415,400,0
0.35,0.75,1,0,0.123956,0.125081,0.126575,0.123175,0.125281,0.1251,0.125681,0.12515,400,0
0.35,0.75,1,1000,0.0651375,0.202137,0.0926375,0.137981,0.133056,0.087275,0.113175,0.1686,400,0
0.35,0.75,1,2000,0.0668813,0.2367,0.0749313,0.09645,0.132694,0.0817188,0.119225,0.1914,400,0
0.35,0.75,1,3000,0.064275,0.241731,0.08795,0.0992062,0.156638,0.0701313,0.126875,0.153194,400,0
0.35,0.75,1,5000,0.0923313,0.214844,0.135125,0.0951687,0.145113,0.0508687,0.129681,0.136869,400,0
0.35,0.75,1,7000,0.108994,0.182431,0.143975,0.0867,0.2036,0.007075,0.135356,0.131869,400,0
0.35,0.75,1,10000,0.0977563,0.1986,0.113638,0.075525,0.250175,0,0.141181,0.123125,400,0
0.35,0.75,1,25000,0.103825,0.208594,0.121269,0.0753875,0.245981,0,0.134606,0.110338,400,0
0.35,0.75,1,50000,0.101769,0.226006,0.110506,0.0710063,0.220181,0,0.154431,0.1161,400,0
0.35,0.75,1,100000,0.098,0.188787,0.128394,0.0760062,0.236487,0,0.148319,0.124006,400,0
0.35,0.75,1,160000,0.108213,0.217638,0.116013,0.0556063,0.222719,0,0.158244,0.121569,400,0
0.35,0.8,1,0,0.1251,0.124563,0.124594,0.125144,0.124531,0.126044,0.125719,0.124306,400,0
0.35,0.8,1,1000,0.080725,0.213744,0.10055,0.114594,0.157981,0.0701125,0.111219,0.151075,400,0
0.35,0.8,1,2000,0.0552875,0.238344,0.0762937,0.139119,0.165862,0.0694312,0.10555,0.150113,400,0
0.35,0.8,1,3000,0.0793688,0.230437,0.0868625,0.116681,0.163656,0.0534625,0.109831,0.1597,400,0
0.35,0.8,1,5000,0.0905,0.232637,0.109081,0.10035,0.163694,0.0418938,0.09965,0.162194,400,0
0.35,0.8,1,7000,0.085925,0.256494,0.0816875,0.112544,0.144925,0.03845,0.138119,0.141856,400,0
0.35,0.8,1,10000,0.067325,0.227713,0.0785,0.120144,0.182256,0.06905,0.0943375,0.160675,400,0
0.35,0.8,1,25000,0.0736875,0.2176,0.107481,0.0794187,0.220138,0,0.182163,0.119512,400,0
0.35,0.8,1,50000,0.0813187,0.224337,0.126356,0.0677187,0.2031,0,0.142625,0.154544,400,0
0.35,0.8,1,100000,0.106394,0.205944,0.134006,0.0793625,0.204594,0,0.142838,0.126862,400,0
0.35,0.8,1,160000,0.106237,0.196656,0.129287,0.0735688,0.2335,0,0.133794,0.126956,400,0
0.35,0.8,1,0,0.124431,0.125262,0.125012,0.125762,0.124756,0.125463,0.125981,0.123331,400,0
0.35,0.8,1,1000,0.06865,0.229162,0.103156,0.127631,0.1125,0.0759875,0.105563,0.17735,400,0
0.35,0.8,1,2000,0.0670875,0.222013,0.091675,0.108906,0.1611,0.097575,0.0835125,0.168131,400,0
0.35,0.8,1,3000,0.0616125,0.250725,0.0625813,0.160425,0.124619,0.0847125,0.07175,0.183575,400,0
0.35,0.8,1,5000,0.05535,0.223219,0.0926375,0.127569,0.155919,0.0711563,0.108206,0.165944,400,0
0.35,0.8,1,7000,0.0681688,0.227006,0.072275,0.135375,0.147081,0.0854188,0.0916063,0.173069,400,0
0.35,0.8,1,10000,0.0433062,0.284325,0.0592813,0.156275,0.073025,0.121737,0.0664437,0.195606,400,0
0.35,0.8,1,25000,0,0.250556,0,0.254444,0,0.261813,0,0.233187,400,0
0.35,0.8,1,50000,0,0.249981,0,0.244569,0,0.242944,0,0.262506,400,0
0.35,0.8,1,100000,0,0.253681,0,0.250812,0,0.2531,0,0.242406,400,0
0.35,0.8,1,160000,0,0.243706,0,0.251962,0,0.262219,0,0.242113,400,0
0.35,0.85,1,0,0.125938,0.125913,0.125819,0.125287,0.124363,0.123925,0.124338,0.124419,400,0
0.35,0.85,1,1000,0.0254125,0.262331,0.044625,0.190975,0.0502187,0.170962,0.0368812,0.218594,400,0
0.35,0.85,1,2000,0.0125625,0.261056,0.0204438,0.222988,0.0185937,0.219275,0.0128188,0.232263,400,0
0.35,0.85,1,3000,0.00076875,0.249619,0,0.26175,0.00019375,0.242138,0.0010125,0.244519,400,0
0.35,0.85,1,5000,0,0.240531,0,0.240694,0,0.266606,0,0.252169,400,0
0.35,0.85,1,7000,0,0.249606,0,0.2399,0,0.256906,0,0.253588,400,0
0.35,0.85,1,10000,0,0.24805,0,0.232794,0,0.256581,0,0.262575,400,0
0.35,0.85,1,25000,0,0.248325,0,0.238806,0,0.25285,0,0.260019,400,0
0.35,0.85,1,50000,0,0.245925,0,0.246087,0,0.261731,0,0.246256,400,0
0.35,0.85,1,100000,0,0.258256,0,0.254319,0,0.242962,0,0.244462,400,0
0.35,0.85,1,160000,0,0.259531,0,0.257387,0,0.237594,0,0.245487,400,0
0.35,0.85,1,0,0.124369,0.126244,0.126356,0.122469,0.125537,0.125494,0.124819,0.124713,400,0
0.35,0.85,1,1000,0.0319875,0.269806,0.0395937,0.206912,0.04005,0.147169,0.0553187,0.209163,400,0
0.35,0.85,1,2000,0,0.244794,0.00011875,0.256531,0.00120625,0.247106,0.0030125,0.247231,400,0
0.35,0.85,1,3000,0,0.254594,0,0.238025,0,0.245175,0,0.262206,400,0
0.35,0.85,1,5000,0,0.255487,0,0.252869,0,0.247131,0,0.244512,400,0
0.35,0.85,1,7000,0,0.260912,0,0.260631,0,0.229219,0,0.249238,400,0
0.35,0.85,1,10000,0,0.259081,0,0.250356,0,0.246294,0,0.244269,400,0
0.35,0.85,1,25000,0,0.2441,0,0.257512,0,0.242863,0,0.255525,400,0
0.35,0.85,1,50000,0,0.259813,0,0.233725,0,0.244762,0,0.2617,400,0
0.35,0.85,1,100000,0,0.235531,0,0.255394,0,0.243625,0,0.26545,400,0
0.35,0.85,1,160000,0,0.253181,0,0.242375,0,0.248113,0,0.256331,400,0
0.35,0.9,1,0,0.123956,0.125769,0.123619,0.125906,0.124175,0.12625,0.125719,0.124606,400,0
0.35,0.9,1,1000,0.0322625,0.237056,0.0621688,0.153281,0.109294,0.119012,0.0790312,0.207894,400,0
0.35,0.9,1,2000,0.0194313,0.227544,0.0425312,0.199612,0.0616688,0.176669,0.05785,0.214694,400,0
0.35,0.9,1,3000,0.0113,0.260056,0.0186438,0.21165,0.032375,0.193538,0.0277125,0.244725,400,0
0.35,0.9,1,5000,0.00915,0.252769,0.0109062,0.236675,0.0209125,0.218988,0.0129187,0.237681,400,0
0.35,0.9,1,7000,0,0.267206,0,0.253113,0,0.237319,0,0.242363,400,0
0.35,0.9,1,10000,0,0.255675,0,0.241569,0,0.257594,0,0.245163,400,0
0.35,0.9,1,25000,0,0.23985,0,0.2409,0,0.25795,0,0.2613,400,0
0.35,0.9,1,50000,0,0.250169,0,0.241138,0,0.24175,0,0.266944,400,0
0.35,0.9,1,100000,0,0.264431,0,0.2507,0,0.241863,0,0.243006,400,0
0.35,0.9,1,160000,0,0.258344,0,0.252769,0,0.241944,0,0.246944,400,0
0.35,0.9,1,0,0.12245,0.125312,0.1249,0.126981,0.125512,0.125037,0.126006,0.1238,400,0
0.35,0.9,1,1000,0.0259,0.286094,0.0318,0.168281,0.0654875,0.151981,0.0418375,0.228619,400,0
0.35,0.9,1,2000,0.0118375,0.241619,0.0140187,0.233063,0.0298625,0.199294,0.014875,0.255431,400,0
0.35,0.9,1,3000,0.00434375,0.274369,0.0026125,0.233662,0.0034375,0.230081,0.0114875,0.240006,400,0
0.35,0.9,1,5000,0,0.258869,0,0.24645,0,0.256169,0,0.238512,400,0
0.35,0.9,1,7000,0,0.2494,0,0.252606,0,0.235437,0,0.262556,400,0
0.35,0.9,1,10000,0,0.245894,0,0.234288,0,0.2527,0,0.267119,400,0
0.35,0.9,1,25000,0,0.249456,0,0.257356,0,0.259256,0,0.233931,400,0
0.35,0.9,1,50000,0,0.255769,0,0.248531,0,0.239706,0,0.255994,400,0
0.35,0.9,1,100000,0,0.255462,0,0.261894,0,0.248144,0,0.2345,400,0
0.35,0.9,1,160000,0,0.252825,0,0.253081,0,0.254763,0,0.239331,400,0
0.35,0.95,1,0,0.124331,0.125875,0.125037,0.12575,0.12415,0.124669,0.125756,0.124431,400,0
0.35,0.95,1,1000,0.046375,0.262275,0.0551,0.145094,0.118075,0.0975312,0.0855063,0.190044,400,0
0.35,0.95,1,2000,0.0472438,0.275381,0.054675,0.142512,0.0774938,0.112162,0.0822688,0.208262,400,0
0.35,0.95,1,3000,0.0441875,0.246631,0.0445562,0.192288,0.0982187,0.124944,0.05655,0.192625,400,0
0.35,0.95,1,5000,0.0100938,0.266456,0.00848125,0.228519,0.01355,0.235912,0.0137438,0.223244,400,0
0.35,0.95,1,7000,0,0.246656,0,0.259206,0,0.239219,0,0.254919,400,0
0.35,0.95,1,10000,0,0.247325,0,0.24765,0,0.249875,0,0.25515,400,0
0.35,0.95,1,25000,0,0.257462,0,0.261375,0,0.249537,0,0.231625,400,0
0.35,0.95,1,50000,0,0.249862,0,0.249581,0,0.250094,0,0.250462,400,0
0.35,0.95,1,100000,0,0.259656,0,0.238519,0,0.258537,0,0.243287,400,0
0.35,0.95,1,160000,0,0.24815,0,0.257331,0,0.247781,0,0.246737,400,0
0.35,0.95,1,0,0.125844,0.12465,0.125544,0.125181,0.124456,0.1248,0.124144,0.125381,400,0
0.35,0.95,1,1000,0.0383312,0.2596,0.0452813,0.155175,0.0848875,0.124319,0.0863813,0.206025,400,0
0.35,0.95,1,2000,0.0151188,0.2612,0.0288875,0.20715,0.0473437,0.176419,0.0387313,0.22515,400,0
0.35,0.95,1,3000,0.00688125,0.243006,0.0142313,0.211975,0.0376375,0.221856,0.01815,0.246262,400,0
0.35,0.95,1,5000,0.00219375,0.267925,0.004575,0.235056,0.0032875,0.239425,0.00343125,0.244106,400,0
0.35,0.95,1,7000,0,0.280156,0,0.255794,0,0.240581,0,0.223469,400,0
0.35,0.95,1,10000,0,0.245906,0,0.262706,0,0.243312,0,0.248075,400,0
0.35,0.95,1,25000,0,0.253912,0,0.242419,0,0.25315,0,0.250519,400,0
0.35,0.95,1,50000,0,0.238987,0,0.242281,0,0.249119,0,0.269612,400,0
0.35,0.95,1,100000,0,0.248394,0,0.26415,0,0.24965,0,0.237806,400,0
0.35,0.95,1,160000,0,0.253469,0,0.247325,0,0.240663,0,0.258544,400,0
0.35,1,1,0,0.125031,0.123912,0.124769,0.125231,0.126275,0.125469,0.124988,0.124325,400,0
0.35,1,1,1000,0.032975,0.250406,0.0387813,0.155,0.0984813,0.150056,0.068275,0.206025,400,0
0.35,1,1,2000,0.0380125,0.25975,0.0393688,0.198544,0.0600938,0.155444,0.0422688,0.206519,400,0
0.35,1,1,3000,0.0278625,0.253,0.022575,0.229881,0.03205,0.178581,0.0344687,0.221581,400,0
0.35,1,1,5000,0,0.226719,0,0.236831,0,0.269456,0,0.266994,400,0
0.35,1,1,7000,0,0.246938,0,0.262569,0,0.241556,0,0.248938,400,0
0.35,1,1,10000,0,0.243569,0,0.25175,0,0.258719,0,0.245963,400,0
0.35,1,1,25000,0,0.234162,0,0.244381,0,0.255756,0,0.2657,400,0
0.35,1,1,50000,0,0.254437,0,0.252188,0,0.25135,0,0.242025,400,0
0.35,1,1,100000,0,0.265838,0,0.246931,0,0.230269,0,0.256962,400,0
0.35,1,1,160000,0,0.250144,0,0.258238,0,0.25495,0,0.236669,400,0
0.35,1,1,0,0.126825,0.123694,0.1256,0.1259,0.124319,0.124313,0.124438,0.124912,400,0
0.35,1,1,1000,0.024575,0.243962,0.0350188,0.230375,0.0609688,0.166056,0.0393688,0.199675,400,0
0.35,1,1,2000,0.00654375,0.263994,0.0080375,0.220675,0.0149938,0.224438,0.0187375,0.242581,400,0
0.35,1,1,3000,0,0.258313,0,0.233569,0,0.252669,1.875e-05,0.255431,400,0
0.35,1,1,5000,0,0.246837,0,0.259725,0,0.255769,0,0.237669,400,0
0.35,1,1,7000,0,0.250206,0,0.24845,0,0.249087,0,0.252256,400,0
0.35,1,1,10000,0,0.262975,0,0.240056,0,0.242,0,0.254969,400,0
0.35,1,1,25000,0,0.236563,0,0.257869,0,0.255756,0,0.249812,400,0
0.35,1,1,50000,0,0.238437,0,0.263969,0,0.260394,0,0.2372,400,0
0.35,1,1,100000,0,0.248456,0,0.248825,0,0.249938,0,0.252781,400,0
0.35,1,1,160000,0,0.2365,0,0.240088,0,0.257912,0,0.2655,400,0
0.4,0,1,0,0.125681,0.125244,0.124894,0.125169,0.123481,0.123681,0.125562,0.126287,400,0
0.4,0,1,1000,0.0925938,0.154925,0.0902687,0.146388,0.108169,0.157325,0.0994625,0.150869,400,0
0.4,0,1,2000,0.0500063,0.168894,0.0613375,0.191769,0.0677062,0.195856,0.0839938,0.180438,400,0
0.4,0,1,3000,0.0446563,0.202569,0.0476125,0.200044,0.0489875,0.209444,0.0502437,0.196444,400,0
0.4,0,1,5000,0,0.243438,0,0.256431,0,0.249869,0,0.250262,400,0
0.4,0,1,7000,0,0.256269,0,0.227488,0,0.251831,0,0.264412,400,0
0.4,0,1,10000,0,0.248444,0,0.274,0,0.243237,0,0.234319,400,0
0.4,0,1,25000,0,0.253575,0,0.255063,0,0.242756,0,0.248606,400,0
0.4,0,1,50000,0,0.249344,0,0.250063,0,0.249425,0,0.251169,400,0
0.4,0,1,100000,0,0.252787,0,0.253169,0,0.236487,0,0.257556,400,0
0.4,0,1,160000,0,0.252887,0,0.249094,0,0.259856,0,0.238162,400,0
0.4,0,1,0,0.124256,0.124581,0.124563,0.125981,0.12615,0.1264,0.125012,0.123056,400,0
0.4,0,1,1000,0.126413,0.104594,0.138356,0.103119,0.14715,0.11005,0.137975,0.132344,400,0
0.4,0,1,2000,0.165325,0.0828625,0.172319,0.0780437,0.169906,0.077225,0.186256,0.0680625,400,0
0.4,0,1,3000,0.190463,0.0662375,0.188625,0.0546937,0.196475,0.0610625,0.19105,0.0513938,400,0
0.4,0,1,5000,0.181294,0.0696625,0.190156,0.067475,0.171681,0.0673875,0.187388,0.0649562,400,0
0.4,0,1,7000,0.182044,0.07125,0.182012,0.0786687,0.160794,0.072325,0.170137,0.0827688,400,0
0.4,0,1,10000,0.16135,0.0734875,0.169244,0.075375,0.173694,0.0905375,0.176425,0.0798875,400,0
0.4,0,1,25000,0.21535,0.0379937,0.199425,0.0336813,0.2219,0.0271625,0.23595,0.0285375,400,0
0.4,0,1,50000,0.248512,0,0.24075,0,0.242169,0,0.268569,0,400,0
0.4,0,1,100000,0.263669,0,0.2441,0,0.244625,0,0.247606,0,400,0
0.4,0,1,160000,0.258744,0,0.247825,0,0.248113,0,0.245319,0,400,0
0.4,0.05,1,0,0.1237,0.125481,0.12655,0.125619,0.125581,0.123119,0.125831,0.124119,400,0
0.4,0.05,1,1000,0.0586062,0.198981,0.069225,0.204675,0.061725,0.180675,0.0702813,0.155831,400,0
0.4,0.05,1,2000,0.00744375,0.253663,0.0069375,0.256887,0.0032,0.223612,0.004425,0.243831,400,0
0.4,0.05,1,3000,0,0.253837,0,0.248856,0.00014375,0.244781,0,0.252381,400,0
0.4,0.05,1,5000,0,0.253644,0,0.244844,0,0.233763,0,0.26775,400,0
0.4,0.05,1,7000,0,0.234263,0,0.2533,0,0.253787,0,0.25865,400,0
0.4,0.05,1,10000,0,0.25175,0,0.253387,0,0.263537,0,0.231325,400,0
0.4,0.05,1,25000,0,0.239138,0,0.251387,0,0.26115,0,0.248325,400,0
0.4,0.05,1,50000,0,0.25345,0,0.25275,0,0.245037,0,0.248762,400,0
0.4,0.05,1,100000,0,0.247113,0,0.252506,0,0.2674,0,0.232981,400,0
0.4,0.05,1,160000,0,0.2453,0,0.240869,0,0.243675,0,0.270156,400,0
0.4,0.05,1,0,0.12545,0.124887,0.125419,0.124625,0.12505,0.125931,0.123869,0.124769,400,0
0.4,0.05,1,1000,0.0762188,0.193181,0.0881,0.139019,0.0820687,0.186312,0.073175,0.161925,400,0
0.4,0.05,1,2000,0.0181063,0.242006,0.0204375,0.240619,0.0181562,0.213994,0.0219,0.224781,400,0
0.4,0.05,1,3000,0,0.231519,0.0004375,0.27155,0.0011625,0.249344,1.25e-05,0.245975,400,0
0.4,0.05,1,5000,0,0.254812,0,0.260487,0,0.2447,0,0.24,400,0
0.4,0.05,1,7000,0,0.253281,0,0.2549,0,0.242969,0,0.24885,400,0
0.4,0.05,1,10000,0,0.260037,0,0.251088,0,0.25005,0,0.238825,400,0
0.4,0.05,1,25000,0,0.253588,0,0.236625,0,0.258394,0,0.251394,400,0
0.4,0.05,1,50000,0,0.248,0,0.247762,0,0.2443,0,0.259937,400,0
0.4,0.05,1,100000,0,0.252825,0,0.232563,0,0.254444,0,0.260169,400,0
0.4,0.05,1,160000,0,0.240806,0,0.256331,0,0.251881,0,0.250981,400,0
0.4,0.1,1,0,0.125156,0.12425,0.123713,0.126369,0.123956,0.125894,0.12595,0.124713,400,0
0.4,0.1,1,1000,0.0524688,0.198631,0.0431187,0.183006,0.0600375,0.189675,0.0642125,0.20885,400,0
0.4,0.1,1,2000,0.0019625,0.262356,0.000975,0.264387,0.004375,0.230437,0.00503125,0.230475,400,0
0.4,0.1,1,3000,0,0.242775,0,0.241294,0,0.256044,0,0.259887,400,0
0.4,0.1,1,5000,0,0.251262,0,0.258437,0,0.246113,0,0.244188,400,0
0.4,0.1,1,7000,0,0.245244,0,0.243019,0,0.247519,0,0.264219,400,0
0.4,0.1,1,10000,0,0.249362,0,0.251912,0,0.247375,0,0.25135,400,0
0.4,0.1,1,25000,0,0.228538,0,0.259475,0,0.260425,0,0.251563,400,0
0.4,0.1,1,50000,0,0.256481,0,0.235613,0,0.255575,0,0.252331,400,0
0.4,0.1,1,100000,0,0.253263,0,0.243444,0,0.267225,0,0.236069,400,0
0.4,0.1,1,160000,0,0.253881,0,0.2517,0,0.249025,0,0.245394,400,0
0.4,0.1,1,0,0.12515,0.124063,0.125144,0.126031,0.125431,0.124131,0.1252,0.12485,400,0
0.4,0.1,1,1000,0.0712437,0.189575,0.0574187,0.180806,0.0606812,0.172856,0.0776812,0.189738,400,0
0.4,0.1,1,2000,0.00365,0.272256,0.0031,0.230019,0.00835625,0.242756,0.0040125,0.23585,400,0
0.4,0.1,1,3000,0,0.257325,0,0.253244,0,0.252563,0,0.236869,400,0
0.4,0.1,1,5000,0,0.256419,0,0.241775,0,0.251538,0,0.250269,400,0
0.4,0.1,1,7000,0,0.235619,0,0.260044,0,0.249587,0,0.25475,400,0
0.4,0.1,1,10000,0,0.249238,0,0.242856,0,0.263744,0,0.244163,400,0
0.4,0.1,1,25000,0,0.261906,0,0.246369,0,0.244825,0,0.2469,400,0
0.4,0.1,1,50000,0,0.2642,0,0.250125,0,0.231181,0,0.254494,400,0
0.4,0.1,1,100000,0,0.218994,0,0.265512,0,0.260681,0,0.254812,400,0
0.4,0.1,1,160000,0,0.236075,0,0.261644,0,0.244125,0,0.258156,400,0
0.4,0.15,1,0,0.125512,0.123438,0.125062,0.1249,0.12555,0.12415,0.124806,0.126581,400,0
0.4,0.15,1,1000,0.0182437,0.204675,0.0266813,0.223575,0.0340063,0.219738,0.0157688,0.257312,400,0
0.4,0.15,1,2000,0,0.248869,0,0.241575,0,0.253231,0,0.256325,400,0
0.4,0.15,1,3000,0,0.237944,0,0.238256,0,0.255169,0,0.268631,400,0
0.4,0.15,1,5000,0,0.259269,0,0.242519,0,0.24815,0,0.250063,400,0
0.4,0.15,1,7000,0,0.249869,0,0.239638,0,0.260775,0,0.249719,400,0
0.4,0.15,1,10000,0,0.233662,0,0.247306,0,0.263269,0,0.255763,400,0
0.4,0.15,1,25000,0,0.257887,0,0.260619,0,0.2436,0,0.237894,400,0
0.4,0.15,1,50000,0,0.258056,0,0.237031,0,0.251063,0,0.25385,400,0
0.4,0.15,1,100000,0,0.248481,0,0.2398,0,0.261081,0,0.250638,400,0
0.4,0.15,1,160000,0,0.246537,0,0.250762,0,0.256113,0,0.246587,400,0
0.4,0.15,1,0,0.124569,0.125456,0.124019,0.127375,0.123956,0.124925,0.1253,0.1244,400,0
0.4,0.15,1,1000,0.0310875,0.194319,0.0326437,0.215837,0.0333375,0.2424,0.03145,0.218925,400,0
0.4,0.15,1,2000,0,0.229169,0,0.247075,0,0.264738,0,0.259019,400,0
0.4,0.15,1,3000,0,0.252075,0,0.231156,0,0.256088,0,0.260681,400,0
0.4,0.15,1,5000,0,0.237212,0,0.258581,0,0.255631,0,0.248575,400,0
0.4,0.15,1,7000,0,0.253425,0,0.271363,0,0.228063,0,0.24715,400,0
0.4,0.15,1,10000,0,0.263956,0,0.237331,0,0.24995,0,0.248762,400,0
0.4,0.15,1,25000,0,0.251538,0,0.245494,0,0.2548,0,0.248169,400,0
0.4,0.15,1,50000,0,0.252919,0,0.25175,0,0.250638,0,0.244694,400,0
0.4,0.15,1,100000,0,0.252494,0,0.255006,0,0.245094,0,0.247406,400,0
0.4,0.15,1,160000,0,0.243744,0,0.250681,0,0.2481,0,0.257475,400,0
0.4,0.2,1,0,0.12565,0.125269,0.124119,0.1248,0.125888,0.12435,0.125206,0.124719,400,0
0.4,0.2,1,1000,0.03915,0.204675,0.0310188,0.192862,0.046025,0.234419,0.0486437,0.203206,400,0
0.4,0.2,1,2000,0,0.252312,0,0.262381,0,0.241081,0,0.244225,400,0
0.4,0.2,1,3000,0,0.245444,0,0.274506,0,0.235744,0,0.244306,400,0
0.4,0.2,1,5000,0,0.237038,0,0.257269,0,0.260337,0,0.245356,400,0
0.4,0.2,1,7000,0,0.2423,0,0.246356,0,0.254281,0,0.257063,400,0
0.4,0.2,1,10000,0,0.254731,0,0.258462,0,0.253644,0,0.233162,400,0
0.4,0.2,1,25000,0,0.24475,0,0.239138,0,0.260306,0,0.255806,400,0
0.4,0.2,1,50000,0,0.24775,0,0.245463,0,0.264406,0,0.242381,400,0
0.4,0.2,1,100000,0,0.251756,0,0.264225,0,0.252563,0,0.231456,400,0
0.4,0.2,1,160000,0,0.242406,0,0.236444,0,0.247931,0,0.273219,400,0
0.4,0.2,1,0,0.12715,0.124594,0.124188,0.125475,0.124956,0.124744,0.124731,0.124162,400,0
0.4,0.2,1,1000,0.0269938,0.2219,0.0287875,0.214756,0.0425375,0.211219,0.0359187,0.217888,400,0
0.4,0.2,1,2000,0,0.257256,0,0.24955,0,0.251919,0,0.241275,400,0
0.4,0.2,1,3000,0,0.2471,0,0.241619,0,0.269406,0,0.241875,400,0
0.4,0.2,1,5000,0,0.253706,0,0.268756,0,0.246625,0,0.230912,400,0
0.4,0.2,1,7000,0,0.251875,0,0.24725,0,0.246762,0,0.254113,400,0
0.4,0.2,1,10000,0,0.2588,0,0.2639,0,0.24655,0,0.23075,400,0
0.4,0.2,1,25000,0,0.251019,0,0.248725,0,0.2425,0,0.257756,400,0
0.4,0.2,1,50000,0,0.251369,0,0.259019,0,0.249181,0,0.240431,400,0
0.4,0.2,1,100000,0,0.247994,0,0.240638,0,0.2612,0,0.250169,400,0
0.4,0.2,1,160000,0,0.2418,0,0.25775,0,0.256894,0,0.243556,400,0
0.4,0.25,1,0,0.1272,0.125025,0.1246,0.125669,0.123531,0.123838,0.12565,0.124488,400,0
0.4,0.25,1,1000,0.051475,0.220131,0.0552938,0.171606,0.0654375,0.180481,0.061175,0.1944,400,0
0.4,0.25,1,2000,0.001075,0.239219,0.00626875,0.254831,0.005975,0.251588,0.00728125,0.233763,400,0
0.4,0.25,1,3000,0,0.241869,0,0.252706,0,0.261788,0,0.243638,400,0
0.4,0.25,1,5000,0,0.249325,0,0.263081,0,0.251013,0,0.236581,400,0
0.4,0.25,1,7000,0,0.252269,0,0.259919,0,0.245231,0,0.242581,400,0
0.4,0.25,1,10000,0,0.235788,0,0.260581,0,0.260856,0,0.242775,400,0
0.4,0.25,1,25000,0,0.2598,0,0.243775,0,0.230975,0,0.26545,400,0
0.4,0.25,1,50000,0,0.253362,0,0.239394,0,0.247938,0,0.259306,400,0
0.4,0.25,1,100000,0,0.266256,0,0.255962,0,0.237063,0,0.240719,400,0
0.4,0.25,1,160000,0,0.257738,0,0.233106,0,0.2317,0,0.277456,400,0
0.4,0.25,1,0,0.125431,0.125306,0.125069,0.124781,0.125688,0.123688,0.1251,0.124938,400,0
0.4,0.25,1,1000,0.0410437,0.220887,0.062775,0.168919,0.057,0.18085,0.0643,0.204225,400,0
0.4,0.25,1,2000,0.00633125,0.25325,0.00689375,0.227244,0.0102,0.233494,0.0056,0.256987,400,0
0.4,0.25,1,3000,0,0.261731,0,0.250906,0,0.244312,0,0.24305,400,0
0.4,0.25,1,5000,0,0.244306,0,0.250525,0,0.259875,0,0.245294,400,0
0.4,0.25,1,7000,0,0.262688,0,0.25185,0,0.234063,0,0.2514,400,0
0.4,0.25,1,10000,0,0.261756,0,0.237056,0,0.243863,0,0.257325,400,0
0.4,0.25,1,25000,0,0.26835,0,0.255075,0,0.24175,0,0.234825,400,0
0.4,0.25,1,50000,0,0.239712,0,0.255256,0,0.262919,0,0.242113,400,0
0.4,0.25,1,100000,0,0.246062,0,0.24475,0,0.242775,0,0.266412,400,0
0.4,0.25,1,160000,0,0.258294,0,0.241031,0,0.243806,0,0.256869,400,0
0.4,0.3,1,0,0.125269,0.124844,0.123869,0.125425,0.123662,0.1251,0.125787,0.126044,400,0
0.4,0.3,1,1000,0.0479438,0.20025,0.0606,0.184331,0.0743125,0.189387,0.048275,0.1949,400,0
0.4,0.3,1,2000,0.00725625,0.25835,0.00644375,0.216744,0.0102313,0.234288,0.0108188,0.255869,400,0
0.4,0.3,1,3000,0,0.23555,0,0.260138,0,0.249225,0,0.255088,400,0
0.4,0.3,1,5000,0,0.247213,0,0.256569,0,0.250994,0,0.245225,400,0
0.4,0.3,1,7000,0,0.286994,0,0.254287,0,0.224419,0,0.2343,400,0
0.4,0.3,1,10000,0,0.236638,0,0.237756,0,0.261981,0,0.263625,400,0
0.4,0.3,1,25000,0,0.258081,0,0.2316,0,0.258744,0,0.251575,400,0
0.4,0.3,1,50000,0,0.239856,0,0.250613,0,0.254956,0,0.254575,400,0
0.4,0.3,1,100000,0,0.240275,0,0.247219,0,0.273531,0,0.238975,400,0
0.4,0.3,1,160000,0,0.276875,0,0.240556,0,0.234731,0,0.247837,400,0
0.4,0.3,1,0,0.124969,0.124231,0.126144,0.1258,0.124813,0.126094,0.123656,0.124294,400,0
0.4,0.3,1,1000,0.0573063,0.21205,0.0805312,0.184919,0.072425,0.167325,0.0406562,0.184787,400,0
0.4,0.3,1,2000,0,0.26225,0.001,0.254169,0.000625,0.236444,0.00130625,0.244206,400,0
0.4,0.3,1,3000,0,0.254862,0,0.265331,0,0.249463,0,0.230344,400,0
0.4,0.3,1,5000,0,0.261512,0,0.236856,0,0.253669,0,0.247963,400,0
0.4,0.3,1,7000,0,0.240481,0,0.26185,0,0.26085,0,0.236819,400,0
0.4,0.3,1,10000,0,0.269906,0,0.236494,0,0.245344,0,0.248256,400,0
0.4,0.3,1,25000,0,0.257506,0,0.243894,0,0.2491,0,0.2495,400,0
0.4,0.3,1,50000,0,0.250312,0,0.252919,0,0.26235,0,0.234419,400,0
0.4,0.3,1,100000,0,0.263962,0,0.248819,0,0.230856,0,0.256362,400,0
0.4,0.3,1,160000,0,0.249775,0,0.252975,0,0.246256,0,0.250994,400,0
0.4,0.35,1,0,0.123969,0.124775,0.125913,0.124988,0.125812,0.124269,0.125812,0.124463,400,0
0.4,0.35,1,1000,0.0641375,0.256475,0.0611625,0.150325,0.0914688,0.114988,0.0953563,0.166087,400,0
0.4,0.35,1,2000,0.0078,0.236838,0.01155,0.242069,0.0112875,0.249294,0.00404375,0.237119,400,0
0.4,0.35,1,3000,0,0.249906,0,0.249781,0,0.247787,0,0.252525,400,0
0.4,0.35,1,5000,0,0.248094,0,0.25455,0,0.242113,0,0.255244,400,0
0.4,0.35,1,7000,0,0.259144,0,0.251188,0,0.2521,0,0.237569,400,0
0.4,0.35,1,10000,0,0.250125,0,0.227862,0,0.259919,0,0.262094,400,0
0.4,0.35,1,25000,0,0.267037,0,0.240856,0,0.243706,0,0.2484,400,0
0.4,0.35,1,50000,0,0.254494,0,0.251781,0,0.250331,0,0.243394,400,0
0.4,0.35,1,100000,0,0.264169,0,0.243619,0,0.245713,0,0.2465,400,0
0.4,0.35,1,160000,0,0.258581,0,0.250431,0,0.244512,0,0.246475,400,0
0.4,0.35,1,0,0.124338,0.123925,0.123375,0.126869,0.125938,0.124631,0.12495,0.125975,400,0
0.4,0.35,1,1000,0.0246812,0.240744,0.0112812,0.220556,0.031925,0.2266,0.0338375,0.210375,400,0
0.4,0.35,1,2000,0,0.237863,0,0.26285,0,0.25055,0,0.248738,400,0
0.4,0.35,1,3000,0,0.249337,0,0.246344,0,0.255713,0,0.248606,400,0
0.4,0.35,1,5000,0,0.255713,0,0.252038,0,0.241669,0,0.250581,400,0
0.4,0.35,1,7000,0,0.254319,0,0.253238,0,0.253681,0,0.238762,400,0
0.4,0.35,1,10000,0,0.252994,0,0.240625,0,0.2482,0,0.258181,400,0
0.4,0.35,1,25000,0,0.264688,0,0.242306,0,0.238425,0,0.254581,400,0
0.4,0.35,1,50000,0,0.251369,0,0.246337,0,0.248581,0,0.253713,400,0
0.4,0.35,1,100000,0,0.258306,0,0.250812,0,0.246188,0,0.244694,400,0
0.4,0.35,1,160000,0,0.241025,0,0.244756,0,0.24995,0,0.264269,400,0
0.4,0.4,1,0,0.124556,0.124813,0.124925,0.124925,0.125744,0.125394,0.125625,0.124019,400,0
0.4,0.4,1,1000,0.0180375,0.235919,0.0335375,0.204387,0.0417563,0.210187,0.0302938,0.225881,400,0
0.4,0.4,1,2000,0,0.244594,0,0.261606,0,0.240919,0,0.252881,400,0
0.4,0.4,1,3000,0,0.245737,0,0.244138,0,0.262356,0,0.247769,400,0
0.4,0.4,1,5000,0,0.254506,0,0.266869,0,0.234187,0,0.244438,400,0
0.4,0.4,1,7000,0,0.241787,0,0.249181,0,0.261206,0,0.247825,400,0
0.4,0.4,1,10000,0,0.260862,0,0.237344,0,0.247931,0,0.253862,400,0
0.4,0.4,1,25000,0,0.2286,0,0.256481,0,0.276525,0,0.238394,400,0
0.4,0.4,1,50000,0,0.261444,0,0.238581,0,0.246863,0,0.253113,400,0
0.4,0.4,1,100000,0,0.251231,0,0.257094,0,0.249031,0,0.242644,400,0
0.4,0.4,1,160000,0,0.246944,0,0.251925,0,0.246256,0,0.254875,400,0
0.4,0.4,1,0,0.125819,0.124387,0.125213,0.124637,0.124262,0.12635,0.124363,0.124969,400,0
0.4,0.4,1,1000,0.0417563,0.215688,0.060425,0.183756,0.0612313,0.160413,0.0525625,0.224169,400,0
0.4,0.4,1,2000,0.00815625,0.228137,0.00888125,0.2322,0.0077375,0.246188,0.00885625,0.259844,400,0
0.4,0.4,1,3000,0.00180625,0.232719,0.00494375,0.2544,0.00176875,0.247569,0.00471875,0.252075,400,0
0.4,0.4,1,5000,0,0.248938,0,0.240625,0,0.258406,0,0.252031,400,0
0.4,0.4,1,7000,0,0.254725,0,0.255012,0,0.242431,0,0.247831,400,0
0.4,0.4,1,10000,0,0.248087,0,0.257412,0,0.247425,0,0.247075,400,0
0.4,0.4,1,25000,0,0.231594,0,0.2653,0,0.245438,0,0.257669,400,0
0.4,0.4,1,50000,0,0.247363,0,0.247219,0,0.241031,0,0.264387,400,0
0.4,0.4,1,100000,0,0.251594,0,0.243831,0,0.241331,0,0.263244,400,0
0.4,0.4,1,160000,0,0.253725,0,0.250719,0,0.254306,0,0.24125,400,0
0.4,0.45,1,0,0.125537,0.124694,0.12715,0.125606,0.123725,0.125075,0.123294,0.124919,400,0
0.4,0.45,1,1000,0.0843875,0.193325,0.118087,0.112006,0.110025,0.094825,0.118,0.169344,400,0
0.4,0.45,1,2000,0.022725,0.231869,0.0417625,0.2008,0.055925,0.171006,0.0527437,0.223169,400,0
0.4,0.45,1,3000,0.00694375,0.247025,0.00555625,0.249256,0.00689375,0.227769,0.0100812,0.246475,400,0
0.4,0.45,1,5000,0,0.240719,0,0.255912,0,0.260625,0,0.242744,400,0
0.4,0.45,1,7000,0,0.237481,0,0.26385,0,0.247087,0,0.251581,400,0
0.4,0.45,1,10000,0,0.248819,0,0.25995,0,0.2559,0,0.235331,400,0
0.4,0.45,1,25000,0,0.243875,0,0.247269,0,0.257163,0,0.251694,400,0
0.4,0.45,1,50000,0,0.2571,0,0.255,0,0.240525,0,0.247375,400,0
0.4,0.45,1,100000,0,0.244606,0,0.251825,0,0.256431,0,0.247138,400,0
0.4,0.45,1,160000,0,0.2478,0,0.254619,0,0.248963,0,0.248619,400,0
0.4,0.45,1,0,0.124488,0.124688,0.124406,0.126081,0.127494,0.12425,0.123662,0.124931,400,0
0.4,0.45,1,1000,0.0446312,0.19255,0.0569125,0.186569,0.0699875,0.179613,0.0541937,0.215544,400,0
0.4,0.45,1,2000,0.00918125,0.219388,0.0102562,0.231263,0.0244313,0.246219,0.0144187,0.244844,400,0
0.4,0.45,1,3000,0,0.255106,0,0.237281,0,0.254156,0,0.253456,400,0
0.4,0.45,1,5000,0,0.25045,0,0.25835,0,0.256556,0,0.234644,400,0
0.4,0.45,1,7000,0,0.244031,0,0.267169,0,0.2484,0,0.2404,400,0
0.4,0.45,1,10000,0,0.253356,0,0.240012,0,0.254425,0,0.252206,400,0
0.4,0.45,1,25000,0,0.25185,0,0.243781,0,0.253862,0,0.250506,400,0
0.4,0.45,1,50000,0,0.257175,0,0.234719,0,0.252794,0,0.255312,400,0
0.4,0.45,1,100000,0,0.248906,0,0.251219,0,0.251606,0,0.248269,400,0
0.4,0.45,1,160000,0,0.258512,0,0.250869,0,0.245769,0,0.24485,400,0
0.4,0.5,1,0,0.125019,0.126225,0.126269,0.123194,0.124694,0.124256,0.12545,0.124894,400,0
0.4,0.5,1,1000,0.020275,0.229513,0.0388625,0.196862,0.0478625,0.206487,0.0407062,0.219431,400,0
0.4,0.5,1,2000,0,0.242144,0,0.248544,0,0.245794,0,0.263519,400,0
0.4,0.5,1,3000,0,0.256219,0,0.2453,0,0.243487,0,0.254994,400,0
0.4,0.5,1,5000,0,0.261163,0,0.248506,0,0.243544,0,0.246787,400,0
0.4,0.5,1,7000,0,0.26405,0,0.25775,0,0.243419,0,0.234781,400,0
0.4,0.5,1,10000,0,0.250331,0,0.232644,0,0.245125,0,0.2719,400,0
0.4,0.5,1,25000,0,0.250887,0,0.273587,0,0.22825,0,0.247275,400,0
0.4,0.5,1,50000,0,0.250337,0,0.251606,0,0.2489,0,0.249156,400,0
0.4,0.5,1,100000,0,0.2531,0,0.24975,0,0.243744,0,0.253406,400,0
0.4,0.5,1,160000,0,0.246388,0,0.263669,0,0.248875,0,0.241069,400,0
0.4,0.5,1,0,0.124956,0.125612,0.126375,0.124306,0.1238,0.125431,0.123906,0.125612,400,0
0.4,0.5,1,1000,0.00901875,0.243456,0.0180813,0.211487,0.0273438,0.236512,0.0164438,0.237656,400,0
0.4,0.5,1,2000,0,0.238256,0,0.235863,0,0.266225,0,0.259656,400,0
0.4,0.5,1,3000,0,0.2551,0,0.248575,0,0.248081,0,0.248244,400,0
0.4,0.5,1,5000,0,0.252538,0,0.232881,0,0.2485,0,0.266081,400,0
0.4,0.5,1,7000,0,0.254012,0,0.257575,0,0.23825,0,0.250163,400,0
0.4,0.5,1,10000,0,0.250138,0,0.247781,0,0.241313,0,0.260769,400,0
0.4,0.5,1,25000,0,0.245506,0,0.250144,0,0.254544,0,0.249806,400,0
0.4,0.5,1,50000,0,0.23555,0,0.236106,0,0.252812,0,0.275531,400,0
0.4,0.5,1,100000,0,0.244731,0,0.240106,0,0.2559,0,0.259263,400,0
0.4,0.5,1,160000,0,0.2374,0,0.258369,0,0.255362,0,0.248869,400,0
0.4,0.55,1,0,0.122394,0.124256,0.126244,0.125225,0.12595,0.124713,0.125862,0.125356,400,0
0.4,0.55,1,1000,0.0301625,0.237863,0.0491062,0.181731,0.0836125,0.158312,0.0823125,0.1769,400,0
0.4,0.55,1,2000,0.0073,0.249719,0.0112,0.23125,0.0161125,0.227087,0.0214625,0.235869,400,0
0.4,0.55,1,3000,0,0.254331,0,0.245062,0,0.258244,0,0.242363,400,0
0.4,0.55,1,5000,0,0.252369,0,0.245062,0,0.243025,0,0.259544,400,0
0.4,0.55,1,7000,0,0.261025,0,0.232987,0,0.248825,0,0.257163,400,0
0.4,0.55,1,10000,0,0.267163,0,0.2461,0,0.241525,0,0.245212,400,0
0.4,0.55,1,25000,0,0.241244,0,0.243331,0,0.265244,0,0.250181,400,0
0.4,0.55,1,50000,0,0.266962,0,0.252462,0,0.230506,0,0.250069,400,0
0.4,0.55,1,100000,0,0.254919,0,0.236925,0,0.246987,0,0.261169,400,0
0.4,0.55,1,160000,0,0.248519,0,0.251119,0,0.258406,0,0.241956,400,0
0.4,0.55,1,0,0.12405,0.125219,0.123944,0.124856,0.124356,0.125037,0.12545,0.127087,400,0
0.4,0.55,1,1000,0.0439563,0.266144,0.0418875,0.172781,0.0737437,0.1453,0.059,0.197187,400,0
0.4,0.55,1,2000,0.0039125,0.266037,0.0104063,0.228875,0.0123,0.223988,0.00840625,0.246075,400,0
0.4,0.55,1,3000,0,0.251569,0,0.255169,0,0.238813,0,0.25445,400,0
0.4,0.55,1,5000,0,0.243694,0,0.240906,0,0.252837,0,0.262562,400,0
0.4,0.55,1,7000,0,0.243838,0,0.232244,0,0.267838,0,0.256081,400,0
0.4,0.55,1,10000,0,0.233519,0,0.252381,0,0.270275,0,0.243825,400,0
0.4,0.55,1,25000,0,0.252238,0,0.244244,0,0.244981,0,0.258537,400,0
0.4,0.55,1,50000,0,0.252,0,0.261056,0,0.245413,0,0.241531,400,0
0.4,0.55,1,100000,0,0.241006,0,0.245806,0,0.243688,0,0.2695,400,0
0.4,0.55,1,160000,0,0.248888,0,0.250681,0,0.248819,0,0.251613,400,0
0.4,0.6,1,0,0.1241,0.124537,0.12485,0.125419,0.124838,0.126125,0.125556,0.124575,400,0
0.4,0.6,1,1000,0.037125,0.218106,0.0289063,0.203619,0.063675,0.195331,0.0500562,0.203181,400,0
0.4,0.6,1,2000,0.0135062,0.242519,0.0216,0.228875,0.0284,0.222425,0.0171875,0.225488,400,0
0.4,0.6,1,3000,0.0030625,0.236156,0.0002375,0.239462,0.00231875,0.256544,0.00340625,0.258813,400,0
0.4,0.6,1,5000,0,0.243237,0,0.259412,0,0.246581,0,0.250769,400,0
0.4,0.6,1,7000,0,0.249238,0,0.239425,0,0.244169,0,0.267169,400,0
0.4,0.6,1,10000,0,0.253375,0,0.237556,0,0.257837,0,0.251231,400,0
0.4,0.6,1,25000,0,0.255681,0,0.241706,0,0.253812,0,0.2488,400,0
0.4,0.6,1,50000,0,0.245212,0,0.260263,0,0.246881,0,0.247644,400,0
0.4,0.6,1,100000,0,0.24505,0,0.244613,0,0.260444,0,0.249894,400,0
0.4,0.6,1,160000,0,0.272331,0,0.252625,0,0.233175,0,0.241869,400,0
0.4,0.6,1,0,0.1234,0.1251,0.124988,0.12595,0.1247,0.125256,0.125287,0.125319,400,0
0.4,0.6,1,1000,0.0319625,0.215756,0.0523187,0.162331,0.0814938,0.165706,0.0415563,0.248875,400,0
0.4,0.6,1,2000,0,0.278162,0.00015625,0.255275,0.0021125,0.222637,0.001575,0.240081,400,0
0.4,0.6,1,3000,0,0.245638,0,0.259281,0,0.250569,0,0.244512,400,0
0.4,0.6,1,5000,0,0.2564,0,0.237725,0,0.256494,0,0.249381,400,0
0.4,0.6,1,7000,0,0.254044,0,0.257369,0,0.242188,0,0.2464,400,0
0.4,0.6,1,10000,0,0.250656,0,0.23825,0,0.255625,0,0.255469,400,0
0.4,0.6,1,25000,0,0.245156,0,0.2469,0,0.254231,0,0.253713,400,0
0.4,0.6,1,50000,0,0.251706,0,0.250375,0,0.241588,0,0.256331,400,0
0.4,0.6,1,100000,0,0.256437,0,0.251044,0,0.250394,0,0.242125,400,0
0.4,0.6,1,160000,0,0.245531,0,0.257975,0,0.2603,0,0.236194,400,0
0.4,0.65,1,0,0.125081,0.125294,0.125275,0.124131,0.126119,0.12375,0.126406,0.123944,400,0
0.4,0.65,1,1000,0.0203438,0.254675,0.0263625,0.21075,0.0409562,0.210494,0.0258938,0.210525,400,0
0.4,0.65,1,2000,0,0.2404,0,0.26955,0,0.244194,0,0.245856,400,0
0.4,0.65,1,3000,0,0.247312,0,0.248206,0,0.251937,0,0.252544,400,0
0.4,0.65,1,5000,0,0.258025,0,0.246688,0,0.226856,0,0.268431,400,0
0.4,0.65,1,7000,0,0.251294,0,0.244487,0,0.26645,0,0.237769,400,0
0.4,0.65,1,10000,0,0.240525,0,0.254219,0,0.250125,0,0.255131,400,0
0.4,0.65,1,25000,0,0.244,0,0.269931,0,0.260713,0,0.225356,400,0
0.4,0.65,1,50000,0,0.266969,0,0.248506,0,0.243544,0,0.240981,400,0
0.4,0.65,1,100000,0,0.246256,0,0.264844,0,0.250862,0,0.238038,400,0
0.4,0.65,1,160000,0,0.258181,0,0.266263,0,0.241925,0,0.233631,400,0
0.4,0.65,1,0,0.124356,0.124906,0.1252,0.123431,0.127269,0.124762,0.125056,0.125019,400,0
0.4,0.65,1,1000,0.0257187,0.2489,0.0231,0.202781,0.0538687,0.181975,0.0386437,0.225013,400,0
0.4,0.65,1,2000,0.00075,0.257275,4.375e-05,0.245281,0.0077125,0.243525,0.01025,0.235162,400,0
0.4,0.65,1,3000,0,0.255669,0,0.246319,0,0.241175,0,0.256837,400,0
0.4,0.65,1,5000,0,0.233006,0,0.269244,0,0.265494,0,0.232256,400,0
0.4,0.65,1,7000,0,0.243569,0,0.250481,0,0.266356,0,0.239594,400,0
0.4,0.65,1,10000,0,0.257238,0,0.252638,0,0.242987,0,0.247138,400,0
0.4,0.65,1,25000,0,0.254263,0,0.252819,0,0.2405,0,0.252419,400,0
0.4,0.65,1,50000,0,0.244575,0,0.240663,0,0.264225,0,0.250538,400,0
0.4,0.65,1,100000,0,0.250769,0,0.260656,0,0.243931,0,0.244644,400,0
0.4,0.65,1,160000,0,0.245088,0,0.263881,0,0.252063,0,0.238969,400,0
0.4,0.7,1,0,0.12485,0.123588,0.124419,0.125888,0.123219,0.125819,0.12655,0.125669,400,0
0.4,0.7,1,1000,0.05985,0.205556,0.073525,0.144737,0.124262,0.113256,0.0862437,0.192569,400,0
0.4,0.7,1,2000,0.029025,0.217938,0.0346062,0.200219,0.054175,0.199669,0.0253875,0.238981,400,0
0.4,0.7,1,3000,0,0.2779,8.75e-05,0.225231,0.0015375,0.250244,0.00243125,0.242569,400,0
0.4,0.7,1,5000,0,0.254525,0,0.275856,0,0.237475,0,0.232144,400,0
0.4,0.7,1,7000,0,0.243669,0,0.259969,0,0.255231,0,0.241131,400,0
0.4,0.7,1,10000,0,0.239131,0,0.257606,0,0.256263,0,0.247,400,0
0.4,0.7,1,25000,0,0.249731,0,0.247737,0,0.255219,0,0.247312,400,0
0.4,0.7,1,50000,0,0.248169,0,0.240581,0,0.271506,0,0.239744,400,0
0.4,0.7,1,100000,0,0.239231,0,0.248719,0,0.242888,0,0.269163,400,0
0.4,0.7,1,160000,0,0.23825,0,0.243044,0,0.265125,0,0.253581,400,0
0.4,0.7,1,0,0.124125,0.124669,0.12545,0.12545,0.125725,0.125413,0.12465,0.124519,400,0
0.4,0.7,1,1000,0.034525,0.264981,0.0474562,0.178794,0.0485812,0.155881,0.0372,0.232581,400,0
0.4,0.7,1,2000,0.0067875,0.243825,0.0055375,0.251437,0.0214375,0.22375,0.01065,0.236575,400,0
0.4,0.7,1,3000,0,0.259044,0,0.242431,0,0.251231,0,0.247294,400,0
0.4,0.7,1,5000,0,0.245244,0,0.246494,0,0.253225,0,0.255037,400,0
0.4,0.7,1,7000,0,0.250912,0,0.245787,0,0.255669,0,0.247631,400,0
0.4,0.7,1,10000,0,0.260019,0,0.238519,0,0.249919,0,0.251544,400,0
0.4,0.7,1,25000,0,0.260856,0,0.2435,0,0.254769,0,0.240875,400,0
0.4,0.7,1,50000,0,0.250175,0,0.243375,0,0.244719,0,0.261731,400,0
0.4,0.7,1,100000,0,0.242512,0,0.271744,0,0.254987,0,0.230756,400,0
0.4,0.7,1,160000,0,0.268944,0,0.25215,0,0.241694,0,0.237212,400,0
0.4,0.75,1,0,0.125631,0.125537,0.124856,0.124706,0.124738,0.125281,0.124825,0.124425,400,0
0.4,0.75,1,1000,0.0101187,0.272,0.0298188,0.190875,0.0700625,0.144762,0.0491938,0.233169,400,0
0.4,0.75,1,2000,0,0.249831,0,0.252962,0,0.243856,0,0.25335,400,0
0.4,0.75,1,3000,0,0.250206,0,0.2444,0,0.258406,0,0.246987,400,0
0.4,0.75,1,5000,0,0.242275,0,0.2266,0,0.263437,0,0.267688,400,0
0.4,0.75,1,7000,0,0.237631,0,0.248056,0,0.259144,0,0.255169,400,0
0.4,0.75,1,10000,0,0.252856,0,0.2381,0,0.261325,0,0.247719,400,0
0.4,0.75,1,25000,0,0.273925,0,0.258094,0,0.2263,0,0.241681,400,0
0.4,0.75,1,50000,0,0.25195,0,0.239063,0,0.257213,0,0.251775,400,0
0.4,0.75,1,100000,0,0.247531,0,0.256725,0,0.26115,0,0.234594,400,0
0.4,0.75,1,160000,0,0.258337,0,0.258688,0,0.260406,0,0.222569,400,0
0.4,0.75,1,0,0.1245,0.124544,0.126656,0.125163,0.124594,0.124963,0.125488,0.124094,400,0
0.4,0.75,1,1000,0.021875,0.230381,0.040625,0.202975,0.0514438,0.181287,0.0327438,0.238669,400,0
0.4,0.75,1,2000,0,0.268937,0,0.249819,0,0.235288,0,0.245956,400,0
0.4,0.75,1,3000,0,0.236613,0,0.255362,0,0.261225,0,0.2468,400,0
0.4,0.75,1,5000,0,0.242256,0,0.260475,0,0.256725,0,0.240544,400,0
0.4,0.75,1,7000,0,0.251675,0,0.246369,0,0.250563,0,0.251394,400,0
0.4,0.75,1,10000,0,0.253225,0,0.2401,0,0.248831,0,0.257844,400,0
0.4,0.75,1,25000,0,0.269875,0,0.238875,0,0.241537,0,0.249713,400,0
0.4,0.75,1,50000,0,0.258012,0,0.238044,0,0.253738,0,0.250206,400,0
0.4,0.75,1,100000,0,0.243262,0,0.2552,0,0.250588,0,0.25095,400,0
0.4,0.75,1,160000,0,0.2503,0,0.249575,0,0.25715,0,0.242975,400,0
0.4,0.8,1,0,0.12455,0.124619,0.124988,0.123813,0.125287,0.126281,0.124831,0.125631,400,0
0.4,0.8,1,1000,0.013025,0.280269,0.0142313,0.1908,0.0265312,0.2025,0.0401437,0.2325,400,0
0.4,0.8,1,2000,0.00023125,0.252575,0,0.246506,0,0.250775,0.00068125,0.249231,400,0
0.4,0.8,1,3000,0,0.257319,0,0.245881,0,0.247075,0,0.249725,400,0
0.4,0.8,1,5000,0,0.241956,0,0.257862,0,0.248931,0,0.25125,400,0
0.4,0.8,1,7000,0,0.23615,0,0.246713,0,0.260837,0,0.2563,400,0
0.4,0.8,1,10000,0,0.238731,0,0.266619,0,0.26145,0,0.2332,400,0
0.4,0.8,1,25000,0,0.253981,0,0.256037,0,0.248719,0,0.241262,400,0
0.4,0.8,1,50000,0,0.268631,0,0.230563,0,0.244888,0,0.255919,400,0
0.4,0.8,1,100000,0,0.240506,0,0.247756,0,0.256688,0,0.25505,400,0
0.4,0.8,1,160000,0,0.246537,0,0.252063,0,0.252819,0,0.248581,400,0
0.4,0.8,1,0,0.125556,0.126056,0.125837,0.124969,0.124375,0.124275,0.125481,0.12345,400,0
0.4,0.8,1,1000,0.0283875,0.232256,0.0364812,0.191194,0.0718938,0.169662,0.0429,0.227225,400,0
0.4,0.8,1,2000,0.0043,0.240781,0.006875,0.2489,0.0141688,0.217619,0.0145313,0.252825,400,0
0.4,0.8,1,3000,0,0.255919,0,0.2537,0,0.242769,0,0.247613,400,0
0.4,0.8,1,5000,0,0.255669,0,0.247456,0,0.250462,0,0.246413,400,0
0.4,0.8,1,7000,0,0.265138,0,0.251925,0,0.248625,0,0.234313,400,0
0.4,0.8,1,10000,0,0.258088,0,0.26485,0,0.246106,0,0.230956,400,0
0.4,0.8,1,25000,0,0.2419,0,0.257769,0,0.252412,0,0.247919,400,0
0.4,0.8,1,50000,0,0.258756,0,0.256856,0,0.237969,0,0.246419,400,0
0.4,0.8,1,100000,0,0.251706,0,0.2455,0,0.247987,0,0.254806,400,0
0.4,0.8,1,160000,0,0.250994,0,0.243081,0,0.260062,0,0.245863,400,0
0.4,0.85,1,0,0.125206,0.124588,0.1254,0.124637,0.124319,0.125194,0.125056,0.1256,400,0
0.4,0.85,1,1000,0.0333125,0.275506,0.0260063,0.18535,0.0827937,0.133781,0.0544625,0.208787,400,0
0.4,0.85,1,2000,0.00064375,0.247325,0.000975,0.243475,0.00075,0.250306,0,0.256525,400,0
0.4,0.85,1,3000,0,0.241088,0,0.243569,0,0.249806,0,0.265537,400,0
0.4,0.85,1,5000,0,0.251519,0,0.249612,0,0.252869,0,0.246,400,0
0.4,0.85,1,7000,0,0.251937,0,0.262437,0,0.240281,0,0.245344,400,0
0.4,0.85,1,10000,0,0.239163,0,0.269331,0,0.243406,0,0.2481,400,0
0.4,0.85,1,25000,0,0.24315,0,0.247587,0,0.249156,0,0.260106,400,0
0.4,0.85,1,50000,0,0.249463,0,0.253006,0,0.253163,0,0.244369,400,0
0.4,0.85,1,100000,0,0.238444,0,0.259169,0,0.251013,0,0.251375,400,0
0.4,0.85,1,160000,0,0.259231,0,0.261281,0,0.245975,0,0.233513,400,0
0.4,0.85,1,0,0.124231,0.123575,0.124563,0.124675,0.124556,0.125019,0.125769,0.127612,400,0
0.4,0.85,1,1000,0.0075,0.243225,0.01015,0.249537,0.015975,0.218519,0.0137125,0.241381,400,0
0.4,0.85,1,2000,0,0.234863,0,0.253306,0,0.263631,0,0.2482,400,0
0.4,0.85,1,3000,0,0.256788,0,0.252881,0,0.241338,0,0.248994,400,0
0.4,0.85,1,5000,0,0.255025,0,0.26455,0,0.226219,0,0.254206,400,0
0.4,0.85,1,7000,0,0.224256,0,0.256319,0,0.279737,0,0.239687,400,0
0.4,0.85,1,10000,0,0.255775,0,0.244588,0,0.254131,0,0.245506,400,0
0.4,0.85,1,25000,0,0.230444,0,0.255588,0,0.2552,0,0.258769,400,0
0.4,0.85,1,50000,0,0.253956,0,0.237669,0,0.255919,0,0.252456,400,0
0.4,0.85,1,100000,0,0.242619,0,0.252181,0,0.259631,0,0.245569,400,0
0.4,0.85,1,160000,0,0.24445,0,0.2446,0,0.241931,0,0.269019,400,0
0.4,0.9,1,0,0.124881,0.125681,0.123881,0.12595,0.126456,0.124369,0.123531,0.12525,400,0
0.4,0.9,1,1000,0.0118125,0.270062,0.0175063,0.216594,0.0280875,0.220531,0.0208375,0.214569,400,0
0.4,0.9,1,2000,0.0028625,0.234269,0.0022375,0.251306,0.00765,0.243856,0.00281875,0.255,400,0
0.4,0.9,1,3000,0,0.249744,0,0.257169,0,0.246963,0,0.246125,400,0
0.4,0.9,1,5000,0,0.259012,0,0.245044,0,0.246556,0,0.249388,400,0
0.4,0.9,1,7000,0,0.266575,0,0.252088,0,0.243919,0,0.237419,400,0
0.4,0.9,1,10000,0,0.241169,0,0.264519,0,0.254019,0,0.240294,400,0
0.4,0.9,1,25000,0,0.239687,0,0.2449,0,0.249319,0,0.266094,400,0
0.4,0.9,1,50000,0,0.255294,0,0.24965,0,0.2479,0,0.247156,400,0
0.4,0.9,1,100000,0,0.252487,0,0.240044,0,0.245337,0,0.262131,400,0
0.4,0.9,1,160000,0,0.247325,0,0.264713,0,0.254056,0,0.233906,400,0
0.4,0.9,1,0,0.124806,0.124787,0.12485,0.125225,0.125869,0.124331,0.124569,0.125562,400,0
0.4,0.9,1,1000,0,0.249688,0,0.246163,0.00205,0.260088,0.002,0.240012,400,0
0.4,0.9,1,2000,0,0.24205,0,0.241338,0,0.268331,0,0.248281,400,0
0.4,0.9,1,3000,0,0.248181,0,0.254788,0,0.262156,0,0.234875,400,0
0.4,0.9,1,5000,0,0.242956,0,0.263425,0,0.261562,0,0.232056,400,0
0.4,0.9,1,7000,0,0.250462,0,0.2514,0,0.251706,0,0.246431,400,0
0.4,0.9,1,10000,0,0.257644,0,0.245469,0,0.241606,0,0.255281,400,0
0.4,0.9,1,25000,0,0.245081,0,0.244962,0,0.260381,0,0.249575,400,0
0.4,0.9,1,50000,0,0.237819,0,0.259788,0,0.254081,0,0.248312,400,0
0.4,0.9,1,100000,0,0.240331,0,0.235044,0,0.269087,0,0.255537,400,0
0.4,0.9,1,160000,0,0.262481,0,0.247906,0,0.245762,0,0.24385,400,0
0.4,0.95,1,0,0.125713,0.125163,0.124281,0.1243,0.125306,0.124637,0.124988,0.125612,400,0
0.4,0.95,1,1000,0.0024,0.250262,0,0.258987,0.00211875,0.249488,0.00523125,0.231513,400,0
0.4,0.95,1,2000,0,0.25995,0,0.246737,0,0.240088,0,0.253225,400,0
0.4,0.95,1,3000,0,0.264881,0,0.237563,0,0.241794,0,0.255763,400,0
0.4,0.95,1,5000,0,0.261713,0,0.236494,0,0.261469,0,0.240325,400,0
0.4,0.95,1,7000,0,0.243506,0,0.258931,0,0.251563,0,0.246,400,0
0.4,0.95,1,10000,0,0.273238,0,0.234187,0,0.253812,0,0.238762,400,0
0.4,0.95,1,25000,0,0.228612,0,0.260794,0,0.264306,0,0.246287,400,0
0.4,0.95,1,50000,0,0.251119,0,0.241431,0,0.260606,0,0.246844,400,0
0.4,0.95,1,100000,0,0.256144,0,0.247706,0,0.254425,0,0.241725,400,0
0.4,0.95,1,160000,0,0.250219,0,0.263788,0,0.249506,0,0.236487,400,0
0.4,0.95,1,0,0.125706,0.1242,0.125,0.124181,0.126869,0.123537,0.124719,0.125787,400,0
0.4,0.95,1,1000,0.0169625,0.262494,0.0239875,0.183381,0.04225,0.214775,0.0338625,0.222287,400,0
0.4,0.95,1,2000,6.25e-06,0.252681,0.0011,0.246556,0.00149375,0.243731,0.0003875,0.254044,400,0
0.4,0.95,1,3000,0,0.25245,0,0.244325,0,0.252806,0,0.250419,400,0
0.4,0.95,1,5000,0,0.241687,0,0.248994,0,0.262288,0,0.247031,400,0
0.4,0.95,1,7000,0,0.243838,0,0.2569,0,0.257031,0,0.242231,400,0
0.4,0.95,1,10000,0,0.256288,0,0.241712,0,0.254163,0,0.247837,400,0
0.4,0.95,1,25000,0,0.26135,0,0.259894,0,0.236144,0,0.242613,400,0
0.4,0.95,1,50000,0,0.266481,0,0.254525,0,0.236406,0,0.242588,400,0
0.4,0.95,1,100000,0,0.25045,0,0.253406,0,0.256675,0,0.239469,400,0
0.4,0.95,1,160000,0,0.247969,0,0.252362,0,0.249994,0,0.249675,400,0
0.4,1,1,0,0.124525,0.124856,0.125225,0.126375,0.123544,0.124188,0.125825,0.125463,400,0
0.4,1,1,1000,0,0.289581,0,0.219331,0.02985,0.206444,0.0243625,0.230431,400,0
0.4,1,1,2000,0,0.243812,0,0.244781,0,0.245894,0,0.265512,400,0
0.4,1,1,3000,0,0.243913,0,0.265575,0,0.247075,0,0.243438,400,0
0.4,1,1,5000,0,0.237863,0,0.253663,0,0.254656,0,0.253819,400,0
0.4,1,1,7000,0,0.25525,0,0.241037,0,0.247713,0,0.256,400,0
0.4,1,1,10000,0,0.246331,0,0.261394,0,0.247931,0,0.244344,400,0
0.4,1,1,25000,0,0.260887,0,0.252494,0,0.238925,0,0.247694,400,0
0.4,1,1,50000,0,0.253825,0,0.257663,0,0.252019,0,0.236494,400,0
0.4,1,1,100000,0,0.260887,0,0.231588,0,0.255606,0,0.251919,400,0
0.4,1,1,160000,0,0.258138,0,0.262681,0,0.247725,0,0.231456,400,0
0.4,1,1,0,0.1232,0.124725,0.126075,0.12545,0.124875,0.125337,0.124119,0.126219,400,0
0.4,1,1,1000,0,0.277469,0,0.233937,0.0136312,0.2454,0.008425,0.221137,400,0
0.4,1,1,2000,0,0.25955,0,0.250088,0,0.236187,0,0.254175,400,0
0.4,1,1,3000,0,0.261906,0,0.225481,0,0.256812,0,0.2558,400,0
0.4,1,1,5000,0,0.25395,0,0.239663,0,0.252525,0,0.253862,400,0
0.4,1,1,7000,0,0.261794,0,0.238444,0,0.253812,0,0.24595,400,0
0.4,1,1,10000,0,0.253563,0,0.253519,0,0.236813,0,0.256106,400,0
0.4,1,1,25000,0,0.248981,0,0.246787,0,0.247837,0,0.256394,400,0
0.4,1,1,50000,0,0.252719,0,0.239212,0,0.250362,0,0.257706,400,0
0.4,1,1,100000,0,0.244631,0,0.252006,0,0.248,0,0.255362,400,0
0.4,1,1,160000,0,0.242775,0,0.257588,0,0.246806,0,0.252831,400,0
0.45,0,1,0,0.124881,0.124431,0.123631,0.123494,0.125913,0.126087,0.12615,0.125413,400,0
0.45,0,1,1000,0.1332,0.111481,0.148913,0.101044,0.150619,0.112937,0.134525,0.107281,400,0
0.45,0,1,2000,0.146481,0.113975,0.117181,0.1285,0.141462,0.109081,0.130956,0.112363,400,0
0.45,0,1,3000,0.128688,0.106713,0.138406,0.114606,0.125625,0.124262,0.143844,0.117856,400,0
0.45,0,1,5000,0.136706,0.116975,0.129688,0.105094,0.137456,0.122987,0.135756,0.115337,400,0
0.45,0,1,7000,0.130225,0.123088,0.127831,0.121225,0.139987,0.107156,0.141025,0.109463,400,0
0.45,0,1,10000,0.134213,0.107031,0.150812,0.0975875,0.162931,0.110144,0.137025,0.100256,400,0
0.45,0,1,25000,0.135981,0.125519,0.13645,0.11005,0.125206,0.114025,0.130375,0.122394,400,0
0.45,0,1,50000,0.1462,0.110069,0.153175,0.0922687,0.166531,0.105725,0.140475,0.0855563,400,0
0.45,0,1,100000,0,0.244719,0,0.272956,0,0.251975,0,0.23035,400,0
0.45,0,1,160000,0,0.276087,0,0.243731,0,0.235825,0,0.244356,400,0
0.45,0,1,0,0.124181,0.122862,0.124838,0.124869,0.125369,0.126087,0.124694,0.1271,400,0
0.45,0,1,1000,0.104725,0.15565,0.0928375,0.16525,0.0733375,0.158463,0.0929688,0.156769,400,0
0.45,0,1,2000,0.0844375,0.181838,0.0769187,0.176187,0.07145,0.156331,0.0867375,0.1661,400,0
0.45,0,1,3000,0.0782875,0.176563,0.0810687,0.164331,0.083825,0.166488,0.0875,0.161938,400,0
0.45,0,1,5000,0.0805562,0.15475,0.076925,0.178063,0.099625,0.154719,0.09035,0.165013,400,0
0.45,0,1,7000,0.0921625,0.152,0.0932812,0.161075,0.0830063,0.159231,0.0895563,0.169687,400,0
0.45,0,1,10000,0.066025,0.165687,0.064875,0.198444,0.0638688,0.181419,0.071575,0.188106,400,0
0.45,0,1,25000,0,0.264556,0,0.246281,0,0.238019,0,0.251144,400,0
0.45,0,1,50000,0,0.236275,0,0.243838,0,0.248512,0,0.271375,400,0
0.45,0,1,100000,0,0.247087,0,0.256244,0,0.261138,0,0.235531,400,0
0.45,0,1,160000,0,0.255131,0,0.2517,0,0.239069,0,0.2541,400,0
0.45,0.05,1,0,0.124894,0.124844,0.125469,0.124575,0.124919,0.1246,0.124994,0.125706,400,0
0.45,0.05,1,1000,0.052975,0.219344,0.0743313,0.19405,0.04735,0.190163,0.0456625,0.176125,400,0
0.45,0.05,1,2000,0.00454375,0.253138,0.0108938,0.248931,0.0145562,0.226213,0.00370625,0.238019,400,0
0.45,0.05,1,3000,0,0.240719,0,0.24705,0,0.261425,0,0.250806,400,0
0.45,0.05,1,5000,0,0.254138,0,0.266863,0,0.241737,0,0.237262,400,0
0.45,0.05,1,7000,0,0.240888,0,0.239081,0,0.273137,0,0.246894,400,0
0.45,0.05,1,10000,0,0.258763,0,0.240525,0,0.243169,0,0.257544,400,0
0.45,0.05,1,25000,0,0.240744,0,0.251919,0,0.260931,0,0.246406,400,0
0.45,0.05,1,50000,0,0.244712,0,0.252181,0,0.2533,0,0.249806,400,0
0.45,0.05,1,100000,0,0.264437,0,0.241525,0,0.234031,0,0.260006,400,0
0.45,0.05,1,160000,0,0.2554,0,0.239313,0,0.255975,0,0.249312,400,0
0.45,0.05,1,0,0.125006,0.125106,0.1246,0.124794,0.125188,0.124269,0.125194,0.125844,400,0
0.45,0.05,1,1000,0.0814,0.175538,0.108869,0.148394,0.0972313,0.1514,0.0814125,0.155756,400,0
0.45,0.05,1,2000,0.0429125,0.192119,0.0340937,0.210813,0.04375,0.222713,0.0349187,0.218681,400,0
0.45,0.05,1,3000,0.00453125,0.252631,0.0034125,0.251763,0.00084375,0.253281,0.00221875,0.231319,400,0
0.45,0.05,1,5000,0,0.242031,0,0.247487,0,0.258844,0,0.251638,400,0
0.45,0.05,1,7000,0,0.248756,0,0.252556,0,0.242138,0,0.25655,400,0
0.45,0.05,1,10000,0,0.23675,0,0.239563,0,0.2597,0,0.263987,400,0
0.45,0.05,1,25000,0,0.245431,0,0.244194,0,0.262856,0,0.247519,400,0
0.45,0.05,1,50000,0,0.249381,0,0.259306,0,0.256994,0,0.234319,400,0
0.45,0.05,1,100000,0,0.250975,0,0.248744,0,0.244275,0,0.256006,400,0
0.45,0.05,1,160000,0,0.265387,0,0.249306,0,0.233856,0,0.25145,400,0
0.45,0.1,1,0,0.124012,0.125488,0.125337,0.125981,0.125531,0.124563,0.123931,0.125156,400,0
0.45,0.1,1,1000,0.006275,0.225331,0.00551875,0.233875,0.01145,0.258056,0.0147688,0.244725,400,0
0.45,0.1,1,2000,0,0.251181,0,0.248688,0,0.263569,0,0.236563,400,0
0.45,0.1,1,3000,0,0.257063,0,0.250856,0,0.238381,0,0.2537,400,0
0.45,0.1,1,5000,0,0.250163,0,0.263119,0,0.236919,0,0.2498,400,0
0.45,0.1,1,7000,0,0.258456,0,0.242656,0,0.252613,0,0.246275,400,0
0.45,0.1,1,10000,0,0.230806,0,0.252487,0,0.261706,0,0.255,400,0
0.45,0.1,1,25000,0,0.260706,0,0.242506,0,0.251494,0,0.245294,400,0
0.45,0.1,1,50000,0,0.248319,0,0.260688,0,0.257669,0,0.233325,400,0
0.45,0.1,1,100000,0,0.262494,0,0.239744,0,0.246331,0,0.251431,400,0
0.45,0.1,1,160000,0,0.25265,0,0.245438,0,0.247844,0,0.254069,400,0
0.45,0.1,1,0,0.125125,0.123838,0.125862,0.124956,0.124344,0.1244,0.125506,0.125969,400,0
0.45,0.1,1,1000,0.00385,0.252375,0.00618125,0.246594,0.00888125,0.241569,0.0111125,0.229437,400,0
0.45,0.1,1,2000,0,0.245475,0,0.25205,0,0.251981,0,0.250494,400,0
0.45,0.1,1,3000,0,0.255244,0,0.239825,0,0.259875,0,0.245056,400,0
0.45,0.1,1,5000,0,0.25225,0,0.249425,0,0.238388,0,0.259937,400,0
0.45,0.1,1,7000,0,0.241081,0,0.249475,0,0.270263,0,0.239181,400,0
0.45,0.1,1,10000,0,0.262775,0,0.250219,0,0.244875,0,0.242131,400,0
0.45,0.1,1,25000,0,0.249738,0,0.24465,0,0.250113,0,0.2555,400,0
0.45,0.1,1,50000,0,0.26505,0,0.258731,0,0.238888,0,0.237331,400,0
0.45,0.1,1,100000,0,0.247706,0,0.239744,0,0.252781,0,0.259769,400,0
0.45,0.1,1,160000,0,0.246481,0,0.242306,0,0.256387,0,0.254825,400,0
0.45,0.15,1,0,0.12435,0.124831,0.126444,0.124162,0.125431,0.124569,0.1264,0.123813,400,0
0.45,0.15,1,1000,0.0020875,0.246594,0.00660625,0.242675,0.00274375,0.257875,0.00209375,0.239325,400,0
0.45,0.15,1,2000,0,0.250725,0,0.249319,0,0.232838,0,0.267119,400,0
0.45,0.15,1,3000,0,0.240925,0,0.243325,0,0.261244,0,0.254506,400,0
0.45,0.15,1,5000,0,0.238206,0,0.247663,0,0.2555,0,0.258631,400,0
0.45,0.15,1,7000,0,0.240344,0,0.244431,0,0.266119,0,0.249106,400,0
0.45,0.15,1,10000,0,0.261387,0,0.267344,0,0.247669,0,0.2236,400,0
0.45,0.15,1,25000,0,0.235675,0,0.253525,0,0.259962,0,0.250837,400,0
0.45,0.15,1,50000,0,0.251262,0,0.246287,0,0.256156,0,0.246294,400,0
0.45,0.15,1,100000,0,0.247175,0,0.246019,0,0.260056,0,0.24675,400,0
0.45,0.15,1,160000,0,0.250812,0,0.237975,0,0.258919,0,0.252294,400,0
0.45,0.15,1,0,0.1257,0.125525,0.1259,0.124381,0.125112,0.124756,0.124219,0.124406,400,0
0.45,0.15,1,1000,0.0300688,0.203887,0.0350375,0.237237,0.0428375,0.214312,0.0335312,0.203088,400,0
0.45,0.15,1,2000,0,0.256281,0,0.257688,0,0.2424,0,0.243631,400,0
0.45,0.15,1,3000,0,0.239675,0,0.270594,0,0.243969,0,0.245762,400,0
0.45,0.15,1,5000,0,0.249069,0,0.252006,0,0.256894,0,0.242031,400,0
0.45,0.15,1,7000,0,0.26465,0,0.264087,0,0.240181,0,0.231081,400,0
0.45,0.15,1,10000,0,0.256688,0,0.253775,0,0.24415,0,0.245388,400,0
0.45,0.15,1,25000,0,0.256044,0,0.235525,0,0.25955,0,0.248881,400,0
0.45,0.15,1,50000,0,0.254125,0,0.241187,0,0.251625,0,0.253063,400,0
0.45,0.15,1,100000,0,0.250294,0,0.255231,0,0.237288,0,0.257188,400,0
0.45,0.15,1,160000,0,0.246894,0,0.25305,0,0.239913,0,0.260144,400,0
0.45,0.2,1,0,0.1255,0.124919,0.124706,0.124981,0.124669,0.123912,0.126219,0.125094,400,0
0.45,0.2,1,1000,0.00611875,0.234956,0.006075,0.238906,0.010975,0.258613,0.0061375,0.238219,400,0
0.45,0.2,1,2000,0,0.234294,0,0.266781,0,0.251875,0,0.24705,400,0
0.45,0.2,1,3000,0,0.247163,0,0.259694,0,0.246694,0,0.24645,400,0
0.45,0.2,1,5000,0,0.255856,0,0.247,0,0.247569,0,0.249575,400,0
0.45,0.2,1,7000,0,0.233294,0,0.2571,0,0.256213,0,0.253394,400,0
0.45,0.2,1,10000,0,0.258444,0,0.242962,0,0.242869,0,0.255725,400,0
0.45,0.2,1,25000,0,0.239275,0,0.242981,0,0.252606,0,0.265138,400,0
0.45,0.2,1,50000,0,0.254631,0,0.242519,0,0.240656,0,0.262194,400,0
0.45,0.2,1,100000,0,0.246794,0,0.241537,0,0.262006,0,0.249663,400,0
0.45,0.2,1,160000,0,0.25885,0,0.248094,0,0.247906,0,0.24515,400,0
0.45,0.2,1,0,0.125438,0.124881,0.124294,0.126938,0.124488,0.124475,0.124613,0.124875,400,0
0.45,0.2,1,1000,0.0133063,0.233637,0.0198187,0.229794,0.0295625,0.2132,0.01065,0.250031,400,0
0.45,0.2,1,2000,0,0.238275,0,0.247825,0,0.255075,0,0.258825,400,0
0.45,0.2,1,3000,0,0.262131,0,0.237294,0,0.244469,0,0.256106,400,0
0.45,0.2,1,5000,0,0.245019,0,0.242031,0,0.251994,0,0.260956,400,0
0.45,0.2,1,7000,0,0.245869,0,0.244762,0,0.274444,0,0.234925,400,0
0.45,0.2,1,10000,0,0.252256,0,0.260625,0,0.238606,0,0.248512,400,0
0.45,0.2,1,25000,0,0.254269,0,0.236162,0,0.242638,0,0.266931,400,0
0.45,0.2,1,50000,0,0.254094,0,0.250425,0,0.247425,0,0.248056,400,0
0.45,0.2,1,100000,0,0.252962,0,0.24375,0,0.25155,0,0.251738,400,0
0.45,0.2,1,160000,0,0.241625,0,0.250944,0,0.259756,0,0.247675,400,0
0.45,0.25,1,0,0.125575,0.124213,0.125369,0.125844,0.125494,0.125956,0.122969,0.124581,400,0
0.45,0.25,1,1000,0.00924375,0.2575,0.0125938,0.24235,0.0206,0.213281,0.0177313,0.2267,400,0
0.45,0.25,1,2000,0,0.250862,0,0.240588,0,0.244688,0,0.263862,400,0
0.45,0.25,1,3000,0,0.2388,0,0.259506,0,0.262506,0,0.239187,400,0
0.45,0.25,1,5000,0,0.235737,0,0.261875,0,0.25135,0,0.251038,400,0
0.45,0.25,1,7000,0,0.263269,0,0.249844,0,0.242787,0,0.2441,400,0
0.45,0.25,1,10000,0,0.2467,0,0.243456,0,0.253081,0,0.256763,400,0
0.45,0.25,1,25000,0,0.243088,0,0.251331,0,0.2611,0,0.244481,400,0
0.45,0.25,1,50000,0,0.239138,0,0.2486,0,0.259906,0,0.252356,400,0
0.45,0.25,1,100000,0,0.246487,0,0.244756,0,0.255044,0,0.253713,400,0
0.45,0.25,1,160000,0,0.250219,0,0.258556,0,0.256356,0,0.234869,400,0
0.45,0.25,1,0,0.125087,0.124438,0.126031,0.124425,0.124031,0.124931,0.125562,0.125494,400,0
0.45,0.25,1,1000,0.00696875,0.258825,0.00858125,0.245719,0.0164688,0.2229,0.0118438,0.228694,400,0
0.45,0.25,1,2000,0,0.266125,0,0.245556,0,0.236325,0,0.251994,400,0
0.45,0.25,1,3000,0,0.253919,0,0.257294,0,0.235769,0,0.253019,400,0
0.45,0.25,1,5000,0,0.248481,0,0.251244,0,0.262412,0,0.237863,400,0
0.45,0.25,1,7000,0,0.252644,0,0.250069,0,0.253525,0,0.243762,400,0
0.45,0.25,1,10000,0,0.242719,0,0.255219,0,0.245481,0,0.256581,400,0
0.45,0.25,1,25000,0,0.221225,0,0.263244,0,0.269788,0,0.245744,400,0
0.45,0.25,1,50000,0,0.250462,0,0.253887,0,0.243938,0,0.251713,400,0
0.45,0.25,1,100000,0,0.249769,0,0.252456,0,0.255869,0,0.241906,400,0
0.45,0.25,1,160000,0,0.247925,0,0.245594,0,0.250356,0,0.256125,400,0
0.45,0.3,1,0,0.124869,0.12515,0.125537,0.1248,0.124688,0.126531,0.123594,0.124831,400,0
0.45,0.3,1,1000,0.00665,0.239481,0.0176187,0.236594,0.0130563,0.228094,0.0159,0.242606,400,0
0.45,0.3,1,2000,0,0.264044,0,0.239219,0,0.243712,0,0.253025,400,0
0.45,0.3,1,3000,0,0.243219,0,0.249831,0,0.242656,0,0.264294,400,0
0.45,0.3,1,5000,0,0.258706,0,0.261825,0,0.2464,0,0.233069,400,0
0.45,0.3,1,7000,0,0.245056,0,0.258962,0,0.253962,0,0.242019,400,0
0.45,0.3,1,10000,0,0.248812,0,0.242031,0,0.247213,0,0.261944,400,0
0.45,0.3,1,25000,0,0.2439,0,0.235563,0,0.264012,0,0.256525,400,0
0.45,0.3,1,50000,0,0.251675,0,0.259069,0,0.258131,0,0.231125,400,0
0.45,0.3,1,100000,0,0.245881,0,0.246969,0,0.251962,0,0.255188,400,0
0.45,0.3,1,160000,0,0.238175,0,0.249519,0,0.270844,0,0.241462,400,0
0.45,0.3,1,0,0.125406,0.123825,0.1266,0.125394,0.1248,0.123606,0.125413,0.124956,400,0
0.45,0.3,1,1000,0.0305687,0.212081,0.0419,0.196387,0.0439187,0.201863,0.0324188,0.240863,400,0
0.45,0.3,1,2000,6.25e-06,0.265575,0.00119375,0.240281,0.00071875,0.251394,0.0017,0.239131,400,0
0.45,0.3,1,3000,0,0.2478,0,0.258238,0,0.248075,0,0.245888,400,0
0.45,0.3,1,5000,0,0.245225,0,0.239919,0,0.25385,0,0.261006,400,0
0.45,0.3,1,7000,0,0.248725,0,0.264075,0,0.249525,0,0.237675,400,0
0.45,0.3,1,10000,0,0.251856,0,0.240262,0,0.259169,0,0.248713,400,0
0.45,0.3,1,25000,0,0.2582,0,0.243462,0,0.231319,0,0.267019,400,0
0.45,0.3,1,50000,0,0.2407,0,0.240906,0,0.258894,0,0.2595,400,0
0.45,0.3,1,100000,0,0.24745,0,0.249531,0,0.250344,0,0.252675,400,0
0.45,0.3,1,160000,0,0.242856,0,0.244062,0,0.259688,0,0.253394,400,0
0.45,0.35,1,0,0.1242,0.124019,0.124556,0.125719,0.125644,0.125494,0.126094,0.124275,400,0
0.45,0.35,1,1000,0.0169187,0.253775,0.0194687,0.2076,0.0398375,0.207294,0.02535,0.229756,400,0
0.45,0.35,1,2000,0,0.265406,0,0.265969,0.0001375,0.22045,0,0.248037,400,0
0.45,0.35,1,3000,0,0.233181,0,0.2605,0,0.266869,0,0.23945,400,0
0.45,0.35,1,5000,0,0.235219,0,0.250594,0,0.256769,0,0.257419,400,0
0.45,0.35,1,7000,0,0.24635,0,0.264506,0,0.249025,0,0.240119,400,0
0.45,0.35,1,10000,0,0.267206,0,0.259625,0,0.237187,0,0.235981,400,0
0.45,0.35,1,25000,0,0.248825,0,0.260606,0,0.251306,0,0.239262,400,0
0.45,0.35,1,50000,0,0.2595,0,0.245394,0,0.244794,0,0.250312,400,0
0.45,0.35,1,100000,0,0.249831,0,0.238012,0,0.249775,0,0.262381,400,0
0.45,0.35,1,160000,0,0.245719,0,0.239838,0,0.260306,0,0.254138,400,0
0.45,0.35,1,0,0.124963,0.124637,0.125981,0.126369,0.123619,0.123056,0.125875,0.1255,400,0
0.45,0.35,1,1000,0.00851875,0.245438,0.0149438,0.222312,0.0202125,0.218037,0.0092875,0.26125,400,0
0.45,0.35,1,2000,0,0.259194,0,0.2378,0,0.240856,0,0.26215,400,0
0.45,0.35,1,3000,0,0.245725,0,0.258675,0,0.25395,0,0.24165,400,0
0.45,0.35,1,5000,0,0.257638,0,0.237356,0,0.250519,0,0.254487,400,0
0.45,0.35,1,7000,0,0.25515,0,0.253725,0,0.250144,0,0.240981,400,0
0.45,0.35,1,10000,0,0.24555,0,0.256569,0,0.245375,0,0.252506,400,0
0.45,0.35,1,25000,0,0.236519,0,0.237613,0,0.263163,0,0.262706,400,0
0.45,0.35,1,50000,0,0.246106,0,0.248587,0,0.2546,0,0.250706,400,0
0.45,0.35,1,100000,0,0.265937,0,0.241375,0,0.237725,0,0.254962,400,0
0.45,0.35,1,160000,0,0.261331,0,0.245012,0,0.2453,0,0.248356,400,0
0.45,0.4,1,0,0.125531,0.125512,0.125594,0.124887,0.124694,0.123419,0.125569,0.124794,400,0
0.45,0.4,1,1000,0.00311875,0.242894,0.0134313,0.231338,0.0163688,0.228469,0.0086,0.255781,400,0
0.45,0.4,1,2000,0,0.25215,0,0.255419,0,0.258931,0,0.2335,400,0
0.45,0.4,1,3000,0,0.257581,0,0.245894,0,0.245919,0,0.250606,400,0
0.45,0.4,1,5000,0,0.245456,0,0.249375,0,0.245688,0,0.259481,400,0
0.45,0.4,1,7000,0,0.260069,0,0.24725,0,0.239437,0,0.253244,400,0
0.45,0.4,1,10000,0,0.247206,0,0.258994,0,0.253275,0,0.240525,400,0
0.45,0.4,1,25000,0,0.250631,0,0.257281,0,0.248581,0,0.243506,400,0
0.45,0.4,1,50000,0,0.2453,0,0.249206,0,0.248812,0,0.256681,400,0
0.45,0.4,1,100000,0,0.273956,0,0.249806,0,0.239831,0,0.236406,400,0
0.45,0.4,1,160000,0,0.247075,0,0.252856,0,0.251188,0,0.248881,400,0
0.45,0.4,1,0,0.123131,0.1255,0.122269,0.126194,0.125225,0.126419,0.12525,0.126012,400,0
0.45,0.4,1,1000,0.0308,0.214206,0.0418375,0.182144,0.06185,0.191681,0.05185,0.225631,400,0
0.45,0.4,1,2000,0,0.232706,6.25e-05,0.260556,0.0001125,0.255337,0,0.251225,400,0
0.45,0.4,1,3000,0,0.246125,0,0.24925,0,0.251469,0,0.253156,400,0
0.45,0.4,1,5000,0,0.247287,0,0.247256,0,0.245881,0,0.259575,400,0
0.45,0.4,1,7000,0,0.250987,0,0.2445,0,0.258031,0,0.246481,400,0
0.45,0.4,1,10000,0,0.258975,0,0.256625,0,0.251169,0,0.233231,400,0
0.45,0.4,1,25000,0,0.254706,0,0.256213,0,0.252556,0,0.236525,400,0
0.45,0.4,1,50000,0,0.246606,0,0.266475,0,0.24475,0,0.242169,400,0
0.45,0.4,1,100000,0,0.251375,0,0.247237,0,0.25595,0,0.245438,400,0
0.45,0.4,1,160000,0,0.243425,0,0.251544,0,0.251275,0,0.253756,400,0
0.45,0.45,1,0,0.125031,0.124494,0.124325,0.126356,0.123031,0.125,0.126344,0.125419,400,0
0.45,0.45,1,1000,0.00299375,0.259744,0.00996875,0.237662,0.0288875,0.222306,0.0158562,0.222581,400,0
0.45,0.45,1,2000,0,0.261475,0,0.246594,0,0.246406,0,0.245525,400,0
0.45,0.45,1,3000,0,0.258794,0,0.24745,0,0.259275,0,0.234481,400,0
0.45,0.45,1,5000,0,0.235425,0,0.2592,0,0.254256,0,0.251119,400,0
0.45,0.45,1,7000,0,0.25005,0,0.246987,0,0.257206,0,0.245756,400,0
0.45,0.45,1,10000,0,0.236538,0,0.260663,0,0.252794,0,0.250006,400,0
0.45,0.45,1,25000,0,0.243425,0,0.243625,0,0.263181,0,0.249769,400,0
0.45,0.45,1,50000,0,0.248688,0,0.242075,0,0.252956,0,0.256281,400,0
0.45,0.45,1,100000,0,0.23285,0,0.262638,0,0.264444,0,0.240069,400,0
0.45,0.45,1,160000,0,0.244581,0,0.256219,0,0.250644,0,0.248556,400,0
0.45,0.45,1,0,0.126025,0.123975,0.125525,0.123856,0.124738,0.124806,0.124938,0.126138,400,0
0.45,0.45,1,1000,0.0166375,0.25065,0.0232,0.214119,0.0365125,0.191062,0.0349375,0.232881,400,0
0.45,0.45,1,2000,0,0.249213,0.00019375,0.252987,6.25e-05,0.257894,0,0.23965,400,0
0.45,0.45,1,3000,0,0.245881,0,0.235,0,0.260325,0,0.258794,400,0
0.45,0.45,1,5000,0,0.247031,0,0.257719,0,0.249356,0,0.245894,400,0
0.45,0.45,1,7000,0,0.244312,0,0.257312,0,0.246831,0,0.251544,400,0
0.45,0.45,1,10000,0,0.253644,0,0.256844,0,0.2426,0,0.246913,400,0
0.45,0.45,1,25000,0,0.2481,0,0.246406,0,0.250025,0,0.255469,400,0
0.45,0.45,1,50000,0,0.263244,0,0.249406,0,0.228631,0,0.258719,400,0
0.45,0.45,1,100000,0,0.251375,0,0.266569,0,0.242756,0,0.2393,400,0
0.45,0.45,1,160000,0,0.238575,0,0.251844,0,0.266612,0,0.242969,400,0
0.45,0.5,1,0,0.125787,0.124094,0.124088,0.125681,0.124613,0.125094,0.125769,0.124875,400,0
0.45,0.5,1,1000,0.00044375,0.252475,0.0004875,0.253406,0.0100375,0.242188,0.0060375,0.234925,400,0
0.45,0.5,1,2000,0,0.249369,0,0.256238,0,0.239425,0,0.254969,400,0
0.45,0.5,1,3000,0,0.258181,0,0.247062,0,0.247413,0,0.247344,400,0
0.45,0.5,1,5000,0,0.260606,0,0.244537,0,0.236119,0,0.258738,400,0
0.45,0.5,1,7000,0,0.244594,0,0.265381,0,0.242375,0,0.24765,400,0
0.45,0.5,1,10000,0,0.251794,0,0.2603,0,0.229919,0,0.257987,400,0
0.45,0.5,1,25000,0,0.261012,0,0.247713,0,0.242987,0,0.248287,400,0
0.45,0.5,1,50000,0,0.250694,0,0.252613,0,0.245169,0,0.251525,400,0
0.45,0.5,1,100000,0,0.237075,0,0.2465,0,0.254881,0,0.261544,400,0
0.45,0.5,1,160000,0,0.2423,0,0.262962,0,0.249663,0,0.245075,400,0
0.45,0.5,1,0,0.1238,0.124856,0.123938,0.124988,0.125112,0.126512,0.125087,0.125706,400,0
0.45,0.5,1,1000,0.0181125,0.22365,0.0400063,0.198063,0.0452688,0.202113,0.0259438,0.246844,400,0
0.45,0.5,1,2000,0,0.243769,0,0.235825,0,0.252987,0,0.267419,400,0
0.45,0.5,1,3000,0,0.259663,0,0.248319,0,0.240175,0,0.251844,400,0
0.45,0.5,1,5000,0,0.22855,0,0.240169,0,0.2683,0,0.262981,400,0
0.45,0.5,1,7000,0,0.243237,0,0.25815,0,0.254756,0,0.243856,400,0
0.45,0.5,1,10000,0,0.244931,0,0.250213,0,0.244581,0,0.260275,400,0
0.45,0.5,1,25000,0,0.251519,0,0.252519,0,0.236613,0,0.25935,400,0
0.45,0.5,1,50000,0,0.25595,0,0.238775,0,0.252362,0,0.252912,400,0
0.45,0.5,1,100000,0,0.256956,0,0.255625,0,0.237081,0,0.250337,400,0
0.45,0.5,1,160000,0,0.260362,0,0.249381,0,0.248419,0,0.241838,400,0
0.45,0.55,1,0,0.124613,0.124075,0.125331,0.125981,0.125044,0.124369,0.1258,0.124787,400,0
0.45,0.55,1,1000,0,0.244838,0,0.226956,3.75e-05,0.251063,0.0003875,0.276719,400,0
0.45,0.55,1,2000,0,0.255956,0,0.247531,0,0.246606,0,0.249906,400,0
0.45,0.55,1,3000,0,0.246006,0,0.231856,0,0.248463,0,0.273675,400,0
0.45,0.55,1,5000,0,0.260506,0,0.24545,0,0.23755,0,0.256494,400,0
0.45,0.55,1,7000,0,0.264675,0,0.246625,0,0.240069,0,0.248631,400,0
0.45,0.55,1,10000,0,0.247844,0,0.251006,0,0.243775,0,0.257375,400,0
0.45,0.55,1,25000,0,0.243462,0,0.259181,0,0.250331,0,0.247025,400,0
0.45,0.55,1,50000,0,0.261906,0,0.258069,0,0.231538,0,0.248488,400,0
0.45,0.55,1,100000,0,0.243106,0,0.263113,0,0.2538,0,0.239981,400,0
0.45,0.55,1,160000,0,0.259556,0,0.239181,0,0.244644,0,0.256619,400,0
0.45,0.55,1,0,0.125875,0.124412,0.123981,0.125037,0.124256,0.125069,0.1251,0.126269,400,0
0.45,0.55,1,1000,0.00189375,0.241613,0.0008625,0.250181,0.002825,0.241756,0.00135625,0.259512,400,0
0.45,0.55,1,2000,0,0.243431,0,0.258406,0,0.261144,0,0.237019,400,0
0.45,0.55,1,3000,0,0.237962,0,0.248862,0,0.2668,0,0.246375,400,0
0.45,0.55,1,5000,0,0.245837,0,0.261944,0,0.2419,0,0.250319,400,0
0.45,0.55,1,7000,0,0.247831,0,0.241025,0,0.245231,0,0.265912,400,0
0.45,0.55,1,10000,0,0.256288,0,0.255981,0,0.247213,0,0.240519,400,0
0.45,0.55,1,25000,0,0.247281,0,0.241769,0,0.24965,0,0.2613,400,0
0.45,0.55,1,50000,0,0.255025,0,0.245069,0,0.25875,0,0.241156,400,0
0.45,0.55,1,100000,0,0.247225,0,0.2349,0,0.251294,0,0.266581,400,0
0.45,0.55,1,160000,0,0.252369,0,0.234006,0,0.253887,0,0.259738,400,0
0.45,0.6,1,0,0.124912,0.125262,0.123756,0.124294,0.126681,0.125463,0.124569,0.125062,400,0
0.45,0.6,1,1000,0.00239375,0.231656,0.0065875,0.238813,0.0120938,0.262406,0.011825,0.234225,400,0
0.45,0.6,1,2000,0,0.238175,0,0.246062,0,0.257081,0,0.258681,400,0
0.45,0.6,1,3000,0,0.259225,0,0.268769,0,0.247537,0,0.224469,400,0
0.45,0.6,1,5000,0,0.243569,0,0.254981,0,0.256056,0,0.245394,400,0
0.45,0.6,1,7000,0,0.280025,0,0.248269,0,0.225825,0,0.245881,400,0
0.45,0.6,1,10000,0,0.253431,0,0.254544,0,0.245356,0,0.246669,400,0
0.45,0.6,1,25000,0,0.244281,0,0.267156,0,0.251462,0,0.2371,400,0
0.45,0.6,1,50000,0,0.246006,0,0.262019,0,0.242913,0,0.249062,400,0
0.45,0.6,1,100000,0,0.255994,0,0.25195,0,0.256381,0,0.235675,400,0
0.45,0.6,1,160000,0,0.246569,0,0.244381,0,0.257631,0,0.251419,400,0
0.45,0.6,1,0,0.124294,0.126688,0.125106,0.122869,0.125238,0.1257,0.12455,0.125556,400,0
0.45,0.6,1,1000,0.00579375,0.25885,0.00645,0.235175,0.018875,0.217756,0.0102313,0.246869,400,0
0.45,0.6,1,2000,0,0.2333,0,0.24315,0,0.267194,0,0.256356,400,0
0.45,0.6,1,3000,0,0.246006,0,0.250581,0,0.255588,0,0.247825,400,0
0.45,0.6,1,5000,0,0.25195,0,0.254306,0,0.243594,0,0.25015,400,0
0.45,0.6,1,7000,0,0.223675,0,0.2687,0,0.253844,0,0.253781,400,0
0.45,0.6,1,10000,0,0.257244,0,0.237969,0,0.24595,0,0.258837,400,0
0.45,0.6,1,25000,0,0.227931,0,0.251225,0,0.269838,0,0.251006,400,0
0.45,0.6,1,50000,0,0.2509,0,0.2699,0,0.243762,0,0.235437,400,0
0.45,0.6,1,100000,0,0.260225,0,0.243275,0,0.235506,0,0.260994,400,0
0.45,0.6,1,160000,0,0.244319,0,0.261881,0,0.246812,0,0.246987,400,0
0.45,0.65,1,0,0.1259,0.125731,0.124825,0.125425,0.124331,0.124031,0.124831,0.124925,400,0
0.45,0.65,1,1000,0.00510625,0.250719,0.00834375,0.251006,0.0182125,0.224794,0.00985,0.231969,400,0
0.45,0.65,1,2000,0,0.2522,0,0.255969,0,0.243462,0,0.248369,400,0
0.45,0.65,1,3000,0,0.241619,0,0.243294,0,0.265731,0,0.249356,400,0
0.45,0.65,1,5000,0,0.256406,0,0.245275,0,0.247388,0,0.250931,400,0
0.45,0.65,1,7000,0,0.251763,0,0.246006,0,0.251956,0,0.250275,400,0
0.45,0.65,1,10000,0,0.255469,0,0.254475,0,0.23835,0,0.251706,400,0
0.45,0.65,1,25000,0,0.243025,0,0.254925,0,0.256569,0,0.245481,400,0
0.45,0.65,1,50000,0,0.248256,0,0.256669,0,0.252919,0,0.242156,400,0
0.45,0.65,1,100000,0,0.245025,0,0.241369,0,0.259975,0,0.253631,400,0
0.45,0.65,1,160000,0,0.250531,0,0.270087,0,0.242,0,0.237381,400,0
0.45,0.65,1,0,0.124281,0.1264,0.123306,0.123525,0.125094,0.125388,0.125738,0.126269,400,0
0.45,0.65,1,1000,0.00746875,0.242806,0.019025,0.217194,0.0163875,0.229662,0.021225,0.246231,400,0
0.45,0.65,1,2000,0,0.249294,0,0.250606,0,0.25125,0,0.24885,400,0
0.45,0.65,1,3000,0,0.229794,0,0.258569,0,0.262688,0,0.24895,400,0
0.45,0.65,1,5000,0,0.251606,0,0.248762,0,0.257319,0,0.242312,400,0
0.45,0.65,1,7000,0,0.253937,0,0.243906,0,0.260769,0,0.241388,400,0
0.45,0.65,1,10000,0,0.249444,0,0.248475,0,0.256912,0,0.245169,400,0
0.45,0.65,1,25000,0,0.253281,0,0.250475,0,0.238869,0,0.257375,400,0
0.45,0.65,1,50000,0,0.268744,0,0.255275,0,0.2539,0,0.222081,400,0
0.45,0.65,1,100000,0,0.266694,0,0.231544,0,0.239937,0,0.261825,400,0
0.45,0.65,1,160000,0,0.2505,0,0.250781,0,0.248406,0,0.250312,400,0
0.45,0.7,1,0,0.125925,0.124512,0.12645,0.124363,0.125463,0.1251,0.124412,0.123775,400,0
0.45,0.7,1,1000,3.75e-05,0.241531,0.0031625,0.238319,0.00521875,0.237725,0.0007625,0.273244,400,0
0.45,0.7,1,2000,0,0.252606,0,0.249488,0,0.254312,0,0.243594,400,0
0.45,0.7,1,3000,0,0.251356,0,0.252825,0,0.2522,0,0.243619,400,0
0.45,0.7,1,5000,0,0.242825,0,0.243781,0,0.258725,0,0.254669,400,0
0.45,0.7,1,7000,0,0.251731,0,0.2547,0,0.238081,0,0.255487,400,0
0.45,0.7,1,10000,0,0.240394,0,0.263037,0,0.262494,0,0.234075,400,0
0.45,0.7,1,25000,0,0.262794,0,0.249037,0,0.23465,0,0.253519,400,0
0.45,0.7,1,50000,0,0.256075,0,0.243913,0,0.2524,0,0.247613,400,0
0.45,0.7,1,100000,0,0.2613,0,0.253456,0,0.246006,0,0.239237,400,0
0.45,0.7,1,160000,0,0.254119,0,0.240181,0,0.258163,0,0.247537,400,0
0.45,0.7,1,0,0.124825,0.125981,0.123994,0.124869,0.124925,0.125688,0.126362,0.123356,400,0
0.45,0.7,1,1000,0.00099375,0.252744,0.0143938,0.228469,0.0196875,0.219831,0.0190625,0.244819,400,0
0.45,0.7,1,2000,0,0.245331,0,0.246881,0,0.240825,0,0.266962,400,0
0.45,0.7,1,3000,0,0.248837,0,0.253456,0,0.261338,0,0.236369,400,0
0.45,0.7,1,5000,0,0.247487,0,0.259094,0,0.245413,0,0.248006,400,0
0.45,0.7,1,7000,0,0.265738,0,0.248562,0,0.240869,0,0.244831,400,0
0.45,0.7,1,10000,0,0.2513,0,0.239725,0,0.2527,0,0.256275,400,0
0.45,0.7,1,25000,0,0.2517,0,0.253144,0,0.242338,0,0.252819,400,0
0.45,0.7,1,50000,0,0.250762,0,0.257044,0,0.252531,0,0.239663,400,0
0.45,0.7,1,100000,0,0.234669,0,0.253825,0,0.26335,0,0.248156,400,0
0.45,0.7,1,160000,0,0.262475,0,0.244144,0,0.243487,0,0.249894,400,0
0.45,0.75,1,0,0.125625,0.123775,0.125494,0.124744,0.124694,0.125138,0.124419,0.126112,400,0
0.45,0.75,1,1000,0.00241875,0.263763,0.01545,0.223081,0.0253062,0.221525,0.0192625,0.229194,400,0
0.45,0.75,1,2000,0,0.236094,0,0.252094,0,0.250194,0,0.261619,400,0
0.45,0.75,1,3000,0,0.246638,0,0.25095,0,0.247994,0,0.254419,400,0
0.45,0.75,1,5000,0,0.242875,0,0.2605,0,0.251331,0,0.245294,400,0
0.45,0.75,1,7000,0,0.24345,0,0.245931,0,0.244769,0,0.26585,400,0
0.45,0.75,1,10000,0,0.26195,0,0.251919,0,0.238744,0,0.247388,400,0
0.45,0.75,1,25000,0,0.242262,0,0.243081,0,0.262031,0,0.252625,400,0
0.45,0.75,1,50000,0,0.256306,0,0.263163,0,0.247562,0,0.232969,400,0
0.45,0.75,1,100000,0,0.239569,0,0.2451,0,0.249537,0,0.265794,400,0
0.45,0.75,1,160000,0,0.249281,0,0.24045,0,0.251462,0,0.258806,400,0
0.45,0.75,1,0,0.124256,0.125169,0.125787,0.125194,0.125856,0.123912,0.124719,0.125106,400,0
0.45,0.75,1,1000,0.00393125,0.236987,0.00219375,0.254025,0.0084125,0.235406,0.00649375,0.25255,400,0
0.45,0.75,1,2000,0,0.2459,0,0.256563,0,0.263894,0,0.233644,400,0
0.45,0.75,1,3000,0,0.244425,0,0.239525,0,0.251937,0,0.264112,400,0
0.45,0.75,1,5000,0,0.2466,0,0.246587,0,0.269888,0,0.236925,400,0
0.45,0.75,1,7000,0,0.250937,0,0.242006,0,0.242375,0,0.264681,400,0
0.45,0.75,1,10000,0,0.231719,0,0.249294,0,0.263313,0,0.255675,400,0
0.45,0.75,1,25000,0,0.262806,0,0.241044,0,0.241069,0,0.255081,400,0
0.45,0.75,1,50000,0,0.256181,0,0.243381,0,0.242419,0,0.258019,400,0
0.45,0.75,1,100000,0,0.239519,0,0.255631,0,0.254694,0,0.250156,400,0
0.45,0.75,1,160000,0,0.241044,0,0.265238,0,0.244544,0,0.249175,400,0
0.45,0.8,1,0,0.127125,0.125544,0.125094,0.125787,0.123619,0.123863,0.125681,0.123287,400,0
0.45,0.8,1,1000,0.00639375,0.261188,0.0121438,0.228506,0.0249812,0.211169,0.0113875,0.244231,400,0
0.45,0.8,1,2000,0,0.245781,0,0.252981,0,0.2508,0,0.250437,400,0
0.45,0.8,1,3000,0,0.2618,0,0.253937,0,0.238419,0,0.245844,400,0
0.45,0.8,1,5000,0,0.262537,0,0.246713,0,0.243494,0,0.247256,400,0
0.45,0.8,1,7000,0,0.263406,0,0.226362,0,0.247275,0,0.262956,400,0
0.45,0.8,1,10000,0,0.262562,0,0.258356,0,0.253644,0,0.225438,400,0
0.45,0.8,1,25000,0,0.254287,0,0.255656,0,0.236863,0,0.253194,400,0
0.45,0.8,1,50000,0,0.250262,0,0.233569,0,0.24375,0,0.272419,400,0
0.45,0.8,1,100000,0,0.248625,0,0.262781,0,0.253306,0,0.235288,400,0
0.45,0.8,1,160000,0,0.239762,0,0.243075,0,0.261531,0,0.255631,400,0
0.45,0.8,1,0,0.125794,0.124494,0.123369,0.125419,0.123219,0.125131,0.125994,0.126581,400,0
0.45,0.8,1,1000,0,0.256675,0.00061875,0.234644,0.00224375,0.256981,0.0036375,0.2452,400,0
0.45,0.8,1,2000,0,0.245119,0,0.264175,0,0.2408,0,0.249906,400,0
0.45,0.8,1,3000,0,0.269213,0,0.253375,0,0.229794,0,0.247619,400,0
0.45,0.8,1,5000,0,0.256,0,0.254144,0,0.246231,0,0.243625,400,0
0.45,0.8,1,7000,0,0.239919,0,0.238331,0,0.254144,0,0.267606,400,0
0.45,0.8,1,10000,0,0.2505,0,0.228694,0,0.266381,0,0.254425,400,0
0.45,0.8,1,25000,0,0.2708,0,0.261562,0,0.2321,0,0.235538,400,0
0.45,0.8,1,50000,0,0.243319,0,0.249537,0,0.26935,0,0.237794,400,0
0.45,0.8,1,100000,0,0.259956,0,0.251613,0,0.234806,0,0.253625,400,0
0.45,0.8,1,160000,0,0.235419,0,0.260937,0,0.257037,0,0.246606,400,0
0.45,0.85,1,0,0.124881,0.124581,0.125194,0.124506,0.125069,0.124644,0.125094,0.126031,400,0
0.45,0.85,1,1000,0,0.235006,0,0.257731,0.0008625,0.251437,0.00103125,0.253931,400,0
0.45,0.85,1,2000,0,0.255706,0,0.22125,0,0.253669,0,0.269375,400,0
0.45,0.85,1,3000,0,0.25135,0,0.250312,0,0.253138,0,0.2452,400,0
0.45,0.85,1,5000,0,0.239281,0,0.243381,0,0.25895,0,0.258387,400,0
0.45,0.85,1,7000,0,0.241313,0,0.236656,0,0.261519,0,0.260512,400,0
0.45,0.85,1,10000,0,0.246675,0,0.252019,0,0.257138,0,0.244169,400,0
0.45,0.85,1,25000,0,0.240138,0,0.243413,0,0.261087,0,0.255362,400,0
0.45,0.85,1,50000,0,0.259088,0,0.247713,0,0.243625,0,0.249575,400,0
0.45,0.85,1,100000,0,0.253787,0,0.257581,0,0.247506,0,0.241125,400,0
0.45,0.85,1,160000,0,0.250663,0,0.244825,0,0.2673,0,0.237212,400,0
0.45,0.85,1,0,0.123375,0.126856,0.125269,0.124906,0.124838,0.125812,0.124412,0.124531,400,0
0.45,0.85,1,1000,0,0.251344,0,0.240331,0.00016875,0.233781,1.25e-05,0.274363,400,0
0.45,0.85,1,2000,0,0.247744,0,0.247337,0,0.248775,0,0.256144,400,0
0.45,0.85,1,3000,0,0.263238,0,0.262912,0,0.236431,0,0.237419,400,0
0.45,0.85,1,5000,0,0.24745,0,0.250931,0,0.261081,0,0.240537,400,0
0.45,0.85,1,7000,0,0.267487,0,0.239894,0,0.242825,0,0.249794,400,0
0.45,0.85,1,10000,0,0.258931,0,0.245175,0,0.237506,0,0.258387,400,0
0.45,0.85,1,25000,0,0.245406,0,0.242537,0,0.258025,0,0.254031,400,0
0.45,0.85,1,50000,0,0.249556,0,0.246269,0,0.254481,0,0.249694,400,0
0.45,0.85,1,100000,0,0.255706,0,0.257719,0,0.247681,0,0.238894,400,0
0.45,0.85,1,160000,0,0.2641,0,0.241831,0,0.240069,0,0.254,400,0
0.45,0.9,1,0,0.124556,0.12505,0.124162,0.125425,0.124537,0.1252,0.125438,0.125631,400,0
0.45,0.9,1,1000,0.00054375,0.260825,0,0.238669,0.0002875,0.250213,0.0017,0.247762,400,0
0.45,0.9,1,2000,0,0.259275,0,0.245275,0,0.247969,0,0.247481,400,0
0.45,0.9,1,3000,0,0.239269,0,0.251019,0,0.253213,0,0.2565,400,0
0.45,0.9,1,5000,0,0.243206,0,0.2583,0,0.247581,0,0.250912,400,0
0.45,0.9,1,7000,0,0.254925,0,0.240756,0,0.251856,0,0.252462,400,0
0.45,0.9,1,10000,0,0.2527,0,0.262175,0,0.250694,0,0.234431,400,0
0.45,0.9,1,25000,0,0.262962,0,0.2645,0,0.232131,0,0.240406,400,0
0.45,0.9,1,50000,0,0.240487,0,0.251763,0,0.249762,0,0.257987,400,0
0.45,0.9,1,100000,0,0.241487,0,0.235744,0,0.256169,0,0.2666,400,0
0.45,0.9,1,160000,0,0.254719,0,0.232738,0,0.255275,0,0.257269,400,0
0.45,0.9,1,0,0.123875,0.124512,0.124037,0.126144,0.126512,0.124831,0.1245,0.125587,400,0
0.45,0.9,1,1000,0.00401875,0.233881,0.00286875,0.257837,0.00499375,0.245812,0.00485625,0.245731,400,0
0.45,0.9,1,2000,0,0.272094,0,0.235637,0,0.240031,0,0.252238,400,0
0.45,0.9,1,3000,0,0.245731,0,0.258362,0,0.256406,0,0.2395,400,0
0.45,0.9,1,5000,0,0.238269,0,0.253369,0,0.248594,0,0.259769,400,0
0.45,0.9,1,7000,0,0.239044,0,0.252731,0,0.2504,0,0.257825,400,0
0.45,0.9,1,10000,0,0.261206,0,0.248119,0,0.242681,0,0.247994,400,0
0.45,0.9,1,25000,0,0.236919,0,0.232394,0,0.256419,0,0.274269,400,0
0.45,0.9,1,50000,0,0.258813,0,0.256756,0,0.241287,0,0.243144,400,0
0.45,0.9,1,100000,0,0.242775,0,0.254713,0,0.238888,0,0.263625,400,0
0.45,0.9,1,160000,0,0.251437,0,0.234994,0,0.254756,0,0.258813,400,0
0.45,0.95,1,0,0.123931,0.124506,0.126575,0.123419,0.125331,0.12525,0.125413,0.125575,400,0
0.45,0.95,1,1000,0,0.247481,0,0.23885,0.001225,0.255337,0.00095625,0.25615,400,0
0.45,0.95,1,2000,0,0.244163,0,0.245812,0,0.253856,0,0.256169,400,0
0.45,0.95,1,3000,0,0.253444,0,0.244275,0,0.243312,0,0.258969,400,0
0.45,0.95,1,5000,0,0.247688,0,0.262519,0,0.251513,0,0.238281,400,0
0.45,0.95,1,7000,0,0.249037,0,0.250275,0,0.253656,0,0.247031,400,0
0.45,0.95,1,10000,0,0.2341,0,0.2513,0,0.249131,0,0.265469,400,0
0.45,0.95,1,25000,0,0.249681,0,0.256563,0,0.259113,0,0.234644,400,0
0.45,0.95,1,50000,0,0.246175,0,0.2451,0,0.25595,0,0.252775,400,0
0.45,0.95,1,100000,0,0.255156,0,0.2651,0,0.24085,0,0.238894,400,0
0.45,0.95,1,160000,0,0.252619,0,0.235088,0,0.252194,0,0.2601,400,0
0.45,0.95,1,0,0.125019,0.124713,0.124838,0.124581,0.125131,0.125938,0.12575,0.124031,400,0
0.45,0.95,1,1000,0.00300625,0.252906,0.0078625,0.229931,0.013775,0.227144,0.00771875,0.257656,400,0
0.45,0.95,1,2000,0,0.242556,0,0.261619,0,0.241512,0,0.254312,400,0
0.45,0.95,1,3000,0,0.256075,0,0.260894,0,0.242256,0,0.240775,400,0
0.45,0.95,1,5000,0,0.227625,0,0.237563,0,0.262181,0,0.272631,400,0
0.45,0.95,1,7000,0,0.262213,0,0.242175,0,0.245363,0,0.25025,400,0
0.45,0.95,1,10000,0,0.247031,0,0.242431,0,0.260313,0,0.250225,400,0
0.45,0.95,1,25000,0,0.248375,0,0.25145,0,0.249194,0,0.250981,400,0
0.45,0.95,1,50000,0,0.241012,0,0.246331,0,0.26385,0,0.248806,400,0
0.45,0.95,1,100000,0,0.226813,0,0.250919,0,0.259044,0,0.263225,400,0
0.45,0.95,1,160000,0,0.252731,0,0.237619,0,0.257369,0,0.252281,400,0
0.45,1,1,0,0.125206,0.123019,0.124044,0.124594,0.126612,0.125281,0.125606,0.125638,400,0
0.45,1,1,1000,0.00055625,0.242325,0.004425,0.240694,0.0108375,0.244438,0.00494375,0.251781,400,0
0.45,1,1,2000,0,0.240644,0,0.252862,0,0.257975,0,0.248519,400,0
0.45,1,1,3000,0,0.238531,0,0.243,0,0.261719,0,0.25675,400,0
0.45,1,1,5000,0,0.25625,0,0.24285,0,0.261025,0,0.239875,400,0
0.45,1,1,7000,0,0.256094,0,0.238756,0,0.259044,0,0.246106,400,0
0.45,1,1,10000,0,0.249731,0,0.250731,0,0.255131,0,0.244406,400,0
0.45,1,1,25000,0,0.247375,0,0.242081,0,0.24355,0,0.266994,400,0
0.45,1,1,50000,0,0.234875,0,0.245,0,0.263044,0,0.257081,400,0
0.45,1,1,100000,0,0.237563,0,0.2415,0,0.264838,0,0.2561,400,0
0.45,1,1,160000,0,0.262512,0,0.245737,0,0.227463,0,0.264288,400,0
0.45,1,1,0,0.124894,0.125262,0.126306,0.124169,0.1253,0.125069,0.124181,0.124819,400,0
0.45,1,1,1000,0,0.270225,0,0.235631,0.00243125,0.228894,0.00346875,0.25935,400,0
0.45,1,1,2000,0,0.268006,0,0.241344,0,0.240081,0,0.250569,400,0
0.45,1,1,3000,0,0.245381,0,0.244425,0,0.252056,0,0.258138,400,0
0.45,1,1,5000,0,0.244812,0,0.248075,0,0.259056,0,0.248056,400,0
0.45,1,1,7000,0,0.252819,0,0.2462,0,0.256638,0,0.244344,400,0
0.45,1,1,10000,0,0.242413,0,0.2655,0,0.255925,0,0.236162,400,0
0.45,1,1,25000,0,0.256144,0,0.25335,0,0.2382,0,0.252306,400,0
0.45,1,1,50000,0,0.254056,0,0.249144,0,0.242081,0,0.254719,400,0
0.45,1,1,100000,0,0.268325,0,0.254294,0,0.241762,0,0.235619,400,0
0.45,1,1,160000,0,0.2514,0,0.245781,0,0.241206,0,0.261613,400,0
0.5,0,1,0,0.124325,0.125638,0.124469,0.1255,0.125331,0.123762,0.125281,0.125694,400,0
0.5,0,1,1000,0.09225,0.172387,0.0940562,0.155888,0.0701187,0.173969,0.0783937,0.162938,400,0
0.5,0,1,2000,0.0951063,0.161281,0.0701,0.170706,0.0952812,0.1727,0.0852187,0.149606,400,0
0.5,0,1,3000,0.06685,0.180075,0.068575,0.175,0.06625,0.183781,0.0753063,0.184163,400,0
0.5,0,1,5000,0.0592063,0.199387,0.0470937,0.185856,0.0531563,0.196463,0.052125,0.206712,400,0
0.5,0,1,7000,0.0409625,0.226887,0.043675,0.206262,0.0421438,0.193281,0.0395687,0.207219,400,0
0.5,0,1,10000,0.0312,0.213281,0.0299937,0.221188,0.0316437,0.214037,0.045525,0.213131,400,0
0.5,0,1,25000,0,0.246037,0,0.26215,0,0.244812,0,0.247,400,0
0.5,0,1,50000,0,0.270256,0,0.24135,0,0.24245,0,0.245944,400,0
0.5,0,1,100000,0,0.253394,0,0.248225,0,0.248494,0,0.249888,400,0
0.5,0,1,160000,0,0.23925,0,0.250894,0,0.248269,0,0.261587,400,0
0.5,0,1,0,0.125575,0.1237,0.125725,0.124075,0.125325,0.126887,0.124706,0.124006,400,0
0.5,0,1,1000,0.0995438,0.152294,0.0926125,0.139162,0.103969,0.1572,0.095175,0.160044,400,0
0.5,0,1,2000,0.0965063,0.149519,0.0984063,0.144006,0.115181,0.147406,0.0942438,0.154731,400,0
0.5,0,1,3000,0.115087,0.12455,0.119981,0.151519,0.121788,0.128312,0.114131,0.124631,400,0
0.5,0,1,5000,0.132056,0.116663,0.1304,0.118931,0.136788,0.112113,0.139875,0.113175,400,0
0.5,0,1,7000,0.1395,0.128431,0.125181,0.121175,0.129287,0.124981,0.116881,0.114562,400,0
0.5,0,1,10000,0.135544,0.101212,0.145288,0.106463,0.149462,0.106287,0.153569,0.102175,400,0
0.5,0,1,25000,0.110094,0.140019,0.105994,0.123606,0.111794,0.144425,0.112575,0.151494,400,0
0.5,0,1,50000,0.157887,0.0980063,0.158963,0.0941875,0.148044,0.106156,0.152044,0.0847125,400,0
0.5,0,1,100000,0.244663,0,0.237931,0,0.258069,0,0.259337,0,400,0
0.5,0,1,160000,0.240144,0,0.244619,0,0.24755,0,0.267688,0,400,0
0.5,0.05,1,0,0.126225,0.122931,0.124363,0.125925,0.124319,0.125562,0.124506,0.126169,400,0
0.5,0.05,1,1000,0.059025,0.213094,0.0572187,0.188388,0.0550187,0.170356,0.06175,0.19515,400,0
0.5,0.05,1,2000,0.0107875,0.227794,0.0131125,0.260125,0.0104,0.250275,0.00765,0.219856,400,0
0.5,0.05,1,3000,0,0.264931,0,0.2446,0,0.228675,0,0.261794,400,0
0.5,0.05,1,5000,0,0.2449,0,0.270181,0,0.247494,0,0.237425,400,0
0.5,0.05,1,7000,0,0.241875,0,0.247312,0,0.255525,0,0.255288,400,0
0.5,0.05,1,10000,0,0.245062,0,0.254706,0,0.241675,0,0.258556,400,0
0.5,0.05,1,25000,0,0.265238,0,0.234687,0,0.250538,0,0.249537,400,0
0.5,0.05,1,50000,0,0.24825,0,0.23375,0,0.255425,0,0.262575,400,0
0.5,0.05,1,100000,0,0.263125,0,0.239687,0,0.256588,0,0.2406,400,0
0.5,0.05,1,160000,0,0.254875,0,0.249494,0,0.243888,0,0.251744,400,0
0.5,0.05,1,0,0.1247,0.125569,0.126244,0.125144,0.124938,0.125256,0.125719,0.122431,400,0
0.5,0.05,1,1000,0.035525,0.224931,0.0444625,0.212931,0.0300688,0.210294,0.0359812,0.205806,400,0
0.5,0.05,1,2000,0,0.251406,0,0.239475,0,0.261569,0,0.24755,400,0
0.5,0.05,1,3000,0,0.23925,0,0.267788,0,0.258175,0,0.234788,400,0
0.5,0.05,1,5000,0,0.234469,0,0.255675,0,0.247863,0,0.261994,400,0
0.5,0.05,1,7000,0,0.250631,0,0.260788,0,0.233794,0,0.254788,400,0
0.5,0.05,1,10000,0,0.258331,0,0.233981,0,0.254387,0,0.2533,400,0
0.5,0.05,1,25000,0,0.240475,0,0.244556,0,0.2502,0,0.264769,400,0
0.5,0.05,1,50000,0,0.24685,0,0.255731,0,0.242625,0,0.254794,400,0
0.5,0.05,1,100000,0,0.260375,0,0.254269,0,0.25315,0,0.232206,400,0
0.5,0.05,1,160000,0,0.269944,0,0.248644,0,0.231137,0,0.250275,400,0
0.5,0.1,1,0,0.124069,0.126131,0.124381,0.125519,0.124863,0.125262,0.124375,0.1254,400,0
0.5,0.1,1,1000,0,0.249856,0.00013125,0.241856,0.00209375,0.237281,0.0034125,0.265369,400,0
0.5,0.1,1,2000,0,0.254469,0,0.259969,0,0.237531,0,0.248031,400,0
0.5,0.1,1,3000,0,0.264987,0,0.244613,0,0.241894,0,0.248506,400,0
0.5,0.1,1,5000,0,0.255169,0,0.235031,0,0.257763,0,0.252038,400,0
0.5,0.1,1,7000,0,0.241406,0,0.253588,0,0.255525,0,0.249481,400,0
0.5,0.1,1,10000,0,0.237056,0,0.259969,0,0.25615,0,0.246825,400,0
0.5,0.1,1,25000,0,0.255494,0,0.263719,0,0.248231,0,0.232556,400,0
0.5,0.1,1,50000,0,0.260788,0,0.266469,0,0.243725,0,0.229019,400,0
0.5,0.1,1,100000,0,0.269669,0,0.242888,0,0.237194,0,0.25025,400,0
0.5,0.1,1,160000,0,0.243556,0,0.254025,0,0.246594,0,0.255825,400,0
0.5,0.1,1,0,0.125175,0.125331,0.124863,0.124769,0.126956,0.123156,0.124162,0.125587,400,0
0.5,0.1,1,1000,0.036325,0.218981,0.0379125,0.196825,0.0422187,0.195656,0.0321437,0.239937,400,0
0.5,0.1,1,2000,0,0.245856,0,0.234606,0,0.265144,0,0.254394,400,0
0.5,0.1,1,3000,0,0.244881,0,0.254125,0,0.251563,0,0.249431,400,0
0.5,0.1,1,5000,0,0.2527,0,0.252763,0,0.253756,0,0.240781,400,0
0.5,0.1,1,7000,0,0.241806,0,0.255094,0,0.255894,0,0.247206,400,0
0.5,0.1,1,10000,0,0.242931,0,0.23845,0,0.249675,0,0.268944,400,0
0.5,0.1,1,25000,0,0.246475,0,0.260837,0,0.249837,0,0.24285,400,0
0.5,0.1,1,50000,0,0.25425,0,0.255837,0,0.246156,0,0.243756,400,0
0.5,0.1,1,100000,0,0.24815,0,0.262163,0,0.243706,0,0.245981,400,0
0.5,0.1,1,160000,0,0.242675,0,0.257781,0,0.264569,0,0.234975,400,0
0.5,0.15,1,0,0.124525,0.124706,0.124731,0.124506,0.124988,0.126394,0.125675,0.124475,400,0
0.5,0.15,1,1000,0.00120625,0.249419,0.00035625,0.250819,0.00036875,0.243631,0.00269375,0.251506,400,0
0.5,0.15,1,2000,0,0.258713,0,0.229162,0,0.259088,0,0.253038,400,0
0.5,0.15,1,3000,0,0.250656,0,0.245169,0,0.250956,0,0.253219,400,0
0.5,0.15,1,5000,0,0.237794,0,0.262081,0,0.247587,0,0.252538,400,0
0.5,0.15,1,7000,0,0.267012,0,0.255525,0,0.228594,0,0.248869,400,0
0.5,0.15,1,10000,0,0.248625,0,0.251281,0,0.256219,0,0.243875,400,0
0.5,0.15,1,25000,0,0.241025,0,0.258356,0,0.254519,0,0.2461,400,0
0.5,0.15,1,50000,0,0.248844,0,0.265206,0,0.241462,0,0.244487,400,0
0.5,0.15,1,100000,0,0.248194,0,0.2578,0,0.244044,0,0.249963,400,0
0.5,0.15,1,160000,0,0.246762,0,0.240519,0,0.2495,0,0.263219,400,0
0.5,0.15,1,0,0.12545,0.125175,0.124694,0.123906,0.125925,0.125181,0.125612,0.124056,400,0
0.5,0.15,1,1000,0.00108125,0.250356,0.00125,0.250163,0.00076875,0.244475,0.00031875,0.251588,400,0
0.5,0.15,1,2000,0,0.240519,0,0.256681,0,0.253881,0,0.248919,400,0
0.5,0.15,1,3000,0,0.254312,0,0.248394,0,0.251306,0,0.245987,400,0
0.5,0.15,1,5000,0,0.239987,0,0.266556,0,0.258975,0,0.234481,400,0
0.5,0.15,1,7000,0,0.240044,0,0.240863,0,0.2448,0,0.274294,400,0
0.5,0.15,1,10000,0,0.246812,0,0.245756,0,0.2525,0,0.254931,400,0
0.5,0.15,1,25000,0,0.269437,0,0.252188,0,0.237531,0,0.240844,400,0
0.5,0.15,1,50000,0,0.235731,0,0.240787,0,0.258987,0,0.264494,400,0
0.5,0.15,1,100000,0,0.239506,0,0.243175,0,0.252181,0,0.265138,400,0
0.5,0.15,1,160000,0,0.253688,0,0.254406,0,0.248069,0,0.243838,400,0
0.5,0.2,1,0,0.124506,0.124044,0.1244,0.125406,0.126031,0.125006,0.125469,0.125138,400,0
0.5,0.2,1,1000,0.0046875,0.227513,0.00555,0.246119,0.00570625,0.25125,0.0034875,0.255688,400,0
0.5,0.2,1,2000,0,0.230712,3.75e-05,0.2618,0,0.261381,0,0.246069,400,0
0.5,0.2,1,3000,0,0.247237,0,0.24175,0,0.253306,0,0.257706,400,0
0.5,0.2,1,5000,0,0.242069,0,0.255837,0,0.255344,0,0.24675,400,0
0.5,0.2,1,7000,0,0.241456,0,0.231725,0,0.257544,0,0.269275,400,0
0.5,0.2,1,10000,0,0.235719,0,0.253019,0,0.259706,0,0.251556,400,0
0.5,0.2,1,25000,0,0.250769,0,0.260588,0,0.247781,0,0.240863,400,0
0.5,0.2,1,50000,0,0.252206,0,0.255387,0,0.243962,0,0.248444,400,0
0.5,0.2,1,100000,0,0.238987,0,0.260169,0,0.259425,0,0.241419,400,0
0.5,0.2,1,160000,0,0.23675,0,0.25655,0,0.254869,0,0.251831,400,0
0.5,0.2,1,0,0.125706,0.12565,0.123456,0.123656,0.125488,0.125269,0.125713,0.125062,400,0
0.5,0.2,1,1000,0.0007,0.24445,0.00416875,0.235819,0.00369375,0.248638,0.00290625,0.259625,400,0
0.5,0.2,1,2000,0,0.263781,0,0.232231,0,0.24755,0,0.256437,400,0
0.5,0.2,1,3000,0,0.253387,0,0.240787,0,0.247863,0,0.257962,400,0
0.5,0.2,1,5000,0,0.248713,0,0.252056,0,0.253088,0,0.246144,400,0
0.5,0.2,1,7000,0,0.24375,0,0.241544,0,0.253081,0,0.261625,400,0
0.5,0.2,1,10000,0,0.268388,0,0.2377,0,0.246106,0,0.247806,400,0
0.5,0.2,1,25000,0,0.252263,0,0.246194,0,0.246981,0,0.254563,400,0
0.5,0.2,1,50000,0,0.244462,0,0.244756,0,0.24625,0,0.264531,400,0
0.5,0.2,1,100000,0,0.233106,0,0.251437,0,0.263562,0,0.251894,400,0
0.5,0.2,1,160000,0,0.258131,0,0.246594,0,0.245369,0,0.249906,400,0
0.5,0.25,1,0,0.125831,0.125875,0.125175,0.124231,0.123325,0.125856,0.125362,0.124344,400,0
0.5,0.25,1,1000,0,0.259412,8.125e-05,0.248306,0.00036875,0.2487,0.00095,0.242181,400,0
0.5,0.25,1,2000,0,0.247481,0,0.261338,0,0.252837,0,0.238344,400,0
0.5,0.25,1,3000,0,0.240638,0,0.2397,0,0.260337,0,0.259325,400,0
0.5,0.25,1,5000,0,0.252875,0,0.256369,0,0.2496,0,0.241156,400,0
0.5,0.25,1,7000,0,0.243294,0,0.26045,0,0.254506,0,0.24175,400,0
0.5,0.25,1,10000,0,0.240244,0,0.25695,0,0.252563,0,0.250244,400,0
0.5,0.25,1,25000,0,0.245188,0,0.255012,0,0.247025,0,0.252775,400,0
0.5,0.25,1,50000,0,0.24635,0,0.266769,0,0.247394,0,0.239487,400,0
0.5,0.25,1,100000,0,0.248844,0,0.263394,0,0.244631,0,0.243131,400,0
0.5,0.25,1,160000,0,0.237638,0,0.246819,0,0.25385,0,0.261694,400,0
0.5,0.25,1,0,0.125331,0.126337,0.124375,0.125181,0.123181,0.126025,0.124006,0.125562,400,0
0.5,0.25,1,1000,0.0095875,0.226375,0.0073375,0.250638,0.0101375,0.229994,0.00584375,0.260088,400,0
0.5,0.25,1,2000,0,0.256106,0,0.261594,0,0.248431,0,0.233869,400,0
0.5,0.25,1,3000,0,0.257887,0,0.245294,0,0.260081,0,0.236737,400,0
0.5,0.25,1,5000,0,0.261356,0,0.243231,0,0.238419,0,0.256994,400,0
0.5,0.25,1,7000,0,0.251475,0,0.253756,0,0.251306,0,0.243462,400,0
0.5,0.25,1,10000,0,0.24155,0,0.236669,0,0.260781,0,0.261,400,0
0.5,0.25,1,25000,0,0.250475,0,0.239806,0,0.252306,0,0.257412,400,0
0.5,0.25,1,50000,0,0.24575,0,0.240869,0,0.243312,0,0.270069,400,0
0.5,0.25,1,100000,0,0.241138,0,0.245037,0,0.269394,0,0.244431,400,0
0.5,0.25,1,160000,0,0.233019,0,0.256138,0,0.258556,0,0.252287,400,0
0.5,0.3,1,0,0.125625,0.124037,0.124887,0.125219,0.125544,0.124844,0.125362,0.124481,400,0
0.5,0.3,1,1000,0,0.269031,0.00025,0.213844,0.00331875,0.257912,0.0010125,0.254631,400,0
0.5,0.3,1,2000,0,0.2371,0,0.248444,0,0.265944,0,0.248512,400,0
0.5,0.3,1,3000,0,0.242731,0,0.240419,0,0.264556,0,0.252294,400,0
0.5,0.3,1,5000,0,0.252287,0,0.248463,0,0.259031,0,0.240219,400,0
0.5,0.3,1,7000,0,0.242069,0,0.261869,0,0.271294,0,0.224769,400,0
0.5,0.3,1,10000,0,0.241962,0,0.252706,0,0.248281,0,0.25705,400,0
0.5,0.3,1,25000,0,0.242581,0,0.228706,0,0.258138,0,0.270575,400,0
0.5,0.3,1,50000,0,0.231769,0,0.25465,0,0.263519,0,0.250063,400,0
0.5,0.3,1,100000,0,0.256531,0,0.2471,0,0.255944,0,0.240425,400,0
0.5,0.3,1,160000,0,0.243444,0,0.258937,0,0.245469,0,0.25215,400,0
0.5,0.3,1,0,0.126419,0.125825,0.12495,0.123925,0.125119,0.124813,0.124075,0.124875,400,0
0.5,0.3,1,1000,0.00055,0.248894,0.00074375,0.251944,0.00045,0.244206,0.000175,0.253038,400,0
0.5,0.3,1,2000,0,0.25285,0,0.255981,0,0.2441,0,0.247069,400,0
0.5,0.3,1,3000,0,0.255794,0,0.232519,0,0.259062,0,0.252625,400,0
0.5,0.3,1,5000,0,0.256912,0,0.257094,0,0.241206,0,0.244787,400,0
0.5,0.3,1,7000,0,0.259094,0,0.266087,0,0.238138,0,0.236681,400,0
0.5,0.3,1,10000,0,0.239506,0,0.243469,0,0.266644,0,0.250381,400,0
0.5,0.3,1,25000,0,0.255969,0,0.25775,0,0.245144,0,0.241138,400,0
0.5,0.3,1,50000,0,0.260469,0,0.26165,0,0.233525,0,0.244356,400,0
0.5,0.3,1,100000,0,0.254287,0,0.251725,0,0.244031,0,0.249956,400,0
0.5,0.3,1,160000,0,0.244319,0,0.25215,0,0.252719,0,0.250812,400,0
0.5,0.35,1,0,0.124681,0.125794,0.12415,0.125781,0.125156,0.125706,0.124188,0.124544,400,0
0.5,0.35,1,1000,0.005725,0.251875,0.0127625,0.249531,0.00711875,0.232619,0.00278125,0.237588,400,0
0.5,0.35,1,2000,0,0.246213,0,0.24515,0,0.247425,0,0.261213,400,0
0.5,0.35,1,3000,0,0.270056,0,0.239044,0,0.238806,0,0.252094,400,0
0.5,0.35,1,5000,0,0.252937,0,0.239844,0,0.254531,0,0.252688,400,0
0.5,0.35,1,7000,0,0.254169,0,0.245925,0,0.258019,0,0.241888,400,0
0.5,0.35,1,10000,0,0.250738,0,0.248744,0,0.269131,0,0.231387,400,0
0.5,0.35,1,25000,0,0.263681,0,0.245544,0,0.24665,0,0.244125,400,0
0.5,0.35,1,50000,0,0.256631,0,0.270288,0,0.236162,0,0.236919,400,0
0.5,0.35,1,100000,0,0.253231,0,0.264506,0,0.25,0,0.232263,400,0
0.5,0.35,1,160000,0,0.243125,0,0.249856,0,0.261225,0,0.245794,400,0
0.5,0.35,1,0,0.123594,0.123725,0.125356,0.124969,0.126612,0.125537,0.125713,0.124494,400,0
0.5,0.35,1,1000,0,0.251156,0.0002375,0.2351,0.000575,0.249531,0.00125625,0.262144,400,0
0.5,0.35,1,2000,0,0.268081,0,0.244888,0,0.241075,0,0.245956,400,0
0.5,0.35,1,3000,0,0.241475,0,0.258381,0,0.234469,0,0.265675,400,0
0.5,0.35,1,5000,0,0.248081,0,0.248044,0,0.255756,0,0.248119,400,0
0.5,0.35,1,7000,0,0.228869,0,0.253781,0,0.262987,0,0.254362,400,0
0.5,0.35,1,10000,0,0.253325,0,0.241762,0,0.247225,0,0.257688,400,0
0.5,0.35,1,25000,0,0.2549,0,0.250912,0,0.242481,0,0.251706,400,0
0.5,0.35,1,50000,0,0.236762,0,0.240037,0,0.266688,0,0.256512,400,0
0.5,0.35,1,100000,0,0.246613,0,0.233794,0,0.266363,0,0.253231,400,0
0.5,0.35,1,160000,0,0.239937,0,0.23675,0,0.26355,0,0.259763,400,0
0.5,0.4,1,0,0.125287,0.125087,0.124012,0.12485,0.125144,0.124481,0.125725,0.125413,400,0
0.5,0.4,1,1000,0.0146187,0.23955,0.0206125,0.2245,0.018925,0.232063,0.0191625,0.230569,400,0
0.5,0.4,1,2000,0,0.258069,0,0.25605,0,0.236069,0,0.249812,400,0
0.5,0.4,1,3000,0,0.271831,0,0.235119,0,0.250681,0,0.242369,400,0
0.5,0.4,1,5000,0,0.245556,0,0.233575,0,0.258375,0,0.262494,400,0
0.5,0.4,1,7000,0,0.249681,0,0.246175,0,0.247363,0,0.256781,400,0
0.5,0.4,1,10000,0,0.250031,0,0.258937,0,0.2525,0,0.238531,400,0
0.5,0.4,1,25000,0,0.264094,0,0.24575,0,0.24715,0,0.243006,400,0
0.5,0.4,1,50000,0,0.249262,0,0.253012,0,0.244569,0,0.253156,400,0
0.5,0.4,1,100000,0,0.246219,0,0.219281,0,0.267037,0,0.267462,400,0
0.5,0.4,1,160000,0,0.236681,0,0.247481,0,0.2535,0,0.262338,400,0
0.5,0.4,1,0,0.125362,0.124244,0.12535,0.125075,0.125744,0.123644,0.124844,0.125738,400,0
0.5,0.4,1,1000,0.0011125,0.256837,0.0063875,0.243888,0.0077875,0.22905,0.0070125,0.247925,400,0
0.5,0.4,1,2000,0,0.252544,0,0.2458,0,0.248856,0,0.2528,400,0
0.5,0.4,1,3000,0,0.251481,0,0.237756,0,0.244113,0,0.26665,400,0
0.5,0.4,1,5000,0,0.243987,0,0.26125,0,0.254694,0,0.240069,400,0
0.5,0.4,1,7000,0,0.265069,0,0.241481,0,0.246056,0,0.247394,400,0
0.5,0.4,1,10000,0,0.260625,0,0.228563,0,0.241219,0,0.269594,400,0
0.5,0.4,1,25000,0,0.248275,0,0.229731,0,0.257225,0,0.264769,400,0
0.5,0.4,1,50000,0,0.247388,0,0.2592,0,0.243369,0,0.250044,400,0
0.5,0.4,1,100000,0,0.233831,0,0.269794,0,0.263906,0,0.232469,400,0
0.5,0.4,1,160000,0,0.244494,0,0.246969,0,0.254056,0,0.254481,400,0
0.5,0.45,1,0,0.124419,0.125075,0.123975,0.125819,0.12385,0.12475,0.127587,0.124525,400,0
0.5,0.45,1,1000,0,0.263788,6.25e-06,0.249488,1.875e-05,0.247913,0,0.238788,400,0
0.5,0.45,1,2000,0,0.258194,0,0.242156,0,0.237719,0,0.261931,400,0
0.5,0.45,1,3000,0,0.231488,0,0.261575,0,0.258769,0,0.248169,400,0
0.5,0.45,1,5000,0,0.261381,0,0.235187,0,0.257319,0,0.246113,400,0
0.5,0.45,1,7000,0,0.243663,0,0.250725,0,0.266094,0,0.239519,400,0
0.5,0.45,1,10000,0,0.258288,0,0.251456,0,0.241725,0,0.248531,400,0
0.5,0.45,1,25000,0,0.245681,0,0.244756,0,0.242256,0,0.267306,400,0
0.5,0.45,1,50000,0,0.244987,0,0.2614,0,0.258706,0,0.234906,400,0
0.5,0.45,1,100000,0,0.2595,0,0.249394,0,0.2517,0,0.239406,400,0
0.5,0.45,1,160000,0,0.256725,0,0.248944,0,0.239287,0,0.255044,400,0
0.5,0.45,1,0,0.123175,0.126344,0.125544,0.126775,0.124613,0.124325,0.1252,0.124025,400,0
0.5,0.45,1,1000,0.00225,0.256894,0.0047625,0.242206,0.00836875,0.225337,0.0059375,0.254244,400,0
0.5,0.45,1,2000,0,0.234569,0,0.236225,0,0.27565,0,0.253556,400,0
0.5,0.45,1,3000,0,0.248831,0,0.259688,0,0.248031,0,0.24345,400,0
0.5,0.45,1,5000,0,0.239594,0,0.2486,0,0.254219,0,0.257588,400,0
0.5,0.45,1,7000,0,0.243494,0,0.257569,0,0.267725,0,0.231212,400,0
0.5,0.45,1,10000,0,0.25475,0,0.255156,0,0.248738,0,0.241356,400,0
0.5,0.45,1,25000,0,0.2497,0,0.2488,0,0.245163,0,0.256337,400,0
0.5,0.45,1,50000,0,0.246244,0,0.2427,0,0.247787,0,0.263269,400,0
0.5,0.45,1,100000,0,0.2533,0,0.259731,0,0.239869,0,0.2471,400,0
0.5,0.45,1,160000,0,0.254656,0,0.240563,0,0.254563,0,0.250219,400,0
0.5,0.5,1,0,0.125531,0.125231,0.124119,0.125706,0.126806,0.124563,0.123194,0.12485,400,0
0.5,0.5,1,1000,0,0.250381,0.00025,0.255537,0.00133125,0.257181,0.00111875,0.2342,400,0
0.5,0.5,1,2000,0,0.248494,0,0.248287,0,0.253694,0,0.249525,400,0
0.5,0.5,1,3000,0,0.227831,0,0.257706,0,0.261381,0,0.253081,400,0
0.5,0.5,1,5000,0,0.263056,0,0.252238,0,0.232563,0,0.252144,400,0
0.5,0.5,1,7000,0,0.242831,0,0.239237,0,0.254862,0,0.263069,400,0
0.5,0.5,1,10000,0,0.258188,0,0.246944,0,0.245219,0,0.24965,400,0
0.5,0.5,1,25000,0,0.247644,0,0.246756,0,0.255194,0,0.250406,400,0
0.5,0.5,1,50000,0,0.259306,0,0.243075,0,0.237744,0,0.259875,400,0
0.5,0.5,1,100000,0,0.242406,0,0.251069,0,0.248269,0,0.258256,400,0
0.5,0.5,1,160000,0,0.239762,0,0.252538,0,0.257456,0,0.250244,400,0
0.5,0.5,1,0,0.125606,0.124438,0.126475,0.125575,0.124787,0.125213,0.123775,0.124131,400,0
0.5,0.5,1,1000,0,0.247319,0,0.253531,0,0.252837,0,0.246312,400,0
0.5,0.5,1,2000,0,0.244419,0,0.256106,0,0.255812,0,0.243663,400,0
0.5,0.5,1,3000,0,0.246806,0,0.247456,0,0.254081,0,0.251656,400,0
0.5,0.5,1,5000,0,0.249594,0,0.257525,0,0.250462,0,0.242419,400,0
0.5,0.5,1,7000,0,0.250038,0,0.240569,0,0.255669,0,0.253725,400,0
0.5,0.5,1,10000,0,0.242306,0,0.252663,0,0.240663,0,0.264369,400,0
0.5,0.5,1,25000,0,0.244606,0,0.262056,0,0.251775,0,0.241563,400,0
0.5,0.5,1,50000,0,0.254063,0,0.240225,0,0.247525,0,0.258188,400,0
0.5,0.5,1,100000,0,0.243969,0,0.244994,0,0.2402,0,0.270838,400,0
0.5,0.5,1,160000,0,0.256244,0,0.253775,0,0.241519,0,0.248463,400,0
0.5,0.55,1,0,0.124769,0.123406,0.125381,0.125131,0.124012,0.125444,0.126337,0.125519,400,0
0.5,0.55,1,1000,0,0.244138,0,0.250469,0.0008875,0.243394,0.00101875,0.260094,400,0
0.5,0.55,1,2000,0,0.255475,0,0.256875,0,0.245987,0,0.241663,400,0
0.5,0.55,1,3000,0,0.251231,0,0.238319,0,0.254594,0,0.255856,400,0
0.5,0.55,1,5000,0,0.240131,0,0.257619,0,0.256556,0,0.245694,400,0
0.5,0.55,1,7000,0,0.234444,0,0.254369,0,0.252487,0,0.2587,400,0
0.5,0.55,1,10000,0,0.250613,0,0.249256,0,0.262394,0,0.237737,400,0
0.5,0.55,1,25000,0,0.259925,0,0.253944,0,0.239025,0,0.247106,400,0
0.5,0.55,1,50000,0,0.25475,0,0.237313,0,0.257919,0,0.250019,400,0
0.5,0.55,1,100000,0,0.253912,0,0.237025,0,0.254631,0,0.254431,400,0
0.5,0.55,1,160000,0,0.247331,0,0.255738,0,0.254862,0,0.242069,400,0
0.5,0.55,1,0,0.123731,0.125006,0.126006,0.124563,0.124681,0.124213,0.126337,0.125463,400,0
0.5,0.55,1,1000,0.000425,0.245256,0.00015625,0.252194,0.001125,0.248519,0.0023,0.250025,400,0
0.5,0.55,1,2000,0,0.231338,0,0.257694,0,0.245669,0,0.2653,400,0
0.5,0.55,1,3000,0,0.253,0,0.240287,0,0.253725,0,0.252987,400,0
0.5,0.55,1,5000,0,0.247344,0,0.250525,0,0.252425,0,0.249706,400,0
0.5,0.55,1,7000,0,0.250469,0,0.243925,0,0.256519,0,0.249087,400,0
0.5,0.55,1,10000,0,0.246369,0,0.246156,0,0.25255,0,0.254925,400,0
0.5,0.55,1,25000,0,0.241469,0,0.258181,0,0.250481,0,0.249869,400,0
0.5,0.55,1,50000,0,0.247287,0,0.272987,0,0.234694,0,0.245031,400,0
0.5,0.55,1,100000,0,0.253594,0,0.243631,0,0.2577,0,0.245075,400,0
0.5,0.55,1,160000,0,0.263981,0,0.239131,0,0.237531,0,0.259356,400,0
0.5,0.6,1,0,0.126531,0.124344,0.125669,0.124225,0.125163,0.124744,0.123863,0.125463,400,0
0.5,0.6,1,1000,0,0.25275,0,0.249525,0,0.254937,0,0.242787,400,0
0.5,0.6,1,2000,0,0.245113,0,0.238975,0,0.257462,0,0.25845,400,0
0.5,0.6,1,3000,0,0.243081,0,0.264906,0,0.247256,0,0.244756,400,0
0.5,0.6,1,5000,0,0.267481,0,0.233588,0,0.234212,0,0.264719,400,0
0.5,0.6,1,7000,0,0.256144,0,0.238138,0,0.265587,0,0.240131,400,0
0.5,0.6,1,10000,0,0.261831,0,0.237563,0,0.265869,0,0.234737,400,0
0.5,0.6,1,25000,0,0.262756,0,0.248131,0,0.243231,0,0.245881,400,0
0.5,0.6,1,50000,0,0.251844,0,0.251887,0,0.242231,0,0.254038,400,0
0.5,0.6,1,100000,0,0.252606,0,0.269369,0,0.251944,0,0.226081,400,0
0.5,0.6,1,160000,0,0.2538,0,0.229775,0,0.254213,0,0.262213,400,0
0.5,0.6,1,0,0.125544,0.1255,0.125256,0.1244,0.125456,0.1236,0.124856,0.125388,400,0
0.5,0.6,1,1000,0.0003125,0.257469,0,0.244275,0.00145625,0.24605,0.00171875,0.248719,400,0
0.5,0.6,1,2000,0,0.236906,0,0.261819,0,0.254894,0,0.246381,400,0
0.5,0.6,1,3000,0,0.2638,0,0.249562,0,0.231681,0,0.254956,400,0
0.5,0.6,1,5000,0,0.25385,0,0.241394,0,0.256837,0,0.247919,400,0
0.5,0.6,1,7000,0,0.253069,0,0.257937,0,0.240644,0,0.24835,400,0
0.5,0.6,1,10000,0,0.236563,0,0.2491,0,0.265288,0,0.24905,400,0
0.5,0.6,1,25000,0,0.252919,0,0.249812,0,0.250262,0,0.247006,400,0
0.5,0.6,1,50000,0,0.258981,0,0.255469,0,0.247438,0,0.238113,400,0
0.5,0.6,1,100000,0,0.242675,0,0.266275,0,0.248406,0,0.242644,400,0
0.5,0.6,1,160000,0,0.259344,0,0.253606,0,0.243331,0,0.243719,400,0
0.5,0.65,1,0,0.125269,0.125688,0.126194,0.124794,0.124625,0.124231,0.125081,0.124119,400,0
0.5,0.65,1,1000,0.00091875,0.258387,0,0.249094,0,0.242481,0.0005,0.248619,400,0
0.5,0.65,1,2000,0,0.252144,0,0.253763,0,0.245888,0,0.248206,400,0
0.5,0.65,1,3000,0,0.246688,0,0.246294,0,0.256481,0,0.250538,400,0
0.5,0.65,1,5000,0,0.240144,0,0.254225,0,0.239588,0,0.266044,400,0
0.5,0.65,1,7000,0,0.259731,0,0.250738,0,0.237456,0,0.252075,400,0
0.5,0.65,1,10000,0,0.262113,0,0.252494,0,0.233712,0,0.251681,400,0
0.5,0.65,1,25000,0,0.264025,0,0.236162,0,0.246138,0,0.253675,400,0
0.5,0.65,1,50000,0,0.255819,0,0.251125,0,0.241806,0,0.25125,400,0
0.5,0.65,1,100000,0,0.259644,0,0.240369,0,0.233906,0,0.266081,400,0
0.5,0.65,1,160000,0,0.246581,0,0.259075,0,0.242762,0,0.251581,400,0
0.5,0.65,1,0,0.124919,0.124188,0.123069,0.124581,0.125669,0.125256,0.125612,0.126706,400,0
0.5,0.65,1,1000,0,0.248463,0,0.251462,0,0.252619,0,0.247456,400,0
0.5,0.65,1,2000,0,0.256656,0,0.255394,0,0.247812,0,0.240138,400,0
0.5,0.65,1,3000,0,0.259562,0,0.248544,0,0.242381,0,0.249512,400,0
0.5,0.65,1,5000,0,0.255275,0,0.247994,0,0.237831,0,0.2589,400,0
0.5,0.65,1,7000,0,0.262656,0,0.231031,0,0.255437,0,0.250875,400,0
0.5,0.65,1,10000,0,0.263231,0,0.259844,0,0.242831,0,0.234094,400,0
0.5,0.65,1,25000,0,0.257606,0,0.243275,0,0.251763,0,0.247356,400,0
0.5,0.65,1,50000,0,0.244106,0,0.24355,0,0.269075,0,0.243269,400,0
0.5,0.65,1,100000,0,0.239038,0,0.252613,0,0.24765,0,0.2607,400,0
0.5,0.65,1,160000,0,0.25225,0,0.244869,0,0.245188,0,0.257694,400,0
0.5,0.7,1,0,0.125594,0.124506,0.124125,0.1245,0.127056,0.124787,0.124063,0.125369,400,0
0.5,0.7,1,1000,0,0.244006,0,0.250056,7.5e-05,0.24935,0,0.256512,400,0
0.5,0.7,1,2000,0,0.238088,0,0.2543,0,0.256713,0,0.2509,400,0
0.5,0.7,1,3000,0,0.247406,0,0.258225,0,0.256387,0,0.237981,400,0
0.5,0.7,1,5000,0,0.243219,0,0.262306,0,0.248663,0,0.245812,400,0
0.5,0.7,1,7000,0,0.259188,0,0.257356,0,0.241456,0,0.242,400,0
0.5,0.7,1,10000,0,0.251644,0,0.2458,0,0.2483,0,0.254256,400,0
0.5,0.7,1,25000,0,0.238262,0,0.253594,0,0.255825,0,0.252319,400,0
0.5,0.7,1,50000,0,0.257281,0,0.250794,0,0.2358,0,0.256125,400,0
0.5,0.7,1,100000,0,0.272394,0,0.251013,0,0.233006,0,0.243588,400,0
0.5,0.7,1,160000,0,0.257056,0,0.241175,0,0.250831,0,0.250937,400,0
0.5,0.7,1,0,0.124794,0.124531,0.125594,0.124131,0.125269,0.123512,0.127256,0.124912,400,0
0.5,0.7,1,1000,0.00358125,0.253188,0.0024875,0.248037,0.00176875,0.237444,0.00445,0.249044,400,0
0.5,0.7,1,2000,0,0.245269,0,0.241369,0,0.245031,0,0.268331,400,0
0.5,0.7,1,3000,0,0.235925,0,0.259531,0,0.251206,0,0.253337,400,0
0.5,0.7,1,5000,0,0.251125,0,0.243006,0,0.256206,0,0.249663,400,0
0.5,0.7,1,7000,0,0.263531,0,0.250069,0,0.230075,0,0.256325,400,0
0.5,0.7,1,10000,0,0.236994,0,0.260131,0,0.246344,0,0.256531,400,0
0.5,0.7,1,25000,0,0.2456,0,0.259531,0,0.234137,0,0.260731,400,0
0.5,0.7,1,50000,0,0.249213,0,0.250825,0,0.243931,0,0.256031,400,0
0.5,0.7,1,100000,0,0.242725,0,0.247388,0,0.254531,0,0.255356,400,0
0.5,0.7,1,160000,0,0.258937,0,0.237456,0,0.238237,0,0.265369,400,0
0.5,0.75,1,0,0.125481,0.125631,0.123294,0.125713,0.124019,0.125188,0.125688,0.124988,400,0
0.5,0.75,1,1000,0,0.251994,0,0.247875,0,0.248931,0,0.2512,400,0
0.5,0.75,1,2000,0,0.241581,0,0.25465,0,0.255806,0,0.247963,400,0
0.5,0.75,1,3000,0,0.250256,0,0.241325,0,0.248425,0,0.259994,400,0
0.5,0.75,1,5000,0,0.251494,0,0.258894,0,0.242225,0,0.247388,400,0
0.5,0.75,1,7000,0,0.245894,0,0.239031,0,0.258581,0,0.256494,400,0
0.5,0.75,1,10000,0,0.247831,0,0.244269,0,0.263813,0,0.244088,400,0
0.5,0.75,1,25000,0,0.270062,0,0.227819,0,0.251206,0,0.250912,400,0
0.5,0.75,1,50000,0,0.243269,0,0.251344,0,0.265356,0,0.240031,400,0
0.5,0.75,1,100000,0,0.232937,0,0.259163,0,0.268106,0,0.239794,400,0
0.5,0.75,1,160000,0,0.259337,0,0.249081,0,0.24235,0,0.249231,400,0
0.5,0.75,1,0,0.125406,0.123938,0.123719,0.123569,0.124863,0.125519,0.127256,0.125731,400,0
0.5,0.75,1,1000,0,0.252681,0,0.264188,0.0024,0.241675,0.00041875,0.238638,400,0
0.5,0.75,1,2000,0,0.251669,0,0.236825,0,0.273356,0,0.23815,400,0
0.5,0.75,1,3000,0,0.254506,0,0.243938,0,0.252038,0,0.249519,400,0
0.5,0.75,1,5000,0,0.261537,0,0.238031,0,0.260012,0,0.240419,400,0
0.5,0.75,1,7000,0,0.253412,0,0.244356,0,0.255031,0,0.2472,400,0
0.5,0.75,1,10000,0,0.252594,0,0.248506,0,0.251619,0,0.247281,400,0
0.5,0.75,1,25000,0,0.240762,0,0.243869,0,0.260331,0,0.255037,400,0
0.5,0.75,1,50000,0,0.237844,0,0.251981,0,0.264431,0,0.245744,400,0
0.5,0.75,1,100000,0,0.241875,0,0.254394,0,0.251481,0,0.25225,400,0
0.5,0.75,1,160000,0,0.245663,0,0.256788,0,0.258794,0,0.238756,400,0
0.5,0.8,1,0,0.124219,0.1249,0.125325,0.124494,0.123463,0.126062,0.124938,0.1266,400,0
0.5,0.8,1,1000,0,0.239913,0,0.269094,0,0.250462,0,0.240531,400,0
0.5,0.8,1,2000,0,0.259688,0,0.259688,0,0.237363,0,0.243262,400,0
0.5,0.8,1,3000,0,0.2395,0,0.23805,0,0.262744,0,0.259706,400,0
0.5,0.8,1,5000,0,0.251594,0,0.250244,0,0.254194,0,0.243969,400,0
0.5,0.8,1,7000,0,0.2474,0,0.258769,0,0.261412,0,0.232419,400,0
0.5,0.8,1,10000,0,0.247575,0,0.246025,0,0.255688,0,0.250713,400,0
0.5,0.8,1,25000,0,0.252012,0,0.254506,0,0.247794,0,0.245688,400,0
0.5,0.8,1,50000,0,0.256631,0,0.246906,0,0.244012,0,0.25245,400,0
0.5,0.8,1,100000,0,0.25805,0,0.241294,0,0.248694,0,0.251962,400,0
0.5,0.8,1,160000,0,0.240444,0,0.238381,0,0.256406,0,0.264769,400,0
0.5,0.8,1,0,0.125537,0.125413,0.124994,0.125869,0.124731,0.124006,0.124456,0.124994,400,0
0.5,0.8,1,1000,0,0.247537,0,0.258006,7.5e-05,0.241581,0,0.2528,400,0
0.5,0.8,1,2000,0,0.245344,0,0.259937,0,0.249225,0,0.245494,400,0
0.5,0.8,1,3000,0,0.255025,0,0.258619,0,0.240831,0,0.245525,400,0
0.5,0.8,1,5000,0,0.236375,0,0.251088,0,0.249856,0,0.262681,400,0
0.5,0.8,1,7000,0,0.248312,0,0.248544,0,0.2551,0,0.248044,400,0
0.5,0.8,1,10000,0,0.2465,0,0.266863,0,0.2503,0,0.236338,400,0
0.5,0.8,1,25000,0,0.256994,0,0.24395,0,0.261188,0,0.237869,400,0
0.5,0.8,1,50000,0,0.252625,0,0.273819,0,0.239737,0,0.233819,400,0
0.5,0.8,1,100000,0,0.245356,0,0.261994,0,0.239913,0,0.252738,400,0
0.5,0.8,1,160000,0,0.25535,0,0.251769,0,0.248606,0,0.244275,400,0
0.5,0.85,1,0,0.125206,0.124894,0.124519,0.125369,0.1251,0.124931,0.125919,0.124063,400,0
0.5,0.85,1,1000,0,0.251837,0,0.267512,0.00020625,0.23895,0,0.241494,400,0
0.5,0.85,1,2000,0,0.248431,0,0.261375,0,0.249256,0,0.240937,400,0
0.5,0.85,1,3000,0,0.263788,0,0.236256,0,0.255006,0,0.24495,400,0
0.5,0.85,1,5000,0,0.267062,0,0.25195,0,0.223438,0,0.25755,400,0
0.5,0.85,1,7000,0,0.243825,0,0.243462,0,0.259656,0,0.253056,400,0
0.5,0.85,1,10000,0,0.242631,0,0.260331,0,0.252069,0,0.244969,400,0
0.5,0.85,1,25000,0,0.242825,0,0.267719,0,0.245113,0,0.244344,400,0
0.5,0.85,1,50000,0,0.246075,0,0.236325,0,0.264175,0,0.253425,400,0
0.5,0.85,1,100000,0,0.252125,0,0.250531,0,0.222506,0,0.274838,400,0
0.5,0.85,1,160000,0,0.273738,0,0.233069,0,0.245594,0,0.2476,400,0
0.5,0.85,1,0,0.12485,0.123769,0.125719,0.1241,0.124606,0.12505,0.124887,0.127019,400,0
0.5,0.85,1,1000,0,0.256494,0,0.245425,0,0.238775,0,0.259306,400,0
0.5,0.85,1,2000,0,0.255275,0,0.258238,0,0.248388,0,0.2381,400,0
0.5,0.85,1,3000,0,0.241813,0,0.252412,0,0.260125,0,0.24565,400,0
0.5,0.85,1,5000,0,0.250475,0,0.232781,0,0.249881,0,0.266863,400,0
0.5,0.85,1,7000,0,0.255812,0,0.245881,0,0.247081,0,0.251225,400,0
0.5,0.85,1,10000,0,0.260225,0,0.247837,0,0.247131,0,0.244806,400,0
0.5,0.85,1,25000,0,0.2528,0,0.245244,0,0.250238,0,0.251719,400,0
0.5,0.85,1,50000,0,0.246194,0,0.261437,0,0.249406,0,0.242962,400,0
0.5,0.85,1,100000,0,0.255394,0,0.247587,0,0.258444,0,0.238575,400,0
0.5,0.85,1,160000,0,0.23975,0,0.2543,0,0.248794,0,0.257156,400,0
0.5,0.9,1,0,0.125369,0.12375,0.12465,0.125112,0.1263,0.125331,0.12385,0.125638,400,0
0.5,0.9,1,1000,0,0.251013,0,0.253263,0,0.245237,0,0.250487,400,0
0.5,0.9,1,2000,0,0.246631,0,0.265694,0,0.250794,0,0.236881,400,0
0.5,0.9,1,3000,0,0.245706,0,0.242438,0,0.248975,0,0.262881,400,0
0.5,0.9,1,5000,0,0.243638,0,0.261487,0,0.253063,0,0.241813,400,0
0.5,0.9,1,7000,0,0.250406,0,0.2532,0,0.239969,0,0.256425,400,0
0.5,0.9,1,10000,0,0.253462,0,0.245969,0,0.245706,0,0.254862,400,0
0.5,0.9,1,25000,0,0.248769,0,0.241706,0,0.238937,0,0.270587,400,0
0.5,0.9,1,50000,0,0.258994,0,0.250369,0,0.255856,0,0.234781,400,0
0.5,0.9,1,100000,0,0.2555,0,0.258362,0,0.246525,0,0.239613,400,0
0.5,0.9,1,160000,0,0.261325,0,0.255125,0,0.229769,0,0.253781,400,0
0.5,0.9,1,0,0.124769,0.124644,0.124838,0.12475,0.126331,0.12535,0.124769,0.12455,400,0
0.5,0.9,1,1000,0,0.249213,0,0.250262,0.000375,0.238956,0.00135,0.259844,400,0
0.5,0.9,1,2000,0,0.251113,0,0.256837,0,0.2438,0,0.24825,400,0
0.5,0.9,1,3000,0,0.255412,0,0.248456,0,0.245906,0,0.250225,400,0
0.5,0.9,1,5000,0,0.276225,0,0.232838,0,0.243144,0,0.247794,400,0
0.5,0.9,1,7000,0,0.2547,0,0.235144,0,0.260962,0,0.249194,400,0
0.5,0.9,1,10000,0,0.257956,0,0.235631,0,0.256581,0,0.249831,400,0
0.5,0.9,1,25000,0,0.235763,0,0.25865,0,0.253081,0,0.252506,400,0
0.5,0.9,1,50000,0,0.234687,0,0.248481,0,0.257844,0,0.258987,400,0
0.5,0.9,1,100000,0,0.250119,0,0.242188,0,0.237412,0,0.270281,400,0
0.5,0.9,1,160000,0,0.254281,0,0.253344,0,0.243475,0,0.2489,400,0
0.5,0.95,1,0,0.1254,0.1252,0.125056,0.124756,0.125612,0.126056,0.124975,0.122944,400,0
0.5,0.95,1,1000,0,0.245613,0,0.251594,0.00118125,0.243156,0.001225,0.257231,400,0
0.5,0.95,1,2000,0,0.245181,0,0.257875,0,0.248525,0,0.248419,400,0
0.5,0.95,1,3000,0,0.247056,0,0.24345,0,0.256375,0,0.253119,400,0
0.5,0.95,1,5000,0,0.25285,0,0.246237,0,0.249663,0,0.25125,400,0
0.5,0.95,1,7000,0,0.261394,0,0.258825,0,0.231481,0,0.2483,400,0
0.5,0.95,1,10000,0,0.243987,0,0.264881,0,0.258531,0,0.2326,400,0
0.5,0.95,1,25000,0,0.258856,0,0.250775,0,0.230744,0,0.259625,400,0
0.5,0.95,1,50000,0,0.255944,0,0.259319,0,0.235369,0,0.249369,400,0
0.5,0.95,1,100000,0,0.245812,0,0.245319,0,0.252462,0,0.256406,400,0
0.5,0.95,1,160000,0,0.245363,0,0.268806,0,0.25545,0,0.230381,400,0
0.5,0.95,1,0,0.125312,0.124762,0.125337,0.126025,0.125094,0.125037,0.124725,0.123706,400,0
0.5,0.95,1,1000,0,0.256887,0,0.260469,0,0.249988,0,0.232656,400,0
0.5,0.95,1,2000,0,0.23645,0,0.231212,0,0.264363,0,0.267975,400,0
0.5,0.95,1,3000,0,0.258681,0,0.265356,0,0.243775,0,0.232187,400,0
0.5,0.95,1,5000,0,0.257238,0,0.2582,0,0.254294,0,0.230269,400,0
0.5,0.95,1,7000,0,0.255425,0,0.24175,0,0.249006,0,0.253819,400,0
0.5,0.95,1,10000,0,0.264619,0,0.240606,0,0.238194,0,0.256581,400,0
0.5,0.95,1,25000,0,0.243881,0,0.251362,0,0.26605,0,0.238706,400,0
0.5,0.95,1,50000,0,0.244262,0,0.254006,0,0.246844,0,0.254887,400,0
0.5,0.95,1,100000,0,0.25525,0,0.250919,0,0.242712,0,0.251119,400,0
0.5,0.95,1,160000,0,0.249931,0,0.258731,0,0.244694,0,0.246644,400,0
0.5,1,1,0,0.125369,0.124775,0.125775,0.124619,0.12465,0.125206,0.125388,0.124219,400,0
0.5,1,1,1000,0,0.250412,0,0.253169,0.0003625,0.248213,0.00028125,0.247562,400,0
0.5,1,1,2000,0,0.25135,0,0.252281,0,0.252912,0,0.243456,400,0
0.5,1,1,3000,0,0.246706,0,0.256219,0,0.249963,0,0.247113,400,0
0.5,1,1,5000,0,0.263169,0,0.254825,0,0.250063,0,0.231944,400,0
0.5,1,1,7000,0,0.253556,0,0.251025,0,0.2434,0,0.252019,400,0
0.5,1,1,10000,0,0.244712,0,0.241919,0,0.249638,0,0.263731,400,0
0.5,1,1,25000,0,0.268406,0,0.241131,0,0.234181,0,0.256281,400,0
0.5,1,1,50000,0,0.237875,0,0.243,0,0.271219,0,0.247906,400,0
0.5,1,1,100000,0,0.241906,0,0.257619,0,0.245294,0,0.255181,400,0
0.5,1,1,160000,0,0.260275,0,0.243237,0,0.256881,0,0.239606,400,0
0.5,1,1,0,0.124875,0.125862,0.124588,0.12685,0.124719,0.124469,0.12345,0.125188,400,0
0.5,1,1,1000,0,0.261169,0,0.2513,0.00068125,0.22865,0.000875,0.257325,400,0
0.5,1,1,2000,0,0.247669,0,0.2546,0,0.249956,0,0.247775,400,0
0.5,1,1,3000,0,0.239731,0,0.237869,0,0.270169,0,0.252231,400,0
0.5,1,1,5000,0,0.254181,0,0.260238,0,0.238375,0,0.247206,400,0
0.5,1,1,7000,0,0.25625,0,0.2408,0,0.242594,0,0.260356,400,0
0.5,1,1,10000,0,0.253937,0,0.236131,0,0.245969,0,0.263962,400,0
0.5,1,1,25000,0,0.246406,0,0.25365,0,0.259506,0,0.240437,400,0
0.5,1,1,50000,0,0.249669,0,0.237625,0,0.260419,0,0.252287,400,0
0.5,1,1,100000,0,0.268275,0,0.246388,0,0.229106,0,0.256231,400,0
0.5,1,1,160000,0,0.236588,0,0.261087,0,0.2654,0,0.236925,400,0
0.55,0,1,0,0.124431,0.125244,0.125219,0.125306,0.124262,0.123819,0.124875,0.126844,400,0
0.55,0,1,1000,0.12555,0.1138,0.111344,0.145413,0.133369,0.131419,0.113931,0.125175,400,0
0.55,0,1,2000,0.123506,0.134744,0.118369,0.132825,0.115681,0.1289,0.116525,0.12945,400,0
0.55,0,1,3000,0.1094,0.132244,0.117544,0.137444,0.102788,0.149631,0.108188,0.142762,400,0
0.55,0,1,5000,0.0768625,0.173588,0.0925312,0.164075,0.0815188,0.161644,0.0867875,0.162994,400,0
0.55,0,1,7000,0.0478625,0.195275,0.0575875,0.182,0.0617562,0.208194,0.0498625,0.197463,400,0
0.55,0,1,10000,0.0195437,0.225369,0.018475,0.226612,0.0213125,0.248506,0.0174188,0.222763,400,0
0.55,0,1,25000,0,0.25415,0,0.241556,0,0.251381,0,0.252912,400,0
0.55,0,1,50000,0,0.265263,0,0.2516,0,0.238894,0,0.244244,400,0
0.55,0,1,100000,0,0.259188,0,0.256494,0,0.234206,0,0.250113,400,0
0.55,0,1,160000,0,0.247681,0,0.255319,0,0.253794,0,0.243206,400,0
0.55,0,1,0,0.125119,0.125869,0.124787,0.124988,0.124194,0.124813,0.125625,0.124606,400,0
0.55,0,1,1000,0.129006,0.1312,0.115513,0.130419,0.12115,0.128781,0.119038,0.124894,400,0
0.55,0,1,2000,0.13385,0.106675,0.128281,0.113537,0.139,0.117025,0.139981,0.12165,400,0
0.55,0,1,3000,0.128225,0.119612,0.131525,0.126669,0.126081,0.111687,0.1339,0.1223,400,0
0.55,0,1,5000,0.154244,0.09265,0.147663,0.091425,0.171231,0.09775,0.153113,0.091925,400,0
0.55,0,1,7000,0.1512,0.089125,0.17825,0.0846313,0.149069,0.100744,0.162494,0.0844875,400,0
0.55,0,1,10000,0.175737,0.0770625,0.17055,0.0749625,0.166175,0.0778875,0.175956,0.0816687,400,0
0.55,0,1,25000,0.124588,0.109937,0.131769,0.123519,0.123188,0.132519,0.122419,0.132062,400,0
0.55,0,1,50000,0.0848562,0.152156,0.0947625,0.164425,0.09445,0.160281,0.0872875,0.161781,400,0
0.55,0,1,100000,0,0.251362,0,0.25765,0,0.229788,0,0.2612,400,0
0.55,0,1,160000,0,0.258394,0,0.239187,0,0.264437,0,0.237981,400,0
0.55,0.05,1,0,0.1255,0.125138,0.126644,0.124875,0.124063,0.123994,0.1255,0.124287,400,0
0.55,0.05,1,1000,0.0592563,0.196169,0.0695188,0.184087,0.0673312,0.182606,0.0603062,0.180725,400,0
0.55,0.05,1,2000,0.0269062,0.228063,0.0355875,0.222725,0.0294813,0.220756,0.0252625,0.211219,400,0
0.55,0.05,1,3000,0.00294375,0.239931,0.00756875,0.242431,0.00898125,0.252775,0.007575,0.237794,400,0
0.55,0.05,1,5000,0,0.261275,0,0.244188,0,0.245787,0,0.24875,400,0
0.55,0.05,1,7000,0,0.2334,0,0.257075,0,0.258313,0,0.251213,400,0
0.55,0.05,1,10000,0,0.2569,0,0.233444,0,0.253269,0,0.256387,400,0
0.55,0.05,1,25000,0,0.263669,0,0.243444,0,0.25225,0,0.240638,400,0
0.55,0.05,1,50000,0,0.253006,0,0.254344,0,0.254738,0,0.237912,400,0
0.55,0.05,1,100000,0,0.2474,0,0.245025,0,0.248775,0,0.2588,400,0
0.55,0.05,1,160000,0,0.274625,0,0.242294,0,0.235462,0,0.247619,400,0
0.55,0.05,1,0,0.125156,0.12475,0.124444,0.124531,0.124175,0.125312,0.126087,0.125544,400,0
0.55,0.05,1,1000,0.0389,0.218188,0.0316,0.204006,0.0366812,0.212163,0.04325,0.215213,400,0
0.55,0.05,1,2000,0,0.256694,0,0.248581,0,0.247594,0,0.247131,400,0
0.55,0.05,1,3000,0,0.260756,0,0.245794,0,0.23835,0,0.2551,400,0
0.55,0.05,1,5000,0,0.261238,0,0.239656,0,0.236187,0,0.262919,400,0
0.55,0.05,1,7000,0,0.2587,0,0.250113,0,0.250625,0,0.240563,400,0
0.55,0.05,1,10000,0,0.255581,0,0.245237,0,0.255856,0,0.243325,400,0
0.55,0.05,1,25000,0,0.254719,0,0.247556,0,0.246688,0,0.251038,400,0
0.55,0.05,1,50000,0,0.248787,0,0.249725,0,0.260062,0,0.241425,400,0
0.55,0.05,1,100000,0,0.249612,0,0.246075,0,0.243675,0,0.260638,400,0
0.55,0.05,1,160000,0,0.249056,0,0.255625,0,0.258987,0,0.236331,400,0
0.55,0.1,1,0,0.1253,0.125219,0.12475,0.125094,0.126131,0.124381,0.125056,0.124069,400,0
0.55,0.1,1,1000,0.0107188,0.237431,0.015875,0.231838,0.017225,0.226294,0.0140938,0.246525,400,0
0.55,0.1,1,2000,0,0.248156,0,0.247225,0,0.259912,0,0.244706,400,0
0.55,0.1,1,3000,0,0.255781,0,0.240119,0,0.245994,0,0.258106,400,0
0.55,0.1,1,5000,0,0.241012,0,0.255387,0,0.255825,0,0.247775,400,0
0.55,0.1,1,7000,0,0.2676,0,0.2406,0,0.252875,0,0.238925,400,0
0.55,0.1,1,10000,0,0.249194,0,0.263925,0,0.244144,0,0.242737,400,0
0.55,0.1,1,25000,0,0.233681,0,0.253763,0,0.265956,0,0.2466,400,0
0.55,0.1,1,50000,0,0.264987,0,0.243962,0,0.250588,0,0.240462,400,0
0.55,0.1,1,100000,0,0.244631,0,0.255431,0,0.247344,0,0.252594,400,0
0.55,0.1,1,160000,0,0.245494,0,0.252719,0,0.249025,0,0.252763,400,0
0.55,0.1,1,0,0.12515,0.125913,0.125944,0.124281,0.124544,0.12545,0.124956,0.123762,400,0
0.55,0.1,1,1000,0.0251187,0.228075,0.0171875,0.208531,0.021775,0.224981,0.0250125,0.249319,400,0
0.55,0.1,1,2000,0,0.250994,0,0.247562,0,0.254006,0,0.247438,400,0
0.55,0.1,1,3000,0,0.252337,0,0.261675,0,0.251181,0,0.234806,400,0
0.55,0.1,1,5000,0,0.255231,0,0.256175,0,0.244762,0,0.243831,400,0
0.55,0.1,1,7000,0,0.243712,0,0.242606,0,0.246213,0,0.267469,400,0
0.55,0.1,1,10000,0,0.256312,0,0.250275,0,0.250669,0,0.242744,400,0
0.55,0.1,1,25000,0,0.239712,0,0.2539,0,0.259937,0,0.24645,400,0
0.55,0.1,1,50000,0,0.256012,0,0.237731,0,0.24475,0,0.261506,400,0
0.55,0.1,1,100000,0,0.256469,0,0.2544,0,0.255775,0,0.233356,400,0
0.55,0.1,1,160000,0,0.2448,0,0.25205,0,0.257763,0,0.245388,400,0
0.55,0.15,1,0,0.126156,0.124656,0.125706,0.122612,0.125594,0.124469,0.125306,0.1255,400,0
0.55,0.15,1,1000,0.00693125,0.239931,0.0048875,0.25525,0.0039875,0.257019,0.00690625,0.225087,400,0
0.55,0.15,1,2000,0,0.243194,0,0.242625,0,0.255144,0,0.259037,400,0
0.55,0.15,1,3000,0,0.237256,0,0.243237,0,0.261537,0,0.257969,400,0
0.55,0.15,1,5000,0,0.2479,0,0.245938,0,0.259619,0,0.246544,400,0
0.55,0.15,1,7000,0,0.26085,0,0.235744,0,0.252131,0,0.251275,400,0
0.55,0.15,1,10000,0,0.250088,0,0.255175,0,0.249344,0,0.245394,400,0
0.55,0.15,1,25000,0,0.252437,0,0.240969,0,0.251138,0,0.255456,400,0
0.55,0.15,1,50000,0,0.238181,0,0.247819,0,0.261231,0,0.252769,400,0
0.55,0.15,1,100000,0,0.238894,0,0.237231,0,0.257937,0,0.265937,400,0
0.55,0.15,1,160000,0,0.262562,0,0.235206,0,0.24465,0,0.257581,400,0
0.55,0.15,1,0,0.124725,0.1253,0.124719,0.124975,0.123631,0.124931,0.12635,0.125369,400,0
0.55,0.15,1,1000,0.00729375,0.254106,0.012225,0.2315,0.0063875,0.247837,0.00736875,0.233281,400,0
0.55,0.15,1,2000,0,0.246775,0,0.248206,0,0.258962,0,0.246056,400,0
0.55,0.15,1,3000,0,0.24395,0,0.242856,0,0.252219,0,0.260975,400,0
0.55,0.15,1,5000,0,0.241556,0,0.246394,0,0.247875,0,0.264175,400,0
0.55,0.15,1,7000,0,0.25095,0,0.237063,0,0.255731,0,0.256256,400,0
0.55,0.15,1,10000,0,0.243831,0,0.250887,0,0.261456,0,0.243825,400,0
0.55,0.15,1,25000,0,0.265106,0,0.238131,0,0.234019,0,0.262744,400,0
0.55,0.15,1,50000,0,0.233856,0,0.2703,0,0.252281,0,0.243562,400,0
0.55,0.15,1,100000,0,0.25985,0,0.2389,0,0.246294,0,0.254956,400,0
0.55,0.15,1,160000,0,0.238031,0,0.241613,0,0.261763,0,0.258594,400,0
0.55,0.2,1,0,0.125394,0.124631,0.12535,0.124637,0.123125,0.125544,0.125069,0.12625,400,0
0.55,0.2,1,1000,5e-05,0.25415,0.00215,0.248025,0.0049375,0.237025,0.00248125,0.251181,400,0
0.55,0.2,1,2000,0,0.2481,0,0.247581,0,0.254525,0,0.249794,400,0
0.55,0.2,1,3000,0,0.264675,0,0.23925,0,0.247394,0,0.248681,400,0
0.55,0.2,1,5000,0,0.243769,0,0.269437,0,0.252344,0,0.23445,400,0
0.55,0.2,1,7000,0,0.248125,0,0.248706,0,0.259656,0,0.243512,400,0
0.55,0.2,1,10000,0,0.254356,0,0.241975,0,0.25515,0,0.248519,400,0
0.55,0.2,1,25000,0,0.248262,0,0.239444,0,0.269188,0,0.243106,400,0
0.55,0.2,1,50000,0,0.254606,0,0.237325,0,0.244431,0,0.263638,400,0
0.55,0.2,1,100000,0,0.254031,0,0.250837,0,0.237819,0,0.257312,400,0
0.55,0.2,1,160000,0,0.246256,0,0.2604,0,0.243619,0,0.249725,400,0
0.55,0.2,1,0,0.124656,0.124281,0.1252,0.126112,0.125825,0.125356,0.124581,0.123988,400,0
0.55,0.2,1,1000,0.00074375,0.247056,0.00010625,0.2445,0,0.256131,0.00013125,0.251331,400,0
0.55,0.2,1,2000,0,0.248087,0,0.247987,0,0.25615,0,0.247775,400,0
0.55,0.2,1,3000,0,0.272244,0,0.242275,0,0.232681,0,0.2528,400,0
0.55,0.2,1,5000,0,0.26275,0,0.251638,0,0.241544,0,0.244069,400,0
0.55,0.2,1,7000,0,0.238781,0,0.249406,0,0.249725,0,0.262087,400,0
0.55,0.2,1,10000,0,0.250331,0,0.245163,0,0.261894,0,0.242613,400,0
0.55,0.2,1,25000,0,0.246644,0,0.242512,0,0.25655,0,0.254294,400,0
0.55,0.2,1,50000,0,0.247506,0,0.2413,0,0.251912,0,0.259281,400,0
0.55,0.2,1,100000,0,0.2258,0,0.241819,0,0.261275,0,0.271106,400,0
0.55,0.2,1,160000,0,0.256831,0,0.241469,0,0.243344,0,0.258356,400,0
0.55,0.25,1,0,0.125337,0.125225,0.124531,0.126269,0.124238,0.125438,0.124781,0.124181,400,0
0.55,0.25,1,1000,6.25e-06,0.240962,0.001075,0.265956,0.0006625,0.251125,0.0002875,0.239925,400,0
0.55,0.25,1,2000,0,0.246131,0,0.243256,0,0.253869,0,0.256744,400,0
0.55,0.25,1,3000,0,0.2603,0,0.258912,0,0.242756,0,0.238031,400,0
0.55,0.25,1,5000,0,0.256281,0,0.246012,0,0.236762,0,0.260944,400,0
0.55,0.25,1,7000,0,0.235975,0,0.275469,0,0.245956,0,0.2426,400,0
0.55,0.25,1,10000,0,0.259125,0,0.246237,0,0.24295,0,0.251688,400,0
0.55,0.25,1,25000,0,0.253188,0,0.241731,0,0.243481,0,0.2616,400,0
0.55,0.25,1,50000,0,0.233212,0,0.256788,0,0.244569,0,0.265431,400,0
0.55,0.25,1,100000,0,0.254881,0,0.249069,0,0.2491,0,0.24695,400,0
0.55,0.25,1,160000,0,0.2448,0,0.258506,0,0.257106,0,0.239588,400,0
0.55,0.25,1,0,0.124356,0.128625,0.125619,0.124056,0.124806,0.123887,0.124694,0.123956,400,0
0.55,0.25,1,1000,0.0038625,0.250713,0.00310625,0.247581,0.00335,0.225781,0.00431875,0.261288,400,0
0.55,0.25,1,2000,0,0.244756,0,0.237019,0,0.252344,0,0.265881,400,0
0.55,0.25,1,3000,0,0.2413,0,0.249388,0,0.24525,0,0.264062,400,0
0.55,0.25,1,5000,0,0.242894,0,0.252075,0,0.256819,0,0.248213,400,0
0.55,0.25,1,7000,0,0.245938,0,0.252769,0,0.258431,0,0.242863,400,0
0.55,0.25,1,10000,0,0.243519,0,0.2733,0,0.237606,0,0.245575,400,0
0.55,0.25,1,25000,0,0.240163,0,0.255869,0,0.254969,0,0.249,400,0
0.55,0.25,1,50000,0,0.254256,0,0.257119,0,0.256663,0,0.231962,400,0
0.55,0.25,1,100000,0,0.262906,0,0.249975,0,0.238662,0,0.248456,400,0
0.55,0.25,1,160000,0,0.25395,0,0.242312,0,0.247194,0,0.256544,400,0
0.55,0.3,1,0,0.126163,0.123231,0.125481,0.125106,0.123781,0.125825,0.124794,0.125619,400,0
0.55,0.3,1,1000,0,0.250925,7.5e-05,0.271319,0,0.241462,0,0.236219,400,0
0.55,0.3,1,2000,0,0.254225,0,0.247844,0,0.249238,0,0.248694,400,0
0.55,0.3,1,3000,0,0.265975,0,0.248644,0,0.252063,0,0.233319,400,0
0.55,0.3,1,5000,0,0.245494,0,0.253156,0,0.258725,0,0.242625,400,0
0.55,0.3,1,7000,0,0.264719,0,0.246675,0,0.25055,0,0.238056,400,0
0.55,0.3,1,10000,0,0.2316,0,0.262613,0,0.263631,0,0.242156,400,0
0.55,0.3,1,25000,0,0.26485,0,0.249587,0,0.245669,0,0.239894,400,0
0.55,0.3,1,50000,0,0.245481,0,0.248213,0,0.258369,0,0.247938,400,0
0.55,0.3,1,100000,0,0.244119,0,0.250188,0,0.249006,0,0.256688,400,0
0.55,0.3,1,160000,0,0.231969,0,0.2521,0,0.25075,0,0.265181,400,0
0.55,0.3,1,0,0.127544,0.125425,0.124469,0.123606,0.124787,0.125394,0.12465,0.124125,400,0
0.55,0.3,1,1000,0,0.262231,0.0007875,0.229038,0.0007875,0.258106,0.00054375,0.248506,400,0
0.55,0.3,1,2000,0,0.230563,0,0.265213,0,0.267388,0,0.236838,400,0
0.55,0.3,1,3000,0,0.260569,0,0.250394,0,0.244744,0,0.244294,400,0
0.55,0.3,1,5000,0,0.246781,0,0.246375,0,0.24595,0,0.260894,400,0
0.55,0.3,1,7000,0,0.268925,0,0.245781,0,0.236194,0,0.2491,400,0
0.55,0.3,1,10000,0,0.254325,0,0.239519,0,0.256869,0,0.249287,400,0
0.55,0.3,1,25000,0,0.254431,0,0.245837,0,0.257544,0,0.242188,400,0
0.55,0.3,1,50000,0,0.243819,0,0.2464,0,0.256069,0,0.253713,400,0
0.55,0.3,1,100000,0,0.248231,0,0.255925,0,0.242725,0,0.253119,400,0
0.55,0.3,1,160000,0,0.251794,0,0.24585,0,0.249169,0,0.253188,400,0
0.55,0.35,1,0,0.125656,0.123938,0.124569,0.125481,0.125781,0.123675,0.125744,0.125156,400,0
0.55,0.35,1,1000,0.0011,0.254575,0.0003875,0.25595,0.0007,0.245206,8.125e-05,0.242,400,0
0.55,0.35,1,2000,0,0.254994,0,0.237,0,0.235644,0,0.272363,400,0
0.55,0.35,1,3000,0,0.261975,0,0.246431,0,0.248213,0,0.243381,400,0
0.55,0.35,1,5000,0,0.257131,0,0.245306,0,0.26105,0,0.236512,400,0
0.55,0.35,1,7000,0,0.250644,0,0.247606,0,0.24855,0,0.2532,400,0
0.55,0.35,1,10000,0,0.245894,0,0.254375,0,0.2539,0,0.245831,400,0
0.55,0.35,1,25000,0,0.244256,0,0.248419,0,0.253819,0,0.253506,400,0
0.55,0.35,1,50000,0,0.26165,0,0.230606,0,0.251038,0,0.256706,400,0
0.55,0.35,1,100000,0,0.254025,0,0.24655,0,0.231212,0,0.268213,400,0
0.55,0.35,1,160000,0,0.252663,0,0.2711,0,0.247369,0,0.228869,400,0
0.55,0.35,1,0,0.125275,0.123881,0.124594,0.125494,0.125381,0.1251,0.125381,0.124894,400,0
0.55,0.35,1,1000,5e-05,0.255613,0,0.241019,0,0.24545,0,0.257869,400,0
0.55,0.35,1,2000,0,0.248738,0,0.236381,0,0.262706,0,0.252175,400,0
0.55,0.35,1,3000,0,0.248787,0,0.254138,0,0.243037,0,0.254038,400,0
0.55,0.35,1,5000,0,0.248594,0,0.255444,0,0.252538,0,0.243425,400,0
0.55,0.35,1,7000,0,0.238444,0,0.248244,0,0.249238,0,0.264075,400,0
0.55,0.35,1,10000,0,0.247062,0,0.25085,0,0.245037,0,0.25705,400,0
0.55,0.35,1,25000,0,0.254125,0,0.251206,0,0.248481,0,0.246188,400,0
0.55,0.35,1,50000,0,0.262256,0,0.2593,0,0.234363,0,0.244081,400,0
0.55,0.35,1,100000,0,0.274062,0,0.246475,0,0.240075,0,0.239388,400,0
0.55,0.35,1,160000,0,0.239369,0,0.257319,0,0.256638,0,0.246675,400,0
0.55,0.4,1,0,0.125638,0.125531,0.124775,0.124256,0.123919,0.1245,0.12535,0.126031,400,0
0.55,0.4,1,1000,0.00274375,0.24475,0.00428125,0.258619,0.00444375,0.250281,0.0045875,0.230294,400,0
0.55,0.4,1,2000,0,0.243375,0,0.251069,0,0.247787,0,0.257769,400,0
0.55,0.4,1,3000,0,0.258894,0,0.251831,0,0.239737,0,0.249537,400,0
0.55,0.4,1,5000,0,0.259663,0,0.256756,0,0.22925,0,0.254331,400,0
0.55,0.4,1,7000,0,0.245044,0,0.259106,0,0.256506,0,0.239344,400,0
0.55,0.4,1,10000,0,0.252163,0,0.256919,0,0.243737,0,0.247181,400,0
0.55,0.4,1,25000,0,0.242675,0,0.259181,0,0.251206,0,0.246938,400,0
0.55,0.4,1,50000,0,0.246,0,0.241544,0,0.259381,0,0.253075,400,0
0.55,0.4,1,100000,0,0.247919,0,0.249956,0,0.251806,0,0.250319,400,0
0.55,0.4,1,160000,0,0.239413,0,0.261619,0,0.244031,0,0.254937,400,0
0.55,0.4,1,0,0.125069,0.125488,0.1243,0.124575,0.125031,0.125562,0.124563,0.125413,400,0
0.55,0.4,1,1000,0,0.256044,0,0.245744,8.75e-05,0.243306,0,0.254819,400,0
0.55,0.4,1,2000,0,0.255144,0,0.233013,0,0.259531,0,0.252312,400,0
0.55,0.4,1,3000,0,0.259663,0,0.25765,0,0.247169,0,0.235519,400,0
0.55,0.4,1,5000,0,0.256506,0,0.245669,0,0.249087,0,0.248738,400,0
0.55,0.4,1,7000,0,0.253588,0,0.237888,0,0.255263,0,0.253263,400,0
0.55,0.4,1,10000,0,0.257556,0,0.244712,0,0.2511,0,0.246631,400,0
0.55,0.4,1,25000,0,0.256119,0,0.241875,0,0.246344,0,0.255663,400,0
0.55,0.4,1,50000,0,0.258387,0,0.243919,0,0.2505,0,0.247194,400,0
0.55,0.4,1,100000,0,0.262537,0,0.243831,0,0.248669,0,0.244962,400,0
0.55,0.4,1,160000,0,0.256619,0,0.2401,0,0.242644,0,0.260638,400,0
0.55,0.45,1,0,0.123294,0.125494,0.125769,0.124106,0.124894,0.124963,0.12555,0.125931,400,0
0.55,0.45,1,1000,0.0021375,0.235687,0.0144063,0.234269,0.0119625,0.234775,0.00301875,0.263744,400,0
0.55,0.45,1,2000,0,0.253337,0,0.263462,0,0.234875,0,0.248325,400,0
0.55,0.45,1,3000,0,0.257337,0,0.250344,0,0.247469,0,0.24485,400,0
0.55,0.45,1,5000,0,0.242044,0,0.261206,0,0.2535,0,0.24325,400,0
0.55,0.45,1,7000,0,0.250306,0,0.270238,0,0.246369,0,0.233088,400,0
0.55,0.45,1,10000,0,0.225069,0,0.244725,0,0.270981,0,0.259225,400,0
0.55,0.45,1,25000,0,0.241606,0,0.266556,0,0.257881,0,0.233956,400,0
0.55,0.45,1,50000,0,0.2369,0,0.251231,0,0.25,0,0.261869,400,0
0.55,0.45,1,100000,0,0.246913,0,0.26495,0,0.252675,0,0.235462,400,0
0.55,0.45,1,160000,0,0.237806,0,0.2549,0,0.260412,0,0.246881,400,0
0.55,0.45,1,0,0.124137,0.124994,0.125006,0.123675,0.124994,0.125819,0.125869,0.125506,400,0
0.55,0.45,1,1000,0,0.2534,0,0.23715,6.25e-06,0.2399,0,0.269544,400,0
0.55,0.45,1,2000,0,0.248419,0,0.25905,0,0.259,0,0.233531,400,0
0.55,0.45,1,3000,0,0.233106,0,0.259819,0,0.24995,0,0.257125,400,0
0.55,0.45,1,5000,0,0.254319,0,0.263306,0,0.246663,0,0.235712,400,0
0.55,0.45,1,7000,0,0.260775,0,0.2616,0,0.244581,0,0.233044,400,0
0.55,0.45,1,10000,0,0.239344,0,0.260325,0,0.243481,0,0.25685,400,0
0.55,0.45,1,25000,0,0.246356,0,0.244812,0,0.2464,0,0.262431,400,0
0.55,0.45,1,50000,0,0.269612,0,0.233144,0,0.247087,0,0.250156,400,0
0.55,0.45,1,100000,0,0.247331,0,0.2508,0,0.241987,0,0.259881,400,0
0.55,0.45,1,160000,0,0.242131,0,0.255494,0,0.244519,0,0.257856,400,0
0.55,0.5,1,0,0.1262,0.124656,0.1236,0.125575,0.125219,0.124875,0.124181,0.125694,400,0
0.55,0.5,1,1000,0,0.250569,0,0.271913,0,0.237538,0,0.239981,400,0
0.55,0.5,1,2000,0,0.248306,0,0.259169,0,0.242619,0,0.249906,400,0
0.55,0.5,1,3000,0,0.235487,0,0.253856,0,0.258644,0,0.252012,400,0
0.55,0.5,1,5000,0,0.250844,0,0.2441,0,0.249375,0,0.255681,400,0
0.55,0.5,1,7000,0,0.238306,0,0.254356,0,0.262681,0,0.244656,400,0
0.55,0.5,1,10000,0,0.259294,0,0.268644,0,0.230344,0,0.241719,400,0
0.55,0.5,1,25000,0,0.244138,0,0.244487,0,0.26,0,0.251375,400,0
0.55,0.5,1,50000,0,0.239712,0,0.250606,0,0.247,0,0.262681,400,0
0.55,0.5,1,100000,0,0.257181,0,0.245969,0,0.244156,0,0.252694,400,0
0.55,0.5,1,160000,0,0.236269,0,0.255619,0,0.241006,0,0.267106,400,0
0.55,0.5,1,0,0.125238,0.125087,0.124669,0.12615,0.1246,0.124463,0.125619,0.124175,400,0
0.55,0.5,1,1000,0,0.255738,0,0.259331,0,0.2418,0,0.243131,400,0
0.55,0.5,1,2000,0,0.23925,0,0.234156,0,0.260375,0,0.266219,400,0
0.55,0.5,1,3000,0,0.261663,0,0.255756,0,0.245375,0,0.237206,400,0
0.55,0.5,1,5000,0,0.265381,0,0.2401,0,0.237512,0,0.257006,400,0
0.55,0.5,1,7000,0,0.249881,0,0.250106,0,0.246913,0,0.2531,400,0
0.55,0.5,1,10000,0,0.265788,0,0.256394,0,0.230569,0,0.24725,400,0
0.55,0.5,1,25000,0,0.258962,0,0.254113,0,0.237694,0,0.249231,400,0
0.55,0.5,1,50000,0,0.25005,0,0.257188,0,0.246125,0,0.246638,400,0
0.55,0.5,1,100000,0,0.245212,0,0.24225,0,0.263362,0,0.249175,400,0
0.55,0.5,1,160000,0,0.241375,0,0.2532,0,0.25555,0,0.249875,400,0
0.55,0.55,1,0,0.124981,0.12435,0.124387,0.125069,0.12705,0.124556,0.124338,0.125269,400,0
0.55,0.55,1,1000,8.125e-05,0.253369,0,0.233144,0,0.263519,0,0.249888,400,0
0.55,0.55,1,2000,0,0.236094,0,0.244069,0,0.264319,0,0.255519,400,0
0.55,0.55,1,3000,0,0.251256,0,0.25435,0,0.247188,0,0.247206,400,0
0.55,0.55,1,5000,0,0.248125,0,0.25065,0,0.245562,0,0.255663,400,0
0.55,0.55,1,7000,0,0.243394,0,0.253063,0,0.253312,0,0.250231,400,0
0.55,0.55,1,10000,0,0.248837,0,0.247569,0,0.24905,0,0.254544,400,0
0.55,0.55,1,25000,0,0.237194,0,0.244306,0,0.267363,0,0.251138,400,0
0.55,0.55,1,50000,0,0.251106,0,0.248244,0,0.259444,0,0.241206,400,0
0.55,0.55,1,100000,0,0.253106,0,0.259731,0,0.241281,0,0.245881,400,0
0.55,0.55,1,160000,0,0.25055,0,0.245463,0,0.257275,0,0.246713,400,0
0.55,0.55,1,0,0.123044,0.124594,0.125738,0.126581,0.125575,0.124519,0.124575,0.125375,400,0
0.55,0.55,1,1000,0,0.245281,0,0.243737,0,0.259244,0,0.251738,400,0
0.55,0.55,1,2000,0,0.255475,0,0.2647,0,0.248975,0,0.23085,400,0
0.55,0.55,1,3000,0,0.250019,0,0.235125,0,0.252213,0,0.262644,400,0
0.55,0.55,1,5000,0,0.256213,0,0.230238,0,0.256063,0,0.257487,400,0
0.55,0.55,1,7000,0,0.2488,0,0.254844,0,0.243287,0,0.253069,400,0
0.55,0.55,1,10000,0,0.248988,0,0.248062,0,0.243012,0,0.259937,400,0
0.55,0.55,1,25000,0,0.267356,0,0.258925,0,0.220719,0,0.253,400,0
0.55,0.55,1,50000,0,0.236437,0,0.2485,0,0.255337,0,0.259725,400,0
0.55,0.55,1,100000,0,0.2353,0,0.251725,0,0.251575,0,0.2614,400,0
0.55,0.55,1,160000,0,0.246606,0,0.274125,0,0.251538,0,0.227731,400,0
0.55,0.6,1,0,0.124119,0.1265,0.125306,0.125831,0.125144,0.123262,0.124569,0.125269,400,0
0.55,0.6,1,1000,0,0.256244,2.5e-05,0.258175,0,0.251387,0,0.234169,400,0
0.55,0.6,1,2000,0,0.260663,0,0.254231,0,0.245581,0,0.239525,400,0
0.55,0.6,1,3000,0,0.245144,0,0.250894,0,0.253887,0,0.250075,400,0
0.55,0.6,1,5000,0,0.257531,0,0.248,0,0.239094,0,0.255375,400,0
0.55,0.6,1,7000,0,0.26495,0,0.250188,0,0.241762,0,0.2431,400,0
0.55,0.6,1,10000,0,0.248569,0,0.248131,0,0.246419,0,0.256881,400,0
0.55,0.6,1,25000,0,0.237313,0,0.24835,0,0.255925,0,0.258412,400,0
0.55,0.6,1,50000,0,0.242175,0,0.259481,0,0.252419,0,0.245925,400,0
0.55,0.6,1,100000,0,0.245494,0,0.248131,0,0.251912,0,0.254462,400,0
0.55,0.6,1,160000,0,0.264412,0,0.253094,0,0.235544,0,0.24695,400,0
0.55,0.6,1,0,0.125369,0.1253,0.1246,0.125325,0.124906,0.125069,0.124631,0.1248,400,0
0.55,0.6,1,1000,0,0.265537,0,0.243163,0,0.241906,0,0.249394,400,0
0.55,0.6,1,2000,0,0.248725,0,0.248025,0,0.251312,0,0.251937,400,0
0.55,0.6,1,3000,0,0.261756,0,0.2452,0,0.256688,0,0.236356,400,0
0.55,0.6,1,5000,0,0.249244,0,0.253344,0,0.254638,0,0.242775,400,0
0.55,0.6,1,7000,0,0.24155,0,0.2368,0,0.270175,0,0.251475,400,0
0.55,0.6,1,10000,0,0.251869,0,0.237288,0,0.2392,0,0.271644,400,0
0.55,0.6,1,25000,0,0.244025,0,0.24835,0,0.256375,0,0.25125,400,0
0.55,0.6,1,50000,0,0.266925,0,0.251856,0,0.24695,0,0.234269,400,0
0.55,0.6,1,100000,0,0.250631,0,0.243487,0,0.25965,0,0.246231,400,0
0.55,0.6,1,160000,0,0.251787,0,0.254269,0,0.240231,0,0.253713,400,0
0.55,0.65,1,0,0.125425,0.124519,0.125913,0.125469,0.123537,0.126381,0.125094,0.123662,400,0
0.55,0.65,1,1000,0,0.231069,0,0.252038,0,0.254406,0,0.262487,400,0
0.55,0.65,1,2000,0,0.254575,0,0.263719,0,0.242025,0,0.239681,400,0
0.55,0.65,1,3000,0,0.276587,0,0.248019,0,0.239119,0,0.236275,400,0
0.55,0.65,1,5000,0,0.236825,0,0.266225,0,0.250981,0,0.245969,400,0
0.55,0.65,1,7000,0,0.2592,0,0.252188,0,0.253331,0,0.235281,400,0
0.55,0.65,1,10000,0,0.244519,0,0.246113,0,0.253494,0,0.255875,400,0
0.55,0.65,1,25000,0,0.246275,0,0.2508,0,0.258619,0,0.244306,400,0
0.55,0.65,1,50000,0,0.24955,0,0.258194,0,0.253825,0,0.238431,400,0
0.55,0.65,1,100000,0,0.245144,0,0.232563,0,0.256169,0,0.266125,400,0
0.55,0.65,1,160000,0,0.244681,0,0.234156,0,0.272925,0,0.248237,400,0
0.55,0.65,1,0,0.124863,0.12565,0.125844,0.124044,0.124438,0.124875,0.124794,0.125494,400,0
0.55,0.65,1,1000,0,0.242863,0,0.248688,0.00046875,0.255025,0.0003875,0.252569,400,0
0.55,0.65,1,2000,0,0.242719,0,0.238844,0,0.26615,0,0.252287,400,0
0.55,0.65,1,3000,0,0.237344,0,0.254475,0,0.246394,0,0.261788,400,0
0.55,0.65,1,5000,0,0.266269,0,0.24725,0,0.239369,0,0.247113,400,0
0.55,0.65,1,7000,0,0.258912,0,0.229031,0,0.256088,0,0.255969,400,0
0.55,0.65,1,10000,0,0.2522,0,0.258263,0,0.244925,0,0.244613,400,0
0.55,0.65,1,25000,0,0.255987,0,0.256512,0,0.2504,0,0.2371,400,0
0.55,0.65,1,50000,0,0.260213,0,0.235187,0,0.243606,0,0.260994,400,0
0.55,0.65,1,100000,0,0.247594,0,0.251613,0,0.251319,0,0.249475,400,0
0.55,0.65,1,160000,0,0.245987,0,0.246981,0,0.252131,0,0.2549,400,0
0.55,0.7,1,0,0.125525,0.125994,0.12445,0.125206,0.125512,0.124406,0.124325,0.124581,400,0
0.55,0.7,1,1000,0,0.254462,0,0.248281,0,0.247419,0,0.249837,400,0
0.55,0.7,1,2000,0,0.237525,0,0.254419,0,0.256312,0,0.251744,400,0
0.55,0.7,1,3000,0,0.2579,0,0.252931,0,0.245012,0,0.244156,400,0
0.55,0.7,1,5000,0,0.250731,0,0.250794,0,0.248306,0,0.250169,400,0
0.55,0.7,1,7000,0,0.257081,0,0.243225,0,0.238744,0,0.26095,400,0
0.55,0.7,1,10000,0,0.24995,0,0.253663,0,0.25665,0,0.239737,400,0
0.55,0.7,1,25000,0,0.261275,0,0.241113,0,0.246831,0,0.250781,400,0
0.55,0.7,1,50000,0,0.262138,0,0.251937,0,0.243925,0,0.242,400,0
0.55,0.7,1,100000,0,0.252012,0,0.253956,0,0.23735,0,0.256681,400,0
0.55,0.7,1,160000,0,0.230912,0,0.264587,0,0.253869,0,0.250631,400,0
0.55,0.7,1,0,0.125806,0.124738,0.123819,0.1246,0.125725,0.125394,0.124456,0.125463,400,0
0.55,0.7,1,1000,0,0.238088,0,0.253738,0,0.262075,0,0.2461,400,0
0.55,0.7,1,2000,0,0.246888,0,0.241669,0,0.252731,0,0.258713,400,0
0.55,0.7,1,3000,0,0.254462,0,0.245981,0,0.253625,0,0.245931,400,0
0.55,0.7,1,5000,0,0.255131,0,0.264713,0,0.2379,0,0.242256,400,0
0.55,0.7,1,7000,0,0.254831,0,0.252144,0,0.246181,0,0.246844,400,0
0.55,0.7,1,10000,0,0.238606,0,0.261587,0,0.24365,0,0.256156,400,0
0.55,0.7,1,25000,0,0.250513,0,0.246081,0,0.253763,0,0.249644,400,0
0.55,0.7,1,50000,0,0.255537,0,0.246181,0,0.234863,0,0.263419,400,0
0.55,0.7,1,100000,0,0.260856,0,0.2394,0,0.255862,0,0.243881,400,0
0.55,0.7,1,160000,0,0.272838,0,0.248456,0,0.220181,0,0.258525,400,0
0.55,0.75,1,0,0.125075,0.125381,0.124431,0.126081,0.125119,0.123494,0.125262,0.125156,400,0
0.55,0.75,1,1000,0,0.227906,0,0.251525,0.0006875,0.269381,0.0022375,0.248262,400,0
0.55,0.75,1,2000,0,0.259775,0,0.24535,0,0.24025,0,0.254625,400,0
0.55,0.75,1,3000,0,0.251169,0,0.25435,0,0.250994,0,0.243487,400,0
0.55,0.75,1,5000,0,0.259406,0,0.250038,0,0.245181,0,0.245375,400,0
0.55,0.75,1,7000,0,0.243,0,0.262412,0,0.249356,0,0.245231,400,0
0.55,0.75,1,10000,0,0.243275,0,0.249775,0,0.253094,0,0.253856,400,0
0.55,0.75,1,25000,0,0.245044,0,0.248363,0,0.249869,0,0.256725,400,0
0.55,0.75,1,50000,0,0.247694,0,0.237731,0,0.261025,0,0.25355,400,0
0.55,0.75,1,100000,0,0.252581,0,0.2582,0,0.244744,0,0.244475,400,0
0.55,0.75,1,160000,0,0.265806,0,0.244675,0,0.244812,0,0.244706,400,0
0.55,0.75,1,0,0.125931,0.124456,0.125919,0.127494,0.124544,0.1238,0.123556,0.1243,400,0
0.55,0.75,1,1000,0,0.248825,0,0.255456,0.00073125,0.238694,0.00138125,0.254912,400,0
0.55,0.75,1,2000,0,0.267587,0,0.243094,0,0.230338,0,0.258981,400,0
0.55,0.75,1,3000,0,0.2424,0,0.247919,0,0.261075,0,0.248606,400,0
0.55,0.75,1,5000,0,0.233925,0,0.244875,0,0.266681,0,0.254519,400,0
0.55,0.75,1,7000,0,0.255981,0,0.250906,0,0.256425,0,0.236687,400,0
0.55,0.75,1,10000,0,0.2416,0,0.253812,0,0.249869,0,0.254719,400,0
0.55,0.75,1,25000,0,0.254619,0,0.260562,0,0.2474,0,0.237419,400,0
0.55,0.75,1,50000,0,0.260512,0,0.262656,0,0.233875,0,0.242956,400,0
0.55,0.75,1,100000,0,0.247188,0,0.24525,0,0.249206,0,0.258356,400,0
0.55,0.75,1,160000,0,0.256037,0,0.256238,0,0.239975,0,0.24775,400,0
0.55,0.8,1,0,0.123981,0.124244,0.125812,0.126519,0.12395,0.125781,0.12515,0.124563,400,0
0.55,0.8,1,1000,0,0.256688,0,0.247294,0,0.247319,0,0.2487,400,0
0.55,0.8,1,2000,0,0.263675,0,0.2622,0,0.243819,0,0.230306,400,0
0.55,0.8,1,3000,0,0.264469,0,0.239962,0,0.240669,0,0.2549,400,0
0.55,0.8,1,5000,0,0.258875,0,0.260588,0,0.24075,0,0.239787,400,0
0.55,0.8,1,7000,0,0.2527,0,0.246831,0,0.232588,0,0.267881,400,0
0.55,0.8,1,10000,0,0.255544,0,0.24085,0,0.244962,0,0.258644,400,0
0.55,0.8,1,25000,0,0.253969,0,0.240725,0,0.255206,0,0.2501,400,0
0.55,0.8,1,50000,0,0.257119,0,0.27045,0,0.248506,0,0.223925,400,0
0.55,0.8,1,100000,0,0.2674,0,0.231494,0,0.238894,0,0.262213,400,0
0.55,0.8,1,160000,0,0.234987,0,0.241762,0,0.266275,0,0.256975,400,0
0.55,0.8,1,0,0.125094,0.123569,0.1249,0.12585,0.12515,0.124838,0.125125,0.125475,400,0
0.55,0.8,1,1000,0,0.249681,0,0.24405,0,0.254706,0,0.251563,400,0
0.55,0.8,1,2000,0,0.250663,0,0.243613,0,0.237906,0,0.267819,400,0
0.55,0.8,1,3000,0,0.256263,0,0.256788,0,0.243725,0,0.243225,400,0
0.55,0.8,1,5000,0,0.266006,0,0.252525,0,0.243325,0,0.238144,400,0
0.55,0.8,1,7000,0,0.269537,0,0.233906,0,0.239388,0,0.257169,400,0
0.55,0.8,1,10000,0,0.23655,0,0.262819,0,0.266206,0,0.234425,400,0
0.55,0.8,1,25000,0,0.247531,0,0.251894,0,0.248056,0,0.252519,400,0
0.55,0.8,1,50000,0,0.268444,0,0.244269,0,0.233269,0,0.254019,400,0
0.55,0.8,1,100000,0,0.258544,0,0.253469,0,0.239406,0,0.248581,400,0
0.55,0.8,1,160000,0,0.264663,0,0.254887,0,0.247625,0,0.232825,400,0
0.55,0.85,1,0,0.125794,0.125806,0.123856,0.125738,0.124631,0.124856,0.123,0.126319,400,0
0.55,0.85,1,1000,0,0.252563,0,0.237331,0.00158125,0.237063,0.0026875,0.268775,400,0
0.55,0.85,1,2000,0,0.256031,0,0.236644,0,0.243338,0,0.263987,400,0
0.55,0.85,1,3000,0,0.255131,0,0.249438,0,0.260887,0,0.234544,400,0
0.55,0.85,1,5000,0,0.251131,0,0.253319,0,0.233475,0,0.262075,400,0
0.55,0.85,1,7000,0,0.242356,0,0.244719,0,0.254744,0,0.258181,400,0
0.55,0.85,1,10000,0,0.24925,0,0.241019,0,0.261281,0,0.24845,400,0
0.55,0.85,1,25000,0,0.255512,0,0.248575,0,0.238581,0,0.257331,400,0
0.55,0.85,1,50000,0,0.242294,0,0.259906,0,0.259713,0,0.238088,400,0
0.55,0.85,1,100000,0,0.247206,0,0.23365,0,0.253406,0,0.265738,400,0
0.55,0.85,1,160000,0,0.24265,0,0.24105,0,0.260925,0,0.255375,400,0
0.55,0.85,1,0,0.125725,0.12455,0.125625,0.124787,0.123269,0.126081,0.125194,0.124769,400,0
0.55,0.85,1,1000,0,0.260713,0,0.236131,0,0.245494,0,0.257663,400,0
0.55,0.85,1,2000,0,0.241838,0,0.250387,0,0.257256,0,0.250519,400,0
0.55,0.85,1,3000,0,0.249506,0,0.256956,0,0.258831,0,0.234706,400,0
0.55,0.85,1,5000,0,0.251656,0,0.269437,0,0.243363,0,0.235544,400,0
0.55,0.85,1,7000,0,0.242656,0,0.259094,0,0.2431,0,0.25515,400,0
0.55,0.85,1,10000,0,0.248388,0,0.242575,0,0.2472,0,0.261838,400,0
0.55,0.85,1,25000,0,0.24295,0,0.2546,0,0.25075,0,0.2517,400,0
0.55,0.85,1,50000,0,0.265138,0,0.241181,0,0.249381,0,0.2443,400,0
0.55,0.85,1,100000,0,0.255675,0,0.249087,0,0.246869,0,0.248369,400,0
0.55,0.85,1,160000,0,0.243663,0,0.271087,0,0.241631,0,0.243619,400,0
0.55,0.9,1,0,0.125812,0.12465,0.124713,0.125812,0.123875,0.126644,0.124594,0.1239,400,0
0.55,0.9,1,1000,0,0.26305,0,0.239163,0.00061875,0.242962,0.000725,0.253481,400,0
0.55,0.9,1,2000,0,0.24925,0,0.248569,0,0.261419,0,0.240762,400,0
0.55,0.9,1,3000,0,0.259556,0,0.2363,0,0.246344,0,0.2578,400,0
0.55,0.9,1,5000,0,0.234231,0,0.262263,0,0.265181,0,0.238325,400,0
0.55,0.9,1,7000,0,0.243206,0,0.255875,0,0.2583,0,0.242619,400,0
0.55,0.9,1,10000,0,0.249931,0,0.25025,0,0.263338,0,0.236481,400,0
0.55,0.9,1,25000,0,0.246062,0,0.247938,0,0.249331,0,0.256669,400,0
0.55,0.9,1,50000,0,0.244081,0,0.252256,0,0.260669,0,0.242994,400,0
0.55,0.9,1,100000,0,0.245506,0,0.265375,0,0.239769,0,0.24935,400,0
0.55,0.9,1,160000,0,0.246375,0,0.250506,0,0.260387,0,0.242731,400,0
0.55,0.9,1,0,0.12525,0.124056,0.125825,0.125169,0.126131,0.124906,0.124569,0.124094,400,0
0.55,0.9,1,1000,0,0.249087,0,0.250738,0,0.257144,0,0.243031,400,0
0.55,0.9,1,2000,0,0.245706,0,0.250581,0,0.251806,0,0.251906,400,0
0.55,0.9,1,3000,0,0.246012,0,0.259862,0,0.258675,0,0.23545,400,0
0.55,0.9,1,5000,0,0.249544,0,0.241931,0,0.261,0,0.247525,400,0
0.55,0.9,1,7000,0,0.26535,0,0.246356,0,0.234794,0,0.2535,400,0
0.55,0.9,1,10000,0,0.2582,0,0.260681,0,0.236944,0,0.244175,400,0
0.55,0.9,1,25000,0,0.257281,0,0.242444,0,0.255088,0,0.245188,400,0
0.55,0.9,1,50000,0,0.254912,0,0.253694,0,0.238725,0,0.252669,400,0
0.55,0.9,1,100000,0,0.253538,0,0.238212,0,0.25155,0,0.2567,400,0
0.55,0.9,1,160000,0,0.244819,0,0.251556,0,0.254169,0,0.249456,400,0
0.55,0.95,1,0,0.124144,0.126781,0.124162,0.124825,0.126344,0.125206,0.124075,0.124463,400,0
0.55,0.95,1,1000,0,0.249306,0,0.235456,0,0.262856,0,0.252381,400,0
0.55,0.95,1,2000,0,0.239569,0,0.259019,0,0.250213,0,0.2512,400,0
0.55,0.95,1,3000,0,0.236856,0,0.258862,0,0.254412,0,0.249869,400,0
0.55,0.95,1,5000,0,0.240125,0,0.253481,0,0.258681,0,0.247713,400,0
0.55,0.95,1,7000,0,0.248012,0,0.259313,0,0.244794,0,0.247881,400,0
0.55,0.95,1,10000,0,0.250544,0,0.255556,0,0.243794,0,0.250106,400,0
0.55,0.95,1,25000,0,0.241506,0,0.25085,0,0.2681,0,0.239544,400,0
0.55,0.95,1,50000,0,0.2387,0,0.269725,0,0.238119,0,0.253456,400,0
0.55,0.95,1,100000,0,0.255894,0,0.237319,0,0.252725,0,0.254063,400,0
0.55,0.95,1,160000,0,0.256275,0,0.247994,0,0.242762,0,0.252969,400,0
0.55,0.95,1,0,0.125194,0.125175,0.123869,0.12495,0.1254,0.125469,0.125619,0.124325,400,0
0.55,0.95,1,1000,0,0.248069,0,0.248012,0.0004,0.246062,0.0006,0.256856,400,0
0.55,0.95,1,2000,0,0.247113,0,0.252331,0,0.252294,0,0.248262,400,0
0.55,0.95,1,3000,0,0.249806,0,0.244769,0,0.252244,0,0.253181,400,0
0.55,0.95,1,5000,0,0.253512,0,0.228919,0,0.261069,0,0.2565,400,0
0.55,0.95,1,7000,0,0.250337,0,0.249738,0,0.253081,0,0.246844,400,0
0.55,0.95,1,10000,0,0.258356,0,0.254331,0,0.247475,0,0.239838,400,0
0.55,0.95,1,25000,0,0.237662,0,0.237981,0,0.254919,0,0.269437,400,0
0.55,0.95,1,50000,0,0.24425,0,0.243712,0,0.259581,0,0.252456,400,0
0.55,0.95,1,100000,0,0.238081,0,0.232925,0,0.268087,0,0.260906,400,0
0.55,0.95,1,160000,0,0.249156,0,0.2679,0,0.242356,0,0.240588,400,0
0.55,1,1,0,0.125319,0.125744,0.126062,0.12515,0.123831,0.124706,0.124281,0.124906,400,0
0.55,1,1,1000,0,0.250188,0,0.2489,0,0.236394,0,0.264519,400,0
0.55,1,1,2000,0,0.243012,0,0.254406,0,0.260219,0,0.242363,400,0
0.55,1,1,3000,0,0.250437,0,0.237863,0,0.238619,0,0.273081,400,0
0.55,1,1,5000,0,0.2397,0,0.254738,0,0.255912,0,0.24965,400,0
0.55,1,1,7000,0,0.244981,0,0.257906,0,0.261962,0,0.23515,400,0
0.55,1,1,10000,0,0.236656,0,0.247919,0,0.277869,0,0.237556,400,0
0.55,1,1,25000,0,0.248081,0,0.236237,0,0.248625,0,0.267056,400,0
0.55,1,1,50000,0,0.241344,0,0.2498,0,0.254038,0,0.254819,400,0
0.55,1,1,100000,0,0.258506,0,0.253094,0,0.248312,0,0.240088,400,0
0.55,1,1,160000,0,0.259325,0,0.237419,0,0.242969,0,0.260288,400,0
0.55,1,1,0,0.125169,0.125369,0.126438,0.124744,0.123931,0.1256,0.1236,0.12515,400,0
0.55,1,1,1000,0,0.237919,0,0.252025,0.00128125,0.253456,0.00158125,0.253738,400,0
0.55,1,1,2000,0,0.23615,0,0.2527,0,0.264969,0,0.246181,400,0
0.55,1,1,3000,0,0.263244,0,0.235987,0,0.238475,0,0.262294,400,0
0.55,1,1,5000,0,0.254887,0,0.251625,0,0.232212,0,0.261275,400,0
0.55,1,1,7000,0,0.259919,0,0.264944,0,0.236888,0,0.23825,400,0
0.55,1,1,10000,0,0.259419,0,0.261531,0,0.246562,0,0.232488,400,0
0.55,1,1,25000,0,0.241944,0,0.23255,0,0.260031,0,0.265475,400,0
0.55,1,1,50000,0,0.246375,0,0.234725,0,0.255519,0,0.263381,400,0
0.55,1,1,100000,0,0.263987,0,0.264663,0,0.235387,0,0.235962,400,0
0.55,1,1,160000,0,0.252937,0,0.250063,0,0.244681,0,0.252319,400,0
0.6,0,1,0,0.1245,0.124887,0.124731,0.124375,0.125256,0.125825,0.124688,0.125738,400,0
0.6,0,1,1000,0.122463,0.126713,0.113669,0.128956,0.114263,0.143813,0.116837,0.133288,400,0
0.6,0,1,2000,0.0968125,0.163794,0.0896938,0.140475,0.109544,0.146969,0.100369,0.152344,400,0
0.6,0,1,3000,0.0818438,0.182675,0.065225,0.17075,0.080375,0.170462,0.0817563,0.166912,400,0
0.6,0,1,5000,0.0497312,0.202925,0.05185,0.206106,0.0476063,0.1883,0.0519688,0.201513,400,0
0.6,0,1,7000,0.032475,0.222612,0.03135,0.222587,0.0395875,0.216831,0.0210562,0.2135,400,0
0.6,0,1,10000,0.0262187,0.243019,0.02125,0.220569,0.0181,0.226081,0.02295,0.221812,400,0
0.6,0,1,25000,0,0.256006,0,0.246769,0,0.248781,0,0.248444,400,0
0.6,0,1,50000,0,0.244581,0,0.263106,0,0.248562,0,0.24375,400,0
0.6,0,1,100000,0,0.2334,0,0.240681,0,0.263537,0,0.262381,400,0
0.6,0,1,160000,0,0.266163,0,0.240175,0,0.253556,0,0.240106,400,0
0.6,0,1,0,0.124181,0.125419,0.126275,0.126287,0.1235,0.124613,0.124481,0.125244,400,0
0.6,0,1,1000,0.159169,0.106637,0.154762,0.0955875,0.141763,0.0986188,0.15085,0.0926125,400,0
0.6,0,1,2000,0.161719,0.0871688,0.1585,0.0878,0.165506,0.0889563,0.157713,0.0926375,400,0
0.6,0,1,3000,0.185125,0.0807,0.174281,0.0716187,0.162069,0.070975,0.179737,0.0754937,400,0
0.6,0,1,5000,0.194981,0.0721187,0.187394,0.059775,0.182831,0.0652188,0.164469,0.0732125,400,0
0.6,0,1,7000,0.199375,0.0416375,0.217606,0.034175,0.215619,0.035,0.213212,0.043375,400,0
0.6,0,1,10000,0.241994,0,0.264044,0,0.259675,0,0.234288,0,400,0
0.6,0,1,25000,0.249025,0,0.259775,0,0.254444,0,0.236756,0,400,0
0.6,0,1,50000,0.253862,0,0.265244,0,0.243356,0,0.237538,0,400,0
0.6,0,1,100000,0.252719,0,0.254575,0,0.241625,0,0.251081,0,400,0
0.6,0,1,160000,0.264244,0,0.238375,0,0.25085,0,0.246531,0,400,0
0.6,0.05,1,0,0.124463,0.125681,0.12565,0.124231,0.125206,0.1248,0.125562,0.124406,400,0
0.6,0.05,1,1000,0.0256375,0.225769,0.027125,0.234056,0.0246187,0.226594,0.0222313,0.213969,400,0
0.6,0.05,1,2000,0,0.256387,0,0.24655,0,0.256088,0,0.240975,400,0
0.6,0.05,1,3000,0,0.243044,0,0.248406,0,0.249956,0,0.258594,400,0
0.6,0.05,1,5000,0,0.268331,0,0.258912,0,0.230275,0,0.242481,400,0
0.6,0.05,1,7000,0,0.261469,0,0.226681,0,0.250987,0,0.260862,400,0
0.6,0.05,1,10000,0,0.233306,0,0.245619,0,0.259744,0,0.261331,400,0
0.6,0.05,1,25000,0,0.24735,0,0.242388,0,0.246244,0,0.264019,400,0
0.6,0.05,1,50000,0,0.237569,0,0.255731,0,0.247587,0,0.259113,400,0
0.6,0.05,1,100000,0,0.251319,0,0.258106,0,0.250538,0,0.240037,400,0
0.6,0.05,1,160000,0,0.243438,0,0.24255,0,0.260256,0,0.253756,400,0
0.6,0.05,1,0,0.124969,0.126106,0.124631,0.124756,0.123931,0.124756,0.125087,0.125762,400,0
0.6,0.05,1,1000,0.0225562,0.230137,0.0314625,0.2189,0.02495,0.233063,0.0235875,0.215344,400,0
0.6,0.05,1,2000,1.875e-05,0.241681,0,0.245512,0.00014375,0.252575,0.001025,0.259044,400,0
0.6,0.05,1,3000,0,0.265744,0,0.254706,0,0.234237,0,0.245312,400,0
0.6,0.05,1,5000,0,0.236338,0,0.255412,0,0.2438,0,0.26445,400,0
0.6,0.05,1,7000,0,0.251425,0,0.267725,0,0.241225,0,0.239625,400,0
0.6,0.05,1,10000,0,0.233381,0,0.264656,0,0.254256,0,0.247706,400,0
0.6,0.05,1,25000,0,0.241681,0,0.250981,0,0.25345,0,0.253887,400,0
0.6,0.05,1,50000,0,0.246775,0,0.249744,0,0.2404,0,0.263081,400,0
0.6,0.05,1,100000,0,0.2534,0,0.257362,0,0.261769,0,0.227469,400,0
0.6,0.05,1,160000,0,0.255006,0,0.253819,0,0.246287,0,0.244888,400,0
0.6,0.1,1,0,0.124406,0.124219,0.123675,0.127656,0.124825,0.124806,0.124219,0.126194,400,0
0.6,0.1,1,1000,0.0145938,0.236194,0.0173687,0.258313,0.00756875,0.228056,0.00686875,0.231038,400,0
0.6,0.1,1,2000,0,0.257231,0,0.252869,0,0.247675,0,0.242225,400,0
0.6,0.1,1,3000,0,0.245781,0,0.252744,0,0.25435,0,0.247125,400,0
0.6,0.1,1,5000,0,0.235431,0,0.246463,0,0.284112,0,0.233994,400,0
0.6,0.1,1,7000,0,0.253763,0,0.248819,0,0.254581,0,0.242838,400,0
0.6,0.1,1,10000,0,0.257719,0,0.260256,0,0.233056,0,0.248969,400,0
0.6,0.1,1,25000,0,0.251356,0,0.258681,0,0.263156,0,0.226806,400,0
0.6,0.1,1,50000,0,0.254281,0,0.256169,0,0.263656,0,0.225894,400,0
0.6,0.1,1,100000,0,0.259356,0,0.237306,0,0.259044,0,0.244294,400,0
0.6,0.1,1,160000,0,0.245694,0,0.262362,0,0.257725,0,0.234219,400,0
0.6,0.1,1,0,0.126094,0.123969,0.124912,0.125519,0.123475,0.1241,0.125869,0.126062,400,0
0.6,0.1,1,1000,0.00788125,0.228556,0.0096,0.242913,0.008775,0.238494,0.0056625,0.258119,400,0
0.6,0.1,1,2000,0,0.262344,0,0.261081,0,0.2471,0,0.229475,400,0
0.6,0.1,1,3000,0,0.243106,0,0.25655,0,0.247825,0,0.252519,400,0
0.6,0.1,1,5000,0,0.242113,0,0.256862,0,0.2468,0,0.254225,400,0
0.6,0.1,1,7000,0,0.251731,0,0.241194,0,0.244631,0,0.262444,400,0
0.6,0.1,1,10000,0,0.261431,0,0.252756,0,0.24095,0,0.244863,400,0
0.6,0.1,1,25000,0,0.242512,0,0.250006,0,0.260181,0,0.2473,400,0
0.6,0.1,1,50000,0,0.24885,0,0.245694,0,0.25895,0,0.246506,400,0
0.6,0.1,1,100000,0,0.2499,0,0.245994,0,0.242919,0,0.261188,400,0
0.6,0.1,1,160000,0,0.230775,0,0.245863,0,0.259681,0,0.263681,400,0
0.6,0.15,1,0,0.125475,0.125881,0.125231,0.12595,0.124262,0.1248,0.124662,0.123738,400,0
0.6,0.15,1,1000,0.00045625,0.2656,0.00059375,0.246537,0.0006125,0.240413,0.001275,0.244512,400,0
0.6,0.15,1,2000,0,0.255213,0,0.245512,0,0.240413,0,0.258862,400,0
0.6,0.15,1,3000,0,0.264781,0,0.244706,0,0.233144,0,0.257369,400,0
0.6,0.15,1,5000,0,0.250294,0,0.256675,0,0.248906,0,0.244125,400,0
0.6,0.15,1,7000,0,0.261125,0,0.244319,0,0.236031,0,0.258525,400,0
0.6,0.15,1,10000,0,0.253281,0,0.252044,0,0.254669,0,0.240006,400,0
0.6,0.15,1,25000,0,0.25495,0,0.239719,0,0.2638,0,0.241531,400,0
0.6,0.15,1,50000,0,0.260362,0,0.259163,0,0.23895,0,0.241525,400,0
0.6,0.15,1,100000,0,0.262456,0,0.260512,0,0.2388,0,0.238231,400,0
0.6,0.15,1,160000,0,0.2473,0,0.248481,0,0.260356,0,0.243863,400,0
0.6,0.15,1,0,0.12405,0.125906,0.124313,0.125225,0.124137,0.124825,0.125419,0.126125,400,0
0.6,0.15,1,1000,0.00426875,0.247506,0.00705,0.2521,0.00474375,0.252406,0.00444375,0.227481,400,0
0.6,0.15,1,2000,0,0.255394,0,0.250269,0,0.232781,0,0.261556,400,0
0.6,0.15,1,3000,0,0.2535,0,0.242344,0,0.245938,0,0.258219,400,0
0.6,0.15,1,5000,0,0.238237,0,0.25365,0,0.265619,0,0.242494,400,0
0.6,0.15,1,7000,0,0.244544,0,0.253031,0,0.246269,0,0.256156,400,0
0.6,0.15,1,10000,0,0.249312,0,0.260469,0,0.247012,0,0.243206,400,0
0.6,0.15,1,25000,0,0.249681,0,0.25195,0,0.245581,0,0.252787,400,0
0.6,0.15,1,50000,0,0.2508,0,0.258525,0,0.240987,0,0.249688,400,0
0.6,0.15,1,100000,0,0.257925,0,0.25975,0,0.243906,0,0.238419,400,0
0.6,0.15,1,160000,0,0.250106,0,0.258663,0,0.237394,0,0.253837,400,0
0.6,0.2,1,0,0.124594,0.124775,0.126112,0.125188,0.124238,0.125,0.124856,0.125238,400,0
0.6,0.2,1,1000,0.00156875,0.240519,0.00065,0.23645,0,0.263338,0.0002625,0.257213,400,0
0.6,0.2,1,2000,0,0.2464,0,0.237063,0,0.259581,0,0.256956,400,0
0.6,0.2,1,3000,0,0.268562,0,0.240712,0,0.244138,0,0.246587,400,0
0.6,0.2,1,5000,0,0.243725,0,0.244575,0,0.252569,0,0.259131,400,0
0.6,0.2,1,7000,0,0.249062,0,0.248469,0,0.247756,0,0.254713,400,0
0.6,0.2,1,10000,0,0.226631,0,0.252369,0,0.268969,0,0.252031,400,0
0.6,0.2,1,25000,0,0.251694,0,0.239706,0,0.258837,0,0.249762,400,0
0.6,0.2,1,50000,0,0.25095,0,0.245088,0,0.235538,0,0.268425,400,0
0.6,0.2,1,100000,0,0.258606,0,0.246619,0,0.253119,0,0.241656,400,0
0.6,0.2,1,160000,0,0.243138,0,0.26185,0,0.2493,0,0.245713,400,0
0.6,0.2,1,0,0.126812,0.124,0.124756,0.123256,0.125125,0.125988,0.125081,0.124981,400,0
0.6,0.2,1,1000,0.000475,0.260506,0.00024375,0.263675,0.00280625,0.229744,0.0028375,0.239712,400,0
0.6,0.2,1,2000,0,0.271475,0,0.234744,0,0.235706,0,0.258075,400,0
0.6,0.2,1,3000,0,0.245456,0,0.248438,0,0.245463,0,0.260644,400,0
0.6,0.2,1,5000,0,0.251925,0,0.247975,0,0.253094,0,0.247006,400,0
0.6,0.2,1,7000,0,0.238687,0,0.248881,0,0.249769,0,0.262663,400,0
0.6,0.2,1,10000,0,0.240281,0,0.249556,0,0.259481,0,0.250681,400,0
0.6,0.2,1,25000,0,0.252794,0,0.246681,0,0.256531,0,0.243994,400,0
0.6,0.2,1,50000,0,0.255862,0,0.2486,0,0.247663,0,0.247875,400,0
0.6,0.2,1,100000,0,0.250669,0,0.231731,0,0.246669,0,0.270931,400,0
0.6,0.2,1,160000,0,0.252369,0,0.254331,0,0.242606,0,0.250694,400,0
0.6,0.25,1,0,0.1252,0.125244,0.124856,0.124738,0.125075,0.125213,0.124331,0.125344,400,0
0.6,0.25,1,1000,0,0.251681,1.875e-05,0.246888,0,0.242606,0,0.258806,400,0
0.6,0.25,1,2000,0,0.259062,0,0.249594,0,0.248113,0,0.243231,400,0
0.6,0.25,1,3000,0,0.239537,0,0.251231,0,0.267369,0,0.241863,400,0
0.6,0.25,1,5000,0,0.24385,0,0.253981,0,0.254738,0,0.247431,400,0
0.6,0.25,1,7000,0,0.247812,0,0.246094,0,0.254125,0,0.251969,400,0
0.6,0.25,1,10000,0,0.2485,0,0.247119,0,0.237462,0,0.266919,400,0
0.6,0.25,1,25000,0,0.247494,0,0.253063,0,0.258362,0,0.241081,400,0
0.6,0.25,1,50000,0,0.242856,0,0.263562,0,0.244369,0,0.249213,400,0
0.6,0.25,1,100000,0,0.257213,0,0.26445,0,0.2276,0,0.250738,400,0
0.6,0.25,1,160000,0,0.250056,0,0.253987,0,0.241775,0,0.254181,400,0
0.6,0.25,1,0,0.124381,0.125331,0.123106,0.126575,0.124838,0.125012,0.124825,0.125931,400,0
0.6,0.25,1,1000,0.00253125,0.249862,0.002325,0.251825,0.0008125,0.234106,0.00188125,0.256656,400,0
0.6,0.25,1,2000,0,0.238788,0,0.245931,0,0.257663,0,0.257619,400,0
0.6,0.25,1,3000,0,0.250837,0,0.258906,0,0.254806,0,0.23545,400,0
0.6,0.25,1,5000,0,0.265756,0,0.255519,0,0.243194,0,0.235531,400,0
0.6,0.25,1,7000,0,0.257088,0,0.247188,0,0.253631,0,0.242094,400,0
0.6,0.25,1,10000,0,0.2534,0,0.249544,0,0.246806,0,0.25025,400,0
0.6,0.25,1,25000,0,0.239694,0,0.25205,0,0.246725,0,0.261531,400,0
0.6,0.25,1,50000,0,0.23865,0,0.247544,0,0.258594,0,0.255213,400,0
0.6,0.25,1,100000,0,0.243756,0,0.245194,0,0.259925,0,0.251125,400,0
0.6,0.25,1,160000,0,0.246094,0,0.256219,0,0.255412,0,0.242275,400,0
0.6,0.3,1,0,0.124975,0.12565,0.126787,0.124919,0.124938,0.123925,0.123819,0.124988,400,0
0.6,0.3,1,1000,0,0.248738,0,0.240187,0,0.263006,0,0.248069,400,0
0.6,0.3,1,2000,0,0.24075,0,0.235094,0,0.263294,0,0.260862,400,0
0.6,0.3,1,3000,0,0.2514,0,0.265756,0,0.250181,0,0.232662,400,0
0.6,0.3,1,5000,0,0.249663,0,0.256312,0,0.265281,0,0.228744,400,0
0.6,0.3,1,7000,0,0.259962,0,0.251331,0,0.246394,0,0.242312,400,0
0.6,0.3,1,10000,0,0.251738,0,0.25565,0,0.265681,0,0.226931,400,0
0.6,0.3,1,25000,0,0.253406,0,0.254844,0,0.237156,0,0.254594,400,0
0.6,0.3,1,50000,0,0.251531,0,0.250006,0,0.2463,0,0.252163,400,0
0.6,0.3,1,100000,0,0.241681,0,0.2669,0,0.239287,0,0.252131,400,0
0.6,0.3,1,160000,0,0.250925,0,0.265919,0,0.243731,0,0.239425,400,0
0.6,0.3,1,0,0.126681,0.125163,0.124625,0.125306,0.125287,0.123094,0.126112,0.123731,400,0
0.6,0.3,1,1000,0,0.239081,0,0.263631,0,0.263188,0,0.2341,400,0
0.6,0.3,1,2000,0,0.2488,0,0.250844,0,0.254875,0,0.245481,400,0
0.6,0.3,1,3000,0,0.280694,0,0.237313,0,0.233531,0,0.248463,400,0
0.6,0.3,1,5000,0,0.254331,0,0.238819,0,0.243744,0,0.263106,400,0
0.6,0.3,1,7000,0,0.237419,0,0.255531,0,0.252,0,0.25505,400,0
0.6,0.3,1,10000,0,0.240931,0,0.266369,0,0.244319,0,0.248381,400,0
0.6,0.3,1,25000,0,0.249337,0,0.243656,0,0.264019,0,0.242987,400,0
0.6,0.3,1,50000,0,0.244381,0,0.247356,0,0.250144,0,0.258119,400,0
0.6,0.3,1,100000,0,0.253294,0,0.253725,0,0.249831,0,0.24315,400,0
0.6,0.3,1,160000,0,0.243444,0,0.260656,0,0.260238,0,0.235662,400,0
0.6,0.35,1,0,0.124775,0.124769,0.123744,0.124988,0.124769,0.124581,0.126725,0.12565,400,0
0.6,0.35,1,1000,0.0017125,0.248281,0.0020125,0.233306,0.00226875,0.2485,0.001625,0.262294,400,0
0.6,0.35,1,2000,0,0.254656,0,0.247863,0,0.2364,0,0.261081,400,0
0.6,0.35,1,3000,0,0.246125,0,0.251969,0,0.2373,0,0.264606,400,0
0.6,0.35,1,5000,0,0.258337,0,0.261775,0,0.236156,0,0.243731,400,0
0.6,0.35,1,7000,0,0.261869,0,0.247425,0,0.2422,0,0.248506,400,0
0.6,0.35,1,10000,0,0.245875,0,0.244163,0,0.256444,0,0.253519,400,0
0.6,0.35,1,25000,0,0.2447,0,0.241831,0,0.272394,0,0.241075,400,0
0.6,0.35,1,50000,0,0.245188,0,0.247275,0,0.256437,0,0.2511,400,0
0.6,0.35,1,100000,0,0.255094,0,0.247456,0,0.245969,0,0.251481,400,0
0.6,0.35,1,160000,0,0.247,0,0.258981,0,0.256681,0,0.237338,400,0
0.6,0.35,1,0,0.124825,0.124844,0.12475,0.126294,0.124631,0.124231,0.125762,0.124662,400,0
0.6,0.35,1,1000,0,0.237469,0,0.238237,0,0.262912,0,0.261381,400,0
0.6,0.35,1,2000,0,0.252906,0,0.241975,0,0.256012,0,0.249106,400,0
0.6,0.35,1,3000,0,0.247644,0,0.247963,0,0.262431,0,0.241962,400,0
0.6,0.35,1,5000,0,0.243981,0,0.247944,0,0.254656,0,0.253419,400,0
0.6,0.35,1,7000,0,0.236462,0,0.249981,0,0.259675,0,0.253881,400,0
0.6,0.35,1,10000,0,0.257875,0,0.256375,0,0.2371,0,0.24865,400,0
0.6,0.35,1,25000,0,0.255669,0,0.25005,0,0.23595,0,0.258331,400,0
0.6,0.35,1,50000,0,0.246106,0,0.242456,0,0.263306,0,0.248131,400,0
0.6,0.35,1,100000,0,0.237881,0,0.262569,0,0.247312,0,0.252238,400,0
0.6,0.35,1,160000,0,0.236325,0,0.254331,0,0.259437,0,0.249906,400,0
0.6,0.4,1,0,0.126,0.125475,0.124975,0.123994,0.125938,0.125631,0.123994,0.123994,400,0
0.6,0.4,1,1000,0,0.259056,0,0.245244,0,0.247325,0,0.248375,400,0
0.6,0.4,1,2000,0,0.239331,0,0.252606,0,0.260688,0,0.247375,400,0
0.6,0.4,1,3000,0,0.25495,0,0.255894,0,0.242019,0,0.247138,400,0
0.6,0.4,1,5000,0,0.242938,0,0.247094,0,0.254381,0,0.255588,400,0
0.6,0.4,1,7000,0,0.263738,0,0.238556,0,0.250663,0,0.247044,400,0
0.6,0.4,1,10000,0,0.252787,0,0.241725,0,0.244962,0,0.260525,400,0
0.6,0.4,1,25000,0,0.245394,0,0.249031,0,0.261581,0,0.243994,400,0
0.6,0.4,1,50000,0,0.246806,0,0.239262,0,0.259869,0,0.254063,400,0
0.6,0.4,1,100000,0,0.255337,0,0.25665,0,0.242987,0,0.245025,400,0
0.6,0.4,1,160000,0,0.240675,0,0.250081,0,0.260775,0,0.248469,400,0
0.6,0.4,1,0,0.125337,0.124494,0.124706,0.124875,0.125456,0.125019,0.124037,0.126075,400,0
0.6,0.4,1,1000,0,0.246369,0,0.27535,0,0.230775,0,0.247506,400,0
0.6,0.4,1,2000,0,0.24525,0,0.252175,0,0.244375,0,0.2582,400,0
0.6,0.4,1,3000,0,0.238363,0,0.251025,0,0.26125,0,0.249362,400,0
0.6,0.4,1,5000,0,0.250869,0,0.244037,0,0.258781,0,0.246312,400,0
0.6,0.4,1,7000,0,0.244631,0,0.239706,0,0.258163,0,0.2575,400,0
0.6,0.4,1,10000,0,0.235412,0,0.258006,0,0.259794,0,0.246787,400,0
0.6,0.4,1,25000,0,0.234844,0,0.283219,0,0.250937,0,0.231,400,0
0.6,0.4,1,50000,0,0.237363,0,0.2632,0,0.242275,0,0.257163,400,0
0.6,0.4,1,100000,0,0.250912,0,0.250494,0,0.258256,0,0.240338,400,0
0.6,0.4,1,160000,0,0.2536,0,0.259681,0,0.240431,0,0.246287,400,0
0.6,0.45,1,0,0.125025,0.125375,0.125862,0.124181,0.124313,0.125894,0.125888,0.123463,400,0
0.6,0.45,1,1000,0,0.251575,0,0.252556,0,0.245894,0,0.249975,400,0
0.6,0.45,1,2000,0,0.248113,0,0.249169,0,0.25185,0,0.250869,400,0
0.6,0.45,1,3000,0,0.252819,0,0.258394,0,0.250513,0,0.238275,400,0
0.6,0.45,1,5000,0,0.245262,0,0.241169,0,0.260113,0,0.253456,400,0
0.6,0.45,1,7000,0,0.242894,0,0.268631,0,0.244762,0,0.243712,400,0
0.6,0.45,1,10000,0,0.248169,0,0.250481,0,0.247319,0,0.254031,400,0
0.6,0.45,1,25000,0,0.236394,0,0.246062,0,0.257675,0,0.259869,400,0
0.6,0.45,1,50000,0,0.241825,0,0.237344,0,0.262163,0,0.258669,400,0
0.6,0.45,1,100000,0,0.254788,0,0.244388,0,0.255806,0,0.245019,400,0
0.6,0.45,1,160000,0,0.2444,0,0.243338,0,0.250837,0,0.261425,400,0
0.6,0.45,1,0,0.125087,0.125,0.125375,0.12525,0.124694,0.125587,0.125031,0.123975,400,0
0.6,0.45,1,1000,0,0.248744,0.0004,0.251081,0.00268125,0.258325,0.0002,0.238569,400,0
0.6,0.45,1,2000,0,0.257056,0,0.262756,0,0.236244,0,0.243944,400,0
0.6,0.45,1,3000,0,0.252756,0,0.247688,0,0.243406,0,0.25615,400,0
0.6,0.45,1,5000,0,0.256444,0,0.25315,0,0.2566,0,0.233806,400,0
0.6,0.45,1,7000,0,0.242344,0,0.246419,0,0.255881,0,0.255356,400,0
0.6,0.45,1,10000,0,0.247062,0,0.255244,0,0.240994,0,0.2567,400,0
0.6,0.45,1,25000,0,0.260875,0,0.241456,0,0.252456,0,0.245212,400,0
0.6,0.45,1,50000,0,0.247844,0,0.252962,0,0.257744,0,0.24145,400,0
0.6,0.45,1,100000,0,0.257369,0,0.2398,0,0.241563,0,0.261269,400,0
0.6,0.45,1,160000,0,0.251356,0,0.259219,0,0.245337,0,0.244088,400,0
0.6,0.5,1,0,0.125738,0.123381,0.125738,0.125194,0.12465,0.125106,0.12355,0.126644,400,0
0.6,0.5,1,1000,0,0.247706,0,0.255825,0,0.245344,0,0.251125,400,0
0.6,0.5,1,2000,0,0.255263,0,0.245337,0,0.254831,0,0.244569,400,0
0.6,0.5,1,3000,0,0.255669,0,0.261094,0,0.230488,0,0.25275,400,0
0.6,0.5,1,5000,0,0.252412,0,0.234894,0,0.251362,0,0.261331,400,0
0.6,0.5,1,7000,0,0.280706,0,0.236325,0,0.245831,0,0.237138,400,0
0.6,0.5,1,10000,0,0.22725,0,0.241863,0,0.269494,0,0.261394,400,0
0.6,0.5,1,25000,0,0.237475,0,0.262831,0,0.257381,0,0.242312,400,0
0.6,0.5,1,50000,0,0.264725,0,0.233831,0,0.249856,0,0.251588,400,0
0.6,0.5,1,100000,0,0.245956,0,0.2463,0,0.259813,0,0.247931,400,0
0.6,0.5,1,160000,0,0.240719,0,0.252575,0,0.259819,0,0.246888,400,0
0.6,0.5,1,0,0.125012,0.125544,0.123863,0.124956,0.1256,0.125262,0.124762,0.125,400,0
0.6,0.5,1,1000,0,0.243987,0,0.262506,0,0.246644,0,0.246863,400,0
0.6,0.5,1,2000,0,0.260575,0,0.2411,0,0.254869,0,0.243456,400,0
0.6,0.5,1,3000,0,0.254906,0,0.2455,0,0.243769,0,0.255825,400,0
0.6,0.5,1,5000,0,0.251169,0,0.234212,0,0.2625,0,0.252119,400,0
0.6,0.5,1,7000,0,0.253638,0,0.250038,0,0.253512,0,0.242812,400,0
0.6,0.5,1,10000,0,0.2448,0,0.250688,0,0.247531,0,0.256981,400,0
0.6,0.5,1,25000,0,0.246613,0,0.241487,0,0.256375,0,0.255525,400,0
0.6,0.5,1,50000,0,0.256694,0,0.259169,0,0.239163,0,0.244975,400,0
0.6,0.5,1,100000,0,0.252688,0,0.259537,0,0.242787,0,0.244987,400,0
0.6,0.5,1,160000,0,0.250544,0,0.251925,0,0.252012,0,0.245519,400,0
0.6,0.55,1,0,0.124012,0.125169,0.126156,0.125625,0.124581,0.124869,0.125138,0.12445,400,0
0.6,0.55,1,1000,0,0.232162,0,0.238375,0,0.276012,0,0.25345,400,0
0.6,0.55,1,2000,0,0.243262,0,0.2597,0,0.24955,0,0.247487,400,0
0.6,0.55,1,3000,0,0.257719,0,0.257094,0,0.24285,0,0.242338,400,0
0.6,0.55,1,5000,0,0.238825,0,0.266544,0,0.244631,0,0.25,400,0
0.6,0.55,1,7000,0,0.255594,0,0.249587,0,0.241144,0,0.253675,400,0
0.6,0.55,1,10000,0,0.248663,0,0.2481,0,0.242962,0,0.260275,400,0
0.6,0.55,1,25000,0,0.250312,0,0.263356,0,0.2452,0,0.241131,400,0
0.6,0.55,1,50000,0,0.254294,0,0.235319,0,0.24965,0,0.260738,400,0
0.6,0.55,1,100000,0,0.235619,0,0.260412,0,0.24845,0,0.255519,400,0
0.6,0.55,1,160000,0,0.243175,0,0.262688,0,0.242394,0,0.251744,400,0
0.6,0.55,1,0,0.124869,0.125206,0.124244,0.125425,0.12475,0.124219,0.126131,0.125156,400,0
0.6,0.55,1,1000,0,0.246863,0,0.243881,0,0.250369,0,0.258887,400,0
0.6,0.55,1,2000,0,0.240863,0,0.261562,0,0.246337,0,0.251238,400,0
0.6,0.55,1,3000,0,0.24755,0,0.25045,0,0.250525,0,0.251475,400,0
0.6,0.55,1,5000,0,0.2436,0,0.237412,0,0.257337,0,0.26165,400,0
0.6,0.55,1,7000,0,0.247337,0,0.262475,0,0.242569,0,0.247619,400,0
0.6,0.55,1,10000,0,0.248181,0,0.25705,0,0.254994,0,0.239775,400,0
0.6,0.55,1,25000,0,0.244281,0,0.252219,0,0.250881,0,0.252619,400,0
0.6,0.55,1,50000,0,0.2634,0,0.237519,0,0.243875,0,0.255206,400,0
0.6,0.55,1,100000,0,0.241575,0,0.248381,0,0.256331,0,0.253713,400,0
0.6,0.55,1,160000,0,0.242413,0,0.261638,0,0.258138,0,0.237813,400,0
0.6,0.6,1,0,0.125569,0.123725,0.124537,0.124825,0.125156,0.124619,0.125087,0.126481,400,0
0.6,0.6,1,1000,0,0.250994,0,0.258213,0,0.26085,0,0.229944,400,0
0.6,0.6,1,2000,0,0.259481,0,0.253944,0,0.241769,0,0.244806,400,0
0.6,0.6,1,3000,0,0.262569,0,0.244413,0,0.250588,0,0.242431,400,0
0.6,0.6,1,5000,0,0.254462,0,0.254575,0,0.254744,0,0.236219,400,0
0.6,0.6,1,7000,0,0.229325,0,0.242125,0,0.2711,0,0.25745,400,0
0.6,0.6,1,10000,0,0.230263,0,0.252556,0,0.255519,0,0.261663,400,0
0.6,0.6,1,25000,0,0.26025,0,0.235844,0,0.251437,0,0.252469,400,0
0.6,0.6,1,50000,0,0.244194,0,0.257106,0,0.255044,0,0.243656,400,0
0.6,0.6,1,100000,0,0.257225,0,0.25785,0,0.245531,0,0.239394,400,0
0.6,0.6,1,160000,0,0.2556,0,0.251494,0,0.258481,0,0.234425,400,0
0.6,0.6,1,0,0.124431,0.125656,0.125163,0.126531,0.124287,0.125925,0.123675,0.124331,400,0
0.6,0.6,1,1000,0,0.241869,0,0.2535,0,0.254081,0,0.25055,400,0
0.6,0.6,1,2000,0,0.2488,0,0.251125,0,0.244031,0,0.256044,400,0
0.6,0.6,1,3000,0,0.2417,0,0.246356,0,0.273938,0,0.238006,400,0
0.6,0.6,1,5000,0,0.237113,0,0.259769,0,0.264163,0,0.238956,400,0
0.6,0.6,1,7000,0,0.252263,0,0.245219,0,0.246325,0,0.256194,400,0
0.6,0.6,1,10000,0,0.25445,0,0.249587,0,0.257556,0,0.238406,400,0
0.6,0.6,1,25000,0,0.241125,0,0.241537,0,0.267688,0,0.24965,400,0
0.6,0.6,1,50000,0,0.249444,0,0.25445,0,0.249219,0,0.246888,400,0
0.6,0.6,1,100000,0,0.2423,0,0.234,0,0.269769,0,0.253931,400,0
0.6,0.6,1,160000,0,0.273169,0,0.2376,0,0.23315,0,0.256081,400,0
0.6,0.65,1,0,0.123619,0.126169,0.125337,0.125831,0.125006,0.124569,0.124675,0.124794,400,0
0.6,0.65,1,1000,0,0.260794,0,0.253656,0,0.24515,0,0.2404,400,0
0.6,0.65,1,2000,0,0.247312,0,0.244606,0,0.26425,0,0.243831,400,0
0.6,0.65,1,3000,0,0.228394,0,0.2497,0,0.263256,0,0.25865,400,0
0.6,0.65,1,5000,0,0.263219,0,0.243781,0,0.249075,0,0.243925,400,0
0.6,0.65,1,7000,0,0.247325,0,0.256044,0,0.259113,0,0.237519,400,0
0.6,0.65,1,10000,0,0.231862,0,0.245587,0,0.255344,0,0.267206,400,0
0.6,0.65,1,25000,0,0.247894,0,0.253931,0,0.247631,0,0.250544,400,0
0.6,0.65,1,50000,0,0.251238,0,0.252356,0,0.259437,0,0.236969,400,0
0.6,0.65,1,100000,0,0.259506,0,0.238431,0,0.261731,0,0.240331,400,0
0.6,0.65,1,160000,0,0.242431,0,0.250088,0,0.249875,0,0.257606,400,0
0.6,0.65,1,0,0.124262,0.125388,0.125312,0.125081,0.1245,0.124856,0.12575,0.12485,400,0
0.6,0.65,1,1000,0,0.230344,0,0.250875,0,0.257975,0,0.260806,400,0
0.6,0.65,1,2000,0,0.24795,0,0.246094,0,0.2518,0,0.254156,400,0
0.6,0.65,1,3000,0,0.22855,0,0.254844,0,0.264912,0,0.251694,400,0
0.6,0.65,1,5000,0,0.257731,0,0.241512,0,0.258081,0,0.242675,400,0
0.6,0.65,1,7000,0,0.253238,0,0.247531,0,0.244113,0,0.255119,400,0
0.6,0.65,1,10000,0,0.240975,0,0.253038,0,0.256894,0,0.249094,400,0
0.6,0.65,1,25000,0,0.253019,0,0.243769,0,0.241944,0,0.261269,400,0
0.6,0.65,1,50000,0,0.259412,0,0.260281,0,0.236675,0,0.243631,400,0
0.6,0.65,1,100000,0,0.239,0,0.249394,0,0.256275,0,0.255331,400,0
0.6,0.65,1,160000,0,0.251606,0,0.258456,0,0.247356,0,0.242581,400,0
0.6,0.7,1,0,0.125037,0.1252,0.125244,0.124662,0.1258,0.125631,0.1246,0.123825,400,0
0.6,0.7,1,1000,0,0.245481,0,0.246613,0,0.263081,0,0.244825,400,0
0.6,0.7,1,2000,0,0.259037,0,0.235894,0,0.248431,0,0.256638,400,0
0.6,0.7,1,3000,0,0.248269,0,0.254462,0,0.251419,0,0.24585,400,0
0.6,0.7,1,5000,0,0.247969,0,0.2333,0,0.259887,0,0.258844,400,0
0.6,0.7,1,7000,0,0.259444,0,0.245369,0,0.245638,0,0.24955,400,0
0.6,0.7,1,10000,0,0.251919,0,0.243737,0,0.242875,0,0.261469,400,0
0.6,0.7,1,25000,0,0.243125,0,0.261581,0,0.247188,0,0.248106,400,0
0.6,0.7,1,50000,0,0.255206,0,0.255131,0,0.24475,0,0.244913,400,0
0.6,0.7,1,100000,0,0.2273,0,0.25945,0,0.263325,0,0.249925,400,0
0.6,0.7,1,160000,0,0.239125,0,0.266612,0,0.243281,0,0.250981,400,0
0.6,0.7,1,0,0.125481,0.1268,0.124931,0.125,0.123319,0.123981,0.125575,0.124912,400,0
0.6,0.7,1,1000,0,0.260781,0,0.250781,0,0.240981,0,0.247456,400,0
0.6,0.7,1,2000,0,0.240831,0,0.257131,0,0.251144,0,0.250894,400,0
0.6,0.7,1,3000,0,0.258206,0,0.256519,0,0.234525,0,0.25075,400,0
0.6,0.7,1,5000,0,0.251575,0,0.245181,0,0.257012,0,0.246231,400,0
0.6,0.7,1,7000,0,0.243969,0,0.256356,0,0.241844,0,0.257831,400,0
0.6,0.7,1,10000,0,0.260731,0,0.247413,0,0.243031,0,0.248825,400,0
0.6,0.7,1,25000,0,0.255862,0,0.248144,0,0.25835,0,0.237644,400,0
0.6,0.7,1,50000,0,0.256506,0,0.26035,0,0.255994,0,0.22715,400,0
0.6,0.7,1,100000,0,0.244806,0,0.264731,0,0.2509,0,0.239563,400,0
0.6,0.7,1,160000,0,0.258019,0,0.245756,0,0.245656,0,0.250569,400,0
0.6,0.75,1,0,0.124506,0.125069,0.125256,0.125175,0.126269,0.123969,0.124981,0.124775,400,0
0.6,0.75,1,1000,0,0.256487,0,0.234063,0,0.2578,0,0.25165,400,0
0.6,0.75,1,2000,0,0.253125,0,0.2373,0,0.25605,0,0.253525,400,0
0.6,0.75,1,3000,0,0.233981,0,0.247737,0,0.266487,0,0.251794,400,0
0.6,0.75,1,5000,0,0.274313,0,0.233031,0,0.2491,0,0.243556,400,0
0.6,0.75,1,7000,0,0.249488,0,0.243575,0,0.240975,0,0.265962,400,0
0.6,0.75,1,10000,0,0.237375,0,0.260037,0,0.258925,0,0.243663,400,0
0.6,0.75,1,25000,0,0.240906,0,0.265163,0,0.269087,0,0.224844,400,0
0.6,0.75,1,50000,0,0.257931,0,0.262494,0,0.241169,0,0.238406,400,0
0.6,0.75,1,100000,0,0.247638,0,0.253337,0,0.253081,0,0.245944,400,0
0.6,0.75,1,160000,0,0.23805,0,0.268644,0,0.245963,0,0.247344,400,0
0.6,0.75,1,0,0.12515,0.124188,0.124488,0.125844,0.124275,0.126356,0.123506,0.126194,400,0
0.6,0.75,1,1000,0,0.253294,0,0.256887,0,0.23615,0,0.253669,400,0
0.6,0.75,1,2000,0,0.255106,0,0.254275,0,0.243737,0,0.246881,400,0
0.6,0.75,1,3000,0,0.245575,0,0.244431,0,0.267694,0,0.2423,400,0
0.6,0.75,1,5000,0,0.25805,0,0.244706,0,0.24675,0,0.250494,400,0
0.6,0.75,1,7000,0,0.252663,0,0.243994,0,0.241694,0,0.26165,400,0
0.6,0.75,1,10000,0,0.236888,0,0.249469,0,0.2714,0,0.242244,400,0
0.6,0.75,1,25000,0,0.2535,0,0.245981,0,0.243131,0,0.257387,400,0
0.6,0.75,1,50000,0,0.265706,0,0.2461,0,0.243562,0,0.244631,400,0
0.6,0.75,1,100000,0,0.249512,0,0.252494,0,0.248019,0,0.249975,400,0
0.6,0.75,1,160000,0,0.253925,0,0.248056,0,0.24125,0,0.256769,400,0
0.6,0.8,1,0,0.125238,0.124881,0.126881,0.12535,0.125644,0.124556,0.123644,0.123806,400,0
0.6,0.8,1,1000,0,0.251406,0,0.261887,0,0.255606,0,0.2311,400,0
0.6,0.8,1,2000,0,0.249075,0,0.259894,0,0.242031,0,0.249,400,0
0.6,0.8,1,3000,0,0.251025,0,0.253063,0,0.252731,0,0.243181,400,0
0.6,0.8,1,5000,0,0.252481,0,0.233194,0,0.258219,0,0.256106,400,0
0.6,0.8,1,7000,0,0.248031,0,0.253156,0,0.244356,0,0.254456,400,0
0.6,0.8,1,10000,0,0.253475,0,0.240681,0,0.25315,0,0.252694,400,0
0.6,0.8,1,25000,0,0.244825,0,0.238506,0,0.247213,0,0.269456,400,0
0.6,0.8,1,50000,0,0.239344,0,0.264519,0,0.246431,0,0.249706,400,0
0.6,0.8,1,100000,0,0.255763,0,0.238425,0,0.240138,0,0.265675,400,0
0.6,0.8,1,160000,0,0.249269,0,0.261238,0,0.234831,0,0.254663,400,0
0.6,0.8,1,0,0.126294,0.124287,0.12525,0.123669,0.125062,0.124775,0.125388,0.125275,400,0
0.6,0.8,1,1000,0,0.258188,0,0.256812,0,0.238675,0,0.246325,400,0
0.6,0.8,1,2000,0,0.247544,0,0.267338,0,0.253937,0,0.231181,400,0
0.6,0.8,1,3000,0,0.238994,0,0.249444,0,0.261163,0,0.2504,400,0
0.6,0.8,1,5000,0,0.228431,0,0.250975,0,0.260987,0,0.259606,400,0
0.6,0.8,1,7000,0,0.249206,0,0.245044,0,0.246188,0,0.259562,400,0
0.6,0.8,1,10000,0,0.239287,0,0.25555,0,0.252287,0,0.252875,400,0
0.6,0.8,1,25000,0,0.243006,0,0.240437,0,0.2511,0,0.265456,400,0
0.6,0.8,1,50000,0,0.252375,0,0.244613,0,0.252575,0,0.250437,400,0
0.6,0.8,1,100000,0,0.25585,0,0.244388,0,0.260544,0,0.239219,400,0
0.6,0.8,1,160000,0,0.250094,0,0.259681,0,0.243894,0,0.246331,400,0
0.6,0.85,1,0,0.124375,0.124581,0.125262,0.125081,0.125762,0.124438,0.124713,0.125787,400,0
0.6,0.85,1,1000,0,0.260669,0,0.229387,0,0.244681,0,0.265263,400,0
0.6,0.85,1,2000,0,0.248087,0,0.237113,0,0.250638,0,0.264163,400,0
0.6,0.85,1,3000,0,0.251225,0,0.239675,0,0.250975,0,0.258125,400,0
0.6,0.85,1,5000,0,0.254887,0,0.253856,0,0.243319,0,0.247938,400,0
0.6,0.85,1,7000,0,0.242856,0,0.253588,0,0.248919,0,0.254638,400,0
0.6,0.85,1,10000,0,0.262206,0,0.250638,0,0.237794,0,0.249362,400,0
0.6,0.85,1,25000,0,0.245675,0,0.245919,0,0.255469,0,0.252937,400,0
0.6,0.85,1,50000,0,0.241881,0,0.259281,0,0.245794,0,0.253044,400,0
0.6,0.85,1,100000,0,0.246344,0,0.241375,0,0.256012,0,0.256269,400,0
0.6,0.85,1,160000,0,0.247688,0,0.259437,0,0.253887,0,0.238987,400,0
0.6,0.85,1,0,0.124181,0.124775,0.124981,0.125981,0.125231,0.124475,0.125981,0.124394,400,0
0.6,0.85,1,1000,0,0.252538,0,0.250075,0,0.251138,0,0.24625,400,0
0.6,0.85,1,2000,0,0.2611,0,0.2311,0,0.237388,0,0.270413,400,0
0.6,0.85,1,3000,0,0.24725,0,0.266313,0,0.249006,0,0.237431,400,0
0.6,0.85,1,5000,0,0.252525,0,0.242256,0,0.256475,0,0.248744,400,0
0.6,0.85,1,7000,0,0.246206,0,0.253837,0,0.238687,0,0.261269,400,0
0.6,0.85,1,10000,0,0.250787,0,0.251556,0,0.256269,0,0.241388,400,0
0.6,0.85,1,25000,0,0.244338,0,0.245363,0,0.240194,0,0.270106,400,0
0.6,0.85,1,50000,0,0.241287,0,0.249981,0,0.249531,0,0.2592,400,0
0.6,0.85,1,100000,0,0.243081,0,0.268025,0,0.239081,0,0.249812,400,0
0.6,0.85,1,160000,0,0.243769,0,0.249825,0,0.252825,0,0.253581,400,0
0.6,0.9,1,0,0.124856,0.126175,0.124544,0.123625,0.124431,0.125294,0.126125,0.12495,400,0
0.6,0.9,1,1000,0,0.253512,0,0.252256,0,0.257275,0,0.236956,400,0
0.6,0.9,1,2000,0,0.241406,0,0.245706,0,0.265094,0,0.247794,400,0
0.6,0.9,1,3000,0,0.242806,0,0.249281,0,0.255419,0,0.252494,400,0
0.6,0.9,1,5000,0,0.248237,0,0.257869,0,0.2531,0,0.240794,400,0
0.6,0.9,1,7000,0,0.2591,0,0.253281,0,0.238319,0,0.2493,400,0
0.6,0.9,1,10000,0,0.257537,0,0.233687,0,0.255025,0,0.25375,400,0
0.6,0.9,1,25000,0,0.255756,0,0.253881,0,0.244081,0,0.246281,400,0
0.6,0.9,1,50000,0,0.244938,0,0.253337,0,0.250175,0,0.25155,400,0
0.6,0.9,1,100000,0,0.240012,0,0.272462,0,0.255375,0,0.23215,400,0
0.6,0.9,1,160000,0,0.250225,0,0.261319,0,0.238338,0,0.250119,400,0
0.6,0.9,1,0,0.123512,0.125294,0.125663,0.124637,0.125238,0.123631,0.125831,0.126194,400,0
0.6,0.9,1,1000,0,0.246337,0,0.24915,0,0.256344,0,0.248169,400,0
0.6,0.9,1,2000,0,0.256294,0,0.258306,0,0.246925,0,0.238475,400,0
0.6,0.9,1,3000,0,0.25255,0,0.239125,0,0.242094,0,0.266231,400,0
0.6,0.9,1,5000,0,0.255981,0,0.238806,0,0.254456,0,0.250756,400,0
0.6,0.9,1,7000,0,0.2482,0,0.239512,0,0.256219,0,0.256069,400,0
0.6,0.9,1,10000,0,0.253969,0,0.227781,0,0.273294,0,0.244956,400,0
0.6,0.9,1,25000,0,0.25255,0,0.256738,0,0.252238,0,0.238475,400,0
0.6,0.9,1,50000,0,0.243081,0,0.2505,0,0.260319,0,0.2461,400,0
0.6,0.9,1,100000,0,0.247175,0,0.240588,0,0.262594,0,0.249644,400,0
0.6,0.9,1,160000,0,0.243944,0,0.243381,0,0.245925,0,0.26675,400,0
0.6,0.95,1,0,0.124525,0.124494,0.126213,0.125419,0.125094,0.124887,0.124825,0.124544,400,0
0.6,0.95,1,1000,0,0.255088,0,0.242831,0,0.247087,0,0.254994,400,0
0.6,0.95,1,2000,0,0.247638,0,0.249069,0,0.254256,0,0.249037,400,0
0.6,0.95,1,3000,0,0.232038,0,0.252775,0,0.273044,0,0.242144,400,0
0.6,0.95,1,5000,0,0.242938,0,0.257344,0,0.261806,0,0.237912,400,0
0.6,0.95,1,7000,0,0.261281,0,0.254725,0,0.242744,0,0.24125,400,0
0.6,0.95,1,10000,0,0.26155,0,0.224569,0,0.247825,0,0.266056,400,0
0.6,0.95,1,25000,0,0.257125,0,0.242688,0,0.251481,0,0.248706,400,0
0.6,0.95,1,50000,0,0.245906,0,0.261087,0,0.235013,0,0.257994,400,0
0.6,0.95,1,100000,0,0.249419,0,0.2322,0,0.256494,0,0.261887,400,0
0.6,0.95,1,160000,0,0.244575,0,0.25865,0,0.237737,0,0.259037,400,0
0.6,0.95,1,0,0.125688,0.125694,0.124063,0.126375,0.12455,0.124919,0.124162,0.12455,400,0
0.6,0.95,1,1000,0,0.244856,0.0002125,0.272606,6.25e-06,0.240919,0,0.2414,400,0
0.6,0.95,1,2000,0,0.234869,0,0.236094,0,0.26725,0,0.261788,400,0
0.6,0.95,1,3000,0,0.274087,0,0.227475,0,0.237281,0,0.261156,400,0
0.6,0.95,1,5000,0,0.2499,0,0.255919,0,0.242575,0,0.251606,400,0
0.6,0.95,1,7000,0,0.242913,0,0.236937,0,0.268987,0,0.251163,400,0
0.6,0.95,1,10000,0,0.252706,0,0.249744,0,0.252881,0,0.244669,400,0
0.6,0.95,1,25000,0,0.241419,0,0.246919,0,0.263125,0,0.248537,400,0
0.6,0.95,1,50000,0,0.235863,0,0.238481,0,0.27805,0,0.247606,400,0
0.6,0.95,1,100000,0,0.245531,0,0.247688,0,0.247469,0,0.259313,400,0
0.6,0.95,1,160000,0,0.246781,0,0.266738,0,0.242206,0,0.244275,400,0
0.6,1,1,0,0.124419,0.125375,0.125138,0.12415,0.124688,0.125994,0.124444,0.125794,400,0
0.6,1,1,1000,0,0.255387,0,0.258331,0,0.247875,0,0.238406,400,0
0.6,1,1,2000,0,0.252175,0,0.231825,0,0.250681,0,0.265319,400,0
0.6,1,1,3000,0,0.242188,0,0.268444,0,0.238581,0,0.250787,400,0
0.6,1,1,5000,0,0.249531,0,0.252356,0,0.247525,0,0.250588,400,0
0.6,1,1,7000,0,0.260706,0,0.247237,0,0.249794,0,0.242262,400,0
0.6,1,1,10000,0,0.233231,0,0.243344,0,0.257494,0,0.265931,400,0
0.6,1,1,25000,0,0.247913,0,0.251469,0,0.255381,0,0.245237,400,0
0.6,1,1,50000,0,0.260231,0,0.24695,0,0.249894,0,0.242925,400,0
0.6,1,1,100000,0,0.248619,0,0.252919,0,0.251675,0,0.246787,400,0
0.6,1,1,160000,0,0.250756,0,0.238481,0,0.264044,0,0.246719,400,0
0.6,1,1,0,0.124756,0.124575,0.125025,0.126206,0.12505,0.124694,0.124875,0.124819,400,0
0.6,1,1,1000,0,0.236425,0,0.2479,0,0.263275,0,0.2524,400,0
0.6,1,1,2000,0,0.249388,0,0.2447,0,0.2478,0,0.258113,400,0
0.6,1,1,3000,0,0.249694,0,0.256213,0,0.250481,0,0.243613,400,0
0.6,1,1,5000,0,0.267456,0,0.237831,0,0.2421,0,0.252613,400,0
0.6,1,1,7000,0,0.2398,0,0.246519,0,0.270062,0,0.243619,400,0
0.6,1,1,10000,0,0.2298,0,0.257325,0,0.267663,0,0.245212,400,0
0.6,1,1,25000,0,0.249281,0,0.249375,0,0.263412,0,0.237931,400,0
0.6,1,1,50000,0,0.2411,0,0.249106,0,0.267156,0,0.242638,400,0
0.6,1,1,100000,0,0.251412,0,0.237425,0,0.248706,0,0.262456,400,0
0.6,1,1,160000,0,0.239294,0,0.244125,0,0.26275,0,0.253831,400,0
0.65,0,1,0,0.124131,0.127069,0.125156,0.12545,0.124419,0.124231,0.124969,0.124575,400,0
0.65,0,1,1000,0.104087,0.140956,0.11085,0.141912,0.10725,0.134075,0.107294,0.153575,400,0
0.65,0,1,2000,0.0959312,0.139662,0.0898937,0.153919,0.102769,0.148694,0.102406,0.166725,400,0
0.65,0,1,3000,0.100937,0.161469,0.107588,0.141369,0.104431,0.137919,0.0949062,0.151381,400,0
0.65,0,1,5000,0.111537,0.135206,0.143844,0.121912,0.1295,0.128744,0.115125,0.114131,400,0
0.65,0,1,7000,0.122725,0.142437,0.124981,0.127756,0.117638,0.117231,0.118544,0.128688,400,0
0.65,0,1,10000,0.111219,0.145962,0.111956,0.129994,0.127475,0.14365,0.0983875,0.131356,400,0
0.65,0,1,25000,0.104862,0.155238,0.103869,0.150156,0.104669,0.138462,0.0938438,0.1489,400,0
0.65,0,1,50000,0,0.25075,0,0.248537,0,0.247719,0,0.252994,400,0
0.65,0,1,100000,0,0.251744,0,0.262012,0,0.240269,0,0.245975,400,0
0.65,0,1,160000,0,0.242619,0,0.262481,0,0.257931,0,0.236969,400,0
0.65,0,1,0,0.126037,0.124381,0.125844,0.124744,0.1246,0.124156,0.124969,0.125269,400,0
0.65,0,1,1000,0.177181,0.0774688,0.169769,0.0824625,0.179519,0.0815687,0.156388,0.0756437,400,0
0.65,0,1,2000,0.181744,0.0661313,0.181544,0.0667563,0.182425,0.082675,0.175088,0.0636375,400,0
0.65,0,1,3000,0.197931,0.0569438,0.1751,0.0537125,0.182369,0.0677563,0.203894,0.0622938,400,0
0.65,0,1,5000,0.211562,0.0441438,0.210187,0.0388125,0.201744,0.0397,0.217694,0.0361563,400,0
0.65,0,1,7000,0.234912,0.0299125,0.222337,0.0295562,0.211975,0.0281813,0.213694,0.0294312,400,0
0.65,0,1,10000,0.261,0,0.247781,0,0.246881,0,0.244338,0,400,0
0.65,0,1,25000,0.245037,0,0.259381,0,0.252669,0,0.242913,0,400,0
0.65,0,1,50000,0.252663,0,0.239588,0,0.244575,0,0.263175,0,400,0
0.65,0,1,100000,0.253337,0,0.235919,0,0.258531,0,0.252213,0,400,0
0.65,0,1,160000,0.242375,0,0.254862,0,0.249512,0,0.25325,0,400,0
0.65,0.05,1,0,0.12595,0.125388,0.125087,0.124863,0.125894,0.123662,0.124694,0.124463,400,0
0.65,0.05,1,1000,0.0735375,0.1801,0.0763625,0.156463,0.0739188,0.175281,0.0757437,0.188594,400,0
0.65,0.05,1,2000,0.0428875,0.195862,0.0313937,0.224513,0.0393625,0.212431,0.0341,0.21945,400,0
0.65,0.05,1,3000,0.0109563,0.236456,0.0179937,0.221556,0.0130813,0.246069,0.0147063,0.239181,400,0
0.65,0.05,1,5000,0,0.259294,0,0.253738,0,0.244088,0,0.242881,400,0
0.65,0.05,1,7000,0,0.262263,0,0.245938,0,0.254375,0,0.237425,400,0
0.65,0.05,1,10000,0,0.265781,0,0.250738,0,0.243431,0,0.24005,400,0
0.65,0.05,1,25000,0,0.240506,0,0.248537,0,0.266231,0,0.244725,400,0
0.65,0.05,1,50000,0,0.253688,0,0.236169,0,0.254937,0,0.255206,400,0
0.65,0.05,1,100000,0,0.265506,0,0.242019,0,0.246925,0,0.24555,400,0
0.65,0.05,1,160000,0,0.257025,0,0.254381,0,0.24215,0,0.246444,400,0
0.65,0.05,1,0,0.126256,0.125094,0.124188,0.126663,0.122781,0.125913,0.12385,0.125256,400,0
0.65,0.05,1,1000,0.1021,0.138788,0.122487,0.125238,0.115694,0.146275,0.108631,0.140788,400,0
0.65,0.05,1,2000,0.0992187,0.170125,0.0945625,0.151606,0.0884375,0.145931,0.0817188,0.1684,400,0
0.65,0.05,1,3000,0.0577,0.191275,0.085175,0.171806,0.072675,0.1686,0.0690438,0.183725,400,0
0.65,0.05,1,5000,0.0287625,0.227244,0.0275437,0.216169,0.0238063,0.2268,0.020275,0.2294,400,0
0.65,0.05,1,7000,0,0.244844,0,0.242262,0,0.254556,0,0.258337,400,0
0.65,0.05,1,10000,0,0.248106,0,0.245981,0,0.253325,0,0.252588,400,0
0.65,0.05,1,25000,0,0.240175,0,0.250862,0,0.257794,0,0.251169,400,0
0.65,0.05,1,50000,0,0.250331,0,0.247594,0,0.252806,0,0.249269,400,0
0.65,0.05,1,100000,0,0.226375,0,0.2535,0,0.259481,0,0.260644,400,0
0.65,0.05,1,160000,0,0.241737,0,0.253063,0,0.250362,0,0.254837,400,0
0.65,0.1,1,0,0.126312,0.1248,0.124569,0.125756,0.123625,0.125756,0.124956,0.124225,400,0
0.65,0.1,1,1000,0.0195,0.225869,0.0182063,0.233788,0.0209688,0.225919,0.020325,0.235425,400,0
0.65,0.1,1,2000,0,0.2486,0,0.256987,0,0.247525,0,0.246888,400,0
0.65,0.1,1,3000,0,0.248525,0,0.256613,0,0.247519,0,0.247344,400,0
0.65,0.1,1,5000,0,0.25965,0,0.24525,0,0.248663,0,0.246438,400,0
0.65,0.1,1,7000,0,0.257537,0,0.250831,0,0.244987,0,0.246644,400,0
0.65,0.1,1,10000,0,0.231481,0,0.272512,0,0.243888,0,0.252119,400,0
0.65,0.1,1,25000,0,0.242975,0,0.2498,0,0.256512,0,0.250713,400,0
0.65,0.1,1,50000,0,0.260169,0,0.242737,0,0.245031,0,0.252063,400,0
0.65,0.1,1,100000,0,0.243262,0,0.258225,0,0.2503,0,0.248213,400,0
0.65,0.1,1,160000,0,0.252875,0,0.242031,0,0.252638,0,0.252456,400,0
0.65,0.1,1,0,0.124556,0.125238,0.125463,0.125,0.125713,0.124444,0.124481,0.125106,400,0
0.65,0.1,1,1000,0.0224,0.232712,0.0201625,0.218875,0.0252563,0.220025,0.025325,0.235244,400,0
0.65,0.1,1,2000,3.75e-05,0.253088,0,0.23035,0,0.250331,0,0.266194,400,0
0.65,0.1,1,3000,0,0.258525,0,0.251375,0,0.236462,0,0.253638,400,0
0.65,0.1,1,5000,0,0.265331,0,0.248181,0,0.248419,0,0.238069,400,0
0.65,0.1,1,7000,0,0.266638,0,0.246031,0,0.229937,0,0.257394,400,0
0.65,0.1,1,10000,0,0.249444,0,0.251844,0,0.250287,0,0.248425,400,0
0.65,0.1,1,25000,0,0.260688,0,0.246963,0,0.241138,0,0.251213,400,0
0.65,0.1,1,50000,0,0.245287,0,0.245237,0,0.261794,0,0.247681,400,0
0.65,0.1,1,100000,0,0.249787,0,0.243256,0,0.243831,0,0.263125,400,0
0.65,0.1,1,160000,0,0.257387,0,0.261581,0,0.242363,0,0.238669,400,0
0.65,0.15,1,0,0.123969,0.125919,0.124431,0.126631,0.125344,0.1245,0.125262,0.123944,400,0
0.65,0.15,1,1000,0.0007625,0.249806,0.0044125,0.246631,0.0024125,0.242525,0.00066875,0.252781,400,0
0.65,0.15,1,2000,0,0.240444,0,0.245262,0,0.257594,0,0.2567,400,0
0.65,0.15,1,3000,0,0.250319,0,0.244144,0,0.243756,0,0.261781,400,0
0.65,0.15,1,5000,0,0.25155,0,0.252362,0,0.233844,0,0.262244,400,0
0.65,0.15,1,7000,0,0.2532,0,0.243088,0,0.259525,0,0.244188,400,0
0.65,0.15,1,10000,0,0.256706,0,0.261163,0,0.2463,0,0.235831,400,0
0.65,0.15,1,25000,0,0.2459,0,0.240925,0,0.266612,0,0.246562,400,0
0.65,0.15,1,50000,0,0.246156,0,0.259156,0,0.255831,0,0.238856,400,0
0.65,0.15,1,100000,0,0.241419,0,0.2649,0,0.247519,0,0.246163,400,0
0.65,0.15,1,160000,0,0.259075,0,0.25125,0,0.244287,0,0.245388,400,0
0.65,0.15,1,0,0.125094,0.125475,0.125294,0.124825,0.124088,0.124556,0.124113,0.126556,400,0
0.65,0.15,1,1000,0,0.244281,0,0.25175,0,0.258644,0,0.245325,400,0
0.65,0.15,1,2000,0,0.246494,0,0.25395,0,0.246319,0,0.253238,400,0
0.65,0.15,1,3000,0,0.2411,0,0.244475,0,0.269944,0,0.244481,400,0
0.65,0.15,1,5000,0,0.251706,0,0.250588,0,0.233631,0,0.264075,400,0
0.65,0.15,1,7000,0,0.254869,0,0.260956,0,0.242562,0,0.241613,400,0
0.65,0.15,1,10000,0,0.265338,0,0.230869,0,0.254056,0,0.249738,400,0
0.65,0.15,1,25000,0,0.259906,0,0.24315,0,0.256494,0,0.24045,400,0
0.65,0.15,1,50000,0,0.24725,0,0.272863,0,0.256344,0,0.223544,400,0
0.65,0.15,1,100000,0,0.247087,0,0.245656,0,0.269363,0,0.237894,400,0
0.65,0.15,1,160000,0,0.251962,0,0.252563,0,0.247881,0,0.247594,400,0
0.65,0.2,1,0,0.124338,0.124825,0.124431,0.1255,0.124806,0.127594,0.125069,0.123438,400,0
0.65,0.2,1,1000,0,0.242281,0,0.254269,0,0.252538,0,0.250912,400,0
0.65,0.2,1,2000,0,0.24325,0,0.246438,0,0.253094,0,0.257219,400,0
0.65,0.2,1,3000,0,0.245694,0,0.252631,0,0.250619,0,0.251056,400,0
0.65,0.2,1,5000,0,0.269075,0,0.25115,0,0.235788,0,0.243987,400,0
0.65,0.2,1,7000,0,0.271406,0,0.227337,0,0.241487,0,0.259769,400,0
0.65,0.2,1,10000,0,0.243781,0,0.24,0,0.267713,0,0.248506,400,0
0.65,0.2,1,25000,0,0.266437,0,0.2494,0,0.2368,0,0.247363,400,0
0.65,0.2,1,50000,0,0.254119,0,0.254544,0,0.250638,0,0.2407,400,0
0.65,0.2,1,100000,0,0.235338,0,0.243581,0,0.262019,0,0.259062,400,0
0.65,0.2,1,160000,0,0.260231,0,0.230975,0,0.255906,0,0.252887,400,0
0.65,0.2,1,0,0.1245,0.126069,0.126037,0.124156,0.12445,0.1252,0.124419,0.125169,400,0
0.65,0.2,1,1000,0,0.242981,0,0.245863,0,0.246463,0,0.264694,400,0
0.65,0.2,1,2000,0,0.246169,0,0.271587,0,0.255244,0,0.227,400,0
0.65,0.2,1,3000,0,0.245963,0,0.24755,0,0.256725,0,0.249762,400,0
0.65,0.2,1,5000,0,0.254063,0,0.255375,0,0.251281,0,0.239281,400,0
0.65,0.2,1,7000,0,0.253719,0,0.241512,0,0.243444,0,0.261325,400,0
0.65,0.2,1,10000,0,0.246744,0,0.243744,0,0.249188,0,0.260325,400,0
0.65,0.2,1,25000,0,0.253594,0,0.245956,0,0.245331,0,0.255119,400,0
0.65,0.2,1,50000,0,0.254381,0,0.247056,0,0.248494,0,0.250069,400,0
0.65,0.2,1,100000,0,0.240781,0,0.251744,0,0.253113,0,0.254362,400,0
0.65,0.2,1,160000,0,0.253119,0,0.263056,0,0.234687,0,0.249138,400,0
0.65,0.25,1,0,0.124162,0.123537,0.125306,0.127112,0.124563,0.125381,0.1252,0.124738,400,0
0.65,0.25,1,1000,0,0.258213,0.0018375,0.246825,0.00699375,0.2314,0.00158125,0.25315,400,0
0.65,0.25,1,2000,0,0.266325,0,0.243381,0,0.246319,0,0.243975,400,0
0.65,0.25,1,3000,0,0.251975,0,0.252156,0,0.254675,0,0.241194,400,0
0.65,0.25,1,5000,0,0.255956,0,0.259738,0,0.239056,0,0.24525,400,0
0.65,0.25,1,7000,0,0.265925,0,0.263638,0,0.233788,0,0.23665,400,0
0.65,0.25,1,10000,0,0.242456,0,0.252969,0,0.262444,0,0.242131,400,0
0.65,0.25,1,25000,0,0.248844,0,0.270031,0,0.243237,0,0.237888,400,0
0.65,0.25,1,50000,0,0.251381,0,0.248519,0,0.249481,0,0.250619,400,0
0.65,0.25,1,100000,0,0.242419,0,0.271338,0,0.246463,0,0.239781,400,0
0.65,0.25,1,160000,0,0.247206,0,0.240037,0,0.259738,0,0.253019,400,0
0.65,0.25,1,0,0.127025,0.123875,0.125656,0.122975,0.125019,0.124063,0.126213,0.125175,400,0
0.65,0.25,1,1000,0,0.25265,0,0.248062,0,0.233194,0,0.266094,400,0
0.65,0.25,1,2000,0,0.262375,0,0.248837,0,0.240956,0,0.247831,400,0
0.65,0.25,1,3000,0,0.241156,0,0.243581,0,0.252912,0,0.26235,400,0
0.65,0.25,1,5000,0,0.2394,0,0.250812,0,0.2532,0,0.256588,400,0
0.65,0.25,1,7000,0,0.257238,0,0.255525,0,0.2539,0,0.233338,400,0
0.65,0.25,1,10000,0,0.273269,0,0.25415,0,0.246613,0,0.225969,400,0
0.65,0.25,1,25000,0,0.251731,0,0.251962,0,0.247837,0,0.248469,400,0
0.65,0.25,1,50000,0,0.2446,0,0.255444,0,0.244031,0,0.255925,400,0
0.65,0.25,1,100000,0,0.2411,0,0.246806,0,0.26265,0,0.249444,400,0
0.65,0.25,1,160000,0,0.257769,0,0.254419,0,0.234469,0,0.253344,400,0
0.65,0.3,1,0,0.123563,0.125994,0.12485,0.124225,0.124944,0.127019,0.124588,0.124819,400,0
0.65,0.3,1,1000,0,0.251875,0,0.242744,0,0.247431,0,0.25795,400,0
0.65,0.3,1,2000,0,0.239012,0,0.242575,0,0.253819,0,0.264594,400,0
0.65,0.3,1,3000,0,0.235437,0,0.247006,0,0.250344,0,0.267213,400,0
0.65,0.3,1,5000,0,0.271425,0,0.248725,0,0.237194,0,0.242656,400,0
0.65,0.3,1,7000,0,0.253306,0,0.242369,0,0.258962,0,0.245363,400,0
0.65,0.3,1,10000,0,0.250925,0,0.259156,0,0.237656,0,0.252263,400,0
0.65,0.3,1,25000,0,0.248044,0,0.241206,0,0.260725,0,0.250025,400,0
0.65,0.3,1,50000,0,0.258775,0,0.244456,0,0.249381,0,0.247388,400,0
0.65,0.3,1,100000,0,0.256306,0,0.243975,0,0.246869,0,0.25285,400,0
0.65,0.3,1,160000,0,0.25225,0,0.245125,0,0.250931,0,0.251694,400,0
0.65,0.3,1,0,0.125287,0.125413,0.123887,0.124313,0.125419,0.1251,0.125544,0.125037,400,0
0.65,0.3,1,1000,0,0.237356,0,0.243181,0,0.274275,0,0.245188,400,0
0.65,0.3,1,2000,0,0.236644,0,0.259912,0,0.246638,0,0.256806,400,0
0.65,0.3,1,3000,0,0.239363,0,0.237275,0,0.257962,0,0.2654,400,0
0.65,0.3,1,5000,0,0.244956,0,0.248287,0,0.254806,0,0.25195,400,0
0.65,0.3,1,7000,0,0.263962,0,0.26085,0,0.238219,0,0.236969,400,0
0.65,0.3,1,10000,0,0.242831,0,0.245481,0,0.256431,0,0.255256,400,0
0.65,0.3,1,25000,0,0.24055,0,0.243994,0,0.271506,0,0.24395,400,0
0.65,0.3,1,50000,0,0.240781,0,0.260912,0,0.258156,0,0.24015,400,0
0.65,0.3,1,100000,0,0.25435,0,0.249756,0,0.243406,0,0.252487,400,0
0.65,0.3,1,160000,0,0.2416,0,0.258844,0,0.253006,0,0.24655,400,0
0.65,0.35,1,0,0.123969,0.124881,0.125488,0.1248,0.126131,0.124456,0.125244,0.125031,400,0
0.65,0.35,1,1000,0,0.245794,0,0.240187,0,0.262719,0,0.2513,400,0
0.65,0.35,1,2000,0,0.247244,0,0.251269,0,0.253806,0,0.247681,400,0
0.65,0.35,1,3000,0,0.252019,0,0.233838,0,0.256994,0,0.25715,400,0
0.65,0.35,1,5000,0,0.255494,0,0.255063,0,0.258387,0,0.231056,400,0
0.65,0.35,1,7000,0,0.241725,0,0.26485,0,0.246794,0,0.246631,400,0
0.65,0.35,1,10000,0,0.243594,0,0.243444,0,0.256181,0,0.256781,400,0
0.65,0.35,1,25000,0,0.252856,0,0.237369,0,0.252113,0,0.257663,400,0
0.65,0.35,1,50000,0,0.2557,0,0.241537,0,0.247787,0,0.254975,400,0
0.65,0.35,1,100000,0,0.249769,0,0.254412,0,0.252381,0,0.243438,400,0
0.65,0.35,1,160000,0,0.260663,0,0.26295,0,0.235425,0,0.240962,400,0
0.65,0.35,1,0,0.126625,0.125081,0.124675,0.124819,0.125044,0.123956,0.125531,0.124269,400,0
0.65,0.35,1,1000,0,0.242675,0,0.258194,0,0.264037,0,0.235094,400,0
0.65,0.35,1,2000,0,0.259188,0,0.236756,0,0.257119,0,0.246938,400,0
0.65,0.35,1,3000,0,0.242663,0,0.268313,0,0.243237,0,0.245787,400,0
0.65,0.35,1,5000,0,0.243487,0,0.255856,0,0.256094,0,0.244562,400,0
0.65,0.35,1,7000,0,0.25135,0,0.261706,0,0.245275,0,0.241669,400,0
0.65,0.35,1,10000,0,0.233475,0,0.261962,0,0.251425,0,0.253138,400,0
0.65,0.35,1,25000,0,0.247706,0,0.263619,0,0.233056,0,0.255619,400,0
0.65,0.35,1,50000,0,0.262131,0,0.249581,0,0.248163,0,0.240125,400,0
0.65,0.35,1,100000,0,0.249775,0,0.242962,0,0.253906,0,0.253356,400,0
0.65,0.35,1,160000,0,0.247556,0,0.254969,0,0.249919,0,0.247556,400,0
0.65,0.4,1,0,0.124838,0.125581,0.125525,0.124281,0.125025,0.1259,0.124669,0.124181,400,0
0.65,0.4,1,1000,0,0.244613,0,0.248913,0,0.250619,0,0.255856,400,0
0.65,0.4,1,2000,0,0.253012,0,0.249725,0,0.243106,0,0.254156,400,0
0.65,0.4,1,3000,0,0.245925,0,0.265856,0,0.238325,0,0.249894,400,0
0.65,0.4,1,5000,0,0.247237,0,0.253731,0,0.243312,0,0.255719,400,0
0.65,0.4,1,7000,0,0.254406,0,0.255613,0,0.2435,0,0.246481,400,0
0.65,0.4,1,10000,0,0.257588,0,0.240906,0,0.244881,0,0.256625,400,0
0.65,0.4,1,25000,0,0.246019,0,0.2532,0,0.247688,0,0.253094,400,0
0.65,0.4,1,50000,0,0.252631,0,0.262419,0,0.231962,0,0.252987,400,0
0.65,0.4,1,100000,0,0.259225,0,0.242369,0,0.236012,0,0.262394,400,0
0.65,0.4,1,160000,0,0.240663,0,0.254194,0,0.256775,0,0.248369,400,0
0.65,0.4,1,0,0.124113,0.123938,0.125725,0.124331,0.124444,0.126544,0.125938,0.124969,400,0
0.65,0.4,1,1000,0,0.238187,0,0.2411,0,0.262919,0,0.257794,400,0
0.65,0.4,1,2000,0,0.238113,0,0.244644,0,0.248587,0,0.268656,400,0
0.65,0.4,1,3000,0,0.247537,0,0.246381,0,0.250163,0,0.255919,400,0
0.65,0.4,1,5000,0,0.254312,0,0.242663,0,0.254738,0,0.248287,400,0
0.65,0.4,1,7000,0,0.246237,0,0.246512,0,0.251194,0,0.256056,400,0
0.65,0.4,1,10000,0,0.243838,0,0.252962,0,0.256344,0,0.246856,400,0
0.65,0.4,1,25000,0,0.249494,0,0.251019,0,0.248281,0,0.251206,400,0
0.65,0.4,1,50000,0,0.259994,0,0.244719,0,0.256512,0,0.238775,400,0
0.65,0.4,1,100000,0,0.245969,0,0.256406,0,0.259719,0,0.237906,400,0
0.65,0.4,1,160000,0,0.249006,0,0.253188,0,0.250275,0,0.247531,400,0
0.65,0.45,1,0,0.125019,0.125144,0.125025,0.125144,0.123531,0.126406,0.124725,0.125006,400,0
0.65,0.45,1,1000,0,0.237756,0,0.247006,0,0.265475,0,0.249762,400,0
0.65,0.45,1,2000,0,0.255056,0,0.246906,0,0.244525,0,0.253512,400,0
0.65,0.45,1,3000,0,0.256581,0,0.256181,0,0.250369,0,0.236869,400,0
0.65,0.45,1,5000,0,0.250887,0,0.23385,0,0.260075,0,0.255188,400,0
0.65,0.45,1,7000,0,0.25055,0,0.263,0,0.234687,0,0.251763,400,0
0.65,0.45,1,10000,0,0.262138,0,0.2486,0,0.243694,0,0.245569,400,0
0.65,0.45,1,25000,0,0.241863,0,0.261587,0,0.25665,0,0.2399,400,0
0.65,0.45,1,50000,0,0.26815,0,0.237212,0,0.243194,0,0.251444,400,0
0.65,0.45,1,100000,0,0.245175,0,0.247075,0,0.254769,0,0.252981,400,0
0.65,0.45,1,160000,0,0.253919,0,0.24485,0,0.23725,0,0.263981,400,0
0.65,0.45,1,0,0.123906,0.124194,0.125163,0.125762,0.123919,0.125663,0.12565,0.125744,400,0
0.65,0.45,1,1000,0,0.234569,0,0.260375,0,0.254106,0,0.25095,400,0
0.65,0.45,1,2000,0,0.248463,0,0.248206,0,0.253019,0,0.250312,400,0
0.65,0.45,1,3000,0,0.245569,0,0.250688,0,0.249631,0,0.254113,400,0
0.65,0.45,1,5000,0,0.242056,0,0.257956,0,0.26055,0,0.239437,400,0
0.65,0.45,1,7000,0,0.247294,0,0.245219,0,0.249362,0,0.258125,400,0
0.65,0.45,1,10000,0,0.251081,0,0.256431,0,0.243537,0,0.24895,400,0
0.65,0.45,1,25000,0,0.25285,0,0.252419,0,0.246188,0,0.248544,400,0
0.65,0.45,1,50000,0,0.258062,0,0.2465,0,0.231975,0,0.263462,400,0
0.65,0.45,1,100000,0,0.25355,0,0.262537,0,0.247644,0,0.236269,400,0
0.65,0.45,1,160000,0,0.238419,0,0.253613,0,0.251937,0,0.256031,400,0
0.65,0.5,1,0,0.124481,0.124738,0.124631,0.127694,0.124675,0.124713,0.124375,0.124694,400,0
0.65,0.5,1,1000,0,0.249312,0,0.255531,0,0.24665,0,0.248506,400,0
0.65,0.5,1,2000,0,0.268631,0,0.240344,0,0.235544,0,0.255481,400,0
0.65,0.5,1,3000,0,0.251544,0,0.248119,0,0.252969,0,0.247369,400,0
0.65,0.5,1,5000,0,0.244394,0,0.247281,0,0.268831,0,0.239494,400,0
0.65,0.5,1,7000,0,0.242237,0,0.253981,0,0.261119,0,0.242663,400,0
0.65,0.5,1,10000,0,0.245963,0,0.237456,0,0.252081,0,0.2645,400,0
0.65,0.5,1,25000,0,0.254287,0,0.254106,0,0.257263,0,0.234344,400,0
0.65,0.5,1,50000,0,0.238969,0,0.243981,0,0.261156,0,0.255894,400,0
0.65,0.5,1,100000,0,0.268394,0,0.241681,0,0.246062,0,0.243863,400,0
0.65,0.5,1,160000,0,0.256875,0,0.248175,0,0.244625,0,0.250325,400,0
0.65,0.5,1,0,0.123588,0.124794,0.126019,0.124881,0.123544,0.1261,0.125037,0.126037,400,0
0.65,0.5,1,1000,0,0.247231,0,0.257012,0,0.260912,0,0.234844,400,0
0.65,0.5,1,2000,0,0.235394,0,0.243975,0,0.261494,0,0.259138,400,0
0.65,0.5,1,3000,0,0.250131,0,0.261331,0,0.248325,0,0.240212,400,0
0.65,0.5,1,5000,0,0.253475,0,0.247463,0,0.248806,0,0.250256,400,0
0.65,0.5,1,7000,0,0.250387,0,0.26915,0,0.236406,0,0.244056,400,0
0.65,0.5,1,10000,0,0.258219,0,0.2522,0,0.233781,0,0.2558,400,0
0.65,0.5,1,25000,0,0.253175,0,0.256194,0,0.236838,0,0.253794,400,0
0.65,0.5,1,50000,0,0.268531,0,0.241206,0,0.236756,0,0.253506,400,0
0.65,0.5,1,100000,0,0.251825,0,0.2479,0,0.237319,0,0.262956,400,0
0.65,0.5,1,160000,0,0.247794,0,0.266869,0,0.248225,0,0.237113,400,0
0.65,0.55,1,0,0.124412,0.123475,0.126244,0.124438,0.124375,0.126188,0.125638,0.125231,400,0
0.65,0.55,1,1000,0,0.238712,0,0.251306,0,0.258781,0,0.2512,400,0
0.65,0.55,1,2000,0,0.254225,0,0.2542,0,0.242081,0,0.249494,400,0
0.65,0.55,1,3000,0,0.250494,0,0.266587,0,0.244775,0,0.238144,400,0
0.65,0.55,1,5000,0,0.2473,0,0.254862,0,0.246487,0,0.25135,400,0
0.65,0.55,1,7000,0,0.234719,0,0.253812,0,0.250131,0,0.261338,400,0
0.65,0.55,1,10000,0,0.259994,0,0.2338,0,0.253156,0,0.25305,400,0
0.65,0.55,1,25000,0,0.265525,0,0.257644,0,0.24705,0,0.229781,400,0
0.65,0.55,1,50000,0,0.24475,0,0.239737,0,0.269562,0,0.24595,400,0
0.65,0.55,1,100000,0,0.241306,0,0.263094,0,0.255088,0,0.240512,400,0
0.65,0.55,1,160000,0,0.239419,0,0.24515,0,0.2616,0,0.253831,400,0
0.65,0.55,1,0,0.124194,0.123475,0.1269,0.123919,0.125744,0.123394,0.125981,0.126394,400,0
0.65,0.55,1,1000,0,0.254819,0,0.251344,0,0.233125,0,0.260713,400,0
0.65,0.55,1,2000,0,0.249006,0,0.248256,0,0.263937,0,0.2388,400,0
0.65,0.55,1,3000,0,0.257019,0,0.250044,0,0.253775,0,0.239163,400,0
0.65,0.55,1,5000,0,0.2415,0,0.264581,0,0.238912,0,0.255006,400,0
0.65,0.55,1,7000,0,0.252219,0,0.246306,0,0.259525,0,0.24195,400,0
0.65,0.55,1,10000,0,0.248181,0,0.260444,0,0.242512,0,0.248862,400,0
0.65,0.55,1,25000,0,0.248119,0,0.255956,0,0.24305,0,0.252875,400,0
0.65,0.55,1,50000,0,0.252144,0,0.245806,0,0.251625,0,0.250425,400,0
0.65,0.55,1,100000,0,0.249025,0,0.2568,0,0.252213,0,0.241962,400,0
0.65,0.55,1,160000,0,0.241537,0,0.246388,0,0.251619,0,0.260456,400,0
0.65,0.6,1,0,0.125,0.124644,0.125,0.126238,0.124594,0.125213,0.124906,0.124406,400,0
0.65,0.6,1,1000,0,0.262806,0,0.249969,0,0.2464,0,0.240825,400,0
0.65,0.6,1,2000,0,0.248594,0,0.248706,0,0.254331,0,0.248369,400,0
0.65,0.6,1,3000,0,0.245938,0,0.262219,0,0.236425,0,0.255419,400,0
0.65,0.6,1,5000,0,0.234838,0,0.24475,0,0.263294,0,0.257119,400,0
0.65,0.6,1,7000,0,0.25925,0,0.246625,0,0.245088,0,0.249037,400,0
0.65,0.6,1,10000,0,0.254188,0,0.25705,0,0.252256,0,0.236506,400,0
0.65,0.6,1,25000,0,0.24335,0,0.251937,0,0.253713,0,0.251,400,0
0.65,0.6,1,50000,0,0.247031,0,0.245369,0,0.254244,0,0.253356,400,0
0.65,0.6,1,100000,0,0.247188,0,0.2581,0,0.252331,0,0.242381,400,0
0.65,0.6,1,160000,0,0.251513,0,0.253613,0,0.240712,0,0.254163,400,0
0.65,0.6,1,0,0.124819,0.124169,0.125356,0.124588,0.124619,0.126075,0.125869,0.124506,400,0
0.65,0.6,1,1000,0,0.253706,0,0.251262,0,0.251188,0,0.243844,400,0
0.65,0.6,1,2000,0,0.256956,0,0.246731,0,0.242175,0,0.254138,400,0
0.65,0.6,1,3000,0,0.260362,0,0.244106,0,0.250581,0,0.24495,400,0
0.65,0.6,1,5000,0,0.251013,0,0.248181,0,0.251106,0,0.2497,400,0
0.65,0.6,1,7000,0,0.250625,0,0.263931,0,0.239431,0,0.246012,400,0
0.65,0.6,1,10000,0,0.242462,0,0.246925,0,0.255531,0,0.255081,400,0
0.65,0.6,1,25000,0,0.250706,0,0.240138,0,0.256369,0,0.252787,400,0
0.65,0.6,1,50000,0,0.254275,0,0.23965,0,0.241356,0,0.264719,400,0
0.65,0.6,1,100000,0,0.251138,0,0.240687,0,0.262644,0,0.245531,400,0
0.65,0.6,1,160000,0,0.262631,0,0.2652,0,0.237406,0,0.234763,400,0
0.65,0.65,1,0,0.124669,0.124519,0.1237,0.124613,0.1255,0.125525,0.124881,0.126594,400,0
0.65,0.65,1,1000,0,0.249931,0,0.24175,0,0.249062,0,0.259256,400,0
0.65,0.65,1,2000,0,0.262,0,0.254575,0,0.226844,0,0.256581,400,0
0.65,0.65,1,3000,0,0.240544,0,0.257125,0,0.249406,0,0.252925,400,0
0.65,0.65,1,5000,0,0.258406,0,0.233513,0,0.248794,0,0.259288,400,0
0.65,0.65,1,7000,0,0.241756,0,0.23695,0,0.261519,0,0.259775,400,0
0.65,0.65,1,10000,0,0.244806,0,0.256675,0,0.264056,0,0.234462,400,0
0.65,0.65,1,25000,0,0.246669,0,0.246531,0,0.255238,0,0.251563,400,0
0.65,0.65,1,50000,0,0.2538,0,0.246594,0,0.243875,0,0.255731,400,0
0.65,0.65,1,100000,0,0.248156,0,0.239338,0,0.254325,0,0.258181,400,0
0.65,0.65,1,160000,0,0.257456,0,0.2356,0,0.257744,0,0.2492,400,0
0.65,0.65,1,0,0.124919,0.12335,0.125681,0.124713,0.123387,0.125144,0.1279,0.124906,400,0
0.65,0.65,1,1000,0,0.244519,0,0.261094,0,0.252862,0,0.241525,400,0
0.65,0.65,1,2000,0,0.254681,0,0.247656,0,0.251656,0,0.246006,400,0
0.65,0.65,1,3000,0,0.25875,0,0.2646,0,0.245406,0,0.231244,400,0
0.65,0.65,1,5000,0,0.244675,0,0.257931,0,0.256387,0,0.241006,400,0
0.65,0.65,1,7000,0,0.234175,0,0.233131,0,0.268863,0,0.263831,400,0
0.65,0.65,1,10000,0,0.254437,0,0.252525,0,0.247819,0,0.245219,400,0
0.65,0.65,1,25000,0,0.24585,0,0.2434,0,0.256169,0,0.254581,400,0
0.65,0.65,1,50000,0,0.257625,0,0.259906,0,0.24235,0,0.240119,400,0
0.65,0.65,1,100000,0,0.230013,0,0.243469,0,0.282838,0,0.243681,400,0
0.65,0.65,1,160000,0,0.246344,0,0.2552,0,0.256775,0,0.241681,400,0
0.65,0.7,1,0,0.124856,0.125156,0.125494,0.124025,0.125619,0.124231,0.125375,0.125244,400,0
0.65,0.7,1,1000,0,0.249494,0,0.251581,0,0.249913,0,0.249012,400,0
0.65,0.7,1,2000,0,0.2576,0,0.250744,0,0.252656,0,0.239,400,0
0.65,0.7,1,3000,0,0.254638,0,0.248644,0,0.235737,0,0.260981,400,0
0.65,0.7,1,5000,0,0.258994,0,0.228887,0,0.242006,0,0.270112,400,0
0.65,0.7,1,7000,0,0.246869,0,0.262106,0,0.252613,0,0.238412,400,0
0.65,0.7,1,10000,0,0.238969,0,0.245,0,0.260669,0,0.255362,400,0
0.65,0.7,1,25000,0,0.250812,0,0.2648,0,0.2523,0,0.232088,400,0
0.65,0.7,1,50000,0,0.239681,0,0.255512,0,0.257238,0,0.247569,400,0
0.65,0.7,1,100000,0,0.249138,0,0.242787,0,0.265281,0,0.242794,400,0
0.65,0.7,1,160000,0,0.248475,0,0.230063,0,0.257563,0,0.2639,400,0
0.65,0.7,1,0,0.123912,0.125787,0.124613,0.125744,0.125012,0.125725,0.123756,0.12545,400,0
0.65,0.7,1,1000,0,0.258094,0,0.24395,0,0.251812,0,0.246144,400,0
0.65,0.7,1,2000,0,0.250056,0,0.251525,0,0.246581,0,0.251837,400,0
0.65,0.7,1,3000,0,0.26085,0,0.257519,0,0.239994,0,0.241638,400,0
0.65,0.7,1,5000,0,0.244487,0,0.244094,0,0.258069,0,0.25335,400,0
0.65,0.7,1,7000,0,0.236275,0,0.244756,0,0.252081,0,0.266887,400,0
0.65,0.7,1,10000,0,0.244219,0,0.244069,0,0.252937,0,0.258775,400,0
0.65,0.7,1,25000,0,0.248012,0,0.242106,0,0.2451,0,0.264781,400,0
0.65,0.7,1,50000,0,0.244225,0,0.259875,0,0.261331,0,0.234569,400,0
0.65,0.7,1,100000,0,0.253588,0,0.236069,0,0.247656,0,0.262688,400,0
0.65,0.7,1,160000,0,0.248231,0,0.255681,0,0.247894,0,0.248194,400,0
0.65,0.75,1,0,0.125688,0.124594,0.12565,0.123438,0.125837,0.124113,0.124688,0.125994,400,0
0.65,0.75,1,1000,0,0.252219,0,0.244556,0,0.255906,0,0.247319,400,0
0.65,0.75,1,2000,0,0.245212,0,0.253294,0,0.248256,0,0.253238,400,0
0.65,0.75,1,3000,0,0.247888,0,0.252775,0,0.246438,0,0.2529,400,0
0.65,0.75,1,5000,0,0.2465,0,0.255937,0,0.25185,0,0.245713,400,0
0.65,0.75,1,7000,0,0.234919,0,0.263419,0,0.262869,0,0.238794,400,0
0.65,0.75,1,10000,0,0.240781,0,0.242075,0,0.2597,0,0.257444,400,0
0.65,0.75,1,25000,0,0.246869,0,0.250825,0,0.258225,0,0.244081,400,0
0.65,0.75,1,50000,0,0.248544,0,0.256738,0,0.2576,0,0.237119,400,0
0.65,0.75,1,100000,0,0.249475,0,0.250056,0,0.239119,0,0.26135,400,0
0.65,0.75,1,160000,0,0.238619,0,0.256425,0,0.256144,0,0.248812,400,0
0.65,0.75,1,0,0.1251,0.125956,0.12515,0.1246,0.12395,0.124319,0.126144,0.124781,400,0
0.65,0.75,1,1000,0,0.246262,0,0.25045,0,0.249144,0,0.254144,400,0
0.65,0.75,1,2000,0,0.253188,0,0.250906,0,0.247331,0,0.248575,400,0
0.65,0.75,1,3000,0,0.250731,0,0.266544,0,0.248669,0,0.234056,400,0
0.65,0.75,1,5000,0,0.244856,0,0.239075,0,0.262281,0,0.253787,400,0
0.65,0.75,1,7000,0,0.23555,0,0.268394,0,0.254912,0,0.241144,400,0
0.65,0.75,1,10000,0,0.247425,0,0.236375,0,0.248269,0,0.267931,400,0
0.65,0.75,1,25000,0,0.24375,0,0.270263,0,0.256088,0,0.2299,400,0
0.65,0.75,1,50000,0,0.255681,0,0.243512,0,0.241969,0,0.258837,400,0
0.65,0.75,1,100000,0,0.2361,0,0.255537,0,0.260288,0,0.248075,400,0
0.65,0.75,1,160000,0,0.251219,0,0.258669,0,0.248612,0,0.2415,400,0
0.65,0.8,1,0,0.124369,0.126,0.123875,0.123787,0.124231,0.124669,0.127975,0.125094,400,0
0.65,0.8,1,1000,0,0.244525,0,0.254987,0,0.256594,0,0.243894,400,0
0.65,0.8,1,2000,0,0.2443,0,0.236169,0,0.256837,0,0.262694,400,0
0.65,0.8,1,3000,0,0.2471,0,0.247006,0,0.259512,0,0.246381,400,0
0.65,0.8,1,5000,0,0.245481,0,0.242275,0,0.252487,0,0.259756,400,0
0.65,0.8,1,7000,0,0.234919,0,0.262575,0,0.251275,0,0.251231,400,0
0.65,0.8,1,10000,0,0.256169,0,0.248575,0,0.255163,0,0.240094,400,0
0.65,0.8,1,25000,0,0.255575,0,0.242519,0,0.248175,0,0.253731,400,0
0.65,0.8,1,50000,0,0.249225,0,0.24075,0,0.247713,0,0.262313,400,0
0.65,0.8,1,100000,0,0.252619,0,0.238962,0,0.254887,0,0.253531,400,0
0.65,0.8,1,160000,0,0.240169,0,0.262844,0,0.248738,0,0.24825,400,0
0.65,0.8,1,0,0.126319,0.125625,0.125731,0.124238,0.125837,0.122919,0.125638,0.123694,400,0
0.65,0.8,1,1000,0,0.242388,0,0.244606,0,0.260619,0,0.252387,400,0
0.65,0.8,1,2000,0,0.248488,0,0.264931,0,0.253525,0,0.233056,400,0
0.65,0.8,1,3000,0,0.243688,0,0.235225,0,0.258106,0,0.262981,400,0
0.65,0.8,1,5000,0,0.262431,0,0.240875,0,0.245088,0,0.251606,400,0
0.65,0.8,1,7000,0,0.262769,0,0.257319,0,0.237187,0,0.242725,400,0
0.65,0.8,1,10000,0,0.239262,0,0.237119,0,0.257037,0,0.266581,400,0
0.65,0.8,1,25000,0,0.255375,0,0.245544,0,0.250213,0,0.248869,400,0
0.65,0.8,1,50000,0,0.241231,0,0.25415,0,0.260887,0,0.243731,400,0
0.65,0.8,1,100000,0,0.24235,0,0.254431,0,0.248812,0,0.254406,400,0
0.65,0.8,1,160000,0,0.247706,0,0.257412,0,0.250262,0,0.244619,400,0
0.65,0.85,1,0,0.12375,0.125994,0.124338,0.1261,0.125425,0.125963,0.123644,0.124787,400,0
0.65,0.85,1,1000,0,0.246244,0,0.269319,0,0.240413,0,0.244025,400,0
0.65,0.85,1,2000,0,0.251275,0,0.275719,0,0.245444,0,0.227563,400,0
0.65,0.85,1,3000,0,0.247825,0,0.268769,0,0.243487,0,0.239919,400,0
0.65,0.85,1,5000,0,0.2385,0,0.249675,0,0.257606,0,0.254219,400,0
0.65,0.85,1,7000,0,0.268206,0,0.247363,0,0.244519,0,0.239913,400,0
0.65,0.85,1,10000,0,0.249144,0,0.245381,0,0.242006,0,0.263469,400,0
0.65,0.85,1,25000,0,0.256063,0,0.250644,0,0.251294,0,0.242,400,0
0.65,0.85,1,50000,0,0.249388,0,0.233706,0,0.251575,0,0.265331,400,0
0.65,0.85,1,100000,0,0.240937,0,0.2591,0,0.268213,0,0.23175,400,0
0.65,0.85,1,160000,0,0.254744,0,0.241219,0,0.25275,0,0.251287,400,0
0.65,0.85,1,0,0.125769,0.124775,0.125975,0.124769,0.122956,0.125388,0.124713,0.125656,400,0
0.65,0.85,1,1000,0,0.253713,0,0.262506,0,0.256025,0,0.227756,400,0
0.65,0.85,1,2000,0,0.233856,0,0.257131,0,0.26255,0,0.246463,400,0
0.65,0.85,1,3000,0,0.249269,0,0.242325,0,0.250188,0,0.258219,400,0
0.65,0.85,1,5000,0,0.252337,0,0.243456,0,0.250613,0,0.253594,400,0
0.65,0.85,1,7000,0,0.266138,0,0.2471,0,0.244456,0,0.242306,400,0
0.65,0.85,1,10000,0,0.2573,0,0.2688,0,0.23615,0,0.23775,400,0
0.65,0.85,1,25000,0,0.2567,0,0.266556,0,0.240981,0,0.235763,400,0
0.65,0.85,1,50000,0,0.255056,0,0.2535,0,0.256056,0,0.235387,400,0
0.65,0.85,1,100000,0,0.254181,0,0.245444,0,0.252975,0,0.2474,400,0
0.65,0.85,1,160000,0,0.253731,0,0.23635,0,0.240069,0,0.26985,400,0
0.65,0.9,1,0,0.124956,0.123738,0.124225,0.124394,0.125356,0.125844,0.126225,0.125262,400,0
0.65,0.9,1,1000,0,0.240331,0,0.2531,0,0.252744,0,0.253825,400,0
0.65,0.9,1,2000,0,0.256275,0,0.248031,0,0.249369,0,0.246325,400,0
0.65,0.9,1,3000,0,0.241619,0,0.253175,0,0.247138,0,0.258069,400,0
0.65,0.9,1,5000,0,0.2532,0,0.25635,0,0.257987,0,0.232462,400,0
0.65,0.9,1,7000,0,0.257238,0,0.254181,0,0.241556,0,0.247025,400,0
0.65,0.9,1,10000,0,0.243562,0,0.236625,0,0.255437,0,0.264375,400,0
0.65,0.9,1,25000,0,0.255775,0,0.248294,0,0.249081,0,0.24685,400,0
0.65,0.9,1,50000,0,0.256887,0,0.259512,0,0.2453,0,0.2383,400,0
0.65,0.9,1,100000,0,0.243319,0,0.258369,0,0.254538,0,0.243775,400,0
0.65,0.9,1,160000,0,0.242019,0,0.242444,0,0.24235,0,0.273188,400,0
0.65,0.9,1,0,0.123475,0.126469,0.123688,0.126494,0.123469,0.125931,0.124925,0.12555,400,0
0.65,0.9,1,1000,0,0.254175,0,0.249231,0,0.253669,0,0.242925,400,0
0.65,0.9,1,2000,0,0.2457,0,0.244787,0,0.248688,0,0.260825,400,0
0.65,0.9,1,3000,0,0.255794,0,0.251613,0,0.250306,0,0.242287,400,0
0.65,0.9,1,5000,0,0.245844,0,0.247281,0,0.24615,0,0.260725,400,0
0.65,0.9,1,7000,0,0.243469,0,0.239838,0,0.2644,0,0.252294,400,0
0.65,0.9,1,10000,0,0.238469,0,0.244019,0,0.258581,0,0.258931,400,0
0.65,0.9,1,25000,0,0.2418,0,0.2471,0,0.256206,0,0.254894,400,0
0.65,0.9,1,50000,0,0.2516,0,0.244138,0,0.24615,0,0.258113,400,0
0.65,0.9,1,100000,0,0.257306,0,0.237412,0,0.245044,0,0.260238,400,0
0.65,0.9,1,160000,0,0.25055,0,0.255294,0,0.247413,0,0.246744,400,0
0.65,0.95,1,0,0.125062,0.125206,0.125281,0.12495,0.123863,0.125156,0.12645,0.124031,400,0
0.65,0.95,1,1000,0,0.249175,0,0.252969,0,0.239563,0,0.258294,400,0
0.65,0.95,1,2000,0,0.236313,0,0.235056,0,0.254375,0,0.274256,400,0
0.65,0.95,1,3000,0,0.253837,0,0.24515,0,0.246669,0,0.254344,400,0
0.65,0.95,1,5000,0,0.245287,0,0.246569,0,0.248381,0,0.259763,400,0
0.65,0.95,1,7000,0,0.260837,0,0.261763,0,0.2458,0,0.2316,400,0
0.65,0.95,1,10000,0,0.249087,0,0.257594,0,0.24685,0,0.246469,400,0
0.65,0.95,1,25000,0,0.239656,0,0.255544,0,0.250044,0,0.254756,400,0
0.65,0.95,1,50000,0,0.23395,0,0.234294,0,0.272806,0,0.25895,400,0
0.65,0.95,1,100000,0,0.239381,0,0.240794,0,0.269562,0,0.250262,400,0
0.65,0.95,1,160000,0,0.261656,0,0.250594,0,0.235737,0,0.252012,400,0
0.65,0.95,1,0,0.124619,0.124381,0.125406,0.125794,0.125638,0.124775,0.124356,0.125031,400,0
0.65,0.95,1,1000,0,0.247237,0,0.239913,0,0.263663,0,0.249188,400,0
0.65,0.95,1,2000,0,0.238981,0,0.239206,0,0.254875,0,0.266937,400,0
0.65,0.95,1,3000,0,0.258219,0,0.256781,0,0.251969,0,0.233031,400,0
0.65,0.95,1,5000,0,0.247537,0,0.241969,0,0.2592,0,0.251294,400,0
0.65,0.95,1,7000,0,0.249869,0,0.251944,0,0.245725,0,0.252462,400,0
0.65,0.95,1,10000,0,0.245231,0,0.266863,0,0.249081,0,0.238825,400,0
0.65,0.95,1,25000,0,0.2678,0,0.245713,0,0.2367,0,0.249787,400,0
0.65,0.95,1,50000,0,0.249594,0,0.243656,0,0.247944,0,0.258806,400,0
0.65,0.95,1,100000,0,0.239075,0,0.262044,0,0.243775,0,0.255106,400,0
0.65,0.95,1,160000,0,0.251819,0,0.263987,0,0.234363,0,0.249831,400,0
0.65,1,1,0,0.124444,0.124956,0.125381,0.1252,0.126831,0.124475,0.122588,0.126125,400,0
0.65,1,1,1000,0,0.237181,0,0.243069,0,0.258794,0,0.260956,400,0
0.65,1,1,2000,0,0.251138,0,0.259337,0,0.257188,0,0.232338,400,0
0.65,1,1,3000,0,0.261819,0,0.249475,0,0.237106,0,0.2516,400,0
0.65,1,1,5000,0,0.245125,0,0.255775,0,0.2454,0,0.2537,400,0
0.65,1,1,7000,0,0.267956,0,0.24735,0,0.241138,0,0.243556,400,0
0.65,1,1,10000,0,0.258844,0,0.235712,0,0.24785,0,0.257594,400,0
0.65,1,1,25000,0,0.238531,0,0.2392,0,0.267912,0,0.254356,400,0
0.65,1,1,50000,0,0.26025,0,0.253,0,0.248294,0,0.238456,400,0
0.65,1,1,100000,0,0.243525,0,0.24605,0,0.252544,0,0.257881,400,0
0.65,1,1,160000,0,0.249094,0,0.241494,0,0.246287,0,0.263125,400,0
0.65,1,1,0,0.125762,0.124813,0.12475,0.124637,0.125031,0.125581,0.124106,0.125319,400,0
0.65,1,1,1000,0,0.236006,0,0.242781,0,0.274031,0,0.247181,400,0
0.65,1,1,2000,0,0.247237,0,0.250781,0,0.248569,0,0.253412,400,0
0.65,1,1,3000,0,0.239625,0,0.256987,0,0.253769,0,0.249619,400,0
0.65,1,1,5000,0,0.249312,0,0.243456,0,0.256269,0,0.250962,400,0
0.65,1,1,7000,0,0.262919,0,0.243769,0,0.231038,0,0.262275,400,0
0.65,1,1,10000,0,0.242663,0,0.251656,0,0.262481,0,0.2432,400,0
0.65,1,1,25000,0,0.244388,0,0.240363,0,0.252225,0,0.263025,400,0
0.65,1,1,50000,0,0.251931,0,0.237825,0,0.258862,0,0.251381,400,0
0.65,1,1,100000,0,0.259556,0,0.255481,0,0.235619,0,0.249344,400,0
0.65,1,1,160000,0,0.248219,0,0.255144,0,0.238113,0,0.258525,400,0
0.7,0,1,0,0.124556,0.124787,0.124675,0.124412,0.125812,0.125312,0.125087,0.125356,400,0
0.7,0,1,1000,0.07185,0.182281,0.0747312,0.168806,0.0695563,0.168331,0.0753438,0.1891,400,0
0.7,0,1,2000,0.0443562,0.202594,0.05335,0.21665,0.0520188,0.1895,0.0503437,0.191188,400,0
0.7,0,1,3000,0.040075,0.199631,0.041125,0.209075,0.0441438,0.205081,0.0366625,0.224206,400,0
0.7,0,1,5000,0.00634375,0.239356,0.00723125,0.240131,0.0058875,0.246344,0.00928125,0.245425,400,0
0.7,0,1,7000,0,0.245413,0,0.267681,0,0.253369,0,0.233538,400,0
0.7,0,1,10000,0,0.253175,0,0.258156,0,0.245081,0,0.243588,400,0
0.7,0,1,25000,0,0.22805,0,0.24475,0,0.261481,0,0.265719,400,0
0.7,0,1,50000,0,0.239888,0,0.26315,0,0.242531,0,0.254431,400,0
0.7,0,1,100000,0,0.254837,0,0.242262,0,0.256325,0,0.246575,400,0
0.7,0,1,160000,0,0.230669,0,0.2616,0,0.250081,0,0.25765,400,0
0.7,0,1,0,0.124294,0.125144,0.1264,0.124762,0.125631,0.124075,0.1248,0.124894,400,0
0.7,0,1,1000,0.140712,0.115369,0.124938,0.0996625,0.153869,0.111588,0.144306,0.109556,400,0
0.7,0,1,2000,0.13505,0.116962,0.137331,0.116263,0.133294,0.102337,0.148381,0.110381,400,0
0.7,0,1,3000,0.144613,0.1025,0.138194,0.109519,0.148444,0.104125,0.152231,0.100375,400,0
0.7,0,1,5000,0.164394,0.0763625,0.16445,0.0860063,0.164725,0.0825812,0.1755,0.0859812,400,0
0.7,0,1,7000,0.144525,0.0915375,0.14425,0.0933625,0.170063,0.0957625,0.171662,0.0888375,400,0
0.7,0,1,10000,0.176494,0.0507437,0.190806,0.064075,0.205975,0.058425,0.205038,0.0484438,400,0
0.7,0,1,25000,0.262406,0,0.252781,0,0.251631,0,0.233181,0,400,0
0.7,0,1,50000,0.254469,0,0.239719,0,0.254525,0,0.251287,0,400,0
0.7,0,1,100000,0.247213,0,0.247325,0,0.244812,0,0.26065,0,400,0
0.7,0,1,160000,0.248237,0,0.247719,0,0.256369,0,0.247675,0,400,0
0.7,0.05,1,0,0.125625,0.12495,0.125081,0.125512,0.124731,0.124631,0.1241,0.125369,400,0
0.7,0.05,1,1000,0.0617875,0.211619,0.047675,0.201444,0.0443375,0.186525,0.0418813,0.204731,400,0
0.7,0.05,1,2000,0.0114188,0.259994,0.00845625,0.2376,0.0101187,0.213938,0.0133875,0.245088,400,0
0.7,0.05,1,3000,0.00195,0.235363,0.0007375,0.235244,0.00135,0.267194,0.00385625,0.254306,400,0
0.7,0.05,1,5000,0,0.250031,0,0.253075,0,0.243769,0,0.253125,400,0
0.7,0.05,1,7000,0,0.251319,0,0.23865,0,0.254937,0,0.255094,400,0
0.7,0.05,1,10000,0,0.272431,0,0.255756,0,0.239969,0,0.231844,400,0
0.7,0.05,1,25000,0,0.253188,0,0.244519,0,0.253138,0,0.249156,400,0
0.7,0.05,1,50000,0,0.260887,0,0.245863,0,0.242338,0,0.250912,400,0
0.7,0.05,1,100000,0,0.2536,0,0.2639,0,0.234137,0,0.248363,400,0
0.7,0.05,1,160000,0,0.261912,0,0.248156,0,0.23465,0,0.255281,400,0
0.7,0.05,1,0,0.125775,0.124906,0.125056,0.124406,0.124537,0.126056,0.125806,0.123456,400,0
0.7,0.05,1,1000,0.0609188,0.191131,0.059825,0.198556,0.065625,0.1853,0.0570187,0.181625,400,0
0.7,0.05,1,2000,0.0122437,0.249037,0.0120938,0.2352,0.0125188,0.23325,0.00734375,0.238313,400,0
0.7,0.05,1,3000,0,0.2525,0,0.2452,0,0.255288,0,0.247012,400,0
0.7,0.05,1,5000,0,0.23985,0,0.251856,0,0.253887,0,0.254406,400,0
0.7,0.05,1,7000,0,0.260037,0,0.252725,0,0.240969,0,0.246269,400,0
0.7,0.05,1,10000,0,0.251869,0,0.26125,0,0.248744,0,0.238138,400,0
0.7,0.05,1,25000,0,0.245837,0,0.233206,0,0.261231,0,0.259725,400,0
0.7,0.05,1,50000,0,0.247119,0,0.248925,0,0.242981,0,0.260975,400,0
0.7,0.05,1,100000,0,0.248281,0,0.247044,0,0.245725,0,0.25895,400,0
0.7,0.05,1,160000,0,0.26475,0,0.251719,0,0.236219,0,0.247312,400,0
0.7,0.1,1,0,0.1251,0.124931,0.127213,0.124756,0.125075,0.123131,0.125738,0.124056,400,0
0.7,0.1,1,1000,0.0149187,0.247281,0.0212062,0.221913,0.01465,0.216056,0.0117938,0.252181,400,0
0.7,0.1,1,2000,0,0.242706,0,0.256181,0,0.260713,0,0.2404,400,0
0.7,0.1,1,3000,0,0.241856,0,0.249069,0,0.253956,0,0.255119,400,0
0.7,0.1,1,5000,0,0.2496,0,0.24915,0,0.248988,0,0.252263,400,0
0.7,0.1,1,7000,0,0.248575,0,0.249625,0,0.244938,0,0.256862,400,0
0.7,0.1,1,10000,0,0.25705,0,0.254469,0,0.250138,0,0.238344,400,0
0.7,0.1,1,25000,0,0.233481,0,0.256856,0,0.267594,0,0.242069,400,0
0.7,0.1,1,50000,0,0.258144,0,0.246163,0,0.256569,0,0.239125,400,0
0.7,0.1,1,100000,0,0.243237,0,0.241913,0,0.266175,0,0.248675,400,0
0.7,0.1,1,160000,0,0.249413,0,0.268131,0,0.232819,0,0.249638,400,0
0.7,0.1,1,0,0.124688,0.124781,0.124338,0.125744,0.125775,0.124669,0.124313,0.125694,400,0
0.7,0.1,1,1000,0.0255063,0.234056,0.0311125,0.20695,0.0255688,0.22795,0.0183062,0.23055,400,0
0.7,0.1,1,2000,0,0.252812,0,0.242081,0,0.258331,0,0.246775,400,0
0.7,0.1,1,3000,0,0.233119,0,0.237181,0,0.266519,0,0.263181,400,0
0.7,0.1,1,5000,0,0.24045,0,0.234369,0,0.272037,0,0.253144,400,0
0.7,0.1,1,7000,0,0.241831,0,0.253787,0,0.25125,0,0.253131,400,0
0.7,0.1,1,10000,0,0.253706,0,0.251,0,0.253275,0,0.242019,400,0
0.7,0.1,1,25000,0,0.257844,0,0.248381,0,0.241625,0,0.25215,400,0
0.7,0.1,1,50000,0,0.242144,0,0.256975,0,0.257906,0,0.242975,400,0
0.7,0.1,1,100000,0,0.256437,0,0.254088,0,0.2454,0,0.244075,400,0
0.7,0.1,1,160000,0,0.254206,0,0.241037,0,0.244894,0,0.259862,400,0
0.7,0.15,1,0,0.125056,0.127706,0.125181,0.123594,0.124819,0.124056,0.12385,0.125738,400,0
0.7,0.15,1,1000,0,0.251987,0,0.245081,0,0.252194,0,0.250738,400,0
0.7,0.15,1,2000,0,0.2342,0,0.2673,0,0.248006,0,0.250494,400,0
0.7,0.15,1,3000,0,0.243037,0,0.254987,0,0.255425,0,0.24655,400,0
0.7,0.15,1,5000,0,0.255462,0,0.247037,0,0.245169,0,0.252331,400,0
0.7,0.15,1,7000,0,0.2614,0,0.266319,0,0.248738,0,0.223544,400,0
0.7,0.15,1,10000,0,0.247431,0,0.246469,0,0.255825,0,0.250275,400,0
0.7,0.15,1,25000,0,0.259644,0,0.260106,0,0.244794,0,0.235456,400,0
0.7,0.15,1,50000,0,0.242487,0,0.263962,0,0.245262,0,0.248287,400,0
0.7,0.15,1,100000,0,0.238544,0,0.253156,0,0.248106,0,0.260194,400,0
0.7,0.15,1,160000,0,0.261006,0,0.241606,0,0.251031,0,0.246356,400,0
0.7,0.15,1,0,0.125025,0.125806,0.124531,0.125106,0.124256,0.125569,0.125112,0.124594,400,0
0.7,0.15,1,1000,0,0.260531,0,0.265956,0,0.227019,0,0.246494,400,0
0.7,0.15,1,2000,0,0.264056,0,0.238669,0,0.256163,0,0.241113,400,0
0.7,0.15,1,3000,0,0.243594,0,0.248587,0,0.249413,0,0.258406,400,0
0.7,0.15,1,5000,0,0.244925,0,0.249525,0,0.257744,0,0.247806,400,0
0.7,0.15,1,7000,0,0.259244,0,0.254719,0,0.240656,0,0.245381,400,0
0.7,0.15,1,10000,0,0.265037,0,0.25195,0,0.236388,0,0.246625,400,0
0.7,0.15,1,25000,0,0.257675,0,0.24975,0,0.24785,0,0.244725,400,0
0.7,0.15,1,50000,0,0.237563,0,0.246556,0,0.2573,0,0.258581,400,0
0.7,0.15,1,100000,0,0.243219,0,0.248575,0,0.247825,0,0.260381,400,0
0.7,0.15,1,160000,0,0.249944,0,0.2581,0,0.2519,0,0.240056,400,0
0.7,0.2,1,0,0.125238,0.1241,0.1245,0.125019,0.125869,0.1255,0.125312,0.124463,400,0
0.7,0.2,1,1000,0,0.238769,0,0.241987,0,0.268794,0,0.25045,400,0
0.7,0.2,1,2000,0,0.252738,0,0.236,0,0.246044,0,0.265219,400,0
0.7,0.2,1,3000,0,0.2503,0,0.248819,0,0.250825,0,0.250056,400,0
0.7,0.2,1,5000,0,0.250425,0,0.249525,0,0.251419,0,0.248631,400,0
0.7,0.2,1,7000,0,0.249556,0,0.236806,0,0.250394,0,0.263244,400,0
0.7,0.2,1,10000,0,0.236425,0,0.267794,0,0.237206,0,0.258575,400,0
0.7,0.2,1,25000,0,0.245681,0,0.2626,0,0.2588,0,0.232919,400,0
0.7,0.2,1,50000,0,0.240388,0,0.261275,0,0.244606,0,0.253731,400,0
0.7,0.2,1,100000,0,0.241913,0,0.273531,0,0.237356,0,0.2472,400,0
0.7,0.2,1,160000,0,0.240987,0,0.263694,0,0.256713,0,0.238606,400,0
0.7,0.2,1,0,0.125319,0.1235,0.126362,0.126213,0.123844,0.12355,0.125438,0.125775,400,0
0.7,0.2,1,1000,0.00551875,0.26595,0.0025375,0.242869,0.0027625,0.230731,0.00214375,0.247487,400,0
0.7,0.2,1,2000,0,0.260475,0,0.246606,0,0.244819,0,0.2481,400,0
0.7,0.2,1,3000,0,0.236175,0,0.258525,0,0.259231,0,0.246069,400,0
0.7,0.2,1,5000,0,0.244962,0,0.258638,0,0.252962,0,0.243438,400,0
0.7,0.2,1,7000,0,0.267462,0,0.245694,0,0.246512,0,0.240331,400,0
0.7,0.2,1,10000,0,0.246562,0,0.246181,0,0.243275,0,0.263981,400,0
0.7,0.2,1,25000,0,0.235075,0,0.244806,0,0.258887,0,0.261231,400,0
0.7,0.2,1,50000,0,0.260531,0,0.260219,0,0.247406,0,0.231844,400,0
0.7,0.2,1,100000,0,0.254719,0,0.249331,0,0.248394,0,0.247556,400,0
0.7,0.2,1,160000,0,0.246294,0,0.2415,0,0.259131,0,0.253075,400,0
0.7,0.25,1,0,0.125344,0.12475,0.124906,0.123931,0.124844,0.126362,0.124387,0.125475,400,0
0.7,0.25,1,1000,0,0.253669,0,0.255487,0,0.250181,0,0.240663,400,0
0.7,0.25,1,2000,0,0.260638,0,0.243381,0,0.247787,0,0.248194,400,0
0.7,0.25,1,3000,0,0.246375,0,0.237281,0,0.257556,0,0.258788,400,0
0.7,0.25,1,5000,0,0.2556,0,0.244425,0,0.249769,0,0.250206,400,0
0.7,0.25,1,7000,0,0.246906,0,0.243938,0,0.258431,0,0.250725,400,0
0.7,0.25,1,10000,0,0.253862,0,0.252175,0,0.254644,0,0.239319,400,0
0.7,0.25,1,25000,0,0.237906,0,0.2482,0,0.263619,0,0.250275,400,0
0.7,0.25,1,50000,0,0.239281,0,0.252631,0,0.258163,0,0.249925,400,0
0.7,0.25,1,100000,0,0.258987,0,0.238462,0,0.235506,0,0.267044,400,0
0.7,0.25,1,160000,0,0.252337,0,0.248738,0,0.25095,0,0.247975,400,0
0.7,0.25,1,0,0.123994,0.125413,0.125556,0.126181,0.125862,0.124531,0.124181,0.124281,400,0
0.7,0.25,1,1000,0,0.252781,0,0.250663,0,0.257856,0,0.2387,400,0
0.7,0.25,1,2000,0,0.252563,0,0.246413,0,0.257487,0,0.243537,400,0
0.7,0.25,1,3000,0,0.2538,0,0.26445,0,0.249569,0,0.232181,400,0
0.7,0.25,1,5000,0,0.250969,0,0.257906,0,0.2506,0,0.240525,400,0
0.7,0.25,1,7000,0,0.25125,0,0.2374,0,0.262338,0,0.249012,400,0
0.7,0.25,1,10000,0,0.250531,0,0.248044,0,0.248512,0,0.252912,400,0
0.7,0.25,1,25000,0,0.261138,0,0.248888,0,0.242975,0,0.247,400,0
0.7,0.25,1,50000,0,0.252512,0,0.263375,0,0.238919,0,0.245194,400,0
0.7,0.25,1,100000,0,0.265569,0,0.232525,0,0.244888,0,0.257019,400,0
0.7,0.25,1,160000,0,0.25325,0,0.252744,0,0.245394,0,0.248612,400,0
0.7,0.3,1,0,0.124844,0.124825,0.125894,0.126169,0.124381,0.125069,0.123956,0.124863,400,0
0.7,0.3,1,1000,0,0.254906,0,0.254387,0,0.245225,0,0.245481,400,0
0.7,0.3,1,2000,0,0.253481,0,0.238038,0,0.247075,0,0.261406,400,0
0.7,0.3,1,3000,0,0.255875,0,0.24775,0,0.261819,0,0.234556,400,0
0.7,0.3,1,5000,0,0.239187,0,0.269769,0,0.258537,0,0.232506,400,0
0.7,0.3,1,7000,0,0.258694,0,0.252094,0,0.251088,0,0.238125,400,0
0.7,0.3,1,10000,0,0.259675,0,0.240269,0,0.252681,0,0.247375,400,0
0.7,0.3,1,25000,0,0.2435,0,0.259,0,0.245031,0,0.252469,400,0
0.7,0.3,1,50000,0,0.255894,0,0.260331,0,0.240681,0,0.243094,400,0
0.7,0.3,1,100000,0,0.24415,0,0.250519,0,0.248831,0,0.2565,400,0
0.7,0.3,1,160000,0,0.226325,0,0.255094,0,0.252269,0,0.266313,400,0
0.7,0.3,1,0,0.12425,0.124469,0.1255,0.125325,0.125694,0.125087,0.12475,0.124925,400,0
0.7,0.3,1,1000,0,0.263506,0,0.23985,0,0.236662,0,0.259981,400,0
0.7,0.3,1,2000,0,0.241787,0,0.260156,0,0.246587,0,0.251469,400,0
0.7,0.3,1,3000,0,0.246469,0,0.247425,0,0.267219,0,0.238888,400,0
0.7,0.3,1,5000,0,0.247569,0,0.262281,0,0.24615,0,0.244,400,0
0.7,0.3,1,7000,0,0.227637,0,0.257081,0,0.250825,0,0.264456,400,0
0.7,0.3,1,10000,0,0.257819,0,0.240919,0,0.255688,0,0.245575,400,0
0.7,0.3,1,25000,0,0.241744,0,0.247544,0,0.268106,0,0.242606,400,0
0.7,0.3,1,50000,0,0.2396,0,0.260656,0,0.250969,0,0.248775,400,0
0.7,0.3,1,100000,0,0.255975,0,0.258844,0,0.2359,0,0.249281,400,0
0.7,0.3,1,160000,0,0.268456,0,0.242675,0,0.241319,0,0.24755,400,0
0.7,0.35,1,0,0.125512,0.124694,0.125512,0.125669,0.124225,0.12545,0.125431,0.123506,400,0
0.7,0.35,1,1000,0,0.249669,0,0.240756,0,0.248312,0,0.261263,400,0
0.7,0.35,1,2000,0,0.267394,0,0.2595,0,0.230881,0,0.242225,400,0
0.7,0.35,1,3000,0,0.248825,0,0.266387,0,0.238831,0,0.245956,400,0
0.7,0.35,1,5000,0,0.254419,0,0.250394,0,0.235381,0,0.259806,400,0
0.7,0.35,1,7000,0,0.273888,0,0.240344,0,0.246619,0,0.23915,400,0
0.7,0.35,1,10000,0,0.258062,0,0.238356,0,0.248956,0,0.254625,400,0
0.7,0.35,1,25000,0,0.254163,0,0.242663,0,0.249969,0,0.253206,400,0
0.7,0.35,1,50000,0,0.272888,0,0.237756,0,0.234894,0,0.254462,400,0
0.7,0.35,1,100000,0,0.230675,0,0.264806,0,0.249581,0,0.254937,400,0
0.7,0.35,1,160000,0,0.266575,0,0.242125,0,0.226625,0,0.264675,400,0
0.7,0.35,1,0,0.125675,0.126481,0.123863,0.124912,0.123637,0.126625,0.124619,0.124188,400,0
0.7,0.35,1,1000,0,0.255063,0,0.249094,0,0.240475,0,0.255369,400,0
0.7,0.35,1,2000,0,0.247275,0,0.249856,0,0.245469,0,0.2574,400,0
0.7,0.35,1,3000,0,0.24545,0,0.255806,0,0.243388,0,0.255356,400,0
0.7,0.35,1,5000,0,0.244688,0,0.265669,0,0.253394,0,0.23625,400,0
0.7,0.35,1,7000,0,0.260962,0,0.237388,0,0.245831,0,0.255819,400,0
0.7,0.35,1,10000,0,0.263244,0,0.246613,0,0.239012,0,0.251131,400,0
0.7,0.35,1,25000,0,0.251937,0,0.269112,0,0.238525,0,0.240425,400,0
0.7,0.35,1,50000,0,0.249981,0,0.231656,0,0.25575,0,0.262613,400,0
0.7,0.35,1,100000,0,0.248369,0,0.24345,0,0.257025,0,0.251156,400,0
0.7,0.35,1,160000,0,0.261125,0,0.241775,0,0.249069,0,0.248031,400,0
0.7,0.4,1,0,0.12395,0.126525,0.125694,0.125756,0.125331,0.123931,0.125106,0.123706,400,0
0.7,0.4,1,1000,0,0.243069,0,0.260931,0,0.242512,0,0.253487,400,0
0.7,0.4,1,2000,0,0.250844,0,0.248862,0,0.246163,0,0.254131,400,0
0.7,0.4,1,3000,0,0.246194,0,0.26175,0,0.24775,0,0.244306,400,0
0.7,0.4,1,5000,0,0.248825,0,0.265688,0,0.244962,0,0.240525,400,0
0.7,0.4,1,7000,0,0.234644,0,0.243175,0,0.245044,0,0.277137,400,0
0.7,0.4,1,10000,0,0.253238,0,0.242638,0,0.246787,0,0.257337,400,0
0.7,0.4,1,25000,0,0.263169,0,0.231131,0,0.251431,0,0.254269,400,0
0.7,0.4,1,50000,0,0.24805,0,0.245631,0,0.269044,0,0.237275,400,0
0.7,0.4,1,100000,0,0.240594,0,0.252356,0,0.263975,0,0.243075,400,0
0.7,0.4,1,160000,0,0.240981,0,0.2599,0,0.246294,0,0.252825,400,0
0.7,0.4,1,0,0.125213,0.125069,0.125606,0.126006,0.124206,0.125119,0.12535,0.123431,400,0
0.7,0.4,1,1000,0,0.245969,0,0.23785,0,0.264631,0,0.25155,400,0
0.7,0.4,1,2000,0,0.240806,0,0.256056,0,0.255306,0,0.247831,400,0
0.7,0.4,1,3000,0,0.253081,0,0.252056,0,0.23995,0,0.254912,400,0
0.7,0.4,1,5000,0,0.249488,0,0.251038,0,0.241,0,0.258475,400,0
0.7,0.4,1,7000,0,0.247956,0,0.238681,0,0.244944,0,0.268419,400,0
0.7,0.4,1,10000,0,0.241506,0,0.263819,0,0.262587,0,0.232088,400,0
0.7,0.4,1,25000,0,0.25015,0,0.245487,0,0.252437,0,0.251925,400,0
0.7,0.4,1,50000,0,0.242256,0,0.264981,0,0.258925,0,0.233838,400,0
0.7,0.4,1,100000,0,0.256881,0,0.245138,0,0.235244,0,0.262738,400,0
0.7,0.4,1,160000,0,0.253294,0,0.256044,0,0.233056,0,0.257606,400,0
0.7,0.45,1,0,0.123419,0.125769,0.126463,0.125875,0.124775,0.124563,0.123387,0.12575,400,0
0.7,0.45,1,1000,0,0.253319,0,0.24015,0,0.259344,0,0.247188,400,0
0.7,0.45,1,2000,0,0.260006,0,0.252862,0,0.247875,0,0.239256,400,0
0.7,0.45,1,3000,0,0.247269,0,0.252956,0,0.264769,0,0.235006,400,0
0.7,0.45,1,5000,0,0.259856,0,0.233056,0,0.243512,0,0.263575,400,0
0.7,0.45,1,7000,0,0.245625,0,0.2576,0,0.250025,0,0.24675,400,0
0.7,0.45,1,10000,0,0.229425,0,0.259669,0,0.253719,0,0.257188,400,0
0.7,0.45,1,25000,0,0.243375,0,0.243737,0,0.272525,0,0.240363,400,0
0.7,0.45,1,50000,0,0.251256,0,0.2632,0,0.252275,0,0.233269,400,0
0.7,0.45,1,100000,0,0.245175,0,0.254825,0,0.248738,0,0.251262,400,0
0.7,0.45,1,160000,0,0.232725,0,0.248056,0,0.264713,0,0.254506,400,0
0.7,0.45,1,0,0.125269,0.124131,0.1245,0.125094,0.125138,0.124375,0.124819,0.126675,400,0
0.7,0.45,1,1000,0,0.24895,0,0.259919,0,0.234219,0,0.256912,400,0
0.7,0.45,1,2000,0,0.252794,0,0.253456,0,0.242075,0,0.251675,400,0
0.7,0.45,1,3000,0,0.255969,0,0.241406,0,0.263594,0,0.239031,400,0
0.7,0.45,1,5000,0,0.241731,0,0.242581,0,0.251987,0,0.2637,400,0
0.7,0.45,1,7000,0,0.284269,0,0.232969,0,0.229756,0,0.253006,400,0
0.7,0.45,1,10000,0,0.245756,0,0.246044,0,0.265181,0,0.243019,400,0
0.7,0.45,1,25000,0,0.256494,0,0.249663,0,0.239663,0,0.254181,400,0
0.7,0.45,1,50000,0,0.25565,0,0.258694,0,0.253756,0,0.2319,400,0
0.7,0.45,1,100000,0,0.248175,0,0.245519,0,0.253138,0,0.253169,400,0
0.7,0.45,1,160000,0,0.247875,0,0.245531,0,0.249337,0,0.257256,400,0
0.7,0.5,1,0,0.125125,0.1234,0.125319,0.123313,0.126694,0.123594,0.1257,0.126856,400,0
0.7,0.5,1,1000,0,0.245319,0,0.243312,0,0.261606,0,0.249762,400,0
0.7,0.5,1,2000,0,0.255037,0,0.255844,0,0.249988,0,0.239131,400,0
0.7,0.5,1,3000,0,0.253169,0,0.232338,0,0.257,0,0.257494,400,0
0.7,0.5,1,5000,0,0.254081,0,0.257256,0,0.251588,0,0.237075,400,0
0.7,0.5,1,7000,0,0.246319,0,0.2419,0,0.254775,0,0.257006,400,0
0.7,0.5,1,10000,0,0.271888,0,0.254431,0,0.235081,0,0.2386,400,0
0.7,0.5,1,25000,0,0.274419,0,0.236869,0,0.254825,0,0.233887,400,0
0.7,0.5,1,50000,0,0.256119,0,0.260113,0,0.246737,0,0.237031,400,0
0.7,0.5,1,100000,0,0.257738,0,0.2416,0,0.254369,0,0.246294,400,0
0.7,0.5,1,160000,0,0.245994,0,0.250812,0,0.258887,0,0.244306,400,0
0.7,0.5,1,0,0.125844,0.124787,0.124988,0.125731,0.124906,0.123875,0.124406,0.125463,400,0
0.7,0.5,1,1000,0,0.259313,0,0.245888,0,0.241694,0,0.253106,400,0
0.7,0.5,1,2000,0,0.250906,0,0.248506,0,0.253375,0,0.247213,400,0
0.7,0.5,1,3000,0,0.254719,0,0.2614,0,0.242613,0,0.241269,400,0
0.7,0.5,1,5000,0,0.250113,0,0.251244,0,0.256875,0,0.241769,400,0
0.7,0.5,1,7000,0,0.25105,0,0.237288,0,0.2541,0,0.257563,400,0
0.7,0.5,1,10000,0,0.243569,0,0.263569,0,0.245275,0,0.247587,400,0
0.7,0.5,1,25000,0,0.256862,0,0.239675,0,0.248325,0,0.255138,400,0
0.7,0.5,1,50000,0,0.236875,0,0.268525,0,0.254538,0,0.240063,400,0
0.7,0.5,1,100000,0,0.257138,0,0.244725,0,0.239369,0,0.258769,400,0
0.7,0.5,1,160000,0,0.251312,0,0.251713,0,0.257962,0,0.239012,400,0
0.7,0.55,1,0,0.123669,0.1262,0.124425,0.123881,0.125862,0.125537,0.125362,0.125062,400,0
0.7,0.55,1,1000,0,0.246181,0,0.253031,0,0.257456,0,0.243331,400,0
0.7,0.55,1,2000,0,0.241175,0,0.259281,0,0.255756,0,0.243787,400,0
0.7,0.55,1,3000,0,0.262544,0,0.238681,0,0.243588,0,0.255188,400,0
0.7,0.55,1,5000,0,0.2387,0,0.239563,0,0.256537,0,0.2652,400,0
0.7,0.55,1,7000,0,0.247069,0,0.243369,0,0.248888,0,0.260675,400,0
0.7,0.55,1,10000,0,0.245231,0,0.251094,0,0.246769,0,0.256906,400,0
0.7,0.55,1,25000,0,0.235406,0,0.25405,0,0.260875,0,0.249669,400,0
0.7,0.55,1,50000,0,0.253919,0,0.253025,0,0.245463,0,0.247594,400,0
0.7,0.55,1,100000,0,0.250688,0,0.25115,0,0.250588,0,0.247575,400,0
0.7,0.55,1,160000,0,0.245356,0,0.2496,0,0.250213,0,0.254831,400,0
0.7,0.55,1,0,0.1256,0.12355,0.125638,0.125056,0.125713,0.123975,0.12575,0.124719,400,0
0.7,0.55,1,1000,0,0.230225,0,0.253181,0,0.249556,0,0.267037,400,0
0.7,0.55,1,2000,0,0.242569,0,0.25265,0,0.256819,0,0.247963,400,0
0.7,0.55,1,3000,0,0.243669,0,0.247894,0,0.256569,0,0.251869,400,0
0.7,0.55,1,5000,0,0.2604,0,0.242644,0,0.236306,0,0.26065,400,0
0.7,0.55,1,7000,0,0.260912,0,0.253644,0,0.241744,0,0.2437,400,0
0.7,0.55,1,10000,0,0.246231,0,0.218875,0,0.262556,0,0.272338,400,0
0.7,0.55,1,25000,0,0.251044,0,0.246069,0,0.245425,0,0.257462,400,0
0.7,0.55,1,50000,0,0.255987,0,0.246981,0,0.246631,0,0.2504,400,0
0.7,0.55,1,100000,0,0.238119,0,0.266775,0,0.254425,0,0.240681,400,0
0.7,0.55,1,160000,0,0.251025,0,0.256419,0,0.250994,0,0.241563,400,0
0.7,0.6,1,0,0.12575,0.124787,0.125787,0.125081,0.126506,0.124519,0.123906,0.123662,400,0
0.7,0.6,1,1000,0,0.249612,0,0.235813,0,0.251656,0,0.262919,400,0
0.7,0.6,1,2000,0,0.228181,0,0.251781,0,0.261606,0,0.258431,400,0
0.7,0.6,1,3000,0,0.269444,0,0.234731,0,0.25695,0,0.238875,400,0
0.7,0.6,1,5000,0,0.25185,0,0.240787,0,0.260194,0,0.247169,400,0
0.7,0.6,1,7000,0,0.254931,0,0.237306,0,0.242269,0,0.265494,400,0
0.7,0.6,1,10000,0,0.246356,0,0.24985,0,0.258869,0,0.244925,400,0
0.7,0.6,1,25000,0,0.247706,0,0.24495,0,0.253337,0,0.254006,400,0
0.7,0.6,1,50000,0,0.246994,0,0.262037,0,0.254763,0,0.236206,400,0
0.7,0.6,1,100000,0,0.2372,0,0.249156,0,0.255138,0,0.258506,400,0
0.7,0.6,1,160000,0,0.240088,0,0.241487,0,0.262056,0,0.256369,400,0
0.7,0.6,1,0,0.1258,0.125269,0.125663,0.124662,0.124319,0.125287,0.124431,0.124569,400,0
0.7,0.6,1,1000,0,0.266112,0,0.250869,0,0.230769,0,0.25225,400,0
0.7,0.6,1,2000,0,0.242613,0,0.256012,0,0.258656,0,0.242719,400,0
0.7,0.6,1,3000,0,0.24715,0,0.240819,0,0.259994,0,0.252038,400,0
0.7,0.6,1,5000,0,0.243506,0,0.254331,0,0.2425,0,0.259663,400,0
0.7,0.6,1,7000,0,0.227887,0,0.252263,0,0.251912,0,0.267937,400,0
0.7,0.6,1,10000,0,0.253213,0,0.250731,0,0.2603,0,0.235756,400,0
0.7,0.6,1,25000,0,0.253456,0,0.257312,0,0.261738,0,0.227494,400,0
0.7,0.6,1,50000,0,0.245769,0,0.245519,0,0.250969,0,0.257744,400,0
0.7,0.6,1,100000,0,0.247225,0,0.250731,0,0.255719,0,0.246325,400,0
0.7,0.6,1,160000,0,0.237406,0,0.250787,0,0.264669,0,0.247138,400,0
0.7,0.65,1,0,0.125975,0.124213,0.124769,0.12465,0.124394,0.124162,0.125506,0.126331,400,0
0.7,0.65,1,1000,0,0.2337,0,0.251531,0,0.261031,0,0.253738,400,0
0.7,0.65,1,2000,0,0.245219,0,0.252344,0,0.252075,0,0.250362,400,0
0.7,0.65,1,3000,0,0.258169,0,0.263819,0,0.240356,0,0.237656,400,0
0.7,0.65,1,5000,0,0.254219,0,0.245406,0,0.25375,0,0.246625,400,0
0.7,0.65,1,7000,0,0.270987,0,0.254688,0,0.242712,0,0.231612,400,0
0.7,0.65,1,10000,0,0.249075,0,0.254444,0,0.253594,0,0.242888,400,0
0.7,0.65,1,25000,0,0.247062,0,0.249925,0,0.255163,0,0.24785,400,0
0.7,0.65,1,50000,0,0.251731,0,0.264669,0,0.244581,0,0.239019,400,0
0.7,0.65,1,100000,0,0.271263,0,0.239075,0,0.235231,0,0.254431,400,0
0.7,0.65,1,160000,0,0.259744,0,0.248194,0,0.238394,0,0.253669,400,0
0.7,0.65,1,0,0.124569,0.1261,0.124213,0.124931,0.125556,0.123931,0.124631,0.126069,400,0
0.7,0.65,1,1000,0,0.245225,0,0.228788,0,0.261987,0,0.264,400,0
0.7,0.65,1,2000,0,0.258238,0,0.248831,0,0.237937,0,0.254994,400,0
0.7,0.65,1,3000,0,0.261206,0,0.247444,0,0.234475,0,0.256875,400,0
0.7,0.65,1,5000,0,0.242469,0,0.24805,0,0.262713,0,0.246769,400,0
0.7,0.65,1,7000,0,0.258663,0,0.249713,0,0.248938,0,0.242688,400,0
0.7,0.65,1,10000,0,0.262794,0,0.239994,0,0.242863,0,0.25435,400,0
0.7,0.65,1,25000,0,0.246512,0,0.252987,0,0.261594,0,0.238906,400,0
0.7,0.65,1,50000,0,0.24195,0,0.242925,0,0.257206,0,0.257919,400,0
0.7,0.65,1,100000,0,0.233194,0,0.2518,0,0.260106,0,0.2549,400,0
0.7,0.65,1,160000,0,0.239888,0,0.250912,0,0.257088,0,0.252113,400,0
0.7,0.7,1,0,0.126106,0.125281,0.125213,0.124081,0.126531,0.124025,0.123981,0.124781,400,0
0.7,0.7,1,1000,0,0.255937,0,0.262213,0,0.239225,0,0.242625,400,0
0.7,0.7,1,2000,0,0.262881,0,0.246231,0,0.241556,0,0.249331,400,0
0.7,0.7,1,3000,0,0.248819,0,0.248981,0,0.243875,0,0.258325,400,0
0.7,0.7,1,5000,0,0.247069,0,0.247037,0,0.246413,0,0.259481,400,0
0.7,0.7,1,7000,0,0.275175,0,0.2532,0,0.234206,0,0.237419,400,0
0.7,0.7,1,10000,0,0.237069,0,0.252406,0,0.263813,0,0.246713,400,0
0.7,0.7,1,25000,0,0.257675,0,0.250594,0,0.236288,0,0.255444,400,0
0.7,0.7,1,50000,0,0.247556,0,0.266319,0,0.246425,0,0.2397,400,0
0.7,0.7,1,100000,0,0.234556,0,0.253681,0,0.241756,0,0.270006,400,0
0.7,0.7,1,160000,0,0.247938,0,0.253487,0,0.2543,0,0.244275,400,0
0.7,0.7,1,0,0.124556,0.125531,0.125037,0.125419,0.123912,0.124688,0.125138,0.125719,400,0
0.7,0.7,1,1000,0,0.252106,0,0.2439,0,0.247981,0,0.256012,400,0
0.7,0.7,1,2000,0,0.235156,0,0.256825,0,0.257625,0,0.250394,400,0
0.7,0.7,1,3000,0,0.259362,0,0.252987,0,0.245875,0,0.241775,400,0
0.7,0.7,1,5000,0,0.249213,0,0.262269,0,0.249381,0,0.239138,400,0
0.7,0.7,1,7000,0,0.275288,0,0.239975,0,0.241969,0,0.242769,400,0
0.7,0.7,1,10000,0,0.252012,0,0.248913,0,0.250331,0,0.248744,400,0
0.7,0.7,1,25000,0,0.256894,0,0.253,0,0.243331,0,0.246775,400,0
0.7,0.7,1,50000,0,0.253169,0,0.246762,0,0.252713,0,0.247356,400,0
0.7,0.7,1,100000,0,0.242094,0,0.261744,0,0.253206,0,0.242956,400,0
0.7,0.7,1,160000,0,0.258663,0,0.2474,0,0.250906,0,0.243031,400,0
0.7,0.75,1,0,0.124119,0.125812,0.125681,0.125069,0.125656,0.123469,0.125781,0.124412,400,0
0.7,0.75,1,1000,0,0.250088,0,0.240687,0,0.256881,0,0.252344,400,0
0.7,0.75,1,2000,0,0.240519,0,0.245344,0,0.26565,0,0.248488,400,0
0.7,0.75,1,3000,0,0.2518,0,0.255631,0,0.251769,0,0.2408,400,0
0.7,0.75,1,5000,0,0.239056,0,0.2531,0,0.256181,0,0.251663,400,0
0.7,0.75,1,7000,0,0.248138,0,0.253969,0,0.246481,0,0.251412,400,0
0.7,0.75,1,10000,0,0.253287,0,0.253519,0,0.24145,0,0.251744,400,0
0.7,0.75,1,25000,0,0.260887,0,0.2595,0,0.241525,0,0.238088,400,0
0.7,0.75,1,50000,0,0.251581,0,0.2451,0,0.2514,0,0.251919,400,0
0.7,0.75,1,100000,0,0.263738,0,0.244787,0,0.241681,0,0.249794,400,0
0.7,0.75,1,160000,0,0.255638,0,0.253188,0,0.251331,0,0.239844,400,0
0.7,0.75,1,0,0.124906,0.125244,0.124725,0.125012,0.125575,0.124406,0.124781,0.12535,400,0
0.7,0.75,1,1000,0,0.244144,0,0.256944,0,0.242138,0,0.256775,400,0
0.7,0.75,1,2000,0,0.259481,0,0.247031,0,0.253869,0,0.239619,400,0
0.7,0.75,1,3000,0,0.244744,0,0.242938,0,0.26015,0,0.252169,400,0
0.7,0.75,1,5000,0,0.257113,0,0.251581,0,0.253981,0,0.237325,400,0
0.7,0.75,1,7000,0,0.2496,0,0.248388,0,0.247625,0,0.254387,400,0
0.7,0.75,1,10000,0,0.259412,0,0.240244,0,0.247244,0,0.2531,400,0
0.7,0.75,1,25000,0,0.239388,0,0.253519,0,0.237794,0,0.2693,400,0
0.7,0.75,1,50000,0,0.24395,0,0.249931,0,0.263138,0,0.242981,400,0
0.7,0.75,1,100000,0,0.267156,0,0.250875,0,0.240325,0,0.241644,400,0
0.7,0.75,1,160000,0,0.252738,0,0.246737,0,0.251475,0,0.24905,400,0
0.7,0.8,1,0,0.123606,0.124806,0.125581,0.123912,0.1244,0.125913,0.125256,0.126525,400,0
0.7,0.8,1,1000,0,0.244419,0,0.272956,0,0.243737,0,0.238888,400,0
0.7,0.8,1,2000,0,0.249256,0,0.258462,0,0.255894,0,0.236388,400,0
0.7,0.8,1,3000,0,0.240113,0,0.24955,0,0.258731,0,0.251606,400,0
0.7,0.8,1,5000,0,0.257294,0,0.230494,0,0.251556,0,0.260656,400,0
0.7,0.8,1,7000,0,0.256719,0,0.2589,0,0.245163,0,0.239219,400,0
0.7,0.8,1,10000,0,0.245406,0,0.248125,0,0.2515,0,0.254969,400,0
0.7,0.8,1,25000,0,0.248587,0,0.250875,0,0.239081,0,0.261456,400,0
0.7,0.8,1,50000,0,0.235381,0,0.252225,0,0.265831,0,0.246562,400,0
0.7,0.8,1,100000,0,0.251113,0,0.248812,0,0.250344,0,0.249731,400,0
0.7,0.8,1,160000,0,0.252506,0,0.245512,0,0.243894,0,0.258088,400,0
0.7,0.8,1,0,0.124844,0.126037,0.124588,0.125312,0.125344,0.126087,0.124631,0.123156,400,0
0.7,0.8,1,1000,0,0.250644,0,0.249106,0,0.251775,0,0.248475,400,0
0.7,0.8,1,2000,0,0.244819,0,0.248319,0,0.253106,0,0.253756,400,0
0.7,0.8,1,3000,0,0.273044,0,0.227437,0,0.247744,0,0.251775,400,0
0.7,0.8,1,5000,0,0.240356,0,0.258244,0,0.250331,0,0.251069,400,0
0.7,0.8,1,7000,0,0.247225,0,0.2604,0,0.241737,0,0.250638,400,0
0.7,0.8,1,10000,0,0.238931,0,0.251319,0,0.243356,0,0.266394,400,0
0.7,0.8,1,25000,0,0.239675,0,0.238906,0,0.264619,0,0.2568,400,0
0.7,0.8,1,50000,0,0.243019,0,0.256887,0,0.25995,0,0.240144,400,0
0.7,0.8,1,100000,0,0.251231,0,0.253912,0,0.256263,0,0.238594,400,0
0.7,0.8,1,160000,0,0.254056,0,0.2507,0,0.251038,0,0.244206,400,0
0.7,0.85,1,0,0.123387,0.125844,0.124925,0.126188,0.124725,0.124563,0.1246,0.125769,400,0
0.7,0.85,1,1000,0,0.251312,0,0.262775,0,0.253206,0,0.232706,400,0
0.7,0.85,1,2000,0,0.24305,0,0.2536,0,0.232838,0,0.270512,400,0
0.7,0.85,1,3000,0,0.263037,0,0.253519,0,0.242631,0,0.240813,400,0
0.7,0.85,1,5000,0,0.252987,0,0.249119,0,0.243919,0,0.253975,400,0
0.7,0.85,1,7000,0,0.252344,0,0.25725,0,0.243669,0,0.246737,400,0
0.7,0.85,1,10000,0,0.262875,0,0.266469,0,0.226525,0,0.244131,400,0
0.7,0.85,1,25000,0,0.254181,0,0.244062,0,0.249163,0,0.252594,400,0
0.7,0.85,1,50000,0,0.264106,0,0.244875,0,0.252456,0,0.238563,400,0
0.7,0.85,1,100000,0,0.250244,0,0.25115,0,0.249244,0,0.249362,400,0
0.7,0.85,1,160000,0,0.243056,0,0.25965,0,0.254012,0,0.243281,400,0
0.7,0.85,1,0,0.126612,0.124575,0.1237,0.123825,0.126281,0.125587,0.124519,0.1249,400,0
0.7,0.85,1,1000,0,0.24985,0,0.25035,0,0.253606,0,0.246194,400,0
0.7,0.85,1,2000,0,0.241744,0,0.25485,0,0.249262,0,0.254144,400,0
0.7,0.85,1,3000,0,0.255537,0,0.2628,0,0.243606,0,0.238056,400,0
0.7,0.85,1,5000,0,0.256781,0,0.243106,0,0.248888,0,0.251225,400,0
0.7,0.85,1,7000,0,0.242575,0,0.264619,0,0.253875,0,0.238931,400,0
0.7,0.85,1,10000,0,0.264819,0,0.256812,0,0.213875,0,0.264494,400,0
0.7,0.85,1,25000,0,0.233931,0,0.2546,0,0.2563,0,0.255169,400,0
0.7,0.85,1,50000,0,0.235644,0,0.252025,0,0.258688,0,0.253644,400,0
0.7,0.85,1,100000,0,0.256869,0,0.246606,0,0.252681,0,0.243844,400,0
0.7,0.85,1,160000,0,0.254669,0,0.245069,0,0.235469,0,0.264794,400,0
0.7,0.9,1,0,0.124875,0.126319,0.125719,0.126144,0.124069,0.124056,0.124162,0.124656,400,0
0.7,0.9,1,1000,0,0.245594,0,0.244806,0,0.259544,0,0.250056,400,0
0.7,0.9,1,2000,0,0.2523,0,0.252944,0,0.245938,0,0.248819,400,0
0.7,0.9,1,3000,0,0.249663,0,0.262081,0,0.244894,0,0.243363,400,0
0.7,0.9,1,5000,0,0.260225,0,0.236881,0,0.250513,0,0.252381,400,0
0.7,0.9,1,7000,0,0.25435,0,0.230144,0,0.256125,0,0.259381,400,0
0.7,0.9,1,10000,0,0.2436,0,0.245456,0,0.242812,0,0.268131,400,0
0.7,0.9,1,25000,0,0.237675,0,0.271669,0,0.24565,0,0.245006,400,0
0.7,0.9,1,50000,0,0.249769,0,0.257181,0,0.242925,0,0.250125,400,0
0.7,0.9,1,100000,0,0.253194,0,0.247856,0,0.259544,0,0.239406,400,0
0.7,0.9,1,160000,0,0.239813,0,0.2727,0,0.258125,0,0.229362,400,0
0.7,0.9,1,0,0.125075,0.124,0.124481,0.12595,0.126606,0.125238,0.123431,0.125219,400,0
0.7,0.9,1,1000,0,0.245544,0,0.254369,0,0.248825,0,0.251262,400,0
0.7,0.9,1,2000,0,0.258556,0,0.230981,0,0.244487,0,0.265975,400,0
0.7,0.9,1,3000,0,0.252456,0,0.253962,0,0.244338,0,0.249244,400,0
0.7,0.9,1,5000,0,0.238019,0,0.256912,0,0.2567,0,0.248369,400,0
0.7,0.9,1,7000,0,0.250462,0,0.266863,0,0.227087,0,0.255588,400,0
0.7,0.9,1,10000,0,0.251987,0,0.244506,0,0.2587,0,0.244806,400,0
0.7,0.9,1,25000,0,0.2676,0,0.2583,0,0.252437,0,0.221663,400,0
0.7,0.9,1,50000,0,0.252519,0,0.229044,0,0.251262,0,0.267175,400,0
0.7,0.9,1,100000,0,0.234544,0,0.247587,0,0.258256,0,0.259613,400,0
0.7,0.9,1,160000,0,0.231031,0,0.2573,0,0.256725,0,0.254944,400,0
0.7,0.95,1,0,0.125569,0.125844,0.12445,0.123863,0.124113,0.126163,0.125644,0.124356,400,0
0.7,0.95,1,1000,0,0.253837,0,0.247587,0,0.260006,0,0.238569,400,0
0.7,0.95,1,2000,0,0.247381,0,0.256931,0,0.25465,0,0.241037,400,0
0.7,0.95,1,3000,0,0.242356,0,0.240187,0,0.256075,0,0.261381,400,0
0.7,0.95,1,5000,0,0.258031,0,0.248488,0,0.2523,0,0.241181,400,0
0.7,0.95,1,7000,0,0.23335,0,0.239819,0,0.261044,0,0.265788,400,0
0.7,0.95,1,10000,0,0.257925,0,0.245481,0,0.245044,0,0.25155,400,0
0.7,0.95,1,25000,0,0.249081,0,0.249144,0,0.250619,0,0.251156,400,0
0.7,0.95,1,50000,0,0.25705,0,0.251125,0,0.253469,0,0.238356,400,0
0.7,0.95,1,100000,0,0.237662,0,0.246506,0,0.257294,0,0.258537,400,0
0.7,0.95,1,160000,0,0.240575,0,0.249831,0,0.262375,0,0.247219,400,0
0.7,0.95,1,0,0.124738,0.123675,0.12335,0.1258,0.125312,0.125706,0.1261,0.125319,400,0
0.7,0.95,1,1000,0,0.23965,0,0.251487,0,0.251125,0,0.257738,400,0
0.7,0.95,1,2000,0,0.255019,0,0.258144,0,0.244856,0,0.241981,400,0
0.7,0.95,1,3000,0,0.266225,0,0.245844,0,0.234725,0,0.253206,400,0
0.7,0.95,1,5000,0,0.25535,0,0.258356,0,0.247844,0,0.23845,400,0
0.7,0.95,1,7000,0,0.249337,0,0.248131,0,0.256138,0,0.246394,400,0
0.7,0.95,1,10000,0,0.270906,0,0.242231,0,0.241625,0,0.245237,400,0
0.7,0.95,1,25000,0,0.250337,0,0.24715,0,0.25015,0,0.252362,400,0
0.7,0.95,1,50000,0,0.240638,0,0.243037,0,0.264594,0,0.251731,400,0
0.7,0.95,1,100000,0,0.237775,0,0.229244,0,0.259613,0,0.273369,400,0
0.7,0.95,1,160000,0,0.259194,0,0.248731,0,0.251225,0,0.24085,400,0
0.7,1,1,0,0.124594,0.126663,0.124912,0.12365,0.124469,0.124631,0.125494,0.125587,400,0
0.7,1,1,1000,0,0.233481,0,0.257806,0,0.252931,0,0.255781,400,0
0.7,1,1,2000,0,0.250075,0,0.252287,0,0.253412,0,0.244225,400,0
0.7,1,1,3000,0,0.245875,0,0.259831,0,0.244244,0,0.25005,400,0
0.7,1,1,5000,0,0.230269,0,0.2614,0,0.251919,0,0.256412,400,0
0.7,1,1,7000,0,0.262156,0,0.240187,0,0.238669,0,0.258987,400,0
0.7,1,1,10000,0,0.247025,0,0.251144,0,0.244006,0,0.257825,400,0
0.7,1,1,25000,0,0.256394,0,0.256994,0,0.243562,0,0.24305,400,0
0.7,1,1,50000,0,0.249819,0,0.253063,0,0.250975,0,0.246144,400,0
0.7,1,1,100000,0,0.264219,0,0.24075,0,0.240237,0,0.254794,400,0
0.7,1,1,160000,0,0.250969,0,0.233281,0,0.248919,0,0.266831,400,0
0.7,1,1,0,0.124156,0.123819,0.126656,0.124231,0.125356,0.124544,0.125125,0.126112,400,0
0.7,1,1,1000,0,0.240494,0,0.245969,0,0.250869,0,0.262669,400,0
0.7,1,1,2000,0,0.256837,0,0.253756,0,0.257069,0,0.232338,400,0
0.7,1,1,3000,0,0.237906,0,0.251044,0,0.2573,0,0.25375,400,0
0.7,1,1,5000,0,0.251331,0,0.248913,0,0.2506,0,0.249156,400,0
0.7,1,1,7000,0,0.249988,0,0.249244,0,0.270225,0,0.230544,400,0
0.7,1,1,10000,0,0.262394,0,0.257394,0,0.224094,0,0.256119,400,0
0.7,1,1,25000,0,0.2597,0,0.246375,0,0.235769,0,0.258156,400,0
0.7,1,1,50000,0,0.257188,0,0.244188,0,0.250556,0,0.248069,400,0
0.7,1,1,100000,0,0.234375,0,0.260231,0,0.269431,0,0.235962,400,0
0.7,1,1,160000,0,0.256088,0,0.247987,0,0.2433,0,0.252625,400,0
0.75,0,1,0,0.125106,0.123406,0.12625,0.124869,0.124662,0.124969,0.123944,0.126794,400,0
0.75,0,1,1000,0.0870875,0.145025,0.090875,0.155969,0.0963625,0.152287,0.103319,0.169075,400,0
0.75,0,1,2000,0.0787188,0.166169,0.0801,0.170781,0.0823312,0.170594,0.0740937,0.177212,400,0
0.75,0,1,3000,0.0770688,0.171275,0.0951375,0.164669,0.0774875,0.150319,0.0873,0.176744,400,0
0.75,0,1,5000,0.066075,0.190419,0.0482438,0.19735,0.0611375,0.189844,0.0544437,0.192488,400,0
0.75,0,1,7000,0.0402625,0.208594,0.041025,0.207931,0.0407312,0.205613,0.043225,0.212619,400,0
0.75,0,1,10000,0.0226937,0.22705,0.0243562,0.226075,0.0195437,0.20875,0.0200437,0.251487,400,0
0.75,0,1,25000,0,0.233406,0,0.252138,0,0.263362,0,0.251094,400,0
0.75,0,1,50000,0,0.235269,0,0.255375,0,0.251925,0,0.257431,400,0
0.75,0,1,100000,0,0.255775,0,0.241181,0,0.250419,0,0.252625,400,0
0.75,0,1,160000,0,0.253387,0,0.260294,0,0.243512,0,0.242806,400,0
0.75,0,1,0,0.124681,0.1254,0.123756,0.124756,0.124319,0.1268,0.125156,0.125131,400,0
0.75,0,1,1000,0.101994,0.139556,0.120025,0.138444,0.116231,0.13685,0.101981,0.144919,400,0
0.75,0,1,2000,0.0958688,0.162231,0.0834125,0.1681,0.0915375,0.147937,0.0844812,0.166431,400,0
0.75,0,1,3000,0.0817563,0.177462,0.087075,0.159131,0.082475,0.164356,0.0802188,0.167525,400,0
0.75,0,1,5000,0.0576875,0.173462,0.0507688,0.207275,0.051575,0.198013,0.061,0.200219,400,0
0.75,0,1,7000,0.0270625,0.221344,0.0340437,0.22655,0.0246812,0.21755,0.0255063,0.223263,400,0
0.75,0,1,10000,0,0.245769,0,0.265263,0,0.24195,0,0.247019,400,0
0.75,0,1,25000,0,0.248525,0,0.253019,0,0.261006,0,0.23745,400,0
0.75,0,1,50000,0,0.248044,0,0.253837,0,0.250225,0,0.247894,400,0
0.75,0,1,100000,0,0.259987,0,0.246544,0,0.247825,0,0.245644,400,0
0.75,0,1,160000,0,0.259425,0,0.24905,0,0.250581,0,0.240944,400,0
0.75,0.05,1,0,0.125169,0.125306,0.1246,0.124419,0.126169,0.124575,0.125031,0.124731,400,0
0.75,0.05,1,1000,0.0113563,0.252719,0.009575,0.231488,0.010325,0.226525,0.0098,0.248213,400,0
0.75,0.05,1,2000,0,0.249225,0,0.234937,0,0.255862,0,0.259975,400,0
0.75,0.05,1,3000,0,0.248287,0,0.268388,0,0.249325,0,0.234,400,0
0.75,0.05,1,5000,0,0.255794,0,0.24715,0,0.251163,0,0.245894,400,0
0.75,0.05,1,7000,0,0.244475,0,0.26065,0,0.250456,0,0.244419,400,0
0.75,0.05,1,10000,0,0.244781,0,0.25455,0,0.248463,0,0.252206,400,0
0.75,0.05,1,25000,0,0.263025,0,0.243075,0,0.246956,0,0.246944,400,0
0.75,0.05,1,50000,0,0.254544,0,0.243369,0,0.240325,0,0.261763,400,0
0.75,0.05,1,100000,0,0.243594,0,0.261919,0,0.253344,0,0.241144,400,0
0.75,0.05,1,160000,0,0.238906,0,0.242663,0,0.255419,0,0.263012,400,0
0.75,0.05,1,0,0.124375,0.12455,0.125044,0.125,0.126112,0.124813,0.124625,0.125481,400,0
0.75,0.05,1,1000,0.059625,0.191087,0.0668062,0.170656,0.065,0.194306,0.0619,0.190619,400,0
0.75,0.05,1,2000,0.0347625,0.225112,0.04265,0.218194,0.034125,0.196137,0.0337812,0.215237,400,0
0.75,0.05,1,3000,0.0240125,0.219506,0.028425,0.213737,0.0221187,0.229662,0.0306,0.231937,400,0
0.75,0.05,1,5000,0,0.247081,0,0.270587,0,0.239931,0,0.2424,400,0
0.75,0.05,1,7000,0,0.257663,0,0.242081,0,0.249337,0,0.250919,400,0
0.75,0.05,1,10000,0,0.252506,0,0.251025,0,0.25535,0,0.241119,400,0
0.75,0.05,1,25000,0,0.253325,0,0.243981,0,0.25505,0,0.247644,400,0
0.75,0.05,1,50000,0,0.240725,0,0.262788,0,0.238412,0,0.258075,400,0
0.75,0.05,1,100000,0,0.260881,0,0.239431,0,0.251812,0,0.247875,400,0
0.75,0.05,1,160000,0,0.254088,0,0.266625,0,0.239906,0,0.239381,400,0
0.75,0.1,1,0,0.124863,0.125306,0.124925,0.124531,0.124644,0.125638,0.127006,0.123088,400,0
0.75,0.1,1,1000,0.0428562,0.207706,0.0464125,0.213175,0.0420063,0.199875,0.0350875,0.212881,400,0
0.75,0.1,1,2000,0.0242188,0.221594,0.0146125,0.228925,0.0147063,0.239413,0.0156687,0.240863,400,0
0.75,0.1,1,3000,0.00289375,0.256219,0.0049625,0.255306,0.0049,0.247181,0.0034625,0.225075,400,0
0.75,0.1,1,5000,0,0.238925,0,0.231063,0,0.258788,0,0.271225,400,0
0.75,0.1,1,7000,0,0.234456,0,0.255625,0,0.255131,0,0.254788,400,0
0.75,0.1,1,10000,0,0.267788,0,0.249306,0,0.237356,0,0.24555,400,0
0.75,0.1,1,25000,0,0.234556,0,0.252794,0,0.251819,0,0.260831,400,0
0.75,0.1,1,50000,0,0.237669,0,0.24925,0,0.257031,0,0.25605,400,0
0.75,0.1,1,100000,0,0.254119,0,0.246719,0,0.232825,0,0.266338,400,0
0.75,0.1,1,160000,0,0.241194,0,0.251206,0,0.259981,0,0.247619,400,0
0.75,0.1,1,0,0.125469,0.124162,0.123406,0.125975,0.125375,0.12525,0.125625,0.124738,400,0
0.75,0.1,1,1000,0.0103938,0.259144,0.0074375,0.241944,0.00549375,0.228081,0.004575,0.242931,400,0
0.75,0.1,1,2000,0,0.261494,0,0.252944,0,0.25175,0,0.233813,400,0
0.75,0.1,1,3000,0,0.258975,0,0.247469,0,0.255844,0,0.237712,400,0
0.75,0.1,1,5000,0,0.254519,0,0.2604,0,0.242319,0,0.242762,400,0
0.75,0.1,1,7000,0,0.2271,0,0.270231,0,0.267931,0,0.234737,400,0
0.75,0.1,1,10000,0,0.242506,0,0.251394,0,0.251844,0,0.254256,400,0
0.75,0.1,1,25000,0,0.241169,0,0.251369,0,0.2522,0,0.255263,400,0
0.75,0.1,1,50000,0,0.258594,0,0.243925,0,0.246775,0,0.250706,400,0
0.75,0.1,1,100000,0,0.249463,0,0.258188,0,0.254525,0,0.237825,400,0
0.75,0.1,1,160000,0,0.251594,0,0.252181,0,0.248188,0,0.248037,400,0
0.75,0.15,1,0,0.126825,0.124137,0.124231,0.125031,0.124675,0.125481,0.123887,0.125731,400,0
0.75,0.15,1,1000,0.00223125,0.243413,0.00330625,0.254019,0.0027875,0.247562,0.00466875,0.242012,400,0
0.75,0.15,1,2000,0,0.241119,0,0.251225,0,0.258638,0,0.249019,400,0
0.75,0.15,1,3000,0,0.257044,0,0.247669,0,0.239725,0,0.255563,400,0
0.75,0.15,1,5000,0,0.241075,0,0.253244,0,0.243719,0,0.261962,400,0
0.75,0.15,1,7000,0,0.239169,0,0.242919,0,0.269719,0,0.248194,400,0
0.75,0.15,1,10000,0,0.244338,0,0.241594,0,0.256037,0,0.258031,400,0
0.75,0.15,1,25000,0,0.248931,0,0.251206,0,0.234419,0,0.265444,400,0
0.75,0.15,1,50000,0,0.247131,0,0.240262,0,0.256788,0,0.255819,400,0
0.75,0.15,1,100000,0,0.248569,0,0.264937,0,0.256069,0,0.230425,400,0
0.75,0.15,1,160000,0,0.262169,0,0.247844,0,0.238456,0,0.251531,400,0
0.75,0.15,1,0,0.124313,0.125425,0.124506,0.125669,0.125663,0.124838,0.125012,0.124575,400,0
0.75,0.15,1,1000,0.003475,0.242938,0.00178125,0.265075,0.001025,0.251306,0.00096875,0.233431,400,0
0.75,0.15,1,2000,0,0.252244,0,0.250362,0,0.2495,0,0.247894,400,0
0.75,0.15,1,3000,0,0.235756,0,0.249388,0,0.252506,0,0.26235,400,0
0.75,0.15,1,5000,0,0.2566,0,0.241744,0,0.238056,0,0.2636,400,0
0.75,0.15,1,7000,0,0.258394,0,0.243075,0,0.2624,0,0.236131,400,0
0.75,0.15,1,10000,0,0.268238,0,0.230462,0,0.25795,0,0.24335,400,0
0.75,0.15,1,25000,0,0.243075,0,0.255306,0,0.254213,0,0.247406,400,0
0.75,0.15,1,50000,0,0.239444,0,0.244287,0,0.252881,0,0.263387,400,0
0.75,0.15,1,100000,0,0.245919,0,0.242537,0,0.251756,0,0.259788,400,0
0.75,0.15,1,160000,0,0.235781,0,0.249713,0,0.248713,0,0.265794,400,0
0.75,0.2,1,0,0.124369,0.124775,0.124869,0.125388,0.124162,0.126469,0.125156,0.124813,400,0
0.75,0.2,1,1000,0,0.256706,0,0.259238,0,0.249469,0,0.234588,400,0
0.75,0.2,1,2000,0,0.240012,0,0.256012,0,0.2571,0,0.246875,400,0
0.75,0.2,1,3000,0,0.262356,0,0.259862,0,0.239481,0,0.2383,400,0
0.75,0.2,1,5000,0,0.241269,0,0.256962,0,0.25225,0,0.249519,400,0
0.75,0.2,1,7000,0,0.245819,0,0.256119,0,0.257387,0,0.240675,400,0
0.75,0.2,1,10000,0,0.237319,0,0.258931,0,0.259512,0,0.244237,400,0
0.75,0.2,1,25000,0,0.249844,0,0.2547,0,0.249025,0,0.246431,400,0
0.75,0.2,1,50000,0,0.241975,0,0.2463,0,0.255156,0,0.256569,400,0
0.75,0.2,1,100000,0,0.24625,0,0.245775,0,0.252219,0,0.255756,400,0
0.75,0.2,1,160000,0,0.264269,0,0.247913,0,0.247569,0,0.24025,400,0
0.75,0.2,1,0,0.1258,0.123819,0.124588,0.125081,0.124813,0.124262,0.126019,0.125619,400,0
0.75,0.2,1,1000,0,0.243031,0,0.251706,0,0.260619,0,0.244644,400,0
0.75,0.2,1,2000,0,0.256144,0,0.246525,0,0.246194,0,0.251138,400,0
0.75,0.2,1,3000,0,0.243613,0,0.247081,0,0.260263,0,0.249044,400,0
0.75,0.2,1,5000,0,0.253012,0,0.251481,0,0.2434,0,0.252106,400,0
0.75,0.2,1,7000,0,0.251987,0,0.247037,0,0.250231,0,0.250744,400,0
0.75,0.2,1,10000,0,0.244825,0,0.245956,0,0.2545,0,0.254719,400,0
0.75,0.2,1,25000,0,0.276,0,0.238481,0,0.242344,0,0.243175,400,0
0.75,0.2,1,50000,0,0.245694,0,0.245812,0,0.25475,0,0.253744,400,0
0.75,0.2,1,100000,0,0.26455,0,0.257663,0,0.225781,0,0.252006,400,0
0.75,0.2,1,160000,0,0.251444,0,0.255294,0,0.235212,0,0.25805,400,0
0.75,0.25,1,0,0.124738,0.125706,0.124744,0.123894,0.12495,0.126144,0.124794,0.125031,400,0
0.75,0.25,1,1000,0,0.236462,0,0.2459,0,0.266887,0,0.25075,400,0
0.75,0.25,1,2000,0,0.239475,0,0.239869,0,0.256531,0,0.264125,400,0
0.75,0.25,1,3000,0,0.248312,0,0.240913,0,0.254525,0,0.25625,400,0
0.75,0.25,1,5000,0,0.243512,0,0.258006,0,0.260975,0,0.237506,400,0
0.75,0.25,1,7000,0,0.2485,0,0.257788,0,0.241869,0,0.251844,400,0
0.75,0.25,1,10000,0,0.262338,0,0.234906,0,0.251075,0,0.251681,400,0
0.75,0.25,1,25000,0,0.238525,0,0.248631,0,0.267338,0,0.245506,400,0
0.75,0.25,1,50000,0,0.26145,0,0.249531,0,0.240869,0,0.24815,400,0
0.75,0.25,1,100000,0,0.244175,0,0.253063,0,0.249175,0,0.253588,400,0
0.75,0.25,1,160000,0,0.250069,0,0.248644,0,0.248719,0,0.252569,400,0
0.75,0.25,1,0,0.125044,0.1245,0.125112,0.124981,0.125269,0.125812,0.124231,0.12505,400,0
0.75,0.25,1,1000,0,0.240594,0,0.260694,0,0.248237,0,0.250475,400,0
0.75,0.25,1,2000,0,0.248606,0,0.245062,0,0.263081,0,0.24325,400,0
0.75,0.25,1,3000,0,0.242631,0,0.252119,0,0.257269,0,0.247981,400,0
0.75,0.25,1,5000,0,0.23745,0,0.245369,0,0.258556,0,0.258625,400,0
0.75,0.25,1,7000,0,0.251312,0,0.251981,0,0.249231,0,0.247475,400,0
0.75,0.25,1,10000,0,0.236162,0,0.259181,0,0.249944,0,0.254713,400,0
0.75,0.25,1,25000,0,0.262794,0,0.225069,0,0.254994,0,0.257144,400,0
0.75,0.25,1,50000,0,0.245837,0,0.241944,0,0.268475,0,0.243744,400,0
0.75,0.25,1,100000,0,0.237119,0,0.250563,0,0.252969,0,0.25935,400,0
0.75,0.25,1,160000,0,0.236431,0,0.269875,0,0.261562,0,0.232131,400,0
0.75,0.3,1,0,0.124644,0.1245,0.126769,0.124969,0.124338,0.125769,0.123912,0.1251,400,0
0.75,0.3,1,1000,0,0.246825,0,0.248713,0,0.251419,0,0.253044,400,0
0.75,0.3,1,2000,0,0.242969,0,0.243638,0,0.253719,0,0.259675,400,0
0.75,0.3,1,3000,0,0.247037,0,0.251194,0,0.241919,0,0.25985,400,0
0.75,0.3,1,5000,0,0.244181,0,0.2515,0,0.25925,0,0.245069,400,0
0.75,0.3,1,7000,0,0.253669,0,0.236881,0,0.244487,0,0.264962,400,0
0.75,0.3,1,10000,0,0.247837,0,0.250862,0,0.253588,0,0.247713,400,0
0.75,0.3,1,25000,0,0.254744,0,0.232331,0,0.249381,0,0.263544,400,0
0.75,0.3,1,50000,0,0.242312,0,0.258525,0,0.26005,0,0.239113,400,0
0.75,0.3,1,100000,0,0.242388,0,0.242769,0,0.2689,0,0.245944,400,0
0.75,0.3,1,160000,0,0.249631,0,0.245388,0,0.256462,0,0.248519,400,0
0.75,0.3,1,0,0.12575,0.124756,0.123369,0.126394,0.124256,0.124981,0.125094,0.1254,400,0
0.75,0.3,1,1000,0,0.237681,0,0.243712,0,0.256556,0,0.26205,400,0
0.75,0.3,1,2000,0,0.2582,0,0.256238,0,0.234244,0,0.251319,400,0
0.75,0.3,1,3000,0,0.2401,0,0.251356,0,0.2415,0,0.267044,400,0
0.75,0.3,1,5000,0,0.239731,0,0.251981,0,0.250856,0,0.257431,400,0
0.75,0.3,1,7000,0,0.243869,0,0.261056,0,0.234381,0,0.260694,400,0
0.75,0.3,1,10000,0,0.251763,0,0.247,0,0.251175,0,0.250063,400,0
0.75,0.3,1,25000,0,0.257819,0,0.2487,0,0.248056,0,0.245425,400,0
0.75,0.3,1,50000,0,0.26325,0,0.247312,0,0.26075,0,0.228687,400,0
0.75,0.3,1,100000,0,0.252987,0,0.247775,0,0.241388,0,0.25785,400,0
0.75,0.3,1,160000,0,0.249787,0,0.262562,0,0.238681,0,0.248969,400,0
0.75,0.35,1,0,0.127781,0.124975,0.125644,0.124563,0.122806,0.124019,0.125225,0.124988,400,0
0.75,0.35,1,1000,0,0.245931,0,0.242206,0,0.250956,0,0.260906,400,0
0.75,0.35,1,2000,0,0.233225,0,0.2603,0,0.249738,0,0.256738,400,0
0.75,0.35,1,3000,0,0.250337,0,0.245719,0,0.246419,0,0.257525,400,0
0.75,0.35,1,5000,0,0.254837,0,0.252081,0,0.242987,0,0.250094,400,0
0.75,0.35,1,7000,0,0.238813,0,0.2541,0,0.257625,0,0.249463,400,0
0.75,0.35,1,10000,0,0.237131,0,0.243944,0,0.257931,0,0.260994,400,0
0.75,0.35,1,25000,0,0.253188,0,0.240325,0,0.2459,0,0.260588,400,0
0.75,0.35,1,50000,0,0.241888,0,0.252944,0,0.25865,0,0.246519,400,0
0.75,0.35,1,100000,0,0.243575,0,0.2492,0,0.258644,0,0.248581,400,0
0.75,0.35,1,160000,0,0.254106,0,0.251906,0,0.244737,0,0.24925,400,0
0.75,0.35,1,0,0.125738,0.125688,0.125287,0.126225,0.124975,0.125537,0.122831,0.123719,400,0
0.75,0.35,1,1000,0,0.255769,0,0.252625,0,0.244856,0,0.24675,400,0
0.75,0.35,1,2000,0,0.234288,0,0.255806,0,0.250744,0,0.259163,400,0
0.75,0.35,1,3000,0,0.253375,0,0.257,0,0.245025,0,0.2446,400,0
0.75,0.35,1,5000,0,0.271094,0,0.2603,0,0.239081,0,0.229525,400,0
0.75,0.35,1,7000,0,0.252625,0,0.255319,0,0.241544,0,0.250513,400,0
0.75,0.35,1,10000,0,0.248781,0,0.253569,0,0.245688,0,0.251962,400,0
0.75,0.35,1,25000,0,0.246425,0,0.251706,0,0.243119,0,0.25875,400,0
0.75,0.35,1,50000,0,0.245562,0,0.253487,0,0.247888,0,0.253063,400,0
0.75,0.35,1,100000,0,0.256894,0,0.227112,0,0.256381,0,0.259613,400,0
0.75,0.35,1,160000,0,0.251631,0,0.244119,0,0.240687,0,0.263562,400,0
0.75,0.4,1,0,0.123881,0.125675,0.125644,0.123681,0.124463,0.125938,0.125356,0.125362,400,0
0.75,0.4,1,1000,0,0.256831,0,0.248594,0,0.2585,0,0.236075,400,0
0.75,0.4,1,2000,0,0.252381,0,0.242881,0,0.246981,0,0.257756,400,0
0.75,0.4,1,3000,0,0.251656,0,0.259581,0,0.245294,0,0.243469,400,0
0.75,0.4,1,5000,0,0.245613,0,0.261056,0,0.2601,0,0.233231,400,0
0.75,0.4,1,7000,0,0.240919,0,0.246731,0,0.260369,0,0.251981,400,0
0.75,0.4,1,10000,0,0.229481,0,0.266,0,0.258344,0,0.246175,400,0
0.75,0.4,1,25000,0,0.258519,0,0.245206,0,0.234706,0,0.261569,400,0
0.75,0.4,1,50000,0,0.240444,0,0.254025,0,0.266,0,0.239531,400,0
0.75,0.4,1,100000,0,0.248488,0,0.262562,0,0.24475,0,0.2442,400,0
0.75,0.4,1,160000,0,0.246062,0,0.2632,0,0.2595,0,0.231238,400,0
0.75,0.4,1,0,0.125787,0.123512,0.125775,0.124175,0.12455,0.124719,0.126362,0.125119,400,0
0.75,0.4,1,1000,0,0.259381,0,0.244,0,0.244206,0,0.252412,400,0
0.75,0.4,1,2000,0,0.248881,0,0.256656,0,0.252812,0,0.24165,400,0
0.75,0.4,1,3000,0,0.256869,0,0.252,0,0.250844,0,0.240287,400,0
0.75,0.4,1,5000,0,0.2652,0,0.23305,0,0.256281,0,0.245469,400,0
0.75,0.4,1,7000,0,0.253387,0,0.240413,0,0.245325,0,0.260875,400,0
0.75,0.4,1,10000,0,0.251581,0,0.25025,0,0.246344,0,0.251825,400,0
0.75,0.4,1,25000,0,0.247525,0,0.236012,0,0.270844,0,0.245619,400,0
0.75,0.4,1,50000,0,0.2597,0,0.25015,0,0.248638,0,0.241512,400,0
0.75,0.4,1,100000,0,0.243656,0,0.2454,0,0.263,0,0.247944,400,0
0.75,0.4,1,160000,0,0.237275,0,0.249331,0,0.264,0,0.249394,400,0
0.75,0.45,1,0,0.1255,0.124213,0.1236,0.125506,0.125819,0.125369,0.124881,0.125112,400,0
0.75,0.45,1,1000,0,0.251975,0,0.241256,0,0.250275,0,0.256494,400,0
0.75,0.45,1,2000,0,0.252325,0,0.248181,0,0.24265,0,0.256844,400,0
0.75,0.45,1,3000,0,0.258569,0,0.253756,0,0.226687,0,0.260987,400,0
0.75,0.45,1,5000,0,0.251769,0,0.241313,0,0.254794,0,0.252125,400,0
0.75,0.45,1,7000,0,0.237588,0,0.242294,0,0.25255,0,0.267569,400,0
0.75,0.45,1,10000,0,0.251444,0,0.256125,0,0.2533,0,0.239131,400,0
0.75,0.45,1,25000,0,0.259506,0,0.244188,0,0.25325,0,0.243056,400,0
0.75,0.45,1,50000,0,0.257263,0,0.242394,0,0.251375,0,0.248969,400,0
0.75,0.45,1,100000,0,0.250762,0,0.2384,0,0.242681,0,0.268156,400,0
0.75,0.45,1,160000,0,0.251862,0,0.231569,0,0.2619,0,0.254669,400,0
0.75,0.45,1,0,0.126562,0.124006,0.125837,0.122787,0.125225,0.126231,0.124262,0.125087,400,0
0.75,0.45,1,1000,0,0.249369,0,0.239913,0,0.259231,0,0.251487,400,0
0.75,0.45,1,2000,0,0.259288,0,0.246638,0,0.237531,0,0.256544,400,0
0.75,0.45,1,3000,0,0.254788,0,0.256925,0,0.256331,0,0.231956,400,0
0.75,0.45,1,5000,0,0.248256,0,0.255437,0,0.246669,0,0.249638,400,0
0.75,0.45,1,7000,0,0.250556,0,0.259481,0,0.246737,0,0.243225,400,0
0.75,0.45,1,10000,0,0.24075,0,0.259144,0,0.258969,0,0.241138,400,0
0.75,0.45,1,25000,0,0.232206,0,0.249469,0,0.251156,0,0.267169,400,0
0.75,0.45,1,50000,0,0.2533,0,0.261894,0,0.245713,0,0.239094,400,0
0.75,0.45,1,100000,0,0.264406,0,0.253944,0,0.235031,0,0.246619,400,0
0.75,0.45,1,160000,0,0.231531,0,0.240625,0,0.254588,0,0.273256,400,0
0.75,0.5,1,0,0.125963,0.122594,0.124156,0.125706,0.126394,0.125537,0.123306,0.126344,400,0
0.75,0.5,1,1000,0,0.238431,0,0.249369,0,0.246456,0,0.265744,400,0
0.75,0.5,1,2000,0,0.254387,0,0.234094,0,0.265819,0,0.2457,400,0
0.75,0.5,1,3000,0,0.252719,0,0.247975,0,0.241363,0,0.257944,400,0
0.75,0.5,1,5000,0,0.236838,0,0.250144,0,0.2606,0,0.252419,400,0
0.75,0.5,1,7000,0,0.245181,0,0.24625,0,0.260975,0,0.247594,400,0
0.75,0.5,1,10000,0,0.249706,0,0.247438,0,0.250994,0,0.251862,400,0
0.75,0.5,1,25000,0,0.257656,0,0.2537,0,0.249794,0,0.23885,400,0
0.75,0.5,1,50000,0,0.261144,0,0.244012,0,0.246019,0,0.248825,400,0
0.75,0.5,1,100000,0,0.258125,0,0.26665,0,0.245438,0,0.229788,400,0
0.75,0.5,1,160000,0,0.239444,0,0.234206,0,0.259381,0,0.266969,400,0
0.75,0.5,1,0,0.124563,0.125112,0.124988,0.126337,0.125769,0.1243,0.124762,0.124169,400,0
0.75,0.5,1,1000,0,0.2397,0,0.266387,0,0.2477,0,0.246213,400,0
0.75,0.5,1,2000,0,0.238369,0,0.2491,0,0.259869,0,0.252663,400,0
0.75,0.5,1,3000,0,0.258469,0,0.251688,0,0.241269,0,0.248575,400,0
0.75,0.5,1,5000,0,0.272969,0,0.240331,0,0.237319,0,0.249381,400,0
0.75,0.5,1,7000,0,0.262456,0,0.242456,0,0.249206,0,0.245881,400,0
0.75,0.5,1,10000,0,0.2427,0,0.250887,0,0.249856,0,0.256556,400,0
0.75,0.5,1,25000,0,0.256812,0,0.259181,0,0.239006,0,0.245,400,0
0.75,0.5,1,50000,0,0.248594,0,0.256725,0,0.239856,0,0.254825,400,0
0.75,0.5,1,100000,0,0.250887,0,0.246512,0,0.262244,0,0.240356,400,0
0.75,0.5,1,160000,0,0.252106,0,0.2324,0,0.252606,0,0.262887,400,0
0.75,0.55,1,0,0.124387,0.124537,0.126112,0.124581,0.125919,0.125825,0.124769,0.123869,400,0
0.75,0.55,1,1000,0,0.242188,0,0.25315,0,0.247144,0,0.257519,400,0
0.75,0.55,1,2000,0,0.252538,0,0.249756,0,0.246031,0,0.251675,400,0
0.75,0.55,1,3000,0,0.241256,0,0.248025,0,0.253556,0,0.257163,400,0
0.75,0.55,1,5000,0,0.241663,0,0.246875,0,0.242537,0,0.268925,400,0
0.75,0.55,1,7000,0,0.249519,0,0.238869,0,0.245894,0,0.265719,400,0
0.75,0.55,1,10000,0,0.234456,0,0.239444,0,0.250138,0,0.275962,400,0
0.75,0.55,1,25000,0,0.241681,0,0.260969,0,0.252769,0,0.244581,400,0
0.75,0.55,1,50000,0,0.2495,0,0.246725,0,0.248031,0,0.255744,400,0
0.75,0.55,1,100000,0,0.2459,0,0.253181,0,0.259019,0,0.2419,400,0
0.75,0.55,1,160000,0,0.229819,0,0.266756,0,0.248681,0,0.254744,400,0
0.75,0.55,1,0,0.12505,0.124894,0.124675,0.125381,0.124,0.123531,0.125988,0.126481,400,0
0.75,0.55,1,1000,0,0.251875,0,0.231725,0,0.246006,0,0.270394,400,0
0.75,0.55,1,2000,0,0.256219,0,0.255125,0,0.2488,0,0.239856,400,0
0.75,0.55,1,3000,0,0.265531,0,0.247544,0,0.242006,0,0.244919,400,0
0.75,0.55,1,5000,0,0.252088,0,0.255706,0,0.243869,0,0.248337,400,0
0.75,0.55,1,7000,0,0.240663,0,0.246,0,0.259994,0,0.253344,400,0
0.75,0.55,1,10000,0,0.259,0,0.253113,0,0.245775,0,0.242113,400,0
0.75,0.55,1,25000,0,0.244669,0,0.249856,0,0.262,0,0.243475,400,0
0.75,0.55,1,50000,0,0.235831,0,0.256106,0,0.265081,0,0.242981,400,0
0.75,0.55,1,100000,0,0.251219,0,0.23935,0,0.260431,0,0.249,400,0
0.75,0.55,1,160000,0,0.252575,0,0.245994,0,0.253962,0,0.247469,400,0
0.75,0.6,1,0,0.124669,0.124706,0.125562,0.125044,0.125794,0.124037,0.124719,0.125469,400,0
0.75,0.6,1,1000,0,0.254175,0,0.250556,0,0.255481,0,0.239787,400,0
0.75,0.6,1,2000,0,0.2589,0,0.257106,0,0.240831,0,0.243163,400,0
0.75,0.6,1,3000,0,0.250706,0,0.246925,0,0.254594,0,0.247775,400,0
0.75,0.6,1,5000,0,0.252056,0,0.253412,0,0.238956,0,0.255575,400,0
0.75,0.6,1,7000,0,0.243319,0,0.252344,0,0.257431,0,0.246906,400,0
0.75,0.6,1,10000,0,0.239106,0,0.25115,0,0.255381,0,0.254362,400,0
0.75,0.6,1,25000,0,0.245725,0,0.238656,0,0.249875,0,0.265744,400,0
0.75,0.6,1,50000,0,0.248862,0,0.243681,0,0.243462,0,0.263994,400,0
0.75,0.6,1,100000,0,0.263825,0,0.249794,0,0.238625,0,0.247756,400,0
0.75,0.6,1,160000,0,0.241531,0,0.257375,0,0.253387,0,0.247706,400,0
0.75,0.6,1,0,0.124769,0.126019,0.125919,0.123831,0.125075,0.125375,0.12545,0.123563,400,0
0.75,0.6,1,1000,0,0.241331,0,0.251969,0,0.243469,0,0.263231,400,0
0.75,0.6,1,2000,0,0.234662,0,0.245444,0,0.243675,0,0.276219,400,0
0.75,0.6,1,3000,0,0.243237,0,0.240725,0,0.261375,0,0.254663,400,0
0.75,0.6,1,5000,0,0.250725,0,0.255238,0,0.253588,0,0.24045,400,0
0.75,0.6,1,7000,0,0.248481,0,0.241844,0,0.268319,0,0.241356,400,0
0.75,0.6,1,10000,0,0.253563,0,0.245938,0,0.244331,0,0.256169,400,0
0.75,0.6,1,25000,0,0.247037,0,0.249225,0,0.260144,0,0.243594,400,0
0.75,0.6,1,50000,0,0.250744,0,0.260256,0,0.249181,0,0.239819,400,0
0.75,0.6,1,100000,0,0.266375,0,0.247613,0,0.243113,0,0.2429,400,0
0.75,0.6,1,160000,0,0.256912,0,0.247794,0,0.246481,0,0.248812,400,0
0.75,0.65,1,0,0.125581,0.123738,0.126131,0.124412,0.124931,0.12485,0.12415,0.126206,400,0
0.75,0.65,1,1000,0,0.248756,0,0.254925,0,0.251694,0,0.244625,400,0
0.75,0.65,1,2000,0,0.262638,0,0.2591,0,0.2403,0,0.237962,400,0
0.75,0.65,1,3000,0,0.2598,0,0.267369,0,0.231706,0,0.241125,400,0
0.75,0.65,1,5000,0,0.230069,0,0.2613,0,0.267631,0,0.241,400,0
0.75,0.65,1,7000,0,0.253337,0,0.263125,0,0.235412,0,0.248125,400,0
0.75,0.65,1,10000,0,0.245475,0,0.2616,0,0.244194,0,0.248731,400,0
0.75,0.65,1,25000,0,0.247175,0,0.269481,0,0.239231,0,0.244113,400,0
0.75,0.65,1,50000,0,0.262069,0,0.249862,0,0.238594,0,0.249475,400,0
0.75,0.65,1,100000,0,0.231994,0,0.255306,0,0.264825,0,0.247875,400,0
0.75,0.65,1,160000,0,0.257869,0,0.243744,0,0.25255,0,0.245837,400,0
0.75,0.65,1,0,0.125769,0.126475,0.125919,0.123119,0.125163,0.125544,0.124044,0.123969,400,0
0.75,0.65,1,1000,0,0.242394,0,0.249706,0,0.256475,0,0.251425,400,0
0.75,0.65,1,2000,0,0.251625,0,0.252244,0,0.245725,0,0.250406,400,0
0.75,0.65,1,3000,0,0.251006,0,0.256563,0,0.243025,0,0.249406,400,0
0.75,0.65,1,5000,0,0.252406,0,0.262163,0,0.251619,0,0.233813,400,0
0.75,0.65,1,7000,0,0.23745,0,0.272994,0,0.25195,0,0.237606,400,0
0.75,0.65,1,10000,0,0.254481,0,0.264412,0,0.236181,0,0.244925,400,0
0.75,0.65,1,25000,0,0.243663,0,0.2453,0,0.269856,0,0.241181,400,0
0.75,0.65,1,50000,0,0.2518,0,0.261263,0,0.253469,0,0.233469,400,0
0.75,0.65,1,100000,0,0.260512,0,0.249344,0,0.246594,0,0.24355,400,0
0.75,0.65,1,160000,0,0.245606,0,0.248562,0,0.255537,0,0.250294,400,0
0.75,0.7,1,0,0.125644,0.125644,0.124725,0.1256,0.124325,0.1256,0.122806,0.125656,400,0
0.75,0.7,1,1000,0,0.24825,0,0.242575,0,0.248319,0,0.260856,400,0
0.75,0.7,1,2000,0,0.248394,0,0.256044,0,0.2437,0,0.251862,400,0
0.75,0.7,1,3000,0,0.244938,0,0.241512,0,0.244075,0,0.269475,400,0
0.75,0.7,1,5000,0,0.255688,0,0.243688,0,0.247981,0,0.252644,400,0
0.75,0.7,1,7000,0,0.254188,0,0.261,0,0.235275,0,0.249537,400,0
0.75,0.7,1,10000,0,0.242056,0,0.24685,0,0.252063,0,0.259031,400,0
0.75,0.7,1,25000,0,0.240325,0,0.242406,0,0.252713,0,0.264556,400,0
0.75,0.7,1,50000,0,0.257525,0,0.251756,0,0.241881,0,0.248837,400,0
0.75,0.7,1,100000,0,0.255675,0,0.248438,0,0.243506,0,0.252381,400,0
0.75,0.7,1,160000,0,0.251325,0,0.247819,0,0.24975,0,0.251106,400,0
0.75,0.7,1,0,0.124488,0.124494,0.125331,0.126269,0.125494,0.125069,0.124831,0.124025,400,0
0.75,0.7,1,1000,0,0.244456,0,0.25595,0,0.2529,0,0.246694,400,0
0.75,0.7,1,2000,0,0.250487,0,0.242431,0,0.246762,0,0.260319,400,0
0.75,0.7,1,3000,0,0.253356,0,0.2434,0,0.25065,0,0.252594,400,0
0.75,0.7,1,5000,0,0.251794,0,0.25415,0,0.252412,0,0.241644,400,0
0.75,0.7,1,7000,0,0.267856,0,0.243694,0,0.228162,0,0.260288,400,0
0.75,0.7,1,10000,0,0.262788,0,0.263144,0,0.237138,0,0.236931,400,0
0.75,0.7,1,25000,0,0.246394,0,0.243569,0,0.256663,0,0.253375,400,0
0.75,0.7,1,50000,0,0.249663,0,0.264219,0,0.246888,0,0.239231,400,0
0.75,0.7,1,100000,0,0.236081,0,0.26075,0,0.262887,0,0.240281,400,0
0.75,0.7,1,160000,0,0.2498,0,0.240212,0,0.247888,0,0.2621,400,0
0.75,0.75,1,0,0.124194,0.123362,0.126056,0.125219,0.125525,0.125531,0.125119,0.124994,400,0
0.75,0.75,1,1000,0,0.232212,0,0.259794,0,0.2518,0,0.256194,400,0
0.75,0.75,1,2000,0,0.255937,0,0.239194,0,0.248706,0,0.256163,400,0
0.75,0.75,1,3000,0,0.247681,0,0.261469,0,0.2477,0,0.24315,400,0
0.75,0.75,1,5000,0,0.253713,0,0.237113,0,0.248119,0,0.261056,400,0
0.75,0.75,1,7000,0,0.252019,0,0.246037,0,0.249569,0,0.252375,400,0
0.75,0.75,1,10000,0,0.244938,0,0.248388,0,0.257056,0,0.249619,400,0
0.75,0.75,1,25000,0,0.251019,0,0.258719,0,0.248688,0,0.241575,400,0
0.75,0.75,1,50000,0,0.270919,0,0.240494,0,0.226062,0,0.262525,400,0
0.75,0.75,1,100000,0,0.234256,0,0.256613,0,0.254831,0,0.2543,400,0
0.75,0.75,1,160000,0,0.242319,0,0.269612,0,0.243219,0,0.24485,400,0
0.75,0.75,1,0,0.125094,0.12425,0.125612,0.125769,0.124381,0.124925,0.124231,0.125738,400,0
0.75,0.75,1,1000,0,0.242925,0,0.254625,0,0.248031,0,0.254419,400,0
0.75,0.75,1,2000,0,0.238288,0,0.251631,0,0.244481,0,0.2656,400,0
0.75,0.75,1,3000,0,0.242275,0,0.252381,0,0.249775,0,0.255569,400,0
0.75,0.75,1,5000,0,0.238794,0,0.248875,0,0.256094,0,0.256238,400,0
0.75,0.75,1,7000,0,0.253663,0,0.256837,0,0.247262,0,0.242237,400,0
0.75,0.75,1,10000,0,0.252063,0,0.240338,0,0.263638,0,0.243962,400,0
0.75,0.75,1,25000,0,0.250069,0,0.257369,0,0.251013,0,0.24155,400,0
0.75,0.75,1,50000,0,0.248575,0,0.249275,0,0.253875,0,0.248275,400,0
0.75,0.75,1,100000,0,0.250544,0,0.255031,0,0.251206,0,0.243219,400,0
0.75,0.75,1,160000,0,0.245194,0,0.256269,0,0.252575,0,0.245963,400,0
0.75,0.8,1,0,0.125425,0.123787,0.124769,0.124919,0.124331,0.126413,0.124531,0.125825,400,0
0.75,0.8,1,1000,0,0.267469,0,0.249069,0,0.251862,0,0.2316,400,0
0.75,0.8,1,2000,0,0.242863,0,0.268419,0,0.241544,0,0.247175,400,0
0.75,0.8,1,3000,0,0.240237,0,0.251437,0,0.259144,0,0.249181,400,0
0.75,0.8,1,5000,0,0.239281,0,0.238931,0,0.260144,0,0.261644,400,0
0.75,0.8,1,7000,0,0.240369,0,0.259694,0,0.249106,0,0.250831,400,0
0.75,0.8,1,10000,0,0.227844,0,0.256719,0,0.265412,0,0.250025,400,0
0.75,0.8,1,25000,0,0.240681,0,0.252494,0,0.263619,0,0.243206,400,0
0.75,0.8,1,50000,0,0.244906,0,0.251531,0,0.256675,0,0.246888,400,0
0.75,0.8,1,100000,0,0.268531,0,0.233256,0,0.245325,0,0.252887,400,0
0.75,0.8,1,160000,0,0.245744,0,0.26985,0,0.24465,0,0.239756,400,0
0.75,0.8,1,0,0.12495,0.125131,0.124238,0.123981,0.124331,0.126269,0.124713,0.126388,400,0
0.75,0.8,1,1000,0,0.251944,0,0.268656,0,0.230569,0,0.248831,400,0
0.75,0.8,1,2000,0,0.260156,0,0.257231,0,0.259638,0,0.222975,400,0
0.75,0.8,1,3000,0,0.251925,0,0.239481,0,0.252837,0,0.255756,400,0
0.75,0.8,1,5000,0,0.241838,0,0.254744,0,0.258781,0,0.244638,400,0
0.75,0.8,1,7000,0,0.253169,0,0.236656,0,0.260456,0,0.249719,400,0
0.75,0.8,1,10000,0,0.2427,0,0.232525,0,0.249888,0,0.274888,400,0
0.75,0.8,1,25000,0,0.245888,0,0.245981,0,0.252344,0,0.255788,400,0
0.75,0.8,1,50000,0,0.237181,0,0.250025,0,0.262369,0,0.250425,400,0
0.75,0.8,1,100000,0,0.257875,0,0.242031,0,0.250412,0,0.249681,400,0
0.75,0.8,1,160000,0,0.245244,0,0.237737,0,0.259169,0,0.25785,400,0
0.75,0.85,1,0,0.126388,0.123075,0.126388,0.124363,0.123988,0.1258,0.125713,0.124287,400,0
0.75,0.85,1,1000,0,0.254763,0,0.237719,0,0.236775,0,0.270744,400,0
0.75,0.85,1,2000,0,0.239894,0,0.268394,0,0.253806,0,0.237906,400,0
0.75,0.85,1,3000,0,0.245225,0,0.247113,0,0.251744,0,0.255919,400,0
0.75,0.85,1,5000,0,0.2416,0,0.264825,0,0.2419,0,0.251675,400,0
0.75,0.85,1,7000,0,0.246281,0,0.249862,0,0.249819,0,0.254038,400,0
0.75,0.85,1,10000,0,0.249438,0,0.244512,0,0.25785,0,0.2482,400,0
0.75,0.85,1,25000,0,0.240606,0,0.254431,0,0.261969,0,0.242994,400,0
0.75,0.85,1,50000,0,0.255456,0,0.258012,0,0.246144,0,0.240388,400,0
0.75,0.85,1,100000,0,0.245494,0,0.240706,0,0.25655,0,0.25725,400,0
0.75,0.85,1,160000,0,0.253919,0,0.236381,0,0.249388,0,0.260313,400,0
0.75,0.85,1,0,0.126406,0.125163,0.125238,0.125344,0.124244,0.125369,0.12525,0.122987,400,0
0.75,0.85,1,1000,0,0.251387,0,0.250069,0,0.258475,0,0.240069,400,0
0.75,0.85,1,2000,0,0.241925,0,0.247537,0,0.250631,0,0.259906,400,0
0.75,0.85,1,3000,0,0.271213,0,0.247375,0,0.233825,0,0.247587,400,0
0.75,0.85,1,5000,0,0.245756,0,0.254213,0,0.253556,0,0.246475,400,0
0.75,0.85,1,7000,0,0.243406,0,0.24925,0,0.241669,0,0.265675,400,0
0.75,0.85,1,10000,0,0.257437,0,0.245487,0,0.245638,0,0.251437,400,0
0.75,0.85,1,25000,0,0.252581,0,0.239262,0,0.241594,0,0.266562,400,0
0.75,0.85,1,50000,0,0.231694,0,0.247619,0,0.269506,0,0.251181,400,0
0.75,0.85,1,100000,0,0.257625,0,0.25135,0,0.243019,0,0.248006,400,0
0.75,0.85,1,160000,0,0.251731,0,0.266638,0,0.231719,0,0.249913,400,0
0.75,0.9,1,0,0.123869,0.124981,0.125419,0.124556,0.124825,0.12635,0.125037,0.124963,400,0
0.75,0.9,1,1000,0,0.259831,0,0.255387,0,0.235475,0,0.249306,400,0
0.75,0.9,1,2000,0,0.242225,0,0.257931,0,0.250219,0,0.249625,400,0
0.75,0.9,1,3000,0,0.245956,0,0.264706,0,0.24385,0,0.245487,400,0
0.75,0.9,1,5000,0,0.2571,0,0.258975,0,0.240694,0,0.243231,400,0
0.75,0.9,1,7000,0,0.251744,0,0.251925,0,0.242688,0,0.253644,400,0
0.75,0.9,1,10000,0,0.262606,0,0.254481,0,0.256556,0,0.226356,400,0
0.75,0.9,1,25000,0,0.237094,0,0.235863,0,0.266087,0,0.260956,400,0
0.75,0.9,1,50000,0,0.260475,0,0.261625,0,0.2373,0,0.2406,400,0
0.75,0.9,1,100000,0,0.260837,0,0.249106,0,0.252406,0,0.23765,400,0
0.75,0.9,1,160000,0,0.255581,0,0.261794,0,0.240719,0,0.241906,400,0
0.75,0.9,1,0,0.124713,0.1248,0.123531,0.127356,0.125375,0.126075,0.123125,0.125025,400,0
0.75,0.9,1,1000,0,0.237769,0,0.253919,0,0.255975,0,0.252337,400,0
0.75,0.9,1,2000,0,0.243619,0,0.240375,0,0.257425,0,0.258581,400,0
0.75,0.9,1,3000,0,0.241506,0,0.251844,0,0.260206,0,0.246444,400,0
0.75,0.9,1,5000,0,0.249988,0,0.256781,0,0.241675,0,0.251556,400,0
0.75,0.9,1,7000,0,0.242425,0,0.236494,0,0.260231,0,0.26085,400,0
0.75,0.9,1,10000,0,0.254044,0,0.255163,0,0.242219,0,0.248575,400,0
0.75,0.9,1,25000,0,0.228263,0,0.2508,0,0.261688,0,0.25925,400,0
0.75,0.9,1,50000,0,0.260469,0,0.248363,0,0.246512,0,0.244656,400,0
0.75,0.9,1,100000,0,0.24425,0,0.256731,0,0.250025,0,0.248994,400,0
0.75,0.9,1,160000,0,0.252688,0,0.255075,0,0.235544,0,0.256694,400,0
0.75,0.95,1,0,0.126531,0.1235,0.12485,0.1253,0.1248,0.125331,0.125537,0.12415,400,0
0.75,0.95,1,1000,0,0.253575,0,0.233719,0,0.257537,0,0.255169,400,0
0.75,0.95,1,2000,0,0.248963,0,0.244919,0,0.263456,0,0.242663,400,0
0.75,0.95,1,3000,0,0.254437,0,0.24085,0,0.242225,0,0.262487,400,0
0.75,0.95,1,5000,0,0.263556,0,0.242919,0,0.244619,0,0.248906,400,0
0.75,0.95,1,7000,0,0.249112,0,0.252481,0,0.242494,0,0.255912,400,0
0.75,0.95,1,10000,0,0.2586,0,0.259788,0,0.235581,0,0.246031,400,0
0.75,0.95,1,25000,0,0.261231,0,0.256281,0,0.24245,0,0.240037,400,0
0.75,0.95,1,50000,0,0.261387,0,0.254738,0,0.231481,0,0.252394,400,0
0.75,0.95,1,100000,0,0.236475,0,0.246131,0,0.252619,0,0.264775,400,0
0.75,0.95,1,160000,0,0.240787,0,0.249481,0,0.248438,0,0.261294,400,0
0.75,0.95,1,0,0.123956,0.125463,0.125456,0.124156,0.125738,0.12425,0.125006,0.125975,400,0
0.75,0.95,1,1000,0,0.2383,0,0.257119,0,0.249244,0,0.255337,400,0
0.75,0.95,1,2000,0,0.244819,0,0.248363,0,0.255119,0,0.2517,400,0
0.75,0.95,1,3000,0,0.230625,0,0.258206,0,0.269625,0,0.241544,400,0
0.75,0.95,1,5000,0,0.250825,0,0.255194,0,0.243706,0,0.250275,400,0
0.75,0.95,1,7000,0,0.261775,0,0.2478,0,0.243619,0,0.246806,400,0
0.75,0.95,1,10000,0,0.258794,0,0.253837,0,0.246438,0,0.240931,400,0
0.75,0.95,1,25000,0,0.243588,0,0.254656,0,0.260594,0,0.241163,400,0
0.75,0.95,1,50000,0,0.251238,0,0.255738,0,0.247344,0,0.245681,400,0
0.75,0.95,1,100000,0,0.265325,0,0.241956,0,0.244231,0,0.248488,400,0
0.75,0.95,1,160000,0,0.235431,0,0.242925,0,0.274069,0,0.247575,400,0
0.75,1,1,0,0.126881,0.125131,0.124938,0.12435,0.124956,0.124512,0.125481,0.12375,400,0
0.75,1,1,1000,0,0.247762,0,0.226681,0,0.259681,0,0.265875,400,0
0.75,1,1,2000,0,0.243219,0,0.2711,0,0.242044,0,0.243638,400,0
0.75,1,1,3000,0,0.258962,0,0.245969,0,0.254225,0,0.240844,400,0
0.75,1,1,5000,0,0.247188,0,0.260694,0,0.247419,0,0.2447,400,0
0.75,1,1,7000,0,0.252731,0,0.239462,0,0.253925,0,0.253881,400,0
0.75,1,1,10000,0,0.238088,0,0.244131,0,0.267937,0,0.249844,400,0
0.75,1,1,25000,0,0.250631,0,0.247537,0,0.248719,0,0.253113,400,0
0.75,1,1,50000,0,0.249544,0,0.245956,0,0.253844,0,0.250656,400,0
0.75,1,1,100000,0,0.239175,0,0.264288,0,0.252606,0,0.243931,400,0
0.75,1,1,160000,0,0.252337,0,0.233412,0,0.260381,0,0.253869,400,0
0.75,1,1,0,0.125988,0.126069,0.123575,0.12315,0.125981,0.124956,0.1252,0.125081,400,0
0.75,1,1,1000,0,0.271519,0,0.250175,0,0.257663,0,0.220644,400,0
0.75,1,1,2000,0,0.239644,0,0.258144,0,0.245481,0,0.256731,400,0
0.75,1,1,3000,0,0.252088,0,0.23945,0,0.264987,0,0.243475,400,0
0.75,1,1,5000,0,0.239863,0,0.251638,0,0.263113,0,0.245388,400,0
0.75,1,1,7000,0,0.236631,0,0.271456,0,0.25035,0,0.241563,400,0
0.75,1,1,10000,0,0.252606,0,0.241838,0,0.247844,0,0.257713,400,0
0.75,1,1,25000,0,0.248269,0,0.251925,0,0.249306,0,0.2505,400,0
0.75,1,1,50000,0,0.242913,0,0.259469,0,0.250675,0,0.246944,400,0
0.75,1,1,100000,0,0.250594,0,0.246963,0,0.256656,0,0.245787,400,0
0.75,1,1,160000,0,0.2553,0,0.264475,0,0.235194,0,0.245031,400,0
0.8,0,1,0,0.125087,0.124675,0.124375,0.125819,0.1248,0.125219,0.123656,0.126369,400,0
0.8,0,1,1000,0.08785,0.15355,0.098475,0.1587,0.0907562,0.175113,0.0783563,0.1572,400,0
0.8,0,1,2000,0.0695937,0.191719,0.0634563,0.18045,0.0680063,0.173206,0.0741375,0.179431,400,0
0.8,0,1,3000,0.0653625,0.1827,0.0651687,0.187969,0.0657688,0.180275,0.0618438,0.190913,400,0
0.8,0,1,5000,0.0187063,0.243663,0.014375,0.212131,0.0137188,0.244906,0.0191,0.2334,400,0
0.8,0,1,7000,0.0039375,0.230662,0.0037625,0.2443,0.00451875,0.255506,0.00503125,0.252281,400,0
0.8,0,1,10000,0,0.26605,0,0.250825,0,0.242581,0,0.240544,400,0
0.8,0,1,25000,0,0.235819,0,0.259769,0,0.250256,0,0.254156,400,0
0.8,0,1,50000,0,0.245994,0,0.244356,0,0.253638,0,0.256012,400,0
0.8,0,1,100000,0,0.254244,0,0.251044,0,0.231119,0,0.263594,400,0
0.8,0,1,160000,0,0.262625,0,0.268775,0,0.225756,0,0.242844,400,0
0.8,0,1,0,0.123844,0.126738,0.1254,0.124613,0.125956,0.124544,0.124387,0.124519,400,0
0.8,0,1,1000,0.154469,0.100519,0.149069,0.102094,0.142506,0.107219,0.14175,0.102375,400,0
0.8,0,1,2000,0.177456,0.0835313,0.172338,0.0822062,0.169431,0.0739563,0.168162,0.0729188,400,0
0.8,0,1,3000,0.1867,0.0593313,0.20455,0.0553625,0.187006,0.0548563,0.195637,0.0565563,400,0
0.8,0,1,5000,0.221931,0.030475,0.215281,0.0296625,0.223981,0.0255625,0.224194,0.0289125,400,0
0.8,0,1,7000,0.252394,0,0.2529,0,0.243512,0,0.251194,0,400,0
0.8,0,1,10000,0.251919,0,0.258081,0,0.245019,0,0.244981,0,400,0
0.8,0,1,25000,0.254719,0,0.263194,0,0.244356,0,0.237731,0,400,0
0.8,0,1,50000,0.237687,0,0.243012,0,0.259613,0,0.259688,0,400,0
0.8,0,1,100000,0.251563,0,0.260794,0,0.25025,0,0.237394,0,400,0
0.8,0,1,160000,0.245956,0,0.247981,0,0.249213,0,0.25685,0,400,0
0.8,0.05,1,0,0.1259,0.124287,0.122756,0.126188,0.12495,0.123975,0.126569,0.125375,400,0
0.8,0.05,1,1000,0.0756,0.186025,0.0755062,0.186512,0.0584687,0.178919,0.0541437,0.184825,400,0
0.8,0.05,1,2000,0.0337625,0.219988,0.0266063,0.216913,0.02075,0.223975,0.0212375,0.236769,400,0
0.8,0.05,1,3000,0.00276875,0.249606,0.00145625,0.242475,0.00150625,0.243825,0.001925,0.256437,400,0
0.8,0.05,1,5000,0,0.250038,0,0.2582,0,0.248831,0,0.242931,400,0
0.8,0.05,1,7000,0,0.260475,0,0.251688,0,0.24585,0,0.241987,400,0
0.8,0.05,1,10000,0,0.248075,0,0.255581,0,0.243394,0,0.25295,400,0
0.8,0.05,1,25000,0,0.257556,0,0.245356,0,0.248094,0,0.248994,400,0
0.8,0.05,1,50000,0,0.238006,0,0.238506,0,0.274331,0,0.249156,400,0
0.8,0.05,1,100000,0,0.248913,0,0.246975,0,0.243525,0,0.260588,400,0
0.8,0.05,1,160000,0,0.2385,0,0.264087,0,0.266875,0,0.230538,400,0
0.8,0.05,1,0,0.124519,0.125,0.125006,0.124938,0.123537,0.126413,0.124525,0.126062,400,0
0.8,0.05,1,1000,0.0659375,0.184669,0.0797313,0.184869,0.0602313,0.182769,0.0589875,0.182806,400,0
0.8,0.05,1,2000,0.0076625,0.23425,0.00585,0.235487,0.00869375,0.242856,0.013025,0.252175,400,0
0.8,0.05,1,3000,0,0.240937,0,0.255337,0,0.248506,0,0.255219,400,0
0.8,0.05,1,5000,0,0.248656,0,0.244731,0,0.252956,0,0.253656,400,0
0.8,0.05,1,7000,0,0.235162,0,0.250181,0,0.26355,0,0.251106,400,0
0.8,0.05,1,10000,0,0.247975,0,0.246506,0,0.248544,0,0.256975,400,0
0.8,0.05,1,25000,0,0.254575,0,0.233644,0,0.255931,0,0.25585,400,0
0.8,0.05,1,50000,0,0.25155,0,0.253194,0,0.2348,0,0.260456,400,0
0.8,0.05,1,100000,0,0.234975,0,0.261344,0,0.261331,0,0.24235,400,0
0.8,0.05,1,160000,0,0.247044,0,0.251156,0,0.249337,0,0.252462,400,0
0.8,0.1,1,0,0.1245,0.124919,0.124338,0.125975,0.125869,0.1257,0.124137,0.124563,400,0
0.8,0.1,1,1000,0.0032875,0.247713,0.00969375,0.241944,0.0046,0.241706,0.00481875,0.246237,400,0
0.8,0.1,1,2000,0,0.244425,0,0.243725,0,0.251937,0,0.259912,400,0
0.8,0.1,1,3000,0,0.245394,0,0.238606,0,0.256163,0,0.259837,400,0
0.8,0.1,1,5000,0,0.2487,0,0.251456,0,0.250806,0,0.249037,400,0
0.8,0.1,1,7000,0,0.250169,0,0.259175,0,0.235975,0,0.254681,400,0
0.8,0.1,1,10000,0,0.248394,0,0.259613,0,0.246294,0,0.2457,400,0
0.8,0.1,1,25000,0,0.257469,0,0.2487,0,0.25235,0,0.241481,400,0
0.8,0.1,1,50000,0,0.230256,0,0.245056,0,0.249256,0,0.275431,400,0
0.8,0.1,1,100000,0,0.253644,0,0.2532,0,0.243875,0,0.249281,400,0
0.8,0.1,1,160000,0,0.239606,0,0.248031,0,0.256775,0,0.255588,400,0
0.8,0.1,1,0,0.123012,0.124731,0.126213,0.125125,0.126294,0.124925,0.1246,0.1251,400,0
0.8,0.1,1,1000,0,0.230881,0,0.240506,0,0.248594,0,0.280019,400,0
0.8,0.1,1,2000,0,0.246925,0,0.248975,0,0.245275,0,0.258825,400,0
0.8,0.1,1,3000,0,0.235975,0,0.254431,0,0.266688,0,0.242906,400,0
0.8,0.1,1,5000,0,0.243,0,0.254669,0,0.254738,0,0.247594,400,0
0.8,0.1,1,7000,0,0.248425,0,0.253631,0,0.246094,0,0.25185,400,0
0.8,0.1,1,10000,0,0.245175,0,0.247556,0,0.242388,0,0.264881,400,0
0.8,0.1,1,25000,0,0.237481,0,0.248831,0,0.249612,0,0.264075,400,0
0.8,0.1,1,50000,0,0.244556,0,0.263369,0,0.249081,0,0.242994,400,0
0.8,0.1,1,100000,0,0.255294,0,0.235444,0,0.245106,0,0.264156,400,0
0.8,0.1,1,160000,0,0.252269,0,0.264112,0,0.241506,0,0.242113,400,0
0.8,0.15,1,0,0.124525,0.1237,0.125994,0.125444,0.125056,0.124969,0.1239,0.126413,400,0
0.8,0.15,1,1000,0.00624375,0.244638,0.00724375,0.242737,0.00616875,0.237469,0.00420625,0.251294,400,0
0.8,0.15,1,2000,0,0.242575,0,0.255138,0,0.247044,0,0.255244,400,0
0.8,0.15,1,3000,0,0.233462,0,0.276669,0,0.251981,0,0.237888,400,0
0.8,0.15,1,5000,0,0.248306,0,0.251175,0,0.240437,0,0.260081,400,0
0.8,0.15,1,7000,0,0.240962,0,0.258506,0,0.253094,0,0.247438,400,0
0.8,0.15,1,10000,0,0.264,0,0.235763,0,0.249131,0,0.251106,400,0
0.8,0.15,1,25000,0,0.2614,0,0.2429,0,0.228144,0,0.267556,400,0
0.8,0.15,1,50000,0,0.242138,0,0.241088,0,0.257613,0,0.259163,400,0
0.8,0.15,1,100000,0,0.263156,0,0.243644,0,0.252319,0,0.240881,400,0
0.8,0.15,1,160000,0,0.243638,0,0.243338,0,0.260788,0,0.252238,400,0
0.8,0.15,1,0,0.12505,0.125688,0.126081,0.124194,0.124606,0.124756,0.124106,0.125519,400,0
0.8,0.15,1,1000,0,0.244863,0,0.270181,4.375e-05,0.240119,0,0.244794,400,0
0.8,0.15,1,2000,0,0.23725,0,0.252331,0,0.257962,0,0.252456,400,0
0.8,0.15,1,3000,0,0.234269,0,0.258994,0,0.2532,0,0.253538,400,0
0.8,0.15,1,5000,0,0.253644,0,0.25395,0,0.242831,0,0.249575,400,0
0.8,0.15,1,7000,0,0.248994,0,0.248825,0,0.243394,0,0.258788,400,0
0.8,0.15,1,10000,0,0.246344,0,0.25585,0,0.247306,0,0.2505,400,0
0.8,0.15,1,25000,0,0.246469,0,0.245062,0,0.23915,0,0.269319,400,0
0.8,0.15,1,50000,0,0.237975,0,0.25585,0,0.257962,0,0.248213,400,0
0.8,0.15,1,100000,0,0.247375,0,0.254038,0,0.259956,0,0.238631,400,0
0.8,0.15,1,160000,0,0.255944,0,0.246069,0,0.251956,0,0.246031,400,0
0.8,0.2,1,0,0.125925,0.125475,0.125587,0.124238,0.124769,0.124131,0.124619,0.125256,400,0
0.8,0.2,1,1000,0,0.235906,0,0.257556,0,0.250081,0,0.256456,400,0
0.8,0.2,1,2000,0,0.227563,0,0.242025,0,0.283556,0,0.246856,400,0
0.8,0.2,1,3000,0,0.260131,0,0.247388,0,0.237294,0,0.255188,400,0
0.8,0.2,1,5000,0,0.236269,0,0.264206,0,0.253206,0,0.246319,400,0
0.8,0.2,1,7000,0,0.24515,0,0.255381,0,0.2534,0,0.246069,400,0
0.8,0.2,1,10000,0,0.247537,0,0.245756,0,0.265569,0,0.241138,400,0
0.8,0.2,1,25000,0,0.240731,0,0.249056,0,0.256844,0,0.253369,400,0
0.8,0.2,1,50000,0,0.252188,0,0.262156,0,0.232662,0,0.252994,400,0
0.8,0.2,1,100000,0,0.2544,0,0.244231,0,0.252831,0,0.248537,400,0
0.8,0.2,1,160000,0,0.243219,0,0.256769,0,0.256194,0,0.243819,400,0
0.8,0.2,1,0,0.1262,0.122994,0.124662,0.124563,0.125919,0.124444,0.125381,0.125837,400,0
0.8,0.2,1,1000,0,0.261188,0,0.254625,0,0.241406,0,0.242781,400,0
0.8,0.2,1,2000,0,0.248306,0,0.241369,0,0.260456,0,0.249869,400,0
0.8,0.2,1,3000,0,0.244287,0,0.247694,0,0.260556,0,0.247463,400,0
0.8,0.2,1,5000,0,0.253706,0,0.245506,0,0.247556,0,0.253231,400,0
0.8,0.2,1,7000,0,0.243856,0,0.269075,0,0.252075,0,0.234994,400,0
0.8,0.2,1,10000,0,0.263881,0,0.251319,0,0.234744,0,0.250056,400,0
0.8,0.2,1,25000,0,0.245369,0,0.2449,0,0.242456,0,0.267275,400,0
0.8,0.2,1,50000,0,0.252981,0,0.262681,0,0.241725,0,0.242613,400,0
0.8,0.2,1,100000,0,0.24345,0,0.233038,0,0.254875,0,0.268637,400,0
0.8,0.2,1,160000,0,0.252906,0,0.248425,0,0.239519,0,0.25915,400,0
0.8,0.25,1,0,0.123731,0.125206,0.125531,0.126106,0.124906,0.125125,0.124056,0.125337,400,0
0.8,0.25,1,1000,0,0.250287,0,0.2435,0,0.253869,0,0.252344,400,0
0.8,0.25,1,2000,0,0.249319,0,0.243019,0,0.246125,0,0.261537,400,0
0.8,0.25,1,3000,0,0.257125,0,0.252706,0,0.230206,0,0.259962,400,0
0.8,0.25,1,5000,0,0.256119,0,0.250225,0,0.243369,0,0.250287,400,0
0.8,0.25,1,7000,0,0.25125,0,0.253931,0,0.233406,0,0.261412,400,0
0.8,0.25,1,10000,0,0.258638,0,0.248369,0,0.242913,0,0.250081,400,0
0.8,0.25,1,25000,0,0.2673,0,0.237888,0,0.261344,0,0.233469,400,0
0.8,0.25,1,50000,0,0.264894,0,0.242338,0,0.236969,0,0.2558,400,0
0.8,0.25,1,100000,0,0.237588,0,0.253962,0,0.254188,0,0.254263,400,0
0.8,0.25,1,160000,0,0.239937,0,0.246537,0,0.261194,0,0.252331,400,0
0.8,0.25,1,0,0.125119,0.124738,0.124681,0.125881,0.124556,0.125787,0.124819,0.124419,400,0
0.8,0.25,1,1000,0,0.255113,0,0.244075,0,0.250244,0,0.250569,400,0
0.8,0.25,1,2000,0,0.251681,0,0.238412,0,0.24155,0,0.268356,400,0
0.8,0.25,1,3000,0,0.242331,0,0.263937,0,0.256763,0,0.236969,400,0
0.8,0.25,1,5000,0,0.244712,0,0.24915,0,0.260244,0,0.245894,400,0
0.8,0.25,1,7000,0,0.26185,0,0.2508,0,0.244794,0,0.242556,400,0
0.8,0.25,1,10000,0,0.245556,0,0.247125,0,0.260188,0,0.247131,400,0
0.8,0.25,1,25000,0,0.248175,0,0.25515,0,0.240219,0,0.256456,400,0
0.8,0.25,1,50000,0,0.253744,0,0.244037,0,0.246806,0,0.255412,400,0
0.8,0.25,1,100000,0,0.23705,0,0.253644,0,0.25125,0,0.258056,400,0
0.8,0.25,1,160000,0,0.267788,0,0.238038,0,0.251894,0,0.242281,400,0
0.8,0.3,1,0,0.12625,0.124944,0.123956,0.12435,0.125156,0.126069,0.124894,0.124381,400,0
0.8,0.3,1,1000,0,0.258181,0,0.241081,0,0.251844,0,0.248894,400,0
0.8,0.3,1,2000,0,0.245713,0,0.243531,0,0.263769,0,0.246987,400,0
0.8,0.3,1,3000,0,0.243581,0,0.247381,0,0.2486,0,0.260437,400,0
0.8,0.3,1,5000,0,0.264006,0,0.249138,0,0.238206,0,0.24865,400,0
0.8,0.3,1,7000,0,0.242725,0,0.256462,0,0.257331,0,0.243481,400,0
0.8,0.3,1,10000,0,0.227488,0,0.263869,0,0.258575,0,0.250069,400,0
0.8,0.3,1,25000,0,0.245119,0,0.262494,0,0.251656,0,0.240731,400,0
0.8,0.3,1,50000,0,0.254012,0,0.244719,0,0.254512,0,0.246756,400,0
0.8,0.3,1,100000,0,0.242712,0,0.278087,0,0.241406,0,0.237794,400,0
0.8,0.3,1,160000,0,0.257606,0,0.250387,0,0.2486,0,0.243406,400,0
0.8,0.3,1,0,0.12495,0.124819,0.125725,0.124256,0.124894,0.1247,0.12585,0.124806,400,0
0.8,0.3,1,1000,0,0.247106,0,0.249713,0,0.258006,0,0.245175,400,0
0.8,0.3,1,2000,0,0.248844,0,0.243938,0,0.254713,0,0.252506,400,0
0.8,0.3,1,3000,0,0.247144,0,0.244056,0,0.256481,0,0.252319,400,0
0.8,0.3,1,5000,0,0.263313,0,0.227025,0,0.251325,0,0.258337,400,0
0.8,0.3,1,7000,0,0.243169,0,0.265087,0,0.247975,0,0.243769,400,0
0.8,0.3,1,10000,0,0.246037,0,0.256331,0,0.254275,0,0.243356,400,0
0.8,0.3,1,25000,0,0.241181,0,0.257731,0,0.255156,0,0.245931,400,0
0.8,0.3,1,50000,0,0.24755,0,0.248369,0,0.237406,0,0.266675,400,0
0.8,0.3,1,100000,0,0.240269,0,0.244256,0,0.269619,0,0.245856,400,0
0.8,0.3,1,160000,0,0.248844,0,0.248138,0,0.259044,0,0.243975,400,0
0.8,0.35,1,0,0.126056,0.125006,0.124856,0.125481,0.12475,0.123869,0.125044,0.124938,400,0
0.8,0.35,1,1000,0,0.2488,0,0.247356,0,0.247619,0,0.256225,400,0
0.8,0.35,1,2000,0,0.248963,0,0.240994,0,0.255156,0,0.254887,400,0
0.8,0.35,1,3000,0,0.247525,0,0.268637,0,0.241306,0,0.242531,400,0
0.8,0.35,1,5000,0,0.233869,0,0.261319,0,0.258713,0,0.2461,400,0
0.8,0.35,1,7000,0,0.242262,0,0.246287,0,0.261969,0,0.249481,400,0
0.8,0.35,1,10000,0,0.242106,0,0.259331,0,0.256125,0,0.242438,400,0
0.8,0.35,1,25000,0,0.2436,0,0.251837,0,0.242844,0,0.261719,400,0
0.8,0.35,1,50000,0,0.264019,0,0.252956,0,0.233219,0,0.249806,400,0
0.8,0.35,1,100000,0,0.256975,0,0.245681,0,0.2383,0,0.259044,400,0
0.8,0.35,1,160000,0,0.236069,0,0.259012,0,0.260069,0,0.24485,400,0
0.8,0.35,1,0,0.125569,0.125075,0.126213,0.12435,0.12405,0.124294,0.124875,0.125575,400,0
0.8,0.35,1,1000,0,0.234975,0,0.247219,0,0.259288,0,0.258519,400,0
0.8,0.35,1,2000,0,0.243631,0,0.262606,0,0.237956,0,0.255806,400,0
0.8,0.35,1,3000,0,0.266719,0,0.246713,0,0.253081,0,0.233487,400,0
0.8,0.35,1,5000,0,0.259006,0,0.239156,0,0.251731,0,0.250106,400,0
0.8,0.35,1,7000,0,0.2395,0,0.237313,0,0.252912,0,0.270275,400,0
0.8,0.35,1,10000,0,0.261856,0,0.241138,0,0.243919,0,0.253088,400,0
0.8,0.35,1,25000,0,0.247131,0,0.245644,0,0.252806,0,0.254419,400,0
0.8,0.35,1,50000,0,0.238912,0,0.25545,0,0.256281,0,0.249356,400,0
0.8,0.35,1,100000,0,0.259606,0,0.252987,0,0.247181,0,0.240225,400,0
0.8,0.35,1,160000,0,0.258019,0,0.246081,0,0.2505,0,0.2454,400,0
0.8,0.4,1,0,0.124537,0.126144,0.124588,0.124869,0.125125,0.12515,0.123662,0.125925,400,0
0.8,0.4,1,1000,0,0.245875,0,0.246775,0,0.249844,0,0.257506,400,0
0.8,0.4,1,2000,0,0.24725,0,0.250538,0,0.2476,0,0.254613,400,0
0.8,0.4,1,3000,0,0.256094,0,0.234744,0,0.25395,0,0.255213,400,0
0.8,0.4,1,5000,0,0.262113,0,0.262769,0,0.231519,0,0.2436,400,0
0.8,0.4,1,7000,0,0.2522,0,0.24365,0,0.253038,0,0.251113,400,0
0.8,0.4,1,10000,0,0.260837,0,0.26435,0,0.229169,0,0.245644,400,0
0.8,0.4,1,25000,0,0.26915,0,0.23165,0,0.25855,0,0.24065,400,0
0.8,0.4,1,50000,0,0.246806,0,0.26435,0,0.243806,0,0.245037,400,0
0.8,0.4,1,100000,0,0.246244,0,0.240844,0,0.2676,0,0.245312,400,0
0.8,0.4,1,160000,0,0.246131,0,0.2583,0,0.245219,0,0.25035,400,0
0.8,0.4,1,0,0.123637,0.125062,0.125719,0.125281,0.125262,0.125694,0.124037,0.125306,400,0
0.8,0.4,1,1000,0,0.250719,0,0.253094,0,0.248775,0,0.247413,400,0
0.8,0.4,1,2000,0,0.243875,0,0.248219,0,0.267894,0,0.240012,400,0
0.8,0.4,1,3000,0,0.252875,0,0.241744,0,0.241012,0,0.264369,400,0
0.8,0.4,1,5000,0,0.258431,0,0.251019,0,0.252213,0,0.238338,400,0
0.8,0.4,1,7000,0,0.235394,0,0.251656,0,0.257044,0,0.255906,400,0
0.8,0.4,1,10000,0,0.232294,0,0.255956,0,0.254487,0,0.257263,400,0
0.8,0.4,1,25000,0,0.252731,0,0.256656,0,0.246737,0,0.243875,400,0
0.8,0.4,1,50000,0,0.241569,0,0.252069,0,0.246981,0,0.259381,400,0
0.8,0.4,1,100000,0,0.240781,0,0.267919,0,0.247025,0,0.244275,400,0
0.8,0.4,1,160000,0,0.252512,0,0.244037,0,0.2552,0,0.24825,400,0
0.8,0.45,1,0,0.124713,0.125938,0.123762,0.1243,0.125825,0.125394,0.125594,0.124475,400,0
0.8,0.45,1,1000,0,0.242688,0,0.253306,0,0.252713,0,0.251294,400,0
0.8,0.45,1,2000,0,0.267456,0,0.236594,0,0.239125,0,0.256825,400,0
0.8,0.45,1,3000,0,0.247031,0,0.236594,0,0.257069,0,0.259306,400,0
0.8,0.45,1,5000,0,0.254194,0,0.249194,0,0.245331,0,0.251281,400,0
0.8,0.45,1,7000,0,0.248819,0,0.242419,0,0.253613,0,0.25515,400,0
0.8,0.45,1,10000,0,0.242919,0,0.248444,0,0.254337,0,0.2543,400,0
0.8,0.45,1,25000,0,0.255744,0,0.242225,0,0.247769,0,0.254263,400,0
0.8,0.45,1,50000,0,0.241063,0,0.269475,0,0.246237,0,0.243225,400,0
0.8,0.45,1,100000,0,0.248394,0,0.245975,0,0.262487,0,0.243144,400,0
0.8,0.45,1,160000,0,0.233444,0,0.248031,0,0.275206,0,0.243319,400,0
0.8,0.45,1,0,0.124912,0.12555,0.125587,0.124644,0.125012,0.1249,0.126175,0.123219,400,0
0.8,0.45,1,1000,0,0.258856,0,0.238588,0,0.251731,0,0.250825,400,0
0.8,0.45,1,2000,0,0.254206,0,0.241069,0,0.247594,0,0.257131,400,0
0.8,0.45,1,3000,0,0.255931,0,0.255725,0,0.239206,0,0.249138,400,0
0.8,0.45,1,5000,0,0.258981,0,0.240119,0,0.250644,0,0.250256,400,0
0.8,0.45,1,7000,0,0.247919,0,0.252787,0,0.253756,0,0.245537,400,0
0.8,0.45,1,10000,0,0.251106,0,0.264325,0,0.253025,0,0.231544,400,0
0.8,0.45,1,25000,0,0.257412,0,0.256481,0,0.247569,0,0.238538,400,0
0.8,0.45,1,50000,0,0.23895,0,0.251713,0,0.249069,0,0.260269,400,0
0.8,0.45,1,100000,0,0.245525,0,0.272062,0,0.239506,0,0.242906,400,0
0.8,0.45,1,160000,0,0.262512,0,0.242956,0,0.240294,0,0.254238,400,0
0.8,0.5,1,0,0.124813,0.124919,0.125044,0.123787,0.1255,0.125738,0.124925,0.125275,400,0
0.8,0.5,1,1000,0,0.258256,0,0.248619,0,0.252181,0,0.240944,400,0
0.8,0.5,1,2000,0,0.246987,0,0.241825,0,0.2446,0,0.266587,400,0
0.8,0.5,1,3000,0,0.26115,0,0.25955,0,0.244225,0,0.235075,400,0
0.8,0.5,1,5000,0,0.244163,0,0.243294,0,0.248044,0,0.2645,400,0
0.8,0.5,1,7000,0,0.243781,0,0.250125,0,0.250456,0,0.255638,400,0
0.8,0.5,1,10000,0,0.245494,0,0.259294,0,0.244444,0,0.250769,400,0
0.8,0.5,1,25000,0,0.249681,0,0.254719,0,0.244731,0,0.250869,400,0
0.8,0.5,1,50000,0,0.255206,0,0.245787,0,0.253275,0,0.245731,400,0
0.8,0.5,1,100000,0,0.235619,0,0.246537,0,0.265188,0,0.252656,400,0
0.8,0.5,1,160000,0,0.248681,0,0.266419,0,0.232962,0,0.251937,400,0
0.8,0.5,1,0,0.126575,0.126575,0.1254,0.123325,0.124156,0.124525,0.1243,0.125144,400,0
0.8,0.5,1,1000,0,0.242913,0,0.246869,0,0.260419,0,0.2498,400,0
0.8,0.5,1,2000,0,0.260025,0,0.257881,0,0.239138,0,0.242956,400,0
0.8,0.5,1,3000,0,0.2331,0,0.244169,0,0.262738,0,0.259994,400,0
0.8,0.5,1,5000,0,0.266087,0,0.245363,0,0.245494,0,0.243056,400,0
0.8,0.5,1,7000,0,0.262894,0,0.260606,0,0.2382,0,0.2383,400,0
0.8,0.5,1,10000,0,0.246594,0,0.246569,0,0.2605,0,0.246337,400,0
0.8,0.5,1,25000,0,0.263562,0,0.256256,0,0.242469,0,0.237712,400,0
0.8,0.5,1,50000,0,0.25135,0,0.247181,0,0.2425,0,0.258969,400,0
0.8,0.5,1,100000,0,0.238788,0,0.251575,0,0.254656,0,0.254981,400,0
0.8,0.5,1,160000,0,0.251912,0,0.234937,0,0.255469,0,0.257681,400,0
0.8,0.55,1,0,0.124387,0.123188,0.126994,0.125569,0.124356,0.124444,0.125656,0.125406,400,0
0.8,0.55,1,1000,0,0.244144,0,0.262175,0,0.240456,0,0.253225,400,0
0.8,0.55,1,2000,0,0.256725,0,0.238675,0,0.249062,0,0.255537,400,0
0.8,0.55,1,3000,0,0.255088,0,0.247394,0,0.249913,0,0.247606,400,0
0.8,0.55,1,5000,0,0.246819,0,0.254356,0,0.242338,0,0.256487,400,0
0.8,0.55,1,7000,0,0.258531,0,0.236319,0,0.234613,0,0.270537,400,0
0.8,0.55,1,10000,0,0.248331,0,0.254231,0,0.249844,0,0.247594,400,0
0.8,0.55,1,25000,0,0.24035,0,0.253731,0,0.24745,0,0.258469,400,0
0.8,0.55,1,50000,0,0.257519,0,0.247631,0,0.237681,0,0.257169,400,0
0.8,0.55,1,100000,0,0.262881,0,0.246994,0,0.23525,0,0.254875,400,0
0.8,0.55,1,160000,0,0.262875,0,0.252031,0,0.235906,0,0.249188,400,0
0.8,0.55,1,0,0.125537,0.125719,0.123775,0.124706,0.124162,0.125225,0.125275,0.1256,400,0
0.8,0.55,1,1000,0,0.252725,0,0.2573,0,0.246562,0,0.243413,400,0
0.8,0.55,1,2000,0,0.242744,0,0.236388,0,0.266725,0,0.254144,400,0
0.8,0.55,1,3000,0,0.261788,0,0.2527,0,0.248925,0,0.236588,400,0
0.8,0.55,1,5000,0,0.248413,0,0.22945,0,0.25485,0,0.267288,400,0
0.8,0.55,1,7000,0,0.24665,0,0.25655,0,0.247425,0,0.249375,400,0
0.8,0.55,1,10000,0,0.241244,0,0.263875,0,0.253169,0,0.241712,400,0
0.8,0.55,1,25000,0,0.250387,0,0.25285,0,0.261056,0,0.235706,400,0
0.8,0.55,1,50000,0,0.245094,0,0.240625,0,0.252619,0,0.261663,400,0
0.8,0.55,1,100000,0,0.239725,0,0.271044,0,0.249294,0,0.239937,400,0
0.8,0.55,1,160000,0,0.248256,0,0.236819,0,0.248269,0,0.266656,400,0
0.8,0.6,1,0,0.124006,0.125844,0.124669,0.126119,0.123944,0.12585,0.125988,0.123581,400,0
0.8,0.6,1,1000,0,0.26205,0,0.267169,0,0.243787,0,0.226994,400,0
0.8,0.6,1,2000,0,0.2483,0,0.245856,0,0.26195,0,0.243894,400,0
0.8,0.6,1,3000,0,0.250825,0,0.245181,0,0.2495,0,0.254494,400,0
0.8,0.6,1,5000,0,0.255425,0,0.250619,0,0.248237,0,0.245719,400,0
0.8,0.6,1,7000,0,0.261288,0,0.241537,0,0.25525,0,0.241925,400,0
0.8,0.6,1,10000,0,0.269125,0,0.253825,0,0.235794,0,0.241256,400,0
0.8,0.6,1,25000,0,0.247425,0,0.252894,0,0.245631,0,0.25405,400,0
0.8,0.6,1,50000,0,0.236762,0,0.262119,0,0.260331,0,0.240787,400,0
0.8,0.6,1,100000,0,0.253875,0,0.248475,0,0.252375,0,0.245275,400,0
0.8,0.6,1,160000,0,0.248119,0,0.249544,0,0.245775,0,0.256563,400,0
0.8,0.6,1,0,0.123756,0.1262,0.125319,0.125638,0.124088,0.125194,0.124825,0.124981,400,0
0.8,0.6,1,1000,0,0.258556,0,0.250381,0,0.2459,0,0.245163,400,0
0.8,0.6,1,2000,0,0.254519,0,0.246325,0,0.246113,0,0.253044,400,0
0.8,0.6,1,3000,0,0.248375,0,0.242094,0,0.25,0,0.259531,400,0
0.8,0.6,1,5000,0,0.259156,0,0.252825,0,0.246963,0,0.241056,400,0
0.8,0.6,1,7000,0,0.256825,0,0.230531,0,0.253919,0,0.258725,400,0
0.8,0.6,1,10000,0,0.257275,0,0.245244,0,0.233819,0,0.263663,400,0
0.8,0.6,1,25000,0,0.231412,0,0.260012,0,0.251206,0,0.257369,400,0
0.8,0.6,1,50000,0,0.260337,0,0.246506,0,0.250781,0,0.242375,400,0
0.8,0.6,1,100000,0,0.266906,0,0.2466,0,0.228344,0,0.25815,400,0
0.8,0.6,1,160000,0,0.249881,0,0.256487,0,0.246419,0,0.247213,400,0
0.8,0.65,1,0,0.124594,0.124387,0.124281,0.124162,0.126775,0.125144,0.125619,0.125037,400,0
0.8,0.65,1,1000,0,0.238638,0,0.247156,0,0.270375,0,0.243831,400,0
0.8,0.65,1,2000,0,0.244138,0,0.248537,0,0.261725,0,0.2456,400,0
0.8,0.65,1,3000,0,0.246206,0,0.244506,0,0.248713,0,0.260575,400,0
0.8,0.65,1,5000,0,0.254375,0,0.252925,0,0.238594,0,0.254106,400,0
0.8,0.65,1,7000,0,0.244994,0,0.249438,0,0.243725,0,0.261844,400,0
0.8,0.65,1,10000,0,0.250469,0,0.257625,0,0.246475,0,0.245431,400,0
0.8,0.65,1,25000,0,0.260094,0,0.243781,0,0.247794,0,0.248331,400,0
0.8,0.65,1,50000,0,0.237687,0,0.247987,0,0.260569,0,0.253756,400,0
0.8,0.65,1,100000,0,0.248806,0,0.2618,0,0.251031,0,0.238363,400,0
0.8,0.65,1,160000,0,0.251544,0,0.243431,0,0.255412,0,0.249612,400,0
0.8,0.65,1,0,0.12695,0.124019,0.125825,0.124387,0.125031,0.122306,0.124831,0.12665,400,0
0.8,0.65,1,1000,0,0.243562,0,0.252294,0,0.2452,0,0.258944,400,0
0.8,0.65,1,2000,0,0.233731,0,0.269462,0,0.242569,0,0.254238,400,0
0.8,0.65,1,3000,0,0.2373,0,0.239537,0,0.26485,0,0.258313,400,0
0.8,0.65,1,5000,0,0.245244,0,0.251156,0,0.248119,0,0.255481,400,0
0.8,0.65,1,7000,0,0.232994,0,0.257837,0,0.260944,0,0.248225,400,0
0.8,0.65,1,10000,0,0.243575,0,0.248019,0,0.256312,0,0.252094,400,0
0.8,0.65,1,25000,0,0.240706,0,0.247706,0,0.257788,0,0.2538,400,0
0.8,0.65,1,50000,0,0.252956,0,0.250969,0,0.246881,0,0.249194,400,0
0.8,0.65,1,100000,0,0.232744,0,0.251188,0,0.256731,0,0.259337,400,0
0.8,0.65,1,160000,0,0.243456,0,0.254638,0,0.247294,0,0.254613,400,0
0.8,0.7,1,0,0.125562,0.124006,0.124694,0.125419,0.124075,0.125256,0.124781,0.126206,400,0
0.8,0.7,1,1000,0,0.2401,0,0.255594,0,0.260331,0,0.243975,400,0
0.8,0.7,1,2000,0,0.243956,0,0.274256,0,0.252531,0,0.229256,400,0
0.8,0.7,1,3000,0,0.241037,0,0.249725,0,0.254494,0,0.254744,400,0
0.8,0.7,1,5000,0,0.250281,0,0.262419,0,0.246438,0,0.240863,400,0
0.8,0.7,1,7000,0,0.248669,0,0.248519,0,0.265194,0,0.237619,400,0
0.8,0.7,1,10000,0,0.248394,0,0.254219,0,0.241181,0,0.256206,400,0
0.8,0.7,1,25000,0,0.238625,0,0.251656,0,0.249494,0,0.260225,400,0
0.8,0.7,1,50000,0,0.265238,0,0.240806,0,0.251344,0,0.242613,400,0
0.8,0.7,1,100000,0,0.252344,0,0.24615,0,0.256613,0,0.244894,400,0
0.8,0.7,1,160000,0,0.253238,0,0.245869,0,0.2471,0,0.253794,400,0
0.8,0.7,1,0,0.125812,0.123744,0.12325,0.125163,0.126269,0.124156,0.126531,0.125075,400,0
0.8,0.7,1,1000,0,0.269531,0,0.240487,0,0.233625,0,0.256356,400,0
0.8,0.7,1,2000,0,0.242275,0,0.257638,0,0.258156,0,0.241931,400,0
0.8,0.7,1,3000,0,0.245294,0,0.232831,0,0.253613,0,0.268263,400,0
0.8,0.7,1,5000,0,0.251881,0,0.243931,0,0.2449,0,0.259288,400,0
0.8,0.7,1,7000,0,0.243725,0,0.256387,0,0.250881,0,0.249006,400,0
0.8,0.7,1,10000,0,0.24795,0,0.252156,0,0.254025,0,0.245869,400,0
0.8,0.7,1,25000,0,0.240937,0,0.244756,0,0.25695,0,0.257356,400,0
0.8,0.7,1,50000,0,0.244556,0,0.259944,0,0.252962,0,0.242537,400,0
0.8,0.7,1,100000,0,0.246787,0,0.230369,0,0.2574,0,0.265444,400,0
0.8,0.7,1,160000,0,0.256481,0,0.237975,0,0.252675,0,0.252869,400,0
0.8,0.75,1,0,0.123362,0.123269,0.125031,0.126238,0.125219,0.126413,0.125981,0.124488,400,0
0.8,0.75,1,1000,0,0.249831,0,0.248894,0,0.254944,0,0.246331,400,0
0.8,0.75,1,2000,0,0.251669,0,0.251144,0,0.240931,0,0.256256,400,0
0.8,0.75,1,3000,0,0.264275,0,0.239081,0,0.241625,0,0.255019,400,0
0.8,0.75,1,5000,0,0.253525,0,0.255962,0,0.247125,0,0.243388,400,0
0.8,0.75,1,7000,0,0.244469,0,0.253575,0,0.247969,0,0.253987,400,0
0.8,0.75,1,10000,0,0.238338,0,0.252081,0,0.250163,0,0.259419,400,0
0.8,0.75,1,25000,0,0.252412,0,0.228225,0,0.267188,0,0.252175,400,0
0.8,0.75,1,50000,0,0.236444,0,0.268969,0,0.251031,0,0.243556,400,0
0.8,0.75,1,100000,0,0.23785,0,0.243962,0,0.260581,0,0.257606,400,0
0.8,0.75,1,160000,0,0.250656,0,0.251269,0,0.258912,0,0.239163,400,0
0.8,0.75,1,0,0.127331,0.125206,0.125944,0.123856,0.125106,0.124044,0.124225,0.124287,400,0
0.8,0.75,1,1000,0,0.2537,0,0.262512,0,0.249019,0,0.234769,400,0
0.8,0.75,1,2000,0,0.255506,0,0.258125,0,0.236656,0,0.249713,400,0
0.8,0.75,1,3000,0,0.250188,0,0.250256,0,0.241431,0,0.258125,400,0
0.8,0.75,1,5000,0,0.264425,0,0.236012,0,0.244419,0,0.255144,400,0
0.8,0.75,1,7000,0,0.232006,0,0.265906,0,0.251406,0,0.250681,400,0
0.8,0.75,1,10000,0,0.266925,0,0.233056,0,0.249669,0,0.25035,400,0
0.8,0.75,1,25000,0,0.2564,0,0.248656,0,0.248244,0,0.2467,400,0
0.8,0.75,1,50000,0,0.256919,0,0.241644,0,0.24965,0,0.251787,400,0
0.8,0.75,1,100000,0,0.228331,0,0.244606,0,0.266331,0,0.260731,400,0
0.8,0.75,1,160000,0,0.253,0,0.251144,0,0.244212,0,0.251644,400,0
0.8,0.8,1,0,0.123044,0.125075,0.125112,0.125362,0.125431,0.124406,0.124906,0.126663,400,0
0.8,0.8,1,1000,0,0.251006,0,0.260688,0,0.245394,0,0.242913,400,0
0.8,0.8,1,2000,0,0.241088,0,0.263881,0,0.254225,0,0.240806,400,0
0.8,0.8,1,3000,0,0.243231,0,0.245356,0,0.259394,0,0.252019,400,0
0.8,0.8,1,5000,0,0.2421,0,0.261894,0,0.2502,0,0.245806,400,0
0.8,0.8,1,7000,0,0.271325,0,0.2419,0,0.231969,0,0.254806,400,0
0.8,0.8,1,10000,0,0.244175,0,0.251713,0,0.2597,0,0.244413,400,0
0.8,0.8,1,25000,0,0.259456,0,0.247812,0,0.233637,0,0.259094,400,0
0.8,0.8,1,50000,0,0.2462,0,0.272487,0,0.244506,0,0.236806,400,0
0.8,0.8,1,100000,0,0.247075,0,0.245625,0,0.259138,0,0.248163,400,0
0.8,0.8,1,160000,0,0.242312,0,0.254412,0,0.249744,0,0.253531,400,0
0.8,0.8,1,0,0.125856,0.124012,0.124244,0.125888,0.124544,0.125669,0.124006,0.125781,400,0
0.8,0.8,1,1000,0,0.250575,0,0.258506,0,0.242938,0,0.247981,400,0
0.8,0.8,1,2000,0,0.241419,0,0.254956,0,0.253806,0,0.249819,400,0
0.8,0.8,1,3000,0,0.2599,0,0.247087,0,0.243381,0,0.249631,400,0
0.8,0.8,1,5000,0,0.249131,0,0.250075,0,0.249169,0,0.251625,400,0
0.8,0.8,1,7000,0,0.250775,0,0.255656,0,0.253981,0,0.239588,400,0
0.8,0.8,1,10000,0,0.260219,0,0.248681,0,0.2544,0,0.2367,400,0
0.8,0.8,1,25000,0,0.244181,0,0.245781,0,0.259925,0,0.250113,400,0
0.8,0.8,1,50000,0,0.2472,0,0.240863,0,0.250412,0,0.261525,400,0
0.8,0.8,1,100000,0,0.245306,0,0.253869,0,0.252131,0,0.248694,400,0
0.8,0.8,1,160000,0,0.252581,0,0.25835,0,0.24865,0,0.240419,400,0
0.8,0.85,1,0,0.1254,0.1253,0.1252,0.126312,0.124075,0.124831,0.124775,0.124106,400,0
0.8,0.85,1,1000,0,0.242838,0,0.236994,0,0.252688,0,0.267481,400,0
0.8,0.85,1,2000,0,0.2445,0,0.267575,0,0.246694,0,0.241231,400,0
0.8,0.85,1,3000,0,0.2333,0,0.251412,0,0.265887,0,0.2494,400,0
0.8,0.85,1,5000,0,0.24905,0,0.257763,0,0.2558,0,0.237388,400,0
0.8,0.85,1,7000,0,0.236731,0,0.248625,0,0.257725,0,0.256919,400,0
0.8,0.85,1,10000,0,0.231631,0,0.267075,0,0.249225,0,0.252069,400,0
0.8,0.85,1,25000,0,0.260331,0,0.260088,0,0.244762,0,0.234819,400,0
0.8,0.85,1,50000,0,0.259831,0,0.228644,0,0.256819,0,0.254706,400,0
0.8,0.85,1,100000,0,0.248956,0,0.24765,0,0.242181,0,0.261213,400,0
0.8,0.85,1,160000,0,0.247219,0,0.246719,0,0.267744,0,0.238319,400,0
0.8,0.85,1,0,0.126075,0.124887,0.123944,0.124481,0.124106,0.125269,0.125719,0.125519,400,0
0.8,0.85,1,1000,0,0.238375,0,0.249144,0,0.254231,0,0.25825,400,0
0.8,0.85,1,2000,0,0.237681,0,0.256144,0,0.254194,0,0.251981,400,0
0.8,0.85,1,3000,0,0.253031,0,0.255406,0,0.244519,0,0.247044,400,0
0.8,0.85,1,5000,0,0.240019,0,0.239512,0,0.264881,0,0.255588,400,0
0.8,0.85,1,7000,0,0.253725,0,0.257113,0,0.230275,0,0.258887,400,0
0.8,0.85,1,10000,0,0.257269,0,0.255887,0,0.2451,0,0.241744,400,0
0.8,0.85,1,25000,0,0.238162,0,0.244544,0,0.272106,0,0.245188,400,0
0.8,0.85,1,50000,0,0.2601,0,0.260825,0,0.236969,0,0.242106,400,0
0.8,0.85,1,100000,0,0.264887,0,0.24155,0,0.253194,0,0.240369,400,0
0.8,0.85,1,160000,0,0.231375,0,0.274838,0,0.238063,0,0.255725,400,0
0.8,0.9,1,0,0.125725,0.125525,0.1236,0.124613,0.124675,0.12555,0.125069,0.125244,400,0
0.8,0.9,1,1000,0,0.253556,0,0.241531,0,0.260256,0,0.244656,400,0
0.8,0.9,1,2000,0,0.238881,0,0.246087,0,0.265406,0,0.249625,400,0
0.8,0.9,1,3000,0,0.257063,0,0.260831,0,0.233588,0,0.248519,400,0
0.8,0.9,1,5000,0,0.239906,0,0.2479,0,0.250131,0,0.262062,400,0
0.8,0.9,1,7000,0,0.248719,0,0.25865,0,0.253556,0,0.239075,400,0
0.8,0.9,1,10000,0,0.238962,0,0.250606,0,0.256794,0,0.253638,400,0
0.8,0.9,1,25000,0,0.264406,0,0.248037,0,0.244481,0,0.243075,400,0
0.8,0.9,1,50000,0,0.261775,0,0.230544,0,0.242106,0,0.265575,400,0
0.8,0.9,1,100000,0,0.259,0,0.240969,0,0.249156,0,0.250875,400,0
0.8,0.9,1,160000,0,0.270169,0,0.260525,0,0.225381,0,0.243925,400,0
0.8,0.9,1,0,0.126612,0.125312,0.125069,0.125131,0.123725,0.124044,0.125094,0.125012,400,0
0.8,0.9,1,1000,0,0.255806,0,0.249112,0,0.246869,0,0.248213,400,0
0.8,0.9,1,2000,0,0.23995,0,0.235725,0,0.26885,0,0.255475,400,0
0.8,0.9,1,3000,0,0.243025,0,0.258313,0,0.248156,0,0.250506,400,0
0.8,0.9,1,5000,0,0.24535,0,0.264694,0,0.2433,0,0.246656,400,0
0.8,0.9,1,7000,0,0.251856,0,0.240919,0,0.241931,0,0.265294,400,0
0.8,0.9,1,10000,0,0.259869,0,0.248363,0,0.240419,0,0.25135,400,0
0.8,0.9,1,25000,0,0.256763,0,0.257462,0,0.2486,0,0.237175,400,0
0.8,0.9,1,50000,0,0.253656,0,0.242206,0,0.244962,0,0.259175,400,0
0.8,0.9,1,100000,0,0.249656,0,0.2548,0,0.246056,0,0.249488,400,0
0.8,0.9,1,160000,0,0.241656,0,0.2456,0,0.261,0,0.251744,400,0
0.8,0.95,1,0,0.124813,0.125056,0.126169,0.125306,0.12445,0.124406,0.125375,0.124425,400,0
0.8,0.95,1,1000,0,0.261944,0,0.264969,0,0.243294,0,0.229794,400,0
0.8,0.95,1,2000,0,0.241169,0,0.254369,0,0.242156,0,0.262306,400,0
0.8,0.95,1,3000,0,0.27315,0,0.255075,0,0.233606,0,0.238169,400,0
0.8,0.95,1,5000,0,0.263338,0,0.238956,0,0.253437,0,0.244269,400,0
0.8,0.95,1,7000,0,0.235462,0,0.262775,0,0.259306,0,0.242456,400,0
0.8,0.95,1,10000,0,0.249812,0,0.250437,0,0.251681,0,0.248069,400,0
0.8,0.95,1,25000,0,0.244856,0,0.253344,0,0.251862,0,0.249938,400,0
0.8,0.95,1,50000,0,0.245294,0,0.25245,0,0.237994,0,0.264263,400,0
0.8,0.95,1,100000,0,0.25035,0,0.255575,0,0.249156,0,0.244919,400,0
0.8,0.95,1,160000,0,0.259887,0,0.252744,0,0.235519,0,0.25185,400,0
0.8,0.95,1,0,0.124794,0.125888,0.124162,0.125713,0.125688,0.124631,0.124994,0.124131,400,0
0.8,0.95,1,1000,0,0.257081,0,0.24395,0,0.248369,0,0.2506,400,0
0.8,0.95,1,2000,0,0.249256,0,0.253944,0,0.236644,0,0.260156,400,0
0.8,0.95,1,3000,0,0.244413,0,0.253787,0,0.256012,0,0.245787,400,0
0.8,0.95,1,5000,0,0.250469,0,0.256169,0,0.243306,0,0.250056,400,0
0.8,0.95,1,7000,0,0.241287,0,0.261813,0,0.249575,0,0.247325,400,0
0.8,0.95,1,10000,0,0.24555,0,0.248994,0,0.238044,0,0.267412,400,0
0.8,0.95,1,25000,0,0.248756,0,0.23445,0,0.257356,0,0.259437,400,0
0.8,0.95,1,50000,0,0.246062,0,0.2457,0,0.254044,0,0.254194,400,0
0.8,0.95,1,100000,0,0.245756,0,0.247781,0,0.246625,0,0.259837,400,0
0.8,0.95,1,160000,0,0.252325,0,0.240063,0,0.251769,0,0.255844,400,0
0.8,1,1,0,0.125794,0.124744,0.125762,0.12445,0.125525,0.125625,0.124275,0.123825,400,0
0.8,1,1,1000,0,0.244519,0,0.257106,0,0.240931,0,0.257444,400,0
0.8,1,1,2000,0,0.24835,0,0.250044,0,0.256019,0,0.245587,400,0
0.8,1,1,3000,0,0.269962,0,0.242281,0,0.2443,0,0.243456,400,0
0.8,1,1,5000,0,0.252175,0,0.241419,0,0.256019,0,0.250387,400,0
0.8,1,1,7000,0,0.245287,0,0.250325,0,0.253856,0,0.250531,400,0
0.8,1,1,10000,0,0.239275,0,0.249156,0,0.268288,0,0.243281,400,0
0.8,1,1,25000,0,0.258475,0,0.250962,0,0.247231,0,0.243331,400,0
0.8,1,1,50000,0,0.255962,0,0.2448,0,0.245031,0,0.254206,400,0
0.8,1,1,100000,0,0.254031,0,0.265,0,0.238869,0,0.2421,400,0
0.8,1,1,160000,0,0.255937,0,0.254012,0,0.242681,0,0.247369,400,0
0.8,1,1,0,0.125413,0.125744,0.125431,0.124875,0.125388,0.124313,0.124575,0.124262,400,0
0.8,1,1,1000,0,0.252744,0,0.240762,0,0.248575,0,0.257919,400,0
0.8,1,1,2000,0,0.265581,0,0.249094,0,0.245206,0,0.240119,400,0
0.8,1,1,3000,0,0.257881,0,0.255931,0,0.237125,0,0.249062,400,0
0.8,1,1,5000,0,0.245062,0,0.248363,0,0.257719,0,0.248856,400,0
0.8,1,1,7000,0,0.257556,0,0.248269,0,0.241462,0,0.252713,400,0
0.8,1,1,10000,0,0.254775,0,0.24805,0,0.250875,0,0.2463,400,0
0.8,1,1,25000,0,0.250981,0,0.253125,0,0.240606,0,0.255288,400,0
0.8,1,1,50000,0,0.245894,0,0.251444,0,0.257119,0,0.245544,400,0
0.8,1,1,100000,0,0.244456,0,0.255944,0,0.248894,0,0.250706,400,0
0.8,1,1,160000,0,0.258706,0,0.247256,0,0.247619,0,0.246419,400,0
0.85,0,1,0,0.123856,0.125025,0.12565,0.125362,0.123813,0.125731,0.125988,0.124575,400,0
0.85,0,1,1000,0.151113,0.0934938,0.161469,0.101475,0.164013,0.0931875,0.147181,0.0880688,400,0
0.85,0,1,2000,0.174275,0.0682688,0.161869,0.0697875,0.178119,0.0843437,0.179731,0.0836062,400,0
0.85,0,1,3000,0.168131,0.0664625,0.18705,0.06765,0.1919,0.0663813,0.17975,0.072675,400,0
0.85,0,1,5000,0.18025,0.0766187,0.169831,0.0740875,0.176737,0.0726312,0.181131,0.0687125,400,0
0.85,0,1,7000,0.194856,0.051025,0.199856,0.0559625,0.199981,0.0543312,0.194025,0.0499625,400,0
0.85,0,1,10000,0.201606,0.04475,0.2038,0.05125,0.203594,0.04345,0.197625,0.053925,400,0
0.85,0,1,25000,0.249762,0,0.2605,0,0.245175,0,0.244562,0,400,0
0.85,0,1,50000,0.264263,0,0.253794,0,0.242325,0,0.239619,0,400,0
0.85,0,1,100000,0.256456,0,0.233706,0,0.243644,0,0.266194,0,400,0
0.85,0,1,160000,0.247262,0,0.242025,0,0.267969,0,0.242744,0,400,0
0.85,0,1,0,0.126512,0.124887,0.123644,0.123762,0.125875,0.1252,0.125787,0.124331,400,0
0.85,0,1,1000,0.1411,0.116056,0.1454,0.103681,0.134431,0.103619,0.148163,0.10755,400,0
0.85,0,1,2000,0.130031,0.116719,0.121987,0.124275,0.118919,0.1295,0.129956,0.128612,400,0
0.85,0,1,3000,0.134362,0.115363,0.136569,0.11755,0.141375,0.106512,0.137838,0.110431,400,0
0.85,0,1,5000,0.118919,0.120463,0.136456,0.109806,0.124713,0.125163,0.139237,0.125244,400,0
0.85,0,1,7000,0.1573,0.102556,0.160019,0.0978375,0.156206,0.0889125,0.1477,0.0894687,400,0
0.85,0,1,10000,0.196612,0.0606063,0.194919,0.0455313,0.1939,0.052625,0.1933,0.0625062,400,0
0.85,0,1,25000,0.255994,0,0.238631,0,0.253256,0,0.252119,0,400,0
0.85,0,1,50000,0.255569,0,0.241088,0,0.2631,0,0.240244,0,400,0
0.85,0,1,100000,0.246544,0,0.241588,0,0.248319,0,0.26355,0,400,0
0.85,0,1,160000,0.247781,0,0.254744,0,0.256169,0,0.241306,0,400,0
0.85,0.05,1,0,0.124762,0.124225,0.1264,0.125169,0.125562,0.123162,0.125256,0.125463,400,0
0.85,0.05,1,1000,0.00818125,0.243406,0.0156438,0.230862,0.0100313,0.236944,0.0105813,0.24435,400,0
0.85,0.05,1,2000,0,0.254694,0,0.267281,0,0.246406,0,0.231619,400,0
0.85,0.05,1,3000,0,0.248656,0,0.253419,0,0.242856,0,0.255069,400,0
0.85,0.05,1,5000,0,0.253906,0,0.242075,0,0.243944,0,0.260075,400,0
0.85,0.05,1,7000,0,0.253644,0,0.239588,0,0.243544,0,0.263225,400,0
0.85,0.05,1,10000,0,0.237987,0,0.2645,0,0.247688,0,0.249825,400,0
0.85,0.05,1,25000,0,0.236494,0,0.248981,0,0.262125,0,0.2524,400,0
0.85,0.05,1,50000,0,0.246875,0,0.247019,0,0.268075,0,0.238031,400,0
0.85,0.05,1,100000,0,0.243006,0,0.26345,0,0.245737,0,0.247806,400,0
0.85,0.05,1,160000,0,0.2489,0,0.252081,0,0.232306,0,0.266713,400,0
0.85,0.05,1,0,0.124381,0.125163,0.12585,0.124744,0.124425,0.125031,0.125713,0.124694,400,0
0.85,0.05,1,1000,0.0169375,0.215725,0.0181625,0.226081,0.0192312,0.251156,0.0163375,0.236369,400,0
0.85,0.05,1,2000,9.375e-05,0.262719,0,0.255769,0.0008125,0.238031,0.00031875,0.242256,400,0
0.85,0.05,1,3000,0,0.2511,0,0.241794,0,0.251625,0,0.255481,400,0
0.85,0.05,1,5000,0,0.242063,0,0.266244,0,0.260813,0,0.230881,400,0
0.85,0.05,1,7000,0,0.25155,0,0.237662,0,0.246706,0,0.264081,400,0
0.85,0.05,1,10000,0,0.252675,0,0.234363,0,0.237712,0,0.27525,400,0
0.85,0.05,1,25000,0,0.263831,0,0.261044,0,0.244531,0,0.230594,400,0
0.85,0.05,1,50000,0,0.255563,0,0.237906,0,0.253075,0,0.253456,400,0
0.85,0.05,1,100000,0,0.251831,0,0.229187,0,0.267062,0,0.251919,400,0
0.85,0.05,1,160000,0,0.249269,0,0.260638,0,0.256119,0,0.233975,400,0
0.85,0.1,1,0,0.125438,0.124113,0.125238,0.125938,0.124988,0.124419,0.124931,0.124938,400,0
0.85,0.1,1,1000,0.0243312,0.217331,0.0251437,0.233069,0.0196375,0.240388,0.0213937,0.218706,400,0
0.85,0.1,1,2000,0.0013125,0.246938,0.00091875,0.246837,0.00043125,0.252925,0.00105625,0.249581,400,0
0.85,0.1,1,3000,0,0.268475,0,0.230256,0,0.258931,0,0.242338,400,0
0.85,0.1,1,5000,0,0.257956,0,0.2576,0,0.228087,0,0.256356,400,0
0.85,0.1,1,7000,0,0.258156,0,0.252387,0,0.240069,0,0.249388,400,0
0.85,0.1,1,10000,0,0.247725,0,0.257081,0,0.256194,0,0.239,400,0
0.85,0.1,1,25000,0,0.234519,0,0.268356,0,0.253325,0,0.2438,400,0
0.85,0.1,1,50000,0,0.252381,0,0.236888,0,0.257862,0,0.252869,400,0
0.85,0.1,1,100000,0,0.263437,0,0.254238,0,0.242312,0,0.240012,400,0
0.85,0.1,1,160000,0,0.241925,0,0.265294,0,0.2568,0,0.235981,400,0
0.85,0.1,1,0,0.12515,0.125819,0.125244,0.125119,0.124319,0.124006,0.124575,0.125769,400,0
0.85,0.1,1,1000,0.019775,0.23355,0.0209562,0.237138,0.0184062,0.227087,0.00964375,0.233444,400,0
0.85,0.1,1,2000,0,0.234806,0,0.264263,0,0.256519,0,0.244413,400,0
0.85,0.1,1,3000,0,0.274656,0,0.239038,0,0.257563,0,0.228744,400,0
0.85,0.1,1,5000,0,0.262025,0,0.247119,0,0.2504,0,0.240456,400,0
0.85,0.1,1,7000,0,0.239725,0,0.248494,0,0.252844,0,0.258937,400,0
0.85,0.1,1,10000,0,0.240475,0,0.241206,0,0.269844,0,0.248475,400,0
0.85,0.1,1,25000,0,0.257063,0,0.258962,0,0.246812,0,0.237162,400,0
0.85,0.1,1,50000,0,0.242219,0,0.236669,0,0.247331,0,0.273781,400,0
0.85,0.1,1,100000,0,0.252063,0,0.250469,0,0.254519,0,0.24295,400,0
0.85,0.1,1,160000,0,0.240012,0,0.245138,0,0.260519,0,0.254331,400,0
0.85,0.15,1,0,0.125844,0.124875,0.124856,0.124031,0.126512,0.124819,0.124319,0.124744,400,0
0.85,0.15,1,1000,0,0.262006,0,0.256519,0.000375,0.243381,0,0.237719,400,0
0.85,0.15,1,2000,0,0.244212,0,0.25885,0,0.27015,0,0.226788,400,0
0.85,0.15,1,3000,0,0.244512,0,0.251569,0,0.251006,0,0.252912,400,0
0.85,0.15,1,5000,0,0.245106,0,0.24655,0,0.242494,0,0.26585,400,0
0.85,0.15,1,7000,0,0.229337,0,0.248413,0,0.26085,0,0.2614,400,0
0.85,0.15,1,10000,0,0.250837,0,0.250044,0,0.2464,0,0.252719,400,0
0.85,0.15,1,25000,0,0.248756,0,0.233969,0,0.252744,0,0.264531,400,0
0.85,0.15,1,50000,0,0.242981,0,0.257725,0,0.245494,0,0.2538,400,0
0.85,0.15,1,100000,0,0.241,0,0.250031,0,0.2571,0,0.251869,400,0
0.85,0.15,1,160000,0,0.245394,0,0.2572,0,0.245863,0,0.251544,400,0
0.85,0.15,1,0,0.124894,0.125025,0.1264,0.1243,0.125325,0.123019,0.126844,0.124194,400,0
0.85,0.15,1,1000,0.0055125,0.251625,0.0101125,0.250113,0.0035125,0.237656,0.0027875,0.238681,400,0
0.85,0.15,1,2000,0,0.256694,0,0.244344,0,0.24625,0,0.252713,400,0
0.85,0.15,1,3000,0,0.250031,0,0.236875,0,0.252331,0,0.260763,400,0
0.85,0.15,1,5000,0,0.252238,0,0.241187,0,0.237756,0,0.268819,400,0
0.85,0.15,1,7000,0,0.249656,0,0.264756,0,0.251981,0,0.233606,400,0
0.85,0.15,1,10000,0,0.254713,0,0.25635,0,0.246519,0,0.242419,400,0
0.85,0.15,1,25000,0,0.254631,0,0.259444,0,0.248638,0,0.237288,400,0
0.85,0.15,1,50000,0,0.241663,0,0.253412,0,0.256175,0,0.24875,400,0
0.85,0.15,1,100000,0,0.258537,0,0.255556,0,0.259387,0,0.226519,400,0
0.85,0.15,1,160000,0,0.248831,0,0.260437,0,0.243781,0,0.24695,400,0
0.85,0.2,1,0,0.124244,0.124406,0.125444,0.123887,0.125875,0.126312,0.124531,0.1253,400,0
0.85,0.2,1,1000,0,0.25245,0,0.25485,0,0.244556,0,0.248144,400,0
0.85,0.2,1,2000,0,0.239063,0,0.261862,0,0.24255,0,0.256525,400,0
0.85,0.2,1,3000,0,0.244712,0,0.248031,0,0.256887,0,0.250369,400,0
0.85,0.2,1,5000,0,0.236437,0,0.262725,0,0.247244,0,0.253594,400,0
0.85,0.2,1,7000,0,0.253038,0,0.256487,0,0.248456,0,0.242019,400,0
0.85,0.2,1,10000,0,0.265087,0,0.230187,0,0.236487,0,0.268238,400,0
0.85,0.2,1,25000,0,0.245619,0,0.25405,0,0.258206,0,0.242125,400,0
0.85,0.2,1,50000,0,0.251744,0,0.258106,0,0.240419,0,0.249731,400,0
0.85,0.2,1,100000,0,0.2591,0,0.253469,0,0.2397,0,0.247731,400,0
0.85,0.2,1,160000,0,0.263238,0,0.2503,0,0.239563,0,0.2469,400,0
0.85,0.2,1,0,0.125394,0.125762,0.124894,0.124775,0.123919,0.125606,0.125075,0.124575,400,0
0.85,0.2,1,1000,0,0.259775,0,0.26125,0,0.2333,0,0.245675,400,0
0.85,0.2,1,2000,0,0.2688,0,0.2421,0,0.250794,0,0.238306,400,0
0.85,0.2,1,3000,0,0.253425,0,0.261844,0,0.244006,0,0.240725,400,0
0.85,0.2,1,5000,0,0.246237,0,0.259369,0,0.26025,0,0.234144,400,0
0.85,0.2,1,7000,0,0.242506,0,0.250806,0,0.249988,0,0.2567,400,0
0.85,0.2,1,10000,0,0.245506,0,0.256781,0,0.251381,0,0.246331,400,0
0.85,0.2,1,25000,0,0.24825,0,0.25295,0,0.251931,0,0.246869,400,0
0.85,0.2,1,50000,0,0.252544,0,0.25345,0,0.243669,0,0.250337,400,0
0.85,0.2,1,100000,0,0.241256,0,0.251425,0,0.262688,0,0.244631,400,0
0.85,0.2,1,160000,0,0.249869,0,0.248806,0,0.263506,0,0.237819,400,0
0.85,0.25,1,0,0.125606,0.125037,0.1241,0.126037,0.124775,0.124938,0.12415,0.125356,400,0
0.85,0.25,1,1000,0,0.2533,0,0.256238,0,0.253269,0,0.237194,400,0
0.85,0.25,1,2000,0,0.247756,0,0.237519,0,0.251088,0,0.263638,400,0
0.85,0.25,1,3000,0,0.243225,0,0.245694,0,0.243506,0,0.267575,400,0
0.85,0.25,1,5000,0,0.235788,0,0.254019,0,0.270813,0,0.239381,400,0
0.85,0.25,1,7000,0,0.258406,0,0.242656,0,0.234381,0,0.264556,400,0
0.85,0.25,1,10000,0,0.24715,0,0.264675,0,0.246694,0,0.241481,400,0
0.85,0.25,1,25000,0,0.248713,0,0.246837,0,0.250775,0,0.253675,400,0
0.85,0.25,1,50000,0,0.240625,0,0.257138,0,0.253844,0,0.248394,400,0
0.85,0.25,1,100000,0,0.245919,0,0.2603,0,0.236912,0,0.256869,400,0
0.85,0.25,1,160000,0,0.246237,0,0.251219,0,0.250206,0,0.252337,400,0
0.85,0.25,1,0,0.125069,0.124512,0.125925,0.124313,0.125362,0.125931,0.123181,0.125706,400,0
0.85,0.25,1,1000,0,0.242812,0,0.254975,0,0.261788,0,0.240425,400,0
0.85,0.25,1,2000,0,0.25375,0,0.245181,0,0.240456,0,0.260613,400,0
0.85,0.25,1,3000,0,0.253787,0,0.229131,0,0.251919,0,0.265163,400,0
0.85,0.25,1,5000,0,0.257263,0,0.259962,0,0.233019,0,0.249756,400,0
0.85,0.25,1,7000,0,0.252119,0,0.253031,0,0.248419,0,0.246431,400,0
0.85,0.25,1,10000,0,0.240631,0,0.247894,0,0.2588,0,0.252675,400,0
0.85,0.25,1,25000,0,0.233513,0,0.259937,0,0.265638,0,0.240913,400,0
0.85,0.25,1,50000,0,0.253894,0,0.262169,0,0.241925,0,0.242012,400,0
0.85,0.25,1,100000,0,0.255331,0,0.253219,0,0.256063,0,0.235387,400,0
0.85,0.25,1,160000,0,0.251319,0,0.267919,0,0.238744,0,0.242019,400,0
0.85,0.3,1,0,0.124425,0.125344,0.124069,0.126219,0.12585,0.12535,0.123644,0.1251,400,0
0.85,0.3,1,1000,0,0.2409,0,0.264075,0,0.247875,0,0.24715,400,0
0.85,0.3,1,2000,0,0.263206,0,0.234144,0,0.240206,0,0.262444,400,0
0.85,0.3,1,3000,0,0.243719,0,0.249475,0,0.259937,0,0.246869,400,0
0.85,0.3,1,5000,0,0.251475,0,0.253369,0,0.243938,0,0.251219,400,0
0.85,0.3,1,7000,0,0.241563,0,0.262094,0,0.244131,0,0.252213,400,0
0.85,0.3,1,10000,0,0.257894,0,0.255688,0,0.247356,0,0.239063,400,0
0.85,0.3,1,25000,0,0.237625,0,0.254206,0,0.24595,0,0.262219,400,0
0.85,0.3,1,50000,0,0.230156,0,0.2484,0,0.256069,0,0.265375,400,0
0.85,0.3,1,100000,0,0.263788,0,0.2545,0,0.233987,0,0.247725,400,0
0.85,0.3,1,160000,0,0.251331,0,0.249656,0,0.245906,0,0.253106,400,0
0.85,0.3,1,0,0.123875,0.125325,0.125188,0.126144,0.125344,0.125169,0.124719,0.124238,400,0
0.85,0.3,1,1000,0,0.249587,0,0.256369,0,0.228637,0,0.265406,400,0
0.85,0.3,1,2000,0,0.256306,0,0.251025,0,0.247569,0,0.2451,400,0
0.85,0.3,1,3000,0,0.237737,0,0.254763,0,0.260944,0,0.246556,400,0
0.85,0.3,1,5000,0,0.249631,0,0.258987,0,0.241625,0,0.249756,400,0
0.85,0.3,1,7000,0,0.250013,0,0.255144,0,0.246094,0,0.24875,400,0
0.85,0.3,1,10000,0,0.246975,0,0.239531,0,0.259912,0,0.253581,400,0
0.85,0.3,1,25000,0,0.245356,0,0.244812,0,0.252856,0,0.256975,400,0
0.85,0.3,1,50000,0,0.248931,0,0.241025,0,0.258731,0,0.251312,400,0
0.85,0.3,1,100000,0,0.238819,0,0.258225,0,0.273306,0,0.22965,400,0
0.85,0.3,1,160000,0,0.240956,0,0.247131,0,0.250819,0,0.261094,400,0
0.85,0.35,1,0,0.124406,0.125481,0.12445,0.124625,0.125144,0.125994,0.124194,0.125706,400,0
0.85,0.35,1,1000,0,0.252263,0,0.264581,0,0.237256,0,0.2459,400,0
0.85,0.35,1,2000,0,0.252506,0,0.262706,0,0.247581,0,0.237206,400,0
0.85,0.35,1,3000,0,0.257881,0,0.230988,0,0.245694,0,0.265437,400,0
0.85,0.35,1,5000,0,0.257856,0,0.266919,0,0.230988,0,0.244237,400,0
0.85,0.35,1,7000,0,0.247625,0,0.243138,0,0.256688,0,0.25255,400,0
0.85,0.35,1,10000,0,0.243125,0,0.256812,0,0.262231,0,0.237831,400,0
0.85,0.35,1,25000,0,0.23355,0,0.253881,0,0.254556,0,0.258012,400,0
0.85,0.35,1,50000,0,0.259319,0,0.25315,0,0.251675,0,0.235856,400,0
0.85,0.35,1,100000,0,0.258694,0,0.2418,0,0.250981,0,0.248525,400,0
0.85,0.35,1,160000,0,0.249369,0,0.245225,0,0.247237,0,0.258169,400,0
0.85,0.35,1,0,0.123625,0.125394,0.126125,0.125794,0.125812,0.124438,0.125125,0.123688,400,0
0.85,0.35,1,1000,0,0.252725,0,0.25515,0,0.237212,0,0.254912,400,0
0.85,0.35,1,2000,0,0.266644,0,0.242781,0,0.240156,0,0.250419,400,0
0.85,0.35,1,3000,0,0.258969,0,0.25455,0,0.237038,0,0.249444,400,0
0.85,0.35,1,5000,0,0.238156,0,0.263119,0,0.258937,0,0.239787,400,0
0.85,0.35,1,7000,0,0.24715,0,0.236106,0,0.25795,0,0.258794,400,0
0.85,0.35,1,10000,0,0.249931,0,0.255719,0,0.240756,0,0.253594,400,0
0.85,0.35,1,25000,0,0.250538,0,0.255125,0,0.245938,0,0.2484,400,0
0.85,0.35,1,50000,0,0.246256,0,0.26725,0,0.240906,0,0.245587,400,0
0.85,0.35,1,100000,0,0.250987,0,0.249175,0,0.248988,0,0.25085,400,0
0.85,0.35,1,160000,0,0.252875,0,0.240962,0,0.248944,0,0.257219,400,0
0.85,0.4,1,0,0.124319,0.125206,0.124887,0.12515,0.125575,0.124856,0.12545,0.124556,400,0
0.85,0.4,1,1000,0,0.244838,0,0.243119,0,0.247919,0,0.264125,400,0
0.85,0.4,1,2000,0,0.249663,0,0.258325,0,0.257462,0,0.23455,400,0
0.85,0.4,1,3000,0,0.23595,0,0.249181,0,0.262194,0,0.252675,400,0
0.85,0.4,1,5000,0,0.250656,0,0.258719,0,0.243956,0,0.246669,400,0
0.85,0.4,1,7000,0,0.253044,0,0.243594,0,0.23555,0,0.267813,400,0
0.85,0.4,1,10000,0,0.262587,0,0.265044,0,0.242106,0,0.230263,400,0
0.85,0.4,1,25000,0,0.241469,0,0.260344,0,0.247812,0,0.250375,400,0
0.85,0.4,1,50000,0,0.240762,0,0.257181,0,0.2592,0,0.242856,400,0
0.85,0.4,1,100000,0,0.226431,0,0.259206,0,0.263206,0,0.251156,400,0
0.85,0.4,1,160000,0,0.246731,0,0.250981,0,0.246331,0,0.255956,400,0
0.85,0.4,1,0,0.1252,0.124975,0.124319,0.126438,0.124637,0.125075,0.125975,0.123381,400,0
0.85,0.4,1,1000,0,0.259219,0,0.256519,0,0.241981,0,0.242281,400,0
0.85,0.4,1,2000,0,0.242869,0,0.24645,0,0.2368,0,0.273881,400,0
0.85,0.4,1,3000,0,0.242475,0,0.247512,0,0.255469,0,0.254544,400,0
0.85,0.4,1,5000,0,0.261738,0,0.230731,0,0.25295,0,0.254581,400,0
0.85,0.4,1,7000,0,0.256588,0,0.247613,0,0.250869,0,0.244931,400,0
0.85,0.4,1,10000,0,0.256,0,0.248356,0,0.240381,0,0.255263,400,0
0.85,0.4,1,25000,0,0.259319,0,0.252319,0,0.244644,0,0.243719,400,0
0.85,0.4,1,50000,0,0.2506,0,0.251113,0,0.246781,0,0.251506,400,0
0.85,0.4,1,100000,0,0.248419,0,0.239456,0,0.26945,0,0.242675,400,0
0.85,0.4,1,160000,0,0.245106,0,0.250887,0,0.256744,0,0.247262,400,0
0.85,0.45,1,0,0.123756,0.125881,0.127606,0.123569,0.124556,0.12535,0.124456,0.124825,400,0
0.85,0.45,1,1000,0,0.261475,0,0.250169,0,0.247975,0,0.240381,400,0
0.85,0.45,1,2000,0,0.252862,0,0.24495,0,0.248069,0,0.254119,400,0
0.85,0.45,1,3000,0,0.268069,0,0.243794,0,0.2418,0,0.246337,400,0
0.85,0.45,1,5000,0,0.245663,0,0.240487,0,0.257725,0,0.256125,400,0
0.85,0.45,1,7000,0,0.239669,0,0.261869,0,0.253469,0,0.244994,400,0
0.85,0.45,1,10000,0,0.238281,0,0.253837,0,0.249356,0,0.258525,400,0
0.85,0.45,1,25000,0,0.244144,0,0.255781,0,0.260887,0,0.239187,400,0
0.85,0.45,1,50000,0,0.255194,0,0.258894,0,0.230212,0,0.2557,400,0
0.85,0.45,1,100000,0,0.252694,0,0.261238,0,0.244875,0,0.241194,400,0
0.85,0.45,1,160000,0,0.253031,0,0.232969,0,0.254394,0,0.259606,400,0
0.85,0.45,1,0,0.125319,0.123169,0.124338,0.125731,0.124106,0.125444,0.126419,0.125475,400,0
0.85,0.45,1,1000,0,0.247369,0,0.244881,0,0.256019,0,0.251731,400,0
0.85,0.45,1,2000,0,0.253231,0,0.25355,0,0.245663,0,0.247556,400,0
0.85,0.45,1,3000,0,0.260119,0,0.247963,0,0.242969,0,0.24895,400,0
0.85,0.45,1,5000,0,0.2499,0,0.243962,0,0.242544,0,0.263594,400,0
0.85,0.45,1,7000,0,0.252275,0,0.248312,0,0.238275,0,0.261138,400,0
0.85,0.45,1,10000,0,0.231125,0,0.247913,0,0.264781,0,0.256181,400,0
0.85,0.45,1,25000,0,0.25325,0,0.238019,0,0.260894,0,0.247837,400,0
0.85,0.45,1,50000,0,0.253038,0,0.251025,0,0.246125,0,0.249812,400,0
0.85,0.45,1,100000,0,0.244812,0,0.230687,0,0.255275,0,0.269225,400,0
0.85,0.45,1,160000,0,0.246237,0,0.247019,0,0.255306,0,0.251437,400,0
0.85,0.5,1,0,0.125512,0.1247,0.125,0.124481,0.124481,0.123988,0.126306,0.125531,400,0
0.85,0.5,1,1000,0,0.251625,0,0.260962,0,0.252912,0,0.2345,400,0
0.85,0.5,1,2000,0,0.246775,0,0.242756,0,0.25635,0,0.254119,400,0
0.85,0.5,1,3000,0,0.269987,0,0.240356,0,0.236306,0,0.25335,400,0
0.85,0.5,1,5000,0,0.247663,0,0.255688,0,0.245963,0,0.250688,400,0
0.85,0.5,1,7000,0,0.244325,0,0.261144,0,0.251362,0,0.243169,400,0
0.85,0.5,1,10000,0,0.254487,0,0.259569,0,0.239563,0,0.246381,400,0
0.85,0.5,1,25000,0,0.252131,0,0.2298,0,0.254019,0,0.26405,400,0
0.85,0.5,1,50000,0,0.259044,0,0.239113,0,0.249531,0,0.252312,400,0
0.85,0.5,1,100000,0,0.252575,0,0.253556,0,0.244562,0,0.249306,400,0
0.85,0.5,1,160000,0,0.243931,0,0.245019,0,0.25685,0,0.2542,400,0
0.85,0.5,1,0,0.125587,0.1252,0.123869,0.12665,0.124844,0.124056,0.125825,0.123969,400,0
0.85,0.5,1,1000,0,0.248581,0,0.25,0,0.252012,0,0.249406,400,0
0.85,0.5,1,2000,0,0.2361,0,0.261012,0,0.258756,0,0.244131,400,0
0.85,0.5,1,3000,0,0.256825,0,0.245494,0,0.256544,0,0.241138,400,0
0.85,0.5,1,5000,0,0.239481,0,0.248944,0,0.23915,0,0.272425,400,0
0.85,0.5,1,7000,0,0.247581,0,0.24535,0,0.2529,0,0.254169,400,0
0.85,0.5,1,10000,0,0.237325,0,0.259462,0,0.266125,0,0.237088,400,0
0.85,0.5,1,25000,0,0.237806,0,0.262519,0,0.264525,0,0.23515,400,0
0.85,0.5,1,50000,0,0.258919,0,0.245056,0,0.243956,0,0.252069,400,0
0.85,0.5,1,100000,0,0.260294,0,0.241425,0,0.251362,0,0.246919,400,0
0.85,0.5,1,160000,0,0.249025,0,0.242625,0,0.2502,0,0.25815,400,0
0.85,0.55,1,0,0.125112,0.125238,0.12575,0.123506,0.124794,0.124475,0.125413,0.125713,400,0
0.85,0.55,1,1000,0,0.250394,0,0.251106,0,0.253106,0,0.245394,400,0
0.85,0.55,1,2000,0,0.249238,0,0.2532,0,0.243819,0,0.253744,400,0
0.85,0.55,1,3000,0,0.241287,0,0.255019,0,0.247512,0,0.256181,400,0
0.85,0.55,1,5000,0,0.259294,0,0.274975,0,0.218544,0,0.247188,400,0
0.85,0.55,1,7000,0,0.249269,0,0.255631,0,0.256819,0,0.238281,400,0
0.85,0.55,1,10000,0,0.248,0,0.24965,0,0.258381,0,0.243969,400,0
0.85,0.55,1,25000,0,0.263431,0,0.245806,0,0.232031,0,0.258731,400,0
0.85,0.55,1,50000,0,0.253894,0,0.26045,0,0.246375,0,0.239281,400,0
0.85,0.55,1,100000,0,0.233863,0,0.256094,0,0.255869,0,0.254175,400,0
0.85,0.55,1,160000,0,0.249781,0,0.247113,0,0.250494,0,0.252613,400,0
0.85,0.55,1,0,0.1265,0.124662,0.125256,0.124387,0.125656,0.123719,0.125131,0.124688,400,0
0.85,0.55,1,1000,0,0.2425,0,0.261775,0,0.253163,0,0.242562,400,0
0.85,0.55,1,2000,0,0.249175,0,0.266444,0,0.255606,0,0.228775,400,0
0.85,0.55,1,3000,0,0.244044,0,0.260263,0,0.241844,0,0.25385,400,0
0.85,0.55,1,5000,0,0.2385,0,0.260444,0,0.263444,0,0.237613,400,0
0.85,0.55,1,7000,0,0.246938,0,0.244962,0,0.251962,0,0.256138,400,0
0.85,0.55,1,10000,0,0.236487,0,0.239425,0,0.2582,0,0.265887,400,0
0.85,0.55,1,25000,0,0.254906,0,0.263037,0,0.244125,0,0.237931,400,0
0.85,0.55,1,50000,0,0.25,0,0.253362,0,0.258313,0,0.238325,400,0
0.85,0.55,1,100000,0,0.242237,0,0.238375,0,0.261081,0,0.258306,400,0
0.85,0.55,1,160000,0,0.23765,0,0.249406,0,0.258588,0,0.254356,400,0
0.85,0.6,1,0,0.124956,0.125438,0.123838,0.125294,0.125587,0.125869,0.124188,0.124831,400,0
0.85,0.6,1,1000,0,0.250613,0,0.246231,0,0.257213,0,0.245944,400,0
0.85,0.6,1,2000,0,0.226381,0,0.260806,0,0.262819,0,0.249994,400,0
0.85,0.6,1,3000,0,0.243113,0,0.24875,0,0.257706,0,0.250431,400,0
0.85,0.6,1,5000,0,0.250969,0,0.237338,0,0.256631,0,0.255063,400,0
0.85,0.6,1,7000,0,0.259663,0,0.250331,0,0.231137,0,0.258869,400,0
0.85,0.6,1,10000,0,0.249425,0,0.252138,0,0.239619,0,0.258819,400,0
0.85,0.6,1,25000,0,0.253512,0,0.249112,0,0.257019,0,0.240356,400,0
0.85,0.6,1,50000,0,0.232506,0,0.251219,0,0.258931,0,0.257344,400,0
0.85,0.6,1,100000,0,0.255394,0,0.256275,0,0.245863,0,0.242469,400,0
0.85,0.6,1,160000,0,0.246931,0,0.25865,0,0.246825,0,0.247594,400,0
0.85,0.6,1,0,0.124594,0.124981,0.123606,0.124781,0.124406,0.1266,0.125506,0.125525,400,0
0.85,0.6,1,1000,0,0.244062,0,0.251706,0,0.252394,0,0.251837,400,0
0.85,0.6,1,2000,0,0.2405,0,0.249331,0,0.260025,0,0.250144,400,0
0.85,0.6,1,3000,0,0.249081,0,0.252931,0,0.257094,0,0.240894,400,0
0.85,0.6,1,5000,0,0.250244,0,0.272431,0,0.245837,0,0.231488,400,0
0.85,0.6,1,7000,0,0.260788,0,0.251081,0,0.243169,0,0.244962,400,0
0.85,0.6,1,10000,0,0.240894,0,0.248969,0,0.251094,0,0.259044,400,0
0.85,0.6,1,25000,0,0.257713,0,0.245925,0,0.241419,0,0.254944,400,0
0.85,0.6,1,50000,0,0.25395,0,0.25165,0,0.247475,0,0.246925,400,0
0.85,0.6,1,100000,0,0.238219,0,0.245456,0,0.250469,0,0.265856,400,0
0.85,0.6,1,160000,0,0.243262,0,0.24865,0,0.256512,0,0.251575,400,0
0.85,0.65,1,0,0.126169,0.125575,0.125337,0.124644,0.124969,0.124106,0.124575,0.124625,400,0
0.85,0.65,1,1000,0,0.259256,0,0.255788,0,0.243031,0,0.241925,400,0
0.85,0.65,1,2000,0,0.241631,0,0.234288,0,0.257263,0,0.266819,400,0
0.85,0.65,1,3000,0,0.263406,0,0.237912,0,0.239269,0,0.259412,400,0
0.85,0.65,1,5000,0,0.245556,0,0.27055,0,0.2449,0,0.238994,400,0
0.85,0.65,1,7000,0,0.239231,0,0.2518,0,0.255675,0,0.253294,400,0
0.85,0.65,1,10000,0,0.244331,0,0.267263,0,0.242962,0,0.245444,400,0
0.85,0.65,1,25000,0,0.259862,0,0.232212,0,0.244544,0,0.263381,400,0
0.85,0.65,1,50000,0,0.246919,0,0.247737,0,0.244656,0,0.260688,400,0
0.85,0.65,1,100000,0,0.255431,0,0.247694,0,0.24595,0,0.250925,400,0
0.85,0.65,1,160000,0,0.239012,0,0.250375,0,0.2533,0,0.257312,400,0
0.85,0.65,1,0,0.125531,0.124475,0.123481,0.1257,0.124569,0.125012,0.126388,0.124844,400,0
0.85,0.65,1,1000,0,0.244375,0,0.259713,0,0.252094,0,0.243819,400,0
0.85,0.65,1,2000,0,0.274875,0,0.249919,0,0.241594,0,0.233613,400,0
0.85,0.65,1,3000,0,0.247781,0,0.251088,0,0.262587,0,0.238544,400,0
0.85,0.65,1,5000,0,0.251925,0,0.25,0,0.24995,0,0.248125,400,0
0.85,0.65,1,7000,0,0.233313,0,0.246481,0,0.254544,0,0.265663,400,0
0.85,0.65,1,10000,0,0.236863,0,0.250462,0,0.259806,0,0.252869,400,0
0.85,0.65,1,25000,0,0.26045,0,0.243231,0,0.245037,0,0.251281,400,0
0.85,0.65,1,50000,0,0.247725,0,0.252225,0,0.258862,0,0.241187,400,0
0.85,0.65,1,100000,0,0.244444,0,0.256738,0,0.248213,0,0.250606,400,0
0.85,0.65,1,160000,0,0.2512,0,0.264119,0,0.247319,0,0.237363,400,0
0.85,0.7,1,0,0.124869,0.124244,0.125163,0.126444,0.125,0.12385,0.124287,0.126144,400,0
0.85,0.7,1,1000,0,0.246819,0,0.25335,0,0.255831,0,0.244,400,0
0.85,0.7,1,2000,0,0.251081,0,0.271331,0,0.246194,0,0.231394,400,0
0.85,0.7,1,3000,0,0.23555,0,0.266138,0,0.250213,0,0.2481,400,0
0.85,0.7,1,5000,0,0.252019,0,0.243344,0,0.257775,0,0.246863,400,0
0.85,0.7,1,7000,0,0.266087,0,0.239056,0,0.2344,0,0.260456,400,0
0.85,0.7,1,10000,0,0.257425,0,0.260394,0,0.23725,0,0.244931,400,0
0.85,0.7,1,25000,0,0.264169,0,0.2336,0,0.239869,0,0.262362,400,0
0.85,0.7,1,50000,0,0.239494,0,0.253738,0,0.247262,0,0.259506,400,0
0.85,0.7,1,100000,0,0.252956,0,0.238937,0,0.255156,0,0.25295,400,0
0.85,0.7,1,160000,0,0.251406,0,0.245156,0,0.249906,0,0.253531,400,0
0.85,0.7,1,0,0.125219,0.1233,0.125769,0.1241,0.125425,0.125638,0.124656,0.125894,400,0
0.85,0.7,1,1000,0,0.244669,0,0.259744,0,0.254206,0,0.241381,400,0
0.85,0.7,1,2000,0,0.253944,0,0.228756,0,0.260537,0,0.256763,400,0
0.85,0.7,1,3000,0,0.250356,0,0.239437,0,0.251375,0,0.258831,400,0
0.85,0.7,1,5000,0,0.247613,0,0.240956,0,0.249569,0,0.261862,400,0
0.85,0.7,1,7000,0,0.247012,0,0.241588,0,0.24855,0,0.26285,400,0
0.85,0.7,1,10000,0,0.258269,0,0.248975,0,0.248337,0,0.244419,400,0
0.85,0.7,1,25000,0,0.249569,0,0.255763,0,0.251113,0,0.243556,400,0
0.85,0.7,1,50000,0,0.248194,0,0.275738,0,0.243425,0,0.232644,400,0
0.85,0.7,1,100000,0,0.248012,0,0.245306,0,0.24725,0,0.259431,400,0
0.85,0.7,1,160000,0,0.247575,0,0.247856,0,0.246556,0,0.258012,400,0
0.85,0.75,1,0,0.12435,0.125919,0.124994,0.124969,0.125094,0.124419,0.124806,0.12545,400,0
0.85,0.75,1,1000,0,0.2468,0,0.2513,0,0.244731,0,0.257169,400,0
0.85,0.75,1,2000,0,0.246731,0,0.239863,0,0.264519,0,0.248888,400,0
0.85,0.75,1,3000,0,0.248369,0,0.259088,0,0.249175,0,0.243369,400,0
0.85,0.75,1,5000,0,0.263656,0,0.254362,0,0.243,0,0.238981,400,0
0.85,0.75,1,7000,0,0.232125,0,0.246875,0,0.250425,0,0.270575,400,0
0.85,0.75,1,10000,0,0.257987,0,0.26255,0,0.258669,0,0.220794,400,0
0.85,0.75,1,25000,0,0.24065,0,0.24815,0,0.2472,0,0.264,400,0
0.85,0.75,1,50000,0,0.245969,0,0.250412,0,0.239056,0,0.264562,400,0
0.85,0.75,1,100000,0,0.253725,0,0.258681,0,0.25245,0,0.235144,400,0
0.85,0.75,1,160000,0,0.245981,0,0.242475,0,0.250063,0,0.261481,400,0
0.85,0.75,1,0,0.124781,0.124194,0.126525,0.124525,0.124719,0.124556,0.125075,0.125625,400,0
0.85,0.75,1,1000,0,0.248506,0,0.247225,0,0.245888,0,0.258381,400,0
0.85,0.75,1,2000,0,0.248688,0,0.248181,0,0.243037,0,0.260094,400,0
0.85,0.75,1,3000,0,0.247381,0,0.260475,0,0.248419,0,0.243725,400,0
0.85,0.75,1,5000,0,0.261769,0,0.2565,0,0.235006,0,0.246725,400,0
0.85,0.75,1,7000,0,0.258175,0,0.247781,0,0.251669,0,0.242375,400,0
0.85,0.75,1,10000,0,0.238156,0,0.260788,0,0.253006,0,0.24805,400,0
0.85,0.75,1,25000,0,0.263125,0,0.24345,0,0.23425,0,0.259175,400,0
0.85,0.75,1,50000,0,0.265575,0,0.244644,0,0.236012,0,0.253769,400,0
0.85,0.75,1,100000,0,0.255119,0,0.233563,0,0.241687,0,0.269631,400,0
0.85,0.75,1,160000,0,0.252831,0,0.253194,0,0.247631,0,0.246344,400,0
0.85,0.8,1,0,0.126131,0.12425,0.1247,0.125006,0.125044,0.124731,0.124519,0.125619,400,0
0.85,0.8,1,1000,0,0.264775,0,0.249106,0,0.247994,0,0.238125,400,0
0.85,0.8,1,2000,0,0.25185,0,0.245369,0,0.252756,0,0.250025,400,0
0.85,0.8,1,3000,0,0.246306,0,0.247562,0,0.263188,0,0.242944,400,0
0.85,0.8,1,5000,0,0.246762,0,0.250519,0,0.264244,0,0.238475,400,0
0.85,0.8,1,7000,0,0.256269,0,0.238606,0,0.25575,0,0.249375,400,0
0.85,0.8,1,10000,0,0.246431,0,0.238225,0,0.25945,0,0.255894,400,0
0.85,0.8,1,25000,0,0.260512,0,0.260006,0,0.246631,0,0.23285,400,0
0.85,0.8,1,50000,0,0.248213,0,0.245713,0,0.257256,0,0.248819,400,0
0.85,0.8,1,100000,0,0.252769,0,0.254094,0,0.266919,0,0.226219,400,0
0.85,0.8,1,160000,0,0.240981,0,0.243744,0,0.260206,0,0.255069,400,0
0.85,0.8,1,0,0.126337,0.124975,0.1253,0.124738,0.125394,0.124406,0.125875,0.122975,400,0
0.85,0.8,1,1000,0,0.25355,0,0.236613,0,0.25265,0,0.257188,400,0
0.85,0.8,1,2000,0,0.257581,0,0.240469,0,0.249394,0,0.252556,400,0
0.85,0.8,1,3000,0,0.265763,0,0.248681,0,0.2392,0,0.246356,400,0
0.85,0.8,1,5000,0,0.253494,0,0.256269,0,0.252163,0,0.238075,400,0
0.85,0.8,1,7000,0,0.244906,0,0.250794,0,0.254894,0,0.249406,400,0
0.85,0.8,1,10000,0,0.243438,0,0.261181,0,0.23885,0,0.256531,400,0
0.85,0.8,1,25000,0,0.237369,0,0.235819,0,0.26345,0,0.263362,400,0
0.85,0.8,1,50000,0,0.257231,0,0.247787,0,0.241569,0,0.253412,400,0
0.85,0.8,1,100000,0,0.234662,0,0.248981,0,0.2725,0,0.243856,400,0
0.85,0.8,1,160000,0,0.2418,0,0.244819,0,0.252319,0,0.261062,400,0
0.85,0.85,1,0,0.1249,0.12565,0.125862,0.124625,0.124331,0.12575,0.12395,0.124931,400,0
0.85,0.85,1,1000,0,0.229763,0,0.247694,0,0.2684,0,0.254144,400,0
0.85,0.85,1,2000,0,0.260319,0,0.242831,0,0.257837,0,0.239012,400,0
0.85,0.85,1,3000,0,0.244775,0,0.26315,0,0.243156,0,0.248919,400,0
0.85,0.85,1,5000,0,0.2509,0,0.249213,0,0.2506,0,0.249287,400,0
0.85,0.85,1,7000,0,0.254606,0,0.281813,0,0.233137,0,0.230444,400,0
0.85,0.85,1,10000,0,0.249625,0,0.249231,0,0.252638,0,0.248506,400,0
0.85,0.85,1,25000,0,0.235363,0,0.243381,0,0.259113,0,0.262144,400,0
0.85,0.85,1,50000,0,0.246875,0,0.260681,0,0.242581,0,0.249862,400,0
0.85,0.85,1,100000,0,0.245938,0,0.257769,0,0.257763,0,0.238531,400,0
0.85,0.85,1,160000,0,0.251244,0,0.2555,0,0.250419,0,0.242838,400,0
0.85,0.85,1,0,0.125731,0.123963,0.1245,0.125138,0.125362,0.124338,0.124875,0.126094,400,0
0.85,0.85,1,1000,0,0.263738,0,0.263138,0,0.241869,0,0.231256,400,0
0.85,0.85,1,2000,0,0.256225,0,0.255462,0,0.238325,0,0.249988,400,0
0.85,0.85,1,3000,0,0.248669,0,0.244406,0,0.260375,0,0.24655,400,0
0.85,0.85,1,5000,0,0.241725,0,0.252894,0,0.252756,0,0.252625,400,0
0.85,0.85,1,7000,0,0.257825,0,0.256294,0,0.240775,0,0.245106,400,0
0.85,0.85,1,10000,0,0.253019,0,0.240431,0,0.240056,0,0.266494,400,0
0.85,0.85,1,25000,0,0.2417,0,0.262281,0,0.267381,0,0.228637,400,0
0.85,0.85,1,50000,0,0.24215,0,0.2658,0,0.254906,0,0.237144,400,0
0.85,0.85,1,100000,0,0.255537,0,0.248756,0,0.240894,0,0.254812,400,0
0.85,0.85,1,160000,0,0.252244,0,0.249075,0,0.243669,0,0.255012,400,0
0.85,0.9,1,0,0.124662,0.125375,0.123481,0.125787,0.124863,0.126062,0.125069,0.1247,400,0
0.85,0.9,1,1000,0,0.247744,0,0.248994,0,0.266494,0,0.236769,400,0
0.85,0.9,1,2000,0,0.259575,0,0.254106,0,0.239787,0,0.246531,400,0
0.85,0.9,1,3000,0,0.264131,0,0.24325,0,0.253206,0,0.239413,400,0
0.85,0.9,1,5000,0,0.251244,0,0.237063,0,0.254744,0,0.25695,400,0
0.85,0.9,1,7000,0,0.2444,0,0.253675,0,0.255744,0,0.246181,400,0
0.85,0.9,1,10000,0,0.228025,0,0.281988,0,0.250713,0,0.239275,400,0
0.85,0.9,1,25000,0,0.242325,0,0.25465,0,0.253744,0,0.249281,400,0
0.85,0.9,1,50000,0,0.252113,0,0.242419,0,0.257238,0,0.248231,400,0
0.85,0.9,1,100000,0,0.254156,0,0.244212,0,0.255475,0,0.246156,400,0
0.85,0.9,1,160000,0,0.249681,0,0.263688,0,0.247131,0,0.2395,400,0
0.85,0.9,1,0,0.124387,0.125362,0.124975,0.126256,0.125919,0.124925,0.1244,0.123775,400,0
0.85,0.9,1,1000,0,0.252156,0,0.260887,0,0.255544,0,0.231412,400,0
0.85,0.9,1,2000,0,0.248812,0,0.248963,0,0.243188,0,0.259037,400,0
0.85,0.9,1,3000,0,0.26285,0,0.2464,0,0.236212,0,0.254538,400,0
0.85,0.9,1,5000,0,0.255512,0,0.258931,0,0.249969,0,0.235588,400,0
0.85,0.9,1,7000,0,0.24405,0,0.2456,0,0.252331,0,0.258019,400,0
0.85,0.9,1,10000,0,0.249413,0,0.239913,0,0.243544,0,0.267131,400,0
0.85,0.9,1,25000,0,0.253225,0,0.24615,0,0.245363,0,0.255263,400,0
0.85,0.9,1,50000,0,0.251769,0,0.247869,0,0.245944,0,0.254419,400,0
0.85,0.9,1,100000,0,0.241781,0,0.263956,0,0.255588,0,0.238675,400,0
0.85,0.9,1,160000,0,0.232538,0,0.245825,0,0.255131,0,0.266506,400,0
0.85,0.95,1,0,0.124975,0.124912,0.125406,0.125231,0.124181,0.126663,0.124231,0.1244,400,0
0.85,0.95,1,1000,0,0.246163,0,0.242669,0,0.255306,0,0.255862,400,0
0.85,0.95,1,2000,0,0.263669,0,0.2469,0,0.233819,0,0.255613,400,0
0.85,0.95,1,3000,0,0.258225,0,0.247369,0,0.252481,0,0.241925,400,0
0.85,0.95,1,5000,0,0.2529,0,0.245869,0,0.2282,0,0.273031,400,0
0.85,0.95,1,7000,0,0.25515,0,0.258406,0,0.24855,0,0.237894,400,0
0.85,0.95,1,10000,0,0.25465,0,0.247913,0,0.247581,0,0.249856,400,0
0.85,0.95,1,25000,0,0.256106,0,0.26205,0,0.24935,0,0.232494,400,0
0.85,0.95,1,50000,0,0.231375,0,0.254231,0,0.245869,0,0.268525,400,0
0.85,0.95,1,100000,0,0.241669,0,0.242606,0,0.257269,0,0.258456,400,0
0.85,0.95,1,160000,0,0.2519,0,0.2447,0,0.248963,0,0.254437,400,0
0.85,0.95,1,0,0.124175,0.125506,0.125056,0.126081,0.124162,0.124444,0.125756,0.124819,400,0
0.85,0.95,1,1000,0,0.247981,0,0.248638,0,0.255325,0,0.248056,400,0
0.85,0.95,1,2000,0,0.249844,0,0.242287,0,0.255631,0,0.252238,400,0
0.85,0.95,1,3000,0,0.253688,0,0.238631,0,0.25175,0,0.255931,400,0
0.85,0.95,1,5000,0,0.245012,0,0.249888,0,0.254056,0,0.251044,400,0
0.85,0.95,1,7000,0,0.247225,0,0.253625,0,0.256356,0,0.242794,400,0
0.85,0.95,1,10000,0,0.264925,0,0.244962,0,0.23105,0,0.259062,400,0
0.85,0.95,1,25000,0,0.250238,0,0.2431,0,0.249375,0,0.257288,400,0
0.85,0.95,1,50000,0,0.245663,0,0.241663,0,0.248775,0,0.2639,400,0
0.85,0.95,1,100000,0,0.265081,0,0.2574,0,0.23745,0,0.240069,400,0
0.85,0.95,1,160000,0,0.242512,0,0.249169,0,0.241575,0,0.266744,400,0
0.85,1,1,0,0.127231,0.125488,0.125356,0.1233,0.125681,0.125044,0.12435,0.12355,400,0
0.85,1,1,1000,0,0.237744,0,0.263425,0,0.248569,0,0.250262,400,0
0.85,1,1,2000,0,0.248656,0,0.252575,0,0.263031,0,0.235737,400,0
0.85,1,1,3000,0,0.25045,0,0.248169,0,0.252175,0,0.249206,400,0
0.85,1,1,5000,0,0.2578,0,0.244363,0,0.253406,0,0.244431,400,0
0.85,1,1,7000,0,0.259306,0,0.247787,0,0.251525,0,0.241381,400,0
0.85,1,1,10000,0,0.2591,0,0.2485,0,0.243913,0,0.248488,400,0
0.85,1,1,25000,0,0.251781,0,0.241706,0,0.255656,0,0.250856,400,0
0.85,1,1,50000,0,0.248875,0,0.257025,0,0.246119,0,0.247981,400,0
0.85,1,1,100000,0,0.262469,0,0.239419,0,0.239975,0,0.258138,400,0
0.85,1,1,160000,0,0.254038,0,0.240931,0,0.247713,0,0.257319,400,0
0.85,1,1,0,0.124125,0.124625,0.125506,0.125169,0.124925,0.124781,0.126244,0.124625,400,0
0.85,1,1,1000,0,0.244138,0,0.2457,0,0.248,0,0.262163,400,0
0.85,1,1,2000,0,0.2371,0,0.246525,0,0.259412,0,0.256962,400,0
0.85,1,1,3000,0,0.245306,0,0.245638,0,0.251387,0,0.257669,400,0
0.85,1,1,5000,0,0.263144,0,0.250094,0,0.229881,0,0.256881,400,0
0.85,1,1,7000,0,0.260581,0,0.242344,0,0.261419,0,0.235656,400,0
0.85,1,1,10000,0,0.244931,0,0.255113,0,0.257019,0,0.242938,400,0
0.85,1,1,25000,0,0.251962,0,0.253869,0,0.240475,0,0.253694,400,0
0.85,1,1,50000,0,0.24335,0,0.244331,0,0.261869,0,0.25045,400,0
0.85,1,1,100000,0,0.250312,0,0.251238,0,0.252213,0,0.246237,400,0
0.85,1,1,160000,0,0.244956,0,0.257469,0,0.248894,0,0.248681,400,0
0.9,0,1,0,0.123994,0.124675,0.125481,0.126131,0.124238,0.123713,0.125425,0.126344,400,0
0.9,0,1,1000,0.130375,0.110044,0.138962,0.112725,0.134944,0.120919,0.1324,0.119631,400,0
0.9,0,1,2000,0.134169,0.112363,0.131431,0.0999437,0.139363,0.121925,0.139137,0.121669,400,0
0.9,0,1,3000,0.136175,0.131794,0.1399,0.112681,0.131556,0.101575,0.130525,0.115794,400,0
0.9,0,1,5000,0.1015,0.153213,0.0965188,0.135038,0.1182,0.139412,0.120656,0.135463,400,0
0.9,0,1,7000,0.0977875,0.137131,0.104337,0.153812,0.106469,0.155469,0.100462,0.144531,400,0
0.9,0,1,10000,0.1079,0.157,0.108681,0.146737,0.108287,0.137525,0.0948313,0.139038,400,0
0.9,0,1,25000,0,0.246544,0,0.250731,0,0.254337,0,0.248388,400,0
0.9,0,1,50000,0,0.2511,0,0.24555,0,0.253119,0,0.250231,400,0
0.9,0,1,100000,0,0.2641,0,0.2424,0,0.245869,0,0.247631,400,0
0.9,0,1,160000,0,0.253437,0,0.242838,0,0.251831,0,0.251894,400,0
0.9,0,1,0,0.124481,0.124769,0.123875,0.125956,0.125287,0.124869,0.124863,0.1259,400,0
0.9,0,1,1000,0.106112,0.139281,0.106275,0.136225,0.112088,0.138225,0.111838,0.149956,400,0
0.9,0,1,2000,0.097125,0.141737,0.0911938,0.160763,0.0952063,0.162056,0.0897063,0.162213,400,0
0.9,0,1,3000,0.0796812,0.156219,0.0877125,0.173056,0.0847187,0.171331,0.081375,0.165906,400,0
0.9,0,1,5000,0.056225,0.196594,0.0572625,0.193925,0.067975,0.187425,0.0623,0.178294,400,0
0.9,0,1,7000,0.046,0.219119,0.0374063,0.196969,0.0385125,0.210956,0.033925,0.217113,400,0
0.9,0,1,10000,0.0227375,0.227063,0.0216063,0.219744,0.0237063,0.228175,0.0277562,0.229213,400,0
0.9,0,1,25000,0,0.250194,0,0.2647,0,0.240106,0,0.245,400,0
0.9,0,1,50000,0,0.244631,0,0.252456,0,0.243487,0,0.259425,400,0
0.9,0,1,100000,0,0.2527,0,0.24235,0,0.25355,0,0.2514,400,0
0.9,0,1,160000,0,0.2441,0,0.242631,0,0.260163,0,0.253106,400,0
0.9,0.05,1,0,0.125025,0.124325,0.125769,0.125262,0.124988,0.125012,0.1239,0.125719,400,0
0.9,0.05,1,1000,0.022975,0.221263,0.02555,0.217213,0.030275,0.212438,0.0300875,0.2402,400,0
0.9,0.05,1,2000,0.01125,0.231131,0.0099625,0.243944,0.0081375,0.258925,0.0073875,0.229263,400,0
0.9,0.05,1,3000,0,0.256694,0,0.241638,0,0.249931,0,0.251738,400,0
0.9,0.05,1,5000,0,0.265394,0,0.232588,0,0.237425,0,0.264594,400,0
0.9,0.05,1,7000,0,0.249756,0,0.255937,0,0.247837,0,0.246469,400,0
0.9,0.05,1,10000,0,0.236406,0,0.238638,0,0.262981,0,0.261975,400,0
0.9,0.05,1,25000,0,0.245806,0,0.254875,0,0.24155,0,0.257769,400,0
0.9,0.05,1,50000,0,0.245537,0,0.257319,0,0.247275,0,0.249869,400,0
0.9,0.05,1,100000,0,0.255625,0,0.252919,0,0.245237,0,0.246219,400,0
0.9,0.05,1,160000,0,0.23685,0,0.247444,0,0.258475,0,0.257231,400,0
0.9,0.05,1,0,0.125519,0.124575,0.125025,0.124381,0.125581,0.125281,0.125019,0.124619,400,0
0.9,0.05,1,1000,0.0774625,0.1797,0.0906125,0.172662,0.067125,0.170756,0.072825,0.168856,400,0
0.9,0.05,1,2000,0.0186312,0.227056,0.0269,0.24025,0.0196438,0.22595,0.0173062,0.224263,400,0
0.9,0.05,1,3000,0.00304375,0.252844,0.001575,0.238712,0.00368125,0.24735,0.00555625,0.247237,400,0
0.9,0.05,1,5000,0,0.253912,0,0.246919,0,0.2582,0,0.240969,400,0
0.9,0.05,1,7000,0,0.266331,0,0.248244,0,0.241088,0,0.244338,400,0
0.9,0.05,1,10000,0,0.254763,0,0.264369,0,0.2466,0,0.234269,400,0
0.9,0.05,1,25000,0,0.253219,0,0.2407,0,0.243088,0,0.262994,400,0
0.9,0.05,1,50000,0,0.248525,0,0.267369,0,0.234525,0,0.249581,400,0
0.9,0.05,1,100000,0,0.239175,0,0.271806,0,0.240531,0,0.248488,400,0
0.9,0.05,1,160000,0,0.250862,0,0.257437,0,0.248581,0,0.243119,400,0
0.9,0.1,1,0,0.125694,0.122725,0.123731,0.126694,0.124738,0.126575,0.124781,0.125062,400,0
0.9,0.1,1,1000,0.009225,0.231362,0.00624375,0.249044,0.00468125,0.2465,0.00925625,0.243688,400,0
0.9,0.1,1,2000,0,0.244675,0,0.240556,0,0.248619,0,0.26615,400,0
0.9,0.1,1,3000,0,0.255275,0,0.246169,0,0.237437,0,0.261119,400,0
0.9,0.1,1,5000,0,0.242944,0,0.243537,0,0.257738,0,0.255781,400,0
0.9,0.1,1,7000,0,0.253481,0,0.246794,0,0.258144,0,0.241581,400,0
0.9,0.1,1,10000,0,0.244256,0,0.2628,0,0.248369,0,0.244575,400,0
0.9,0.1,1,25000,0,0.248113,0,0.257981,0,0.246519,0,0.247388,400,0
0.9,0.1,1,50000,0,0.249012,0,0.25645,0,0.23925,0,0.255288,400,0
0.9,0.1,1,100000,0,0.246694,0,0.243163,0,0.245325,0,0.264819,400,0
0.9,0.1,1,160000,0,0.262813,0,0.25255,0,0.2377,0,0.246938,400,0
0.9,0.1,1,0,0.125337,0.1262,0.124631,0.125638,0.124463,0.123719,0.12445,0.125562,400,0
0.9,0.1,1,1000,0.0148875,0.238937,0.0167,0.234144,0.0159563,0.237969,0.00800625,0.2334,400,0
0.9,0.1,1,2000,0,0.254069,0,0.253831,0,0.240088,0,0.252012,400,0
0.9,0.1,1,3000,0,0.257812,0,0.258081,0,0.244812,0,0.239294,400,0
0.9,0.1,1,5000,0,0.243331,0,0.245531,0,0.253756,0,0.257381,400,0
0.9,0.1,1,7000,0,0.236519,0,0.247481,0,0.249537,0,0.266462,400,0
0.9,0.1,1,10000,0,0.253213,0,0.247487,0,0.2563,0,0.243,400,0
0.9,0.1,1,25000,0,0.241712,0,0.256006,0,0.248675,0,0.253606,400,0
0.9,0.1,1,50000,0,0.255719,0,0.255456,0,0.2451,0,0.243725,400,0
0.9,0.1,1,100000,0,0.25195,0,0.246481,0,0.248119,0,0.25345,400,0
0.9,0.1,1,160000,0,0.246019,0,0.244806,0,0.265462,0,0.243712,400,0
0.9,0.15,1,0,0.12415,0.125731,0.1267,0.123137,0.124675,0.125325,0.126244,0.124037,400,0
0.9,0.15,1,1000,0.02925,0.221988,0.02625,0.229594,0.0221125,0.229281,0.0240875,0.217438,400,0
0.9,0.15,1,2000,0,0.249856,0,0.237888,0,0.257794,0,0.254462,400,0
0.9,0.15,1,3000,0,0.254119,0,0.2485,0,0.241037,0,0.256344,400,0
0.9,0.15,1,5000,0,0.247713,0,0.243775,0,0.264338,0,0.244175,400,0
0.9,0.15,1,7000,0,0.2328,0,0.250606,0,0.248388,0,0.268206,400,0
0.9,0.15,1,10000,0,0.245194,0,0.253819,0,0.251381,0,0.249606,400,0
0.9,0.15,1,25000,0,0.250719,0,0.252106,0,0.249875,0,0.2473,400,0
0.9,0.15,1,50000,0,0.2444,0,0.247262,0,0.257794,0,0.250544,400,0
0.9,0.15,1,100000,0,0.243375,0,0.2736,0,0.247775,0,0.23525,400,0
0.9,0.15,1,160000,0,0.255881,0,0.250163,0,0.251144,0,0.242812,400,0
0.9,0.15,1,0,0.124537,0.125581,0.124713,0.124625,0.125925,0.1249,0.125825,0.123894,400,0
0.9,0.15,1,1000,0.008575,0.257581,0.0135937,0.239138,0.0135438,0.222156,0.00715625,0.238256,400,0
0.9,0.15,1,2000,0,0.254613,0,0.249312,0,0.248062,0,0.248012,400,0
0.9,0.15,1,3000,0,0.257144,0,0.250269,0,0.246869,0,0.245719,400,0
0.9,0.15,1,5000,0,0.259206,0,0.250381,0,0.24865,0,0.241762,400,0
0.9,0.15,1,7000,0,0.243119,0,0.252706,0,0.256106,0,0.248069,400,0
0.9,0.15,1,10000,0,0.233819,0,0.251219,0,0.262975,0,0.251987,400,0
0.9,0.15,1,25000,0,0.2535,0,0.250513,0,0.240737,0,0.25525,400,0
0.9,0.15,1,50000,0,0.2379,0,0.249488,0,0.251225,0,0.261387,400,0
0.9,0.15,1,100000,0,0.252663,0,0.244562,0,0.247244,0,0.255531,400,0
0.9,0.15,1,160000,0,0.2517,0,0.241644,0,0.255113,0,0.251544,400,0
0.9,0.2,1,0,0.124863,0.124662,0.124488,0.125794,0.12505,0.124644,0.124637,0.125862,400,0
0.9,0.2,1,1000,0,0.248175,0,0.246875,0,0.248419,0,0.256531,400,0
0.9,0.2,1,2000,0,0.256225,0,0.256794,0,0.246987,0,0.239994,400,0
0.9,0.2,1,3000,0,0.259875,0,0.241694,0,0.249569,0,0.248862,400,0
0.9,0.2,1,5000,0,0.23415,0,0.255862,0,0.267813,0,0.242175,400,0
0.9,0.2,1,7000,0,0.242556,0,0.259875,0,0.250194,0,0.247375,400,0
0.9,0.2,1,10000,0,0.2603,0,0.260456,0,0.248381,0,0.230862,400,0
0.9,0.2,1,25000,0,0.2419,0,0.238212,0,0.248913,0,0.270975,400,0
0.9,0.2,1,50000,0,0.253831,0,0.243506,0,0.241556,0,0.261106,400,0
0.9,0.2,1,100000,0,0.24,0,0.25035,0,0.261256,0,0.248394,400,0
0.9,0.2,1,160000,0,0.260625,0,0.23965,0,0.245931,0,0.253794,400,0
0.9,0.2,1,0,0.12655,0.124856,0.124694,0.123912,0.126587,0.124875,0.124088,0.124438,400,0
0.9,0.2,1,1000,0,0.261481,0,0.246119,0,0.240681,0,0.251719,400,0
0.9,0.2,1,2000,0,0.235256,0,0.241131,0,0.257919,0,0.265694,400,0
0.9,0.2,1,3000,0,0.245944,0,0.248556,0,0.249875,0,0.255625,400,0
0.9,0.2,1,5000,0,0.263788,0,0.240025,0,0.235625,0,0.260562,400,0
0.9,0.2,1,7000,0,0.243194,0,0.264869,0,0.241225,0,0.250713,400,0
0.9,0.2,1,10000,0,0.251844,0,0.2616,0,0.242225,0,0.244331,400,0
0.9,0.2,1,25000,0,0.2517,0,0.251369,0,0.251206,0,0.245725,400,0
0.9,0.2,1,50000,0,0.252312,0,0.253294,0,0.25035,0,0.244044,400,0
0.9,0.2,1,100000,0,0.244544,0,0.259375,0,0.247981,0,0.2481,400,0
0.9,0.2,1,160000,0,0.253244,0,0.244294,0,0.236619,0,0.265844,400,0
0.9,0.25,1,0,0.125963,0.125369,0.126138,0.124762,0.123944,0.124938,0.124844,0.124044,400,0
0.9,0.25,1,1000,0,0.247731,0,0.250519,0,0.242394,0,0.259356,400,0
0.9,0.25,1,2000,0,0.244938,0,0.237844,0,0.263875,0,0.253344,400,0
0.9,0.25,1,3000,0,0.243987,0,0.255663,0,0.253994,0,0.246356,400,0
0.9,0.25,1,5000,0,0.249344,0,0.249625,0,0.239725,0,0.261306,400,0
0.9,0.25,1,7000,0,0.255375,0,0.245875,0,0.253,0,0.24575,400,0
0.9,0.25,1,10000,0,0.244212,0,0.2409,0,0.2525,0,0.262387,400,0
0.9,0.25,1,25000,0,0.25225,0,0.26155,0,0.250775,0,0.235425,400,0
0.9,0.25,1,50000,0,0.257069,0,0.244,0,0.249581,0,0.24935,400,0
0.9,0.25,1,100000,0,0.258344,0,0.259494,0,0.234569,0,0.247594,400,0
0.9,0.25,1,160000,0,0.253981,0,0.2626,0,0.248087,0,0.235331,400,0
0.9,0.25,1,0,0.125175,0.126275,0.124725,0.125325,0.124906,0.125062,0.123394,0.125138,400,0
0.9,0.25,1,1000,0,0.245794,0,0.246963,0,0.252912,0,0.254331,400,0
0.9,0.25,1,2000,0,0.249638,0,0.246256,0,0.2533,0,0.250806,400,0
0.9,0.25,1,3000,0,0.249106,0,0.256425,0,0.254806,0,0.239663,400,0
0.9,0.25,1,5000,0,0.26265,0,0.242575,0,0.2472,0,0.247575,400,0
0.9,0.25,1,7000,0,0.250925,0,0.247419,0,0.25385,0,0.247806,400,0
0.9,0.25,1,10000,0,0.260269,0,0.23935,0,0.257613,0,0.242769,400,0
0.9,0.25,1,25000,0,0.257725,0,0.254844,0,0.236406,0,0.251025,400,0
0.9,0.25,1,50000,0,0.243669,0,0.239825,0,0.264906,0,0.2516,400,0
0.9,0.25,1,100000,0,0.26465,0,0.243756,0,0.245194,0,0.2464,400,0
0.9,0.25,1,160000,0,0.240287,0,0.257962,0,0.249019,0,0.252731,400,0
0.9,0.3,1,0,0.124981,0.126381,0.125087,0.124669,0.124463,0.125206,0.125012,0.1242,400,0
0.9,0.3,1,1000,0,0.246675,0,0.261881,0,0.245825,0,0.245619,400,0
0.9,0.3,1,2000,0,0.251,0,0.260981,0,0.240931,0,0.247087,400,0
0.9,0.3,1,3000,0,0.2499,0,0.262831,0,0.2449,0,0.242369,400,0
0.9,0.3,1,5000,0,0.249175,0,0.250563,0,0.253812,0,0.24645,400,0
0.9,0.3,1,7000,0,0.237806,0,0.254806,0,0.254481,0,0.252906,400,0
0.9,0.3,1,10000,0,0.256819,0,0.248831,0,0.241319,0,0.253031,400,0
0.9,0.3,1,25000,0,0.246219,0,0.259688,0,0.249525,0,0.244569,400,0
0.9,0.3,1,50000,0,0.244469,0,0.252131,0,0.253831,0,0.249569,400,0
0.9,0.3,1,100000,0,0.248938,0,0.240181,0,0.260987,0,0.249894,400,0
0.9,0.3,1,160000,0,0.2552,0,0.2434,0,0.242863,0,0.258537,400,0
0.9,0.3,1,0,0.125188,0.126031,0.124787,0.125312,0.124675,0.12375,0.125156,0.1251,400,0
0.9,0.3,1,1000,0,0.260256,0,0.231019,0,0.255563,0,0.253163,400,0
0.9,0.3,1,2000,0,0.2438,0,0.245062,0,0.2516,0,0.259537,400,0
0.9,0.3,1,3000,0,0.2501,0,0.255656,0,0.2463,0,0.247944,400,0
0.9,0.3,1,5000,0,0.250875,0,0.255794,0,0.255031,0,0.2383,400,0
0.9,0.3,1,7000,0,0.237512,0,0.246894,0,0.266763,0,0.248831,400,0
0.9,0.3,1,10000,0,0.257387,0,0.234113,0,0.245325,0,0.263175,400,0
0.9,0.3,1,25000,0,0.2537,0,0.2616,0,0.244344,0,0.240356,400,0
0.9,0.3,1,50000,0,0.243706,0,0.244719,0,0.256031,0,0.255544,400,0
0.9,0.3,1,100000,0,0.250119,0,0.252887,0,0.250013,0,0.246981,400,0
0.9,0.3,1,160000,0,0.251619,0,0.24655,0,0.2419,0,0.259931,400,0
0.9,0.35,1,0,0.125525,0.125025,0.126188,0.125344,0.124738,0.123706,0.124387,0.125087,400,0
0.9,0.35,1,1000,0,0.253862,0,0.259288,0,0.237456,0,0.249394,400,0
0.9,0.35,1,2000,0,0.257775,0,0.2477,0,0.256894,0,0.237631,400,0
0.9,0.35,1,3000,0,0.2536,0,0.261069,0,0.242819,0,0.242512,400,0
0.9,0.35,1,5000,0,0.252225,0,0.256138,0,0.242831,0,0.248806,400,0
0.9,0.35,1,7000,0,0.246287,0,0.257369,0,0.248319,0,0.248025,400,0
0.9,0.35,1,10000,0,0.248144,0,0.247113,0,0.260119,0,0.244625,400,0
0.9,0.35,1,25000,0,0.252325,0,0.2458,0,0.259012,0,0.242863,400,0
0.9,0.35,1,50000,0,0.248287,0,0.252987,0,0.242375,0,0.25635,400,0
0.9,0.35,1,100000,0,0.244863,0,0.242262,0,0.255675,0,0.2572,400,0
0.9,0.35,1,160000,0,0.250906,0,0.258906,0,0.238731,0,0.251456,400,0
0.9,0.35,1,0,0.125025,0.125562,0.125156,0.124344,0.1264,0.125331,0.123988,0.124194,400,0
0.9,0.35,1,1000,0,0.244388,0,0.250331,0,0.252081,0,0.2532,400,0
0.9,0.35,1,2000,0,0.234425,0,0.247425,0,0.250787,0,0.267363,400,0
0.9,0.35,1,3000,0,0.246969,0,0.259663,0,0.237944,0,0.255425,400,0
0.9,0.35,1,5000,0,0.247737,0,0.25835,0,0.254581,0,0.239331,400,0
0.9,0.35,1,7000,0,0.245219,0,0.266075,0,0.246569,0,0.242138,400,0
0.9,0.35,1,10000,0,0.251594,0,0.272875,0,0.240331,0,0.2352,400,0
0.9,0.35,1,25000,0,0.255606,0,0.24655,0,0.25585,0,0.241994,400,0
0.9,0.35,1,50000,0,0.237038,0,0.243981,0,0.26265,0,0.256331,400,0
0.9,0.35,1,100000,0,0.256475,0,0.244925,0,0.254625,0,0.243975,400,0
0.9,0.35,1,160000,0,0.251144,0,0.256519,0,0.246706,0,0.245631,400,0
0.9,0.4,1,0,0.125356,0.126569,0.124425,0.124162,0.124356,0.124206,0.126019,0.124906,400,0
0.9,0.4,1,1000,0,0.250444,0,0.238006,0,0.251894,0,0.259656,400,0
0.9,0.4,1,2000,0,0.24405,0,0.250331,0,0.254419,0,0.2512,400,0
0.9,0.4,1,3000,0,0.245775,0,0.26055,0,0.248019,0,0.245656,400,0
0.9,0.4,1,5000,0,0.24945,0,0.251575,0,0.254825,0,0.24415,400,0
0.9,0.4,1,7000,0,0.240913,0,0.251919,0,0.270181,0,0.236987,400,0
0.9,0.4,1,10000,0,0.263587,0,0.252025,0,0.252812,0,0.231575,400,0
0.9,0.4,1,25000,0,0.240594,0,0.253912,0,0.251681,0,0.253812,400,0
0.9,0.4,1,50000,0,0.256063,0,0.252,0,0.247113,0,0.244825,400,0
0.9,0.4,1,100000,0,0.246794,0,0.2577,0,0.2467,0,0.248806,400,0
0.9,0.4,1,160000,0,0.256425,0,0.253663,0,0.237613,0,0.2523,400,0
0.9,0.4,1,0,0.124169,0.12665,0.122963,0.125587,0.125644,0.124419,0.124637,0.125931,400,0
0.9,0.4,1,1000,0,0.252794,0,0.236725,0,0.255169,0,0.255312,400,0
0.9,0.4,1,2000,0,0.250156,0,0.244138,0,0.24205,0,0.263656,400,0
0.9,0.4,1,3000,0,0.245606,0,0.24585,0,0.26525,0,0.243294,400,0
0.9,0.4,1,5000,0,0.244794,0,0.263994,0,0.250625,0,0.240588,400,0
0.9,0.4,1,7000,0,0.2677,0,0.236538,0,0.234588,0,0.261175,400,0
0.9,0.4,1,10000,0,0.257231,0,0.252919,0,0.242875,0,0.246975,400,0
0.9,0.4,1,25000,0,0.258344,0,0.255806,0,0.257456,0,0.228394,400,0
0.9,0.4,1,50000,0,0.257862,0,0.251713,0,0.260119,0,0.230306,400,0
0.9,0.4,1,100000,0,0.243037,0,0.261144,0,0.247606,0,0.248213,400,0
0.9,0.4,1,160000,0,0.250381,0,0.247319,0,0.25375,0,0.24855,400,0
0.9,0.45,1,0,0.124675,0.125044,0.124006,0.125606,0.126562,0.123713,0.125975,0.124419,400,0
0.9,0.45,1,1000,0,0.247094,0,0.255156,0,0.261688,0,0.236063,400,0
0.9,0.45,1,2000,0,0.244062,0,0.239613,0,0.252163,0,0.264163,400,0
0.9,0.45,1,3000,0,0.246081,0,0.255694,0,0.260369,0,0.237856,400,0
0.9,0.45,1,5000,0,0.254019,0,0.259556,0,0.232575,0,0.25385,400,0
0.9,0.45,1,7000,0,0.252069,0,0.247144,0,0.237956,0,0.262831,400,0
0.9,0.45,1,10000,0,0.249494,0,0.250569,0,0.258769,0,0.241169,400,0
0.9,0.45,1,25000,0,0.255725,0,0.260725,0,0.235887,0,0.247663,400,0
0.9,0.45,1,50000,0,0.23885,0,0.235937,0,0.261825,0,0.263387,400,0
0.9,0.45,1,100000,0,0.256194,0,0.237644,0,0.253231,0,0.252931,400,0
0.9,0.45,1,160000,0,0.246119,0,0.24555,0,0.255931,0,0.2524,400,0
0.9,0.45,1,0,0.125056,0.124219,0.125544,0.125706,0.125069,0.124588,0.125913,0.123906,400,0
0.9,0.45,1,1000,0,0.261887,0,0.244794,0,0.236419,0,0.2569,400,0
0.9,0.45,1,2000,0,0.229825,0,0.265375,0,0.261044,0,0.243756,400,0
0.9,0.45,1,3000,0,0.247494,0,0.246494,0,0.251013,0,0.255,400,0
0.9,0.45,1,5000,0,0.25245,0,0.244806,0,0.252569,0,0.250175,400,0
0.9,0.45,1,7000,0,0.247506,0,0.249981,0,0.259456,0,0.243056,400,0
0.9,0.45,1,10000,0,0.258575,0,0.250375,0,0.242138,0,0.248913,400,0
0.9,0.45,1,25000,0,0.253619,0,0.266131,0,0.241525,0,0.238725,400,0
0.9,0.45,1,50000,0,0.249938,0,0.248981,0,0.239262,0,0.261819,400,0
0.9,0.45,1,100000,0,0.249206,0,0.254781,0,0.248694,0,0.247319,400,0
0.9,0.45,1,160000,0,0.238069,0,0.243138,0,0.259356,0,0.259437,400,0
0.9,0.5,1,0,0.124594,0.1253,0.126106,0.125106,0.124219,0.124738,0.125337,0.1246,400,0
0.9,0.5,1,1000,0,0.244781,0,0.245781,0,0.2567,0,0.252738,400,0
0.9,0.5,1,2000,0,0.233006,0,0.26275,0,0.251925,0,0.252319,400,0
0.9,0.5,1,3000,0,0.2486,0,0.240344,0,0.264756,0,0.2463,400,0
0.9,0.5,1,5000,0,0.247525,0,0.249431,0,0.2597,0,0.243344,400,0
0.9,0.5,1,7000,0,0.260544,0,0.2372,0,0.246131,0,0.256125,400,0
0.9,0.5,1,10000,0,0.239462,0,0.258194,0,0.2551,0,0.247244,400,0
0.9,0.5,1,25000,0,0.238531,0,0.272725,0,0.252456,0,0.236288,400,0
0.9,0.5,1,50000,0,0.237719,0,0.255656,0,0.253613,0,0.253012,400,0
0.9,0.5,1,100000,0,0.242413,0,0.253575,0,0.258369,0,0.245644,400,0
0.9,0.5,1,160000,0,0.263119,0,0.251244,0,0.245475,0,0.240163,400,0
0.9,0.5,1,0,0.125025,0.125706,0.125069,0.12465,0.124319,0.125287,0.124825,0.125119,400,0
0.9,0.5,1,1000,0,0.262106,0,0.256962,0,0.251025,0,0.229906,400,0
0.9,0.5,1,2000,0,0.245875,0,0.244275,0,0.259356,0,0.250494,400,0
0.9,0.5,1,3000,0,0.245694,0,0.264912,0,0.2397,0,0.249694,400,0
0.9,0.5,1,5000,0,0.251775,0,0.250906,0,0.2648,0,0.232519,400,0
0.9,0.5,1,7000,0,0.238444,0,0.243969,0,0.25805,0,0.259537,400,0
0.9,0.5,1,10000,0,0.2398,0,0.248775,0,0.261125,0,0.2503,400,0
0.9,0.5,1,25000,0,0.252369,0,0.261906,0,0.239888,0,0.245837,400,0
0.9,0.5,1,50000,0,0.252831,0,0.241031,0,0.248794,0,0.257344,400,0
0.9,0.5,1,100000,0,0.244938,0,0.2421,0,0.252956,0,0.260006,400,0
0.9,0.5,1,160000,0,0.241088,0,0.25565,0,0.243469,0,0.259794,400,0
0.9,0.55,1,0,0.12485,0.124325,0.125675,0.126006,0.124088,0.125031,0.12495,0.125075,400,0
0.9,0.55,1,1000,0,0.250519,0,0.2403,0,0.251969,0,0.257213,400,0
0.9,0.55,1,2000,0,0.241006,0,0.253344,0,0.265344,0,0.240306,400,0
0.9,0.55,1,3000,0,0.234863,0,0.258756,0,0.254,0,0.252381,400,0
0.9,0.55,1,5000,0,0.239712,0,0.236856,0,0.258313,0,0.265119,400,0
0.9,0.55,1,7000,0,0.24535,0,0.241369,0,0.252675,0,0.260606,400,0
0.9,0.55,1,10000,0,0.252156,0,0.26245,0,0.239012,0,0.246381,400,0
0.9,0.55,1,25000,0,0.25185,0,0.25655,0,0.248981,0,0.242619,400,0
0.9,0.55,1,50000,0,0.23745,0,0.264338,0,0.24945,0,0.248762,400,0
0.9,0.55,1,100000,0,0.230325,0,0.266694,0,0.244306,0,0.258675,400,0
0.9,0.55,1,160000,0,0.248744,0,0.245463,0,0.238925,0,0.266869,400,0
0.9,0.55,1,0,0.125175,0.125112,0.123819,0.124094,0.12645,0.125256,0.125025,0.125069,400,0
0.9,0.55,1,1000,0,0.241081,0,0.252856,0,0.255625,0,0.250437,400,0
0.9,0.55,1,2000,0,0.252556,0,0.254381,0,0.250969,0,0.242094,400,0
0.9,0.55,1,3000,0,0.253862,0,0.256337,0,0.245131,0,0.244669,400,0
0.9,0.55,1,5000,0,0.253688,0,0.251944,0,0.238388,0,0.255981,400,0
0.9,0.55,1,7000,0,0.245069,0,0.242494,0,0.257825,0,0.254613,400,0
0.9,0.55,1,10000,0,0.254038,0,0.246825,0,0.255,0,0.244138,400,0
0.9,0.55,1,25000,0,0.263044,0,0.242525,0,0.237431,0,0.257,400,0
0.9,0.55,1,50000,0,0.247969,0,0.257856,0,0.2429,0,0.251275,400,0
0.9,0.55,1,100000,0,0.238206,0,0.252444,0,0.254781,0,0.254569,400,0
0.9,0.55,1,160000,0,0.2435,0,0.251294,0,0.252188,0,0.253019,400,0
0.9,0.6,1,0,0.124819,0.125125,0.123869,0.123906,0.126238,0.124206,0.126675,0.125163,400,0
0.9,0.6,1,1000,0,0.262125,0,0.237956,0,0.247388,0,0.252531,400,0
0.9,0.6,1,2000,0,0.25645,0,0.255881,0,0.251656,0,0.236012,400,0
0.9,0.6,1,3000,0,0.26655,0,0.248344,0,0.229488,0,0.255619,400,0
0.9,0.6,1,5000,0,0.254219,0,0.242712,0,0.2459,0,0.257169,400,0
0.9,0.6,1,7000,0,0.243737,0,0.249356,0,0.25455,0,0.252356,400,0
0.9,0.6,1,10000,0,0.254825,0,0.241481,0,0.248606,0,0.255088,400,0
0.9,0.6,1,25000,0,0.249806,0,0.263381,0,0.238094,0,0.248719,400,0
0.9,0.6,1,50000,0,0.261987,0,0.244794,0,0.244719,0,0.2485,400,0
0.9,0.6,1,100000,0,0.237206,0,0.249287,0,0.259325,0,0.254181,400,0
0.9,0.6,1,160000,0,0.248494,0,0.252213,0,0.258625,0,0.240669,400,0
0.9,0.6,1,0,0.125537,0.124919,0.124956,0.125519,0.125463,0.125375,0.124738,0.123494,400,0
0.9,0.6,1,1000,0,0.250006,0,0.260088,0,0.249894,0,0.240012,400,0
0.9,0.6,1,2000,0,0.265412,0,0.255375,0,0.246394,0,0.232819,400,0
0.9,0.6,1,3000,0,0.238456,0,0.234219,0,0.260106,0,0.267219,400,0
0.9,0.6,1,5000,0,0.272413,0,0.242769,0,0.238319,0,0.2465,400,0
0.9,0.6,1,7000,0,0.262169,0,0.253281,0,0.245131,0,0.239419,400,0
0.9,0.6,1,10000,0,0.251437,0,0.251975,0,0.253038,0,0.24355,400,0
0.9,0.6,1,25000,0,0.256063,0,0.241931,0,0.236331,0,0.265675,400,0
0.9,0.6,1,50000,0,0.253556,0,0.262956,0,0.241231,0,0.242256,400,0
0.9,0.6,1,100000,0,0.260669,0,0.225513,0,0.249362,0,0.264456,400,0
0.9,0.6,1,160000,0,0.266056,0,0.248194,0,0.248388,0,0.237363,400,0
0.9,0.65,1,0,0.125287,0.124762,0.125294,0.123325,0.125869,0.126112,0.124644,0.124706,400,0
0.9,0.65,1,1000,0,0.235556,0,0.265694,0,0.254625,0,0.244125,400,0
0.9,0.65,1,2000,0,0.255113,0,0.25755,0,0.236081,0,0.251256,400,0
0.9,0.65,1,3000,0,0.261044,0,0.245869,0,0.236775,0,0.256312,400,0
0.9,0.65,1,5000,0,0.250725,0,0.251269,0,0.253875,0,0.244131,400,0
0.9,0.65,1,7000,0,0.259494,0,0.253781,0,0.238406,0,0.248319,400,0
0.9,0.65,1,10000,0,0.249438,0,0.255994,0,0.237731,0,0.256837,400,0
0.9,0.65,1,25000,0,0.257469,0,0.243688,0,0.246919,0,0.251925,400,0
0.9,0.65,1,50000,0,0.254281,0,0.234319,0,0.256381,0,0.255019,400,0
0.9,0.65,1,100000,0,0.243819,0,0.265813,0,0.253406,0,0.236962,400,0
0.9,0.65,1,160000,0,0.243494,0,0.252256,0,0.247125,0,0.257125,400,0
0.9,0.65,1,0,0.124731,0.125994,0.125087,0.125594,0.124375,0.12505,0.124631,0.124537,400,0
0.9,0.65,1,1000,0,0.249775,0,0.250188,0,0.269331,0,0.230706,400,0
0.9,0.65,1,2000,0,0.258813,0,0.244431,0,0.236175,0,0.260581,400,0
0.9,0.65,1,3000,0,0.257825,0,0.245556,0,0.250787,0,0.245831,400,0
0.9,0.65,1,5000,0,0.254394,0,0.248875,0,0.24495,0,0.251781,400,0
0.9,0.65,1,7000,0,0.244256,0,0.246894,0,0.265494,0,0.243356,400,0
0.9,0.65,1,10000,0,0.264706,0,0.241462,0,0.2498,0,0.244031,400,0
0.9,0.65,1,25000,0,0.238512,0,0.256281,0,0.2445,0,0.260706,400,0
0.9,0.65,1,50000,0,0.245125,0,0.250444,0,0.258875,0,0.245556,400,0
0.9,0.65,1,100000,0,0.249231,0,0.261087,0,0.238856,0,0.250825,400,0
0.9,0.65,1,160000,0,0.243138,0,0.233681,0,0.266356,0,0.256825,400,0
0.9,0.7,1,0,0.123731,0.124181,0.125069,0.126169,0.12625,0.125006,0.124719,0.124875,400,0
0.9,0.7,1,1000,0,0.251119,0,0.25525,0,0.235637,0,0.257994,400,0
0.9,0.7,1,2000,0,0.270725,0,0.245356,0,0.242294,0,0.241625,400,0
0.9,0.7,1,3000,0,0.256894,0,0.2208,0,0.263525,0,0.258781,400,0
0.9,0.7,1,5000,0,0.257837,0,0.247306,0,0.24395,0,0.250906,400,0
0.9,0.7,1,7000,0,0.246337,0,0.244469,0,0.261738,0,0.247456,400,0
0.9,0.7,1,10000,0,0.226844,0,0.235006,0,0.277156,0,0.260994,400,0
0.9,0.7,1,25000,0,0.244237,0,0.245981,0,0.24755,0,0.262231,400,0
0.9,0.7,1,50000,0,0.252837,0,0.256563,0,0.240781,0,0.249819,400,0
0.9,0.7,1,100000,0,0.248925,0,0.2507,0,0.252919,0,0.247456,400,0
0.9,0.7,1,160000,0,0.245625,0,0.255344,0,0.254663,0,0.244369,400,0
0.9,0.7,1,0,0.124544,0.124613,0.125669,0.124412,0.126331,0.124256,0.125262,0.124912,400,0
0.9,0.7,1,1000,0,0.259238,0,0.238194,0,0.2534,0,0.249169,400,0
0.9,0.7,1,2000,0,0.256763,0,0.265731,0,0.234131,0,0.243375,400,0
0.9,0.7,1,3000,0,0.266487,0,0.243812,0,0.247756,0,0.241944,400,0
0.9,0.7,1,5000,0,0.261975,0,0.254437,0,0.238431,0,0.245156,400,0
0.9,0.7,1,7000,0,0.241881,0,0.263575,0,0.243844,0,0.2507,400,0
0.9,0.7,1,10000,0,0.249612,0,0.258525,0,0.252375,0,0.239487,400,0
0.9,0.7,1,25000,0,0.246319,0,0.262713,0,0.262106,0,0.228862,400,0
0.9,0.7,1,50000,0,0.2513,0,0.248069,0,0.257356,0,0.243275,400,0
0.9,0.7,1,100000,0,0.244169,0,0.261731,0,0.255244,0,0.238856,400,0
0.9,0.7,1,160000,0,0.244856,0,0.247006,0,0.2531,0,0.255037,400,0
0.9,0.75,1,0,0.12455,0.1249,0.126138,0.125562,0.124006,0.125769,0.124787,0.124287,400,0
0.9,0.75,1,1000,0,0.247438,0,0.250113,0,0.25885,0,0.2436,400,0
0.9,0.75,1,2000,0,0.246719,0,0.260138,0,0.257706,0,0.235437,400,0
0.9,0.75,1,3000,0,0.244375,0,0.249175,0,0.25235,0,0.2541,400,0
0.9,0.75,1,5000,0,0.264081,0,0.254275,0,0.241863,0,0.239781,400,0
0.9,0.75,1,7000,0,0.250494,0,0.254169,0,0.238788,0,0.25655,400,0
0.9,0.75,1,10000,0,0.243462,0,0.259594,0,0.254688,0,0.242256,400,0
0.9,0.75,1,25000,0,0.24955,0,0.246025,0,0.252887,0,0.251538,400,0
0.9,0.75,1,50000,0,0.246062,0,0.252981,0,0.257744,0,0.243212,400,0
0.9,0.75,1,100000,0,0.262944,0,0.241544,0,0.245144,0,0.250369,400,0
0.9,0.75,1,160000,0,0.249812,0,0.247519,0,0.244287,0,0.258381,400,0
0.9,0.75,1,0,0.124369,0.125837,0.125762,0.12545,0.124306,0.1239,0.126713,0.123662,400,0
0.9,0.75,1,1000,0,0.248481,0,0.251294,0,0.242938,0,0.257288,400,0
0.9,0.75,1,2000,0,0.242125,0,0.260325,0,0.248287,0,0.249262,400,0
0.9,0.75,1,3000,0,0.24285,0,0.263713,0,0.249087,0,0.24435,400,0
0.9,0.75,1,5000,0,0.239456,0,0.259588,0,0.260688,0,0.240269,400,0
0.9,0.75,1,7000,0,0.252631,0,0.2476,0,0.249862,0,0.249906,400,0
0.9,0.75,1,10000,0,0.252881,0,0.248406,0,0.247863,0,0.25085,400,0
0.9,0.75,1,25000,0,0.243875,0,0.261763,0,0.2518,0,0.242562,400,0
0.9,0.75,1,50000,0,0.234269,0,0.253575,0,0.2599,0,0.252256,400,0
0.9,0.75,1,100000,0,0.242881,0,0.244675,0,0.253094,0,0.25935,400,0
0.9,0.75,1,160000,0,0.239237,0,0.260819,0,0.259569,0,0.240375,400,0
0.9,0.8,1,0,0.124394,0.1245,0.125669,0.125287,0.124669,0.126287,0.124175,0.125019,400,0
0.9,0.8,1,1000,0,0.244094,0,0.245619,0,0.259131,0,0.251156,400,0
0.9,0.8,1,2000,0,0.255219,0,0.252194,0,0.241106,0,0.251481,400,0
0.9,0.8,1,3000,0,0.241731,0,0.268581,0,0.2452,0,0.244487,400,0
0.9,0.8,1,5000,0,0.249362,0,0.25735,0,0.242394,0,0.250894,400,0
0.9,0.8,1,7000,0,0.227144,0,0.25955,0,0.257125,0,0.256181,400,0
0.9,0.8,1,10000,0,0.252744,0,0.251,0,0.248713,0,0.247544,400,0
0.9,0.8,1,25000,0,0.2549,0,0.246613,0,0.2518,0,0.246688,400,0
0.9,0.8,1,50000,0,0.249812,0,0.263569,0,0.240069,0,0.24655,400,0
0.9,0.8,1,100000,0,0.256238,0,0.2234,0,0.260925,0,0.259437,400,0
0.9,0.8,1,160000,0,0.264944,0,0.249819,0,0.24245,0,0.242787,400,0
0.9,0.8,1,0,0.125994,0.125156,0.124969,0.125519,0.124825,0.123262,0.125012,0.125262,400,0
0.9,0.8,1,1000,0,0.219544,0,0.259263,0,0.261113,0,0.260081,400,0
0.9,0.8,1,2000,0,0.245156,0,0.259019,0,0.256644,0,0.239181,400,0
0.9,0.8,1,3000,0,0.2446,0,0.249619,0,0.264994,0,0.240787,400,0
0.9,0.8,1,5000,0,0.246494,0,0.25405,0,0.248531,0,0.250925,400,0
0.9,0.8,1,7000,0,0.242406,0,0.256056,0,0.26525,0,0.236288,400,0
0.9,0.8,1,10000,0,0.250038,0,0.262006,0,0.242638,0,0.245319,400,0
0.9,0.8,1,25000,0,0.235094,0,0.253188,0,0.253387,0,0.258331,400,0
0.9,0.8,1,50000,0,0.232819,0,0.249869,0,0.256138,0,0.261175,400,0
0.9,0.8,1,100000,0,0.245731,0,0.251019,0,0.256194,0,0.247056,400,0
0.9,0.8,1,160000,0,0.244775,0,0.256512,0,0.2525,0,0.246213,400,0
0.9,0.85,1,0,0.124556,0.124,0.124706,0.1237,0.1248,0.126981,0.125769,0.125488,400,0
0.9,0.85,1,1000,0,0.250513,0,0.251962,0,0.248344,0,0.249181,400,0
0.9,0.85,1,2000,0,0.252462,0,0.237744,0,0.261188,0,0.248606,400,0
0.9,0.85,1,3000,0,0.241381,0,0.262006,0,0.254163,0,0.24245,400,0
0.9,0.85,1,5000,0,0.235788,0,0.242163,0,0.253594,0,0.268456,400,0
0.9,0.85,1,7000,0,0.237225,0,0.244,0,0.253444,0,0.265331,400,0
0.9,0.85,1,10000,0,0.237256,0,0.253412,0,0.252819,0,0.256512,400,0
0.9,0.85,1,25000,0,0.248638,0,0.244094,0,0.251669,0,0.2556,400,0
0.9,0.85,1,50000,0,0.252375,0,0.246469,0,0.249688,0,0.251469,400,0
0.9,0.85,1,100000,0,0.260981,0,0.252638,0,0.258775,0,0.227606,400,0
0.9,0.85,1,160000,0,0.262494,0,0.242012,0,0.241744,0,0.25375,400,0
0.9,0.85,1,0,0.125119,0.124656,0.127281,0.125494,0.123869,0.123287,0.125337,0.124956,400,0
0.9,0.85,1,1000,0,0.2392,0,0.242019,0,0.271356,0,0.247425,400,0
0.9,0.85,1,2000,0,0.258213,0,0.244688,0,0.238025,0,0.259075,400,0
0.9,0.85,1,3000,0,0.253425,0,0.255056,0,0.241331,0,0.250188,400,0
0.9,0.85,1,5000,0,0.260175,0,0.255444,0,0.236038,0,0.248344,400,0
0.9,0.85,1,7000,0,0.2501,0,0.249531,0,0.248981,0,0.251387,400,0
0.9,0.85,1,10000,0,0.23675,0,0.27465,0,0.2545,0,0.2341,400,0
0.9,0.85,1,25000,0,0.254694,0,0.243987,0,0.253494,0,0.247825,400,0
0.9,0.85,1,50000,0,0.249356,0,0.248281,0,0.245613,0,0.25675,400,0
0.9,0.85,1,100000,0,0.25385,0,0.257887,0,0.245631,0,0.242631,400,0
0.9,0.85,1,160000,0,0.247031,0,0.249488,0,0.256706,0,0.246775,400,0
0.9,0.9,1,0,0.125594,0.124819,0.123869,0.125256,0.125312,0.125131,0.124488,0.125531,400,0
0.9,0.9,1,1000,0,0.23855,0,0.264494,0,0.246913,0,0.250044,400,0
0.9,0.9,1,2000,0,0.260231,0,0.252837,0,0.246287,0,0.240644,400,0
0.9,0.9,1,3000,0,0.255763,0,0.252119,0,0.244356,0,0.247762,400,0
0.9,0.9,1,5000,0,0.250156,0,0.248938,0,0.238756,0,0.26215,400,0
0.9,0.9,1,7000,0,0.247163,0,0.256688,0,0.247019,0,0.249131,400,0
0.9,0.9,1,10000,0,0.245287,0,0.2585,0,0.250025,0,0.246188,400,0
0.9,0.9,1,25000,0,0.237363,0,0.250856,0,0.260175,0,0.251606,400,0
0.9,0.9,1,50000,0,0.2503,0,0.266269,0,0.256031,0,0.2274,400,0
0.9,0.9,1,100000,0,0.259456,0,0.235937,0,0.252425,0,0.252181,400,0
0.9,0.9,1,160000,0,0.255638,0,0.246369,0,0.24365,0,0.254344,400,0
0.9,0.9,1,0,0.124975,0.125144,0.123787,0.125488,0.124744,0.125981,0.125294,0.124588,400,0
0.9,0.9,1,1000,0,0.244181,0,0.256731,0,0.251594,0,0.247494,400,0
0.9,0.9,1,2000,0,0.263581,0,0.258931,0,0.229581,0,0.247906,400,0
0.9,0.9,1,3000,0,0.250506,0,0.264806,0,0.236119,0,0.248569,400,0
0.9,0.9,1,5000,0,0.266594,0,0.235088,0,0.242031,0,0.256288,400,0
0.9,0.9,1,7000,0,0.224406,0,0.249875,0,0.263613,0,0.262106,400,0
0.9,0.9,1,10000,0,0.248375,0,0.234656,0,0.2709,0,0.246069,400,0
0.9,0.9,1,25000,0,0.240881,0,0.252812,0,0.254831,0,0.251475,400,0
0.9,0.9,1,50000,0,0.256781,0,0.243944,0,0.26325,0,0.236025,400,0
0.9,0.9,1,100000,0,0.239325,0,0.246881,0,0.254256,0,0.259537,400,0
0.9,0.9,1,160000,0,0.250631,0,0.266437,0,0.244987,0,0.237944,400,0
0.9,0.95,1,0,0.126406,0.124619,0.125587,0.1251,0.124031,0.1248,0.124662,0.124794,400,0
0.9,0.95,1,1000,0,0.255481,0,0.240344,0,0.24695,0,0.257225,400,0
0.9,0.95,1,2000,0,0.227937,0,0.256681,0,0.2608,0,0.254581,400,0
0.9,0.95,1,3000,0,0.252425,0,0.22605,0,0.263481,0,0.258044,400,0
0.9,0.95,1,5000,0,0.252306,0,0.256006,0,0.248494,0,0.243194,400,0
0.9,0.95,1,7000,0,0.249681,0,0.261844,0,0.244031,0,0.244444,400,0
0.9,0.95,1,10000,0,0.247369,0,0.24735,0,0.246644,0,0.258638,400,0
0.9,0.95,1,25000,0,0.251019,0,0.238269,0,0.245806,0,0.264906,400,0
0.9,0.95,1,50000,0,0.235919,0,0.252412,0,0.256862,0,0.254806,400,0
0.9,0.95,1,100000,0,0.241787,0,0.251794,0,0.244119,0,0.2623,400,0
0.9,0.95,1,160000,0,0.248319,0,0.264469,0,0.239394,0,0.247819,400,0
0.9,0.95,1,0,0.124688,0.125081,0.125131,0.125569,0.124581,0.125044,0.124775,0.125131,400,0
0.9,0.95,1,1000,0,0.248988,0,0.235881,0,0.248369,0,0.266763,400,0
0.9,0.95,1,2000,0,0.242044,0,0.256631,0,0.246981,0,0.254344,400,0
0.9,0.95,1,3000,0,0.247337,0,0.255094,0,0.249081,0,0.248488,400,0
0.9,0.95,1,5000,0,0.250119,0,0.254937,0,0.248419,0,0.246525,400,0
0.9,0.95,1,7000,0,0.254088,0,0.241431,0,0.246256,0,0.258225,400,0
0.9,0.95,1,10000,0,0.252362,0,0.245419,0,0.252081,0,0.250138,400,0
0.9,0.95,1,25000,0,0.249275,0,0.240706,0,0.256431,0,0.253588,400,0
0.9,0.95,1,50000,0,0.256063,0,0.233494,0,0.251825,0,0.258619,400,0
0.9,0.95,1,100000,0,0.237844,0,0.257175,0,0.2594,0,0.245581,400,0
0.9,0.95,1,160000,0,0.244606,0,0.243619,0,0.262794,0,0.248981,400,0
0.9,1,1,0,0.1242,0.12525,0.124037,0.1259,0.126075,0.12415,0.1265,0.123887,400,0
0.9,1,1,1000,0,0.242669,0,0.263825,0,0.239038,0,0.254469,400,0
0.9,1,1,2000,0,0.255994,0,0.240037,0,0.250225,0,0.253744,400,0
0.9,1,1,3000,0,0.237462,0,0.24835,0,0.267794,0,0.246394,400,0
0.9,1,1,5000,0,0.246775,0,0.237825,0,0.2527,0,0.2627,400,0
0.9,1,1,7000,0,0.238063,0,0.249125,0,0.258663,0,0.25415,400,0
0.9,1,1,10000,0,0.257837,0,0.250106,0,0.241706,0,0.25035,400,0
0.9,1,1,25000,0,0.257769,0,0.240762,0,0.247863,0,0.253606,400,0
0.9,1,1,50000,0,0.247663,0,0.254025,0,0.249331,0,0.248981,400,0
0.9,1,1,100000,0,0.254731,0,0.251188,0,0.2428,0,0.251281,400,0
0.9,1,1,160000,0,0.249325,0,0.263075,0,0.244556,0,0.243044,400,0
0.9,1,1,0,0.123019,0.124637,0.125081,0.124069,0.126569,0.124356,0.126481,0.125787,400,0
0.9,1,1,1000,0,0.237725,0,0.253075,0,0.262681,0,0.246519,400,0
0.9,1,1,2000,0,0.258306,0,0.245837,0,0.237931,0,0.257925,400,0
0.9,1,1,3000,0,0.252556,0,0.256019,0,0.245406,0,0.246019,400,0
0.9,1,1,5000,0,0.264044,0,0.243888,0,0.22285,0,0.269219,400,0
0.9,1,1,7000,0,0.242562,0,0.250931,0,0.254825,0,0.251681,400,0
0.9,1,1,10000,0,0.260444,0,0.237687,0,0.24595,0,0.255919,400,0
0.9,1,1,25000,0,0.242681,0,0.258238,0,0.254525,0,0.244556,400,0
0.9,1,1,50000,0,0.245344,0,0.232875,0,0.271288,0,0.250494,400,0
0.9,1,1,100000,0,0.240144,0,0.247888,0,0.250369,0,0.2616,400,0
0.9,1,1,160000,0,0.242775,0,0.271062,0,0.243075,0,0.243088,400,0
0.95,0,1,0,0.124844,0.126325,0.125512,0.124631,0.126125,0.1254,0.123869,0.123294,400,0
0.95,0,1,1000,0.154644,0.0900625,0.138225,0.104931,0.155381,0.105237,0.150481,0.101038,400,0
0.95,0,1,2000,0.171912,0.0812188,0.165469,0.0795562,0.1846,0.0720937,0.1811,0.06405,400,0
0.95,0,1,3000,0.207375,0.0435,0.199175,0.0443938,0.2173,0.0409187,0.201519,0.0458187,400,0
0.95,0,1,5000,0.246781,0.0216375,0.219713,0.022275,0.219938,0.018675,0.229844,0.0211375,400,0
0.95,0,1,7000,0.229925,0.0112,0.241956,0.008475,0.242175,0.0111938,0.241525,0.01355,400,0
0.95,0,1,10000,0.247337,0,0.250831,0,0.248881,0,0.25295,0,400,0
0.95,0,1,25000,0.251594,0,0.247194,0,0.236575,0,0.264638,0,400,0
0.95,0,1,50000,0.241356,0,0.245225,0,0.264775,0,0.248644,0,400,0
0.95,0,1,100000,0.253256,0,0.238719,0,0.250475,0,0.25755,0,400,0
0.95,0,1,160000,0.233006,0,0.264069,0,0.259925,0,0.243,0,400,0
0.95,0,1,0,0.124662,0.124,0.125188,0.125275,0.126138,0.124406,0.126219,0.124113,400,0
0.95,0,1,1000,0.157744,0.0915375,0.1724,0.092775,0.160862,0.0918313,0.143563,0.0892875,400,0
0.95,0,1,2000,0.163837,0.0801562,0.167662,0.0793937,0.1754,0.08185,0.168981,0.0827187,400,0
0.95,0,1,3000,0.190238,0.0646875,0.175706,0.0624875,0.186419,0.067025,0.1878,0.0656375,400,0
0.95,0,1,5000,0.217344,0.0325875,0.2253,0.0319062,0.226081,0.0246125,0.217906,0.0242625,400,0
0.95,0,1,7000,0.257738,0,0.257763,0,0.2482,0,0.2363,0,400,0
0.95,0,1,10000,0.260562,0,0.24015,0,0.24765,0,0.251638,0,400,0
0.95,0,1,25000,0.255812,0,0.253675,0,0.24715,0,0.243363,0,400,0
0.95,0,1,50000,0.257856,0,0.249881,0,0.240206,0,0.252056,0,400,0
0.95,0,1,100000,0.249262,0,0.253425,0,0.257887,0,0.239425,0,400,0
0.95,0,1,160000,0.257088,0,0.244981,0,0.238319,0,0.259613,0,400,0
0.95,0.05,1,0,0.125469,0.125781,0.124563,0.124225,0.125319,0.1237,0.125175,0.125769,400,0
0.95,0.05,1,1000,0.0320812,0.218044,0.0306688,0.240894,0.0242563,0.212712,0.0318437,0.2095,400,0
0.95,0.05,1,2000,0,0.243163,7.5e-05,0.255706,0,0.244356,0,0.2567,400,0
0.95,0.05,1,3000,0,0.2503,0,0.260556,0,0.233263,0,0.255881,400,0
0.95,0.05,1,5000,0,0.2424,0,0.231031,0,0.2577,0,0.268869,400,0
0.95,0.05,1,7000,0,0.2608,0,0.246837,0,0.245019,0,0.247344,400,0
0.95,0.05,1,10000,0,0.260081,0,0.249438,0,0.239819,0,0.250663,400,0
0.95,0.05,1,25000,0,0.250088,0,0.247031,0,0.248062,0,0.254819,400,0
0.95,0.05,1,50000,0,0.248581,0,0.250469,0,0.253319,0,0.247631,400,0
0.95,0.05,1,100000,0,0.242294,0,0.252906,0,0.261519,0,0.243281,400,0
0.95,0.05,1,160000,0,0.239419,0,0.251469,0,0.26505,0,0.244062,400,0
0.95,0.05,1,0,0.125256,0.124762,0.125638,0.123912,0.124287,0.124931,0.1257,0.125512,400,0
0.95,0.05,1,1000,0.0801562,0.168819,0.07485,0.167712,0.0726938,0.184463,0.0779625,0.173344,400,0
0.95,0.05,1,2000,0.0583437,0.1867,0.0561188,0.190294,0.05115,0.187806,0.0656125,0.203975,400,0
0.95,0.05,1,3000,0.0291187,0.22295,0.0238438,0.20905,0.020875,0.237606,0.0231562,0.2334,400,0
0.95,0.05,1,5000,0,0.23735,0,0.251231,0,0.24945,0,0.261969,400,0
0.95,0.05,1,7000,0,0.254588,0,0.251256,0,0.2383,0,0.255856,400,0
0.95,0.05,1,10000,0,0.23425,0,0.246231,0,0.254462,0,0.265056,400,0
0.95,0.05,1,25000,0,0.253287,0,0.262575,0,0.241737,0,0.2424,400,0
0.95,0.05,1,50000,0,0.241338,0,0.262087,0,0.257375,0,0.2392,400,0
0.95,0.05,1,100000,0,0.256556,0,0.241506,0,0.246269,0,0.255669,400,0
0.95,0.05,1,160000,0,0.237487,0,0.251238,0,0.260869,0,0.250406,400,0
0.95,0.1,1,0,0.124656,0.125025,0.123887,0.124225,0.126175,0.125856,0.125213,0.124963,400,0
0.95,0.1,1,1000,0.0506687,0.196669,0.0470937,0.202094,0.034775,0.199794,0.0498562,0.21905,400,0
0.95,0.1,1,2000,0,0.241175,0,0.250619,0,0.265469,0,0.242737,400,0
0.95,0.1,1,3000,0,0.2474,0,0.254025,0,0.23715,0,0.261425,400,0
0.95,0.1,1,5000,0,0.251319,0,0.241431,0,0.25435,0,0.2529,400,0
0.95,0.1,1,7000,0,0.256606,0,0.247581,0,0.2437,0,0.252113,400,0
0.95,0.1,1,10000,0,0.2589,0,0.246188,0,0.243544,0,0.251369,400,0
0.95,0.1,1,25000,0,0.254925,0,0.246406,0,0.239156,0,0.259512,400,0
0.95,0.1,1,50000,0,0.233075,0,0.253075,0,0.266044,0,0.247806,400,0
0.95,0.1,1,100000,0,0.255962,0,0.23885,0,0.257856,0,0.247331,400,0
0.95,0.1,1,160000,0,0.252175,0,0.242725,0,0.249344,0,0.255756,400,0
0.95,0.1,1,0,0.125475,0.123688,0.125694,0.124525,0.123887,0.125519,0.1261,0.125112,400,0
0.95,0.1,1,1000,0.04475,0.210631,0.0407187,0.20985,0.0438625,0.206431,0.0360437,0.207712,400,0
0.95,0.1,1,2000,0,0.248156,0,0.253138,0,0.249381,0,0.249325,400,0
0.95,0.1,1,3000,0,0.246944,0,0.255325,0,0.253163,0,0.244569,400,0
0.95,0.1,1,5000,0,0.256194,0,0.248581,0,0.249287,0,0.245938,400,0
0.95,0.1,1,7000,0,0.248056,0,0.246875,0,0.2561,0,0.248969,400,0
0.95,0.1,1,10000,0,0.239225,0,0.255756,0,0.265744,0,0.239275,400,0
0.95,0.1,1,25000,0,0.243537,0,0.256725,0,0.244219,0,0.255519,400,0
0.95,0.1,1,50000,0,0.259119,0,0.261225,0,0.247194,0,0.232462,400,0
0.95,0.1,1,100000,0,0.239156,0,0.254175,0,0.2488,0,0.257869,400,0
0.95,0.1,1,160000,0,0.242562,0,0.245419,0,0.247919,0,0.2641,400,0
0.95,0.15,1,0,0.124625,0.126375,0.123669,0.125312,0.125275,0.124662,0.125006,0.125075,400,0
0.95,0.15,1,1000,0.00048125,0.246987,0.0019375,0.234856,0.00195625,0.244975,0.001225,0.267581,400,0
0.95,0.15,1,2000,0,0.240194,0,0.262962,0,0.250606,0,0.246237,400,0
0.95,0.15,1,3000,0,0.251744,0,0.245994,0,0.240244,0,0.262019,400,0
0.95,0.15,1,5000,0,0.257256,0,0.24195,0,0.245244,0,0.25555,400,0
0.95,0.15,1,7000,0,0.248206,0,0.248631,0,0.258031,0,0.245131,400,0
0.95,0.15,1,10000,0,0.230831,0,0.259944,0,0.2595,0,0.249725,400,0
0.95,0.15,1,25000,0,0.261188,0,0.25725,0,0.237113,0,0.24445,400,0
0.95,0.15,1,50000,0,0.250931,0,0.245269,0,0.245037,0,0.258763,400,0
0.95,0.15,1,100000,0,0.241525,0,0.244163,0,0.269813,0,0.2445,400,0
0.95,0.15,1,160000,0,0.229469,0,0.243944,0,0.267244,0,0.259344,400,0
0.95,0.15,1,0,0.125225,0.125612,0.123769,0.126525,0.124169,0.125075,0.124444,0.125181,400,0
0.95,0.15,1,1000,0.00984375,0.252056,0.007975,0.234662,0.005775,0.227187,0.0089375,0.253563,400,0
0.95,0.15,1,2000,0,0.243094,0,0.255231,0,0.250806,0,0.250869,400,0
0.95,0.15,1,3000,0,0.253362,0,0.25625,0,0.240394,0,0.249994,400,0
0.95,0.15,1,5000,0,0.237313,0,0.245931,0,0.256831,0,0.259925,400,0
0.95,0.15,1,7000,0,0.253431,0,0.23325,0,0.248825,0,0.264494,400,0
0.95,0.15,1,10000,0,0.245931,0,0.2559,0,0.235719,0,0.26245,400,0
0.95,0.15,1,25000,0,0.246163,0,0.264725,0,0.246469,0,0.242644,400,0
0.95,0.15,1,50000,0,0.262531,0,0.235962,0,0.246325,0,0.255181,400,0
0.95,0.15,1,100000,0,0.249512,0,0.25055,0,0.2494,0,0.250538,400,0
0.95,0.15,1,160000,0,0.249675,0,0.271256,0,0.238212,0,0.240856,400,0
0.95,0.2,1,0,0.125125,0.125325,0.125369,0.125463,0.124556,0.124306,0.124444,0.125413,400,0
0.95,0.2,1,1000,0,0.2484,0,0.266288,0,0.250431,0,0.234881,400,0
0.95,0.2,1,2000,0,0.248944,0,0.2402,0,0.260431,0,0.250425,400,0
0.95,0.2,1,3000,0,0.249069,0,0.238144,0,0.265881,0,0.246906,400,0
0.95,0.2,1,5000,0,0.246881,0,0.252675,0,0.252437,0,0.248006,400,0
0.95,0.2,1,7000,0,0.253244,0,0.241762,0,0.259869,0,0.245125,400,0
0.95,0.2,1,10000,0,0.250912,0,0.246419,0,0.251056,0,0.251613,400,0
0.95,0.2,1,25000,0,0.246006,0,0.252894,0,0.260106,0,0.240994,400,0
0.95,0.2,1,50000,0,0.26055,0,0.239462,0,0.258987,0,0.241,400,0
0.95,0.2,1,100000,0,0.256844,0,0.247963,0,0.246931,0,0.248262,400,0
0.95,0.2,1,160000,0,0.242338,0,0.253631,0,0.245413,0,0.258619,400,0
0.95,0.2,1,0,0.125144,0.125494,0.125163,0.123706,0.123725,0.126175,0.125213,0.125381,400,0
0.95,0.2,1,1000,8.125e-05,0.24555,0,0.249981,0.0002375,0.2529,0,0.25125,400,0
0.95,0.2,1,2000,0,0.243706,0,0.265725,0,0.240863,0,0.249706,400,0
0.95,0.2,1,3000,0,0.266181,0,0.249894,0,0.248475,0,0.23545,400,0
0.95,0.2,1,5000,0,0.25085,0,0.253719,0,0.237756,0,0.257675,400,0
0.95,0.2,1,7000,0,0.2567,0,0.238762,0,0.248213,0,0.256325,400,0
0.95,0.2,1,10000,0,0.253731,0,0.250631,0,0.239838,0,0.2558,400,0
0.95,0.2,1,25000,0,0.252219,0,0.245113,0,0.248856,0,0.253812,400,0
0.95,0.2,1,50000,0,0.25925,0,0.258238,0,0.2377,0,0.244812,400,0
0.95,0.2,1,100000,0,0.263981,0,0.240806,0,0.233244,0,0.261969,400,0
0.95,0.2,1,160000,0,0.248575,0,0.256412,0,0.244231,0,0.250781,400,0
0.95,0.25,1,0,0.125381,0.124175,0.124912,0.125994,0.124975,0.124287,0.124537,0.125738,400,0
0.95,0.25,1,1000,0,0.250819,0,0.245506,0,0.241625,0,0.26205,400,0
0.95,0.25,1,2000,0,0.247606,0,0.260669,0,0.252763,0,0.238962,400,0
0.95,0.25,1,3000,0,0.264188,0,0.253469,0,0.236644,0,0.2457,400,0
0.95,0.25,1,5000,0,0.2562,0,0.245956,0,0.258769,0,0.239075,400,0
0.95,0.25,1,7000,0,0.258775,0,0.2483,0,0.255531,0,0.237394,400,0
0.95,0.25,1,10000,0,0.260619,0,0.261113,0,0.238819,0,0.23945,400,0
0.95,0.25,1,25000,0,0.244294,0,0.2607,0,0.248256,0,0.24675,400,0
0.95,0.25,1,50000,0,0.249281,0,0.2513,0,0.243669,0,0.25575,400,0
0.95,0.25,1,100000,0,0.240031,0,0.259719,0,0.259088,0,0.241163,400,0
0.95,0.25,1,160000,0,0.259456,0,0.24245,0,0.237431,0,0.260663,400,0
0.95,0.25,1,0,0.124988,0.125156,0.124394,0.125762,0.125456,0.124675,0.125094,0.124475,400,0
0.95,0.25,1,1000,0,0.233813,0,0.256369,0,0.265387,0,0.244431,400,0
0.95,0.25,1,2000,0,0.247144,0,0.249106,0,0.235944,0,0.267806,400,0
0.95,0.25,1,3000,0,0.248631,0,0.241956,0,0.252556,0,0.256856,400,0
0.95,0.25,1,5000,0,0.236838,0,0.256369,0,0.252094,0,0.2547,400,0
0.95,0.25,1,7000,0,0.23825,0,0.252519,0,0.256919,0,0.252312,400,0
0.95,0.25,1,10000,0,0.250337,0,0.24715,0,0.249787,0,0.252725,400,0
0.95,0.25,1,25000,0,0.237856,0,0.254675,0,0.249519,0,0.25795,400,0
0.95,0.25,1,50000,0,0.263931,0,0.2357,0,0.246656,0,0.253713,400,0
0.95,0.25,1,100000,0,0.251569,0,0.240506,0,0.2597,0,0.248225,400,0
0.95,0.25,1,160000,0,0.235288,0,0.238169,0,0.257106,0,0.269437,400,0
0.95,0.3,1,0,0.122688,0.124637,0.124463,0.124469,0.126006,0.12555,0.1263,0.125888,400,0
0.95,0.3,1,1000,0,0.244725,0,0.241,0,0.268731,0,0.245544,400,0
0.95,0.3,1,2000,0,0.243781,0,0.252194,0,0.252756,0,0.251269,400,0
0.95,0.3,1,3000,0,0.239869,0,0.249988,0,0.250106,0,0.260037,400,0
0.95,0.3,1,5000,0,0.246056,0,0.244812,0,0.255219,0,0.253912,400,0
0.95,0.3,1,7000,0,0.257331,0,0.263244,0,0.241913,0,0.237512,400,0
0.95,0.3,1,10000,0,0.241656,0,0.232619,0,0.263313,0,0.262412,400,0
0.95,0.3,1,25000,0,0.2393,0,0.254481,0,0.264394,0,0.241825,400,0
0.95,0.3,1,50000,0,0.243725,0,0.264044,0,0.249862,0,0.242369,400,0
0.95,0.3,1,100000,0,0.247944,0,0.250706,0,0.2466,0,0.25475,400,0
0.95,0.3,1,160000,0,0.244344,0,0.256944,0,0.25995,0,0.238762,400,0
0.95,0.3,1,0,0.124031,0.125,0.12525,0.125862,0.125719,0.12535,0.12375,0.125037,400,0
0.95,0.3,1,1000,0,0.268931,0,0.233419,0,0.243194,0,0.254456,400,0
0.95,0.3,1,2000,0,0.235394,0,0.240856,0,0.264981,0,0.258769,400,0
0.95,0.3,1,3000,0,0.250462,0,0.222725,0,0.251844,0,0.274969,400,0
0.95,0.3,1,5000,0,0.236237,0,0.251269,0,0.2585,0,0.253994,400,0
0.95,0.3,1,7000,0,0.24335,0,0.270144,0,0.242281,0,0.244225,400,0
0.95,0.3,1,10000,0,0.254556,0,0.245444,0,0.244512,0,0.255487,400,0
0.95,0.3,1,25000,0,0.254756,0,0.251375,0,0.245369,0,0.2485,400,0
0.95,0.3,1,50000,0,0.254138,0,0.248087,0,0.246344,0,0.251431,400,0
0.95,0.3,1,100000,0,0.252044,0,0.247356,0,0.240444,0,0.260156,400,0
0.95,0.3,1,160000,0,0.247688,0,0.249112,0,0.249019,0,0.254181,400,0
0.95,0.35,1,0,0.125156,0.126112,0.123431,0.125337,0.124819,0.125037,0.125169,0.124938,400,0
0.95,0.35,1,1000,0,0.239881,0,0.2586,0,0.255544,0,0.245975,400,0
0.95,0.35,1,2000,0,0.25685,0,0.242438,0,0.233531,0,0.267181,400,0
0.95,0.35,1,3000,0,0.244044,0,0.261469,0,0.249119,0,0.245369,400,0
0.95,0.35,1,5000,0,0.247194,0,0.271619,0,0.247631,0,0.233556,400,0
0.95,0.35,1,7000,0,0.250144,0,0.254994,0,0.244694,0,0.250169,400,0
0.95,0.35,1,10000,0,0.24905,0,0.250931,0,0.250912,0,0.249106,400,0
0.95,0.35,1,25000,0,0.254312,0,0.250887,0,0.257006,0,0.237794,400,0
0.95,0.35,1,50000,0,0.2487,0,0.26005,0,0.250013,0,0.241237,400,0
0.95,0.35,1,100000,0,0.255356,0,0.250594,0,0.253931,0,0.240119,400,0
0.95,0.35,1,160000,0,0.264156,0,0.2422,0,0.238931,0,0.254713,400,0
0.95,0.35,1,0,0.125069,0.124269,0.126287,0.125025,0.124169,0.124731,0.12455,0.1259,400,0
0.95,0.35,1,1000,0,0.254663,0,0.242663,0,0.249431,0,0.253244,400,0
0.95,0.35,1,2000,0,0.256275,0,0.270981,0,0.250281,0,0.222463,400,0
0.95,0.35,1,3000,0,0.251638,0,0.244619,0,0.2584,0,0.245344,400,0
0.95,0.35,1,5000,0,0.251969,0,0.245225,0,0.253312,0,0.249494,400,0
0.95,0.35,1,7000,0,0.262625,0,0.240413,0,0.237969,0,0.258994,400,0
0.95,0.35,1,10000,0,0.249531,0,0.238081,0,0.254038,0,0.25835,400,0
0.95,0.35,1,25000,0,0.257588,0,0.249881,0,0.258075,0,0.234456,400,0
0.95,0.35,1,50000,0,0.252269,0,0.247381,0,0.247481,0,0.252869,400,0
0.95,0.35,1,100000,0,0.257894,0,0.26215,0,0.237056,0,0.2429,400,0
0.95,0.35,1,160000,0,0.253025,0,0.256569,0,0.238475,0,0.251931,400,0
0.95,0.4,1,0,0.124256,0.124063,0.124675,0.125794,0.125663,0.125888,0.125488,0.124175,400,0
0.95,0.4,1,1000,0,0.251219,0,0.262319,0,0.244994,0,0.241469,400,0
0.95,0.4,1,2000,0,0.247075,0,0.245975,0,0.257306,0,0.249644,400,0
0.95,0.4,1,3000,0,0.253825,0,0.265238,0,0.226038,0,0.2549,400,0
0.95,0.4,1,5000,0,0.246856,0,0.263338,0,0.241475,0,0.248331,400,0
0.95,0.4,1,7000,0,0.249381,0,0.232863,0,0.256675,0,0.261081,400,0
0.95,0.4,1,10000,0,0.263644,0,0.245006,0,0.255,0,0.23635,400,0
0.95,0.4,1,25000,0,0.239294,0,0.2626,0,0.23975,0,0.258356,400,0
0.95,0.4,1,50000,0,0.246294,0,0.257437,0,0.235325,0,0.260944,400,0
0.95,0.4,1,100000,0,0.243,0,0.253969,0,0.2446,0,0.258431,400,0
0.95,0.4,1,160000,0,0.251831,0,0.229988,0,0.260713,0,0.257469,400,0
0.95,0.4,1,0,0.124225,0.125512,0.125781,0.126956,0.123856,0.125812,0.124031,0.123825,400,0
0.95,0.4,1,1000,0,0.254994,0,0.242462,0,0.244969,0,0.257575,400,0
0.95,0.4,1,2000,0,0.2549,0,0.266081,0,0.24575,0,0.233269,400,0
0.95,0.4,1,3000,0,0.261606,0,0.241494,0,0.254094,0,0.242806,400,0
0.95,0.4,1,5000,0,0.250862,0,0.252519,0,0.248012,0,0.248606,400,0
0.95,0.4,1,7000,0,0.251194,0,0.249194,0,0.240581,0,0.259031,400,0
0.95,0.4,1,10000,0,0.257281,0,0.256725,0,0.247644,0,0.23835,400,0
0.95,0.4,1,25000,0,0.250837,0,0.241731,0,0.252188,0,0.255244,400,0
0.95,0.4,1,50000,0,0.235075,0,0.237169,0,0.255306,0,0.27245,400,0
0.95,0.4,1,100000,0,0.244475,0,0.253263,0,0.251437,0,0.250825,400,0
0.95,0.4,1,160000,0,0.256825,0,0.2347,0,0.251744,0,0.256731,400,0
0.95,0.45,1,0,0.125294,0.125425,0.125606,0.123456,0.124619,0.12515,0.124481,0.125969,400,0
0.95,0.45,1,1000,0,0.2562,0,0.258744,0,0.2529,0,0.232156,400,0
0.95,0.45,1,2000,0,0.252556,0,0.237687,0,0.253156,0,0.2566,400,0
0.95,0.45,1,3000,0,0.245938,0,0.244344,0,0.256956,0,0.252763,400,0
0.95,0.45,1,5000,0,0.250025,0,0.234381,0,0.267725,0,0.247869,400,0
0.95,0.45,1,7000,0,0.253919,0,0.254269,0,0.24865,0,0.243163,400,0
0.95,0.45,1,10000,0,0.253556,0,0.244619,0,0.245744,0,0.256081,400,0
0.95,0.45,1,25000,0,0.236731,0,0.261294,0,0.251506,0,0.250469,400,0
0.95,0.45,1,50000,0,0.246544,0,0.26005,0,0.251356,0,0.24205,400,0
0.95,0.45,1,100000,0,0.25085,0,0.26825,0,0.255063,0,0.225837,400,0
0.95,0.45,1,160000,0,0.241056,0,0.274537,0,0.241319,0,0.243088,400,0
0.95,0.45,1,0,0.124463,0.124637,0.125388,0.125156,0.125837,0.124319,0.12475,0.12545,400,0
0.95,0.45,1,1000,0,0.240888,0,0.258669,0,0.258469,0,0.241975,400,0
0.95,0.45,1,2000,0,0.253994,0,0.243,0,0.25225,0,0.250756,400,0
0.95,0.45,1,3000,0,0.264306,0,0.246638,0,0.235094,0,0.253962,400,0
0.95,0.45,1,5000,0,0.251262,0,0.244344,0,0.249831,0,0.254563,400,0
0.95,0.45,1,7000,0,0.2362,0,0.253844,0,0.258325,0,0.251631,400,0
0.95,0.45,1,10000,0,0.230387,0,0.254219,0,0.258044,0,0.25735,400,0
0.95,0.45,1,25000,0,0.237175,0,0.262756,0,0.248762,0,0.251306,400,0
0.95,0.45,1,50000,0,0.2486,0,0.263869,0,0.241262,0,0.246269,400,0
0.95,0.45,1,100000,0,0.259313,0,0.237956,0,0.248481,0,0.25425,400,0
0.95,0.45,1,160000,0,0.254269,0,0.227981,0,0.249769,0,0.267981,400,0
0.95,0.5,1,0,0.125275,0.125494,0.123894,0.125506,0.125031,0.125894,0.124319,0.124588,400,0
0.95,0.5,1,1000,0,0.255769,0,0.244525,0,0.24955,0,0.250156,400,0
0.95,0.5,1,2000,0,0.249281,0,0.255512,0,0.245888,0,0.249319,400,0
0.95,0.5,1,3000,0,0.249475,0,0.2507,0,0.250825,0,0.249,400,0
0.95,0.5,1,5000,0,0.244681,0,0.258281,0,0.257825,0,0.239212,400,0
0.95,0.5,1,7000,0,0.2487,0,0.239656,0,0.264838,0,0.246806,400,0
0.95,0.5,1,10000,0,0.246106,0,0.259775,0,0.241794,0,0.252325,400,0
0.95,0.5,1,25000,0,0.249956,0,0.252125,0,0.250638,0,0.247281,400,0
0.95,0.5,1,50000,0,0.254194,0,0.239169,0,0.256881,0,0.249756,400,0
0.95,0.5,1,100000,0,0.250775,0,0.24265,0,0.252175,0,0.2544,400,0
0.95,0.5,1,160000,0,0.245256,0,0.269406,0,0.249769,0,0.235569,400,0
0.95,0.5,1,0,0.125,0.125,0.124431,0.124975,0.124306,0.124719,0.126056,0.125512,400,0
0.95,0.5,1,1000,0,0.250688,0,0.236794,0,0.256275,0,0.256244,400,0
0.95,0.5,1,2000,0,0.240469,0,0.254431,0,0.259056,0,0.246044,400,0
0.95,0.5,1,3000,0,0.241144,0,0.253575,0,0.262044,0,0.243237,400,0
0.95,0.5,1,5000,0,0.260113,0,0.253394,0,0.239069,0,0.247425,400,0
0.95,0.5,1,7000,0,0.260175,0,0.254581,0,0.240619,0,0.244625,400,0
0.95,0.5,1,10000,0,0.250131,0,0.263156,0,0.2507,0,0.236012,400,0
0.95,0.5,1,25000,0,0.242737,0,0.249562,0,0.268256,0,0.239444,400,0
0.95,0.5,1,50000,0,0.252131,0,0.256663,0,0.252706,0,0.2385,400,0
0.95,0.5,1,100000,0,0.264487,0,0.260444,0,0.239206,0,0.235863,400,0
0.95,0.5,1,160000,0,0.24755,0,0.242388,0,0.2629,0,0.247163,400,0
0.95,0.55,1,0,0.126312,0.124694,0.124781,0.124644,0.124669,0.125544,0.125525,0.123831,400,0
0.95,0.55,1,1000,0,0.240075,0,0.249681,0,0.25755,0,0.252694,400,0
0.95,0.55,1,2000,0,0.257469,0,0.245363,0,0.2523,0,0.244869,400,0
0.95,0.55,1,3000,0,0.247406,0,0.245663,0,0.244413,0,0.262519,400,0
0.95,0.55,1,5000,0,0.251544,0,0.24505,0,0.245625,0,0.257781,400,0
0.95,0.55,1,7000,0,0.248419,0,0.247306,0,0.240212,0,0.264062,400,0
0.95,0.55,1,10000,0,0.253163,0,0.244562,0,0.238331,0,0.263944,400,0
0.95,0.55,1,25000,0,0.258019,0,0.249444,0,0.2431,0,0.249438,400,0
0.95,0.55,1,50000,0,0.248456,0,0.243444,0,0.2525,0,0.2556,400,0
0.95,0.55,1,100000,0,0.255688,0,0.238919,0,0.250113,0,0.255281,400,0
0.95,0.55,1,160000,0,0.254081,0,0.247931,0,0.242975,0,0.255012,400,0
0.95,0.55,1,0,0.123644,0.125719,0.124225,0.125988,0.124269,0.124631,0.125938,0.125587,400,0
0.95,0.55,1,1000,0,0.24085,0,0.258175,0,0.257325,0,0.24365,400,0
0.95,0.55,1,2000,0,0.252244,0,0.248806,0,0.246737,0,0.252213,400,0
0.95,0.55,1,3000,0,0.257337,0,0.238687,0,0.243688,0,0.260288,400,0
0.95,0.55,1,5000,0,0.23525,0,0.251156,0,0.259663,0,0.253931,400,0
0.95,0.55,1,7000,0,0.244056,0,0.252919,0,0.257675,0,0.24535,400,0
0.95,0.55,1,10000,0,0.246475,0,0.252163,0,0.261581,0,0.239781,400,0
0.95,0.55,1,25000,0,0.244475,0,0.235687,0,0.258706,0,0.261131,400,0
0.95,0.55,1,50000,0,0.236088,0,0.258519,0,0.254331,0,0.251063,400,0
0.95,0.55,1,100000,0,0.259037,0,0.246537,0,0.237931,0,0.256494,400,0
0.95,0.55,1,160000,0,0.279781,0,0.23825,0,0.238019,0,0.24395,400,0
0.95,0.6,1,0,0.124412,0.125388,0.124644,0.126138,0.125688,0.124869,0.12535,0.123512,400,0
0.95,0.6,1,1000,0,0.239231,0,0.2625,0,0.249169,0,0.2491,400,0
0.95,0.6,1,2000,0,0.248756,0,0.259606,0,0.258337,0,0.2333,400,0
0.95,0.6,1,3000,0,0.25085,0,0.254181,0,0.247913,0,0.247056,400,0
0.95,0.6,1,5000,0,0.242431,0,0.25095,0,0.2561,0,0.250519,400,0
0.95,0.6,1,7000,0,0.259556,0,0.251487,0,0.243181,0,0.245775,400,0
0.95,0.6,1,10000,0,0.246737,0,0.243719,0,0.253894,0,0.25565,400,0
0.95,0.6,1,25000,0,0.241313,0,0.2414,0,0.263213,0,0.254075,400,0
0.95,0.6,1,50000,0,0.2508,0,0.244962,0,0.252688,0,0.25155,400,0
0.95,0.6,1,100000,0,0.242406,0,0.239287,0,0.263937,0,0.254369,400,0
0.95,0.6,1,160000,0,0.260694,0,0.229631,0,0.241725,0,0.26795,400,0
0.95,0.6,1,0,0.123344,0.12625,0.127438,0.124081,0.123606,0.126381,0.125094,0.123806,400,0
0.95,0.6,1,1000,0,0.24355,0,0.247644,0,0.264881,0,0.243925,400,0
0.95,0.6,1,2000,0,0.2606,0,0.245806,0,0.244281,0,0.249312,400,0
0.95,0.6,1,3000,0,0.239987,0,0.256881,0,0.258806,0,0.244325,400,0
0.95,0.6,1,5000,0,0.2491,0,0.262325,0,0.23695,0,0.251625,400,0
0.95,0.6,1,7000,0,0.258,0,0.226906,0,0.249844,0,0.26525,400,0
0.95,0.6,1,10000,0,0.24615,0,0.243875,0,0.259231,0,0.250744,400,0
0.95,0.6,1,25000,0,0.25495,0,0.239787,0,0.250762,0,0.2545,400,0
0.95,0.6,1,50000,0,0.244062,0,0.254381,0,0.245431,0,0.256125,400,0
0.95,0.6,1,100000,0,0.247037,0,0.241425,0,0.259462,0,0.252075,400,0
0.95,0.6,1,160000,0,0.247906,0,0.249531,0,0.261213,0,0.24135,400,0
0.95,0.65,1,0,0.125225,0.125081,0.126425,0.125106,0.124431,0.125312,0.124625,0.123794,400,0
0.95,0.65,1,1000,0,0.257713,0,0.239975,0,0.251688,0,0.250625,400,0
0.95,0.65,1,2000,0,0.24635,0,0.244056,0,0.263994,0,0.2456,400,0
0.95,0.65,1,3000,0,0.243769,0,0.256688,0,0.242756,0,0.256788,400,0
0.95,0.65,1,5000,0,0.2483,0,0.243838,0,0.263075,0,0.244787,400,0
0.95,0.65,1,7000,0,0.258256,0,0.242938,0,0.24865,0,0.250156,400,0
0.95,0.65,1,10000,0,0.243681,0,0.251631,0,0.253,0,0.251688,400,0
0.95,0.65,1,25000,0,0.260319,0,0.249619,0,0.24805,0,0.242012,400,0
0.95,0.65,1,50000,0,0.2394,0,0.262025,0,0.244206,0,0.254369,400,0
0.95,0.65,1,100000,0,0.236719,0,0.239187,0,0.256456,0,0.267637,400,0
0.95,0.65,1,160000,0,0.243962,0,0.253681,0,0.2479,0,0.254456,400,0
0.95,0.65,1,0,0.124838,0.124925,0.125531,0.124963,0.125425,0.124219,0.125781,0.124319,400,0
0.95,0.65,1,1000,0,0.244312,0,0.266525,0,0.252362,0,0.2368,400,0
0.95,0.65,1,2000,0,0.251631,0,0.257019,0,0.249469,0,0.241881,400,0
0.95,0.65,1,3000,0,0.245719,0,0.258856,0,0.249719,0,0.245706,400,0
0.95,0.65,1,5000,0,0.259113,0,0.250713,0,0.244613,0,0.245562,400,0
0.95,0.65,1,7000,0,0.253794,0,0.251331,0,0.244769,0,0.250106,400,0
0.95,0.65,1,10000,0,0.237475,0,0.250862,0,0.262487,0,0.249175,400,0
0.95,0.65,1,25000,0,0.248825,0,0.244913,0,0.247938,0,0.258325,400,0
0.95,0.65,1,50000,0,0.26025,0,0.234606,0,0.250744,0,0.2544,400,0
0.95,0.65,1,100000,0,0.255081,0,0.260344,0,0.237437,0,0.247138,400,0
0.95,0.65,1,160000,0,0.244756,0,0.244575,0,0.26075,0,0.249919,400,0
0.95,0.7,1,0,0.1254,0.125025,0.126156,0.125675,0.124637,0.125919,0.124125,0.123063,400,0
0.95,0.7,1,1000,0,0.243131,0,0.248638,0,0.257594,0,0.250638,400,0
0.95,0.7,1,2000,0,0.23405,0,0.244487,0,0.253769,0,0.267694,400,0
0.95,0.7,1,3000,0,0.248406,0,0.2395,0,0.257525,0,0.254569,400,0
0.95,0.7,1,5000,0,0.268869,0,0.247581,0,0.2442,0,0.23935,400,0
0.95,0.7,1,7000,0,0.245287,0,0.25025,0,0.243375,0,0.261087,400,0
0.95,0.7,1,10000,0,0.249194,0,0.260269,0,0.241613,0,0.248925,400,0
0.95,0.7,1,25000,0,0.249062,0,0.267544,0,0.246581,0,0.236813,400,0
0.95,0.7,1,50000,0,0.248144,0,0.230919,0,0.255694,0,0.265244,400,0
0.95,0.7,1,100000,0,0.243262,0,0.258144,0,0.247169,0,0.251425,400,0
0.95,0.7,1,160000,0,0.257837,0,0.249094,0,0.242475,0,0.250594,400,0
0.95,0.7,1,0,0.1276,0.124269,0.124781,0.123606,0.1252,0.124294,0.126094,0.124156,400,0
0.95,0.7,1,1000,0,0.257763,0,0.249525,0,0.234925,0,0.257788,400,0
0.95,0.7,1,2000,0,0.253462,0,0.244025,0,0.2494,0,0.253113,400,0
0.95,0.7,1,3000,0,0.259481,0,0.2642,0,0.238462,0,0.237856,400,0
0.95,0.7,1,5000,0,0.243069,0,0.245837,0,0.259444,0,0.25165,400,0
0.95,0.7,1,7000,0,0.253956,0,0.250906,0,0.251831,0,0.243306,400,0
0.95,0.7,1,10000,0,0.254412,0,0.23875,0,0.246819,0,0.260019,400,0
0.95,0.7,1,25000,0,0.247062,0,0.259381,0,0.248025,0,0.245531,400,0
0.95,0.7,1,50000,0,0.262175,0,0.231606,0,0.25125,0,0.254969,400,0
0.95,0.7,1,100000,0,0.258412,0,0.241644,0,0.245062,0,0.254881,400,0
0.95,0.7,1,160000,0,0.257512,0,0.239044,0,0.246119,0,0.257325,400,0
0.95,0.75,1,0,0.124925,0.125081,0.123831,0.126656,0.125606,0.124325,0.125225,0.12435,400,0
0.95,0.75,1,1000,0,0.250631,0,0.258188,0,0.240775,0,0.250406,400,0
0.95,0.75,1,2000,0,0.231531,0,0.2618,0,0.260062,0,0.246606,400,0
0.95,0.75,1,3000,0,0.243256,0,0.263506,0,0.251575,0,0.241663,400,0
0.95,0.75,1,5000,0,0.251856,0,0.258056,0,0.253175,0,0.236912,400,0
0.95,0.75,1,7000,0,0.248994,0,0.236706,0,0.250713,0,0.263587,400,0
0.95,0.75,1,10000,0,0.258562,0,0.251644,0,0.244163,0,0.245631,400,0
0.95,0.75,1,25000,0,0.249762,0,0.2428,0,0.253887,0,0.25355,400,0
0.95,0.75,1,50000,0,0.244294,0,0.255081,0,0.241281,0,0.259344,400,0
0.95,0.75,1,100000,0,0.254375,0,0.24205,0,0.237044,0,0.266531,400,0
0.95,0.75,1,160000,0,0.254512,0,0.244044,0,0.2394,0,0.262044,400,0
0.95,0.75,1,0,0.127137,0.1251,0.124069,0.124994,0.124244,0.125219,0.124363,0.124875,400,0
0.95,0.75,1,1000,0,0.2443,0,0.234931,0,0.248544,0,0.272225,400,0
0.95,0.75,1,2000,0,0.248469,0,0.259813,0,0.245394,0,0.246325,400,0
0.95,0.75,1,3000,0,0.243363,0,0.242231,0,0.261994,0,0.252412,400,0
0.95,0.75,1,5000,0,0.243744,0,0.248981,0,0.250769,0,0.256506,400,0
0.95,0.75,1,7000,0,0.252719,0,0.258456,0,0.252525,0,0.2363,400,0
0.95,0.75,1,10000,0,0.250937,0,0.252706,0,0.251638,0,0.244719,400,0
0.95,0.75,1,25000,0,0.264081,0,0.253475,0,0.238981,0,0.243462,400,0
0.95,0.75,1,50000,0,0.254125,0,0.241481,0,0.249312,0,0.255081,400,0
0.95,0.75,1,100000,0,0.253462,0,0.249694,0,0.253994,0,0.24285,400,0
0.95,0.75,1,160000,0,0.2571,0,0.252444,0,0.237412,0,0.253044,400,0
0.95,0.8,1,0,0.124613,0.126294,0.1256,0.125413,0.124531,0.124625,0.124225,0.1247,400,0
0.95,0.8,1,1000,0,0.2529,0,0.262669,0,0.243231,0,0.2412,400,0
0.95,0.8,1,2000,0,0.247075,0,0.251412,0,0.252425,0,0.249087,400,0
0.95,0.8,1,3000,0,0.242894,0,0.258962,0,0.2638,0,0.234344,400,0
0.95,0.8,1,5000,0,0.275069,0,0.237394,0,0.238631,0,0.248906,400,0
0.95,0.8,1,7000,0,0.263331,0,0.239631,0,0.244556,0,0.252481,400,0
0.95,0.8,1,10000,0,0.254794,0,0.236656,0,0.248125,0,0.260425,400,0
0.95,0.8,1,25000,0,0.243281,0,0.250525,0,0.251013,0,0.255181,400,0
0.95,0.8,1,50000,0,0.248775,0,0.245881,0,0.251319,0,0.254025,400,0
0.95,0.8,1,100000,0,0.240169,0,0.263994,0,0.258031,0,0.237806,400,0
0.95,0.8,1,160000,0,0.2523,0,0.244294,0,0.248519,0,0.254887,400,0
0.95,0.8,1,0,0.124275,0.125675,0.123688,0.1254,0.124556,0.126012,0.123981,0.126413,400,0
0.95,0.8,1,1000,0,0.245081,0,0.259713,0,0.236469,0,0.258738,400,0
0.95,0.8,1,2000,0,0.251188,0,0.247638,0,0.243987,0,0.257188,400,0
0.95,0.8,1,3000,0,0.250619,0,0.234969,0,0.260356,0,0.254056,400,0
0.95,0.8,1,5000,0,0.261163,0,0.247438,0,0.254006,0,0.237394,400,0
0.95,0.8,1,7000,0,0.255919,0,0.23825,0,0.249163,0,0.256669,400,0
0.95,0.8,1,10000,0,0.237613,0,0.2629,0,0.25115,0,0.248337,400,0
0.95,0.8,1,25000,0,0.257831,0,0.247044,0,0.250487,0,0.244638,400,0
0.95,0.8,1,50000,0,0.249669,0,0.256588,0,0.249612,0,0.244131,400,0
0.95,0.8,1,100000,0,0.2469,0,0.275469,0,0.243306,0,0.234325,400,0
0.95,0.8,1,160000,0,0.256056,0,0.252625,0,0.258837,0,0.232481,400,0
0.95,0.85,1,0,0.125644,0.123706,0.126694,0.125794,0.125131,0.1249,0.123794,0.124338,400,0
0.95,0.85,1,1000,0,0.242063,0,0.250519,0,0.253375,0,0.254044,400,0
0.95,0.85,1,2000,0,0.245737,0,0.239937,0,0.252713,0,0.261613,400,0
0.95,0.85,1,3000,0,0.256519,0,0.2603,0,0.236775,0,0.246406,400,0
0.95,0.85,1,5000,0,0.248738,0,0.240375,0,0.257894,0,0.252994,400,0
0.95,0.85,1,7000,0,0.262394,0,0.248762,0,0.236412,0,0.252431,400,0
0.95,0.85,1,10000,0,0.27145,0,0.242663,0,0.237475,0,0.248413,400,0
0.95,0.85,1,25000,0,0.253406,0,0.253606,0,0.240406,0,0.252581,400,0
0.95,0.85,1,50000,0,0.253106,0,0.234994,0,0.247075,0,0.264825,400,0
0.95,0.85,1,100000,0,0.245537,0,0.254912,0,0.259613,0,0.239937,400,0
0.95,0.85,1,160000,0,0.257894,0,0.240044,0,0.245719,0,0.256344,400,0
0.95,0.85,1,0,0.124988,0.124806,0.125012,0.125531,0.1263,0.124838,0.124213,0.124313,400,0
0.95,0.85,1,1000,0,0.25825,0,0.252681,0,0.246325,0,0.242744,400,0
0.95,0.85,1,2000,0,0.24635,0,0.26235,0,0.242831,0,0.248469,400,0
0.95,0.85,1,3000,0,0.243406,0,0.255256,0,0.256887,0,0.24445,400,0
0.95,0.85,1,5000,0,0.248369,0,0.229906,0,0.252881,0,0.268844,400,0
0.95,0.85,1,7000,0,0.249294,0,0.256019,0,0.237487,0,0.2572,400,0
0.95,0.85,1,10000,0,0.239475,0,0.247837,0,0.258681,0,0.254006,400,0
0.95,0.85,1,25000,0,0.251069,0,0.249344,0,0.234981,0,0.264606,400,0
0.95,0.85,1,50000,0,0.262975,0,0.266219,0,0.229125,0,0.241681,400,0
0.95,0.85,1,100000,0,0.2519,0,0.243,0,0.245544,0,0.259556,400,0
0.95,0.85,1,160000,0,0.245044,0,0.256156,0,0.249369,0,0.249431,400,0
0.95,0.9,1,0,0.126488,0.124794,0.123369,0.124594,0.125856,0.1252,0.124069,0.125631,400,0
0.95,0.9,1,1000,0,0.252206,0,0.235137,0,0.251669,0,0.260987,400,0
0.95,0.9,1,2000,0,0.235819,0,0.255831,0,0.267494,0,0.240856,400,0
0.95,0.9,1,3000,0,0.262238,0,0.235431,0,0.23825,0,0.264081,400,0
0.95,0.9,1,5000,0,0.241469,0,0.268537,0,0.252538,0,0.237456,400,0
0.95,0.9,1,7000,0,0.261294,0,0.255075,0,0.243775,0,0.239856,400,0
0.95,0.9,1,10000,0,0.250619,0,0.240244,0,0.257181,0,0.251956,400,0
0.95,0.9,1,25000,0,0.247981,0,0.260994,0,0.235025,0,0.256,400,0
0.95,0.9,1,50000,0,0.252456,0,0.255037,0,0.256581,0,0.235925,400,0
0.95,0.9,1,100000,0,0.250331,0,0.24525,0,0.251831,0,0.252588,400,0
0.95,0.9,1,160000,0,0.258713,0,0.252244,0,0.23315,0,0.255894,400,0
0.95,0.9,1,0,0.125375,0.12525,0.124925,0.123688,0.125312,0.126375,0.124231,0.124844,400,0
0.95,0.9,1,1000,0,0.251962,0,0.255875,0,0.246012,0,0.24615,400,0
0.95,0.9,1,2000,0,0.254281,0,0.244106,0,0.238912,0,0.2627,400,0
0.95,0.9,1,3000,0,0.244625,0,0.250337,0,0.25215,0,0.252887,400,0
0.95,0.9,1,5000,0,0.2549,0,0.253244,0,0.239075,0,0.252781,400,0
0.95,0.9,1,7000,0,0.249325,0,0.243175,0,0.258806,0,0.248694,400,0
0.95,0.9,1,10000,0,0.248413,0,0.240275,0,0.262219,0,0.249094,400,0
0.95,0.9,1,25000,0,0.254238,0,0.23555,0,0.252506,0,0.257706,400,0
0.95,0.9,1,50000,0,0.252756,0,0.250519,0,0.249213,0,0.247512,400,0
0.95,0.9,1,100000,0,0.251356,0,0.237563,0,0.257656,0,0.253425,400,0
0.95,0.9,1,160000,0,0.239519,0,0.259912,0,0.258681,0,0.241888,400,0
0.95,0.95,1,0,0.125562,0.125925,0.1229,0.12525,0.125406,0.1245,0.125106,0.12535,400,0
0.95,0.95,1,1000,0,0.248869,0,0.25405,0,0.247175,0,0.249906,400,0
0.95,0.95,1,2000,0,0.252962,0,0.254206,0,0.236563,0,0.256269,400,0
0.95,0.95,1,3000,0,0.248738,0,0.243812,0,0.2579,0,0.24955,400,0
0.95,0.95,1,5000,0,0.248888,0,0.236481,0,0.260594,0,0.254038,400,0
0.95,0.95,1,7000,0,0.249362,0,0.2562,0,0.2665,0,0.227937,400,0
0.95,0.95,1,10000,0,0.245487,0,0.249531,0,0.265425,0,0.239556,400,0
0.95,0.95,1,25000,0,0.249169,0,0.243156,0,0.254706,0,0.252969,400,0
0.95,0.95,1,50000,0,0.260431,0,0.258962,0,0.2263,0,0.254306,400,0
0.95,0.95,1,100000,0,0.255431,0,0.247931,0,0.245863,0,0.250775,400,0
0.95,0.95,1,160000,0,0.259387,0,0.250069,0,0.240063,0,0.250481,400,0
0.95,0.95,1,0,0.123569,0.126362,0.125969,0.124931,0.124406,0.125638,0.123938,0.125188,400,0
0.95,0.95,1,1000,0,0.256756,0,0.267281,0,0.239613,0,0.23635,400,0
0.95,0.95,1,2000,0,0.245713,0,0.257462,0,0.248425,0,0.2484,400,0
0.95,0.95,1,3000,0,0.244188,0,0.256431,0,0.246806,0,0.252575,400,0
0.95,0.95,1,5000,0,0.235419,0,0.24565,0,0.254469,0,0.264462,400,0
0.95,0.95,1,7000,0,0.259694,0,0.244894,0,0.245756,0,0.249656,400,0
0.95,0.95,1,10000,0,0.246794,0,0.247688,0,0.25645,0,0.249069,400,0
0.95,0.95,1,25000,0,0.261875,0,0.253869,0,0.243037,0,0.241219,400,0
0.95,0.95,1,50000,0,0.248394,0,0.253663,0,0.246287,0,0.251656,400,0
0.95,0.95,1,100000,0,0.24305,0,0.240169,0,0.25405,0,0.262731,400,0
0.95,0.95,1,160000,0,0.260381,0,0.239244,0,0.25975,0,0.240625,400,0
0.95,1,1,0,0.124919,0.124887,0.125431,0.125238,0.126062,0.124363,0.124794,0.124306,400,0
0.95,1,1,1000,0,0.235019,0,0.253694,0,0.247475,0,0.263813,400,0
0.95,1,1,2000,0,0.247087,0,0.250975,0,0.254831,0,0.247106,400,0
0.95,1,1,3000,0,0.259356,0,0.242237,0,0.240613,0,0.257794,400,0
0.95,1,1,5000,0,0.25105,0,0.251569,0,0.250462,0,0.246919,400,0
0.95,1,1,7000,0,0.240819,0,0.260487,0,0.24455,0,0.254144,400,0
0.95,1,1,10000,0,0.255487,0,0.243381,0,0.251163,0,0.249969,400,0
0.95,1,1,25000,0,0.259606,0,0.243588,0,0.245681,0,0.251125,400,0
0.95,1,1,50000,0,0.244875,0,0.258094,0,0.257219,0,0.239813,400,0
0.95,1,1,100000,0,0.262219,0,0.251525,0,0.237225,0,0.249031,400,0
0.95,1,1,160000,0,0.2617,0,0.249294,0,0.244619,0,0.244388,400,0
0.95,1,1,0,0.124688,0.125544,0.125631,0.125806,0.124894,0.125269,0.124769,0.1234,400,0
0.95,1,1,1000,0,0.254931,0,0.260425,0,0.236044,0,0.2486,400,0
0.95,1,1,2000,0,0.247881,0,0.234844,0,0.274338,0,0.242938,400,0
0.95,1,1,3000,0,0.26915,0,0.259306,0,0.232856,0,0.238687,400,0
0.95,1,1,5000,0,0.257231,0,0.248106,0,0.246844,0,0.247819,400,0
0.95,1,1,7000,0,0.262556,0,0.242394,0,0.255088,0,0.239962,400,0
0.95,1,1,10000,0,0.245331,0,0.239212,0,0.2525,0,0.262956,400,0
0.95,1,1,25000,0,0.240613,0,0.261975,0,0.2484,0,0.249012,400,0
0.95,1,1,50000,0,0.2543,0,0.238575,0,0.247506,0,0.259619,400,0
0.95,1,1,100000,0,0.2597,0,0.242325,0,0.236731,0,0.261244,400,0
0.95,1,1,160000,0,0.2519,0,0.250619,0,0.263469,0,0.234013,400,0
1,0,1,0,0.124906,0.1254,0.125,0.124431,0.12545,0.124869,0.124344,0.1256,400,0
1,0,1,1000,0.1413,0.109831,0.128944,0.109956,0.138569,0.127875,0.128812,0.114712,400,0
1,0,1,2000,0.155156,0.0987937,0.148525,0.104569,0.147656,0.0945875,0.151206,0.0995063,400,0
1,0,1,3000,0.159025,0.084875,0.160381,0.0882437,0.163575,0.0879812,0.162594,0.093325,400,0
1,0,1,5000,0.162562,0.0787063,0.153438,0.0727813,0.178006,0.08395,0.181606,0.08895,400,0
1,0,1,7000,0.189256,0.0636625,0.190606,0.06045,0.188663,0.0611063,0.186388,0.0598687,400,0
1,0,1,10000,0.246625,0.0119937,0.250244,0.0122,0.227637,0.0104125,0.2304,0.0104875,400,0
1,0,1,25000,0.248219,0,0.241625,0,0.26075,0,0.249406,0,400,0
1,0,1,50000,0.249675,0,0.244244,0,0.253588,0,0.252494,0,400,0
1,0,1,100000,0.239781,0,0.256544,0,0.250588,0,0.253088,0,400,0
1,0,1,160000,0.248481,0,0.254325,0,0.240281,0,0.256912,0,400,0
1,0,1,0,0.123569,0.125231,0.124181,0.125881,0.1258,0.124906,0.1256,0.124831,400,0
1,0,1,1000,0.159137,0.0885563,0.157594,0.0874313,0.162369,0.100306,0.16165,0.0829562,400,0
1,0,1,2000,0.183981,0.0621688,0.188862,0.0666687,0.200338,0.0673688,0.166581,0.0640312,400,0
1,0,1,3000,0.195587,0.0540062,0.207294,0.053,0.1954,0.0515687,0.1919,0.0512437,400,0
1,0,1,5000,0.213494,0.017275,0.227087,0.0205125,0.233431,0.025975,0.235513,0.0267125,400,0
1,0,1,7000,0.243631,0.00738125,0.247287,0.0062,0.230462,0.0068375,0.254412,0.0037875,400,0
1,0,1,10000,0.235475,0,0.265256,0,0.244469,0,0.2548,0,400,0
1,0,1,25000,0.241394,0,0.246744,0,0.267881,0,0.243981,0,400,0
1,0,1,50000,0.240388,0,0.258881,0,0.246094,0,0.254638,0,400,0
1,0,1,100000,0.252044,0,0.240756,0,0.266594,0,0.240606,0,400,0
1,0,1,160000,0.266619,0,0.238475,0,0.245156,0,0.24975,0,400,0
1,0.05,1,0,0.124225,0.124613,0.125225,0.124475,0.125894,0.125706,0.124994,0.124869,400,0
1,0.05,1,1000,0.0483312,0.195156,0.0531688,0.218731,0.0462438,0.194963,0.0475062,0.1959,400,0
1,0.05,1,2000,0.0364875,0.230469,0.0401688,0.208787,0.0365625,0.199112,0.0331188,0.215294,400,0
1,0.05,1,3000,0.0123,0.250319,0.0206188,0.226775,0.0182688,0.226675,0.0128875,0.232156,400,0
1,0.05,1,5000,0,0.240313,0,0.258919,0,0.256437,0,0.244331,400,0
1,0.05,1,7000,0,0.239,0,0.2674,0,0.252444,0,0.241156,400,0
1,0.05,1,10000,0,0.249688,0,0.2473,0,0.250225,0,0.252787,400,0
1,0.05,1,25000,0,0.241113,0,0.23645,0,0.247331,0,0.275106,400,0
1,0.05,1,50000,0,0.2477,0,0.247894,0,0.243831,0,0.260575,400,0
1,0.05,1,100000,0,0.250031,0,0.256113,0,0.2487,0,0.245156,400,0
1,0.05,1,160000,0,0.233313,0,0.252688,0,0.262775,0,0.251225,400,0
1,0.05,1,0,0.125031,0.123231,0.125181,0.124637,0.1256,0.124606,0.125337,0.126375,400,0
1,0.05,1,1000,0.0625187,0.170606,0.0701875,0.182006,0.067925,0.187044,0.0737187,0.185994,400,0
1,0.05,1,2000,0.0201437,0.226731,0.0168813,0.240913,0.023725,0.233187,0.0170375,0.221381,400,0
1,0.05,1,3000,0,0.241844,0,0.270844,0,0.244913,0,0.2424,400,0
1,0.05,1,5000,0,0.258837,0,0.246438,0,0.249519,0,0.245206,400,0
1,0.05,1,7000,0,0.238237,0,0.257619,0,0.245337,0,0.258806,400,0
1,0.05,1,10000,0,0.248256,0,0.249075,0,0.240281,0,0.262387,400,0
1,0.05,1,25000,0,0.240044,0,0.244894,0,0.254169,0,0.260894,400,0
1,0.05,1,50000,0,0.255919,0,0.243775,0,0.252975,0,0.247331,400,0
1,0.05,1,100000,0,0.234113,0,0.259081,0,0.253306,0,0.2535,400,0
1,0.05,1,160000,0,0.247869,0,0.253412,0,0.2552,0,0.243519,400,0
1,0.1,1,0,0.124625,0.124563,0.125769,0.125206,0.125512,0.125156,0.124438,0.124731,400,0
1,0.1,1,1000,0.0353687,0.212581,0.043425,0.220456,0.0363062,0.212844,0.0298813,0.209138,400,0
1,0.1,1,2000,0.00409375,0.250256,0.00159375,0.239363,0.001275,0.254538,0.00100625,0.247875,400,0
1,0.1,1,3000,0,0.257744,0,0.259719,0,0.234606,0,0.247931,400,0
1,0.1,1,5000,0,0.249188,0,0.246194,0,0.257163,0,0.247456,400,0
1,0.1,1,7000,0,0.243119,0,0.274194,0,0.243044,0,0.239644,400,0
1,0.1,1,10000,0,0.258337,0,0.245631,0,0.247475,0,0.248556,400,0
1,0.1,1,25000,0,0.247456,0,0.242306,0,0.25775,0,0.252487,400,0
1,0.1,1,50000,0,0.236856,0,0.240838,0,0.2593,0,0.263006,400,0
1,0.1,1,100000,0,0.252506,0,0.260094,0,0.249625,0,0.237775,400,0
1,0.1,1,160000,0,0.248294,0,0.253512,0,0.251994,0,0.2462,400,0
1,0.1,1,0,0.123963,0.125875,0.124681,0.125938,0.124469,0.1255,0.123887,0.125688,400,0
1,0.1,1,1000,0,0.252869,0,0.255788,0,0.235687,0,0.255656,400,0
1,0.1,1,2000,0,0.243281,0,0.2449,0,0.262069,0,0.24975,400,0
1,0.1,1,3000,0,0.239331,0,0.248944,0,0.263688,0,0.248037,400,0
1,0.1,1,5000,0,0.255238,0,0.245619,0,0.248219,0,0.250925,400,0
1,0.1,1,7000,0,0.263587,0,0.239219,0,0.249625,0,0.247569,400,0
1,0.1,1,10000,0,0.250638,0,0.237481,0,0.248094,0,0.263788,400,0
1,0.1,1,25000,0,0.250538,0,0.241369,0,0.251006,0,0.257088,400,0
1,0.1,1,50000,0,0.238125,0,0.242838,0,0.256331,0,0.262706,400,0
1,0.1,1,100000,0,0.238506,0,0.265881,0,0.267819,0,0.227794,400,0
1,0.1,1,160000,0,0.2463,0,0.25185,0,0.260669,0,0.241181,400,0
1,0.15,1,0,0.125275,0.124769,0.125469,0.123606,0.124438,0.124581,0.125419,0.126444,400,0
1,0.15,1,1000,0.00015625,0.24905,0,0.241456,0,0.246294,0.00045625,0.262587,400,0
1,0.15,1,2000,0,0.262881,0,0.238031,0,0.244088,0,0.255,400,0
1,0.15,1,3000,0,0.247706,0,0.266325,0,0.247644,0,0.238325,400,0
1,0.15,1,5000,0,0.241581,0,0.253837,0,0.244294,0,0.260288,400,0
1,0.15,1,7000,0,0.266075,0,0.253225,0,0.237038,0,0.243663,400,0
1,0.15,1,10000,0,0.244981,0,0.254656,0,0.264706,0,0.235656,400,0
1,0.15,1,25000,0,0.257169,0,0.241856,0,0.235962,0,0.265012,400,0
1,0.15,1,50000,0,0.245562,0,0.239181,0,0.252231,0,0.263025,400,0
1,0.15,1,100000,0,0.241681,0,0.248144,0,0.265981,0,0.244194,400,0
1,0.15,1,160000,0,0.260506,0,0.241025,0,0.2432,0,0.255269,400,0
1,0.15,1,0,0.126388,0.124012,0.124738,0.125969,0.125675,0.1247,0.124144,0.124375,400,0
1,0.15,1,1000,0,0.254075,1.875e-05,0.233694,0.00019375,0.251419,0,0.2606,400,0
1,0.15,1,2000,0,0.251163,0,0.2664,0,0.235869,0,0.246569,400,0
1,0.15,1,3000,0,0.238888,0,0.259056,0,0.233875,0,0.268181,400,0
1,0.15,1,5000,0,0.254625,0,0.253819,0,0.242644,0,0.248913,400,0
1,0.15,1,7000,0,0.259231,0,0.239894,0,0.241388,0,0.259487,400,0
1,0.15,1,10000,0,0.240181,0,0.25555,0,0.252775,0,0.251494,400,0
1,0.15,1,25000,0,0.256663,0,0.247625,0,0.254444,0,0.241269,400,0
1,0.15,1,50000,0,0.247856,0,0.248619,0,0.2478,0,0.255725,400,0
1,0.15,1,100000,0,0.235156,0,0.246113,0,0.260106,0,0.258625,400,0
1,0.15,1,160000,0,0.2495,0,0.262788,0,0.244356,0,0.243356,400,0
1,0.2,1,0,0.125375,0.125075,0.125875,0.125325,0.125062,0.123331,0.124887,0.125069,400,0
1,0.2,1,1000,0,0.255856,0,0.24575,0,0.254644,0,0.24375,400,0
1,0.2,1,2000,0,0.244344,0,0.245762,0,0.259163,0,0.250731,400,0
1,0.2,1,3000,0,0.256025,0,0.242838,0,0.241131,0,0.260006,400,0
1,0.2,1,5000,0,0.259375,0,0.26425,0,0.241744,0,0.234631,400,0
1,0.2,1,7000,0,0.264181,0,0.249319,0,0.239319,0,0.247181,400,0
1,0.2,1,10000,0,0.245344,0,0.230194,0,0.26245,0,0.262012,400,0
1,0.2,1,25000,0,0.2617,0,0.244212,0,0.234881,0,0.259206,400,0
1,0.2,1,50000,0,0.248913,0,0.245875,0,0.246225,0,0.258987,400,0
1,0.2,1,100000,0,0.244969,0,0.254875,0,0.255469,0,0.244688,400,0
1,0.2,1,160000,0,0.251794,0,0.2424,0,0.252981,0,0.252825,400,0
1,0.2,1,0,0.124244,0.124769,0.124037,0.12515,0.12515,0.125956,0.124356,0.126337,400,0
1,0.2,1,1000,0,0.238531,0,0.257344,0,0.252194,0,0.251931,400,0
1,0.2,1,2000,0,0.238363,0,0.266713,0,0.241338,0,0.253588,400,0
1,0.2,1,3000,0,0.231781,0,0.254769,0,0.24815,0,0.2653,400,0
1,0.2,1,5000,0,0.243231,0,0.253294,0,0.260613,0,0.242863,400,0
1,0.2,1,7000,0,0.246325,0,0.258406,0,0.239944,0,0.255325,400,0
1,0.2,1,10000,0,0.233662,0,0.2623,0,0.264569,0,0.239469,400,0
1,0.2,1,25000,0,0.253394,0,0.26305,0,0.24085,0,0.242706,400,0
1,0.2,1,50000,0,0.235162,0,0.261044,0,0.254919,0,0.248875,400,0
1,0.2,1,100000,0,0.230594,0,0.249981,0,0.269581,0,0.249844,400,0
1,0.2,1,160000,0,0.249731,0,0.25025,0,0.249138,0,0.250881,400,0
1,0.25,1,0,0.124994,0.125156,0.126438,0.125294,0.123944,0.123625,0.124912,0.125638,400,0
1,0.25,1,1000,0,0.26395,0,0.248844,0,0.24425,0,0.242956,400,0
1,0.25,1,2000,0,0.249519,0,0.2562,0,0.248319,0,0.245963,400,0
1,0.25,1,3000,0,0.251588,0,0.261781,0,0.243338,0,0.243294,400,0
1,0.25,1,5000,0,0.234244,0,0.24505,0,0.257844,0,0.262862,400,0
1,0.25,1,7000,0,0.241106,0,0.252869,0,0.248975,0,0.25705,400,0
1,0.25,1,10000,0,0.233063,0,0.257219,0,0.24385,0,0.265869,400,0
1,0.25,1,25000,0,0.245225,0,0.250469,0,0.256688,0,0.247619,400,0
1,0.25,1,50000,0,0.2618,0,0.259881,0,0.238531,0,0.239787,400,0
1,0.25,1,100000,0,0.255763,0,0.247319,0,0.23965,0,0.257269,400,0
1,0.25,1,160000,0,0.251738,0,0.247138,0,0.246181,0,0.254944,400,0
1,0.25,1,0,0.122981,0.123412,0.124325,0.125956,0.126925,0.12575,0.126413,0.124238,400,0
1,0.25,1,1000,0,0.238363,0,0.259081,0,0.2597,0,0.242856,400,0
1,0.25,1,2000,0,0.264625,0,0.254244,0,0.239131,0,0.242,400,0
1,0.25,1,3000,0,0.239006,0,0.254975,0,0.249969,0,0.25605,400,0
1,0.25,1,5000,0,0.239388,0,0.257163,0,0.2621,0,0.24135,400,0
1,0.25,1,7000,0,0.252069,0,0.258669,0,0.2315,0,0.257763,400,0
1,0.25,1,10000,0,0.250962,0,0.243413,0,0.237875,0,0.26775,400,0
1,0.25,1,25000,0,0.235,0,0.258281,0,0.25925,0,0.247469,400,0
1,0.25,1,50000,0,0.247781,0,0.256169,0,0.256669,0,0.239381,400,0
1,0.25,1,100000,0,0.245281,0,0.253763,0,0.243719,0,0.257238,400,0
1,0.25,1,160000,0,0.260344,0,0.255163,0,0.246863,0,0.237631,400,0
1,0.3,1,0,0.125188,0.125169,0.125469,0.124713,0.124938,0.1242,0.12545,0.124875,400,0
1,0.3,1,1000,0,0.253169,0,0.25795,0,0.24025,0,0.248631,400,0
1,0.3,1,2000,0,0.258862,0,0.258281,0,0.243969,0,0.238888,400,0
1,0.3,1,3000,0,0.252512,0,0.243075,0,0.264931,0,0.239481,400,0
1,0.3,1,5000,0,0.252069,0,0.247731,0,0.252675,0,0.247525,400,0
1,0.3,1,7000,0,0.25695,0,0.260588,0,0.241088,0,0.241375,400,0
1,0.3,1,10000,0,0.259425,0,0.248188,0,0.245956,0,0.246431,400,0
1,0.3,1,25000,0,0.2495,0,0.243613,0,0.260406,0,0.246481,400,0
1,0.3,1,50000,0,0.257831,0,0.246575,0,0.243237,0,0.252356,400,0
1,0.3,1,100000,0,0.262575,0,0.238113,0,0.241237,0,0.258075,400,0
1,0.3,1,160000,0,0.241775,0,0.244931,0,0.255381,0,0.257912,400,0
1,0.3,1,0,0.123856,0.124781,0.125431,0.124681,0.124894,0.126306,0.124756,0.125294,400,0
1,0.3,1,1000,0,0.239588,0,0.246113,0,0.272244,0,0.242056,400,0
1,0.3,1,2000,0,0.260425,0,0.241656,0,0.258738,0,0.239181,400,0
1,0.3,1,3000,0,0.243762,0,0.245425,0,0.262462,0,0.24835,400,0
1,0.3,1,5000,0,0.25235,0,0.242206,0,0.2407,0,0.264744,400,0
1,0.3,1,7000,0,0.247481,0,0.2438,0,0.251019,0,0.2577,400,0
1,0.3,1,10000,0,0.242894,0,0.255869,0,0.245344,0,0.255894,400,0
1,0.3,1,25000,0,0.248638,0,0.229563,0,0.256569,0,0.265231,400,0
1,0.3,1,50000,0,0.24765,0,0.253025,0,0.2358,0,0.263525,400,0
1,0.3,1,100000,0,0.248831,0,0.23555,0,0.249638,0,0.265981,400,0
1,0.3,1,160000,0,0.244219,0,0.256894,0,0.254025,0,0.244863,400,0
1,0.35,1,0,0.125094,0.126163,0.123356,0.124594,0.124456,0.1257,0.124688,0.12595,400,0
1,0.35,1,1000,0,0.246644,0,0.247388,0,0.2643,0,0.241669,400,0
1,0.35,1,2000,0,0.26435,0,0.243494,0,0.240931,0,0.251225,400,0
1,0.35,1,3000,0,0.253281,0,0.255419,0,0.234375,0,0.256925,400,0
1,0.35,1,5000,0,0.252194,0,0.245388,0,0.258056,0,0.244363,400,0
1,0.35,1,7000,0,0.238344,0,0.265338,0,0.241506,0,0.254812,400,0
1,0.35,1,10000,0,0.241525,0,0.239206,0,0.254031,0,0.265238,400,0
1,0.35,1,25000,0,0.251856,0,0.257344,0,0.24505,0,0.24575,400,0
1,0.35,1,50000,0,0.253012,0,0.235269,0,0.252944,0,0.258775,400,0
1,0.35,1,100000,0,0.253719,0,0.244025,0,0.253138,0,0.249119,400,0
1,0.35,1,160000,0,0.262069,0,0.247262,0,0.247294,0,0.243375,400,0
1,0.35,1,0,0.1251,0.123438,0.125362,0.12515,0.1253,0.12445,0.12575,0.12545,400,0
1,0.35,1,1000,0,0.263369,0,0.239219,0,0.25675,0,0.240663,400,0
1,0.35,1,2000,0,0.248925,0,0.240994,0,0.258713,0,0.251369,400,0
1,0.35,1,3000,0,0.242063,0,0.244787,0,0.253356,0,0.259794,400,0
1,0.35,1,5000,0,0.248019,0,0.238425,0,0.2564,0,0.257156,400,0
1,0.35,1,7000,0,0.250344,0,0.255825,0,0.23195,0,0.261881,400,0
1,0.35,1,10000,0,0.249806,0,0.253031,0,0.252681,0,0.244481,400,0
1,0.35,1,25000,0,0.240687,0,0.248688,0,0.253437,0,0.257188,400,0
1,0.35,1,50000,0,0.249356,0,0.247306,0,0.247413,0,0.255925,400,0
1,0.35,1,100000,0,0.249169,0,0.251713,0,0.235281,0,0.263838,400,0
1,0.35,1,160000,0,0.256837,0,0.255131,0,0.240225,0,0.247806,400,0
1,0.4,1,0,0.125356,0.125431,0.125062,0.1253,0.123362,0.125725,0.124144,0.125619,400,0
1,0.4,1,1000,0,0.248369,0,0.254906,0,0.251638,0,0.245088,400,0
1,0.4,1,2000,0,0.248606,0,0.261169,0,0.242956,0,0.247269,400,0
1,0.4,1,3000,0,0.246094,0,0.254881,0,0.254462,0,0.244562,400,0
1,0.4,1,5000,0,0.253012,0,0.246125,0,0.25505,0,0.245812,400,0
1,0.4,1,7000,0,0.237638,0,0.258069,0,0.249094,0,0.2552,400,0
1,0.4,1,10000,0,0.260494,0,0.2612,0,0.238712,0,0.239594,400,0
1,0.4,1,25000,0,0.23035,0,0.255894,0,0.262394,0,0.251362,400,0
1,0.4,1,50000,0,0.25855,0,0.236262,0,0.24095,0,0.264238,400,0
1,0.4,1,100000,0,0.245706,0,0.245312,0,0.25965,0,0.249331,400,0
1,0.4,1,160000,0,0.233244,0,0.259412,0,0.239069,0,0.268275,400,0
1,0.4,1,0,0.125,0.1251,0.124731,0.1248,0.125881,0.125569,0.12475,0.124169,400,0
1,0.4,1,1000,0,0.240494,0,0.252844,0,0.256387,0,0.250275,400,0
1,0.4,1,2000,0,0.255925,0,0.25565,0,0.243156,0,0.245269,400,0
1,0.4,1,3000,0,0.250713,0,0.234363,0,0.2478,0,0.267125,400,0
1,0.4,1,5000,0,0.247663,0,0.248625,0,0.245581,0,0.258131,400,0
1,0.4,1,7000,0,0.254156,0,0.238956,0,0.255306,0,0.251581,400,0
1,0.4,1,10000,0,0.252837,0,0.252144,0,0.241469,0,0.25355,400,0
1,0.4,1,25000,0,0.255731,0,0.251044,0,0.246363,0,0.246863,400,0
1,0.4,1,50000,0,0.2478,0,0.253519,0,0.25395,0,0.244731,400,0
1,0.4,1,100000,0,0.244781,0,0.245725,0,0.251506,0,0.257987,400,0
1,0.4,1,160000,0,0.248012,0,0.26335,0,0.241156,0,0.247481,400,0
1,0.45,1,0,0.125106,0.124919,0.126025,0.124162,0.123963,0.126488,0.124544,0.124794,400,0
1,0.45,1,1000,0,0.253044,0,0.253431,0,0.253106,0,0.240419,400,0
1,0.45,1,2000,0,0.24695,0,0.260544,0,0.247694,0,0.244812,400,0
1,0.45,1,3000,0,0.250931,0,0.266125,0,0.247237,0,0.235706,400,0
1,0.45,1,5000,0,0.258419,0,0.246469,0,0.245144,0,0.249969,400,0
1,0.45,1,7000,0,0.225625,0,0.244669,0,0.2619,0,0.267806,400,0
1,0.45,1,10000,0,0.257763,0,0.246519,0,0.247575,0,0.248144,400,0
1,0.45,1,25000,0,0.243512,0,0.245175,0,0.263225,0,0.248087,400,0
1,0.45,1,50000,0,0.25315,0,0.256156,0,0.242588,0,0.248106,400,0
1,0.45,1,100000,0,0.249131,0,0.257937,0,0.247469,0,0.245463,400,0
1,0.45,1,160000,0,0.255744,0,0.25705,0,0.242725,0,0.244481,400,0
1,0.45,1,0,0.125587,0.125438,0.125694,0.124706,0.126656,0.124506,0.123794,0.123619,400,0
1,0.45,1,1000,0,0.242181,0,0.234094,0,0.26185,0,0.261875,400,0
1,0.45,1,2000,0,0.244388,0,0.252763,0,0.261494,0,0.241356,400,0
1,0.45,1,3000,0,0.258775,0,0.234631,0,0.252238,0,0.254356,400,0
1,0.45,1,5000,0,0.256788,0,0.266656,0,0.235981,0,0.240575,400,0
1,0.45,1,7000,0,0.231231,0,0.269744,0,0.256012,0,0.243012,400,0
1,0.45,1,10000,0,0.248619,0,0.2522,0,0.243731,0,0.25545,400,0
1,0.45,1,25000,0,0.24345,0,0.2612,0,0.244913,0,0.250437,400,0
1,0.45,1,50000,0,0.243163,0,0.252044,0,0.247425,0,0.257369,400,0
1,0.45,1,100000,0,0.256537,0,0.237956,0,0.252775,0,0.252731,400,0
1,0.45,1,160000,0,0.264181,0,0.237987,0,0.233525,0,0.264306,400,0
1,0.5,1,0,0.124113,0.126719,0.125181,0.124025,0.124887,0.124213,0.124438,0.126425,400,0
1,0.5,1,1000,0,0.250694,0,0.248256,0,0.250969,0,0.250081,400,0
1,0.5,1,2000,0,0.244381,0,0.232763,0,0.25185,0,0.271006,400,0
1,0.5,1,3000,0,0.249481,0,0.257269,0,0.2391,0,0.25415,400,0
1,0.5,1,5000,0,0.240625,0,0.261631,0,0.253175,0,0.244569,400,0
1,0.5,1,7000,0,0.254462,0,0.246944,0,0.248631,0,0.249963,400,0
1,0.5,1,10000,0,0.250531,0,0.258738,0,0.247512,0,0.243219,400,0
1,0.5,1,25000,0,0.262581,0,0.234769,0,0.259231,0,0.243419,400,0
1,0.5,1,50000,0,0.238275,0,0.262394,0,0.261656,0,0.237675,400,0
1,0.5,1,100000,0,0.239469,0,0.252875,0,0.255344,0,0.252312,400,0
1,0.5,1,160000,0,0.236687,0,0.249438,0,0.253969,0,0.259906,400,0
1,0.5,1,0,0.124412,0.12385,0.1241,0.126719,0.126006,0.125206,0.124494,0.125213,400,0
1,0.5,1,1000,0,0.249375,0,0.247812,0,0.260106,0,0.242706,400,0
1,0.5,1,2000,0,0.246831,0,0.262313,0,0.253138,0,0.237719,400,0
1,0.5,1,3000,0,0.239269,0,0.259331,0,0.253213,0,0.248188,400,0
1,0.5,1,5000,0,0.263412,0,0.241487,0,0.233863,0,0.261238,400,0
1,0.5,1,7000,0,0.245863,0,0.253375,0,0.251544,0,0.249219,400,0
1,0.5,1,10000,0,0.244394,0,0.246125,0,0.265594,0,0.243888,400,0
1,0.5,1,25000,0,0.242769,0,0.252019,0,0.256088,0,0.249125,400,0
1,0.5,1,50000,0,0.251887,0,0.251019,0,0.249163,0,0.247931,400,0
1,0.5,1,100000,0,0.261738,0,0.251331,0,0.255213,0,0.231719,400,0
1,0.5,1,160000,0,0.246106,0,0.250462,0,0.25245,0,0.250981,400,0
1,0.55,1,0,0.126419,0.124356,0.124775,0.124694,0.125713,0.125144,0.123563,0.125337,400,0
1,0.55,1,1000,0,0.234613,0,0.245037,0,0.264831,0,0.255519,400,0
1,0.55,1,2000,0,0.252688,0,0.252613,0,0.243625,0,0.251075,400,0
1,0.55,1,3000,0,0.24945,0,0.272869,0,0.231962,0,0.245719,400,0
1,0.55,1,5000,0,0.261456,0,0.246481,0,0.239212,0,0.25285,400,0
1,0.55,1,7000,0,0.242606,0,0.260725,0,0.236806,0,0.259862,400,0
1,0.55,1,10000,0,0.24915,0,0.262731,0,0.245081,0,0.243037,400,0
1,0.55,1,25000,0,0.270944,0,0.261763,0,0.244744,0,0.22255,400,0
1,0.55,1,50000,0,0.251362,0,0.24195,0,0.245944,0,0.260744,400,0
1,0.55,1,100000,0,0.2427,0,0.251406,0,0.255962,0,0.249931,400,0
1,0.55,1,160000,0,0.234875,0,0.263869,0,0.251919,0,0.249337,400,0
1,0.55,1,0,0.126219,0.124988,0.1236,0.125481,0.125831,0.1252,0.123875,0.124806,400,0
1,0.55,1,1000,0,0.261087,0,0.243469,0,0.241625,0,0.253819,400,0
1,0.55,1,2000,0,0.242094,0,0.254088,0,0.253763,0,0.250056,400,0
1,0.55,1,3000,0,0.254369,0,0.254819,0,0.246938,0,0.243875,400,0
1,0.55,1,5000,0,0.253806,0,0.232456,0,0.251875,0,0.261862,400,0
1,0.55,1,7000,0,0.251669,0,0.2494,0,0.252475,0,0.246456,400,0
1,0.55,1,10000,0,0.247294,0,0.257431,0,0.254656,0,0.240619,400,0
1,0.55,1,25000,0,0.24765,0,0.254531,0,0.256694,0,0.241125,400,0
1,0.55,1,50000,0,0.246256,0,0.234581,0,0.253619,0,0.265544,400,0
1,0.55,1,100000,0,0.24645,0,0.242512,0,0.257487,0,0.25355,400,0
1,0.55,1,160000,0,0.257462,0,0.236075,0,0.253969,0,0.252494,400,0
1,0.6,1,0,0.124019,0.124938,0.124619,0.125706,0.125856,0.124806,0.124675,0.125381,400,0
1,0.6,1,1000,0,0.245863,0,0.239944,0,0.250987,0,0.263206,400,0
1,0.6,1,2000,0,0.264475,0,0.247675,0,0.2322,0,0.25565,400,0
1,0.6,1,3000,0,0.252331,0,0.252937,0,0.248025,0,0.246706,400,0
1,0.6,1,5000,0,0.246481,0,0.256819,0,0.244181,0,0.252519,400,0
1,0.6,1,7000,0,0.269512,0,0.229406,0,0.238994,0,0.262087,400,0
1,0.6,1,10000,0,0.255956,0,0.245031,0,0.254794,0,0.244219,400,0
1,0.6,1,25000,0,0.243169,0,0.268494,0,0.242556,0,0.245781,400,0
1,0.6,1,50000,0,0.253156,0,0.243037,0,0.259763,0,0.244044,400,0
1,0.6,1,100000,0,0.238038,0,0.255631,0,0.250319,0,0.256012,400,0
1,0.6,1,160000,0,0.251056,0,0.259675,0,0.250256,0,0.239012,400,0
1,0.6,1,0,0.124694,0.126025,0.124475,0.126719,0.124863,0.1257,0.123769,0.123756,400,0
1,0.6,1,1000,0,0.232437,0,0.251494,0,0.26115,0,0.254919,400,0
1,0.6,1,2000,0,0.251113,0,0.240363,0,0.24515,0,0.263375,400,0
1,0.6,1,3000,0,0.261006,0,0.24555,0,0.245231,0,0.248213,400,0
1,0.6,1,5000,0,0.264112,0,0.248062,0,0.228981,0,0.258844,400,0
1,0.6,1,7000,0,0.246506,0,0.23775,0,0.254575,0,0.261169,400,0
1,0.6,1,10000,0,0.253569,0,0.258725,0,0.236794,0,0.250912,400,0
1,0.6,1,25000,0,0.239575,0,0.260344,0,0.2556,0,0.244481,400,0
1,0.6,1,50000,0,0.246175,0,0.253969,0,0.243706,0,0.25615,400,0
1,0.6,1,100000,0,0.252006,0,0.245525,0,0.237475,0,0.264994,400,0
1,0.6,1,160000,0,0.252844,0,0.254981,0,0.252063,0,0.240113,400,0
1,0.65,1,0,0.126119,0.123925,0.126238,0.125388,0.123531,0.124113,0.125375,0.125312,400,0
1,0.65,1,1000,0,0.25135,0,0.24615,0,0.246762,0,0.255738,400,0
1,0.65,1,2000,0,0.246906,0,0.240631,0,0.253462,0,0.259,400,0
1,0.65,1,3000,0,0.249112,0,0.2428,0,0.260344,0,0.247744,400,0
1,0.65,1,5000,0,0.247625,0,0.25295,0,0.249781,0,0.249644,400,0
1,0.65,1,7000,0,0.253494,0,0.24365,0,0.246188,0,0.256669,400,0
1,0.65,1,10000,0,0.2276,0,0.267844,0,0.261619,0,0.242938,400,0
1,0.65,1,25000,0,0.262906,0,0.250656,0,0.254188,0,0.23225,400,0
1,0.65,1,50000,0,0.25305,0,0.248019,0,0.241919,0,0.257012,400,0
1,0.65,1,100000,0,0.2476,0,0.252,0,0.249525,0,0.250875,400,0
1,0.65,1,160000,0,0.239644,0,0.254581,0,0.244956,0,0.260819,400,0
