alpha,beta,mcs,s0,s1,s2,s3,s4,s5,s6,s7,length,stable,
0,0,0,0.1294,0.1314,0.1207,0.1237,0.1318,0.1229,0.1138,0.1263,100,false
0,0,1,0.1282,0.1298,0.12,0.1262,0.1328,0.1201,0.1125,0.1304,100,false
0,0,2,0.1301,0.1277,0.1243,0.1222,0.1313,0.1195,0.1135,0.1314,100,false
0,0,3,0.1302,0.1274,0.1252,0.1211,0.1326,0.1162,0.1131,0.1342,100,false
0,0,4,0.1272,0.126,0.1271,0.1212,0.1291,0.1182,0.1135,0.1377,100,false
0,0,5,0.1239,0.1272,0.1234,0.1261,0.1244,0.1212,0.1129,0.1409,100,false
0,0,6,0.1232,0.1253,0.1235,0.1274,0.1243,0.12,0.113,0.1433,100,false
0,0,7,0.1229,0.1236,0.1235,0.1305,0.1217,0.12,0.1163,0.1415,100,false
0,0,8,0.123,0.1225,0.1244,0.1309,0.1199,0.1207,0.1181,0.1405,100,false
0,0,9,0.1225,0.1221,0.1258,0.1293,0.1206,0.1217,0.1166,0.1414,100,false
0,0,10,0.1186,0.1227,0.1261,0.1291,0.1207,0.1224,0.117,0.1434,100,false
0,0,50,0.1154,0.13,0.119,0.1153,0.1232,0.1249,0.1376,0.1346,100,false
0,0,100,0.1143,0.1289,0.1017,0.1086,0.1134,0.1256,0.1659,0.1416,100,false
0,0,1000,0.1094,0.1107,0.0639,0.203,0.1125,0.1133,0.1623,0.1249,100,false
0,0,5000,0.1185,0.0679,0.0435,0.0955,0.1101,0.2,0.1631,0.2014,100,false
0,0,10000,0.254,0.2212,0.1813,0.0332,0.0628,0.0654,0.0734,0.1087,100,false
0,0,20000,0.0016,0.0013,0.0001,0,0.9951,0,0.0014,0.0005,100,true
0,0,30000,0.0016,0.0013,0.0001,0,0.9951,0,0.0014,0.0005,100,true
0,0,40000,0.0016,0.0013,0.0001,0,0.9951,0,0.0014,0.0005,100,true
0,0,50000,0.0016,0.0013,0.0001,0,0.9951,0,0.0014,0.0005,100,true
0,0,60000,0.0016,0.0013,0.0001,0,0.9951,0,0.0014,0.0005,100,true
0,0,70000,0.0016,0.0013,0.0001,0,0.9951,0,0.0014,0.0005,100,true
0,0,80000,0.0016,0.0013,0.0001,0,0.9951,0,0.0014,0.0005,100,true
0,0,90000,0.0016,0.0013,0.0001,0,0.9951,0,0.0014,0.0005,100,true
0,0,100000,0.0016,0.0013,0.0001,0,0.9951,0,0.0014,0.0005,100,true
0,0.5,0,0.1268,0.1241,0.1224,0.1282,0.1261,0.125,0.1241,0.1233,100,false
0,0.5,1,0.1128,0.1235,0.137,0.1302,0.1378,0.1223,0.1144,0.122,100,false
0,0.5,2,0.1018,0.1301,0.1477,0.129,0.1508,0.1182,0.0975,0.1249,100,false
0,0.5,3,0.0898,0.1419,0.1577,0.1262,0.1603,0.1114,0.0883,0.1244,100,false
0,0.5,4,0.0794,0.1586,0.1592,0.1272,0.1639,0.1042,0.0798,0.1277,100,false
0,0.5,5,0.074,0.1741,0.1551,0.1286,0.168,0.0958,0.0732,0.1312,100,false
0,0.5,6,0.0699,0.1874,0.1528,0.129,0.1713,0.089,0.0686,0.132,100,false
0,0.5,7,0.0658,0.2011,0.1482,0.1338,0.1691,0.0819,0.0663,0.1338,100,false
0,0.5,8,0.0652,0.2148,0.1429,0.133,0.1712,0.0763,0.0626,0.134,100,false
0,0.5,9,0.0637,0.229,0.1363,0.1331,0.1699,0.0721,0.0607,0.1352,100,false
0,0.5,10,0.0624,0.2407,0.131,0.1304,0.17,0.069,0.0573,0.1392,100,false
0,0.5,50,0.0166,0.34,0.0268,0.1904,0.0947,0.0789,0.0617,0.1909,100,false
0,0.5,100,0.0163,0.3487,0.005,0.2421,0.0589,0.1015,0.0426,0.1849,100,false
0,0.5,1000,0.0071,0.3307,0.0029,0.291,0.0452,0.1396,0.0365,0.147,100,true
0,0.5,5000,0.0071,0.3307,0.0029,0.291,0.0452,0.1396,0.0365,0.147,100,true
0,0.5,10000,0.0071,0.3307,0.0029,0.291,0.0452,0.1396,0.0365,0.147,100,true
0,0.5,20000,0.0071,0.3307,0.0029,0.291,0.0452,0.1396,0.0365,0.147,100,true
0,0.5,30000,0.0071,0.3307,0.0029,0.291,0.0452,0.1396,0.0365,0.147,100,true
0,0.5,40000,0.0071,0.3307,0.0029,0.291,0.0452,0.1396,0.0365,0.147,100,true
0,0.5,50000,0.0071,0.3307,0.0029,0.291,0.0452,0.1396,0.0365,0.147,100,true
0,0.5,60000,0.0071,0.3307,0.0029,0.291,0.0452,0.1396,0.0365,0.147,100,true
0,0.5,70000,0.0071,0.3307,0.0029,0.291,0.0452,0.1396,0.0365,0.147,100,true
0,0.5,80000,0.0071,0.3307,0.0029,0.291,0.0452,0.1396,0.0365,0.147,100,true
0,0.5,90000,0.0071,0.3307,0.0029,0.291,0.0452,0.1396,0.0365,0.147,100,true
0,0.5,100000,0.0071,0.3307,0.0029,0.291,0.0452,0.1396,0.0365,0.147,100,true
0,1,0,0.1245,0.1254,0.1287,0.1217,0.1268,0.125,0.1237,0.1242,100,false
0,1,1,0.0982,0.1363,0.1462,0.1251,0.1495,0.1196,0.1009,0.1242,100,false
0,1,2,0.0841,0.1463,0.1598,0.131,0.1605,0.1119,0.0823,0.1241,100,false
0,1,3,0.0738,0.1591,0.1714,0.1322,0.1685,0.0999,0.0719,0.1232,100,false
0,1,4,0.0674,0.1719,0.1769,0.137,0.1693,0.0908,0.0605,0.1262,100,false
0,1,5,0.0592,0.193,0.1722,0.1411,0.17,0.081,0.0551,0.1284,100,false
0,1,6,0.0533,0.2154,0.1655,0.1437,0.1673,0.0752,0.0509,0.1287,100,false
0,1,7,0.0512,0.2356,0.1581,0.1433,0.1624,0.0721,0.0482,0.1291,100,false
0,1,8,0.0475,0.2584,0.145,0.1429,0.1613,0.0688,0.0464,0.1297,100,false
0,1,9,0.05,0.2758,0.1338,0.1462,0.1539,0.0661,0.0431,0.1311,100,false
0,1,10,0.0535,0.2895,0.1244,0.1487,0.1479,0.0627,0.0394,0.1339,100,false
0,1,50,0.0087,0.4256,0.0138,0.157,0.076,0.0577,0.0156,0.2456,100,false
0,1,100,0.0032,0.4448,0.0077,0.1912,0.053,0.0576,0.0196,0.2229,100,false
0,1,1000,0.001,0.4847,0.0037,0.176,0.0484,0.0588,0.0125,0.2149,100,true
0,1,5000,0.001,0.4847,0.0037,0.176,0.0484,0.0588,0.0125,0.2149,100,true
0,1,10000,0.001,0.4847,0.0037,0.176,0.0484,0.0588,0.0125,0.2149,100,true
0,1,20000,0.001,0.4847,0.0037,0.176,0.0484,0.0588,0.0125,0.2149,100,true
0,1,30000,0.001,0.4847,0.0037,0.176,0.0484,0.0588,0.0125,0.2149,100,true
0,1,40000,0.001,0.4847,0.0037,0.176,0.0484,0.0588,0.0125,0.2149,100,true
0,1,50000,0.001,0.4847,0.0037,0.176,0.0484,0.0588,0.0125,0.2149,100,true
0,1,60000,0.001,0.4847,0.0037,0.176,0.0484,0.0588,0.0125,0.2149,100,true
0,1,70000,0.001,0.4847,0.0037,0.176,0.0484,0.0588,0.0125,0.2149,100,true
0,1,80000,0.001,0.4847,0.0037,0.176,0.0484,0.0588,0.0125,0.2149,100,true
0,1,90000,0.001,0.4847,0.0037,0.176,0.0484,0.0588,0.0125,0.2149,100,true
0,1,100000,0.001,0.4847,0.0037,0.176,0.0484,0.0588,0.0125,0.2149,100,true
0.5,0,0,0.1303,0.1256,0.1216,0.1261,0.1247,0.1204,0.1236,0.1277,100,false
0.5,0,1,0.1371,0.1189,0.1233,0.127,0.123,0.1166,0.1253,0.1288,100,false
0.5,0,2,0.1326,0.1228,0.1228,0.1277,0.1205,0.1159,0.1304,0.1273,100,false
0.5,0,3,0.1321,0.123,0.1179,0.1298,0.1191,0.1187,0.1317,0.1277,100,false
0.5,0,4,0.13,0.1226,0.114,0.1305,0.1224,0.1159,0.1318,0.1328,100,false
0.5,0,5,0.1264,0.1178,0.1085,0.132,0.125,0.1228,0.1373,0.1302,100,false
0.5,0,6,0.1293,0.1141,0.1065,0.1311,0.1279,0.1246,0.1414,0.1251,100,false
0.5,0,7,0.1265,0.1153,0.1048,0.1345,0.1362,0.1201,0.1448,0.1178,100,false
0.5,0,8,0.1258,0.1159,0.1028,0.1383,0.1383,0.1202,0.1462,0.1125,100,false
0.5,0,9,0.1257,0.1147,0.1059,0.1441,0.1389,0.1184,0.1409,0.1114,100,false
0.5,0,10,0.1251,0.1131,0.1059,0.1544,0.1396,0.1197,0.1317,0.1105,100,false
0.5,0,50,0.1556,0.1465,0.1016,0.125,0.0936,0.1112,0.1594,0.1071,100,false
0.5,0,100,0.1429,0.0801,0.0973,0.0978,0.1276,0.1559,0.1645,0.1339,100,false
0.5,0,1000,0.2293,0,0.2519,0,0.2975,0,0.2213,0,100,false
0.5,0,5000,0.2194,0,0.2725,0,0.2795,0,0.2286,0,100,false
0.5,0,10000,0.3006,0,0.22,0,0.2379,0,0.2415,0,100,false
0.5,0,20000,0.2798,0,0.232,0,0.265,0,0.2232,0,100,false
0.5,0,30000,0.2174,0,0.2291,0,0.3175,0,0.236,0,100,false
0.5,0,40000,0.2206,0,0.2663,0,0.2743,0,0.2388,0,100,false
0.5,0,50000,0.1899,0,0.221,0,0.3661,0,0.223,0,100,false
0.5,0,60000,0.2777,0,0.2434,0,0.2579,0,0.221,0,100,false
0.5,0,70000,0.257,0,0.2809,0,0.2312,0,0.2309,0,100,false
0.5,0,80000,0.2533,0,0.2924,0,0.2335,0,0.2208,0,100,false
0.5,0,90000,0.2371,0,0.3606,0,0.1924,0,0.2099,0,100,false
0.5,0,100000,0.3184,0,0.1871,0,0.2401,0,0.2544,0,100,false
0.5,0.5,0,0.1272,0.1244,0.1146,0.1309,0.1202,0.1278,0.1272,0.1277,100,false
0.5,0.5,1,0.1104,0.1261,0.1305,0.1297,0.1366,0.126,0.1178,0.1229,100,false
0.5,0.5,2,0.1013,0.1305,0.1454,0.1368,0.1375,0.1231,0.1079,0.1175,100,false
0.5,0.5,3,0.0968,0.1391,0.1543,0.145,0.1365,0.1183,0.0923,0.1177,100,false
0.5,0.5,4,0.0977,0.1546,0.1618,0.1419,0.1319,0.1133,0.0799,0.1189,100,false
0.5,0.5,5,0.0995,0.1694,0.1612,0.1397,0.1287,0.1039,0.0719,0.1257,100,false
0.5,0.5,6,0.0997,0.1841,0.1612,0.1288,0.126,0.0973,0.0677,0.1352,100,false
0.5,0.5,7,0.1051,0.1953,0.1563,0.1188,0.1174,0.0979,0.0637,0.1455,100,false
0.5,0.5,8,0.1054,0.2005,0.147,0.1111,0.117,0.0952,0.0635,0.1603,100,false
0.5,0.5,9,0.1114,0.2007,0.1325,0.1074,0.1143,0.0919,0.0638,0.178,100,false
0.5,0.5,10,0.1084,0.1989,0.1233,0.1039,0.1095,0.0942,0.0637,0.1981,100,false
0.5,0.5,50,0.0323,0.189,0.0967,0.0802,0.1238,0.1658,0.0801,0.2321,100,false
0.5,0.5,100,0.0045,0.2333,0.1479,0.0934,0.1338,0.08,0.0839,0.2232,100,false
0.5,0.5,1000,0,0.2629,0,0.288,0,0.2329,0.0068,0.2094,100,false
0.5,0.5,5000,0,0.2348,0,0.2499,0,0.2736,0,0.2417,100,false
0.5,0.5,10000,0,0.2671,0,0.1937,0,0.2217,0,0.3175,100,false
0.5,0.5,20000,0,0.3237,0,0.2385,0,0.1804,0,0.2574,100,false
0.5,0.5,30000,0,0.2503,0,0.2429,0,0.2693,0,0.2375,100,false
0.5,0.5,40000,0,0.235,0,0.2385,0,0.2192,0,0.3073,100,false
0.5,0.5,50000,0,0.2141,0,0.2222,0,0.2685,0,0.2952,100,false
0.5,0.5,60000,0,0.2648,0,0.2076,0,0.286,0,0.2416,100,false
0.5,0.5,70000,0,0.2965,0,0.2379,0,0.2083,0,0.2573,100,false
0.5,0.5,80000,0,0.2194,0,0.2748,0,0.2315,0,0.2743,100,false
0.5,0.5,90000,0,0.2399,0,0.2719,0,0.2606,0,0.2276,100,false
0.5,0.5,100000,0,0.2724,0,0.2968,0,0.2292,0,0.2016,100,false
0.5,1,0,0.1299,0.1282,0.1205,0.1253,0.1289,0.1221,0.1266,0.1185,100,false
0.5,1,1,0.1062,0.135,0.1445,0.1281,0.1474,0.1116,0.1021,0.1251,100,false
0.5,1,2,0.0926,0.1493,0.162,0.128,0.1519,0.1055,0.0862,0.1245,100,false
0.5,1,3,0.0866,0.1645,0.1779,0.1179,0.1583,0.096,0.0692,0.1296,100,false
0.5,1,4,0.0789,0.1767,0.1859,0.1136,0.1568,0.0876,0.0592,0.1413,100,false
0.5,1,5,0.0776,0.1925,0.1894,0.1069,0.1516,0.0799,0.048,0.1541,100,false
0.5,1,6,0.0815,0.2098,0.1817,0.0995,0.1407,0.0773,0.04,0.1695,100,false
0.5,1,7,0.0854,0.2245,0.1672,0.0923,0.1318,0.0719,0.0353,0.1916,100,false
0.5,1,8,0.085,0.2325,0.1497,0.0842,0.1277,0.0729,0.033,0.215,100,false
0.5,1,9,0.0831,0.2323,0.1328,0.0741,0.1267,0.0782,0.0332,0.2396,100,false
0.5,1,10,0.074,0.2324,0.1163,0.0667,0.1307,0.0814,0.034,0.2645,100,false
0.5,1,50,0.0006,0.1828,0.1055,0.0423,0.1196,0.1101,0.0461,0.393,100,false
0.5,1,100,0,0.1671,0.1113,0.0787,0.1372,0.1195,0.0054,0.3808,100,false
0.5,1,1000,0,0.2325,0,0.2337,0,0.2927,0,0.2411,100,false
0.5,1,5000,0,0.2674,0,0.2611,0,0.2625,0,0.209,100,false
0.5,1,10000,0,0.1714,0,0.2153,0,0.2944,0,0.3189,100,false
0.5,1,20000,0,0.2187,0,0.2467,0,0.2255,0,0.3091,100,false
0.5,1,30000,0,0.2105,0,0.1781,0,0.2688,0,0.3426,100,false
0.5,1,40000,0,0.2407,0,0.2498,0,0.2414,0,0.2681,100,false
0.5,1,50000,0,0.1966,0,0.2606,0,0.3178,0,0.225,100,false
0.5,1,60000,0,0.2246,0,0.2994,0,0.2518,0,0.2242,100,false
0.5,1,70000,0,0.2558,0,0.2756,0,0.2239,0,0.2447,100,false
0.5,1,80000,0,0.2393,0,0.234,0,0.2886,0,0.2381,100,false
0.5,1,90000,0,0.2349,0,0.2895,0,0.268,0,0.2076,100,false
0.5,1,100000,0,0.237,0,0.2662,0,0.2331,0,0.2637,100,false
1,0,0,0.1306,0.1245,0.1217,0.1246,0.1268,0.1244,0.1206,0.1268,100,false
1,0,1,0.1339,0.1185,0.1241,0.1222,0.1275,0.1247,0.1186,0.1305,100,false
1,0,2,0.1312,0.116,0.1173,0.128,0.129,0.1207,0.1231,0.1347,100,false
1,0,3,0.1327,0.1138,0.1127,0.1299,0.1332,0.1147,0.132,0.131,100,false
1,0,4,0.1248,0.1092,0.1145,0.1349,0.1389,0.112,0.1373,0.1284,100,false
1,0,5,0.1222,0.1083,0.1207,0.1309,0.1429,0.11,0.1403,0.1247,100,false
1,0,6,0.1273,0.1086,0.1195,0.134,0.1443,0.11,0.136,0.1203,100,false
1,0,7,0.1262,0.1061,0.1231,0.1399,0.1462,0.1062,0.1315,0.1208,100,false
1,0,8,0.1262,0.104,0.1285,0.1402,0.1368,0.1067,0.1338,0.1238,100,false
1,0,9,0.1229,0.1069,0.1313,0.1409,0.1374,0.1024,0.1362,0.122,100,false
1,0,10,0.1233,0.1044,0.1326,0.1462,0.1327,0.1042,0.1348,0.1218,100,false
1,0,50,0.1015,0.147,0.1258,0.1732,0.1707,0.075,0.102,0.1048,100,false
1,0,100,0.0888,0.121,0.1456,0.1281,0.1385,0.1847,0.1039,0.0894,100,false
1,0,1000,0,0.2716,0,0.2349,0,0.2391,0,0.2544,100,false
1,0,5000,0,0.2208,0,0.2422,0,0.2333,0,0.3037,100,false
1,0,10000,0,0.3081,0,0.2154,0,0.1718,0,0.3047,100,false
1,0,20000,0,0.2964,0,0.2505,0,0.2082,0,0.2449,100,false
1,0,30000,0,0.2274,0,0.2812,0,0.2284,0,0.263,100,false
1,0,40000,0,0.2537,0,0.2258,0,0.2307,0,0.2898,100,false
1,0,50000,0,0.2428,0,0.2096,0,0.2408,0,0.3068,100,false
1,0,60000,0,0.259,0,0.2298,0,0.2477,0,0.2635,100,false
1,0,70000,0,0.2679,0,0.2429,0,0.2598,0,0.2294,100,false
1,0,80000,0,0.2778,0,0.2633,0,0.2005,0,0.2584,100,false
1,0,90000,0,0.2687,0,0.2277,0,0.2682,0,0.2354,100,false
1,0,100000,0,0.2284,0,0.3349,0,0.2113,0,0.2254,100,false
1,0.5,0,0.1289,0.1253,0.1248,0.1278,0.1243,0.1231,0.1184,0.1274,100,false
1,0.5,1,0.1152,0.1281,0.1375,0.1301,0.1282,0.1192,0.1082,0.1335,100,false
1,0.5,2,0.1101,0.1263,0.1617,0.1261,0.1255,0.1165,0.0983,0.1355,100,false
1,0.5,3,0.1078,0.1376,0.1732,0.1218,0.1245,0.1112,0.0824,0.1415,100,false
1,0.5,4,0.1144,0.1441,0.1743,0.1168,0.1183,0.1116,0.0719,0.1486,100,false
1,0.5,5,0.1214,0.1537,0.1661,0.1071,0.1144,0.1096,0.0703,0.1574,100,false
1,0.5,6,0.1302,0.1474,0.1619,0.1046,0.1097,0.1086,0.0693,0.1683,100,false
1,0.5,7,0.1331,0.1419,0.1501,0.104,0.1064,0.11,0.0707,0.1838,100,false
1,0.5,8,0.1342,0.1296,0.1499,0.0996,0.1059,0.1218,0.069,0.19,100,false
1,0.5,9,0.124,0.126,0.1476,0.0911,0.1139,0.1305,0.0709,0.196,100,false
1,0.5,10,0.1136,0.1203,0.1403,0.0902,0.1232,0.1429,0.0699,0.1996,100,false
1,0.5,50,0.1089,0.2333,0.2151,0.0639,0.0675,0.1538,0.0133,0.1442,100,false
1,0.5,100,0.0725,0.037,0.1551,0.1495,0.1285,0.3158,0.0093,0.1323,100,false
1,0.5,1000,0,0.2809,0,0.2603,0,0.2188,0,0.24,100,false
1,0.5,5000,0,0.2531,0,0.2753,0,0.2568,0,0.2148,100,false
1,0.5,10000,0,0.2315,0,0.2654,0,0.2764,0,0.2267,100,false
1,0.5,20000,0,0.238,0,0.192,0,0.3178,0,0.2522,100,false
1,0.5,30000,0,0.2559,0,0.2907,0,0.2214,0,0.232,100,false
1,0.5,40000,0,0.2854,0,0.2401,0,0.2323,0,0.2422,100,false
1,0.5,50000,0,0.2775,0,0.2583,0,0.2113,0,0.2529,100,false
1,0.5,60000,0,0.2379,0,0.243,0,0.2157,0,0.3034,100,false
1,0.5,70000,0,0.2184,0,0.2137,0,0.2436,0,0.3243,100,false
1,0.5,80000,0,0.171,0,0.2911,0,0.2995,0,0.2384,100,false
1,0.5,90000,0,0.2693,0,0.2297,0,0.1646,0,0.3364,100,false
1,0.5,100000,0,0.2666,0,0.1864,0,0.2561,0,0.2909,100,false
1,1,0,0.1252,0.1218,0.1265,0.1271,0.1207,0.1307,0.1242,0.1238,100,false
1,1,1,0.1052,0.1236,0.1632,0.1242,0.1408,0.1264,0.0903,0.1263,100,false
1,1,2,0.0916,0.1338,0.1929,0.1235,0.1422,0.1189,0.0665,0.1306,100,false
1,1,3,0.0884,0.1477,0.2084,0.1194,0.1348,0.1047,0.055,0.1416,100,false
1,1,4,0.0907,0.1614,0.2218,0.1076,0.1149,0.1021,0.0454,0.1561,100,false
1,1,5,0.0931,0.1771,0.219,0.0983,0.1,0.1024,0.039,0.1711,100,false
1,1,6,0.0945,0.1844,0.2093,0.0862,0.091,0.104,0.0383,0.1923,100,false
1,1,7,0.0949,0.1875,0.1923,0.0769,0.088,0.1105,0.0425,0.2074,100,false
1,1,8,0.0951,0.176,0.1841,0.0678,0.0834,0.1206,0.0472,0.2258,100,false
1,1,9,0.0949,0.1548,0.1736,0.0642,0.0864,0.1328,0.0479,0.2454,100,false
1,1,10,0.0899,0.1334,0.163,0.0633,0.0952,0.1548,0.0461,0.2543,100,false
1,1,50,0.0978,0.1975,0.1683,0.0718,0.1097,0.1838,0.004,0.1671,100,false
1,1,100,0.0484,0.1275,0.176,0.1644,0.1008,0.179,0,0.2039,100,false
1,1,1000,0,0.2411,0,0.288,0,0.1871,0,0.2838,100,false
1,1,5000,0,0.2365,0,0.1919,0,0.3102,0,0.2614,100,false
1,1,10000,0,0.2265,0,0.3172,0,0.2005,0,0.2558,100,false
1,1,20000,0,0.201,0,0.2318,0,0.3383,0,0.2289,100,false
1,1,30000,0,0.192,0,0.2558,0,0.3019,0,0.2503,100,false
1,1,40000,0,0.2897,0,0.2362,0,0.2708,0,0.2033,100,false
1,1,50000,0,0.2889,0,0.2078,0,0.2132,0,0.2901,100,false
1,1,60000,0,0.2789,0,0.2124,0,0.2593,0,0.2494,100,false
1,1,70000,0,0.2656,0,0.267,0,0.2587,0,0.2087,100,false
1,1,80000,0,0.2751,0,0.3431,0,0.1532,0,0.2286,100,false
1,1,90000,0,0.2501,0,0.2048,0,0.2811,0,0.264,100,false
1,1,100000,0,0.2634,0,0.2097,0,0.3109,0,0.216,100,false
0,0,0,0.1266,0.1271,0.1252,0.1275,0.1238,0.1247,0.1195,0.1256,100,false
0,0,1,0.1303,0.1253,0.1241,0.1309,0.1225,0.1212,0.1211,0.1246,100,false
0,0,2,0.1328,0.1223,0.129,0.1244,0.1239,0.1214,0.1224,0.1238,100,false
0,0,3,0.1307,0.1215,0.1324,0.1197,0.1255,0.1227,0.1222,0.1253,100,false
0,0,4,0.1324,0.1224,0.1329,0.1151,0.1272,0.1215,0.1239,0.1246,100,false
0,0,5,0.13,0.1219,0.1334,0.1155,0.1269,0.1223,0.1252,0.1248,100,false
0,0,6,0.1321,0.1196,0.1338,0.1143,0.1281,0.1242,0.1235,0.1244,100,false
0,0,7,0.1324,0.1177,0.1346,0.1135,0.1297,0.1222,0.1243,0.1256,100,false
0,0,8,0.1312,0.116,0.1349,0.1132,0.1318,0.1202,0.1242,0.1285,100,false
0,0,9,0.1314,0.1143,0.136,0.1119,0.132,0.1188,0.126,0.1296,100,false
0,0,10,0.131,0.1139,0.1382,0.1122,0.1289,0.1196,0.1277,0.1285,100,false
0,0,50,0.1229,0.1168,0.1504,0.1073,0.1557,0.0904,0.1265,0.13,100,false
0,0,100,0.1347,0.137,0.136,0.1066,0.1481,0.0824,0.1597,0.0955,100,false
0,0,1000,0.1137,0.1913,0.0915,0.2118,0.1215,0.1081,0.0457,0.1164,100,false
0,0,5000,0.0049,0.0005,0.0006,0.0017,0.0025,0,0.9898,0,100,true
0,0,10000,0.0049,0.0005,0.0006,0.0017,0.0025,0,0.9898,0,100,true
0,0,20000,0.0049,0.0005,0.0006,0.0017,0.0025,0,0.9898,0,100,true
0,0,30000,0.0049,0.0005,0.0006,0.0017,0.0025,0,0.9898,0,100,true
0,0,40000,0.0049,0.0005,0.0006,0.0017,0.0025,0,0.9898,0,100,true
0,0,50000,0.0049,0.0005,0.0006,0.0017,0.0025,0,0.9898,0,100,true
0,0,60000,0.0049,0.0005,0.0006,0.0017,0.0025,0,0.9898,0,100,true
0,0,70000,0.0049,0.0005,0.0006,0.0017,0.0025,0,0.9898,0,100,true
0,0,80000,0.0049,0.0005,0.0006,0.0017,0.0025,0,0.9898,0,100,true
0,0,90000,0.0049,0.0005,0.0006,0.0017,0.0025,0,0.9898,0,100,true
0,0,100000,0.0049,0.0005,0.0006,0.0017,0.0025,0,0.9898,0,100,true
0,0.5,0,0.1233,0.1198,0.1271,0.1296,0.127,0.1306,0.1193,0.1233,100,false
0,0.5,1,0.1089,0.1254,0.1417,0.1301,0.1414,0.1247,0.1052,0.1226,100,false
0,0.5,2,0.0999,0.1317,0.1546,0.129,0.1505,0.1164,0.0934,0.1245,100,false
0,0.5,3,0.0909,0.1415,0.1629,0.1321,0.1536,0.1125,0.0805,0.126,100,false
0,0.5,4,0.0832,0.1534,0.1666,0.134,0.158,0.1042,0.0713,0.1293,100,false
0,0.5,5,0.077,0.1631,0.172,0.1325,0.1619,0.0964,0.0645,0.1326,100,false
0,0.5,6,0.0744,0.173,0.1744,0.1305,0.1615,0.0911,0.0601,0.135,100,false
0,0.5,7,0.0732,0.1872,0.1716,0.1304,0.1566,0.0873,0.0559,0.1378,100,false
0,0.5,8,0.0694,0.2042,0.1626,0.1316,0.1561,0.082,0.0514,0.1427,100,false
0,0.5,9,0.0674,0.2188,0.1561,0.1306,0.1544,0.079,0.0487,0.145,100,false
0,0.5,10,0.0658,0.2315,0.1499,0.1264,0.1544,0.0762,0.0455,0.1503,100,false
0,0.5,50,0.0082,0.3514,0.0248,0.1734,0.1044,0.0661,0.0552,0.2165,100,false
0,0.5,100,0.0026,0.4057,0.0083,0.1956,0.0704,0.0804,0.0418,0.1952,100,false
0,0.5,1000,0.0026,0.4058,0.0082,0.1956,0.0709,0.0802,0.0415,0.1952,100,true
0,0.5,5000,0.0026,0.4058,0.0082,0.1956,0.0709,0.0802,0.0415,0.1952,100,true
0,0.5,10000,0.0026,0.4058,0.0082,0.1956,0.0709,0.0802,0.0415,0.1952,100,true
0,0.5,20000,0.0026,0.4058,0.0082,0.1956,0.0709,0.0802,0.0415,0.1952,100,true
0,0.5,30000,0.0026,0.4058,0.0082,0.1956,0.0709,0.0802,0.0415,0.1952,100,true
0,0.5,40000,0.0026,0.4058,0.0082,0.1956,0.0709,0.0802,0.0415,0.1952,100,true
0,0.5,50000,0.0026,0.4058,0.0082,0.1956,0.0709,0.0802,0.0415,0.1952,100,true
0,0.5,60000,0.0026,0.4058,0.0082,0.1956,0.0709,0.0802,0.0415,0.1952,100,true
0,0.5,70000,0.0026,0.4058,0.0082,0.1956,0.0709,0.0802,0.0415,0.1952,100,true
0,0.5,80000,0.0026,0.4058,0.0082,0.1956,0.0709,0.0802,0.0415,0.1952,100,true
0,0.5,90000,0.0026,0.4058,0.0082,0.1956,0.0709,0.0802,0.0415,0.1952,100,true
0,0.5,100000,0.0026,0.4058,0.0082,0.1956,0.0709,0.0802,0.0415,0.1952,100,true
0,1,0,0.1262,0.1301,0.1285,0.1326,0.1245,0.1166,0.1211,0.1204,100,false
0,1,1,0.1034,0.1355,0.1543,0.1281,0.1481,0.1101,0.099,0.1215,100,false
0,1,2,0.0835,0.149,0.1694,0.1259,0.1646,0.1023,0.083,0.1223,100,false
0,1,3,0.0724,0.1641,0.1744,0.1284,0.1729,0.092,0.0725,0.1233,100,false
0,1,4,0.0668,0.1823,0.1785,0.1298,0.174,0.0841,0.0646,0.1199,100,false
0,1,5,0.0589,0.2009,0.1825,0.127,0.1753,0.0776,0.0563,0.1215,100,false
0,1,6,0.0559,0.2191,0.1773,0.1308,0.1717,0.0741,0.0474,0.1237,100,false
0,1,7,0.0524,0.2407,0.1658,0.1335,0.1665,0.0695,0.0431,0.1285,100,false
0,1,8,0.049,0.2635,0.1531,0.1335,0.1625,0.0683,0.0388,0.1313,100,false
0,1,9,0.0474,0.2802,0.1439,0.1319,0.16,0.0657,0.0372,0.1337,100,false
0,1,10,0.0452,0.2956,0.1341,0.1312,0.1556,0.0648,0.0352,0.1383,100,false
0,1,50,0.0101,0.4009,0.0113,0.1887,0.087,0.054,0.0253,0.2227,100,false
0,1,100,0.0029,0.4291,0.004,0.1906,0.0822,0.0527,0.0279,0.2106,100,true
0,1,1000,0.0029,0.4291,0.004,0.1906,0.0822,0.0527,0.0279,0.2106,100,true
0,1,5000,0.0029,0.4291,0.004,0.1906,0.0822,0.0527,0.0279,0.2106,100,true
0,1,10000,0.0029,0.4291,0.004,0.1906,0.0822,0.0527,0.0279,0.2106,100,true
0,1,20000,0.0029,0.4291,0.004,0.1906,0.0822,0.0527,0.0279,0.2106,100,true
0,1,30000,0.0029,0.4291,0.004,0.1906,0.0822,0.0527,0.0279,0.2106,100,true
0,1,40000,0.0029,0.4291,0.004,0.1906,0.0822,0.0527,0.0279,0.2106,100,true
0,1,50000,0.0029,0.4291,0.004,0.1906,0.0822,0.0527,0.0279,0.2106,100,true
0,1,60000,0.0029,0.4291,0.004,0.1906,0.0822,0.0527,0.0279,0.2106,100,true
0,1,70000,0.0029,0.4291,0.004,0.1906,0.0822,0.0527,0.0279,0.2106,100,true
0,1,80000,0.0029,0.4291,0.004,0.1906,0.0822,0.0527,0.0279,0.2106,100,true
0,1,90000,0.0029,0.4291,0.004,0.1906,0.0822,0.0527,0.0279,0.2106,100,true
0,1,100000,0.0029,0.4291,0.004,0.1906,0.0822,0.0527,0.0279,0.2106,100,true
0.5,0,0,0.1222,0.1275,0.1224,0.126,0.1208,0.1218,0.1273,0.132,100,false
0.5,0,1,0.1199,0.1329,0.1204,0.1248,0.1237,0.1215,0.1319,0.1249,100,false
0.5,0,2,0.1188,0.1323,0.122,0.1272,0.1206,0.1215,0.1333,0.1243,100,false
0.5,0,3,0.1149,0.1353,0.1217,0.1279,0.1167,0.1197,0.1365,0.1273,100,false
0.5,0,4,0.1161,0.1332,0.1223,0.1273,0.1162,0.1199,0.1376,0.1274,100,false
0.5,0,5,0.1174,0.1331,0.1199,0.1259,0.1172,0.1213,0.1383,0.1269,100,false
0.5,0,6,0.1197,0.1288,0.1178,0.1309,0.1162,0.121,0.1414,0.1242,100,false
0.5,0,7,0.1135,0.1305,0.1207,0.1295,0.1173,0.1226,0.144,0.1219,100,false
0.5,0,8,0.1084,0.135,0.1167,0.1303,0.1216,0.1219,0.1446,0.1215,100,false
0.5,0,9,0.108,0.1331,0.1179,0.1323,0.1223,0.1187,0.1465,0.1212,100,false
0.5,0,10,0.1052,0.1373,0.1196,0.1297,0.1195,0.1196,0.1503,0.1188,100,false
0.5,0,50,0.1292,0.151,0.0837,0.1282,0.1445,0.1119,0.1045,0.147,100,false
0.5,0,100,0.182,0.0984,0.1193,0.0885,0.0553,0.1355,0.2513,0.0697,100,false
0.5,0,1000,0.0041,0.2618,0.0453,0.1881,0.0617,0.1303,0.0256,0.2831,100,false
0.5,0,5000,0,0.1846,0,0.2617,0,0.2937,0,0.26,100,false
0.5,0,10000,0,0.2009,0,0.2411,0,0.3032,0,0.2548,100,false
0.5,0,20000,0,0.2255,0,0.2761,0,0.2446,0,0.2538,100,false
0.5,0,30000,0,0.2966,0,0.2025,0,0.2134,0,0.2875,100,false
0.5,0,40000,0,0.2333,0,0.2083,0,0.2864,0,0.272,100,false
0.5,0,50000,0,0.2976,0,0.2408,0,0.2341,0,0.2275,100,false
0.5,0,60000,0,0.2586,0,0.2624,0,0.2905,0,0.1885,100,false
0.5,0,70000,0,0.2382,0,0.2595,0,0.2844,0,0.2179,100,false
0.5,0,80000,0,0.2285,0,0.2865,0,0.2665,0,0.2185,100,false
0.5,0,90000,0,0.2587,0,0.2297,0,0.2586,0,0.253,100,false
0.5,0,100000,0,0.2403,0,0.2428,0,0.2715,0,0.2454,100,false
0.5,0.5,0,0.1216,0.1191,0.1186,0.1259,0.1281,0.1303,0.1283,0.1281,100,false
0.5,0.5,1,0.1025,0.1268,0.1366,0.1296,0.1413,0.1281,0.1079,0.1272,100,false
0.5,0.5,2,0.0991,0.133,0.1456,0.1315,0.1495,0.1185,0.0956,0.1272,100,false
0.5,0.5,3,0.0905,0.1411,0.1558,0.1327,0.1566,0.1091,0.083,0.1312,100,false
0.5,0.5,4,0.0828,0.1589,0.1616,0.1335,0.1553,0.1019,0.0707,0.1353,100,false
0.5,0.5,5,0.078,0.1736,0.1665,0.1296,0.1471,0.0982,0.0648,0.1422,100,false
0.5,0.5,6,0.0775,0.1908,0.1683,0.1254,0.1354,0.0936,0.0619,0.1471,100,false
0.5,0.5,7,0.0804,0.2039,0.1649,0.1222,0.1237,0.0922,0.0564,0.1563,100,false
0.5,0.5,8,0.0834,0.2054,0.1607,0.1168,0.1195,0.0893,0.0591,0.1658,100,false
0.5,0.5,9,0.0838,0.2151,0.153,0.1128,0.1114,0.0908,0.0604,0.1727,100,false
0.5,0.5,10,0.086,0.2154,0.1489,0.104,0.1102,0.0933,0.0601,0.1821,100,false
0.5,0.5,50,0.0181,0.2208,0.0754,0.0753,0.1835,0.067,0.0768,0.2831,100,false
0.5,0.5,100,0.004,0.2594,0.0237,0.0854,0.1677,0.066,0.1196,0.2742,100,false
0.5,0.5,1000,0.0644,0.1798,0,0.269,0,0.1573,0.0309,0.2986,100,false
0.5,0.5,5000,0,0.2683,0,0.2611,0,0.2263,0,0.2443,100,false
0.5,0.5,10000,0,0.179,0,0.1885,0,0.2837,0,0.3488,100,false
0.5,0.5,20000,0,0.238,0,0.2511,0,0.2764,0,0.2345,100,false
0.5,0.5,30000,0,0.2235,0,0.1756,0,0.2747,0,0.3262,100,false
0.5,0.5,40000,0,0.285,0,0.2445,0,0.2405,0,0.23,100,false
0.5,0.5,50000,0,0.2318,0,0.3055,0,0.2236,0,0.2391,100,false
0.5,0.5,60000,0,0.3257,0,0.233,0,0.2328,0,0.2085,100,false
0.5,0.5,70000,0,0.2178,0,0.2818,0,0.2184,0,0.282,100,false
0.5,0.5,80000,0,0.237,0,0.3168,0,0.2531,0,0.1931,100,false
0.5,0.5,90000,0,0.2585,0,0.2598,0,0.2469,0,0.2348,100,false
0.5,0.5,100000,0,0.213,0,0.3266,0,0.2362,0,0.2242,100,false
0.5,1,0,0.1264,0.1237,0.1249,0.1269,0.124,0.1254,0.1225,0.1262,100,false
0.5,1,1,0.1009,0.1273,0.1556,0.1238,0.1463,0.1193,0.1006,0.1262,100,false
0.5,1,2,0.0915,0.1397,0.1786,0.1255,0.1491,0.1097,0.0788,0.1271,100,false
0.5,1,3,0.0867,0.158,0.1931,0.121,0.1431,0.1051,0.0599,0.1331,100,false
0.5,1,4,0.0832,0.1748,0.1996,0.1115,0.1395,0.1011,0.0474,0.1429,100,false
0.5,1,5,0.0836,0.189,0.2004,0.0999,0.1378,0.0946,0.0397,0.155,100,false
0.5,1,6,0.0784,0.2036,0.1956,0.0906,0.1339,0.09,0.036,0.1719,100,false
0.5,1,7,0.0779,0.2233,0.1798,0.0802,0.1303,0.0903,0.0346,0.1836,100,false
0.5,1,8,0.0725,0.2333,0.1626,0.0726,0.1286,0.0911,0.0342,0.2051,100,false
0.5,1,9,0.0701,0.2369,0.1491,0.0679,0.1262,0.0947,0.0331,0.222,100,false
0.5,1,10,0.0609,0.2343,0.1391,0.0614,0.1328,0.1004,0.0294,0.2417,100,false
0.5,1,50,0,0.1774,0.0835,0.0581,0.0959,0.1213,0.0375,0.4263,100,false
0.5,1,100,0,0.1661,0.1057,0.0553,0.1506,0.1546,0.0193,0.3484,100,false
0.5,1,1000,0,0.2159,0,0.2821,0,0.2339,0,0.2681,100,false
0.5,1,5000,0,0.214,0,0.2473,0,0.2929,0,0.2458,100,false
0.5,1,10000,0,0.2736,0,0.2548,0,0.2454,0,0.2262,100,false
0.5,1,20000,0,0.2663,0,0.267,0,0.1978,0,0.2689,100,false
0.5,1,30000,0,0.2335,0,0.3317,0,0.2397,0,0.1951,100,false
0.5,1,40000,0,0.2434,0,0.2435,0,0.2203,0,0.2928,100,false
0.5,1,50000,0,0.2444,0,0.277,0,0.2201,0,0.2585,100,false
0.5,1,60000,0,0.2379,0,0.3189,0,0.1629,0,0.2803,100,false
0.5,1,70000,0,0.298,0,0.2543,0,0.228,0,0.2197,100,false
0.5,1,80000,0,0.2624,0,0.2588,0,0.2473,0,0.2315,100,false
0.5,1,90000,0,0.258,0,0.2548,0,0.2226,0,0.2646,100,false
0.5,1,100000,0,0.1641,0,0.2906,0,0.3273,0,0.218,100,false
1,0,0,0.1235,0.1223,0.1255,0.1271,0.1257,0.1279,0.1225,0.1255,100,false
1,0,1,0.121,0.1222,0.1275,0.1289,0.1297,0.1222,0.1253,0.1232,100,false
1,0,2,0.1257,0.1271,0.1306,0.1252,0.1302,0.1202,0.1189,0.1221,100,false
1,0,3,0.123,0.1327,0.1306,0.1186,0.1302,0.1246,0.1141,0.1262,100,false
1,0,4,0.1213,0.1349,0.1313,0.1188,0.1302,0.1209,0.1129,0.1297,100,false
1,0,5,0.1229,0.132,0.1305,0.1215,0.1249,0.1178,0.118,0.1324,100,false
1,0,6,0.1314,0.1258,0.1278,0.1265,0.1202,0.1146,0.1199,0.1338,100,false
1,0,7,0.1325,0.1246,0.1232,0.1225,0.1186,0.1131,0.1272,0.1383,100,false
1,0,8,0.1325,0.1226,0.1213,0.1239,0.1174,0.1116,0.1328,0.1379,100,false
1,0,9,0.1316,0.1186,0.1173,0.1284,0.114,0.1168,0.1325,0.1408,100,false
1,0,10,0.1247,0.1182,0.1193,0.1291,0.1063,0.124,0.1341,0.1443,100,false
1,0,50,0.1803,0.112,0.1343,0.1251,0.0982,0.1003,0.0971,0.1527,100,false
1,0,100,0.1003,0.1136,0.1111,0.1806,0.0622,0.219,0.1102,0.103,100,false
1,0,1000,0,0.2525,0,0.2058,0,0.2322,0,0.3095,100,false
1,0,5000,0,0.214,0,0.3537,0,0.2551,0,0.1772,100,false
1,0,10000,0,0.2744,0,0.2893,0,0.1971,0,0.2392,100,false
1,0,20000,0,0.2849,0,0.245,0,0.2377,0,0.2324,100,false
1,0,30000,0,0.2611,0,0.1875,0,0.3057,0,0.2457,100,false
1,0,40000,0,0.2453,0,0.2783,0,0.1877,0,0.2887,100,false
1,0,50000,0,0.2121,0,0.2268,0,0.269,0,0.2921,100,false
1,0,60000,0,0.2452,0,0.2294,0,0.2233,0,0.3021,100,false
1,0,70000,0,0.258,0,0.2888,0,0.2468,0,0.2064,100,false
1,0,80000,0,0.2445,0,0.2763,0,0.2832,0,0.196,100,false
1,0,90000,0,0.2287,0,0.3298,0,0.2464,0,0.1951,100,false
1,0,100000,0,0.306,0,0.2271,0,0.2087,0,0.2582,100,false
1,0.5,0,0.1291,0.1223,0.1223,0.1244,0.1241,0.1237,0.1246,0.1295,100,false
1,0.5,1,0.1219,0.1203,0.1328,0.1271,0.1415,0.1173,0.1096,0.1295,100,false
1,0.5,2,0.1131,0.124,0.1505,0.1314,0.1447,0.1076,0.0988,0.1299,100,false
1,0.5,3,0.1163,0.1277,0.1596,0.1329,0.1407,0.1024,0.0856,0.1348,100,false
1,0.5,4,0.1165,0.1355,0.1717,0.1271,0.1289,0.0958,0.0777,0.1468,100,false
1,0.5,5,0.1189,0.1367,0.1717,0.1201,0.124,0.0904,0.0743,0.1639,100,false
1,0.5,6,0.1193,0.1356,0.1721,0.1109,0.1211,0.0889,0.0742,0.1779,100,false
1,0.5,7,0.1154,0.1326,0.1702,0.0988,0.1178,0.097,0.0777,0.1905,100,false
1,0.5,8,0.11,0.1283,0.161,0.0949,0.1188,0.1112,0.0778,0.198,100,false
1,0.5,9,0.1077,0.1248,0.1544,0.0927,0.1235,0.117,0.0752,0.2047,100,false
1,0.5,10,0.1076,0.1165,0.1499,0.0934,0.1264,0.1207,0.0757,0.2098,100,false
1,0.5,50,0.1185,0.0745,0.2258,0.0533,0.1037,0.1875,0.0389,0.1978,100,false
1,0.5,100,0.1409,0.0238,0.2933,0.0879,0.0792,0.2029,0.0006,0.1714,100,false
1,0.5,1000,0,0.2567,0,0.2395,0,0.2059,0,0.2979,100,false
1,0.5,5000,0,0.2486,0,0.262,0,0.2084,0,0.281,100,false
1,0.5,10000,0,0.2147,0,0.2669,0,0.2475,0,0.2709,100,false
1,0.5,20000,0,0.2175,0,0.2294,0,0.2529,0,0.3002,100,false
1,0.5,30000,0,0.2681,0,0.2147,0,0.2491,0,0.2681,100,false
1,0.5,40000,0,0.2607,0,0.3446,0,0.2197,0,0.175,100,false
1,0.5,50000,0,0.2899,0,0.236,0,0.2564,0,0.2177,100,false
1,0.5,60000,0,0.2084,0,0.2839,0,0.3104,0,0.1973,100,false
1,0.5,70000,0,0.196,0,0.2475,0,0.2515,0,0.305,100,false
1,0.5,80000,0,0.2322,0,0.2493,0,0.2847,0,0.2338,100,false
1,0.5,90000,0,0.2654,0,0.2604,0,0.2054,0,0.2688,100,false
1,0.5,100000,0,0.2745,0,0.1937,0,0.1986,0,0.3332,100,false
1,1,0,0.1213,0.1272,0.1257,0.1225,0.1328,0.1213,0.1258,0.1234,100,false
1,1,1,0.1035,0.1306,0.1532,0.1251,0.1517,0.1138,0.0945,0.1276,100,false
1,1,2,0.0924,0.1433,0.1807,0.1231,0.1505,0.1029,0.0738,0.1333,100,false
1,1,3,0.0951,0.1504,0.1969,0.1177,0.1418,0.0979,0.058,0.1422,100,false
1,1,4,0.1012,0.1585,0.2049,0.1066,0.1345,0.0961,0.0491,0.1491,100,false
1,1,5,0.1021,0.1637,0.2004,0.1003,0.1233,0.0951,0.0467,0.1684,100,false
1,1,6,0.1004,0.1652,0.192,0.0908,0.1218,0.093,0.0454,0.1914,100,false
1,1,7,0.1022,0.1618,0.1826,0.083,0.1185,0.1007,0.0416,0.2096,100,false
1,1,8,0.1037,0.149,0.1718,0.0751,0.1207,0.113,0.0404,0.2263,100,false
1,1,9,0.0913,0.1344,0.1715,0.0648,0.1299,0.1223,0.0362,0.2496,100,false
1,1,10,0.0832,0.1217,0.1734,0.0653,0.1327,0.1322,0.0331,0.2584,100,false
1,1,50,0.0676,0.2069,0.2451,0.0169,0.1006,0.1983,0,0.1646,100,false
1,1,100,0.02,0.1313,0.3402,0.0411,0.1211,0.1813,0,0.165,100,false
1,1,1000,0,0.1816,0,0.2805,0,0.2707,0,0.2672,100,false
1,1,5000,0,0.2231,0,0.2422,0,0.2492,0,0.2855,100,false
1,1,10000,0,0.2158,0,0.2956,0,0.2496,0,0.239,100,false
1,1,20000,0,0.2406,0,0.2705,0,0.218,0,0.2709,100,false
1,1,30000,0,0.2367,0,0.2067,0,0.2709,0,0.2857,100,false
1,1,40000,0,0.2636,0,0.2447,0,0.2386,0,0.2531,100,false
1,1,50000,0,0.2717,0,0.2527,0,0.2259,0,0.2497,100,false
1,1,60000,0,0.2664,0,0.2716,0,0.2858,0,0.1762,100,false
1,1,70000,0,0.2402,0,0.2518,0,0.2626,0,0.2454,100,false
1,1,80000,0,0.209,0,0.2374,0,0.2628,0,0.2908,100,false
1,1,90000,0,0.263,0,0.3356,0,0.1787,0,0.2227,100,false
1,1,100000,0,0.2333,0,0.2686,0,0.2635,0,0.2346,100,false
0,0,0,0.1149,0.1292,0.1281,0.125,0.1237,0.1233,0.1302,0.1256,100,false
0,0,1,0.115,0.1347,0.1236,0.1259,0.122,0.1236,0.1306,0.1246,100,false
0,0,2,0.1158,0.1323,0.1232,0.1242,0.1236,0.1282,0.1286,0.1241,100,false
0,0,3,0.118,0.134,0.1197,0.1235,0.1253,0.1273,0.129,0.1232,100,false
0,0,4,0.1201,0.1325,0.1219,0.1189,0.1278,0.1285,0.1286,0.1217,100,false
0,0,5,0.1194,0.133,0.1214,0.117,0.1298,0.1295,0.1263,0.1236,100,false
0,0,6,0.1219,0.1317,0.1235,0.116,0.13,0.1298,0.124,0.1231,100,false
0,0,7,0.1204,0.1339,0.1218,0.1166,0.1299,0.1291,0.1229,0.1254,100,false
0,0,8,0.1235,0.1297,0.1231,0.1163,0.1317,0.1274,0.1232,0.1251,100,false
0,0,9,0.1208,0.1285,0.1257,0.1149,0.1323,0.126,0.1271,0.1247,100,false
0,0,10,0.1212,0.1295,0.1258,0.1144,0.1326,0.1257,0.1265,0.1243,100,false
0,0,50,0.1123,0.1372,0.1083,0.1415,0.1183,0.1169,0.1357,0.1298,100,false
0,0,100,0.1417,0.1438,0.0972,0.1461,0.0999,0.1253,0.1272,0.1188,100,false
0,0,1000,0.1047,0.1122,0.0802,0.1037,0.1264,0.1642,0.142,0.1666,100,false
0,0,5000,0.088,0.0893,0.12,0.1887,0.1387,0.1132,0.0628,0.1993,100,false
0,0,10000,0.1318,0.1305,0.1279,0.1448,0.1838,0.0849,0.0908,0.1055,100,false
0,0,20000,0.1536,0.1609,0.1514,0.124,0.0872,0.1347,0.0845,0.1037,100,false
0,0,30000,0.1073,0.1491,0.1038,0.2028,0.0949,0.1129,0.0767,0.1525,100,false
0,0,40000,0.1986,0.0753,0.2931,0.0745,0.0719,0.0594,0.1733,0.0539,100,false
0,0,50000,0.1035,0.1329,0.0645,0.0474,0.287,0.074,0.0945,0.1962,100,false
0,0,60000,0.2847,0.2805,0.2557,0.0417,0.0142,0.0061,0.0118,0.1053,100,false
0,0,70000,0.007,0,0,0.9778,0,0.002,0.0132,0,100,true
0,0,80000,0.007,0,0,0.9778,0,0.002,0.0132,0,100,true
0,0,90000,0.007,0,0,0.9778,0,0.002,0.0132,0,100,true
0,0,100000,0.007,0,0,0.9778,0,0.002,0.0132,0,100,true
0,0.5,0,0.116,0.1216,0.1217,0.1295,0.1294,0.1312,0.1265,0.1241,100,false
0,0.5,1,0.0989,0.1253,0.1351,0.1307,0.1444,0.1287,0.1132,0.1237,100,false
0,0.5,2,0.0906,0.1303,0.1465,0.1361,0.155,0.1193,0.1029,0.1193,100,false
0,0.5,3,0.0793,0.1423,0.1559,0.1396,0.1582,0.11,0.0954,0.1193,100,false
0,0.5,4,0.0728,0.1517,0.166,0.1426,0.1589,0.103,0.0852,0.1198,100,false
0,0.5,5,0.07,0.1619,0.1767,0.1382,0.1582,0.0984,0.0768,0.1198,100,false
0,0.5,6,0.0682,0.1762,0.18,0.1326,0.1591,0.0952,0.0685,0.1202,100,false
0,0.5,7,0.0673,0.1935,0.1783,0.1292,0.1587,0.089,0.0612,0.1228,100,false
0,0.5,8,0.0687,0.2108,0.1697,0.1271,0.1586,0.0848,0.055,0.1253,100,false
0,0.5,9,0.0661,0.2316,0.1558,0.1286,0.1571,0.0802,0.0513,0.1293,100,false
0,0.5,10,0.0672,0.2497,0.1449,0.1271,0.1526,0.0765,0.0476,0.1344,100,false
0,0.5,50,0.0242,0.3044,0.0283,0.1978,0.0788,0.0789,0.0543,0.2333,100,false
0,0.5,100,0.0313,0.346,0.016,0.2228,0.0507,0.0916,0.0435,0.1981,100,false
0,0.5,1000,0.0052,0.3379,0.0024,0.3116,0.0181,0.1216,0.0326,0.1706,100,true
0,0.5,5000,0.0052,0.3379,0.0024,0.3116,0.0181,0.1216,0.0326,0.1706,100,true
0,0.5,10000,0.0052,0.3379,0.0024,0.3116,0.0181,0.1216,0.0326,0.1706,100,true
0,0.5,20000,0.0052,0.3379,0.0024,0.3116,0.0181,0.1216,0.0326,0.1706,100,true
0,0.5,30000,0.0052,0.3379,0.0024,0.3116,0.0181,0.1216,0.0326,0.1706,100,true
0,0.5,40000,0.0052,0.3379,0.0024,0.3116,0.0181,0.1216,0.0326,0.1706,100,true
0,0.5,50000,0.0052,0.3379,0.0024,0.3116,0.0181,0.1216,0.0326,0.1706,100,true
0,0.5,60000,0.0052,0.3379,0.0024,0.3116,0.0181,0.1216,0.0326,0.1706,100,true
0,0.5,70000,0.0052,0.3379,0.0024,0.3116,0.0181,0.1216,0.0326,0.1706,100,true
0,0.5,80000,0.0052,0.3379,0.0024,0.3116,0.0181,0.1216,0.0326,0.1706,100,true
0,0.5,90000,0.0052,0.3379,0.0024,0.3116,0.0181,0.1216,0.0326,0.1706,100,true
0,0.5,100000,0.0052,0.3379,0.0024,0.3116,0.0181,0.1216,0.0326,0.1706,100,true
0,1,0,0.1258,0.1307,0.1187,0.1266,0.1285,0.1236,0.1233,0.1228,100,false
0,1,1,0.1024,0.1315,0.1412,0.1276,0.157,0.1171,0.0984,0.1248,100,false
0,1,2,0.084,0.1411,0.1597,0.1344,0.1717,0.1059,0.0789,0.1243,100,false
0,1,3,0.0722,0.1513,0.1746,0.1363,0.1753,0.0945,0.0668,0.129,100,false
0,1,4,0.0652,0.1673,0.1838,0.1355,0.1759,0.0857,0.0556,0.131,100,false
0,1,5,0.0594,0.1829,0.1839,0.1388,0.1745,0.0791,0.0516,0.1298,100,false
0,1,6,0.0531,0.2019,0.1852,0.1376,0.1729,0.0726,0.0456,0.1311,100,false
0,1,7,0.0508,0.2217,0.1817,0.1372,0.1667,0.0693,0.0398,0.1328,100,false
0,1,8,0.0479,0.2445,0.1702,0.1395,0.1613,0.0666,0.0335,0.1365,100,false
0,1,9,0.044,0.2622,0.1615,0.1399,0.1581,0.0625,0.0293,0.1425,100,false
0,1,10,0.0445,0.2801,0.1511,0.1375,0.1521,0.0591,0.0282,0.1474,100,false
0,1,50,0.0055,0.4026,0.0125,0.1834,0.1069,0.0461,0.0238,0.2192,100,false
0,1,100,0.0022,0.4228,0.0052,0.1959,0.0902,0.0464,0.0195,0.2178,100,true
0,1,1000,0.0022,0.4228,0.0052,0.1959,0.0902,0.0464,0.0195,0.2178,100,true
0,1,5000,0.0022,0.4228,0.0052,0.1959,0.0902,0.0464,0.0195,0.2178,100,true
0,1,10000,0.0022,0.4228,0.0052,0.1959,0.0902,0.0464,0.0195,0.2178,100,true
0,1,20000,0.0022,0.4228,0.0052,0.1959,0.0902,0.0464,0.0195,0.2178,100,true
0,1,30000,0.0022,0.4228,0.0052,0.1959,0.0902,0.0464,0.0195,0.2178,100,true
0,1,40000,0.0022,0.4228,0.0052,0.1959,0.0902,0.0464,0.0195,0.2178,100,true
0,1,50000,0.0022,0.4228,0.0052,0.1959,0.0902,0.0464,0.0195,0.2178,100,true
0,1,60000,0.0022,0.4228,0.0052,0.1959,0.0902,0.0464,0.0195,0.2178,100,true
0,1,70000,0.0022,0.4228,0.0052,0.1959,0.0902,0.0464,0.0195,0.2178,100,true
0,1,80000,0.0022,0.4228,0.0052,0.1959,0.0902,0.0464,0.0195,0.2178,100,true
0,1,90000,0.0022,0.4228,0.0052,0.1959,0.0902,0.0464,0.0195,0.2178,100,true
0,1,100000,0.0022,0.4228,0.0052,0.1959,0.0902,0.0464,0.0195,0.2178,100,true
0.5,0,0,0.1261,0.1267,0.1307,0.1258,0.1284,0.1226,0.1247,0.115,100,false
0.5,0,1,0.1307,0.1294,0.1282,0.1239,0.1291,0.1247,0.1193,0.1147,100,false
0.5,0,2,0.1337,0.1281,0.1283,0.1217,0.1284,0.1215,0.1209,0.1174,100,false
0.5,0,3,0.1354,0.1235,0.1304,0.1215,0.1276,0.1197,0.123,0.1189,100,false
0.5,0,4,0.135,0.1233,0.1349,0.1176,0.1214,0.1241,0.1213,0.1224,100,false
0.5,0,5,0.1366,0.1255,0.133,0.1172,0.1202,0.1253,0.1198,0.1224,100,false
0.5,0,6,0.1415,0.1263,0.129,0.1212,0.1204,0.1214,0.1215,0.1187,100,false
0.5,0,7,0.1452,0.123,0.1245,0.1221,0.1183,0.1244,0.1202,0.1223,100,false
0.5,0,8,0.1456,0.1198,0.1233,0.1241,0.116,0.1237,0.122,0.1255,100,false
0.5,0,9,0.1457,0.1139,0.1229,0.1239,0.1172,0.1238,0.1243,0.1283,100,false
0.5,0,10,0.1423,0.1113,0.1198,0.1247,0.1173,0.1236,0.1252,0.1358,100,false
0.5,0,50,0.1212,0.0966,0.1316,0.1605,0.1235,0.1451,0.1316,0.0899,100,false
0.5,0,100,0.2156,0.1088,0.1319,0.0826,0.0896,0.1445,0.0887,0.1383,100,false
0.5,0,1000,0,0.2503,0,0.1815,0,0.2656,0,0.3026,100,false
0.5,0,5000,0,0.2384,0,0.2249,0,0.2225,0,0.3142,100,false
0.5,0,10000,0,0.25,0,0.2568,0,0.2456,0,0.2476,100,false
0.5,0,20000,0,0.2401,0,0.3038,0,0.1834,0,0.2727,100,false
0.5,0,30000,0,0.2769,0,0.2207,0,0.2591,0,0.2433,100,false
0.5,0,40000,0,0.3183,0,0.2885,0,0.2158,0,0.1774,100,false
0.5,0,50000,0,0.288,0,0.2681,0,0.2349,0,0.209,100,false
0.5,0,60000,0,0.2028,0,0.2093,0,0.2549,0,0.333,100,false
0.5,0,70000,0,0.2212,0,0.2576,0,0.2406,0,0.2806,100,false
0.5,0,80000,0,0.2683,0,0.2044,0,0.3074,0,0.2199,100,false
0.5,0,90000,0,0.3144,0,0.226,0,0.2635,0,0.1961,100,false
0.5,0,100000,0,0.2384,0,0.2368,0,0.2358,0,0.289,100,false
0.5,0.5,0,0.1309,0.1269,0.1259,0.1236,0.1249,0.1182,0.1204,0.1292,100,false
0.5,0.5,1,0.121,0.1281,0.1352,0.1202,0.1409,0.1129,0.1098,0.1319,100,false
0.5,0.5,2,0.1148,0.1334,0.1431,0.1279,0.1429,0.1074,0.1028,0.1277,100,false
0.5,0.5,3,0.1039,0.1368,0.1567,0.1236,0.1475,0.1026,0.0947,0.1342,100,false
0.5,0.5,4,0.0989,0.1475,0.1649,0.1222,0.1498,0.0972,0.0859,0.1336,100,false
0.5,0.5,5,0.0981,0.1536,0.1707,0.119,0.1482,0.0952,0.0774,0.1378,100,false
0.5,0.5,6,0.1041,0.1598,0.1718,0.1166,0.1404,0.0944,0.0703,0.1426,100,false
0.5,0.5,7,0.103,0.1657,0.1699,0.1134,0.1362,0.096,0.064,0.1518,100,false
0.5,0.5,8,0.1017,0.1723,0.1699,0.1019,0.137,0.0951,0.0623,0.1598,100,false
0.5,0.5,9,0.0967,0.1746,0.1636,0.0984,0.1371,0.0912,0.0622,0.1762,100,false
0.5,0.5,10,0.0928,0.1716,0.16,0.0915,0.142,0.0907,0.0601,0.1913,100,false
0.5,0.5,50,0.0113,0.2507,0.0779,0.0465,0.1621,0.1164,0.0609,0.2742,100,false
0.5,0.5,100,0.0008,0.1771,0.0728,0.0709,0.2812,0.0761,0.0796,0.2415,100,false
0.5,0.5,1000,0,0.2769,0,0.2528,0.0706,0.1546,0.0612,0.1839,100,false
0.5,0.5,5000,0,0.2333,0,0.3156,0,0.2593,0,0.1918,100,false
0.5,0.5,10000,0,0.2358,0,0.1939,0,0.2842,0,0.2861,100,false
0.5,0.5,20000,0,0.2719,0,0.2068,0,0.2546,0,0.2667,100,false
0.5,0.5,30000,0,0.2591,0,0.2046,0,0.2215,0,0.3148,100,false
0.5,0.5,40000,0,0.2807,0,0.2463,0,0.2545,0,0.2185,100,false
0.5,0.5,50000,0,0.2036,0,0.3069,0,0.2756,0,0.2139,100,false
0.5,0.5,60000,0,0.2331,0,0.2835,0,0.2626,0,0.2208,100,false
0.5,0.5,70000,0,0.1875,0,0.3175,0,0.2244,0,0.2706,100,false
0.5,0.5,80000,0,0.2758,0,0.2704,0,0.2083,0,0.2455,100,false
0.5,0.5,90000,0,0.2697,0,0.2141,0,0.2368,0,0.2794,100,false
0.5,0.5,100000,0,0.2214,0,0.2314,0,0.2313,0,0.3159,100,false
0.5,1,0,0.1286,0.123,0.1227,0.1264,0.1229,0.1315,0.125,0.1199,100,false
0.5,1,1,0.1086,0.1287,0.1482,0.1276,0.146,0.1295,0.0946,0.1168,100,false
0.5,1,2,0.095,0.1431,0.1678,0.1235,0.1673,0.1155,0.0711,0.1167,100,false
0.5,1,3,0.0867,0.1568,0.1808,0.1229,0.1704,0.1047,0.0561,0.1216,100,false
0.5,1,4,0.0794,0.1745,0.1942,0.117,0.1623,0.096,0.0477,0.1289,100,false
0.5,1,5,0.0793,0.1943,0.1963,0.1081,0.1576,0.0858,0.0382,0.1404,100,false
0.5,1,6,0.0791,0.2081,0.1922,0.1006,0.1503,0.081,0.0333,0.1554,100,false
0.5,1,7,0.076,0.2203,0.1894,0.093,0.1406,0.0761,0.0283,0.1763,100,false
0.5,1,8,0.0715,0.2312,0.1777,0.0838,0.1306,0.0784,0.0258,0.201,100,false
0.5,1,9,0.0698,0.2343,0.1581,0.0765,0.1272,0.0828,0.0244,0.2269,100,false
0.5,1,10,0.0632,0.2346,0.1433,0.0709,0.1294,0.0816,0.0236,0.2534,100,false
0.5,1,50,0.0047,0.1526,0.0945,0.0439,0.1504,0.1255,0.0309,0.3975,100,false
0.5,1,100,0,0.1601,0.0724,0.0778,0.1532,0.1,0.0477,0.3888,100,false
0.5,1,1000,0,0.3401,0,0.2136,0.0523,0.192,0.018,0.184,100,false
0.5,1,5000,0,0.3372,0,0.2236,0,0.163,0,0.2762,100,false
0.5,1,10000,0,0.2293,0,0.2437,0,0.2216,0,0.3054,100,false
0.5,1,20000,0,0.2813,0,0.2241,0,0.2589,0,0.2357,100,false
0.5,1,30000,0,0.2516,0,0.2019,0,0.301,0,0.2455,100,false
0.5,1,40000,0,0.2404,0,0.2285,0,0.2583,0,0.2728,100,false
0.5,1,50000,0,0.2657,0,0.2786,0,0.2356,0,0.2201,100,false
0.5,1,60000,0,0.2459,0,0.2786,0,0.2219,0,0.2536,100,false
0.5,1,70000,0,0.2556,0,0.2666,0,0.2503,0,0.2275,100,false
0.5,1,80000,0,0.2261,0,0.248,0,0.2611,0,0.2648,100,false
0.5,1,90000,0,0.2476,0,0.311,0,0.2606,0,0.1808,100,false
0.5,1,100000,0,0.2295,0,0.2586,0,0.2368,0,0.2751,100,false
1,0,0,0.1257,0.121,0.1251,0.1297,0.1253,0.1264,0.1193,0.1275,100,false
1,0,1,0.124,0.1194,0.1263,0.1319,0.1234,0.1237,0.1203,0.131,100,false
1,0,2,0.1221,0.1161,0.1349,0.1269,0.1204,0.1214,0.1204,0.1378,100,false
1,0,3,0.1211,0.1216,0.132,0.1253,0.1163,0.1331,0.1174,0.1332,100,false
1,0,4,0.1245,0.1233,0.1321,0.1231,0.1117,0.1414,0.1182,0.1257,100,false
1,0,5,0.1242,0.1257,0.1322,0.1194,0.1168,0.1387,0.1192,0.1238,100,false
1,0,6,0.1239,0.1248,0.1328,0.1142,0.1191,0.1408,0.1192,0.1252,100,false
1,0,7,0.1231,0.1221,0.1339,0.1171,0.122,0.1346,0.1194,0.1278,100,false
1,0,8,0.1239,0.1246,0.1323,0.1221,0.1202,0.1361,0.1198,0.121,100,false
1,0,9,0.1235,0.1292,0.133,0.1208,0.119,0.1316,0.1254,0.1175,100,false
1,0,10,0.1242,0.1346,0.1346,0.1164,0.1192,0.1322,0.1266,0.1122,100,false
1,0,50,0.1141,0.1496,0.0874,0.1532,0.14,0.1158,0.1407,0.0992,100,false
1,0,100,0.1457,0.1216,0.0887,0.103,0.115,0.1988,0.1285,0.0987,100,false
1,0,1000,0.2173,0,0.2273,0,0.2625,0,0.2929,0,100,false
1,0,5000,0.1483,0,0.2692,0,0.2884,0,0.2941,0,100,false
1,0,10000,0.2671,0,0.2386,0,0.2179,0,0.2764,0,100,false
1,0,20000,0.2272,0,0.3207,0,0.2264,0,0.2257,0,100,false
1,0,30000,0.2848,0,0.2516,0,0.2238,0,0.2398,0,100,false
1,0,40000,0.2081,0,0.238,0,0.2541,0,0.2998,0,100,false
1,0,50000,0.2654,0,0.2291,0,0.2724,0,0.2331,0,100,false
1,0,60000,0.229,0,0.2548,0,0.2096,0,0.3066,0,100,false
1,0,70000,0.225,0,0.285,0,0.2761,0,0.2139,0,100,false
1,0,80000,0.2143,0,0.227,0,0.2712,0,0.2875,0,100,false
1,0,90000,0.2451,0,0.2449,0,0.3053,0,0.2047,0,100,false
1,0,100000,0.2207,0,0.301,0,0.2597,0,0.2186,0,100,false
1,0.5,0,0.1284,0.123,0.1287,0.1246,0.1271,0.1176,0.1249,0.1257,100,false
1,0.5,1,0.1124,0.125,0.1445,0.1228,0.1379,0.114,0.112,0.1314,100,false
1,0.5,2,0.1102,0.1355,0.1581,0.1159,0.1382,0.116,0.0965,0.1296,100,false
1,0.5,3,0.1139,0.1407,0.1669,0.1133,0.1345,0.1143,0.0858,0.1306,100,false
1,0.5,4,0.1166,0.147,0.1691,0.1134,0.1274,0.1091,0.0776,0.1398,100,false
1,0.5,5,0.1202,0.1484,0.1658,0.1099,0.1222,0.1053,0.0759,0.1523,100,false
1,0.5,6,0.1238,0.1453,0.1648,0.1017,0.1171,0.1067,0.0755,0.1651,100,false
1,0.5,7,0.121,0.1356,0.1577,0.0972,0.1166,0.1126,0.0758,0.1835,100,false
1,0.5,8,0.1186,0.1243,0.1531,0.0948,0.1195,0.1173,0.0779,0.1945,100,false
1,0.5,9,0.1156,0.1153,0.1573,0.0914,0.1171,0.1275,0.0813,0.1945,100,false
1,0.5,10,0.1168,0.1092,0.1588,0.087,0.1202,0.134,0.0812,0.1928,100,false
1,0.5,50,0.1234,0.117,0.2154,0.0906,0.1249,0.176,0.0264,0.1263,100,false
1,0.5,100,0.1523,0.053,0.1405,0.0793,0.1157,0.2019,0.0247,0.2326,100,false
1,0.5,1000,0,0.296,0,0.1872,0,0.2098,0,0.307,100,false
1,0.5,5000,0,0.351,0,0.247,0,0.1904,0,0.2116,100,false
1,0.5,10000,0,0.3019,0,0.2154,0,0.2233,0,0.2594,100,false
1,0.5,20000,0,0.2044,0,0.2889,0,0.3156,0,0.1911,100,false
1,0.5,30000,0,0.2746,0,0.17,0,0.2789,0,0.2765,100,false
1,0.5,40000,0,0.2372,0,0.1551,0,0.3053,0,0.3024,100,false
1,0.5,50000,0,0.2299,0,0.2885,0,0.1966,0,0.285,100,false
1,0.5,60000,0,0.3231,0,0.1979,0,0.1865,0,0.2925,100,false
1,0.5,70000,0,0.221,0,0.259,0,0.266,0,0.254,100,false
1,0.5,80000,0,0.2602,0,0.1928,0,0.2786,0,0.2684,100,false
1,0.5,90000,0,0.262,0,0.2925,0,0.2218,0,0.2237,100,false
1,0.5,100000,0,0.2262,0,0.2452,0,0.2946,0,0.234,100,false
1,1,0,0.1203,0.1242,0.1246,0.133,0.1251,0.1197,0.1312,0.1219,100,false
1,1,1,0.1008,0.1356,0.1605,0.1265,0.1357,0.1239,0.1007,0.1163,100,false
1,1,2,0.1003,0.1519,0.1788,0.1203,0.1347,0.1217,0.0754,0.1169,100,false
1,1,3,0.1039,0.165,0.1854,0.1169,0.1265,0.1144,0.0608,0.1271,100,false
1,1,4,0.1132,0.1677,0.1888,0.1055,0.1195,0.1132,0.049,0.1431,100,false
1,1,5,0.1151,0.17,0.1794,0.0973,0.1177,0.1168,0.0423,0.1614,100,false
1,1,6,0.1173,0.1646,0.1745,0.0869,0.1168,0.1149,0.0369,0.1881,100,false
1,1,7,0.1053,0.1578,0.1665,0.0815,0.1223,0.1197,0.0361,0.2108,100,false
1,1,8,0.0984,0.1531,0.1571,0.0748,0.1267,0.1297,0.036,0.2242,100,false
1,1,9,0.0883,0.142,0.1533,0.0707,0.1308,0.1425,0.0372,0.2352,100,false
1,1,10,0.0838,0.1343,0.1462,0.0707,0.1334,0.1587,0.0353,0.2376,100,false
1,1,50,0.0453,0.2388,0.1558,0.0634,0.11,0.2142,0.0003,0.1722,100,false
1,1,100,0.0198,0.1915,0.1175,0.0869,0.0947,0.2343,0,0.2553,100,false
1,1,1000,0,0.1929,0,0.2981,0,0.263,0,0.246,100,false
1,1,5000,0,0.2393,0,0.2594,0,0.2767,0,0.2246,100,false
1,1,10000,0,0.2347,0,0.2529,0,0.3211,0,0.1913,100,false
1,1,20000,0,0.2354,0,0.302,0,0.2177,0,0.2449,100,false
1,1,30000,0,0.2343,0,0.2103,0,0.235,0,0.3204,100,false
1,1,40000,0,0.2667,0,0.2713,0,0.1998,0,0.2622,100,false
1,1,50000,0,0.2602,0,0.2312,0,0.2116,0,0.297,100,false
1,1,60000,0,0.2744,0,0.2019,0,0.2908,0,0.2329,100,false
1,1,70000,0,0.3027,0,0.2469,0,0.2251,0,0.2253,100,false
1,1,80000,0,0.2516,0,0.2343,0,0.261,0,0.2531,100,false
1,1,90000,0,0.2635,0,0.2259,0,0.2578,0,0.2528,100,false
1,1,100000,0,0.2463,0,0.3217,0,0.2048,0,0.2272,100,false
0,0,0,0.1211,0.1311,0.125,0.1231,0.1254,0.1214,0.1277,0.1252,100,false
0,0,1,0.1232,0.1311,0.1226,0.1241,0.1257,0.1238,0.1266,0.1229,100,false
0,0,2,0.1262,0.1293,0.121,0.1249,0.1257,0.1251,0.1256,0.1222,100,false
0,0,3,0.1251,0.1273,0.1196,0.1251,0.1288,0.1238,0.1244,0.1259,100,false
0,0,4,0.1225,0.1277,0.1214,0.124,0.1289,0.1224,0.1276,0.1255,100,false
0,0,5,0.1221,0.128,0.1199,0.1248,0.1302,0.1214,0.1298,0.1238,100,false
0,0,6,0.1225,0.1295,0.1179,0.1247,0.1312,0.1208,0.1306,0.1228,100,false
0,0,7,0.1228,0.1287,0.1194,0.1267,0.1285,0.1201,0.131,0.1228,100,false
0,0,8,0.1206,0.1295,0.1206,0.1257,0.1294,0.1179,0.1323,0.124,100,false
0,0,9,0.1208,0.1307,0.1194,0.1284,0.1274,0.1181,0.133,0.1222,100,false
0,0,10,0.1214,0.1316,0.1207,0.1258,0.1281,0.1209,0.1321,0.1194,100,false
0,0,50,0.1588,0.1231,0.1153,0.128,0.1029,0.1246,0.1409,0.1064,100,false
0,0,100,0.1355,0.1139,0.1347,0.1293,0.1229,0.1364,0.1143,0.113,100,false
0,0,1000,0.0553,0.1183,0.2686,0.2224,0.1572,0.023,0.1102,0.045,100,false
0,0,5000,0,0.9894,0,0.0008,0.0006,0.0022,0.0036,0.0034,100,true
0,0,10000,0,0.9894,0,0.0008,0.0006,0.0022,0.0036,0.0034,100,true
0,0,20000,0,0.9894,0,0.0008,0.0006,0.0022,0.0036,0.0034,100,true
0,0,30000,0,0.9894,0,0.0008,0.0006,0.0022,0.0036,0.0034,100,true
0,0,40000,0,0.9894,0,0.0008,0.0006,0.0022,0.0036,0.0034,100,true
0,0,50000,0,0.9894,0,0.0008,0.0006,0.0022,0.0036,0.0034,100,true
0,0,60000,0,0.9894,0,0.0008,0.0006,0.0022,0.0036,0.0034,100,true
0,0,70000,0,0.9894,0,0.0008,0.0006,0.0022,0.0036,0.0034,100,true
0,0,80000,0,0.9894,0,0.0008,0.0006,0.0022,0.0036,0.0034,100,true
0,0,90000,0,0.9894,0,0.0008,0.0006,0.0022,0.0036,0.0034,100,true
0,0,100000,0,0.9894,0,0.0008,0.0006,0.0022,0.0036,0.0034,100,true
0,0.5,0,0.1232,0.1248,0.124,0.1296,0.1233,0.1276,0.1251,0.1224,100,false
0,0.5,1,0.1104,0.1275,0.1406,0.1256,0.1399,0.1247,0.1082,0.1231,100,false
0,0.5,2,0.0988,0.1367,0.1512,0.125,0.1548,0.1159,0.0976,0.12,100,false
0,0.5,3,0.0926,0.148,0.1538,0.1294,0.1601,0.1066,0.0895,0.12,100,false
0,0.5,4,0.0878,0.1582,0.1555,0.1331,0.1615,0.1016,0.0815,0.1208,100,false
0,0.5,5,0.0826,0.1705,0.1537,0.139,0.1608,0.0959,0.0738,0.1237,100,false
0,0.5,6,0.0795,0.182,0.1532,0.1418,0.1551,0.0921,0.069,0.1273,100,false
0,0.5,7,0.0775,0.1926,0.149,0.1451,0.1539,0.0867,0.0645,0.1307,100,false
0,0.5,8,0.0776,0.2037,0.1456,0.1419,0.1525,0.0834,0.0604,0.1349,100,false
0,0.5,9,0.0765,0.2137,0.1415,0.1432,0.1484,0.0806,0.0574,0.1387,100,false
0,0.5,10,0.0781,0.2212,0.1381,0.1423,0.1446,0.0802,0.0533,0.1422,100,false
0,0.5,50,0.0259,0.2914,0.0457,0.1576,0.0957,0.1005,0.0632,0.22,100,false
0,0.5,100,0.0206,0.2972,0.0298,0.1991,0.0626,0.1261,0.0489,0.2157,100,false
0,0.5,1000,0.0023,0.4252,0.0057,0.1983,0.0473,0.1012,0.0144,0.2056,100,true
0,0.5,5000,0.0023,0.4252,0.0057,0.1983,0.0473,0.1012,0.0144,0.2056,100,true
0,0.5,10000,0.0023,0.4252,0.0057,0.1983,0.0473,0.1012,0.0144,0.2056,100,true
0,0.5,20000,0.0023,0.4252,0.0057,0.1983,0.0473,0.1012,0.0144,0.2056,100,true
0,0.5,30000,0.0023,0.4252,0.0057,0.1983,0.0473,0.1012,0.0144,0.2056,100,true
0,0.5,40000,0.0023,0.4252,0.0057,0.1983,0.0473,0.1012,0.0144,0.2056,100,true
0,0.5,50000,0.0023,0.4252,0.0057,0.1983,0.0473,0.1012,0.0144,0.2056,100,true
0,0.5,60000,0.0023,0.4252,0.0057,0.1983,0.0473,0.1012,0.0144,0.2056,100,true
0,0.5,70000,0.0023,0.4252,0.0057,0.1983,0.0473,0.1012,0.0144,0.2056,100,true
0,0.5,80000,0.0023,0.4252,0.0057,0.1983,0.0473,0.1012,0.0144,0.2056,100,true
0,0.5,90000,0.0023,0.4252,0.0057,0.1983,0.0473,0.1012,0.0144,0.2056,100,true
0,0.5,100000,0.0023,0.4252,0.0057,0.1983,0.0473,0.1012,0.0144,0.2056,100,true
0,1,0,0.1283,0.1231,0.1264,0.1206,0.1291,0.1262,0.1228,0.1235,100,false
0,1,1,0.1003,0.1306,0.148,0.1274,0.153,0.1181,0.098,0.1246,100,false
0,1,2,0.0838,0.138,0.1666,0.1303,0.1694,0.1072,0.0806,0.1241,100,false
0,1,3,0.0741,0.1469,0.1837,0.1279,0.1789,0.0975,0.0648,0.1262,100,false
0,1,4,0.0641,0.1628,0.1888,0.1304,0.1821,0.0886,0.0528,0.1304,100,false
0,1,5,0.0535,0.1838,0.1924,0.1286,0.1843,0.0808,0.0457,0.1309,100,false
0,1,6,0.0499,0.2076,0.183,0.1314,0.1828,0.0725,0.0386,0.1342,100,false
0,1,7,0.0464,0.2277,0.1789,0.1338,0.1765,0.067,0.0331,0.1366,100,false
0,1,8,0.041,0.2525,0.1712,0.1339,0.1708,0.0617,0.0299,0.139,100,false
0,1,9,0.039,0.2758,0.1605,0.1341,0.1648,0.0575,0.0272,0.1411,100,false
0,1,10,0.0358,0.3027,0.1463,0.1317,0.1597,0.0547,0.0246,0.1445,100,false
0,1,50,0.0007,0.4381,0.0111,0.1841,0.0907,0.0462,0.0157,0.2134,100,false
0,1,100,0.0007,0.46,0.0083,0.1804,0.0789,0.0446,0.0138,0.2133,100,true
0,1,1000,0.0007,0.46,0.0083,0.1804,0.0789,0.0446,0.0138,0.2133,100,true
0,1,5000,0.0007,0.46,0.0083,0.1804,0.0789,0.0446,0.0138,0.2133,100,true
0,1,10000,0.0007,0.46,0.0083,0.1804,0.0789,0.0446,0.0138,0.2133,100,true
0,1,20000,0.0007,0.46,0.0083,0.1804,0.0789,0.0446,0.0138,0.2133,100,true
0,1,30000,0.0007,0.46,0.0083,0.1804,0.0789,0.0446,0.0138,0.2133,100,true
0,1,40000,0.0007,0.46,0.0083,0.1804,0.0789,0.0446,0.0138,0.2133,100,true
0,1,50000,0.0007,0.46,0.0083,0.1804,0.0789,0.0446,0.0138,0.2133,100,true
0,1,60000,0.0007,0.46,0.0083,0.1804,0.0789,0.0446,0.0138,0.2133,100,true
0,1,70000,0.0007,0.46,0.0083,0.1804,0.0789,0.0446,0.0138,0.2133,100,true
0,1,80000,0.0007,0.46,0.0083,0.1804,0.0789,0.0446,0.0138,0.2133,100,true
0,1,90000,0.0007,0.46,0.0083,0.1804,0.0789,0.0446,0.0138,0.2133,100,true
0,1,100000,0.0007,0.46,0.0083,0.1804,0.0789,0.0446,0.0138,0.2133,100,true
0.5,0,0,0.1243,0.125,0.13,0.1253,0.1226,0.12,0.1224,0.1304,100,false
0.5,0,1,0.1272,0.1264,0.1319,0.1231,0.1212,0.125,0.1153,0.1299,100,false
0.5,0,2,0.129,0.128,0.1312,0.1191,0.1202,0.1254,0.1168,0.1303,100,false
0.5,0,3,0.1299,0.1259,0.1321,0.1145,0.1232,0.1236,0.1192,0.1316,100,false
0.5,0,4,0.1279,0.1279,0.1303,0.1115,0.125,0.1264,0.1216,0.1294,100,false
0.5,0,5,0.1331,0.1259,0.1242,0.1099,0.1258,0.128,0.122,0.1311,100,false
0.5,0,6,0.1312,0.1244,0.1226,0.1108,0.1283,0.131,0.1191,0.1326,100,false
0.5,0,7,0.133,0.1196,0.1176,0.1187,0.1307,0.1278,0.116,0.1366,100,false
0.5,0,8,0.1296,0.1153,0.1145,0.1254,0.1355,0.1243,0.1129,0.1425,100,false
0.5,0,9,0.1233,0.116,0.1143,0.1278,0.1394,0.1214,0.1156,0.1422,100,false
0.5,0,10,0.1232,0.1173,0.1113,0.1289,0.1395,0.1201,0.121,0.1387,100,false
0.5,0,50,0.1499,0.1636,0.1338,0.1166,0.1102,0.1049,0.1321,0.0889,100,false
0.5,0,100,0.2033,0.0792,0.0857,0.1461,0.071,0.1538,0.1432,0.1177,100,false
0.5,0,1000,0.2128,0.0124,0.2338,0,0.3317,0,0.2093,0,100,false
0.5,0,5000,0.1865,0,0.256,0,0.3367,0,0.2208,0,100,false
0.5,0,10000,0.2598,0,0.2183,0,0.268,0,0.2539,0,100,false
0.5,0,20000,0.236,0,0.2575,0,0.2017,0,0.3048,0,100,false
0.5,0,30000,0.2979,0,0.2695,0,0.2113,0,0.2213,0,100,false
0.5,0,40000,0.2225,0,0.2555,0,0.2746,0,0.2474,0,100,false
0.5,0,50000,0.1749,0,0.2928,0,0.2405,0,0.2918,0,100,false
0.5,0,60000,0.2104,0,0.211,0,0.3167,0,0.2619,0,100,false
0.5,0,70000,0.2376,0,0.2369,0,0.2792,0,0.2463,0,100,false
0.5,0,80000,0.243,0,0.2386,0,0.2252,0,0.2932,0,100,false
0.5,0,90000,0.3173,0,0.2475,0,0.2335,0,0.2017,0,100,false
0.5,0,100000,0.2027,0,0.3078,0,0.2479,0,0.2416,0,100,false
0.5,0.5,0,0.1229,0.1253,0.1286,0.1288,0.1224,0.1294,0.1231,0.1195,100,false
0.5,0.5,1,0.1091,0.1339,0.1469,0.1249,0.1324,0.1273,0.103,0.1225,100,false
0.5,0.5,2,0.1046,0.1441,0.1533,0.1269,0.1342,0.1222,0.0895,0.1252,100,false
0.5,0.5,3,0.103,0.1483,0.1643,0.1279,0.1356,0.1133,0.0767,0.1309,100,false
0.5,0.5,4,0.1049,0.1561,0.1726,0.1196,0.134,0.1058,0.0698,0.1372,100,false
0.5,0.5,5,0.1103,0.1626,0.1756,0.1086,0.1322,0.1014,0.0659,0.1434,100,false
0.5,0.5,6,0.1178,0.1642,0.1712,0.1061,0.1296,0.0964,0.0629,0.1518,100,false
0.5,0.5,7,0.123,0.1657,0.1657,0.1012,0.1283,0.094,0.0643,0.1578,100,false
0.5,0.5,8,0.1201,0.1629,0.1609,0.0981,0.1263,0.0936,0.0648,0.1733,100,false
0.5,0.5,9,0.1223,0.1561,0.1572,0.0957,0.122,0.0957,0.0663,0.1847,100,false
0.5,0.5,10,0.1178,0.1584,0.1496,0.0927,0.1202,0.0978,0.0698,0.1937,100,false
0.5,0.5,50,0.0145,0.1682,0.0993,0.0714,0.1592,0.1186,0.0658,0.303,100,false
0.5,0.5,100,0.0004,0.198,0.0748,0.0582,0.2498,0.0961,0.0472,0.2755,100,false
0.5,0.5,1000,0,0.2922,0,0.3027,0,0.2497,0,0.1554,100,false
0.5,0.5,5000,0,0.241,0,0.23,0,0.2468,0,0.2822,100,false
0.5,0.5,10000,0,0.1633,0,0.2417,0,0.3718,0,0.2232,100,false
0.5,0.5,20000,0,0.2003,0,0.2503,0,0.2995,0,0.2499,100,false
0.5,0.5,30000,0,0.2037,0,0.2989,0,0.3108,0,0.1866,100,false
0.5,0.5,40000,0,0.2856,0,0.2296,0,0.2168,0,0.268,100,false
0.5,0.5,50000,0,0.2615,0,0.2691,0,0.2183,0,0.2511,100,false
0.5,0.5,60000,0,0.2784,0,0.2503,0,0.2285,0,0.2428,100,false
0.5,0.5,70000,0,0.2504,0,0.3107,0,0.2103,0,0.2286,100,false
0.5,0.5,80000,0,0.2548,0,0.253,0,0.199,0,0.2932,100,false
0.5,0.5,90000,0,0.2731,0,0.2374,0,0.2753,0,0.2142,100,false
0.5,0.5,100000,0,0.2313,0,0.2951,0,0.2532,0,0.2204,100,false
0.5,1,0,0.1219,0.1235,0.1299,0.1249,0.1264,0.1223,0.1261,0.125,100,false
0.5,1,1,0.1038,0.1277,0.1614,0.1224,0.1462,0.1195,0.0972,0.1218,100,false
0.5,1,2,0.0902,0.1392,0.1865,0.1171,0.1628,0.1058,0.0759,0.1225,100,false
0.5,1,3,0.0828,0.1557,0.207,0.1103,0.1613,0.0947,0.057,0.1312,100,false
0.5,1,4,0.0789,0.1732,0.2145,0.1059,0.1572,0.0847,0.0435,0.1421,100,false
0.5,1,5,0.0745,0.1976,0.2068,0.1054,0.1454,0.0813,0.0357,0.1533,100,false
0.5,1,6,0.0769,0.2173,0.1982,0.0955,0.1362,0.0771,0.0311,0.1677,100,false
0.5,1,7,0.08,0.2295,0.1821,0.0921,0.1282,0.0739,0.0279,0.1863,100,false
0.5,1,8,0.0787,0.2406,0.1633,0.0864,0.1239,0.0744,0.0269,0.2058,100,false
0.5,1,9,0.0737,0.24,0.1527,0.0734,0.127,0.0752,0.0268,0.2312,100,false
0.5,1,10,0.0695,0.2362,0.1359,0.0639,0.1292,0.0755,0.0291,0.2607,100,false
0.5,1,50,0,0.1153,0.1182,0.028,0.1136,0.135,0.017,0.4729,100,false
0.5,1,100,0,0.1668,0.0832,0.0765,0.1359,0.172,0.0119,0.3537,100,false
0.5,1,1000,0,0.2719,0,0.2638,0,0.2012,0,0.2631,100,false
0.5,1,5000,0,0.1784,0,0.2813,0,0.3306,0,0.2097,100,false
0.5,1,10000,0,0.2006,0,0.259,0,0.2573,0,0.2831,100,false
0.5,1,20000,0,0.1934,0,0.2394,0,0.284,0,0.2832,100,false
0.5,1,30000,0,0.1934,0,0.2364,0,0.2905,0,0.2797,100,false
0.5,1,40000,0,0.297,0,0.2619,0,0.239,0,0.2021,100,false
0.5,1,50000,0,0.2262,0,0.2093,0,0.2933,0,0.2712,100,false
0.5,1,60000,0,0.2201,0,0.2569,0,0.2401,0,0.2829,100,false
0.5,1,70000,0,0.2838,0,0.2317,0,0.3076,0,0.1769,100,false
0.5,1,80000,0,0.2448,0,0.3151,0,0.2436,0,0.1965,100,false
0.5,1,90000,0,0.3334,0,0.2198,0,0.2057,0,0.2411,100,false
0.5,1,100000,0,0.2647,0,0.2945,0,0.2071,0,0.2337,100,false
1,0,0,0.1273,0.1298,0.1202,0.1217,0.1325,0.1317,0.1147,0.1221,100,false
1,0,1,0.1291,0.1295,0.125,0.1211,0.1321,0.1273,0.114,0.1219,100,false
1,0,2,0.1336,0.1277,0.123,0.1231,0.1273,0.1238,0.1146,0.1269,100,false
1,0,3,0.1329,0.1295,0.1157,0.1274,0.1264,0.12,0.1167,0.1314,100,false
1,0,4,0.135,0.13,0.1092,0.1221,0.1304,0.122,0.1164,0.1349,100,false
1,0,5,0.1334,0.128,0.1073,0.1171,0.1364,0.1222,0.1165,0.1391,100,false
1,0,6,0.1327,0.1222,0.1072,0.1206,0.1394,0.1211,0.1158,0.141,100,false
1,0,7,0.1334,0.1158,0.1072,0.1232,0.1355,0.1264,0.111,0.1475,100,false
1,0,8,0.1307,0.1086,0.1056,0.1289,0.1333,0.1303,0.1095,0.1531,100,false
1,0,9,0.1298,0.1041,0.1063,0.1306,0.1323,0.1339,0.1088,0.1542,100,false
1,0,10,0.1261,0.0979,0.1041,0.1375,0.1347,0.1347,0.1076,0.1574,100,false
1,0,50,0.0969,0.1926,0.1322,0.1064,0.0678,0.1532,0.1491,0.1018,100,false
1,0,100,0.1075,0.1811,0.1196,0.1401,0.0676,0.1554,0.0607,0.168,100,false
1,0,1000,0,0.2442,0,0.1937,0,0.2688,0,0.2933,100,false
1,0,5000,0,0.2788,0,0.2018,0,0.2791,0,0.2403,100,false
1,0,10000,0,0.1809,0,0.29,0,0.3216,0,0.2075,100,false
1,0,20000,0,0.2655,0,0.1755,0,0.2855,0,0.2735,100,false
1,0,30000,0,0.261,0,0.2391,0,0.2877,0,0.2122,100,false
1,0,40000,0,0.3171,0,0.3276,0,0.1645,0,0.1908,100,false
1,0,50000,0,0.2703,0,0.2652,0,0.2594,0,0.2051,100,false
1,0,60000,0,0.2961,0,0.2704,0,0.194,0,0.2395,100,false
1,0,70000,0,0.2115,0,0.2977,0,0.2492,0,0.2416,100,false
1,0,80000,0,0.1746,0,0.2454,0,0.2641,0,0.3159,100,false
1,0,90000,0,0.2797,0,0.2892,0,0.1961,0,0.235,100,false
1,0,100000,0,0.2591,0,0.1679,0,0.244,0,0.329,100,false
1,0.5,0,0.1185,0.1208,0.1293,0.1252,0.1249,0.1339,0.1246,0.1228,100,false
1,0.5,1,0.1073,0.1228,0.1448,0.1285,0.1369,0.1288,0.1041,0.1268,100,false
1,0.5,2,0.1071,0.1287,0.1667,0.1208,0.1356,0.1291,0.087,0.125,100,false
1,0.5,3,0.1044,0.1383,0.1788,0.1138,0.1369,0.1222,0.0731,0.1325,100,false
1,0.5,4,0.1074,0.1479,0.1874,0.1056,0.1357,0.1154,0.0615,0.1391,100,false
1,0.5,5,0.1108,0.1518,0.187,0.0991,0.1344,0.1152,0.0545,0.1472,100,false
1,0.5,6,0.122,0.1463,0.1822,0.0961,0.1278,0.1166,0.0508,0.1582,100,false
1,0.5,7,0.1314,0.1369,0.176,0.0935,0.1273,0.1118,0.0486,0.1745,100,false
1,0.5,8,0.1358,0.1285,0.1683,0.0858,0.1278,0.1147,0.049,0.1901,100,false
1,0.5,9,0.1366,0.1236,0.1499,0.0847,0.1279,0.1226,0.0523,0.2024,100,false
1,0.5,10,0.1326,0.1192,0.1433,0.0822,0.1232,0.1347,0.0555,0.2093,100,false
1,0.5,50,0.1322,0.1372,0.2702,0.0724,0.1133,0.1445,0.012,0.1182,100,false
1,0.5,100,0.087,0.0577,0.1344,0.1092,0.1781,0.2294,0.0116,0.1926,100,false
1,0.5,1000,0,0.2697,0,0.2322,0,0.269,0,0.2291,100,false
1,0.5,5000,0,0.181,0,0.1964,0,0.2873,0,0.3353,100,false
1,0.5,10000,0,0.2008,0,0.2786,0,0.2767,0,0.2439,100,false
1,0.5,20000,0,0.2727,0,0.2534,0,0.1972,0,0.2767,100,false
1,0.5,30000,0,0.2018,0,0.317,0,0.2426,0,0.2386,100,false
1,0.5,40000,0,0.248,0,0.2218,0,0.3479,0,0.1823,100,false
1,0.5,50000,0,0.2439,0,0.22,0,0.253,0,0.2831,100,false
1,0.5,60000,0,0.2355,0,0.1944,0,0.2772,0,0.2929,100,false
1,0.5,70000,0,0.2427,0,0.263,0,0.2442,0,0.2501,100,false
1,0.5,80000,0,0.2767,0,0.2403,0,0.1791,0,0.3039,100,false
1,0.5,90000,0,0.222,0,0.2188,0,0.2673,0,0.2919,100,false
1,0.5,100000,0,0.269,0,0.2685,0,0.2262,0,0.2363,100,false
1,1,0,0.1244,0.1287,0.124,0.1196,0.1297,0.1293,0.1213,0.123,100,false
1,1,1,0.1075,0.1328,0.1503,0.1196,0.1501,0.124,0.0881,0.1276,100,false
1,1,2,0.0962,0.1426,0.1727,0.1205,0.1523,0.1157,0.0683,0.1317,100,false
1,1,3,0.0996,0.1552,0.1841,0.1129,0.1447,0.1105,0.0551,0.1379,100,false
1,1,4,0.1005,0.1656,0.1922,0.1041,0.1351,0.1055,0.0457,0.1513,100,false
1,1,5,0.0978,0.1687,0.1937,0.0995,0.1243,0.1015,0.0427,0.1718,100,false
1,1,6,0.1024,0.1614,0.1982,0.0869,0.1177,0.099,0.0418,0.1926,100,false
1,1,7,0.0997,0.1525,0.1925,0.0759,0.1169,0.1063,0.0402,0.216,100,false
1,1,8,0.0969,0.1459,0.1887,0.0685,0.1152,0.1131,0.0379,0.2338,100,false
1,1,9,0.0957,0.132,0.1834,0.0664,0.1154,0.128,0.0347,0.2444,100,false
1,1,10,0.0874,0.1285,0.1795,0.0638,0.1235,0.1371,0.035,0.2452,100,false
1,1,50,0.1011,0.1253,0.2404,0.0668,0.1488,0.1703,0,0.1473,100,false
1,1,100,0.0703,0.1106,0.2078,0.0356,0.1117,0.2448,0,0.2192,100,false
1,1,1000,0,0.2739,0,0.1682,0,0.2036,0,0.3543,100,false
1,1,5000,0,0.2809,0,0.18,0,0.2863,0,0.2528,100,false
1,1,10000,0,0.2435,0,0.2858,0,0.2344,0,0.2363,100,false
1,1,20000,0,0.3222,0,0.2092,0,0.1981,0,0.2705,100,false
1,1,30000,0,0.2409,0,0.1938,0,0.287,0,0.2783,100,false
1,1,40000,0,0.2289,0,0.1949,0,0.3107,0,0.2655,100,false
1,1,50000,0,0.2876,0,0.277,0,0.1586,0,0.2768,100,false
1,1,60000,0,0.276,0,0.2084,0,0.2486,0,0.267,100,false
1,1,70000,0,0.2171,0,0.2772,0,0.2533,0,0.2524,100,false
1,1,80000,0,0.3038,0,0.2943,0,0.1568,0,0.2451,100,false
1,1,90000,0,0.2212,0,0.2955,0,0.2565,0,0.2268,100,false
1,1,100000,0,0.2095,0,0.2303,0,0.2794,0,0.2808,100,false
0,0,0,0.1221,0.1306,0.1286,0.124,0.1261,0.1252,0.1191,0.1243,100,false
0,0,1,0.1238,0.1298,0.1291,0.1245,0.1247,0.1275,0.1146,0.126,100,false
0,0,2,0.1269,0.1306,0.1291,0.1262,0.1208,0.1271,0.1166,0.1227,100,false
0,0,3,0.1282,0.1291,0.1294,0.1231,0.1209,0.1275,0.1173,0.1245,100,false
0,0,4,0.13,0.1265,0.1303,0.1218,0.1216,0.1279,0.1167,0.1252,100,false
0,0,5,0.1295,0.1255,0.1295,0.1241,0.1223,0.1256,0.1167,0.1268,100,false
0,0,6,0.1279,0.123,0.1319,0.1231,0.1232,0.1266,0.1154,0.1289,100,false
0,0,7,0.123,0.1229,0.1325,0.1227,0.1249,0.1248,0.1163,0.1329,100,false
0,0,8,0.1204,0.1221,0.1333,0.1229,0.1247,0.1247,0.1177,0.1342,100,false
0,0,9,0.1179,0.1221,0.1347,0.1209,0.1262,0.1242,0.1194,0.1346,100,false
0,0,10,0.1187,0.1192,0.1386,0.1204,0.1254,0.1253,0.1202,0.1322,100,false
0,0,50,0.1195,0.1351,0.1173,0.1304,0.1292,0.1192,0.1274,0.1219,100,false
0,0,100,0.1236,0.1411,0.0995,0.14,0.12,0.1186,0.1353,0.1219,100,false
0,0,1000,0.123,0.1782,0.1309,0.0971,0.0961,0.0753,0.101,0.1984,100,false
0,0,5000,0.1146,0.0964,0.0858,0.238,0.0855,0.0959,0.1153,0.1685,100,false
0,0,10000,0.058,0.1829,0.0872,0.1245,0.1092,0.1254,0.1201,0.1927,100,false
0,0,20000,0.1441,0.102,0.1839,0.0975,0.0658,0.1672,0.0592,0.1803,100,false
0,0,30000,0.2069,0.0786,0.0898,0.0853,0.047,0.0831,0.2004,0.2089,100,false
0,0,40000,0.0591,0.7662,0.1226,0.0308,0.0105,0.0039,0.0031,0.0038,100,false
0,0,50000,0,0.9884,0,0.0021,0.0038,0.0036,0.001,0.0011,100,true
0,0,60000,0,0.9884,0,0.0021,0.0038,0.0036,0.001,0.0011,100,true
0,0,70000,0,0.9884,0,0.0021,0.0038,0.0036,0.001,0.0011,100,true
0,0,80000,0,0.9884,0,0.0021,0.0038,0.0036,0.001,0.0011,100,true
0,0,90000,0,0.9884,0,0.0021,0.0038,0.0036,0.001,0.0011,100,true
0,0,100000,0,0.9884,0,0.0021,0.0038,0.0036,0.001,0.0011,100,true
0,0.5,0,0.1252,0.1272,0.1259,0.1203,0.1332,0.1195,0.1243,0.1244,100,false
0,0.5,1,0.111,0.1295,0.1377,0.1203,0.1511,0.1147,0.1108,0.1249,100,false
0,0.5,2,0.0981,0.1322,0.1508,0.1229,0.1653,0.108,0.0984,0.1243,100,false
0,0.5,3,0.0881,0.1425,0.1555,0.1273,0.1699,0.1031,0.0896,0.124,100,false
0,0.5,4,0.0789,0.1543,0.1576,0.1307,0.1725,0.0979,0.0837,0.1244,100,false
0,0.5,5,0.0719,0.1652,0.163,0.1332,0.1722,0.0921,0.077,0.1254,100,false
0,0.5,6,0.0707,0.1773,0.1678,0.1325,0.1706,0.087,0.0705,0.1236,100,false
0,0.5,7,0.0701,0.19,0.1694,0.1324,0.1658,0.0849,0.0627,0.1247,100,false
0,0.5,8,0.0699,0.2017,0.1689,0.131,0.1626,0.0813,0.0592,0.1254,100,false
0,0.5,9,0.0648,0.2179,0.1651,0.1273,0.1632,0.0783,0.055,0.1284,100,false
0,0.5,10,0.0649,0.2289,0.1602,0.1252,0.1604,0.0758,0.052,0.1326,100,false
0,0.5,50,0.0104,0.3386,0.0289,0.1873,0.0948,0.0719,0.0554,0.2127,100,false
0,0.5,100,0.0224,0.3168,0.0178,0.2976,0.0484,0.0983,0.0432,0.1555,100,false
0,0.5,1000,0.004,0.338,0.0044,0.3113,0.0266,0.129,0.0253,0.1614,100,true
0,0.5,5000,0.004,0.338,0.0044,0.3113,0.0266,0.129,0.0253,0.1614,100,true
0,0.5,10000,0.004,0.338,0.0044,0.3113,0.0266,0.129,0.0253,0.1614,100,true
0,0.5,20000,0.004,0.338,0.0044,0.3113,0.0266,0.129,0.0253,0.1614,100,true
0,0.5,30000,0.004,0.338,0.0044,0.3113,0.0266,0.129,0.0253,0.1614,100,true
0,0.5,40000,0.004,0.338,0.0044,0.3113,0.0266,0.129,0.0253,0.1614,100,true
0,0.5,50000,0.004,0.338,0.0044,0.3113,0.0266,0.129,0.0253,0.1614,100,true
0,0.5,60000,0.004,0.338,0.0044,0.3113,0.0266,0.129,0.0253,0.1614,100,true
0,0.5,70000,0.004,0.338,0.0044,0.3113,0.0266,0.129,0.0253,0.1614,100,true
0,0.5,80000,0.004,0.338,0.0044,0.3113,0.0266,0.129,0.0253,0.1614,100,true
0,0.5,90000,0.004,0.338,0.0044,0.3113,0.0266,0.129,0.0253,0.1614,100,true
0,0.5,100000,0.004,0.338,0.0044,0.3113,0.0266,0.129,0.0253,0.1614,100,true
0,1,0,0.124,0.1244,0.1262,0.129,0.1187,0.1292,0.1235,0.125,100,false
0,1,1,0.0998,0.1295,0.1553,0.1263,0.1466,0.1258,0.0957,0.121,100,false
0,1,2,0.0818,0.1424,0.167,0.1286,0.1624,0.1149,0.0772,0.1257,100,false
0,1,3,0.0692,0.1592,0.1754,0.1322,0.1663,0.1054,0.0631,0.1292,100,false
0,1,4,0.0611,0.1794,0.1726,0.1394,0.1628,0.0971,0.056,0.1316,100,false
0,1,5,0.056,0.1952,0.1757,0.1382,0.1625,0.0903,0.051,0.1311,100,false
0,1,6,0.0523,0.2145,0.1768,0.133,0.1639,0.0831,0.0455,0.1309,100,false
0,1,7,0.0495,0.2346,0.1727,0.1271,0.1645,0.0771,0.0392,0.1353,100,false
0,1,8,0.0501,0.2536,0.1636,0.1236,0.1622,0.0733,0.0367,0.1369,100,false
0,1,9,0.049,0.2716,0.1524,0.121,0.1612,0.0704,0.0337,0.1407,100,false
0,1,10,0.0463,0.2926,0.137,0.1187,0.1617,0.067,0.032,0.1447,100,false
0,1,50,0.0057,0.4371,0.0108,0.1682,0.0709,0.0713,0.0205,0.2155,100,false
0,1,100,0.0013,0.449,0.0056,0.1715,0.0679,0.077,0.0171,0.2106,100,true
0,1,1000,0.0013,0.449,0.0056,0.1715,0.0679,0.077,0.0171,0.2106,100,true
0,1,5000,0.0013,0.449,0.0056,0.1715,0.0679,0.077,0.0171,0.2106,100,true
0,1,10000,0.0013,0.449,0.0056,0.1715,0.0679,0.077,0.0171,0.2106,100,true
0,1,20000,0.0013,0.449,0.0056,0.1715,0.0679,0.077,0.0171,0.2106,100,true
0,1,30000,0.0013,0.449,0.0056,0.1715,0.0679,0.077,0.0171,0.2106,100,true
0,1,40000,0.0013,0.449,0.0056,0.1715,0.0679,0.077,0.0171,0.2106,100,true
0,1,50000,0.0013,0.449,0.0056,0.1715,0.0679,0.077,0.0171,0.2106,100,true
0,1,60000,0.0013,0.449,0.0056,0.1715,0.0679,0.077,0.0171,0.2106,100,true
0,1,70000,0.0013,0.449,0.0056,0.1715,0.0679,0.077,0.0171,0.2106,100,true
0,1,80000,0.0013,0.449,0.0056,0.1715,0.0679,0.077,0.0171,0.2106,100,true
0,1,90000,0.0013,0.449,0.0056,0.1715,0.0679,0.077,0.0171,0.2106,100,true
0,1,100000,0.0013,0.449,0.0056,0.1715,0.0679,0.077,0.0171,0.2106,100,true
0.5,0,0,0.1281,0.1227,0.1243,0.1264,0.1273,0.1252,0.1199,0.1261,100,false
0.5,0,1,0.1312,0.1167,0.1289,0.1298,0.1202,0.1246,0.1211,0.1275,100,false
0.5,0,2,0.1312,0.1179,0.1324,0.1234,0.1217,0.1281,0.122,0.1233,100,false
0.5,0,3,0.1316,0.1224,0.1312,0.1198,0.1266,0.127,0.1208,0.1206,100,false
0.5,0,4,0.1339,0.1237,0.1269,0.1242,0.1272,0.1236,0.1187,0.1218,100,false
0.5,0,5,0.1314,0.1276,0.1235,0.1281,0.1234,0.1272,0.1164,0.1224,100,false
0.5,0,6,0.1318,0.128,0.1223,0.1245,0.1225,0.1304,0.1128,0.1277,100,false
0.5,0,7,0.1326,0.1247,0.1218,0.124,0.1236,0.1297,0.1137,0.1299,100,false
0.5,0,8,0.1317,0.1267,0.1208,0.1221,0.1232,0.1339,0.113,0.1286,100,false
0.5,0,9,0.1323,0.1213,0.1243,0.1243,0.1225,0.1317,0.1122,0.1314,100,false
0.5,0,10,0.1315,0.1187,0.1295,0.1198,0.1241,0.129,0.1114,0.136,100,false
0.5,0,50,0.1484,0.1066,0.1041,0.0971,0.1975,0.1397,0.1067,0.0999,100,false
0.5,0,100,0.0599,0.1123,0.2784,0.1795,0.0928,0.0976,0.0739,0.1056,100,false
0.5,0,1000,0.2602,0.0497,0.1402,0.0307,0.1048,0.0633,0.2789,0.0722,100,false
0.5,0,5000,0.1834,0,0.2212,0,0.2593,0,0.3361,0,100,false
0.5,0,10000,0.2174,0,0.2094,0,0.2747,0,0.2985,0,100,false
0.5,0,20000,0.2812,0,0.252,0,0.2343,0,0.2325,0,100,false
0.5,0,30000,0.1813,0,0.2956,0,0.2229,0,0.3002,0,100,false
0.5,0,40000,0.2134,0,0.2915,0,0.2601,0,0.235,0,100,false
0.5,0,50000,0.2508,0,0.3251,0,0.265,0,0.1591,0,100,false
0.5,0,60000,0.222,0,0.2618,0,0.2368,0,0.2794,0,100,false
0.5,0,70000,0.2468,0,0.2371,0,0.256,0,0.2601,0,100,false
0.5,0,80000,0.3152,0,0.2444,0,0.2416,0,0.1988,0,100,false
0.5,0,90000,0.3393,0,0.2148,0,0.2024,0,0.2435,0,100,false
0.5,0,100000,0.2559,0,0.2505,0,0.2537,0,0.2399,0,100,false
0.5,0.5,0,0.1193,0.125,0.1289,0.1227,0.1293,0.1312,0.1205,0.1231,100,false
0.5,0.5,1,0.1111,0.1293,0.143,0.1231,0.1407,0.1319,0.1017,0.1192,100,false
0.5,0.5,2,0.1076,0.1359,0.1564,0.1211,0.1465,0.1249,0.0872,0.1204,100,false
0.5,0.5,3,0.1032,0.1446,0.1663,0.1194,0.1471,0.1189,0.0775,0.123,100,false
0.5,0.5,4,0.1011,0.1573,0.1757,0.1135,0.1434,0.1141,0.0658,0.1291,100,false
0.5,0.5,5,0.098,0.1656,0.1787,0.1075,0.1413,0.1072,0.0566,0.1451,100,false
0.5,0.5,6,0.0991,0.1749,0.1755,0.1001,0.1392,0.1019,0.0547,0.1546,100,false
0.5,0.5,7,0.0982,0.177,0.1765,0.0937,0.1394,0.0955,0.0514,0.1683,100,false
0.5,0.5,8,0.0993,0.1805,0.176,0.0836,0.1355,0.0979,0.0504,0.1768,100,false
0.5,0.5,9,0.0986,0.1856,0.168,0.0764,0.1349,0.094,0.0507,0.1918,100,false
0.5,0.5,10,0.0983,0.1891,0.1564,0.076,0.1277,0.0998,0.052,0.2007,100,false
0.5,0.5,50,0.0126,0.1197,0.1385,0.0555,0.1873,0.0988,0.0622,0.3254,100,false
0.5,0.5,100,0,0.1452,0.0785,0.0884,0.2473,0.0854,0.104,0.2512,100,false
0.5,0.5,1000,0,0.1907,0,0.2829,0,0.274,0,0.2524,100,false
0.5,0.5,5000,0,0.2178,0,0.3134,0,0.2322,0,0.2366,100,false
0.5,0.5,10000,0,0.2147,0,0.2355,0,0.3046,0,0.2452,100,false
0.5,0.5,20000,0,0.2702,0,0.2439,0,0.2374,0,0.2485,100,false
0.5,0.5,30000,0,0.1955,0,0.2455,0,0.2626,0,0.2964,100,false
0.5,0.5,40000,0,0.3053,0,0.2319,0,0.2227,0,0.2401,100,false
0.5,0.5,50000,0,0.2862,0,0.2675,0,0.1798,0,0.2665,100,false
0.5,0.5,60000,0,0.2719,0,0.2906,0,0.2204,0,0.2171,100,false
0.5,0.5,70000,0,0.2792,0,0.2235,0,0.2095,0,0.2878,100,false
0.5,0.5,80000,0,0.2763,0,0.2803,0,0.2557,0,0.1877,100,false
0.5,0.5,90000,0,0.2553,0,0.3052,0,0.2516,0,0.1879,100,false
0.5,0.5,100000,0,0.3017,0,0.202,0,0.2926,0,0.2037,100,false
0.5,1,0,0.1245,0.1242,0.1302,0.1214,0.1247,0.1268,0.1243,0.1239,100,false
0.5,1,1,0.0992,0.131,0.1606,0.1205,0.1456,0.1229,0.0962,0.124,100,false
0.5,1,2,0.09,0.1479,0.1768,0.1192,0.1534,0.1144,0.07,0.1283,100,false
0.5,1,3,0.0821,0.164,0.1898,0.1195,0.1502,0.1064,0.0545,0.1335,100,false
0.5,1,4,0.0825,0.1795,0.1949,0.111,0.1423,0.1022,0.0438,0.1438,100,false
0.5,1,5,0.0809,0.197,0.1879,0.1055,0.1402,0.095,0.0376,0.1559,100,false
0.5,1,6,0.0802,0.2131,0.1796,0.0949,0.1357,0.0936,0.0327,0.1702,100,false
0.5,1,7,0.0765,0.221,0.1752,0.0844,0.1346,0.0924,0.0284,0.1875,100,false
0.5,1,8,0.0724,0.2205,0.1668,0.0773,0.1354,0.0905,0.0277,0.2094,100,false
0.5,1,9,0.0737,0.2156,0.1592,0.072,0.1322,0.0896,0.0265,0.2312,100,false
0.5,1,10,0.0678,0.2136,0.1407,0.065,0.1366,0.0914,0.0276,0.2573,100,false
0.5,1,50,0,0.1691,0.1271,0.0352,0.1158,0.0965,0.0421,0.4142,100,false
0.5,1,100,0,0.1832,0.0946,0.0552,0.097,0.1098,0.0267,0.4335,100,false
0.5,1,1000,0,0.2413,0,0.2936,0,0.2418,0.0024,0.2209,100,false
0.5,1,5000,0,0.2861,0,0.257,0,0.175,0,0.2819,100,false
0.5,1,10000,0,0.2522,0,0.2426,0,0.2339,0,0.2713,100,false
0.5,1,20000,0,0.1646,0,0.2447,0,0.278,0,0.3127,100,false
0.5,1,30000,0,0.2092,0,0.211,0,0.3335,0,0.2463,100,false
0.5,1,40000,0,0.2182,0,0.2522,0,0.2864,0,0.2432,100,false
0.5,1,50000,0,0.2104,0,0.2876,0,0.2387,0,0.2633,100,false
0.5,1,60000,0,0.2285,0,0.2238,0,0.2775,0,0.2702,100,false
0.5,1,70000,0,0.1971,0,0.2755,0,0.297,0,0.2304,100,false
0.5,1,80000,0,0.2581,0,0.2499,0,0.2257,0,0.2663,100,false
0.5,1,90000,0,0.2062,0,0.2781,0,0.261,0,0.2547,100,false
0.5,1,100000,0,0.2175,0,0.2921,0,0.2759,0,0.2145,100,false
1,0,0,0.1307,0.1274,0.1246,0.1215,0.1213,0.1288,0.1226,0.1231,100,false
1,0,1,0.1297,0.1286,0.1219,0.1203,0.1188,0.1281,0.1298,0.1228,100,false
1,0,2,0.123,0.1313,0.1154,0.12,0.1251,0.1318,0.1306,0.1228,100,false
1,0,3,0.1204,0.1294,0.1097,0.1259,0.1336,0.1271,0.1329,0.121,100,false
1,0,4,0.1116,0.1278,0.1083,0.1295,0.1372,0.1305,0.1362,0.1189,100,false
1,0,5,0.111,0.1285,0.1117,0.1332,0.1387,0.13,0.1294,0.1175,100,false
1,0,6,0.1114,0.1339,0.1127,0.135,0.1404,0.13,0.1187,0.1179,100,false
1,0,7,0.1186,0.133,0.1169,0.1408,0.1336,0.1301,0.1101,0.1169,100,false
1,0,8,0.1238,0.1356,0.1192,0.1412,0.1235,0.131,0.1126,0.1131,100,false
1,0,9,0.1277,0.1347,0.1192,0.1459,0.1191,0.1262,0.1119,0.1153,100,false
1,0,10,0.1264,0.1354,0.1206,0.1461,0.1167,0.1196,0.1125,0.1227,100,false
1,0,50,0.1152,0.1232,0.1103,0.1217,0.1643,0.1217,0.1217,0.1219,100,false
1,0,100,0.1234,0.1386,0.115,0.0752,0.1402,0.1365,0.175,0.0961,100,false
1,0,1000,0.1889,0,0.2633,0,0.2529,0,0.2949,0,100,false
1,0,5000,0.2585,0,0.2859,0,0.2342,0,0.2214,0,100,false
1,0,10000,0.2889,0,0.2955,0,0.2488,0,0.1668,0,100,false
1,0,20000,0.1929,0,0.2195,0,0.2918,0,0.2958,0,100,false
1,0,30000,0.3528,0,0.2787,0,0.179,0,0.1895,0,100,false
1,0,40000,0.2471,0,0.2767,0,0.25,0,0.2262,0,100,false
1,0,50000,0.2034,0,0.2139,0,0.2742,0,0.3085,0,100,false
1,0,60000,0.2366,0,0.2084,0,0.2254,0,0.3296,0,100,false
1,0,70000,0.2046,0,0.2939,0,0.2878,0,0.2137,0,100,false
1,0,80000,0.2823,0,0.2235,0,0.246,0,0.2482,0,100,false
1,0,90000,0.2812,0,0.2199,0,0.204,0,0.2949,0,100,false
1,0,100000,0.2174,0,0.204,0,0.2753,0,0.3033,0,100,false
1,0.5,0,0.1242,0.1307,0.1244,0.1188,0.1314,0.1248,0.118,0.1277,100,false
1,0.5,1,0.1165,0.1361,0.134,0.1185,0.1409,0.121,0.1004,0.1326,100,false
1,0.5,2,0.1138,0.1413,0.1352,0.1211,0.1442,0.1156,0.0907,0.1381,100,false
1,0.5,3,0.1032,0.1408,0.1481,0.1183,0.1444,0.1144,0.0861,0.1447,100,false
1,0.5,4,0.1059,0.1375,0.1518,0.119,0.1432,0.1121,0.0801,0.1504,100,false
1,0.5,5,0.1044,0.14,0.1541,0.1205,0.1416,0.1111,0.0726,0.1557,100,false
1,0.5,6,0.1027,0.1455,0.1549,0.1156,0.1378,0.1125,0.0702,0.1608,100,false
1,0.5,7,0.0998,0.1445,0.1641,0.1096,0.1309,0.1146,0.068,0.1685,100,false
1,0.5,8,0.0992,0.1393,0.1725,0.1017,0.1274,0.1161,0.0663,0.1775,100,false
1,0.5,9,0.1006,0.1405,0.1767,0.093,0.1233,0.1182,0.0656,0.1821,100,false
1,0.5,10,0.1005,0.1384,0.178,0.0882,0.1183,0.1228,0.069,0.1848,100,false
1,0.5,50,0.0657,0.1609,0.14,0.0733,0.122,0.2535,0.0119,0.1727,100,false
1,0.5,100,0.0806,0.1584,0.1771,0.088,0.0833,0.1951,0,0.2175,100,false
1,0.5,1000,0,0.3174,0,0.2069,0,0.1911,0,0.2846,100,false
1,0.5,5000,0,0.2564,0,0.2873,0,0.2166,0,0.2397,100,false
1,0.5,10000,0,0.2836,0,0.2205,0,0.2606,0,0.2353,100,false
1,0.5,20000,0,0.302,0,0.2591,0,0.1476,0,0.2913,100,false
1,0.5,30000,0,0.276,0,0.1923,0,0.2331,0,0.2986,100,false
1,0.5,40000,0,0.2187,0,0.3028,0,0.2092,0,0.2693,100,false
1,0.5,50000,0,0.2123,0,0.2396,0,0.2698,0,0.2783,100,false
1,0.5,60000,0,0.2219,0,0.2189,0,0.2901,0,0.2691,100,false
1,0.5,70000,0,0.2599,0,0.2348,0,0.2601,0,0.2452,100,false
1,0.5,80000,0,0.2447,0,0.2806,0,0.2093,0,0.2654,100,false
1,0.5,90000,0,0.3502,0,0.2089,0,0.2525,0,0.1884,100,false
1,0.5,100000,0,0.2847,0,0.2689,0,0.1994,0,0.247,100,false
1,1,0,0.1267,0.122,0.1272,0.1304,0.1221,0.1232,0.127,0.1214,100,false
1,1,1,0.1073,0.1329,0.1554,0.127,0.1361,0.1231,0.1005,0.1177,100,false
1,1,2,0.1038,0.144,0.1698,0.1232,0.1367,0.1168,0.0765,0.1292,100,false
1,1,3,0.1024,0.1555,0.1792,0.1157,0.1359,0.114,0.0604,0.1369,100,false
1,1,4,0.1093,0.1601,0.1778,0.1074,0.136,0.1085,0.0491,0.1518,100,false
1,1,5,0.1144,0.1631,0.1775,0.1047,0.1353,0.1,0.0342,0.1708,100,false
1,1,6,0.1105,0.1646,0.1735,0.097,0.1319,0.0985,0.032,0.192,100,false
1,1,7,0.1019,0.1599,0.1689,0.0893,0.1303,0.1027,0.0323,0.2147,100,false
1,1,8,0.0929,0.1562,0.1669,0.0822,0.1289,0.1068,0.0293,0.2368,100,false
1,1,9,0.08,0.1475,0.1721,0.0734,0.1277,0.114,0.0295,0.2558,100,false
1,1,10,0.0728,0.1429,0.1673,0.0702,0.1287,0.1201,0.0262,0.2718,100,false
1,1,50,0.0612,0.1711,0.2454,0.0909,0.1096,0.1621,0,0.1597,100,false
1,1,100,0.0598,0.0632,0.3039,0.0545,0.183,0.2176,0,0.118,100,false
1,1,1000,0.1824,0,0.3292,0,0.1973,0.1415,0,0.1496,100,false
1,1,5000,0.1966,0,0.3609,0,0.178,0.1492,0,0.1153,100,false
1,1,10000,0.1958,0,0.3675,0,0.1637,0.1309,0,0.1421,100,false
1,1,20000,0.2057,0,0.3764,0,0.1778,0.1362,0,0.1039,100,false
1,1,30000,0.1497,0,0.3383,0,0.159,0.1806,0,0.1724,100,false
1,1,40000,0.1587,0,0.3142,0,0.1355,0.2072,0,0.1844,100,false
1,1,50000,0.177,0,0.3104,0,0.17,0.1193,0,0.2233,100,false
1,1,60000,0.2129,0,0.3024,0,0.2022,0.1425,0,0.14,100,false
1,1,70000,0.1538,0,0.2919,0,0.1861,0.177,0,0.1912,100,false
1,1,80000,0.1293,0,0.3956,0,0.1549,0.1944,0,0.1258,100,false
1,1,90000,0.2118,0,0.2956,0,0.1839,0.1496,0,0.1591,100,false
1,1,100000,0.1772,0,0.2684,0,0.1702,0.2272,0,0.157,100,false
0,0,0,0.1282,0.1237,0.1273,0.1223,0.1241,0.1249,0.1261,0.1234,100,false
0,0,1,0.1296,0.1211,0.13,0.1201,0.1246,0.1265,0.1241,0.124,100,false
0,0,2,0.129,0.1198,0.1305,0.1198,0.1259,0.1271,0.1207,0.1272,100,false
0,0,3,0.1282,0.1174,0.1319,0.1228,0.1276,0.1232,0.1198,0.1291,100,false
0,0,4,0.1298,0.1155,0.135,0.1232,0.1279,0.1187,0.1211,0.1288,100,false
0,0,5,0.1266,0.1171,0.137,0.1222,0.1282,0.1158,0.1229,0.1302,100,false
0,0,6,0.1262,0.1182,0.1387,0.1202,0.1266,0.113,0.1245,0.1326,100,false
0,0,7,0.1267,0.1189,0.141,0.1175,0.1263,0.1114,0.1255,0.1327,100,false
0,0,8,0.1268,0.1199,0.1398,0.1152,0.1271,0.1105,0.1281,0.1326,100,false
0,0,9,0.1241,0.1215,0.1409,0.1137,0.1275,0.1086,0.1302,0.1335,100,false
0,0,10,0.1251,0.1222,0.1389,0.1121,0.1276,0.1082,0.1337,0.1322,100,false
0,0,50,0.1341,0.1208,0.1502,0.1024,0.1377,0.0952,0.1496,0.11,100,false
0,0,100,0.1788,0.1009,0.1416,0.0967,0.1603,0.0699,0.163,0.0888,100,false
0,0,1000,0.2293,0.153,0.1057,0.0666,0.0264,0.0646,0.1021,0.2523,100,false
0,0,5000,0.1963,0.1875,0.1029,0.0799,0.045,0.098,0.1185,0.1719,100,false
0,0,10000,0.1928,0.0602,0.1595,0.1917,0.1664,0.0957,0.0541,0.0796,100,false
0,0,20000,0.1434,0.2105,0.0512,0.1257,0.1508,0.1638,0.0479,0.1067,100,false
0,0,30000,0.0786,0.1372,0.0659,0.1292,0.1326,0.1477,0.0753,0.2335,100,false
0,0,40000,0.0526,0.0569,0.1016,0.1412,0.1287,0.2069,0.2189,0.0932,100,false
0,0,50000,0.9865,0,0.0041,0.0021,0.0017,0.0001,0.0055,0,100,true
0,0,60000,0.9865,0,0.0041,0.0021,0.0017,0.0001,0.0055,0,100,true
0,0,70000,0.9865,0,0.0041,0.0021,0.0017,0.0001,0.0055,0,100,true
0,0,80000,0.9865,0,0.0041,0.0021,0.0017,0.0001,0.0055,0,100,true
0,0,90000,0.9865,0,0.0041,0.0021,0.0017,0.0001,0.0055,0,100,true
0,0,100000,0.9865,0,0.0041,0.0021,0.0017,0.0001,0.0055,0,100,true
0,0.5,0,0.1304,0.1243,0.1253,0.1241,0.1192,0.1253,0.1262,0.1252,100,false
0,0.5,1,0.1152,0.1298,0.1397,0.1233,0.1324,0.1245,0.1111,0.124,100,false
0,0.5,2,0.108,0.1313,0.1527,0.1216,0.1448,0.121,0.099,0.1216,100,false
0,0.5,3,0.0994,0.1411,0.1558,0.125,0.1534,0.1123,0.0899,0.1231,100,false
0,0.5,4,0.0906,0.1479,0.161,0.1266,0.1646,0.1037,0.0838,0.1218,100,false
0,0.5,5,0.0821,0.1622,0.1643,0.1295,0.1631,0.0997,0.0747,0.1244,100,false
0,0.5,6,0.0825,0.1724,0.1656,0.1284,0.1609,0.0945,0.0702,0.1255,100,false
0,0.5,7,0.0777,0.1841,0.1667,0.1291,0.1587,0.0898,0.0647,0.1292,100,false
0,0.5,8,0.0753,0.1933,0.1694,0.1266,0.1577,0.0864,0.0605,0.1308,100,false
0,0.5,9,0.0752,0.2016,0.1708,0.1234,0.1552,0.0826,0.0566,0.1346,100,false
0,0.5,10,0.0714,0.2128,0.1682,0.1216,0.1548,0.0798,0.0532,0.1382,100,false
0,0.5,50,0.0098,0.3515,0.0354,0.1351,0.1164,0.0875,0.047,0.2173,100,false
0,0.5,100,0.0062,0.4168,0.0224,0.1829,0.0695,0.0769,0.0286,0.1967,100,false
0,0.5,1000,0.0041,0.3999,0.0044,0.2351,0.049,0.1038,0.0216,0.1821,100,true
0,0.5,5000,0.0041,0.3999,0.0044,0.2351,0.049,0.1038,0.0216,0.1821,100,true
0,0.5,10000,0.0041,0.3999,0.0044,0.2351,0.049,0.1038,0.0216,0.1821,100,true
0,0.5,20000,0.0041,0.3999,0.0044,0.2351,0.049,0.1038,0.0216,0.1821,100,true
0,0.5,30000,0.0041,0.3999,0.0044,0.2351,0.049,0.1038,0.0216,0.1821,100,true
0,0.5,40000,0.0041,0.3999,0.0044,0.2351,0.049,0.1038,0.0216,0.1821,100,true
0,0.5,50000,0.0041,0.3999,0.0044,0.2351,0.049,0.1038,0.0216,0.1821,100,true
0,0.5,60000,0.0041,0.3999,0.0044,0.2351,0.049,0.1038,0.0216,0.1821,100,true
0,0.5,70000,0.0041,0.3999,0.0044,0.2351,0.049,0.1038,0.0216,0.1821,100,true
0,0.5,80000,0.0041,0.3999,0.0044,0.2351,0.049,0.1038,0.0216,0.1821,100,true
0,0.5,90000,0.0041,0.3999,0.0044,0.2351,0.049,0.1038,0.0216,0.1821,100,true
0,0.5,100000,0.0041,0.3999,0.0044,0.2351,0.049,0.1038,0.0216,0.1821,100,true
0,1,0,0.1299,0.1294,0.1208,0.1229,0.1222,0.1229,0.1247,0.1272,100,false
0,1,1,0.1052,0.1321,0.1472,0.119,0.1518,0.115,0.1038,0.1259,100,false
0,1,2,0.0825,0.142,0.1612,0.1224,0.1699,0.1053,0.0883,0.1284,100,false
0,1,3,0.0703,0.1572,0.1651,0.127,0.1754,0.1016,0.0753,0.1281,100,false
0,1,4,0.0621,0.1726,0.1681,0.1293,0.1783,0.0971,0.0654,0.1271,100,false
0,1,5,0.0583,0.193,0.167,0.1337,0.1724,0.093,0.0555,0.1271,100,false
0,1,6,0.0531,0.2133,0.1623,0.136,0.1687,0.0894,0.0477,0.1295,100,false
0,1,7,0.0489,0.2366,0.1511,0.1385,0.1665,0.0849,0.0424,0.1311,100,false
0,1,8,0.0455,0.2572,0.1418,0.1367,0.1666,0.0794,0.0375,0.1353,100,false
0,1,9,0.0429,0.2769,0.131,0.1368,0.1637,0.0746,0.0349,0.1392,100,false
0,1,10,0.0411,0.2951,0.1203,0.1346,0.1619,0.0703,0.0333,0.1434,100,false
0,1,50,0.0013,0.4119,0.0064,0.1995,0.0892,0.0588,0.0217,0.2112,100,false
0,1,100,0.0013,0.4123,0.006,0.2092,0.0832,0.0559,0.021,0.2111,100,true
0,1,1000,0.0013,0.4123,0.006,0.2092,0.0832,0.0559,0.021,0.2111,100,true
0,1,5000,0.0013,0.4123,0.006,0.2092,0.0832,0.0559,0.021,0.2111,100,true
0,1,10000,0.0013,0.4123,0.006,0.2092,0.0832,0.0559,0.021,0.2111,100,true
0,1,20000,0.0013,0.4123,0.006,0.2092,0.0832,0.0559,0.021,0.2111,100,true
0,1,30000,0.0013,0.4123,0.006,0.2092,0.0832,0.0559,0.021,0.2111,100,true
0,1,40000,0.0013,0.4123,0.006,0.2092,0.0832,0.0559,0.021,0.2111,100,true
0,1,50000,0.0013,0.4123,0.006,0.2092,0.0832,0.0559,0.021,0.2111,100,true
0,1,60000,0.0013,0.4123,0.006,0.2092,0.0832,0.0559,0.021,0.2111,100,true
0,1,70000,0.0013,0.4123,0.006,0.2092,0.0832,0.0559,0.021,0.2111,100,true
0,1,80000,0.0013,0.4123,0.006,0.2092,0.0832,0.0559,0.021,0.2111,100,true
0,1,90000,0.0013,0.4123,0.006,0.2092,0.0832,0.0559,0.021,0.2111,100,true
0,1,100000,0.0013,0.4123,0.006,0.2092,0.0832,0.0559,0.021,0.2111,100,true
0.5,0,0,0.1201,0.1214,0.1244,0.1238,0.1294,0.1265,0.1251,0.1293,100,false
0.5,0,1,0.1142,0.1243,0.127,0.1242,0.1299,0.1263,0.1215,0.1326,100,false
0.5,0,2,0.1111,0.1255,0.131,0.129,0.1278,0.1241,0.1207,0.1308,100,false
0.5,0,3,0.113,0.1243,0.1339,0.1289,0.1264,0.1214,0.1211,0.131,100,false
0.5,0,4,0.1173,0.1221,0.1322,0.1336,0.1265,0.1168,0.1169,0.1346,100,false
0.5,0,5,0.1149,0.126,0.1357,0.1287,0.1219,0.1197,0.1173,0.1358,100,false
0.5,0,6,0.1214,0.1231,0.1372,0.1293,0.1136,0.1242,0.1187,0.1325,100,false
0.5,0,7,0.1238,0.1287,0.1356,0.1234,0.1163,0.1257,0.1196,0.1269,100,false
0.5,0,8,0.1247,0.1323,0.1339,0.1185,0.1189,0.128,0.1194,0.1243,100,false
0.5,0,9,0.1271,0.1344,0.1317,0.1146,0.12,0.1257,0.1248,0.1217,100,false
0.5,0,10,0.1291,0.1327,0.1279,0.1122,0.1255,0.1257,0.1245,0.1224,100,false
0.5,0,50,0.1116,0.1355,0.1171,0.1189,0.1232,0.1017,0.1608,0.1312,100,false
0.5,0,100,0.1825,0.1156,0.0923,0.1461,0.081,0.0872,0.1125,0.1828,100,false
0.5,0,1000,0,0.4433,0,0.1583,0.0749,0.1091,0.0435,0.1709,100,false
0.5,0,5000,0,0.2044,0,0.2636,0,0.3306,0,0.2014,100,false
0.5,0,10000,0,0.1869,0,0.3171,0,0.2698,0,0.2262,100,false
0.5,0,20000,0,0.1695,0,0.1965,0,0.3358,0,0.2982,100,false
0.5,0,30000,0,0.2723,0,0.2591,0,0.1606,0,0.308,100,false
0.5,0,40000,0,0.2503,0,0.1748,0,0.3199,0,0.255,100,false
0.5,0,50000,0,0.2754,0,0.2659,0,0.2244,0,0.2343,100,false
0.5,0,60000,0,0.2919,0,0.2202,0,0.2632,0,0.2247,100,false
0.5,0,70000,0,0.2946,0,0.2132,0,0.2529,0,0.2393,100,false
0.5,0,80000,0,0.2791,0,0.2317,0,0.2334,0,0.2558,100,false
0.5,0,90000,0,0.319,0,0.1563,0,0.2697,0,0.255,100,false
0.5,0,100000,0,0.2268,0,0.2612,0,0.2281,0,0.2839,100,false
0.5,0.5,0,0.1212,0.13,0.121,0.1199,0.1254,0.1257,0.1289,0.1279,100,false
0.5,0.5,1,0.1112,0.1309,0.1388,0.1171,0.1358,0.1283,0.1132,0.1247,100,false
0.5,0.5,2,0.1039,0.1386,0.1489,0.1194,0.1449,0.1223,0.0958,0.1262,100,false
0.5,0.5,3,0.1,0.146,0.1607,0.1103,0.1542,0.1173,0.0815,0.13,100,false
0.5,0.5,4,0.0991,0.1539,0.1618,0.1088,0.1603,0.1123,0.0706,0.1332,100,false
0.5,0.5,5,0.0982,0.1636,0.1627,0.1058,0.1601,0.1083,0.0652,0.1361,100,false
0.5,0.5,6,0.0998,0.1713,0.1598,0.1023,0.1622,0.1033,0.0577,0.1436,100,false
0.5,0.5,7,0.1012,0.1809,0.1501,0.1049,0.1564,0.1008,0.0531,0.1526,100,false
0.5,0.5,8,0.1001,0.188,0.1507,0.0997,0.1519,0.0993,0.0515,0.1588,100,false
0.5,0.5,9,0.0972,0.1872,0.1504,0.0989,0.15,0.1002,0.0467,0.1694,100,false
0.5,0.5,10,0.0921,0.1939,0.1448,0.0936,0.1484,0.0998,0.0454,0.182,100,false
0.5,0.5,50,0.0183,0.2101,0.088,0.0642,0.106,0.1729,0.0855,0.255,100,false
0.5,0.5,100,0.0096,0.1902,0.0186,0.1335,0.2039,0.0856,0.1092,0.2494,100,false
0.5,0.5,1000,0.0853,0.1599,0.1129,0.0449,0.206,0,0.1784,0.2126,100,false
0.5,0.5,5000,0,0.2118,0.0722,0,0.4434,0,0.0617,0.2109,100,false
0.5,0.5,10000,0,0.0059,0.0221,0,0.1861,0,0,0.7859,100,true
0.5,0.5,20000,0,0.0059,0.0221,0,0.1861,0,0,0.7859,100,true
0.5,0.5,30000,0,0.0059,0.0221,0,0.1861,0,0,0.7859,100,true
0.5,0.5,40000,0,0.0059,0.0221,0,0.1861,0,0,0.7859,100,true
0.5,0.5,50000,0,0.0059,0.0221,0,0.1861,0,0,0.7859,100,true
0.5,0.5,60000,0,0.0059,0.0221,0,0.1861,0,0,0.7859,100,true
0.5,0.5,70000,0,0.0059,0.0221,0,0.1861,0,0,0.7859,100,true
0.5,0.5,80000,0,0.0059,0.0221,0,0.1861,0,0,0.7859,100,true
0.5,0.5,90000,0,0.0059,0.0221,0,0.1861,0,0,0.7859,100,true
0.5,0.5,100000,0,0.0059,0.0221,0,0.1861,0,0,0.7859,100,true
0.5,1,0,0.1229,0.1248,0.1231,0.1227,0.1312,0.1242,0.1228,0.1283,100,false
0.5,1,1,0.1,0.1311,0.1475,0.1201,0.1508,0.1202,0.0995,0.1308,100,false
0.5,1,2,0.0875,0.1418,0.1692,0.1174,0.1607,0.1166,0.0775,0.1293,100,false
0.5,1,3,0.0812,0.1549,0.1807,0.116,0.1639,0.1101,0.0567,0.1365,100,false
0.5,1,4,0.0758,0.171,0.1881,0.114,0.1606,0.1001,0.0469,0.1435,100,false
0.5,1,5,0.0762,0.1837,0.1884,0.1094,0.159,0.0901,0.0408,0.1524,100,false
0.5,1,6,0.0769,0.1964,0.1821,0.1019,0.1556,0.0822,0.0362,0.1687,100,false
0.5,1,7,0.072,0.2127,0.1797,0.0908,0.1487,0.075,0.0338,0.1873,100,false
0.5,1,8,0.0675,0.2225,0.1682,0.0818,0.142,0.0741,0.0307,0.2132,100,false
0.5,1,9,0.0603,0.2291,0.1527,0.0786,0.1404,0.0715,0.0304,0.237,100,false
0.5,1,10,0.0528,0.2246,0.1377,0.0763,0.1422,0.0716,0.0306,0.2642,100,false
0.5,1,50,0,0.189,0.0819,0.0643,0.1213,0.0811,0.0487,0.4137,100,false
0.5,1,100,0,0.2054,0.0633,0.095,0.1437,0.1279,0.078,0.2867,100,false
0.5,1,1000,0,0.2241,0,0.2555,0,0.2727,0,0.2477,100,false
0.5,1,5000,0,0.2668,0,0.1954,0,0.2116,0,0.3262,100,false
0.5,1,10000,0,0.2072,0,0.1956,0,0.3018,0,0.2954,100,false
0.5,1,20000,0,0.2036,0,0.2978,0,0.2414,0,0.2572,100,false
0.5,1,30000,0,0.2284,0,0.1854,0,0.3572,0,0.229,100,false
0.5,1,40000,0,0.1835,0,0.3596,0,0.2651,0,0.1918,100,false
0.5,1,50000,0,0.2051,0,0.3042,0,0.275,0,0.2157,100,false
0.5,1,60000,0,0.2169,0,0.2741,0,0.2693,0,0.2397,100,false
0.5,1,70000,0,0.3063,0,0.2474,0,0.2211,0,0.2252,100,false
0.5,1,80000,0,0.3027,0,0.2528,0,0.166,0,0.2785,100,false
0.5,1,90000,0,0.2469,0,0.2524,0,0.24,0,0.2607,100,false
0.5,1,100000,0,0.2538,0,0.2491,0,0.2461,0,0.251,100,false
1,0,0,0.1273,0.1309,0.1206,0.1196,0.1231,0.1275,0.129,0.122,100,false
1,0,1,0.1232,0.1339,0.1219,0.113,0.1274,0.133,0.1245,0.1231,100,false
1,0,2,0.1283,0.1304,0.123,0.1128,0.1282,0.1345,0.1243,0.1185,100,false
1,0,3,0.1284,0.1336,0.1167,0.1169,0.1334,0.1299,0.1213,0.1198,100,false
1,0,4,0.1263,0.1394,0.1158,0.119,0.1358,0.1238,0.1156,0.1243,100,false
1,0,5,0.1262,0.141,0.1175,0.1111,0.143,0.1202,0.1109,0.1301,100,false
1,0,6,0.1317,0.1366,0.1113,0.1105,0.1467,0.1232,0.1118,0.1282,100,false
1,0,7,0.1307,0.1325,0.1099,0.114,0.1477,0.1223,0.106,0.1369,100,false
1,0,8,0.1335,0.1283,0.1015,0.1185,0.151,0.1203,0.1048,0.1421,100,false
1,0,9,0.1294,0.1263,0.1009,0.1209,0.15,0.119,0.1067,0.1468,100,false
1,0,10,0.1269,0.1253,0.1052,0.1231,0.151,0.1125,0.107,0.149,100,false
1,0,50,0.0903,0.1342,0.1196,0.0672,0.1319,0.1952,0.1363,0.1253,100,false
1,0,100,0.1229,0.1361,0.0934,0.134,0.1149,0.1215,0.1106,0.1666,100,false
1,0,1000,0,0.251,0,0.2795,0,0.2244,0,0.2451,100,false
1,0,5000,0,0.1947,0,0.2566,0,0.2779,0,0.2708,100,false
1,0,10000,0,0.2386,0,0.2702,0,0.2154,0,0.2758,100,false
1,0,20000,0,0.24,0,0.2118,0,0.2777,0,0.2705,100,false
1,0,30000,0,0.2511,0,0.2696,0,0.2539,0,0.2254,100,false
1,0,40000,0,0.2478,0,0.2628,0,0.2497,0,0.2397,100,false
1,0,50000,0,0.2095,0,0.207,0,0.3061,0,0.2774,100,false
1,0,60000,0,0.2268,0,0.2552,0,0.2199,0,0.2981,100,false
1,0,70000,0,0.2304,0,0.256,0,0.2707,0,0.2429,100,false
1,0,80000,0,0.2355,0,0.2766,0,0.2271,0,0.2608,100,false
1,0,90000,0,0.3112,0,0.2055,0,0.2388,0,0.2445,100,false
1,0,100000,0,0.1704,0,0.2985,0,0.2993,0,0.2318,100,false
1,0.5,0,0.1314,0.1263,0.1253,0.122,0.1337,0.1167,0.1174,0.1272,100,false
1,0.5,1,0.1188,0.1237,0.1417,0.1242,0.1415,0.1141,0.1068,0.1292,100,false
1,0.5,2,0.1091,0.1253,0.156,0.1229,0.1496,0.104,0.0933,0.1398,100,false
1,0.5,3,0.1108,0.1306,0.1605,0.1219,0.1457,0.1049,0.085,0.1406,100,false
1,0.5,4,0.1107,0.1342,0.1719,0.1171,0.1433,0.1002,0.0772,0.1454,100,false
1,0.5,5,0.1083,0.1328,0.1751,0.1119,0.1387,0.0992,0.0729,0.1611,100,false
1,0.5,6,0.1091,0.1286,0.1812,0.1069,0.1375,0.0971,0.0659,0.1737,100,false
1,0.5,7,0.1073,0.1239,0.1894,0.1007,0.1315,0.0995,0.059,0.1887,100,false
1,0.5,8,0.1029,0.1234,0.1896,0.0976,0.1239,0.1014,0.0611,0.2001,100,false
1,0.5,9,0.0958,0.1236,0.1879,0.0895,0.1229,0.1068,0.065,0.2085,100,false
1,0.5,10,0.0912,0.1252,0.1835,0.0851,0.1181,0.1182,0.0668,0.2119,100,false
1,0.5,50,0.1389,0.1064,0.1553,0.0908,0.1011,0.1839,0.0292,0.1944,100,false
1,0.5,100,0.1096,0.1227,0.1529,0.1216,0.0569,0.2059,0.0128,0.2176,100,false
1,0.5,1000,0,0.3239,0,0.2067,0,0.1582,0,0.3112,100,false
1,0.5,5000,0,0.2876,0,0.2152,0,0.2589,0,0.2383,100,false
1,0.5,10000,0,0.2194,0,0.2181,0,0.3189,0,0.2436,100,false
1,0.5,20000,0,0.2545,0,0.1614,0,0.2582,0,0.3259,100,false
1,0.5,30000,0,0.1919,0,0.2596,0,0.2858,0,0.2627,100,false
1,0.5,40000,0,0.2177,0,0.2259,0,0.3087,0,0.2477,100,false
1,0.5,50000,0,0.3261,0,0.1956,0,0.2505,0,0.2278,100,false
1,0.5,60000,0,0.244,0,0.2521,0,0.246,0,0.2579,100,false
1,0.5,70000,0,0.2935,0,0.2302,0,0.2007,0,0.2756,100,false
1,0.5,80000,0,0.2768,0,0.263,0,0.2576,0,0.2026,100,false
1,0.5,90000,0,0.2354,0,0.3169,0,0.2377,0,0.21,100,false
1,0.5,100000,0,0.3229,0,0.2193,0,0.2309,0,0.2269,100,false
1,1,0,0.1215,0.1205,0.13,0.1277,0.1243,0.1251,0.1261,0.1248,100,false
1,1,1,0.1045,0.1215,0.1679,0.1241,0.1369,0.1251,0.0968,0.1232,100,false
1,1,2,0.1023,0.1345,0.1919,0.119,0.1343,0.1187,0.0729,0.1264,100,false
1,1,3,0.104,0.1456,0.2051,0.1091,0.1293,0.1127,0.059,0.1352,100,false
1,1,4,0.1009,0.1544,0.2117,0.1061,0.117,0.1079,0.0501,0.1519,100,false
1,1,5,0.1005,0.1613,0.2068,0.0971,0.1105,0.1101,0.0427,0.171,100,false
1,1,6,0.0973,0.1669,0.2004,0.0868,0.1094,0.1149,0.0381,0.1862,100,false
1,1,7,0.0921,0.1611,0.1927,0.0809,0.1091,0.1227,0.0346,0.2068,100,false
1,1,8,0.0911,0.158,0.1841,0.0728,0.1073,0.1336,0.029,0.2241,100,false
1,1,9,0.0857,0.1504,0.1778,0.0661,0.1076,0.1492,0.0232,0.24,100,false
1,1,10,0.0822,0.1382,0.1758,0.0621,0.1038,0.169,0.0209,0.248,100,false
1,1,50,0.0448,0.202,0.2878,0.0366,0.1299,0.1251,0,0.1738,100,false
1,1,100,0.0046,0.1877,0.22,0.0892,0.1268,0.2274,0,0.1443,100,false
1,1,1000,0,0.2063,0,0.2252,0,0.3028,0,0.2657,100,false
1,1,5000,0,0.211,0,0.2351,0,0.3349,0,0.219,100,false
1,1,10000,0,0.2867,0,0.2238,0,0.271,0,0.2185,100,false
1,1,20000,0,0.221,0,0.2082,0,0.2468,0,0.324,100,false
1,1,30000,0,0.3076,0,0.2565,0,0.2243,0,0.2116,100,false
1,1,40000,0,0.2728,0,0.2458,0,0.2462,0,0.2352,100,false
1,1,50000,0,0.2179,0,0.2417,0,0.3059,0,0.2345,100,false
1,1,60000,0,0.3185,0,0.2111,0,0.2105,0,0.2599,100,false
1,1,70000,0,0.2577,0,0.3636,0,0.1713,0,0.2074,100,false
1,1,80000,0,0.2337,0,0.2271,0,0.2209,0,0.3183,100,false
1,1,90000,0,0.2857,0,0.2301,0,0.2478,0,0.2364,100,false
1,1,100000,0,0.1645,0,0.2588,0,0.2609,0,0.3158,100,false
0,0,0,0.1295,0.1211,0.1227,0.1295,0.1287,0.1199,0.1188,0.1298,100,false
0,0,1,0.1312,0.1123,0.1262,0.1307,0.125,0.1202,0.1205,0.1339,100,false
0,0,2,0.1262,0.1131,0.1318,0.1283,0.1229,0.1191,0.1219,0.1367,100,false
0,0,3,0.1259,0.118,0.1305,0.1238,0.122,0.1205,0.1248,0.1345,100,false
0,0,4,0.1251,0.12,0.134,0.12,0.1212,0.1209,0.1265,0.1323,100,false
0,0,5,0.125,0.1225,0.1342,0.1168,0.1215,0.1222,0.1261,0.1317,100,false
0,0,6,0.1252,0.1219,0.1353,0.1152,0.1211,0.1217,0.1282,0.1314,100,false
0,0,7,0.1293,0.1203,0.1342,0.1132,0.1237,0.1201,0.128,0.1312,100,false
0,0,8,0.131,0.1197,0.1346,0.1115,0.1249,0.1189,0.1283,0.1311,100,false
0,0,9,0.1325,0.1191,0.1336,0.1121,0.1251,0.1169,0.1314,0.1293,100,false
0,0,10,0.135,0.1173,0.1323,0.1125,0.1256,0.1174,0.1304,0.1295,100,false
0,0,50,0.1405,0.1059,0.1433,0.1206,0.1235,0.1286,0.1233,0.1143,100,false
0,0,100,0.1321,0.1255,0.1501,0.1037,0.1351,0.1125,0.12,0.121,100,false
0,0,1000,0.1023,0.0874,0.1032,0.1384,0.1023,0.1839,0.196,0.0865,100,false
0,0,5000,0,0.9818,0,0.0066,0,0.0046,0.0042,0.0028,100,true
0,0,10000,0,0.9818,0,0.0066,0,0.0046,0.0042,0.0028,100,true
0,0,20000,0,0.9818,0,0.0066,0,0.0046,0.0042,0.0028,100,true
0,0,30000,0,0.9818,0,0.0066,0,0.0046,0.0042,0.0028,100,true
0,0,40000,0,0.9818,0,0.0066,0,0.0046,0.0042,0.0028,100,true
0,0,50000,0,0.9818,0,0.0066,0,0.0046,0.0042,0.0028,100,true
0,0,60000,0,0.9818,0,0.0066,0,0.0046,0.0042,0.0028,100,true
0,0,70000,0,0.9818,0,0.0066,0,0.0046,0.0042,0.0028,100,true
0,0,80000,0,0.9818,0,0.0066,0,0.0046,0.0042,0.0028,100,true
0,0,90000,0,0.9818,0,0.0066,0,0.0046,0.0042,0.0028,100,true
0,0,100000,0,0.9818,0,0.0066,0,0.0046,0.0042,0.0028,100,true
0,0.5,0,0.1223,0.1236,0.1264,0.1231,0.1267,0.1216,0.1292,0.1271,100,false
0,0.5,1,0.1089,0.1319,0.1345,0.1257,0.1406,0.1161,0.1196,0.1227,100,false
0,0.5,2,0.1001,0.1377,0.1456,0.1248,0.1525,0.1127,0.1053,0.1213,100,false
0,0.5,3,0.0936,0.1457,0.1487,0.1272,0.164,0.1047,0.0965,0.1196,100,false
0,0.5,4,0.087,0.1548,0.1507,0.1306,0.1688,0.0975,0.0891,0.1215,100,false
0,0.5,5,0.0787,0.1671,0.1532,0.1344,0.1714,0.0913,0.0827,0.1212,100,false
0,0.5,6,0.0748,0.1769,0.1543,0.1436,0.1671,0.084,0.0775,0.1218,100,false
0,0.5,7,0.0726,0.1857,0.156,0.1512,0.1587,0.0821,0.0714,0.1223,100,false
0,0.5,8,0.0706,0.1997,0.1574,0.1525,0.1534,0.0782,0.067,0.1212,100,false
0,0.5,9,0.0713,0.2167,0.154,0.1497,0.1506,0.0733,0.0619,0.1225,100,false
0,0.5,10,0.0729,0.2304,0.1513,0.1456,0.1479,0.0708,0.058,0.1231,100,false
0,0.5,50,0.0284,0.3162,0.0348,0.1702,0.0899,0.0908,0.053,0.2167,100,false
0,0.5,100,0.0172,0.2812,0.0102,0.2416,0.0534,0.1437,0.0693,0.1834,100,false
0,0.5,1000,0.0049,0.3232,0.0022,0.3152,0.0257,0.1447,0.0221,0.162,100,true
0,0.5,5000,0.0049,0.3232,0.0022,0.3152,0.0257,0.1447,0.0221,0.162,100,true
0,0.5,10000,0.0049,0.3232,0.0022,0.3152,0.0257,0.1447,0.0221,0.162,100,true
0,0.5,20000,0.0049,0.3232,0.0022,0.3152,0.0257,0.1447,0.0221,0.162,100,true
0,0.5,30000,0.0049,0.3232,0.0022,0.3152,0.0257,0.1447,0.0221,0.162,100,true
0,0.5,40000,0.0049,0.3232,0.0022,0.3152,0.0257,0.1447,0.0221,0.162,100,true
0,0.5,50000,0.0049,0.3232,0.0022,0.3152,0.0257,0.1447,0.0221,0.162,100,true
0,0.5,60000,0.0049,0.3232,0.0022,0.3152,0.0257,0.1447,0.0221,0.162,100,true
0,0.5,70000,0.0049,0.3232,0.0022,0.3152,0.0257,0.1447,0.0221,0.162,100,true
0,0.5,80000,0.0049,0.3232,0.0022,0.3152,0.0257,0.1447,0.0221,0.162,100,true
0,0.5,90000,0.0049,0.3232,0.0022,0.3152,0.0257,0.1447,0.0221,0.162,100,true
0,0.5,100000,0.0049,0.3232,0.0022,0.3152,0.0257,0.1447,0.0221,0.162,100,true
0,1,0,0.124,0.1214,0.1249,0.1243,0.1269,0.1258,0.1309,0.1218,100,false
0,1,1,0.098,0.1267,0.1535,0.1215,0.1537,0.1228,0.1047,0.1191,100,false
0,1,2,0.0789,0.1384,0.17,0.1244,0.1714,0.1133,0.085,0.1186,100,false
0,1,3,0.0673,0.1579,0.1762,0.1258,0.1805,0.1033,0.0733,0.1157,100,false
0,1,4,0.0553,0.1805,0.1771,0.1264,0.1861,0.0959,0.0623,0.1164,100,false
0,1,5,0.0474,0.2035,0.1773,0.1231,0.1872,0.0887,0.0558,0.117,100,false
0,1,6,0.0407,0.2275,0.1746,0.1276,0.1809,0.0827,0.0482,0.1178,100,false
0,1,7,0.0424,0.2501,0.1696,0.1248,0.1775,0.0752,0.0421,0.1183,100,false
0,1,8,0.043,0.273,0.1587,0.1225,0.1758,0.0698,0.0385,0.1187,100,false
0,1,9,0.0462,0.2903,0.1474,0.1201,0.1735,0.0661,0.0355,0.1209,100,false
0,1,10,0.0457,0.3116,0.1354,0.1155,0.1724,0.0644,0.0316,0.1234,100,false
0,1,50,0.0028,0.4294,0.0139,0.1934,0.0867,0.0566,0.0261,0.1911,100,false
0,1,100,0.0093,0.4287,0.009,0.2017,0.0744,0.0629,0.0223,0.1917,100,false
0,1,1000,0.0012,0.4463,0.0053,0.1952,0.0738,0.0719,0.0199,0.1864,100,true
0,1,5000,0.0012,0.4463,0.0053,0.1952,0.0738,0.0719,0.0199,0.1864,100,true
0,1,10000,0.0012,0.4463,0.0053,0.1952,0.0738,0.0719,0.0199,0.1864,100,true
0,1,20000,0.0012,0.4463,0.0053,0.1952,0.0738,0.0719,0.0199,0.1864,100,true
0,1,30000,0.0012,0.4463,0.0053,0.1952,0.0738,0.0719,0.0199,0.1864,100,true
0,1,40000,0.0012,0.4463,0.0053,0.1952,0.0738,0.0719,0.0199,0.1864,100,true
0,1,50000,0.0012,0.4463,0.0053,0.1952,0.0738,0.0719,0.0199,0.1864,100,true
0,1,60000,0.0012,0.4463,0.0053,0.1952,0.0738,0.0719,0.0199,0.1864,100,true
0,1,70000,0.0012,0.4463,0.0053,0.1952,0.0738,0.0719,0.0199,0.1864,100,true
0,1,80000,0.0012,0.4463,0.0053,0.1952,0.0738,0.0719,0.0199,0.1864,100,true
0,1,90000,0.0012,0.4463,0.0053,0.1952,0.0738,0.0719,0.0199,0.1864,100,true
0,1,100000,0.0012,0.4463,0.0053,0.1952,0.0738,0.0719,0.0199,0.1864,100,true
0.5,0,0,0.1287,0.1253,0.1236,0.127,0.1201,0.1297,0.1243,0.1213,100,false
0.5,0,1,0.1308,0.1256,0.1189,0.1313,0.119,0.1311,0.1255,0.1178,100,false
0.5,0,2,0.1285,0.1277,0.1212,0.131,0.1175,0.1285,0.1282,0.1174,100,false
0.5,0,3,0.132,0.1277,0.1237,0.1266,0.1233,0.1275,0.1248,0.1144,100,false
0.5,0,4,0.135,0.1263,0.1222,0.125,0.1203,0.1295,0.1304,0.1113,100,false
0.5,0,5,0.1391,0.1271,0.1192,0.1245,0.1195,0.1323,0.1315,0.1068,100,false
0.5,0,6,0.1417,0.1255,0.1161,0.1258,0.1207,0.1279,0.136,0.1063,100,false
0.5,0,7,0.1415,0.1275,0.112,0.1245,0.1214,0.1313,0.1348,0.107,100,false
0.5,0,8,0.1426,0.1266,0.1134,0.1163,0.1262,0.1281,0.138,0.1088,100,false
0.5,0,9,0.1423,0.1253,0.1117,0.1167,0.1283,0.1286,0.1373,0.1098,100,false
0.5,0,10,0.1414,0.1222,0.1104,0.1182,0.1295,0.1267,0.1399,0.1117,100,false
0.5,0,50,0.133,0.0806,0.1438,0.1574,0.1538,0.1098,0.1188,0.1028,100,false
0.5,0,100,0.1921,0.1627,0.1023,0.1022,0.0439,0.1064,0.1222,0.1682,100,false
0.5,0,1000,0.1471,0.2406,0.1021,0.1148,0.0682,0.1153,0.1342,0.0777,100,false
0.5,0,5000,0,0.1961,0,0.2883,0,0.2572,0,0.2584,100,false
0.5,0,10000,0,0.1843,0,0.2175,0,0.3656,0,0.2326,100,false
0.5,0,20000,0,0.3118,0,0.2222,0,0.2032,0,0.2628,100,false
0.5,0,30000,0,0.2836,0,0.3164,0,0.2281,0,0.1719,100,false
0.5,0,40000,0,0.2601,0,0.2353,0,0.1958,0,0.3088,100,false
0.5,0,50000,0,0.2275,0,0.2884,0,0.2308,0,0.2533,100,false
0.5,0,60000,0,0.2662,0,0.2089,0,0.2704,0,0.2545,100,false
0.5,0,70000,0,0.2236,0,0.2806,0,0.2907,0,0.2051,100,false
0.5,0,80000,0,0.2868,0,0.1896,0,0.2556,0,0.268,100,false
0.5,0,90000,0,0.2367,0,0.2163,0,0.2475,0,0.2995,100,false
0.5,0,100000,0,0.218,0,0.2553,0,0.2644,0,0.2623,100,false
0.5,0.5,0,0.1202,0.1275,0.1211,0.1258,0.1298,0.1253,0.129,0.1213,100,false
0.5,0.5,1,0.1072,0.1332,0.1311,0.1298,0.1453,0.1244,0.1129,0.1161,100,false
0.5,0.5,2,0.1015,0.1448,0.1407,0.1374,0.1492,0.1145,0.1002,0.1117,100,false
0.5,0.5,3,0.097,0.1559,0.1575,0.1354,0.1477,0.104,0.0875,0.115,100,false
0.5,0.5,4,0.1005,0.1655,0.1625,0.1333,0.1433,0.1001,0.0735,0.1213,100,false
0.5,0.5,5,0.1049,0.1773,0.1617,0.1275,0.1389,0.0953,0.0658,0.1286,100,false
0.5,0.5,6,0.1079,0.1871,0.1563,0.1242,0.1348,0.0917,0.0639,0.1341,100,false
0.5,0.5,7,0.1119,0.1871,0.1517,0.121,0.1302,0.0878,0.0613,0.149,100,false
0.5,0.5,8,0.1127,0.1897,0.1425,0.1124,0.1282,0.0877,0.0596,0.1672,100,false
0.5,0.5,9,0.111,0.1819,0.1398,0.1091,0.1274,0.089,0.0547,0.1871,100,false
0.5,0.5,10,0.1095,0.1731,0.138,0.1027,0.127,0.0887,0.0536,0.2074,100,false
0.5,0.5,50,0.0223,0.1484,0.1083,0.0603,0.1689,0.1494,0.0543,0.2881,100,false
0.5,0.5,100,0.0123,0.1878,0.0698,0.107,0.1844,0.0958,0.0646,0.2783,100,false
0.5,0.5,1000,0,0.3804,0.0004,0.1759,0.1167,0.0187,0.2067,0.1012,100,false
0.5,0.5,5000,0,0.3841,0,0.0813,0.2182,0,0.2013,0.1151,100,false
0.5,0.5,10000,0,0.4701,0,0.1356,0.2166,0,0.131,0.0467,100,false
0.5,0.5,20000,0,0.635,0,0.0719,0.1288,0,0.1034,0.0609,100,false
0.5,0.5,30000,0,0.4712,0,0.1161,0.1009,0,0.2008,0.111,100,false
0.5,0.5,40000,0,0.6765,0,0,0.2865,0,0.0337,0.0033,100,true
0.5,0.5,50000,0,0.6765,0,0,0.2865,0,0.0337,0.0033,100,true
0.5,0.5,60000,0,0.6765,0,0,0.2865,0,0.0337,0.0033,100,true
0.5,0.5,70000,0,0.6765,0,0,0.2865,0,0.0337,0.0033,100,true
0.5,0.5,80000,0,0.6765,0,0,0.2865,0,0.0337,0.0033,100,true
0.5,0.5,90000,0,0.6765,0,0,0.2865,0,0.0337,0.0033,100,true
0.5,0.5,100000,0,0.6765,0,0,0.2865,0,0.0337,0.0033,100,true
0.5,1,0,0.1271,0.1228,0.1174,0.1254,0.1272,0.1281,0.1268,0.1252,100,false
0.5,1,1,0.1006,0.1255,0.1494,0.1274,0.1455,0.1238,0.0992,0.1286,100,false
0.5,1,2,0.0863,0.1375,0.1745,0.1284,0.1531,0.1139,0.0792,0.1271,100,false
0.5,1,3,0.0754,0.1489,0.1968,0.127,0.1515,0.105,0.0617,0.1337,100,false
0.5,1,4,0.0758,0.166,0.2124,0.1158,0.1428,0.1006,0.0475,0.1391,100,false
0.5,1,5,0.0775,0.1822,0.2166,0.1025,0.1346,0.0972,0.0403,0.1491,100,false
0.5,1,6,0.0787,0.2056,0.2057,0.0908,0.1282,0.0939,0.0354,0.1617,100,false
0.5,1,7,0.0793,0.2137,0.1969,0.0817,0.124,0.0913,0.0342,0.1789,100,false
0.5,1,8,0.0749,0.2248,0.1794,0.0745,0.1207,0.0896,0.0336,0.2025,100,false
0.5,1,9,0.0729,0.2335,0.162,0.0673,0.1207,0.0882,0.0321,0.2233,100,false
0.5,1,10,0.0697,0.2292,0.1451,0.0639,0.1234,0.0893,0.0328,0.2466,100,false
0.5,1,50,0.0019,0.1274,0.0909,0.0612,0.1228,0.1389,0.0546,0.4023,100,false
0.5,1,100,0,0.1305,0.0885,0.0468,0.2227,0.1317,0.0417,0.3381,100,false
0.5,1,1000,0,0.2225,0,0.2264,0,0.2381,0,0.313,100,false
0.5,1,5000,0,0.3036,0,0.2072,0,0.2414,0,0.2478,100,false
0.5,1,10000,0,0.2767,0,0.1798,0,0.2419,0,0.3016,100,false
0.5,1,20000,0,0.2531,0,0.2621,0,0.2395,0,0.2453,100,false
0.5,1,30000,0,0.286,0,0.2939,0,0.1978,0,0.2223,100,false
0.5,1,40000,0,0.2009,0,0.2232,0,0.2616,0,0.3143,100,false
0.5,1,50000,0,0.2601,0,0.2342,0,0.2273,0,0.2784,100,false
0.5,1,60000,0,0.3039,0,0.2343,0,0.1911,0,0.2707,100,false
0.5,1,70000,0,0.2347,0,0.2338,0,0.3357,0,0.1958,100,false
0.5,1,80000,0,0.2573,0,0.2343,0,0.2882,0,0.2202,100,false
0.5,1,90000,0,0.2698,0,0.1933,0,0.2876,0,0.2493,100,false
0.5,1,100000,0,0.294,0,0.2292,0,0.2272,0,0.2496,100,false
1,0,0,0.122,0.1234,0.1288,0.1235,0.1338,0.1207,0.1246,0.1232,100,false
1,0,1,0.1211,0.1248,0.132,0.122,0.1361,0.1202,0.12,0.1238,100,false
1,0,2,0.1221,0.1243,0.1373,0.1196,0.1299,0.1212,0.1207,0.1249,100,false
1,0,3,0.1236,0.1277,0.1322,0.1214,0.129,0.1161,0.1216,0.1284,100,false
1,0,4,0.1237,0.1309,0.1303,0.1213,0.1272,0.1122,0.1298,0.1246,100,false
1,0,5,0.1217,0.1316,0.1264,0.1188,0.1323,0.1066,0.1341,0.1285,100,false
1,0,6,0.1234,0.1333,0.1246,0.1101,0.1364,0.1071,0.132,0.1331,100,false
1,0,7,0.1231,0.1316,0.1254,0.1074,0.1374,0.1112,0.1318,0.1321,100,false
1,0,8,0.1205,0.1212,0.1299,0.104,0.1404,0.1217,0.1295,0.1328,100,false
1,0,9,0.1192,0.1176,0.1285,0.1083,0.1392,0.125,0.1307,0.1315,100,false
1,0,10,0.1176,0.115,0.1285,0.1137,0.1446,0.1212,0.1278,0.1316,100,false
1,0,50,0.1064,0.0991,0.1192,0.0884,0.192,0.1402,0.1265,0.1282,100,false
1,0,100,0.0906,0.1456,0.1188,0.0278,0.1529,0.1309,0.1471,0.1863,100,false
1,0,1000,0.2557,0,0.2305,0,0.275,0,0.2388,0,100,false
1,0,5000,0.2416,0,0.3082,0,0.258,0,0.1922,0,100,false
1,0,10000,0.2137,0,0.2259,0,0.2922,0,0.2682,0,100,false
1,0,20000,0.1617,0,0.2186,0,0.3152,0,0.3045,0,100,false
1,0,30000,0.203,0,0.2579,0,0.2704,0,0.2687,0,100,false
1,0,40000,0.3066,0,0.235,0,0.2158,0,0.2426,0,100,false
1,0,50000,0.2693,0,0.1896,0,0.3067,0,0.2344,0,100,false
1,0,60000,0.2237,0,0.2038,0,0.2998,0,0.2727,0,100,false
1,0,70000,0.2265,0,0.2568,0,0.2431,0,0.2736,0,100,false
1,0,80000,0.314,0,0.221,0,0.2375,0,0.2275,0,100,false
1,0,90000,0.2606,0,0.2469,0,0.2863,0,0.2062,0,100,false
1,0,100000,0.1806,0,0.2624,0,0.2832,0,0.2738,0,100,false
1,0.5,0,0.1289,0.1235,0.1202,0.128,0.1292,0.1211,0.1212,0.1279,100,false
1,0.5,1,0.1181,0.1302,0.129,0.1291,0.1374,0.1182,0.1099,0.1281,100,false
1,0.5,2,0.1051,0.1302,0.1471,0.1307,0.1394,0.1103,0.1016,0.1356,100,false
1,0.5,3,0.1082,0.1376,0.1572,0.1257,0.1366,0.109,0.0915,0.1342,100,false
1,0.5,4,0.1106,0.1352,0.1646,0.1204,0.1345,0.1095,0.0804,0.1448,100,false
1,0.5,5,0.1184,0.1356,0.1654,0.121,0.135,0.1074,0.0742,0.143,100,false
1,0.5,6,0.1119,0.1355,0.1718,0.1145,0.1302,0.1082,0.0719,0.156,100,false
1,0.5,7,0.1085,0.1384,0.1733,0.1086,0.1257,0.1056,0.0728,0.1671,100,false
1,0.5,8,0.1098,0.1375,0.1699,0.1048,0.1195,0.1086,0.0756,0.1743,100,false
1,0.5,9,0.106,0.1365,0.1721,0.1001,0.116,0.1077,0.0751,0.1865,100,false
1,0.5,10,0.106,0.1299,0.1747,0.0924,0.1096,0.1141,0.0719,0.2014,100,false
1,0.5,50,0.1202,0.1333,0.15,0.115,0.1128,0.2093,0.0032,0.1562,100,false
1,0.5,100,0.1198,0.0452,0.1203,0.21,0.0854,0.1748,0,0.2445,100,false
1,0.5,1000,0,0.1847,0,0.2418,0,0.3057,0,0.2678,100,false
1,0.5,5000,0,0.2511,0,0.2103,0,0.22,0,0.3186,100,false
1,0.5,10000,0,0.275,0,0.2215,0,0.2324,0,0.2711,100,false
1,0.5,20000,0,0.2624,0,0.3254,0,0.2423,0,0.1699,100,false
1,0.5,30000,0,0.2583,0,0.2566,0,0.2338,0,0.2513,100,false
1,0.5,40000,0,0.2381,0,0.3374,0,0.1832,0,0.2413,100,false
1,0.5,50000,0,0.2193,0,0.2097,0,0.2447,0,0.3263,100,false
1,0.5,60000,0,0.2669,0,0.2392,0,0.2352,0,0.2587,100,false
1,0.5,70000,0,0.2912,0,0.2208,0,0.2926,0,0.1954,100,false
1,0.5,80000,0,0.2582,0,0.211,0,0.2829,0,0.2479,100,false
1,0.5,90000,0,0.2591,0,0.1811,0,0.2573,0,0.3025,100,false
1,0.5,100000,0,0.2902,0,0.2667,0,0.2049,0,0.2382,100,false
1,1,0,0.127,0.1251,0.1218,0.1212,0.1286,0.1303,0.1248,0.1212,100,false
1,1,1,0.105,0.1315,0.1494,0.1207,0.1561,0.1192,0.0951,0.123,100,false
1,1,2,0.0949,0.1417,0.1735,0.1276,0.1592,0.11,0.0705,0.1226,100,false
1,1,3,0.0887,0.1572,0.1891,0.1289,0.1449,0.104,0.0559,0.1313,100,false
1,1,4,0.088,0.179,0.1967,0.1192,0.1343,0.0927,0.0428,0.1473,100,false
1,1,5,0.0895,0.1905,0.1984,0.1036,0.1222,0.0895,0.0384,0.1679,100,false
1,1,6,0.0948,0.1905,0.1904,0.0941,0.1138,0.0858,0.0346,0.196,100,false
1,1,7,0.0923,0.1846,0.183,0.0842,0.1113,0.0897,0.0325,0.2224,100,false
1,1,8,0.0891,0.1698,0.1672,0.0784,0.1104,0.0953,0.0313,0.2585,100,false
1,1,9,0.0811,0.154,0.1582,0.0728,0.109,0.1055,0.0304,0.289,100,false
1,1,10,0.0694,0.1405,0.1502,0.0686,0.1117,0.1183,0.0286,0.3127,100,false
1,1,50,0.0796,0.2214,0.1999,0.0342,0.1417,0.1714,0,0.1518,100,false
1,1,100,0.0534,0.0851,0.2675,0.0188,0.2451,0.2216,0,0.1085,100,false
1,1,1000,0,0.1939,0,0.2785,0,0.2306,0,0.297,100,false
1,1,5000,0,0.2351,0,0.2618,0,0.2187,0,0.2844,100,false
1,1,10000,0,0.277,0,0.159,0,0.1983,0,0.3657,100,false
1,1,20000,0,0.2681,0,0.2586,0,0.2428,0,0.2305,100,false
1,1,30000,0,0.2488,0,0.2612,0,0.2084,0,0.2816,100,false
1,1,40000,0,0.2384,0,0.2902,0,0.2018,0,0.2696,100,false
1,1,50000,0,0.2529,0,0.2872,0,0.2305,0,0.2294,100,false
1,1,60000,0,0.2163,0,0.2763,0,0.2773,0,0.2301,100,false
1,1,70000,0,0.2311,0,0.2881,0,0.2732,0,0.2076,100,false
1,1,80000,0,0.2708,0,0.225,0,0.2683,0,0.2359,100,false
1,1,90000,0,0.2336,0,0.2387,0,0.253,0,0.2747,100,false
1,1,100000,0,0.225,0,0.2454,0,0.2631,0,0.2665,100,false
0,0,0,0.1264,0.1267,0.1247,0.119,0.1272,0.1278,0.1285,0.1197,100,false
0,0,1,0.1274,0.1242,0.1226,0.1228,0.1268,0.1298,0.1256,0.1208,100,false
0,0,2,0.126,0.1214,0.1255,0.1225,0.1306,0.125,0.1246,0.1244,100,false
0,0,3,0.1275,0.1189,0.1261,0.1247,0.1315,0.1211,0.1275,0.1227,100,false
0,0,4,0.1212,0.122,0.1255,0.1269,0.1328,0.1156,0.1289,0.1271,100,false
0,0,5,0.1204,0.1218,0.1297,0.1278,0.1323,0.1133,0.1296,0.1251,100,false
0,0,6,0.1171,0.1246,0.1304,0.1316,0.1292,0.1123,0.129,0.1258,100,false
0,0,7,0.1154,0.1282,0.1284,0.1319,0.1299,0.1111,0.1331,0.122,100,false
0,0,8,0.1159,0.129,0.1272,0.1345,0.1271,0.1135,0.1321,0.1207,100,false
0,0,9,0.118,0.1297,0.128,0.1318,0.1291,0.1131,0.1317,0.1186,100,false
0,0,10,0.1204,0.1277,0.1297,0.1295,0.1302,0.1136,0.1309,0.118,100,false
0,0,50,0.1317,0.1221,0.1431,0.1236,0.1214,0.1185,0.1286,0.111,100,false
0,0,100,0.1532,0.1152,0.1503,0.1198,0.1155,0.1048,0.1362,0.105,100,false
0,0,1000,0.1356,0.1755,0.1886,0.0771,0.0517,0.0592,0.0709,0.2414,100,false
0,0,5000,0.1127,0.5683,0.2734,0.0072,0.0074,0.0088,0.0189,0.0033,100,false
0,0,10000,0.0008,0.002,0.0073,0.003,0.0075,0,0.9794,0,100,true
0,0,20000,0.0008,0.002,0.0073,0.003,0.0075,0,0.9794,0,100,true
0,0,30000,0.0008,0.002,0.0073,0.003,0.0075,0,0.9794,0,100,true
0,0,40000,0.0008,0.002,0.0073,0.003,0.0075,0,0.9794,0,100,true
0,0,50000,0.0008,0.002,0.0073,0.003,0.0075,0,0.9794,0,100,true
0,0,60000,0.0008,0.002,0.0073,0.003,0.0075,0,0.9794,0,100,true
0,0,70000,0.0008,0.002,0.0073,0.003,0.0075,0,0.9794,0,100,true
0,0,80000,0.0008,0.002,0.0073,0.003,0.0075,0,0.9794,0,100,true
0,0,90000,0.0008,0.002,0.0073,0.003,0.0075,0,0.9794,0,100,true
0,0,100000,0.0008,0.002,0.0073,0.003,0.0075,0,0.9794,0,100,true
0,0.5,0,0.1221,0.1237,0.1231,0.1228,0.129,0.1286,0.1232,0.1275,100,false
0,0.5,1,0.1061,0.1268,0.1411,0.1198,0.1451,0.1247,0.1079,0.1285,100,false
0,0.5,2,0.0959,0.1319,0.1469,0.1296,0.1511,0.1194,0.0982,0.127,100,false
0,0.5,3,0.0855,0.1418,0.1517,0.1342,0.1586,0.1115,0.0905,0.1262,100,false
0,0.5,4,0.078,0.1547,0.1581,0.1377,0.1603,0.1054,0.0807,0.1251,100,false
0,0.5,5,0.0777,0.1625,0.1628,0.1392,0.1615,0.0972,0.075,0.1241,100,false
0,0.5,6,0.074,0.1762,0.1642,0.1398,0.163,0.0899,0.0672,0.1257,100,false
0,0.5,7,0.0708,0.1907,0.162,0.1391,0.1629,0.0858,0.0618,0.1269,100,false
0,0.5,8,0.0692,0.2051,0.1539,0.1377,0.1633,0.0818,0.0599,0.1291,100,false
0,0.5,9,0.0703,0.2158,0.1496,0.1358,0.162,0.0787,0.0564,0.1314,100,false
0,0.5,10,0.0727,0.226,0.1429,0.1379,0.155,0.0769,0.0539,0.1347,100,false
0,0.5,50,0.0168,0.34,0.0419,0.1691,0.082,0.07,0.0531,0.2271,100,false
0,0.5,100,0.0378,0.2875,0.0291,0.1834,0.0771,0.1166,0.0395,0.229,100,false
0,0.5,1000,0.0023,0.2821,0.0055,0.2515,0.0364,0.1239,0.0205,0.2778,100,true
0,0.5,5000,0.0023,0.2821,0.0055,0.2515,0.0364,0.1239,0.0205,0.2778,100,true
0,0.5,10000,0.0023,0.2821,0.0055,0.2515,0.0364,0.1239,0.0205,0.2778,100,true
0,0.5,20000,0.0023,0.2821,0.0055,0.2515,0.0364,0.1239,0.0205,0.2778,100,true
0,0.5,30000,0.0023,0.2821,0.0055,0.2515,0.0364,0.1239,0.0205,0.2778,100,true
0,0.5,40000,0.0023,0.2821,0.0055,0.2515,0.0364,0.1239,0.0205,0.2778,100,true
0,0.5,50000,0.0023,0.2821,0.0055,0.2515,0.0364,0.1239,0.0205,0.2778,100,true
0,0.5,60000,0.0023,0.2821,0.0055,0.2515,0.0364,0.1239,0.0205,0.2778,100,true
0,0.5,70000,0.0023,0.2821,0.0055,0.2515,0.0364,0.1239,0.0205,0.2778,100,true
0,0.5,80000,0.0023,0.2821,0.0055,0.2515,0.0364,0.1239,0.0205,0.2778,100,true
0,0.5,90000,0.0023,0.2821,0.0055,0.2515,0.0364,0.1239,0.0205,0.2778,100,true
0,0.5,100000,0.0023,0.2821,0.0055,0.2515,0.0364,0.1239,0.0205,0.2778,100,true
0,1,0,0.1285,0.1305,0.1249,0.1233,0.1217,0.1198,0.1289,0.1224,100,false
0,1,1,0.1042,0.1329,0.1525,0.1216,0.1457,0.1169,0.1063,0.1199,100,false
0,1,2,0.0882,0.1388,0.171,0.1245,0.1667,0.1038,0.0848,0.1222,100,false
0,1,3,0.0759,0.1513,0.1807,0.1289,0.1733,0.0944,0.0743,0.1212,100,false
0,1,4,0.0677,0.1749,0.1794,0.1356,0.1732,0.0848,0.0622,0.1222,100,false
0,1,5,0.0598,0.1981,0.1747,0.1361,0.173,0.0788,0.0543,0.1252,100,false
0,1,6,0.0548,0.2248,0.1659,0.1403,0.1664,0.0725,0.0476,0.1277,100,false
0,1,7,0.0523,0.2464,0.1583,0.1356,0.165,0.0684,0.0424,0.1316,100,false
0,1,8,0.049,0.2638,0.1478,0.1378,0.1602,0.0658,0.0401,0.1355,100,false
0,1,9,0.0456,0.2822,0.1428,0.1353,0.1562,0.0626,0.0358,0.1395,100,false
0,1,10,0.0456,0.3052,0.13,0.1303,0.1515,0.0603,0.0332,0.1439,100,false
0,1,50,0.017,0.398,0.0198,0.1734,0.0904,0.0545,0.0213,0.2256,100,false
0,1,100,0.0032,0.4062,0.0075,0.2089,0.0678,0.0755,0.0222,0.2087,100,false
0,1,1000,0.001,0.4065,0.0072,0.2268,0.0613,0.0768,0.0198,0.2006,100,true
0,1,5000,0.001,0.4065,0.0072,0.2268,0.0613,0.0768,0.0198,0.2006,100,true
0,1,10000,0.001,0.4065,0.0072,0.2268,0.0613,0.0768,0.0198,0.2006,100,true
0,1,20000,0.001,0.4065,0.0072,0.2268,0.0613,0.0768,0.0198,0.2006,100,true
0,1,30000,0.001,0.4065,0.0072,0.2268,0.0613,0.0768,0.0198,0.2006,100,true
0,1,40000,0.001,0.4065,0.0072,0.2268,0.0613,0.0768,0.0198,0.2006,100,true
0,1,50000,0.001,0.4065,0.0072,0.2268,0.0613,0.0768,0.0198,0.2006,100,true
0,1,60000,0.001,0.4065,0.0072,0.2268,0.0613,0.0768,0.0198,0.2006,100,true
0,1,70000,0.001,0.4065,0.0072,0.2268,0.0613,0.0768,0.0198,0.2006,100,true
0,1,80000,0.001,0.4065,0.0072,0.2268,0.0613,0.0768,0.0198,0.2006,100,true
0,1,90000,0.001,0.4065,0.0072,0.2268,0.0613,0.0768,0.0198,0.2006,100,true
0,1,100000,0.001,0.4065,0.0072,0.2268,0.0613,0.0768,0.0198,0.2006,100,true
0.5,0,0,0.1324,0.1185,0.1294,0.1226,0.1248,0.1274,0.1204,0.1245,100,false
0.5,0,1,0.129,0.1161,0.1338,0.1191,0.1292,0.1244,0.1245,0.1239,100,false
0.5,0,2,0.1285,0.1192,0.1339,0.1206,0.1273,0.1269,0.124,0.1196,100,false
0.5,0,3,0.1348,0.1152,0.1349,0.1221,0.1262,0.1241,0.1252,0.1175,100,false
0.5,0,4,0.1406,0.1163,0.1321,0.1272,0.1192,0.1245,0.1269,0.1132,100,false
0.5,0,5,0.14,0.1159,0.1323,0.1287,0.1148,0.1289,0.1284,0.111,100,false
0.5,0,6,0.1408,0.117,0.1332,0.1248,0.1141,0.1347,0.1258,0.1096,100,false
0.5,0,7,0.1426,0.1153,0.1337,0.1212,0.1161,0.1384,0.124,0.1087,100,false
0.5,0,8,0.1449,0.1157,0.1284,0.121,0.1187,0.1383,0.1239,0.1091,100,false
0.5,0,9,0.1478,0.1151,0.124,0.1216,0.1231,0.1395,0.1243,0.1046,100,false
0.5,0,10,0.1478,0.1141,0.1249,0.1217,0.1285,0.1413,0.1195,0.1022,100,false
0.5,0,50,0.1647,0.1101,0.1217,0.1278,0.1288,0.11,0.117,0.1199,100,false
0.5,0,100,0.1604,0.1138,0.1281,0.1035,0.1113,0.1172,0.1435,0.1222,100,false
0.5,0,1000,0.2357,0,0.2186,0.0053,0.336,0.0123,0.1733,0.0188,100,false
0.5,0,5000,0.2316,0,0.2715,0,0.2622,0,0.2347,0,100,false
0.5,0,10000,0.2645,0,0.2035,0,0.2513,0,0.2807,0,100,false
0.5,0,20000,0.2083,0,0.2504,0,0.2811,0,0.2602,0,100,false
0.5,0,30000,0.2902,0,0.2147,0,0.2417,0,0.2534,0,100,false
0.5,0,40000,0.2917,0,0.2452,0,0.2391,0,0.224,0,100,false
0.5,0,50000,0.2434,0,0.2701,0,0.2589,0,0.2276,0,100,false
0.5,0,60000,0.1953,0,0.2543,0,0.3141,0,0.2363,0,100,false
0.5,0,70000,0.2777,0,0.2589,0,0.1996,0,0.2638,0,100,false
0.5,0,80000,0.2789,0,0.2489,0,0.1927,0,0.2795,0,100,false
0.5,0,90000,0.2313,0,0.2692,0,0.2669,0,0.2326,0,100,false
0.5,0,100000,0.2049,0,0.2472,0,0.3062,0,0.2417,0,100,false
0.5,0.5,0,0.1315,0.1174,0.1294,0.12,0.1217,0.1221,0.1277,0.1302,100,false
0.5,0.5,1,0.1116,0.1176,0.1484,0.1137,0.1395,0.1244,0.1101,0.1347,100,false
0.5,0.5,2,0.0971,0.1247,0.1622,0.1151,0.1478,0.1224,0.0936,0.1371,100,false
0.5,0.5,3,0.0937,0.1345,0.1701,0.1141,0.155,0.116,0.0814,0.1352,100,false
0.5,0.5,4,0.0884,0.1476,0.1748,0.1128,0.1535,0.1106,0.0706,0.1417,100,false
0.5,0.5,5,0.0858,0.1618,0.1841,0.1114,0.1485,0.1041,0.0605,0.1438,100,false
0.5,0.5,6,0.088,0.1707,0.1858,0.1061,0.1445,0.0975,0.054,0.1534,100,false
0.5,0.5,7,0.0861,0.1794,0.1879,0.0987,0.1396,0.0929,0.0513,0.1641,100,false
0.5,0.5,8,0.0893,0.1854,0.1837,0.0903,0.1351,0.089,0.0474,0.1798,100,false
0.5,0.5,9,0.0882,0.1904,0.1773,0.0868,0.1325,0.0856,0.0452,0.194,100,false
0.5,0.5,10,0.082,0.1896,0.1725,0.0801,0.1333,0.0852,0.0474,0.2099,100,false
0.5,0.5,50,0.0189,0.1939,0.1091,0.0647,0.1526,0.0922,0.0627,0.3059,100,false
0.5,0.5,100,0.0078,0.2372,0.0426,0.1369,0.1582,0.073,0.1423,0.202,100,false
0.5,0.5,1000,0,0.3264,0,0.2086,0,0.1563,0,0.3087,100,false
0.5,0.5,5000,0,0.2234,0,0.2462,0,0.2458,0,0.2846,100,false
0.5,0.5,10000,0,0.3116,0,0.1899,0,0.2103,0,0.2882,100,false
0.5,0.5,20000,0,0.2196,0,0.196,0,0.309,0,0.2754,100,false
0.5,0.5,30000,0,0.2853,0,0.2083,0,0.2083,0,0.2981,100,false
0.5,0.5,40000,0,0.2851,0,0.2616,0,0.211,0,0.2423,100,false
0.5,0.5,50000,0,0.1737,0,0.3308,0,0.2171,0,0.2784,100,false
0.5,0.5,60000,0,0.2976,0,0.2606,0,0.2607,0,0.1811,100,false
0.5,0.5,70000,0,0.2807,0,0.262,0,0.234,0,0.2233,100,false
0.5,0.5,80000,0,0.2199,0,0.1994,0,0.2836,0,0.2971,100,false
0.5,0.5,90000,0,0.249,0,0.236,0,0.2914,0,0.2236,100,false
0.5,0.5,100000,0,0.2311,0,0.225,0,0.3041,0,0.2398,100,false
0.5,1,0,0.122,0.1251,0.1265,0.1263,0.1215,0.1219,0.1297,0.127,100,false
0.5,1,1,0.1,0.1314,0.1571,0.1258,0.1413,0.1167,0.1048,0.1229,100,false
0.5,1,2,0.0935,0.1458,0.1732,0.1243,0.1448,0.1115,0.0837,0.1232,100,false
0.5,1,3,0.094,0.1563,0.183,0.1192,0.1506,0.1002,0.0647,0.132,100,false
0.5,1,4,0.0922,0.1718,0.1851,0.1145,0.1412,0.0988,0.0515,0.1449,100,false
0.5,1,5,0.0885,0.1821,0.188,0.107,0.1366,0.0968,0.0434,0.1576,100,false
0.5,1,6,0.0823,0.1905,0.1823,0.099,0.1402,0.092,0.0384,0.1753,100,false
0.5,1,7,0.0758,0.2019,0.1806,0.09,0.1387,0.0867,0.0356,0.1907,100,false
0.5,1,8,0.0692,0.2104,0.1743,0.0817,0.1379,0.0867,0.0319,0.2079,100,false
0.5,1,9,0.0674,0.2178,0.1586,0.0757,0.136,0.0878,0.0309,0.2258,100,false
0.5,1,10,0.0662,0.2215,0.1432,0.0752,0.1358,0.0878,0.0309,0.2394,100,false
0.5,1,50,0.0005,0.1805,0.0878,0.0459,0.1571,0.1081,0.018,0.4021,100,false
0.5,1,100,0,0.1222,0.1413,0.0579,0.1249,0.1086,0.0075,0.4376,100,false
0.5,1,1000,0,0.2309,0,0.2499,0,0.2845,0,0.2347,100,false
0.5,1,5000,0,0.226,0,0.2767,0,0.2293,0,0.268,100,false
0.5,1,10000,0,0.3057,0,0.2557,0,0.2256,0,0.213,100,false
0.5,1,20000,0,0.2559,0,0.2671,0,0.2479,0,0.2291,100,false
0.5,1,30000,0,0.273,0,0.2991,0,0.2186,0,0.2093,100,false
0.5,1,40000,0,0.2383,0,0.299,0,0.2226,0,0.2401,100,false
0.5,1,50000,0,0.2654,0,0.2583,0,0.2207,0,0.2556,100,false
0.5,1,60000,0,0.2605,0,0.2799,0,0.1991,0,0.2605,100,false
0.5,1,70000,0,0.2235,0,0.2357,0,0.2388,0,0.302,100,false
0.5,1,80000,0,0.249,0,0.205,0,0.298,0,0.248,100,false
0.5,1,90000,0,0.3204,0,0.2076,0,0.2233,0,0.2487,100,false
0.5,1,100000,0,0.2077,0,0.2877,0,0.2657,0,0.2389,100,false
1,0,0,0.1297,0.1311,0.125,0.1237,0.1223,0.1234,0.1196,0.1252,100,false
1,0,1,0.1343,0.124,0.1216,0.127,0.1223,0.1227,0.1214,0.1267,100,false
1,0,2,0.1275,0.1214,0.1207,0.1328,0.1229,0.1154,0.126,0.1333,100,false
1,0,3,0.1176,0.1237,0.1288,0.125,0.1275,0.1166,0.1306,0.1302,100,false
1,0,4,0.1147,0.1247,0.1299,0.1254,0.1292,0.1175,0.1306,0.128,100,false
1,0,5,0.1153,0.124,0.1319,0.1264,0.1289,0.118,0.1235,0.132,100,false
1,0,6,0.1156,0.125,0.1319,0.1192,0.1334,0.1233,0.1185,0.1331,100,false
1,0,7,0.1146,0.1258,0.1374,0.1179,0.1311,0.1232,0.1164,0.1336,100,false
1,0,8,0.1152,0.1283,0.136,0.116,0.1304,0.1217,0.1247,0.1277,100,false
1,0,9,0.1164,0.1347,0.1312,0.1094,0.1285,0.1253,0.1324,0.1221,100,false
1,0,10,0.1218,0.1324,0.1293,0.111,0.1279,0.1274,0.1303,0.1199,100,false
1,0,50,0.1329,0.1182,0.1382,0.1489,0.1185,0.1126,0.1054,0.1253,100,false
1,0,100,0.1115,0.1722,0.1573,0.0745,0.1772,0.0958,0.0983,0.1132,100,false
1,0,1000,0.2249,0,0.2921,0,0.2426,0,0.2404,0,100,false
1,0,5000,0.2963,0,0.2515,0,0.2129,0,0.2393,0,100,false
1,0,10000,0.1934,0,0.21,0,0.2942,0,0.3024,0,100,false
1,0,20000,0.2469,0,0.2275,0,0.2385,0,0.2871,0,100,false
1,0,30000,0.1735,0,0.2143,0,0.3662,0,0.246,0,100,false
1,0,40000,0.2176,0,0.2939,0,0.2887,0,0.1998,0,100,false
1,0,50000,0.2469,0,0.2165,0,0.2472,0,0.2894,0,100,false
1,0,60000,0.2238,0,0.2535,0,0.2603,0,0.2624,0,100,false
1,0,70000,0.2589,0,0.2645,0,0.2554,0,0.2212,0,100,false
1,0,80000,0.2265,0,0.2937,0,0.2519,0,0.2279,0,100,false
1,0,90000,0.2622,0,0.321,0,0.217,0,0.1998,0,100,false
1,0,100000,0.2568,0,0.196,0,0.234,0,0.3132,0,100,false
1,0.5,0,0.123,0.1225,0.1312,0.1226,0.1243,0.1299,0.1224,0.1241,100,false
1,0.5,1,0.1139,0.1254,0.1423,0.1239,0.1358,0.1255,0.1049,0.1283,100,false
1,0.5,2,0.1152,0.1284,0.1515,0.1238,0.1419,0.1272,0.0819,0.1301,100,false
1,0.5,3,0.1102,0.1295,0.1609,0.1265,0.1389,0.1188,0.078,0.1372,100,false
1,0.5,4,0.1085,0.1354,0.1711,0.1226,0.1382,0.1136,0.0742,0.1364,100,false
1,0.5,5,0.1114,0.1407,0.1809,0.1174,0.1271,0.1073,0.0706,0.1446,100,false
1,0.5,6,0.1118,0.1458,0.1874,0.1091,0.1229,0.1017,0.0642,0.1571,100,false
1,0.5,7,0.1165,0.1441,0.1914,0.0989,0.1156,0.1017,0.0613,0.1705,100,false
1,0.5,8,0.1305,0.1399,0.1807,0.0922,0.1097,0.1047,0.0592,0.1831,100,false
1,0.5,9,0.1238,0.1374,0.1711,0.0882,0.1096,0.11,0.0616,0.1983,100,false
1,0.5,10,0.1171,0.1275,0.1626,0.0861,0.1126,0.1172,0.0654,0.2115,100,false
1,0.5,50,0.1304,0.1221,0.1988,0.1077,0.1153,0.182,0.0202,0.1235,100,false
1,0.5,100,0.1055,0.1032,0.229,0.0973,0.0852,0.1938,0.0208,0.1652,100,false
1,0.5,1000,0,0.3326,0,0.1426,0,0.2169,0,0.3079,100,false
1,0.5,5000,0,0.2501,0,0.2239,0,0.2678,0,0.2582,100,false
1,0.5,10000,0,0.2315,0,0.2788,0,0.2493,0,0.2404,100,false
1,0.5,20000,0,0.3335,0,0.2294,0,0.2263,0,0.2108,100,false
1,0.5,30000,0,0.2564,0,0.2739,0,0.2102,0,0.2595,100,false
1,0.5,40000,0,0.2377,0,0.2222,0,0.2775,0,0.2626,100,false
1,0.5,50000,0,0.2834,0,0.2233,0,0.2399,0,0.2534,100,false
1,0.5,60000,0,0.2616,0,0.2915,0,0.2365,0,0.2104,100,false
1,0.5,70000,0,0.2499,0,0.2505,0,0.2981,0,0.2015,100,false
1,0.5,80000,0,0.241,0,0.2768,0,0.2149,0,0.2673,100,false
1,0.5,90000,0,0.2345,0,0.2365,0,0.2584,0,0.2706,100,false
1,0.5,100000,0,0.2417,0,0.2668,0,0.2309,0,0.2606,100,false
1,1,0,0.1295,0.1211,0.1253,0.1242,0.1274,0.1311,0.1224,0.119,100,false
1,1,1,0.1026,0.1309,0.1537,0.1243,0.1465,0.1271,0.0929,0.122,100,false
1,1,2,0.0966,0.1402,0.1776,0.1208,0.1533,0.1186,0.0642,0.1287,100,false
1,1,3,0.0958,0.1591,0.1904,0.1149,0.1481,0.1037,0.055,0.133,100,false
1,1,4,0.0958,0.1739,0.1965,0.1032,0.1368,0.101,0.0442,0.1486,100,false
1,1,5,0.0932,0.178,0.1996,0.0887,0.133,0.1001,0.0347,0.1727,100,false
1,1,6,0.0966,0.1779,0.1878,0.0772,0.1248,0.1048,0.0335,0.1974,100,false
1,1,7,0.0942,0.1736,0.1774,0.0723,0.121,0.1068,0.034,0.2207,100,false
1,1,8,0.0894,0.1643,0.1673,0.0681,0.1151,0.1176,0.0348,0.2434,100,false
1,1,9,0.0835,0.154,0.159,0.0606,0.1175,0.1267,0.0373,0.2614,100,false
1,1,10,0.0768,0.1388,0.1578,0.057,0.1163,0.1458,0.0359,0.2716,100,false
1,1,50,0.0445,0.1936,0.2442,0.0567,0.1706,0.1491,0,0.1413,100,false
1,1,100,0.0451,0.0956,0.1753,0.0854,0.1543,0.2435,0,0.2008,100,false
1,1,1000,0,0.274,0,0.2934,0,0.1739,0,0.2587,100,false
1,1,5000,0,0.2414,0,0.2322,0,0.2469,0,0.2795,100,false
1,1,10000,0,0.2305,0,0.2498,0,0.2501,0,0.2696,100,false
1,1,20000,0,0.2846,0,0.2344,0,0.238,0,0.243,100,false
1,1,30000,0,0.3195,0,0.2442,0,0.2166,0,0.2197,100,false
1,1,40000,0,0.2138,0,0.3291,0,0.2616,0,0.1955,100,false
1,1,50000,0,0.2312,0,0.1953,0,0.3104,0,0.2631,100,false
1,1,60000,0,0.2262,0,0.2966,0,0.2408,0,0.2364,100,false
1,1,70000,0,0.2772,0,0.2564,0,0.2068,0,0.2596,100,false
1,1,80000,0,0.259,0,0.2866,0,0.2547,0,0.1997,100,false
1,1,90000,0,0.2412,0,0.2592,0,0.2579,0,0.2417,100,false
1,1,100000,0,0.3007,0,0.1944,0,0.24,0,0.2649,100,false
0,0,0,0.1271,0.1305,0.1247,0.1233,0.1249,0.1212,0.1214,0.1269,100,false
0,0,1,0.1294,0.132,0.123,0.1217,0.1273,0.1179,0.1259,0.1228,100,false
0,0,2,0.1286,0.1304,0.1239,0.1236,0.1288,0.1155,0.1242,0.125,100,false
0,0,3,0.1291,0.1292,0.1228,0.1241,0.1262,0.1176,0.1246,0.1264,100,false
0,0,4,0.1277,0.1292,0.1232,0.122,0.1259,0.1185,0.1252,0.1283,100,false
0,0,5,0.1277,0.131,0.1194,0.1226,0.1267,0.1183,0.1275,0.1268,100,false
0,0,6,0.1321,0.1281,0.1178,0.123,0.1277,0.1182,0.1273,0.1258,100,false
0,0,7,0.1324,0.1248,0.1195,0.1219,0.128,0.1205,0.1248,0.1281,100,false
0,0,8,0.1318,0.1242,0.1184,0.1233,0.1268,0.1214,0.1253,0.1288,100,false
0,0,9,0.1316,0.1233,0.1188,0.1232,0.1273,0.1212,0.1263,0.1283,100,false
0,0,10,0.1332,0.1198,0.1213,0.1224,0.1277,0.1226,0.1263,0.1267,100,false
0,0,50,0.1186,0.1165,0.135,0.1151,0.1376,0.1196,0.1344,0.1232,100,false
0,0,100,0.121,0.1281,0.1343,0.1104,0.1426,0.1109,0.1484,0.1043,100,false
0,0,1000,0.1398,0.0499,0.0887,0.0795,0.13,0.1491,0.1919,0.1711,100,false
0,0,5000,0,0.9746,0,0,0.0129,0.0019,0.0076,0.003,100,true
0,0,10000,0,0.9746,0,0,0.0129,0.0019,0.0076,0.003,100,true
0,0,20000,0,0.9746,0,0,0.0129,0.0019,0.0076,0.003,100,true
0,0,30000,0,0.9746,0,0,0.0129,0.0019,0.0076,0.003,100,true
0,0,40000,0,0.9746,0,0,0.0129,0.0019,0.0076,0.003,100,true
0,0,50000,0,0.9746,0,0,0.0129,0.0019,0.0076,0.003,100,true
0,0,60000,0,0.9746,0,0,0.0129,0.0019,0.0076,0.003,100,true
0,0,70000,0,0.9746,0,0,0.0129,0.0019,0.0076,0.003,100,true
0,0,80000,0,0.9746,0,0,0.0129,0.0019,0.0076,0.003,100,true
0,0,90000,0,0.9746,0,0,0.0129,0.0019,0.0076,0.003,100,true
0,0,100000,0,0.9746,0,0,0.0129,0.0019,0.0076,0.003,100,true
0,0.5,0,0.1204,0.1293,0.1305,0.1221,0.1234,0.1269,0.124,0.1234,100,false
0,0.5,1,0.106,0.1366,0.1466,0.1166,0.1386,0.1276,0.1055,0.1225,100,false
0,0.5,2,0.0932,0.1443,0.155,0.1177,0.1514,0.1196,0.0943,0.1245,100,false
0,0.5,3,0.0854,0.1567,0.1621,0.1159,0.1572,0.113,0.0835,0.1262,100,false
0,0.5,4,0.0804,0.166,0.1646,0.114,0.1672,0.1035,0.0764,0.1279,100,false
0,0.5,5,0.0769,0.1755,0.1618,0.1168,0.173,0.0974,0.0706,0.128,100,false
0,0.5,6,0.0737,0.1872,0.1595,0.1185,0.1744,0.0927,0.0643,0.1297,100,false
0,0.5,7,0.0698,0.2004,0.1542,0.1229,0.1722,0.0901,0.0581,0.1323,100,false
0,0.5,8,0.0677,0.2137,0.1511,0.1221,0.173,0.0839,0.0544,0.1341,100,false
0,0.5,9,0.0673,0.2238,0.148,0.1241,0.1698,0.08,0.0489,0.1381,100,false
0,0.5,10,0.0658,0.2329,0.1441,0.122,0.1719,0.0748,0.0463,0.1422,100,false
0,0.5,50,0.0225,0.3539,0.0185,0.1952,0.0851,0.0854,0.0483,0.1911,100,false
0,0.5,100,0.0197,0.3299,0.0069,0.2549,0.0608,0.1075,0.05,0.1703,100,false
0,0.5,1000,0.0063,0.2746,0.0039,0.3741,0.0231,0.1365,0.0248,0.1567,100,true
0,0.5,5000,0.0063,0.2746,0.0039,0.3741,0.0231,0.1365,0.0248,0.1567,100,true
0,0.5,10000,0.0063,0.2746,0.0039,0.3741,0.0231,0.1365,0.0248,0.1567,100,true
0,0.5,20000,0.0063,0.2746,0.0039,0.3741,0.0231,0.1365,0.0248,0.1567,100,true
0,0.5,30000,0.0063,0.2746,0.0039,0.3741,0.0231,0.1365,0.0248,0.1567,100,true
0,0.5,40000,0.0063,0.2746,0.0039,0.3741,0.0231,0.1365,0.0248,0.1567,100,true
0,0.5,50000,0.0063,0.2746,0.0039,0.3741,0.0231,0.1365,0.0248,0.1567,100,true
0,0.5,60000,0.0063,0.2746,0.0039,0.3741,0.0231,0.1365,0.0248,0.1567,100,true
0,0.5,70000,0.0063,0.2746,0.0039,0.3741,0.0231,0.1365,0.0248,0.1567,100,true
0,0.5,80000,0.0063,0.2746,0.0039,0.3741,0.0231,0.1365,0.0248,0.1567,100,true
0,0.5,90000,0.0063,0.2746,0.0039,0.3741,0.0231,0.1365,0.0248,0.1567,100,true
0,0.5,100000,0.0063,0.2746,0.0039,0.3741,0.0231,0.1365,0.0248,0.1567,100,true
0,1,0,0.1298,0.1143,0.1281,0.1197,0.1238,0.1288,0.1243,0.1312,100,false
0,1,1,0.1044,0.1198,0.1551,0.1207,0.1469,0.1221,0.1003,0.1307,100,false
0,1,2,0.0847,0.1294,0.1736,0.1213,0.1631,0.1167,0.081,0.1302,100,false
0,1,3,0.0685,0.1429,0.1876,0.124,0.172,0.1083,0.0647,0.132,100,false
0,1,4,0.0615,0.1625,0.1892,0.1256,0.1725,0.0995,0.0552,0.134,100,false
0,1,5,0.0552,0.1838,0.1873,0.1253,0.1737,0.0944,0.0446,0.1357,100,false
0,1,6,0.0534,0.2018,0.1855,0.1218,0.1724,0.0882,0.0383,0.1386,100,false
0,1,7,0.052,0.2229,0.1765,0.1197,0.1732,0.0827,0.0323,0.1407,100,false
0,1,8,0.046,0.2441,0.1647,0.1186,0.1728,0.0778,0.0295,0.1465,100,false
0,1,9,0.0475,0.2635,0.1544,0.1146,0.1686,0.0736,0.0275,0.1503,100,false
0,1,10,0.0488,0.2823,0.1401,0.1153,0.1621,0.0708,0.0259,0.1547,100,false
0,1,50,0.0007,0.4064,0.0151,0.1582,0.1088,0.0589,0.0187,0.2332,100,false
0,1,100,0.0053,0.4224,0.0078,0.1548,0.1057,0.0617,0.0135,0.2288,100,false
0,1,1000,0.0006,0.4194,0.007,0.1519,0.0973,0.0858,0.0124,0.2256,100,true
0,1,5000,0.0006,0.4194,0.007,0.1519,0.0973,0.0858,0.0124,0.2256,100,true
0,1,10000,0.0006,0.4194,0.007,0.1519,0.0973,0.0858,0.0124,0.2256,100,true
0,1,20000,0.0006,0.4194,0.007,0.1519,0.0973,0.0858,0.0124,0.2256,100,true
0,1,30000,0.0006,0.4194,0.007,0.1519,0.0973,0.0858,0.0124,0.2256,100,true
0,1,40000,0.0006,0.4194,0.007,0.1519,0.0973,0.0858,0.0124,0.2256,100,true
0,1,50000,0.0006,0.4194,0.007,0.1519,0.0973,0.0858,0.0124,0.2256,100,true
0,1,60000,0.0006,0.4194,0.007,0.1519,0.0973,0.0858,0.0124,0.2256,100,true
0,1,70000,0.0006,0.4194,0.007,0.1519,0.0973,0.0858,0.0124,0.2256,100,true
0,1,80000,0.0006,0.4194,0.007,0.1519,0.0973,0.0858,0.0124,0.2256,100,true
0,1,90000,0.0006,0.4194,0.007,0.1519,0.0973,0.0858,0.0124,0.2256,100,true
0,1,100000,0.0006,0.4194,0.007,0.1519,0.0973,0.0858,0.0124,0.2256,100,true
0.5,0,0,0.1235,0.1226,0.1285,0.1279,0.1268,0.1254,0.1202,0.1251,100,false
0.5,0,1,0.1237,0.1262,0.128,0.1261,0.1301,0.124,0.1162,0.1257,100,false
0.5,0,2,0.1232,0.1293,0.1276,0.1243,0.1327,0.1197,0.1133,0.1299,100,false
0.5,0,3,0.1205,0.131,0.1282,0.1282,0.1279,0.1199,0.1114,0.1329,100,false
0.5,0,4,0.1219,0.1305,0.1295,0.1316,0.1202,0.118,0.1141,0.1342,100,false
0.5,0,5,0.1239,0.1308,0.1315,0.1295,0.1185,0.1169,0.1155,0.1334,100,false
0.5,0,6,0.1244,0.1284,0.1338,0.1289,0.1155,0.1146,0.1172,0.1372,100,false
0.5,0,7,0.1228,0.1311,0.1306,0.1267,0.1141,0.115,0.1175,0.1422,100,false
0.5,0,8,0.1216,0.1293,0.1294,0.1225,0.1151,0.1176,0.12,0.1445,100,false
0.5,0,9,0.1197,0.1265,0.128,0.1185,0.1154,0.1208,0.1197,0.1514,100,false
0.5,0,10,0.1209,0.1253,0.1217,0.1149,0.1173,0.1231,0.1294,0.1474,100,false
0.5,0,50,0.106,0.1002,0.1345,0.1269,0.1276,0.127,0.1542,0.1236,100,false
0.5,0,100,0.1214,0.0879,0.1401,0.1441,0.1548,0.1428,0.112,0.0969,100,false
0.5,0,1000,0.217,0,0.2661,0,0.2392,0,0.2777,0,100,false
0.5,0,5000,0.1823,0,0.2284,0,0.3304,0,0.2589,0,100,false
0.5,0,10000,0.2119,0,0.2861,0,0.3014,0,0.2006,0,100,false
0.5,0,20000,0.2375,0,0.2158,0,0.2842,0,0.2625,0,100,false
0.5,0,30000,0.2625,0,0.2471,0,0.2793,0,0.2111,0,100,false
0.5,0,40000,0.3241,0,0.1672,0,0.2099,0,0.2988,0,100,false
0.5,0,50000,0.291,0,0.2446,0,0.2076,0,0.2568,0,100,false
0.5,0,60000,0.2799,0,0.1671,0,0.2934,0,0.2596,0,100,false
0.5,0,70000,0.2569,0,0.2723,0,0.2876,0,0.1832,0,100,false
0.5,0,80000,0.2106,0,0.2698,0,0.2445,0,0.2751,0,100,false
0.5,0,90000,0.2716,0,0.2298,0,0.2539,0,0.2447,0,100,false
0.5,0,100000,0.3087,0,0.2211,0,0.2332,0,0.237,0,100,false
0.5,0.5,0,0.1301,0.1293,0.1153,0.1269,0.1246,0.1254,0.1223,0.1261,100,false
0.5,0.5,1,0.1157,0.1297,0.1305,0.1239,0.1396,0.1257,0.1093,0.1256,100,false
0.5,0.5,2,0.1086,0.1338,0.1405,0.1216,0.1497,0.1243,0.0965,0.125,100,false
0.5,0.5,3,0.0981,0.1438,0.1478,0.1244,0.1543,0.1161,0.0854,0.1301,100,false
0.5,0.5,4,0.0916,0.1573,0.1556,0.1223,0.1539,0.1093,0.0778,0.1322,100,false
0.5,0.5,5,0.0849,0.1674,0.1654,0.1225,0.1508,0.1022,0.0694,0.1374,100,false
0.5,0.5,6,0.0864,0.1798,0.1659,0.1173,0.1439,0.0988,0.0625,0.1454,100,false
0.5,0.5,7,0.0829,0.1905,0.1643,0.1124,0.1367,0.0985,0.0567,0.158,100,false
0.5,0.5,8,0.0829,0.2005,0.1619,0.1057,0.1303,0.0928,0.0549,0.171,100,false
0.5,0.5,9,0.0861,0.2031,0.154,0.0966,0.1321,0.0927,0.0536,0.1818,100,false
0.5,0.5,10,0.0837,0.2048,0.1494,0.0881,0.1309,0.0955,0.0551,0.1925,100,false
0.5,0.5,50,0.0044,0.1721,0.0942,0.0692,0.1475,0.1244,0.0431,0.3451,100,false
0.5,0.5,100,0,0.1624,0.0573,0.0917,0.1311,0.1414,0.1229,0.2932,100,false
0.5,0.5,1000,0,0.2563,0,0.2609,0,0.2705,0,0.2123,100,false
0.5,0.5,5000,0,0.206,0,0.2494,0,0.2744,0,0.2702,100,false
0.5,0.5,10000,0,0.2038,0,0.2342,0,0.2825,0,0.2795,100,false
0.5,0.5,20000,0,0.2817,0,0.2556,0,0.2564,0,0.2063,100,false
0.5,0.5,30000,0,0.289,0,0.2945,0,0.1715,0,0.245,100,false
0.5,0.5,40000,0,0.2958,0,0.2429,0,0.2852,0,0.1761,100,false
0.5,0.5,50000,0,0.2566,0,0.2444,0,0.2596,0,0.2394,100,false
0.5,0.5,60000,0,0.2954,0,0.205,0,0.2204,0,0.2792,100,false
0.5,0.5,70000,0,0.256,0,0.2693,0,0.2194,0,0.2553,100,false
0.5,0.5,80000,0,0.2174,0,0.2246,0,0.2758,0,0.2822,100,false
0.5,0.5,90000,0,0.2432,0,0.2574,0,0.2568,0,0.2426,100,false
0.5,0.5,100000,0,0.1868,0,0.2615,0,0.3163,0,0.2354,100,false
0.5,1,0,0.1271,0.133,0.1215,0.1281,0.1234,0.1167,0.1273,0.1229,100,false
0.5,1,1,0.1056,0.1359,0.1456,0.1285,0.1411,0.1163,0.1006,0.1264,100,false
0.5,1,2,0.0893,0.1505,0.162,0.1314,0.1483,0.1117,0.078,0.1288,100,false
0.5,1,3,0.0827,0.1605,0.1769,0.1324,0.1507,0.0997,0.0638,0.1333,100,false
0.5,1,4,0.0804,0.1747,0.1823,0.1326,0.1409,0.0896,0.0551,0.1444,100,false
0.5,1,5,0.0825,0.189,0.1837,0.1228,0.1332,0.0883,0.0458,0.1547,100,false
0.5,1,6,0.0811,0.2039,0.1799,0.1095,0.1288,0.0859,0.0383,0.1726,100,false
0.5,1,7,0.0818,0.2144,0.1641,0.1008,0.1259,0.0854,0.0392,0.1884,100,false
0.5,1,8,0.0804,0.2117,0.1555,0.0928,0.1242,0.0874,0.04,0.208,100,false
0.5,1,9,0.0738,0.2136,0.1412,0.0877,0.1222,0.0902,0.0397,0.2316,100,false
0.5,1,10,0.0716,0.2137,0.1281,0.0808,0.1209,0.0922,0.041,0.2517,100,false
0.5,1,50,0.0019,0.16,0.1334,0.06,0.1929,0.1282,0.0374,0.2862,100,false
0.5,1,100,0,0.1885,0.1674,0.0608,0.1353,0.0762,0.0584,0.3134,100,false
0.5,1,1000,0,0.2347,0,0.3186,0,0.277,0,0.1697,100,false
0.5,1,5000,0,0.2443,0,0.2594,0,0.2297,0,0.2666,100,false
0.5,1,10000,0,0.2996,0,0.1761,0,0.2466,0,0.2777,100,false
0.5,1,20000,0,0.2443,0,0.2629,0,0.2836,0,0.2092,100,false
0.5,1,30000,0,0.1923,0,0.2105,0,0.3307,0,0.2665,100,false
0.5,1,40000,0,0.2139,0,0.2739,0,0.2277,0,0.2845,100,false
0.5,1,50000,0,0.2319,0,0.2892,0,0.2231,0,0.2558,100,false
0.5,1,60000,0,0.2812,0,0.2484,0,0.1901,0,0.2803,100,false
0.5,1,70000,0,0.3049,0,0.2663,0,0.2048,0,0.224,100,false
0.5,1,80000,0,0.2196,0,0.2826,0,0.2886,0,0.2092,100,false
0.5,1,90000,0,0.2542,0,0.2473,0,0.2551,0,0.2434,100,false
0.5,1,100000,0,0.315,0,0.2616,0,0.2237,0,0.1997,100,false
1,0,0,0.1233,0.1245,0.1243,0.1219,0.1272,0.1258,0.123,0.13,100,false
1,0,1,0.1243,0.1166,0.1249,0.1254,0.1311,0.1228,0.1204,0.1345,100,false
1,0,2,0.1222,0.1185,0.1206,0.1285,0.1278,0.1242,0.1224,0.1358,100,false
1,0,3,0.1212,0.1172,0.1218,0.1247,0.1309,0.122,0.1255,0.1367,100,false
1,0,4,0.1197,0.1162,0.1261,0.1217,0.1299,0.1264,0.1229,0.1371,100,false
1,0,5,0.1151,0.1179,0.128,0.1225,0.13,0.1255,0.123,0.138,100,false
1,0,6,0.1093,0.1181,0.1276,0.1237,0.1334,0.1282,0.1258,0.1339,100,false
1,0,7,0.1136,0.1167,0.1282,0.1224,0.136,0.1285,0.124,0.1306,100,false
1,0,8,0.1129,0.1147,0.1324,0.1234,0.1352,0.1234,0.1248,0.1332,100,false
1,0,9,0.112,0.1112,0.1392,0.1211,0.1333,0.1212,0.1276,0.1344,100,false
1,0,10,0.1132,0.1173,0.1416,0.1183,0.1308,0.1264,0.1241,0.1283,100,false
1,0,50,0.0766,0.1369,0.0844,0.1261,0.1159,0.1728,0.1312,0.1561,100,false
1,0,100,0.0657,0.1291,0.1233,0.09,0.1938,0.1676,0.0713,0.1592,100,false
1,0,1000,0,0.2684,0,0.2379,0,0.3034,0,0.1903,100,false
1,0,5000,0,0.2478,0,0.2856,0,0.1983,0,0.2683,100,false
1,0,10000,0,0.1957,0,0.1992,0,0.3037,0,0.3014,100,false
1,0,20000,0,0.2295,0,0.2646,0,0.2775,0,0.2284,100,false
1,0,30000,0,0.3369,0,0.2142,0,0.2213,0,0.2276,100,false
1,0,40000,0,0.253,0,0.2457,0,0.2556,0,0.2457,100,false
1,0,50000,0,0.2919,0,0.2561,0,0.2307,0,0.2213,100,false
1,0,60000,0,0.2489,0,0.2569,0,0.2842,0,0.21,100,false
1,0,70000,0,0.2267,0,0.2608,0,0.2501,0,0.2624,100,false
1,0,80000,0,0.266,0,0.1907,0,0.2568,0,0.2865,100,false
1,0,90000,0,0.2387,0,0.2764,0,0.301,0,0.1839,100,false
1,0,100000,0,0.3099,0,0.1611,0,0.2414,0,0.2876,100,false
1,0.5,0,0.1187,0.1235,0.1258,0.1284,0.1227,0.1276,0.1244,0.1289,100,false
1,0.5,1,0.1145,0.1276,0.1395,0.125,0.1367,0.1317,0.0966,0.1284,100,false
1,0.5,2,0.1119,0.1334,0.152,0.1244,0.1382,0.1235,0.0845,0.1321,100,false
1,0.5,3,0.1064,0.1415,0.1631,0.1227,0.1326,0.1188,0.0754,0.1395,100,false
1,0.5,4,0.1091,0.148,0.1613,0.1212,0.1238,0.1166,0.0701,0.1499,100,false
1,0.5,5,0.1155,0.1521,0.1646,0.1151,0.1162,0.1143,0.0635,0.1587,100,false
1,0.5,6,0.1231,0.1558,0.1586,0.1092,0.111,0.1178,0.0579,0.1666,100,false
1,0.5,7,0.1237,0.1532,0.1645,0.0969,0.1071,0.1201,0.0577,0.1768,100,false
1,0.5,8,0.1237,0.1472,0.1657,0.0842,0.1081,0.1267,0.057,0.1874,100,false
1,0.5,9,0.1262,0.1387,0.1599,0.0763,0.1084,0.135,0.0636,0.1919,100,false
1,0.5,10,0.124,0.1269,0.1543,0.0779,0.1123,0.1387,0.0665,0.1994,100,false
1,0.5,50,0.1561,0.1084,0.1488,0.0721,0.1064,0.184,0.009,0.2152,100,false
1,0.5,100,0.0896,0.0961,0.1486,0.1256,0.1034,0.2272,0.0004,0.2091,100,false
1,0.5,1000,0,0.2267,0,0.2648,0,0.2604,0,0.2481,100,false
1,0.5,5000,0,0.2482,0,0.278,0,0.1977,0,0.2761,100,false
1,0.5,10000,0,0.2567,0,0.2526,0,0.2567,0,0.234,100,false
1,0.5,20000,0,0.2565,0,0.2625,0,0.2824,0,0.1986,100,false
1,0.5,30000,0,0.2188,0,0.3111,0,0.2544,0,0.2157,100,false
1,0.5,40000,0,0.2656,0,0.237,0,0.2266,0,0.2708,100,false
1,0.5,50000,0,0.2618,0,0.2989,0,0.2594,0,0.1799,100,false
1,0.5,60000,0,0.2906,0,0.2541,0,0.2368,0,0.2185,100,false
1,0.5,70000,0,0.2133,0,0.277,0,0.2598,0,0.2499,100,false
1,0.5,80000,0,0.2719,0,0.2307,0,0.2655,0,0.2319,100,false
1,0.5,90000,0,0.2178,0,0.2393,0,0.3148,0,0.2281,100,false
1,0.5,100000,0,0.2627,0,0.2303,0,0.2229,0,0.2841,100,false
1,1,0,0.1226,0.1284,0.1283,0.1276,0.1228,0.1176,0.1244,0.1283,100,false
1,1,1,0.1032,0.1287,0.1598,0.123,0.1431,0.1141,0.0947,0.1334,100,false
1,1,2,0.1013,0.1394,0.181,0.1192,0.1411,0.11,0.0729,0.1351,100,false
1,1,3,0.1005,0.1544,0.199,0.107,0.1334,0.1044,0.057,0.1443,100,false
1,1,4,0.1072,0.16,0.1983,0.0997,0.1243,0.1035,0.047,0.16,100,false
1,1,5,0.114,0.1582,0.1946,0.0909,0.1145,0.1035,0.0429,0.1814,100,false
1,1,6,0.1225,0.1537,0.187,0.0825,0.1122,0.1074,0.041,0.1937,100,false
1,1,7,0.1213,0.1504,0.1742,0.0783,0.1163,0.1089,0.0413,0.2093,100,false
1,1,8,0.1142,0.1361,0.1736,0.0754,0.1183,0.117,0.0433,0.2221,100,false
1,1,9,0.0981,0.1268,0.1724,0.0729,0.1188,0.1306,0.0471,0.2333,100,false
1,1,10,0.0831,0.1218,0.1661,0.0758,0.1263,0.1418,0.0483,0.2368,100,false
1,1,50,0.073,0.1578,0.1404,0.0428,0.1312,0.1882,0,0.2666,100,false
1,1,100,0.0487,0.1903,0.1763,0.0587,0.1163,0.1293,0,0.2804,100,false
1,1,1000,0,0.2058,0,0.2027,0,0.3598,0,0.2317,100,false
1,1,5000,0,0.2686,0,0.2743,0,0.2594,0,0.1977,100,false
1,1,10000,0,0.2736,0,0.2868,0,0.229,0,0.2106,100,false
1,1,20000,0,0.2338,0,0.3461,0,0.2171,0,0.203,100,false
1,1,30000,0,0.2525,0,0.3243,0,0.1812,0,0.242,100,false
1,1,40000,0,0.2382,0,0.2207,0,0.2859,0,0.2552,100,false
1,1,50000,0,0.2457,0,0.2231,0,0.2638,0,0.2674,100,false
1,1,60000,0,0.2727,0,0.2769,0,0.231,0,0.2194,100,false
1,1,70000,0,0.236,0,0.2151,0,0.3036,0,0.2453,100,false
1,1,80000,0,0.2555,0,0.2667,0,0.257,0,0.2208,100,false
1,1,90000,0,0.2665,0,0.2471,0,0.1623,0,0.3241,100,false
1,1,100000,0,0.2127,0,0.2301,0,0.2517,0,0.3055,100,false
0,0,0,0.1254,0.1225,0.1306,0.1212,0.1259,0.1251,0.1244,0.1249,100,false
0,0,1,0.1283,0.1263,0.1284,0.1191,0.1238,0.129,0.1247,0.1204,100,false
0,0,2,0.1306,0.1222,0.1327,0.1133,0.127,0.1322,0.1192,0.1228,100,false
0,0,3,0.129,0.1244,0.1298,0.1117,0.1309,0.1303,0.1177,0.1262,100,false
0,0,4,0.128,0.1243,0.1272,0.1119,0.1352,0.1295,0.1165,0.1274,100,false
0,0,5,0.1292,0.1258,0.123,0.1121,0.1351,0.1293,0.1163,0.1292,100,false
0,0,6,0.1287,0.1278,0.1215,0.1124,0.1367,0.1283,0.1166,0.128,100,false
0,0,7,0.1342,0.1227,0.1206,0.1126,0.1392,0.1257,0.1169,0.1281,100,false
0,0,8,0.132,0.1214,0.1211,0.114,0.1388,0.1268,0.1163,0.1296,100,false
0,0,9,0.1327,0.1177,0.1218,0.118,0.1368,0.1268,0.1166,0.1296,100,false
0,0,10,0.1329,0.1163,0.1211,0.1187,0.1378,0.1244,0.1217,0.1271,100,false
0,0,50,0.1198,0.1255,0.1261,0.121,0.1268,0.1273,0.1331,0.1204,100,false
0,0,100,0.0988,0.115,0.1181,0.1186,0.1496,0.1275,0.1277,0.1447,100,false
0,0,1000,0.0767,0.1069,0.0971,0.1397,0.1183,0.1909,0.1196,0.1508,100,false
0,0,5000,0.0385,0.1257,0.0935,0.1433,0.2481,0.1356,0.1347,0.0806,100,false
0,0,10000,0.0009,0.0018,0.0006,0.0014,0.0007,0,0.9946,0,100,true
0,0,20000,0.0009,0.0018,0.0006,0.0014,0.0007,0,0.9946,0,100,true
0,0,30000,0.0009,0.0018,0.0006,0.0014,0.0007,0,0.9946,0,100,true
0,0,40000,0.0009,0.0018,0.0006,0.0014,0.0007,0,0.9946,0,100,true
0,0,50000,0.0009,0.0018,0.0006,0.0014,0.0007,0,0.9946,0,100,true
0,0,60000,0.0009,0.0018,0.0006,0.0014,0.0007,0,0.9946,0,100,true
0,0,70000,0.0009,0.0018,0.0006,0.0014,0.0007,0,0.9946,0,100,true
0,0,80000,0.0009,0.0018,0.0006,0.0014,0.0007,0,0.9946,0,100,true
0,0,90000,0.0009,0.0018,0.0006,0.0014,0.0007,0,0.9946,0,100,true
0,0,100000,0.0009,0.0018,0.0006,0.0014,0.0007,0,0.9946,0,100,true
0,0.5,0,0.1236,0.124,0.1271,0.1222,0.127,0.1254,0.1289,0.1218,100,false
0,0.5,1,0.1054,0.1304,0.1406,0.1235,0.1446,0.1213,0.1172,0.117,100,false
0,0.5,2,0.0944,0.1354,0.151,0.13,0.1496,0.1215,0.1028,0.1153,100,false
0,0.5,3,0.0872,0.1428,0.1606,0.1302,0.1557,0.1142,0.0921,0.1172,100,false
0,0.5,4,0.081,0.1578,0.1648,0.1298,0.1596,0.1085,0.0814,0.1171,100,false
0,0.5,5,0.0786,0.1688,0.1692,0.13,0.1569,0.1033,0.0745,0.1187,100,false
0,0.5,6,0.0757,0.1855,0.1646,0.135,0.1502,0.1007,0.0688,0.1195,100,false
0,0.5,7,0.0736,0.1993,0.162,0.1353,0.1479,0.0972,0.0617,0.123,100,false
0,0.5,8,0.0714,0.2164,0.1556,0.1342,0.1469,0.0927,0.0571,0.1257,100,false
0,0.5,9,0.0689,0.2295,0.1504,0.1333,0.1473,0.0869,0.0541,0.1296,100,false
0,0.5,10,0.0687,0.2392,0.1456,0.1316,0.1458,0.0834,0.0515,0.1342,100,false
0,0.5,50,0.0507,0.3027,0.0221,0.1721,0.1031,0.0767,0.0476,0.225,100,false
0,0.5,100,0.0204,0.339,0.0142,0.2612,0.0405,0.0986,0.0366,0.1895,100,false
0,0.5,1000,0.0031,0.2376,0.0023,0.3486,0.0117,0.1326,0.0228,0.2413,100,true
0,0.5,5000,0.0031,0.2376,0.0023,0.3486,0.0117,0.1326,0.0228,0.2413,100,true
0,0.5,10000,0.0031,0.2376,0.0023,0.3486,0.0117,0.1326,0.0228,0.2413,100,true
0,0.5,20000,0.0031,0.2376,0.0023,0.3486,0.0117,0.1326,0.0228,0.2413,100,true
0,0.5,30000,0.0031,0.2376,0.0023,0.3486,0.0117,0.1326,0.0228,0.2413,100,true
0,0.5,40000,0.0031,0.2376,0.0023,0.3486,0.0117,0.1326,0.0228,0.2413,100,true
0,0.5,50000,0.0031,0.2376,0.0023,0.3486,0.0117,0.1326,0.0228,0.2413,100,true
0,0.5,60000,0.0031,0.2376,0.0023,0.3486,0.0117,0.1326,0.0228,0.2413,100,true
0,0.5,70000,0.0031,0.2376,0.0023,0.3486,0.0117,0.1326,0.0228,0.2413,100,true
0,0.5,80000,0.0031,0.2376,0.0023,0.3486,0.0117,0.1326,0.0228,0.2413,100,true
0,0.5,90000,0.0031,0.2376,0.0023,0.3486,0.0117,0.1326,0.0228,0.2413,100,true
0,0.5,100000,0.0031,0.2376,0.0023,0.3486,0.0117,0.1326,0.0228,0.2413,100,true
0,1,0,0.124,0.1279,0.1262,0.1274,0.124,0.1219,0.1224,0.1262,100,false
0,1,1,0.0998,0.1331,0.15,0.127,0.1494,0.1147,0.1005,0.1255,100,false
0,1,2,0.0828,0.1423,0.1664,0.1303,0.1638,0.1063,0.0829,0.1252,100,false
0,1,3,0.0723,0.1558,0.1759,0.1297,0.1747,0.0966,0.0716,0.1234,100,false
0,1,4,0.0656,0.1723,0.1813,0.1358,0.1715,0.0872,0.0628,0.1235,100,false
0,1,5,0.0584,0.1922,0.1842,0.1334,0.1697,0.0822,0.0535,0.1264,100,false
0,1,6,0.0513,0.2156,0.1831,0.1291,0.1652,0.0795,0.0473,0.1289,100,false
0,1,7,0.0495,0.2383,0.1778,0.1248,0.165,0.0731,0.0413,0.1302,100,false
0,1,8,0.049,0.2637,0.1644,0.1222,0.162,0.0705,0.0358,0.1324,100,false
0,1,9,0.0446,0.2901,0.1479,0.1205,0.161,0.0677,0.0316,0.1366,100,false
0,1,10,0.0439,0.312,0.1339,0.1199,0.1593,0.0633,0.0281,0.1396,100,false
0,1,50,0.0064,0.3912,0.0064,0.1978,0.0805,0.0567,0.0208,0.2402,100,false
0,1,100,0.0012,0.391,0.0028,0.2111,0.0702,0.0596,0.015,0.2491,100,true
0,1,1000,0.0012,0.391,0.0028,0.2111,0.0702,0.0596,0.015,0.2491,100,true
0,1,5000,0.0012,0.391,0.0028,0.2111,0.0702,0.0596,0.015,0.2491,100,true
0,1,10000,0.0012,0.391,0.0028,0.2111,0.0702,0.0596,0.015,0.2491,100,true
0,1,20000,0.0012,0.391,0.0028,0.2111,0.0702,0.0596,0.015,0.2491,100,true
0,1,30000,0.0012,0.391,0.0028,0.2111,0.0702,0.0596,0.015,0.2491,100,true
0,1,40000,0.0012,0.391,0.0028,0.2111,0.0702,0.0596,0.015,0.2491,100,true
0,1,50000,0.0012,0.391,0.0028,0.2111,0.0702,0.0596,0.015,0.2491,100,true
0,1,60000,0.0012,0.391,0.0028,0.2111,0.0702,0.0596,0.015,0.2491,100,true
0,1,70000,0.0012,0.391,0.0028,0.2111,0.0702,0.0596,0.015,0.2491,100,true
0,1,80000,0.0012,0.391,0.0028,0.2111,0.0702,0.0596,0.015,0.2491,100,true
0,1,90000,0.0012,0.391,0.0028,0.2111,0.0702,0.0596,0.015,0.2491,100,true
0,1,100000,0.0012,0.391,0.0028,0.2111,0.0702,0.0596,0.015,0.2491,100,true
0.5,0,0,0.1241,0.1273,0.1182,0.128,0.1252,0.1251,0.1263,0.1258,100,false
0.5,0,1,0.122,0.1294,0.118,0.1226,0.1276,0.1285,0.1283,0.1236,100,false
0.5,0,2,0.1263,0.124,0.1191,0.1216,0.1282,0.1311,0.1263,0.1234,100,false
0.5,0,3,0.1267,0.1248,0.1153,0.1225,0.1331,0.1302,0.1223,0.1251,100,false
0.5,0,4,0.1301,0.1215,0.1134,0.1211,0.1406,0.127,0.1202,0.1261,100,false
0.5,0,5,0.1263,0.1201,0.1149,0.1233,0.1452,0.1246,0.1178,0.1278,100,false
0.5,0,6,0.127,0.1166,0.1158,0.1269,0.1446,0.1244,0.1123,0.1324,100,false
0.5,0,7,0.1252,0.117,0.1179,0.1289,0.1498,0.1205,0.1092,0.1315,100,false
0.5,0,8,0.1229,0.1215,0.1197,0.1322,0.1472,0.1214,0.1051,0.13,100,false
0.5,0,9,0.1228,0.1219,0.1248,0.1289,0.1462,0.1207,0.1021,0.1326,100,false
0.5,0,10,0.1258,0.1199,0.1286,0.1317,0.1429,0.1147,0.1002,0.1362,100,false
0.5,0,50,0.093,0.1523,0.1085,0.11,0.1275,0.1146,0.1502,0.1439,100,false
0.5,0,100,0.1291,0.144,0.0638,0.2048,0.1334,0.0871,0.1082,0.1296,100,false
0.5,0,1000,0.0028,0.2496,0.001,0.2265,0,0.2318,0,0.2883,100,false
0.5,0,5000,0,0.2798,0,0.2672,0,0.2003,0,0.2527,100,false
0.5,0,10000,0,0.2092,0,0.2988,0,0.2022,0,0.2898,100,false
0.5,0,20000,0,0.227,0,0.2589,0,0.2112,0,0.3029,100,false
0.5,0,30000,0,0.2804,0,0.22,0,0.2308,0,0.2688,100,false
0.5,0,40000,0,0.2339,0,0.3101,0,0.1966,0,0.2594,100,false
0.5,0,50000,0,0.2521,0,0.2633,0,0.2913,0,0.1933,100,false
0.5,0,60000,0,0.2479,0,0.3409,0,0.1783,0,0.2329,100,false
0.5,0,70000,0,0.2199,0,0.2447,0,0.2927,0,0.2427,100,false
0.5,0,80000,0,0.237,0,0.247,0,0.2388,0,0.2772,100,false
0.5,0,90000,0,0.226,0,0.2773,0,0.2905,0,0.2062,100,false
0.5,0,100000,0,0.2163,0,0.2882,0,0.2524,0,0.2431,100,false
0.5,0.5,0,0.1258,0.1268,0.1264,0.1219,0.1261,0.1222,0.1256,0.1252,100,false
0.5,0.5,1,0.1182,0.127,0.1415,0.1178,0.1367,0.126,0.1097,0.1231,100,false
0.5,0.5,2,0.105,0.1366,0.1515,0.1173,0.1441,0.1228,0.0981,0.1246,100,false
0.5,0.5,3,0.0957,0.1463,0.1626,0.1138,0.1483,0.1169,0.0848,0.1316,100,false
0.5,0.5,4,0.0896,0.1573,0.1672,0.1145,0.1481,0.11,0.0715,0.1418,100,false
0.5,0.5,5,0.0874,0.1687,0.1681,0.113,0.1462,0.1021,0.0664,0.1481,100,false
0.5,0.5,6,0.0868,0.1786,0.1632,0.1095,0.1427,0.1,0.0624,0.1568,100,false
0.5,0.5,7,0.0831,0.1841,0.1618,0.1075,0.1392,0.0971,0.0594,0.1678,100,false
0.5,0.5,8,0.0837,0.1899,0.1578,0.1018,0.1334,0.0932,0.0576,0.1826,100,false
0.5,0.5,9,0.0816,0.1863,0.1554,0.0969,0.1312,0.0922,0.0551,0.2013,100,false
0.5,0.5,10,0.0799,0.1843,0.1518,0.0889,0.1239,0.0944,0.0546,0.2222,100,false
0.5,0.5,50,0.022,0.2482,0.083,0.0422,0.163,0.1165,0.0531,0.272,100,false
0.5,0.5,100,0,0.1532,0.0776,0.0711,0.1583,0.063,0.0828,0.394,100,false
0.5,0.5,1000,0,0.2626,0,0.2389,0,0.2063,0,0.2922,100,false
0.5,0.5,5000,0,0.2823,0,0.1941,0,0.2688,0,0.2548,100,false
0.5,0.5,10000,0,0.2297,0,0.2726,0,0.2613,0,0.2364,100,false
0.5,0.5,20000,0,0.2827,0,0.1926,0,0.2112,0,0.3135,100,false
0.5,0.5,30000,0,0.2195,0,0.2262,0,0.1886,0,0.3657,100,false
0.5,0.5,40000,0,0.2304,0,0.2835,0,0.2188,0,0.2673,100,false
0.5,0.5,50000,0,0.2637,0,0.2535,0,0.1884,0,0.2944,100,false
0.5,0.5,60000,0,0.2125,0,0.233,0,0.2918,0,0.2627,100,false
0.5,0.5,70000,0,0.1945,0,0.3001,0,0.2903,0,0.2151,100,false
0.5,0.5,80000,0,0.2026,0,0.3282,0,0.242,0,0.2272,100,false
0.5,0.5,90000,0,0.2859,0,0.2905,0,0.2373,0,0.1863,100,false
0.5,0.5,100000,0,0.1846,0,0.2221,0,0.3048,0,0.2885,100,false
0.5,1,0,0.1253,0.1269,0.1245,0.1238,0.1257,0.1215,0.1265,0.1258,100,false
0.5,1,1,0.0994,0.133,0.1492,0.1244,0.1497,0.1163,0.1052,0.1228,100,false
0.5,1,2,0.0865,0.1398,0.1758,0.1232,0.1571,0.1103,0.079,0.1283,100,false
0.5,1,3,0.0751,0.1523,0.1944,0.1175,0.1596,0.1029,0.0647,0.1335,100,false
0.5,1,4,0.0685,0.1738,0.2011,0.1075,0.1617,0.0941,0.0527,0.1406,100,false
0.5,1,5,0.0643,0.1971,0.1954,0.1056,0.1545,0.087,0.046,0.1501,100,false
0.5,1,6,0.0635,0.2157,0.19,0.0953,0.1493,0.0826,0.0408,0.1628,100,false
0.5,1,7,0.0636,0.233,0.1821,0.088,0.1437,0.0776,0.0379,0.1741,100,false
0.5,1,8,0.0666,0.2465,0.1661,0.0822,0.1376,0.0749,0.0355,0.1906,100,false
0.5,1,9,0.0698,0.2476,0.1542,0.0777,0.1309,0.0802,0.0307,0.2089,100,false
0.5,1,10,0.0633,0.2499,0.1416,0.0707,0.1281,0.0841,0.0304,0.2319,100,false
0.5,1,50,0.0007,0.1507,0.1409,0.0536,0.1938,0.107,0.0362,0.3171,100,false
0.5,1,100,0,0.2474,0.1563,0.0729,0.2178,0.0502,0.0667,0.1887,100,false
0.5,1,1000,0,0.414,0,0.0885,0.1723,0,0.2132,0.112,100,false
0.5,1,5000,0,0.4783,0,0.0657,0.1517,0,0.226,0.0783,100,false
0.5,1,10000,0,0.5942,0,0.0313,0.1007,0,0.1881,0.0857,100,false
0.5,1,20000,0,0.61,0,0.0435,0.1384,0,0.1511,0.057,100,false
0.5,1,30000,0,0.4094,0,0.131,0.1872,0,0.1681,0.1043,100,false
0.5,1,40000,0,0.5329,0,0.0351,0.2412,0,0.0901,0.1007,100,false
0.5,1,50000,0,0.531,0,0.0876,0.1859,0,0.1641,0.0314,100,false
0.5,1,60000,0,0.3886,0,0.1015,0.3463,0,0.0728,0.0908,100,false
0.5,1,70000,0,0.4535,0,0.0882,0.218,0,0.1982,0.0421,100,false
0.5,1,80000,0,0.408,0,0.11,0.2669,0,0.1367,0.0784,100,false
0.5,1,90000,0,0.4049,0,0,0.5691,0,0.0142,0.0118,100,true
0.5,1,100000,0,0.4049,0,0,0.5691,0,0.0142,0.0118,100,true
1,0,0,0.1223,0.1258,0.1307,0.1173,0.1181,0.1225,0.1373,0.126,100,false
1,0,1,0.1163,0.124,0.129,0.1192,0.1188,0.126,0.1443,0.1224,100,false
1,0,2,0.1083,0.1263,0.1298,0.1145,0.1217,0.1345,0.142,0.1229,100,false
1,0,3,0.1079,0.1301,0.1264,0.1157,0.1287,0.1415,0.1295,0.1202,100,false
1,0,4,0.1072,0.134,0.1319,0.1134,0.1275,0.14,0.1271,0.1189,100,false
1,0,5,0.1095,0.1363,0.1338,0.1128,0.1283,0.1439,0.1206,0.1148,100,false
1,0,6,0.1123,0.1376,0.1298,0.1177,0.1288,0.1436,0.1159,0.1143,100,false
1,0,7,0.1167,0.1435,0.1281,0.1205,0.1267,0.1406,0.1117,0.1122,100,false
1,0,8,0.1204,0.1469,0.1284,0.1265,0.1204,0.1404,0.1017,0.1153,100,false
1,0,9,0.1237,0.1499,0.1256,0.1265,0.1199,0.1345,0.0996,0.1203,100,false
1,0,10,0.1253,0.153,0.1206,0.1238,0.1207,0.1311,0.0991,0.1264,100,false
1,0,50,0.1212,0.103,0.1115,0.1979,0.1063,0.0856,0.125,0.1495,100,false
1,0,100,0.1545,0.1762,0.152,0.1118,0.1216,0.1096,0.1066,0.0677,100,false
1,0,1000,0.2743,0,0.2638,0,0.1951,0,0.2668,0,100,false
1,0,5000,0.2905,0,0.211,0,0.2435,0,0.255,0,100,false
1,0,10000,0.2257,0,0.2443,0,0.2856,0,0.2444,0,100,false
1,0,20000,0.3054,0,0.1849,0,0.204,0,0.3057,0,100,false
1,0,30000,0.2586,0,0.1836,0,0.2457,0,0.3121,0,100,false
1,0,40000,0.172,0,0.3191,0,0.2679,0,0.241,0,100,false
1,0,50000,0.3116,0,0.2667,0,0.2372,0,0.1845,0,100,false
1,0,60000,0.1819,0,0.2223,0,0.378,0,0.2178,0,100,false
1,0,70000,0.2631,0,0.2875,0,0.2248,0,0.2246,0,100,false
1,0,80000,0.2799,0,0.2902,0,0.275,0,0.1549,0,100,false
1,0,90000,0.2675,0,0.2304,0,0.2084,0,0.2937,0,100,false
1,0,100000,0.3018,0,0.2584,0,0.1913,0,0.2485,0,100,false
1,0.5,0,0.1261,0.1212,0.1214,0.1262,0.126,0.123,0.1288,0.1273,100,false
1,0.5,1,0.1066,0.1304,0.1395,0.1267,0.1338,0.1202,0.1168,0.126,100,false
1,0.5,2,0.1037,0.1319,0.1585,0.1263,0.1355,0.118,0.0974,0.1287,100,false
1,0.5,3,0.1009,0.1392,0.17,0.1236,0.1371,0.1123,0.0872,0.1297,100,false
1,0.5,4,0.1007,0.1452,0.1812,0.1158,0.1385,0.1028,0.0757,0.1401,100,false
1,0.5,5,0.1063,0.1537,0.1873,0.105,0.1343,0.1008,0.0668,0.1458,100,false
1,0.5,6,0.1114,0.1591,0.185,0.0976,0.1281,0.0965,0.062,0.1603,100,false
1,0.5,7,0.1168,0.1687,0.1734,0.094,0.1199,0.0991,0.057,0.1711,100,false
1,0.5,8,0.1211,0.1696,0.162,0.0829,0.1147,0.1049,0.0596,0.1852,100,false
1,0.5,9,0.1253,0.1594,0.1458,0.0761,0.1188,0.1081,0.0621,0.2044,100,false
1,0.5,10,0.1284,0.1417,0.1356,0.0729,0.1222,0.1183,0.061,0.2199,100,false
1,0.5,50,0.1279,0.1228,0.1509,0.1158,0.1017,0.1611,0.0121,0.2077,100,false
1,0.5,100,0.0808,0.1355,0.1476,0.1454,0.0471,0.2192,0,0.2244,100,false
1,0.5,1000,0,0.2223,0,0.1846,0,0.259,0,0.3341,100,false
1,0.5,5000,0,0.2453,0,0.1668,0,0.3267,0,0.2612,100,false
1,0.5,10000,0,0.3115,0,0.2696,0,0.1804,0,0.2385,100,false
1,0.5,20000,0,0.255,0,0.1747,0,0.2729,0,0.2974,100,false
1,0.5,30000,0,0.2455,0,0.2882,0,0.2468,0,0.2195,100,false
1,0.5,40000,0,0.2814,0,0.2191,0,0.3107,0,0.1888,100,false
1,0.5,50000,0,0.2703,0,0.2712,0,0.2915,0,0.167,100,false
1,0.5,60000,0,0.2439,0,0.253,0,0.2739,0,0.2292,100,false
1,0.5,70000,0,0.2214,0,0.254,0,0.2697,0,0.2549,100,false
1,0.5,80000,0,0.188,0,0.3361,0,0.2534,0,0.2225,100,false
1,0.5,90000,0,0.2269,0,0.2699,0,0.233,0,0.2702,100,false
1,0.5,100000,0,0.2277,0,0.2469,0,0.2916,0,0.2338,100,false
1,1,0,0.1235,0.1323,0.1246,0.1278,0.1253,0.1269,0.1207,0.1189,100,false
1,1,1,0.1037,0.1388,0.1541,0.1286,0.1442,0.1162,0.0925,0.1219,100,false
1,1,2,0.099,0.1542,0.1704,0.1253,0.1452,0.1055,0.0728,0.1276,100,false
1,1,3,0.1044,0.1652,0.183,0.1154,0.1383,0.0952,0.058,0.1405,100,false
1,1,4,0.1083,0.1761,0.1859,0.1018,0.1236,0.0927,0.0502,0.1614,100,false
1,1,5,0.107,0.1785,0.1884,0.0873,0.1178,0.0941,0.0459,0.181,100,false
1,1,6,0.1048,0.1742,0.1818,0.0747,0.1193,0.099,0.0438,0.2024,100,false
1,1,7,0.1027,0.1646,0.1688,0.0675,0.1225,0.1082,0.0424,0.2233,100,false
1,1,8,0.092,0.1519,0.157,0.0691,0.1239,0.116,0.047,0.2431,100,false
1,1,9,0.0797,0.1384,0.1529,0.0694,0.1294,0.1248,0.0505,0.2549,100,false
1,1,10,0.0658,0.1218,0.1588,0.0693,0.1342,0.135,0.0503,0.2648,100,false
1,1,50,0.0961,0.1568,0.1594,0.048,0.1353,0.1812,0,0.2232,100,false
1,1,100,0.0312,0.2102,0.2529,0.0595,0.089,0.1667,0,0.1905,100,false
1,1,1000,0,0.2563,0,0.2191,0,0.2692,0,0.2554,100,false
1,1,5000,0,0.2298,0,0.244,0,0.2829,0,0.2433,100,false
1,1,10000,0,0.1921,0,0.2694,0,0.286,0,0.2525,100,false
1,1,20000,0,0.2508,0,0.267,0,0.2651,0,0.2171,100,false
1,1,30000,0,0.2434,0,0.2679,0,0.219,0,0.2697,100,false
1,1,40000,0,0.2573,0,0.2048,0,0.2205,0,0.3174,100,false
1,1,50000,0,0.2725,0,0.1697,0,0.2949,0,0.2629,100,false
1,1,60000,0,0.3194,0,0.2002,0,0.2279,0,0.2525,100,false
1,1,70000,0,0.2136,0,0.2536,0,0.3025,0,0.2303,100,false
1,1,80000,0,0.2597,0,0.2238,0,0.2829,0,0.2336,100,false
1,1,90000,0,0.1934,0,0.3008,0,0.3166,0,0.1892,100,false
1,1,100000,0,0.2422,0,0.265,0,0.2423,0,0.2505,100,false
0,0,0,0.1231,0.1254,0.1271,0.1264,0.1223,0.1273,0.1229,0.1255,100,false
0,0,1,0.1222,0.1274,0.1265,0.1213,0.1264,0.128,0.1205,0.1277,100,false
0,0,2,0.12,0.1269,0.1289,0.1232,0.124,0.1279,0.1187,0.1304,100,false
0,0,3,0.1198,0.1278,0.1279,0.1232,0.1236,0.1297,0.1179,0.1301,100,false
0,0,4,0.1187,0.1303,0.1258,0.1249,0.1222,0.1306,0.1176,0.1299,100,false
0,0,5,0.1145,0.1328,0.1275,0.1252,0.1209,0.1334,0.1131,0.1326,100,false
0,0,6,0.1154,0.1334,0.1266,0.1271,0.118,0.1363,0.1117,0.1315,100,false
0,0,7,0.1184,0.1312,0.1269,0.1264,0.1196,0.1352,0.1127,0.1296,100,false
0,0,8,0.1198,0.1316,0.1259,0.1262,0.119,0.133,0.1149,0.1296,100,false
0,0,9,0.1188,0.1329,0.1238,0.1268,0.1179,0.1327,0.1156,0.1315,100,false
0,0,10,0.118,0.1326,0.1261,0.1243,0.1191,0.1301,0.1171,0.1327,100,false
0,0,50,0.1164,0.1245,0.1202,0.1214,0.1189,0.1245,0.1257,0.1484,100,false
0,0,100,0.1321,0.1336,0.11,0.1276,0.1008,0.1284,0.1198,0.1477,100,false
0,0,1000,0.1218,0.029,0.0617,0.0914,0.1494,0.1825,0.1951,0.1691,100,false
0,0,5000,0.0676,0.2204,0.2119,0.0705,0.0907,0.1139,0.1298,0.0952,100,false
0,0,10000,0.0475,0.0904,0.1122,0.1151,0.2071,0.0239,0.3281,0.0757,100,false
0,0,20000,0.152,0.0946,0.087,0.199,0.1677,0.0524,0.0802,0.1671,100,false
0,0,30000,0.0588,0.0826,0.1542,0.0615,0.129,0.2121,0.1345,0.1673,100,false
0,0,40000,0.1851,0.1655,0.1371,0.0981,0.0888,0.0716,0.111,0.1428,100,false
0,0,50000,0.0021,0.0046,0,0.9807,0,0.0055,0.0007,0.0064,100,true
0,0,60000,0.0021,0.0046,0,0.9807,0,0.0055,0.0007,0.0064,100,true
0,0,70000,0.0021,0.0046,0,0.9807,0,0.0055,0.0007,0.0064,100,true
0,0,80000,0.0021,0.0046,0,0.9807,0,0.0055,0.0007,0.0064,100,true
0,0,90000,0.0021,0.0046,0,0.9807,0,0.0055,0.0007,0.0064,100,true
0,0,100000,0.0021,0.0046,0,0.9807,0,0.0055,0.0007,0.0064,100,true
0,0.5,0,0.1248,0.1285,0.1294,0.1263,0.123,0.1215,0.1205,0.126,100,false
0,0.5,1,0.1118,0.1292,0.1452,0.1247,0.1404,0.1156,0.1064,0.1267,100,false
0,0.5,2,0.097,0.1403,0.1544,0.1234,0.1491,0.1085,0.0955,0.1318,100,false
0,0.5,3,0.0895,0.1523,0.1578,0.1283,0.1506,0.1053,0.0844,0.1318,100,false
0,0.5,4,0.0861,0.1645,0.1594,0.1298,0.1502,0.1011,0.0772,0.1317,100,false
0,0.5,5,0.0834,0.1752,0.1586,0.1308,0.1492,0.0969,0.0727,0.1332,100,false
0,0.5,6,0.0818,0.1869,0.1542,0.1343,0.1452,0.0954,0.0667,0.1355,100,false
0,0.5,7,0.0804,0.1936,0.1571,0.1322,0.1451,0.0912,0.0627,0.1377,100,false
0,0.5,8,0.08,0.2036,0.1535,0.1323,0.1421,0.0874,0.0593,0.1418,100,false
0,0.5,9,0.0785,0.2131,0.1477,0.1321,0.1408,0.0843,0.0571,0.1464,100,false
0,0.5,10,0.0817,0.221,0.142,0.131,0.1404,0.0835,0.0511,0.1493,100,false
0,0.5,50,0.0107,0.3297,0.0257,0.1979,0.0901,0.0858,0.0466,0.2135,100,false
0,0.5,100,0.0074,0.3723,0.007,0.2229,0.0648,0.0924,0.0342,0.199,100,false
0,0.5,1000,0.0033,0.3921,0.0049,0.2215,0.048,0.1205,0.0268,0.1829,100,true
0,0.5,5000,0.0033,0.3921,0.0049,0.2215,0.048,0.1205,0.0268,0.1829,100,true
0,0.5,10000,0.0033,0.3921,0.0049,0.2215,0.048,0.1205,0.0268,0.1829,100,true
0,0.5,20000,0.0033,0.3921,0.0049,0.2215,0.048,0.1205,0.0268,0.1829,100,true
0,0.5,30000,0.0033,0.3921,0.0049,0.2215,0.048,0.1205,0.0268,0.1829,100,true
0,0.5,40000,0.0033,0.3921,0.0049,0.2215,0.048,0.1205,0.0268,0.1829,100,true
0,0.5,50000,0.0033,0.3921,0.0049,0.2215,0.048,0.1205,0.0268,0.1829,100,true
0,0.5,60000,0.0033,0.3921,0.0049,0.2215,0.048,0.1205,0.0268,0.1829,100,true
0,0.5,70000,0.0033,0.3921,0.0049,0.2215,0.048,0.1205,0.0268,0.1829,100,true
0,0.5,80000,0.0033,0.3921,0.0049,0.2215,0.048,0.1205,0.0268,0.1829,100,true
0,0.5,90000,0.0033,0.3921,0.0049,0.2215,0.048,0.1205,0.0268,0.1829,100,true
0,0.5,100000,0.0033,0.3921,0.0049,0.2215,0.048,0.1205,0.0268,0.1829,100,true
0,1,0,0.1286,0.1241,0.1235,0.1208,0.1232,0.1294,0.1275,0.1229,100,false
0,1,1,0.1041,0.1249,0.1526,0.117,0.1562,0.1214,0.1017,0.1221,100,false
0,1,2,0.0847,0.1378,0.1593,0.1239,0.1729,0.1125,0.0872,0.1217,100,false
0,1,3,0.0757,0.1488,0.1677,0.1288,0.184,0.1026,0.0761,0.1163,100,false
0,1,4,0.0682,0.1634,0.169,0.1314,0.1907,0.0929,0.0687,0.1157,100,false
0,1,5,0.0609,0.178,0.17,0.1368,0.1935,0.0852,0.0583,0.1173,100,false
0,1,6,0.0535,0.1948,0.1705,0.1409,0.1905,0.0785,0.0507,0.1206,100,false
0,1,7,0.0478,0.2125,0.1681,0.1442,0.1863,0.0727,0.0447,0.1237,100,false
0,1,8,0.0457,0.2305,0.1625,0.1467,0.1785,0.0683,0.0414,0.1264,100,false
0,1,9,0.0458,0.2475,0.157,0.1494,0.1701,0.0632,0.0379,0.1291,100,false
0,1,10,0.0438,0.2655,0.1511,0.1501,0.1616,0.0592,0.0361,0.1326,100,false
0,1,50,0.0107,0.3993,0.0134,0.186,0.0792,0.0651,0.0432,0.2031,100,false
0,1,100,0.0019,0.3937,0.004,0.2295,0.0437,0.1054,0.0231,0.1987,100,false
0,1,1000,0.0019,0.3937,0.004,0.2301,0.0433,0.1054,0.0229,0.1987,100,true
0,1,5000,0.0019,0.3937,0.004,0.2301,0.0433,0.1054,0.0229,0.1987,100,true
0,1,10000,0.0019,0.3937,0.004,0.2301,0.0433,0.1054,0.0229,0.1987,100,true
0,1,20000,0.0019,0.3937,0.004,0.2301,0.0433,0.1054,0.0229,0.1987,100,true
0,1,30000,0.0019,0.3937,0.004,0.2301,0.0433,0.1054,0.0229,0.1987,100,true
0,1,40000,0.0019,0.3937,0.004,0.2301,0.0433,0.1054,0.0229,0.1987,100,true
0,1,50000,0.0019,0.3937,0.004,0.2301,0.0433,0.1054,0.0229,0.1987,100,true
0,1,60000,0.0019,0.3937,0.004,0.2301,0.0433,0.1054,0.0229,0.1987,100,true
0,1,70000,0.0019,0.3937,0.004,0.2301,0.0433,0.1054,0.0229,0.1987,100,true
0,1,80000,0.0019,0.3937,0.004,0.2301,0.0433,0.1054,0.0229,0.1987,100,true
0,1,90000,0.0019,0.3937,0.004,0.2301,0.0433,0.1054,0.0229,0.1987,100,true
0,1,100000,0.0019,0.3937,0.004,0.2301,0.0433,0.1054,0.0229,0.1987,100,true
0.5,0,0,0.1303,0.1265,0.1268,0.122,0.1243,0.122,0.1238,0.1243,100,false
0.5,0,1,0.1262,0.1273,0.1226,0.1215,0.1222,0.1267,0.128,0.1255,100,false
0.5,0,2,0.1299,0.1232,0.1222,0.122,0.1242,0.1283,0.1297,0.1205,100,false
0.5,0,3,0.1312,0.1203,0.123,0.1215,0.13,0.1276,0.1268,0.1196,100,false
0.5,0,4,0.1319,0.1132,0.1267,0.1234,0.1272,0.1325,0.1224,0.1227,100,false
0.5,0,5,0.1288,0.1153,0.126,0.1272,0.1233,0.1317,0.1268,0.1209,100,false
0.5,0,6,0.1231,0.1189,0.1283,0.1291,0.1194,0.1351,0.1269,0.1192,100,false
0.5,0,7,0.1253,0.121,0.1299,0.1299,0.1173,0.1375,0.1263,0.1128,100,false
0.5,0,8,0.1289,0.1219,0.1303,0.1291,0.1172,0.1386,0.1231,0.1109,100,false
0.5,0,9,0.1323,0.1225,0.1312,0.1254,0.1188,0.1395,0.122,0.1083,100,false
0.5,0,10,0.1353,0.1275,0.1317,0.1215,0.1155,0.1401,0.1233,0.1051,100,false
0.5,0,50,0.1095,0.1149,0.1465,0.1083,0.1101,0.1223,0.1612,0.1272,100,false
0.5,0,100,0.1278,0.1248,0.1555,0.1076,0.1757,0.0956,0.0946,0.1184,100,false
0.5,0,1000,0.2006,0.0669,0.1221,0.0228,0.2901,0.0134,0.2348,0.0493,100,false
0.5,0,5000,0.2007,0,0.2472,0,0.278,0,0.2741,0,100,false
0.5,0,10000,0.2397,0,0.2797,0,0.2378,0,0.2428,0,100,false
0.5,0,20000,0.2303,0,0.3175,0,0.1874,0,0.2648,0,100,false
0.5,0,30000,0.2778,0,0.2034,0,0.2481,0,0.2707,0,100,false
0.5,0,40000,0.2582,0,0.2299,0,0.2606,0,0.2513,0,100,false
0.5,0,50000,0.2505,0,0.2027,0,0.2432,0,0.3036,0,100,false
0.5,0,60000,0.2742,0,0.2653,0,0.2351,0,0.2254,0,100,false
0.5,0,70000,0.1961,0,0.3108,0,0.265,0,0.2281,0,100,false
0.5,0,80000,0.2225,0,0.2298,0,0.2841,0,0.2636,0,100,false
0.5,0,90000,0.2891,0,0.2165,0,0.2233,0,0.2711,0,100,false
0.5,0,100000,0.293,0,0.2858,0,0.2051,0,0.2161,0,100,false
0.5,0.5,0,0.1223,0.1316,0.124,0.127,0.1229,0.1238,0.123,0.1254,100,false
0.5,0.5,1,0.1069,0.1375,0.1382,0.1271,0.1336,0.1211,0.1132,0.1224,100,false
0.5,0.5,2,0.1009,0.1432,0.1502,0.1271,0.1433,0.1147,0.0982,0.1224,100,false
0.5,0.5,3,0.0957,0.1529,0.1601,0.1263,0.1463,0.1084,0.0824,0.1279,100,false
0.5,0.5,4,0.0955,0.1597,0.1637,0.125,0.146,0.1021,0.0715,0.1365,100,false
0.5,0.5,5,0.0944,0.1683,0.1696,0.1167,0.144,0.0979,0.0644,0.1447,100,false
0.5,0.5,6,0.0894,0.1784,0.1673,0.1121,0.1424,0.0924,0.0597,0.1583,100,false
0.5,0.5,7,0.0907,0.1877,0.1659,0.1052,0.1312,0.0924,0.0575,0.1694,100,false
0.5,0.5,8,0.0888,0.1957,0.1559,0.1019,0.1245,0.0948,0.054,0.1844,100,false
0.5,0.5,9,0.0904,0.1995,0.1414,0.1005,0.1208,0.0966,0.0548,0.196,100,false
0.5,0.5,10,0.0891,0.1986,0.1274,0.0992,0.1218,0.0951,0.0585,0.2103,100,false
0.5,0.5,50,0.0131,0.1704,0.0922,0.0581,0.1407,0.116,0.1227,0.2868,100,false
0.5,0.5,100,0,0.2071,0.0587,0.1083,0.3033,0.0545,0.0864,0.1817,100,false
0.5,0.5,1000,0,0.1795,0,0.3122,0,0.2793,0,0.229,100,false
0.5,0.5,5000,0,0.2022,0,0.2131,0,0.2375,0,0.3472,100,false
0.5,0.5,10000,0,0.2475,0,0.2355,0,0.3152,0,0.2018,100,false
0.5,0.5,20000,0,0.242,0,0.2496,0,0.2537,0,0.2547,100,false
0.5,0.5,30000,0,0.3415,0,0.2466,0,0.2274,0,0.1845,100,false
0.5,0.5,40000,0,0.2358,0,0.1997,0,0.277,0,0.2875,100,false
0.5,0.5,50000,0,0.2991,0,0.1908,0,0.207,0,0.3031,100,false
0.5,0.5,60000,0,0.2698,0,0.2857,0,0.2581,0,0.1864,100,false
0.5,0.5,70000,0,0.2561,0,0.2275,0,0.2156,0,0.3008,100,false
0.5,0.5,80000,0,0.2716,0,0.2619,0,0.2794,0,0.1871,100,false
0.5,0.5,90000,0,0.2931,0,0.2259,0,0.19,0,0.291,100,false
0.5,0.5,100000,0,0.202,0,0.2963,0,0.3266,0,0.1751,100,false
0.5,1,0,0.1246,0.1295,0.1239,0.1218,0.1275,0.1228,0.1238,0.1261,100,false
0.5,1,1,0.1075,0.1313,0.1501,0.1181,0.1468,0.1173,0.1014,0.1275,100,false
0.5,1,2,0.0938,0.1387,0.1754,0.1177,0.1597,0.1051,0.0799,0.1297,100,false
0.5,1,3,0.0879,0.1475,0.1935,0.1117,0.1632,0.0949,0.065,0.1363,100,false
0.5,1,4,0.0821,0.1635,0.2099,0.1025,0.1582,0.0894,0.0522,0.1422,100,false
0.5,1,5,0.0794,0.1811,0.2196,0.092,0.1477,0.0861,0.0418,0.1523,100,false
0.5,1,6,0.0778,0.2017,0.2141,0.0811,0.1455,0.0856,0.0293,0.1649,100,false
0.5,1,7,0.0799,0.2169,0.1985,0.0705,0.1412,0.0832,0.0237,0.1861,100,false
0.5,1,8,0.0804,0.2226,0.1767,0.0664,0.1386,0.0835,0.0204,0.2114,100,false
0.5,1,9,0.0758,0.2253,0.1583,0.0589,0.1419,0.0833,0.021,0.2355,100,false
0.5,1,10,0.0763,0.2188,0.1416,0.0544,0.1412,0.0829,0.0223,0.2625,100,false
0.5,1,50,0.0017,0.1167,0.1081,0.0362,0.1792,0.1119,0.0316,0.4146,100,false
0.5,1,100,0,0.1342,0.1472,0.0635,0.1323,0.0879,0.028,0.4069,100,false
0.5,1,1000,0,0.2714,0,0.2601,0,0.2482,0,0.2203,100,false
0.5,1,5000,0,0.2115,0,0.2389,0,0.2757,0,0.2739,100,false
0.5,1,10000,0,0.209,0,0.2562,0,0.2886,0,0.2462,100,false
0.5,1,20000,0,0.2639,0,0.2197,0,0.3051,0,0.2113,100,false
0.5,1,30000,0,0.1856,0,0.278,0,0.3189,0,0.2175,100,false
0.5,1,40000,0,0.2485,0,0.1869,0,0.2828,0,0.2818,100,false
0.5,1,50000,0,0.2001,0,0.2659,0,0.275,0,0.259,100,false
0.5,1,60000,0,0.2033,0,0.2232,0,0.303,0,0.2705,100,false
0.5,1,70000,0,0.2346,0,0.2139,0,0.2852,0,0.2663,100,false
0.5,1,80000,0,0.2032,0,0.2655,0,0.2452,0,0.2861,100,false
0.5,1,90000,0,0.2823,0,0.2479,0,0.2377,0,0.2321,100,false
0.5,1,100000,0,0.2232,0,0.206,0,0.2412,0,0.3296,100,false
1,0,0,0.1248,0.1221,0.1263,0.1256,0.1265,0.1258,0.1241,0.1248,100,false
1,0,1,0.1289,0.1246,0.1213,0.1314,0.1232,0.1239,0.1212,0.1255,100,false
1,0,2,0.1307,0.1216,0.1208,0.1295,0.1196,0.1194,0.1276,0.1308,100,false
1,0,3,0.1289,0.1208,0.121,0.1276,0.121,0.1196,0.1292,0.1319,100,false
1,0,4,0.1275,0.1201,0.1171,0.1266,0.1205,0.1263,0.131,0.1309,100,false
1,0,5,0.1245,0.1189,0.1167,0.1263,0.1243,0.131,0.129,0.1293,100,false
1,0,6,0.1254,0.1155,0.1204,0.1273,0.1231,0.1315,0.1284,0.1284,100,false
1,0,7,0.124,0.113,0.121,0.1268,0.1294,0.1335,0.1274,0.1249,100,false
1,0,8,0.1273,0.1116,0.1182,0.1342,0.1314,0.13,0.1273,0.12,100,false
1,0,9,0.1191,0.1172,0.1178,0.1379,0.1334,0.1276,0.1279,0.1191,100,false
1,0,10,0.1124,0.1193,0.1268,0.137,0.1276,0.1245,0.1303,0.1221,100,false
1,0,50,0.0571,0.1687,0.1029,0.1207,0.1163,0.1155,0.1237,0.1951,100,false
1,0,100,0.1388,0.1815,0.1357,0.0646,0.1174,0.1111,0.0764,0.1745,100,false
1,0,1000,0,0.2746,0,0.2441,0,0.2106,0,0.2707,100,false
1,0,5000,0,0.2027,0,0.2039,0,0.3085,0,0.2849,100,false
1,0,10000,0,0.2398,0,0.2441,0,0.2357,0,0.2804,100,false
1,0,20000,0,0.3113,0,0.27,0,0.2267,0,0.192,100,false
1,0,30000,0,0.2871,0,0.2389,0,0.2563,0,0.2177,100,false
1,0,40000,0,0.2817,0,0.2334,0,0.2622,0,0.2227,100,false
1,0,50000,0,0.2712,0,0.2827,0,0.245,0,0.2011,100,false
1,0,60000,0,0.2756,0,0.2062,0,0.2801,0,0.2381,100,false
1,0,70000,0,0.2572,0,0.2622,0,0.2348,0,0.2458,100,false
1,0,80000,0,0.269,0,0.225,0,0.3136,0,0.1924,100,false
1,0,90000,0,0.2649,0,0.2462,0,0.2711,0,0.2178,100,false
1,0,100000,0,0.2576,0,0.3652,0,0.2107,0,0.1665,100,false
1,0.5,0,0.1278,0.1201,0.1268,0.1228,0.1262,0.1222,0.1259,0.1282,100,false
1,0.5,1,0.1105,0.12,0.1405,0.1261,0.1419,0.1222,0.1119,0.1269,100,false
1,0.5,2,0.1093,0.1261,0.1541,0.1242,0.146,0.1198,0.0896,0.1309,100,false
1,0.5,3,0.1065,0.1307,0.1685,0.1293,0.1396,0.1158,0.0779,0.1317,100,false
1,0.5,4,0.1131,0.1379,0.1825,0.1226,0.1244,0.1135,0.07,0.136,100,false
1,0.5,5,0.1212,0.1438,0.1854,0.1123,0.1115,0.11,0.0651,0.1507,100,false
1,0.5,6,0.1218,0.148,0.1829,0.1009,0.1072,0.1095,0.0644,0.1653,100,false
1,0.5,7,0.1251,0.1448,0.179,0.0911,0.0992,0.1165,0.068,0.1763,100,false
1,0.5,8,0.1277,0.1373,0.1675,0.0846,0.0969,0.1264,0.0695,0.1901,100,false
1,0.5,9,0.1253,0.1251,0.1606,0.0782,0.097,0.1417,0.0761,0.196,100,false
1,0.5,10,0.1224,0.1134,0.1518,0.0783,0.101,0.157,0.0755,0.2006,100,false
1,0.5,50,0.1159,0.0871,0.2507,0.0972,0.1139,0.1592,0.0118,0.1642,100,false
1,0.5,100,0.0722,0.0756,0.2074,0.191,0.0977,0.2062,0.0083,0.1416,100,false
1,0.5,1000,0,0.2551,0,0.2532,0,0.2433,0,0.2484,100,false
1,0.5,5000,0,0.2381,0,0.2789,0,0.2466,0,0.2364,100,false
1,0.5,10000,0,0.2394,0,0.2303,0,0.2834,0,0.2469,100,false
1,0.5,20000,0,0.2657,0,0.1976,0,0.2359,0,0.3008,100,false
1,0.5,30000,0,0.2429,0,0.2256,0,0.3051,0,0.2264,100,false
1,0.5,40000,0,0.2599,0,0.2485,0,0.2616,0,0.23,100,false
1,0.5,50000,0,0.281,0,0.2803,0,0.2507,0,0.188,100,false
1,0.5,60000,0,0.2531,0,0.2643,0,0.2384,0,0.2442,100,false
1,0.5,70000,0,0.2179,0,0.2628,0,0.2344,0,0.2849,100,false
1,0.5,80000,0,0.2363,0,0.2436,0,0.2911,0,0.229,100,false
1,0.5,90000,0,0.2529,0,0.2505,0,0.2652,0,0.2314,100,false
1,0.5,100000,0,0.2158,0,0.2833,0,0.3057,0,0.1952,100,false
1,1,0,0.1288,0.1186,0.1296,0.1249,0.1241,0.127,0.1236,0.1234,100,false
1,1,1,0.1092,0.1252,0.1565,0.1296,0.1421,0.1244,0.0894,0.1236,100,false
1,1,2,0.0979,0.1362,0.1862,0.1271,0.1452,0.1118,0.0652,0.1304,100,false
1,1,3,0.0959,0.1528,0.2004,0.1227,0.1392,0.0987,0.0503,0.14,100,false
1,1,4,0.0983,0.1657,0.2011,0.1116,0.1314,0.0918,0.0444,0.1557,100,false
1,1,5,0.1046,0.1783,0.1862,0.1061,0.1221,0.0885,0.042,0.1722,100,false
1,1,6,0.1073,0.182,0.1687,0.0988,0.1169,0.088,0.0388,0.1995,100,false
1,1,7,0.1107,0.1698,0.1554,0.0958,0.1164,0.0878,0.0418,0.2223,100,false
1,1,8,0.0995,0.1589,0.1518,0.0853,0.1187,0.0939,0.0466,0.2453,100,false
1,1,9,0.087,0.1463,0.1508,0.0856,0.1158,0.104,0.0476,0.2629,100,false
1,1,10,0.0808,0.1312,0.1481,0.0876,0.1176,0.1109,0.0491,0.2747,100,false
1,1,50,0.0522,0.2603,0.1804,0.0563,0.1259,0.182,0.0002,0.1427,100,false
1,1,100,0.0237,0.1509,0.2684,0.1094,0.1103,0.1473,0,0.19,100,false
1,1,1000,0,0.2828,0,0.308,0,0.1891,0,0.2201,100,false
1,1,5000,0,0.245,0,0.1897,0,0.2571,0,0.3082,100,false
1,1,10000,0,0.2697,0,0.2544,0,0.2332,0,0.2427,100,false
1,1,20000,0,0.2507,0,0.2526,0,0.2868,0,0.2099,100,false
1,1,30000,0,0.196,0,0.2611,0,0.2572,0,0.2857,100,false
1,1,40000,0,0.1933,0,0.2674,0,0.2931,0,0.2462,100,false
1,1,50000,0,0.2279,0,0.2124,0,0.2616,0,0.2981,100,false
1,1,60000,0,0.2746,0,0.2593,0,0.2576,0,0.2085,100,false
1,1,70000,0,0.3,0,0.2335,0,0.2067,0,0.2598,100,false
1,1,80000,0,0.2775,0,0.1985,0,0.2377,0,0.2863,100,false
1,1,90000,0,0.2772,0,0.2345,0,0.2408,0,0.2475,100,false
1,1,100000,0,0.2621,0,0.2338,0,0.1735,0,0.3306,100,false
0,0,0,0.1245,0.1268,0.1239,0.1301,0.1222,0.123,0.1238,0.1257,100,false
0,0,1,0.1244,0.1268,0.1234,0.1331,0.1196,0.1224,0.1252,0.1251,100,false
0,0,2,0.1242,0.1264,0.1248,0.1328,0.116,0.1233,0.1266,0.1259,100,false
0,0,3,0.1229,0.1276,0.125,0.1326,0.1155,0.1229,0.1275,0.126,100,false
0,0,4,0.121,0.1286,0.1256,0.1304,0.1144,0.1239,0.1289,0.1272,100,false
0,0,5,0.1226,0.128,0.1249,0.129,0.1151,0.125,0.1322,0.1232,100,false
0,0,6,0.1244,0.1282,0.1235,0.1309,0.1128,0.1262,0.1319,0.1221,100,false
0,0,7,0.1209,0.131,0.1211,0.133,0.1126,0.1255,0.1334,0.1225,100,false
0,0,8,0.122,0.1331,0.1192,0.1335,0.1126,0.1241,0.1322,0.1233,100,false
0,0,9,0.1203,0.1342,0.12,0.1326,0.1111,0.1237,0.1333,0.1248,100,false
0,0,10,0.1183,0.1342,0.1214,0.1332,0.1106,0.1234,0.1318,0.1271,100,false
0,0,50,0.1225,0.1191,0.124,0.1478,0.1065,0.1382,0.1174,0.1245,100,false
0,0,100,0.1348,0.1503,0.1141,0.1167,0.0999,0.121,0.1219,0.1413,100,false
0,0,1000,0.0036,0.0083,0.0088,0.0171,0.3077,0.3006,0.1491,0.2048,100,false
0,0,5000,0.0005,0.0023,0,0,0.9825,0,0.0097,0.005,100,true
0,0,10000,0.0005,0.0023,0,0,0.9825,0,0.0097,0.005,100,true
0,0,20000,0.0005,0.0023,0,0,0.9825,0,0.0097,0.005,100,true
0,0,30000,0.0005,0.0023,0,0,0.9825,0,0.0097,0.005,100,true
0,0,40000,0.0005,0.0023,0,0,0.9825,0,0.0097,0.005,100,true
0,0,50000,0.0005,0.0023,0,0,0.9825,0,0.0097,0.005,100,true
0,0,60000,0.0005,0.0023,0,0,0.9825,0,0.0097,0.005,100,true
0,0,70000,0.0005,0.0023,0,0,0.9825,0,0.0097,0.005,100,true
0,0,80000,0.0005,0.0023,0,0,0.9825,0,0.0097,0.005,100,true
0,0,90000,0.0005,0.0023,0,0,0.9825,0,0.0097,0.005,100,true
0,0,100000,0.0005,0.0023,0,0,0.9825,0,0.0097,0.005,100,true
0,0.5,0,0.1251,0.1212,0.1243,0.1282,0.1269,0.1244,0.1287,0.1212,100,false
0,0.5,1,0.1114,0.122,0.1421,0.1305,0.1415,0.1196,0.1143,0.1186,100,false
0,0.5,2,0.1009,0.1312,0.152,0.1323,0.1502,0.1134,0.1014,0.1186,100,false
0,0.5,3,0.0944,0.1393,0.1617,0.1304,0.1586,0.1057,0.0921,0.1178,100,false
0,0.5,4,0.0897,0.1501,0.1682,0.1295,0.1598,0.0997,0.0845,0.1185,100,false
0,0.5,5,0.0828,0.1635,0.1665,0.1325,0.1607,0.093,0.0802,0.1208,100,false
0,0.5,6,0.0766,0.179,0.164,0.1328,0.161,0.088,0.0736,0.125,100,false
0,0.5,7,0.073,0.1913,0.1629,0.132,0.1616,0.0832,0.069,0.127,100,false
0,0.5,8,0.0723,0.201,0.1621,0.1369,0.1535,0.0818,0.0634,0.129,100,false
0,0.5,9,0.07,0.2169,0.159,0.1308,0.1531,0.0793,0.0607,0.1302,100,false
0,0.5,10,0.0709,0.2295,0.1538,0.128,0.1512,0.0756,0.0587,0.1323,100,false
0,0.5,50,0.0268,0.3339,0.0236,0.1635,0.0948,0.0826,0.0572,0.2176,100,false
0,0.5,100,0.0374,0.3752,0.0173,0.2033,0.071,0.0777,0.0327,0.1854,100,false
0,0.5,1000,0.0027,0.4097,0.0037,0.2956,0.0323,0.109,0.0277,0.1193,100,true
0,0.5,5000,0.0027,0.4097,0.0037,0.2956,0.0323,0.109,0.0277,0.1193,100,true
0,0.5,10000,0.0027,0.4097,0.0037,0.2956,0.0323,0.109,0.0277,0.1193,100,true
0,0.5,20000,0.0027,0.4097,0.0037,0.2956,0.0323,0.109,0.0277,0.1193,100,true
0,0.5,30000,0.0027,0.4097,0.0037,0.2956,0.0323,0.109,0.0277,0.1193,100,true
0,0.5,40000,0.0027,0.4097,0.0037,0.2956,0.0323,0.109,0.0277,0.1193,100,true
0,0.5,50000,0.0027,0.4097,0.0037,0.2956,0.0323,0.109,0.0277,0.1193,100,true
0,0.5,60000,0.0027,0.4097,0.0037,0.2956,0.0323,0.109,0.0277,0.1193,100,true
0,0.5,70000,0.0027,0.4097,0.0037,0.2956,0.0323,0.109,0.0277,0.1193,100,true
0,0.5,80000,0.0027,0.4097,0.0037,0.2956,0.0323,0.109,0.0277,0.1193,100,true
0,0.5,90000,0.0027,0.4097,0.0037,0.2956,0.0323,0.109,0.0277,0.1193,100,true
0,0.5,100000,0.0027,0.4097,0.0037,0.2956,0.0323,0.109,0.0277,0.1193,100,true
0,1,0,0.1287,0.1252,0.1285,0.1208,0.1272,0.1238,0.1234,0.1224,100,false
0,1,1,0.1019,0.1271,0.1568,0.123,0.1501,0.1222,0.0952,0.1237,100,false
0,1,2,0.0824,0.1436,0.1714,0.1236,0.165,0.11,0.0765,0.1275,100,false
0,1,3,0.0718,0.1625,0.1742,0.125,0.175,0.0977,0.0678,0.126,100,false
0,1,4,0.0667,0.1779,0.1751,0.1282,0.1762,0.0891,0.0585,0.1283,100,false
0,1,5,0.0575,0.1964,0.1764,0.1305,0.1754,0.0807,0.0548,0.1283,100,false
0,1,6,0.0521,0.2161,0.1746,0.1286,0.1753,0.0737,0.0498,0.1298,100,false
0,1,7,0.0454,0.2397,0.1693,0.1266,0.1717,0.0692,0.045,0.1331,100,false
0,1,8,0.043,0.2647,0.1568,0.1268,0.1653,0.0659,0.0403,0.1372,100,false
0,1,9,0.042,0.2859,0.1451,0.1257,0.1598,0.0633,0.0371,0.1411,100,false
0,1,10,0.0432,0.3058,0.1307,0.1248,0.1564,0.0609,0.0331,0.1451,100,false
0,1,50,0.0019,0.43,0.018,0.1714,0.0936,0.0523,0.0298,0.203,100,false
0,1,100,0.0012,0.43,0.0063,0.2102,0.0813,0.0615,0.0279,0.1816,100,false
0,1,1000,0.0012,0.43,0.0063,0.2109,0.0806,0.0639,0.0255,0.1816,100,true
0,1,5000,0.0012,0.43,0.0063,0.2109,0.0806,0.0639,0.0255,0.1816,100,true
0,1,10000,0.0012,0.43,0.0063,0.2109,0.0806,0.0639,0.0255,0.1816,100,true
0,1,20000,0.0012,0.43,0.0063,0.2109,0.0806,0.0639,0.0255,0.1816,100,true
0,1,30000,0.0012,0.43,0.0063,0.2109,0.0806,0.0639,0.0255,0.1816,100,true
0,1,40000,0.0012,0.43,0.0063,0.2109,0.0806,0.0639,0.0255,0.1816,100,true
0,1,50000,0.0012,0.43,0.0063,0.2109,0.0806,0.0639,0.0255,0.1816,100,true
0,1,60000,0.0012,0.43,0.0063,0.2109,0.0806,0.0639,0.0255,0.1816,100,true
0,1,70000,0.0012,0.43,0.0063,0.2109,0.0806,0.0639,0.0255,0.1816,100,true
0,1,80000,0.0012,0.43,0.0063,0.2109,0.0806,0.0639,0.0255,0.1816,100,true
0,1,90000,0.0012,0.43,0.0063,0.2109,0.0806,0.0639,0.0255,0.1816,100,true
0,1,100000,0.0012,0.43,0.0063,0.2109,0.0806,0.0639,0.0255,0.1816,100,true
0.5,0,0,0.1211,0.1228,0.1234,0.1202,0.1244,0.1288,0.1286,0.1307,100,false
0.5,0,1,0.1171,0.1204,0.1211,0.1236,0.1284,0.1333,0.1284,0.1277,100,false
0.5,0,2,0.1136,0.1151,0.1264,0.1262,0.1335,0.1334,0.1251,0.1267,100,false
0.5,0,3,0.113,0.119,0.1287,0.1272,0.1365,0.1305,0.1211,0.124,100,false
0.5,0,4,0.114,0.1191,0.1342,0.1276,0.1384,0.1244,0.1199,0.1224,100,false
0.5,0,5,0.1149,0.1195,0.1383,0.1275,0.1336,0.1232,0.1198,0.1232,100,false
0.5,0,6,0.1107,0.1255,0.139,0.129,0.1323,0.1258,0.1151,0.1226,100,false
0.5,0,7,0.1122,0.1295,0.1367,0.1305,0.1312,0.1259,0.1104,0.1236,100,false
0.5,0,8,0.1124,0.1326,0.1425,0.1284,0.1285,0.1226,0.1094,0.1236,100,false
0.5,0,9,0.117,0.1333,0.1437,0.1258,0.1284,0.1213,0.1046,0.1259,100,false
0.5,0,10,0.1232,0.1303,0.1462,0.1204,0.1285,0.12,0.1021,0.1293,100,false
0.5,0,50,0.115,0.0918,0.1058,0.0871,0.1416,0.1448,0.1269,0.187,100,false
0.5,0,100,0.0716,0.0684,0.1428,0.0895,0.1799,0.2179,0.105,0.1249,100,false
0.5,0,1000,0.2321,0,0.2362,0,0.2417,0.0013,0.2692,0.0195,100,false
0.5,0,5000,0.2186,0,0.1986,0,0.3111,0,0.2717,0,100,false
0.5,0,10000,0.2988,0,0.2066,0,0.2094,0,0.2852,0,100,false
0.5,0,20000,0.196,0,0.2037,0,0.2982,0,0.3021,0,100,false
0.5,0,30000,0.2227,0,0.2436,0,0.2747,0,0.259,0,100,false
0.5,0,40000,0.2152,0,0.3267,0,0.2432,0,0.2149,0,100,false
0.5,0,50000,0.2166,0,0.2955,0,0.1701,0,0.3178,0,100,false
0.5,0,60000,0.1953,0,0.217,0,0.2985,0,0.2892,0,100,false
0.5,0,70000,0.1919,0,0.2736,0,0.2985,0,0.236,0,100,false
0.5,0,80000,0.2229,0,0.2613,0,0.2407,0,0.2751,0,100,false
0.5,0,90000,0.2182,0,0.2587,0,0.2583,0,0.2648,0,100,false
0.5,0,100000,0.2604,0,0.2399,0,0.2248,0,0.2749,0,100,false
0.5,0.5,0,0.1281,0.122,0.125,0.1249,0.1259,0.1253,0.1274,0.1214,100,false
0.5,0.5,1,0.1213,0.1231,0.1383,0.1284,0.1365,0.121,0.1077,0.1237,100,false
0.5,0.5,2,0.1093,0.1281,0.1538,0.1258,0.1416,0.1161,0.0978,0.1275,100,false
0.5,0.5,3,0.1038,0.1395,0.1593,0.127,0.145,0.1085,0.0881,0.1288,100,false
0.5,0.5,4,0.0962,0.1493,0.1643,0.1283,0.1463,0.102,0.0788,0.1348,100,false
0.5,0.5,5,0.0945,0.1641,0.1695,0.1183,0.1459,0.0966,0.0725,0.1386,100,false
0.5,0.5,6,0.0954,0.1729,0.1711,0.1169,0.1389,0.0909,0.0653,0.1486,100,false
0.5,0.5,7,0.0964,0.1814,0.1681,0.1121,0.1332,0.0876,0.0622,0.159,100,false
0.5,0.5,8,0.0964,0.1898,0.1647,0.1063,0.128,0.0875,0.0593,0.168,100,false
0.5,0.5,9,0.0962,0.1963,0.1589,0.0967,0.1291,0.0862,0.0552,0.1814,100,false
0.5,0.5,10,0.092,0.1977,0.1471,0.0908,0.134,0.0865,0.0555,0.1964,100,false
0.5,0.5,50,0.008,0.2183,0.0986,0.0327,0.145,0.0956,0.0914,0.3104,100,false
0.5,0.5,100,0.0009,0.2184,0.087,0.0766,0.1293,0.0462,0.0994,0.3422,100,false
0.5,0.5,1000,0,0.2612,0,0.2811,0,0.1907,0,0.267,100,false
0.5,0.5,5000,0,0.2367,0,0.2566,0,0.2282,0,0.2785,100,false
0.5,0.5,10000,0,0.2648,0,0.2827,0,0.2789,0,0.1736,100,false
0.5,0.5,20000,0,0.2269,0,0.2919,0,0.2533,0,0.2279,100,false
0.5,0.5,30000,0,0.2097,0,0.2393,0,0.2709,0,0.2801,100,false
0.5,0.5,40000,0,0.2528,0,0.2418,0,0.2626,0,0.2428,100,false
0.5,0.5,50000,0,0.204,0,0.2814,0,0.2353,0,0.2793,100,false
0.5,0.5,60000,0,0.3283,0,0.2674,0,0.2329,0,0.1714,100,false
0.5,0.5,70000,0,0.2166,0,0.1638,0,0.3002,0,0.3194,100,false
0.5,0.5,80000,0,0.2307,0,0.2241,0,0.2808,0,0.2644,100,false
0.5,0.5,90000,0,0.2453,0,0.2456,0,0.2249,0,0.2842,100,false
0.5,0.5,100000,0,0.277,0,0.2211,0,0.2368,0,0.2651,100,false
0.5,1,0,0.1228,0.1243,0.1232,0.1249,0.1318,0.122,0.121,0.13,100,false
0.5,1,1,0.0986,0.1283,0.1555,0.1235,0.1564,0.1126,0.0945,0.1306,100,false
0.5,1,2,0.0806,0.1432,0.1766,0.121,0.171,0.1057,0.0709,0.131,100,false
0.5,1,3,0.0718,0.1658,0.1861,0.1195,0.1704,0.0958,0.056,0.1346,100,false
0.5,1,4,0.0659,0.1866,0.1912,0.1122,0.167,0.0882,0.0463,0.1426,100,false
0.5,1,5,0.0623,0.2087,0.1911,0.1015,0.1582,0.0828,0.0378,0.1576,100,false
0.5,1,6,0.064,0.2338,0.1779,0.0935,0.1497,0.0805,0.033,0.1676,100,false
0.5,1,7,0.0679,0.2482,0.1655,0.0848,0.1427,0.0766,0.029,0.1853,100,false
0.5,1,8,0.0655,0.2543,0.1512,0.0763,0.139,0.0774,0.0262,0.2101,100,false
0.5,1,9,0.0587,0.2606,0.1335,0.0675,0.1405,0.079,0.0256,0.2346,100,false
0.5,1,10,0.0529,0.2507,0.1224,0.0604,0.1436,0.0814,0.0238,0.2648,100,false
0.5,1,50,0.0079,0.1813,0.0608,0.0679,0.0974,0.0934,0.0472,0.4441,100,false
0.5,1,100,0,0.1869,0.0726,0.0557,0.123,0.1238,0.0519,0.3861,100,false
0.5,1,1000,0,0.2659,0,0.2775,0,0.2278,0,0.2288,100,false
0.5,1,5000,0,0.1981,0,0.2924,0,0.2605,0,0.249,100,false
0.5,1,10000,0,0.2374,0,0.2449,0,0.2163,0,0.3014,100,false
0.5,1,20000,0,0.2915,0,0.2189,0,0.2748,0,0.2148,100,false
0.5,1,30000,0,0.1795,0,0.2485,0,0.3631,0,0.2089,100,false
0.5,1,40000,0,0.1826,0,0.2823,0,0.2559,0,0.2792,100,false
0.5,1,50000,0,0.2327,0,0.2674,0,0.2993,0,0.2006,100,false
0.5,1,60000,0,0.2125,0,0.2603,0,0.2648,0,0.2624,100,false
0.5,1,70000,0,0.1786,0,0.2095,0,0.3105,0,0.3014,100,false
0.5,1,80000,0,0.2724,0,0.2711,0,0.2236,0,0.2329,100,false
0.5,1,90000,0,0.2555,0,0.2551,0,0.2517,0,0.2377,100,false
0.5,1,100000,0,0.243,0,0.174,0,0.2705,0,0.3125,100,false
1,0,0,0.1287,0.1271,0.1273,0.1195,0.13,0.1226,0.1204,0.1244,100,false
1,0,1,0.1272,0.1233,0.1242,0.1202,0.126,0.1278,0.1222,0.1291,100,false
1,0,2,0.1267,0.1213,0.1239,0.1212,0.1279,0.126,0.1276,0.1254,100,false
1,0,3,0.1255,0.1204,0.1245,0.1228,0.1241,0.1217,0.134,0.127,100,false
1,0,4,0.1231,0.1165,0.1313,0.12,0.1227,0.1198,0.1368,0.1298,100,false
1,0,5,0.121,0.1127,0.1355,0.1208,0.1222,0.1226,0.131,0.1342,100,false
1,0,6,0.1167,0.1139,0.1387,0.1214,0.1221,0.1274,0.126,0.1338,100,false
1,0,7,0.1205,0.1166,0.1332,0.1211,0.1256,0.129,0.1229,0.1311,100,false
1,0,8,0.1191,0.1161,0.1303,0.1245,0.1235,0.1304,0.1278,0.1283,100,false
1,0,9,0.1188,0.1206,0.1228,0.1259,0.1231,0.132,0.1317,0.1251,100,false
1,0,10,0.1173,0.1273,0.1137,0.1279,0.1271,0.1322,0.1357,0.1188,100,false
1,0,50,0.1035,0.1338,0.1244,0.1134,0.1362,0.1136,0.1324,0.1427,100,false
1,0,100,0.062,0.1232,0.1569,0.1372,0.1035,0.1159,0.1326,0.1687,100,false
1,0,1000,0,0.2147,0,0.2431,0,0.2915,0,0.2507,100,false
1,0,5000,0,0.2712,0,0.2495,0,0.2353,0,0.244,100,false
1,0,10000,0,0.2294,0,0.2225,0,0.2997,0,0.2484,100,false
1,0,20000,0,0.1925,0,0.2906,0,0.257,0,0.2599,100,false
1,0,30000,0,0.2951,0,0.2467,0,0.2243,0,0.2339,100,false
1,0,40000,0,0.2536,0,0.2254,0,0.2764,0,0.2446,100,false
1,0,50000,0,0.1883,0,0.3304,0,0.2419,0,0.2394,100,false
1,0,60000,0,0.3065,0,0.1923,0,0.197,0,0.3042,100,false
1,0,70000,0,0.2417,0,0.2563,0,0.2169,0,0.2851,100,false
1,0,80000,0,0.263,0,0.1328,0,0.2398,0,0.3644,100,false
1,0,90000,0,0.2516,0,0.2889,0,0.2174,0,0.2421,100,false
1,0,100000,0,0.2293,0,0.2746,0,0.2262,0,0.2699,100,false
1,0.5,0,0.1251,0.1274,0.124,0.1221,0.1316,0.1221,0.1234,0.1243,100,false
1,0.5,1,0.1137,0.1253,0.1448,0.1243,0.1434,0.1156,0.1078,0.1251,100,false
1,0.5,2,0.1085,0.1301,0.1644,0.1182,0.1439,0.1134,0.0932,0.1283,100,false
1,0.5,3,0.1111,0.1335,0.1673,0.1199,0.1423,0.1101,0.082,0.1338,100,false
1,0.5,4,0.112,0.1398,0.1747,0.1159,0.1337,0.1083,0.069,0.1466,100,false
1,0.5,5,0.1144,0.1466,0.1725,0.1118,0.1243,0.1088,0.0617,0.1599,100,false
1,0.5,6,0.1148,0.1468,0.1671,0.108,0.1188,0.1124,0.0635,0.1686,100,false
1,0.5,7,0.1086,0.151,0.1655,0.0985,0.1157,0.1125,0.0657,0.1825,100,false
1,0.5,8,0.1111,0.1524,0.1546,0.0882,0.1178,0.1151,0.0652,0.1956,100,false
1,0.5,9,0.1083,0.1433,0.146,0.0867,0.1201,0.1198,0.0644,0.2114,100,false
1,0.5,10,0.0989,0.1295,0.1451,0.084,0.1243,0.1298,0.0628,0.2256,100,false
1,0.5,50,0.0914,0.113,0.1505,0.1307,0.0823,0.2053,0.0152,0.2116,100,false
1,0.5,100,0.1646,0.1265,0.1457,0.0909,0.0673,0.1893,0.0007,0.215,100,false
1,0.5,1000,0,0.3172,0,0.2452,0,0.1831,0,0.2545,100,false
1,0.5,5000,0,0.213,0,0.2343,0,0.2779,0,0.2748,100,false
1,0.5,10000,0,0.2514,0,0.3271,0,0.2439,0,0.1776,100,false
1,0.5,20000,0,0.225,0,0.254,0,0.2962,0,0.2248,100,false
1,0.5,30000,0,0.281,0,0.2268,0,0.2452,0,0.247,100,false
1,0.5,40000,0,0.2446,0,0.2068,0,0.2317,0,0.3169,100,false
1,0.5,50000,0,0.2452,0,0.2791,0,0.1931,0,0.2826,100,false
1,0.5,60000,0,0.2058,0,0.3454,0,0.2027,0,0.2461,100,false
1,0.5,70000,0,0.2446,0,0.2519,0,0.2483,0,0.2552,100,false
1,0.5,80000,0,0.1863,0,0.2475,0,0.2481,0,0.3181,100,false
1,0.5,90000,0,0.2664,0,0.2165,0,0.2138,0,0.3033,100,false
1,0.5,100000,0,0.2827,0,0.192,0,0.2216,0,0.3037,100,false
1,1,0,0.1296,0.1248,0.1286,0.1205,0.122,0.1221,0.1265,0.1259,100,false
1,1,1,0.1066,0.1313,0.1569,0.1211,0.1349,0.1212,0.0999,0.1281,100,false
1,1,2,0.0961,0.1413,0.1766,0.1176,0.1405,0.1146,0.0777,0.1356,100,false
1,1,3,0.0905,0.1567,0.1847,0.1125,0.1342,0.113,0.0636,0.1448,100,false
1,1,4,0.0896,0.1654,0.1831,0.109,0.1329,0.1092,0.0517,0.1591,100,false
1,1,5,0.0871,0.1689,0.1862,0.1032,0.125,0.1086,0.0454,0.1756,100,false
1,1,6,0.0896,0.1667,0.1903,0.0909,0.1176,0.1123,0.0376,0.195,100,false
1,1,7,0.0925,0.1666,0.1824,0.0812,0.1125,0.117,0.0384,0.2094,100,false
1,1,8,0.0955,0.1566,0.1716,0.0717,0.1129,0.1269,0.0367,0.2281,100,false
1,1,9,0.09,0.1475,0.1628,0.0675,0.1216,0.1335,0.0392,0.2379,100,false
1,1,10,0.0842,0.1334,0.1578,0.0704,0.1291,0.1375,0.0411,0.2465,100,false
1,1,50,0.056,0.2181,0.148,0.0447,0.1117,0.2396,0.0019,0.18,100,false
1,1,100,0.0045,0.1615,0.1458,0.1141,0.1241,0.2641,0,0.1859,100,false
1,1,1000,0,0.2634,0,0.2251,0,0.2533,0,0.2582,100,false
1,1,5000,0,0.2549,0,0.2493,0,0.2486,0,0.2472,100,false
1,1,10000,0,0.2278,0,0.2534,0,0.2609,0,0.2579,100,false
1,1,20000,0,0.1983,0,0.3107,0,0.251,0,0.24,100,false
1,1,30000,0,0.2658,0,0.2206,0,0.2349,0,0.2787,100,false
1,1,40000,0,0.2359,0,0.2529,0,0.2097,0,0.3015,100,false
1,1,50000,0,0.2552,0,0.1913,0,0.2746,0,0.2789,100,false
1,1,60000,0,0.2829,0,0.221,0,0.2412,0,0.2549,100,false
1,1,70000,0,0.323,0,0.1987,0,0.224,0,0.2543,100,false
1,1,80000,0,0.2638,0,0.2157,0,0.2388,0,0.2817,100,false
1,1,90000,0,0.2634,0,0.2676,0,0.236,0,0.233,100,false
1,1,100000,0,0.2771,0,0.2584,0,0.2872,0,0.1773,100,false
0,0,0,0.1234,0.126,0.118,0.1269,0.1232,0.1257,0.126,0.1308,100,false
0,0,1,0.1247,0.1248,0.1167,0.1271,0.1218,0.1305,0.1249,0.1295,100,false
0,0,2,0.1235,0.1213,0.1161,0.1309,0.1213,0.1314,0.1257,0.1298,100,false
0,0,3,0.1224,0.1223,0.1165,0.1296,0.1215,0.132,0.1248,0.1309,100,false
0,0,4,0.1217,0.1214,0.1171,0.128,0.1235,0.134,0.1249,0.1294,100,false
0,0,5,0.1203,0.1192,0.1188,0.1279,0.1264,0.1342,0.1232,0.13,100,false
0,0,6,0.1147,0.1186,0.1212,0.1247,0.1329,0.1355,0.1212,0.1312,100,false
0,0,7,0.1091,0.1202,0.125,0.1234,0.1344,0.1361,0.1191,0.1327,100,false
0,0,8,0.1106,0.1203,0.1258,0.1238,0.136,0.1358,0.117,0.1307,100,false
0,0,9,0.1079,0.1239,0.1257,0.1238,0.1358,0.1371,0.1145,0.1313,100,false
0,0,10,0.1059,0.1281,0.128,0.1219,0.1372,0.1375,0.1132,0.1282,100,false
0,0,50,0.1099,0.1312,0.1052,0.125,0.1282,0.1564,0.1141,0.13,100,false
0,0,100,0.1071,0.1468,0.0975,0.1281,0.1397,0.1277,0.104,0.1491,100,false
0,0,1000,0.1301,0.1956,0.0759,0.061,0.1343,0.1464,0.1197,0.137,100,false
0,0,5000,0.1191,0.1952,0.2245,0.1011,0.1497,0.0609,0.0878,0.0617,100,false
0,0,10000,0.1275,0.078,0.2214,0.1129,0.104,0.1781,0.0958,0.0823,100,false
0,0,20000,0.084,0.1119,0.1993,0.146,0.2608,0.0916,0.0363,0.0701,100,false
0,0,30000,0.0671,0.0598,0.3272,0.1886,0.2156,0.037,0.0628,0.0419,100,false
0,0,40000,0.0537,0.0707,0.0506,0.2368,0.1933,0.1833,0.0843,0.1273,100,false
0,0,50000,0.0028,0.0051,0.6418,0.3346,0.0007,0.0097,0,0.0053,100,false
0,0,60000,0,0.0034,0.0033,0.0012,0.0007,0.0097,0,0.9817,100,true
0,0,70000,0,0.0034,0.0033,0.0012,0.0007,0.0097,0,0.9817,100,true
0,0,80000,0,0.0034,0.0033,0.0012,0.0007,0.0097,0,0.9817,100,true
0,0,90000,0,0.0034,0.0033,0.0012,0.0007,0.0097,0,0.9817,100,true
0,0,100000,0,0.0034,0.0033,0.0012,0.0007,0.0097,0,0.9817,100,true
0,0.5,0,0.1274,0.1223,0.1232,0.1298,0.1272,0.1257,0.1208,0.1236,100,false
0,0.5,1,0.1127,0.1241,0.1373,0.1308,0.1368,0.1255,0.1068,0.126,100,false
0,0.5,2,0.1001,0.129,0.149,0.1331,0.145,0.1174,0.0982,0.1282,100,false
0,0.5,3,0.0898,0.1393,0.1589,0.1329,0.151,0.1124,0.088,0.1277,100,false
0,0.5,4,0.0825,0.1506,0.1664,0.1336,0.1522,0.1084,0.0804,0.1259,100,false
0,0.5,5,0.0783,0.1595,0.1687,0.1369,0.1533,0.1027,0.0755,0.1251,100,false
0,0.5,6,0.0764,0.1709,0.1716,0.1386,0.1517,0.0956,0.0704,0.1248,100,false
0,0.5,7,0.0744,0.1838,0.1697,0.1389,0.1506,0.0918,0.0638,0.127,100,false
0,0.5,8,0.0764,0.1962,0.1609,0.1398,0.1472,0.0904,0.0612,0.1279,100,false
0,0.5,9,0.0764,0.2059,0.1579,0.137,0.1458,0.087,0.0588,0.1312,100,false
0,0.5,10,0.0765,0.2144,0.1564,0.1333,0.1425,0.0856,0.0559,0.1354,100,false
0,0.5,50,0.0161,0.3043,0.0285,0.1976,0.0921,0.0864,0.0465,0.2285,100,false
0,0.5,100,0.0065,0.3485,0.0119,0.2219,0.0544,0.1133,0.0341,0.2094,100,false
0,0.5,1000,0.0047,0.3434,0.0084,0.2351,0.0498,0.1344,0.0207,0.2035,100,true
0,0.5,5000,0.0047,0.3434,0.0084,0.2351,0.0498,0.1344,0.0207,0.2035,100,true
0,0.5,10000,0.0047,0.3434,0.0084,0.2351,0.0498,0.1344,0.0207,0.2035,100,true
0,0.5,20000,0.0047,0.3434,0.0084,0.2351,0.0498,0.1344,0.0207,0.2035,100,true
0,0.5,30000,0.0047,0.3434,0.0084,0.2351,0.0498,0.1344,0.0207,0.2035,100,true
0,0.5,40000,0.0047,0.3434,0.0084,0.2351,0.0498,0.1344,0.0207,0.2035,100,true
0,0.5,50000,0.0047,0.3434,0.0084,0.2351,0.0498,0.1344,0.0207,0.2035,100,true
0,0.5,60000,0.0047,0.3434,0.0084,0.2351,0.0498,0.1344,0.0207,0.2035,100,true
0,0.5,70000,0.0047,0.3434,0.0084,0.2351,0.0498,0.1344,0.0207,0.2035,100,true
0,0.5,80000,0.0047,0.3434,0.0084,0.2351,0.0498,0.1344,0.0207,0.2035,100,true
0,0.5,90000,0.0047,0.3434,0.0084,0.2351,0.0498,0.1344,0.0207,0.2035,100,true
0,0.5,100000,0.0047,0.3434,0.0084,0.2351,0.0498,0.1344,0.0207,0.2035,100,true
0,1,0,0.1226,0.1268,0.1234,0.1209,0.124,0.1312,0.1245,0.1266,100,false
0,1,1,0.094,0.1314,0.1455,0.1207,0.1541,0.1263,0.1023,0.1257,100,false
0,1,2,0.0787,0.1433,0.1536,0.1302,0.1665,0.1183,0.0847,0.1247,100,false
0,1,3,0.0667,0.1582,0.1613,0.1361,0.1723,0.1121,0.0701,0.1232,100,false
0,1,4,0.0564,0.1763,0.1687,0.1346,0.1785,0.1062,0.0578,0.1215,100,false
0,1,5,0.0511,0.1962,0.1654,0.1419,0.1747,0.0978,0.0498,0.1231,100,false
0,1,6,0.0467,0.2178,0.1649,0.1431,0.1699,0.0885,0.0436,0.1255,100,false
0,1,7,0.0444,0.239,0.1603,0.1422,0.1634,0.0825,0.0395,0.1287,100,false
0,1,8,0.0449,0.2598,0.1515,0.1436,0.1559,0.0789,0.0343,0.1311,100,false
0,1,9,0.0437,0.28,0.1437,0.1373,0.1542,0.0759,0.0304,0.1348,100,false
0,1,10,0.0458,0.2957,0.1368,0.1359,0.1491,0.0729,0.0263,0.1375,100,false
0,1,50,0.0029,0.436,0.0061,0.1916,0.0856,0.0601,0.0177,0.2,100,false
0,1,1000,0.0024,0.4359,0.0042,0.1978,0.0808,0.0614,0.0173,0.2002,100,true
0,1,5000,0.0024,0.4359,0.0042,0.1978,0.0808,0.0614,0.0173,0.2002,100,true
0,1,10000,0.0024,0.4359,0.0042,0.1978,0.0808,0.0614,0.0173,0.2002,100,true
0,1,20000,0.0024,0.4359,0.0042,0.1978,0.0808,0.0614,0.0173,0.2002,100,true
0,1,30000,0.0024,0.4359,0.0042,0.1978,0.0808,0.0614,0.0173,0.2002,100,true
0,1,40000,0.0024,0.4359,0.0042,0.1978,0.0808,0.0614,0.0173,0.2002,100,true
0,1,50000,0.0024,0.4359,0.0042,0.1978,0.0808,0.0614,0.0173,0.2002,100,true
0,1,60000,0.0024,0.4359,0.0042,0.1978,0.0808,0.0614,0.0173,0.2002,100,true
0,1,70000,0.0024,0.4359,0.0042,0.1978,0.0808,0.0614,0.0173,0.2002,100,true
0,1,80000,0.0024,0.4359,0.0042,0.1978,0.0808,0.0614,0.0173,0.2002,100,true
0,1,90000,0.0024,0.4359,0.0042,0.1978,0.0808,0.0614,0.0173,0.2002,100,true
0,1,100000,0.0024,0.4359,0.0042,0.1978,0.0808,0.0614,0.0173,0.2002,100,true
0.5,0,0,0.1292,0.1252,0.119,0.1293,0.1238,0.1199,0.129,0.1246,100,false
0.5,0,1,0.1266,0.1263,0.1208,0.1312,0.118,0.1234,0.1286,0.1251,100,false
0.5,0,2,0.1262,0.1301,0.1182,0.1296,0.1244,0.1172,0.1314,0.1229,100,false
0.5,0,3,0.1258,0.1329,0.1171,0.1283,0.125,0.1154,0.1296,0.1259,100,false
0.5,0,4,0.1274,0.1331,0.1169,0.1317,0.1204,0.111,0.1343,0.1252,100,false
0.5,0,5,0.1295,0.1324,0.1124,0.1302,0.1245,0.111,0.1369,0.1231,100,false
0.5,0,6,0.1258,0.1321,0.1143,0.1308,0.1219,0.1132,0.1424,0.1195,100,false
0.5,0,7,0.128,0.1316,0.1142,0.1235,0.1212,0.1202,0.1449,0.1164,100,false
0.5,0,8,0.1281,0.1338,0.1137,0.1203,0.123,0.1253,0.1413,0.1145,100,false
0.5,0,9,0.1318,0.1311,0.114,0.1152,0.1265,0.1278,0.1395,0.1141,100,false
0.5,0,10,0.1322,0.1321,0.1108,0.115,0.1311,0.1303,0.1377,0.1108,100,false
0.5,0,50,0.1564,0.1323,0.1121,0.1495,0.1409,0.1181,0.1157,0.075,100,false
0.5,0,100,0.1381,0.1458,0.1312,0.2135,0.0844,0.08,0.1451,0.0619,100,false
0.5,0,1000,0.1196,0.2095,0.1283,0.1424,0.1272,0.1028,0.1145,0.0557,100,false
0.5,0,5000,0.2561,0,0.2607,0,0.2522,0,0.231,0,100,false
0.5,0,10000,0.2282,0,0.2418,0,0.2227,0,0.3073,0,100,false
0.5,0,20000,0.295,0,0.2477,0,0.2325,0,0.2248,0,100,false
0.5,0,30000,0.3158,0,0.2336,0,0.2081,0,0.2425,0,100,false
0.5,0,40000,0.2106,0,0.2778,0,0.269,0,0.2426,0,100,false
0.5,0,50000,0.2672,0,0.2466,0,0.2148,0,0.2714,0,100,false
0.5,0,60000,0.2657,0,0.2369,0,0.212,0,0.2854,0,100,false
0.5,0,70000,0.2539,0,0.272,0,0.1979,0,0.2762,0,100,false
0.5,0,80000,0.2085,0,0.3501,0,0.207,0,0.2344,0,100,false
0.5,0,90000,0.2094,0,0.2544,0,0.2857,0,0.2505,0,100,false
0.5,0,100000,0.2377,0,0.2653,0,0.3083,0,0.1887,0,100,false
0.5,0.5,0,0.1159,0.1268,0.1244,0.123,0.1287,0.1266,0.1255,0.1291,100,false
0.5,0.5,1,0.1011,0.128,0.145,0.1221,0.1383,0.1287,0.1024,0.1344,100,false
0.5,0.5,2,0.0958,0.1312,0.1612,0.121,0.1459,0.1201,0.0892,0.1356,100,false
0.5,0.5,3,0.0846,0.1434,0.1713,0.1254,0.1422,0.1158,0.0792,0.1381,100,false
0.5,0.5,4,0.0823,0.1535,0.1815,0.1241,0.135,0.113,0.0704,0.1402,100,false
0.5,0.5,5,0.0891,0.168,0.1785,0.1159,0.1294,0.1086,0.0659,0.1446,100,false
0.5,0.5,6,0.0936,0.1783,0.1724,0.1077,0.1265,0.1047,0.0615,0.1553,100,false
0.5,0.5,7,0.0901,0.1886,0.1648,0.1036,0.1232,0.1014,0.058,0.1703,100,false
0.5,0.5,8,0.0872,0.1975,0.1591,0.0969,0.123,0.0978,0.0545,0.184,100,false
0.5,0.5,9,0.0851,0.2001,0.1532,0.0904,0.1191,0.1006,0.0568,0.1947,100,false
0.5,0.5,10,0.0847,0.2026,0.1436,0.0846,0.1152,0.104,0.0595,0.2058,100,false
0.5,0.5,50,0.0165,0.2058,0.0853,0.0552,0.1338,0.1349,0.1273,0.2412,100,false
0.5,0.5,100,0,0.1987,0.0212,0.1085,0.3107,0.0737,0.1194,0.1678,100,false
0.5,0.5,1000,0,0.2359,0,0.2196,0,0.3063,0,0.2382,100,false
0.5,0.5,5000,0,0.2687,0,0.2709,0,0.1964,0,0.264,100,false
0.5,0.5,10000,0,0.228,0,0.2248,0,0.3094,0,0.2378,100,false
0.5,0.5,20000,0,0.294,0,0.2548,0,0.2352,0,0.216,100,false
0.5,0.5,30000,0,0.2086,0,0.2395,0,0.2608,0,0.2911,100,false
0.5,0.5,40000,0,0.2704,0,0.2931,0,0.218,0,0.2185,100,false
0.5,0.5,50000,0,0.2539,0,0.2506,0,0.2009,0,0.2946,100,false
0.5,0.5,60000,0,0.2351,0,0.2914,0,0.3086,0,0.1649,100,false
0.5,0.5,70000,0,0.2489,0,0.2093,0,0.2954,0,0.2464,100,false
0.5,0.5,80000,0,0.286,0,0.26,0,0.203,0,0.251,100,false
0.5,0.5,90000,0,0.2475,0,0.3082,0,0.2072,0,0.2371,100,false
0.5,0.5,100000,0,0.1876,0,0.2741,0,0.3038,0,0.2345,100,false
0.5,1,0,0.1209,0.1231,0.132,0.1221,0.1276,0.1236,0.1272,0.1235,100,false
0.5,1,1,0.0948,0.1293,0.1666,0.1221,0.145,0.122,0.0951,0.1251,100,false
0.5,1,2,0.0818,0.1443,0.1867,0.1194,0.1539,0.1148,0.0736,0.1255,100,false
0.5,1,3,0.0743,0.1687,0.202,0.1105,0.1575,0.1045,0.0573,0.1252,100,false
0.5,1,4,0.0711,0.1851,0.2088,0.109,0.1514,0.0965,0.0428,0.1353,100,false
0.5,1,5,0.074,0.2005,0.2097,0.1002,0.1414,0.0885,0.0351,0.1506,100,false
0.5,1,6,0.0754,0.215,0.2042,0.0888,0.1308,0.081,0.0317,0.1731,100,false
0.5,1,7,0.0813,0.2317,0.181,0.0793,0.1248,0.0814,0.0283,0.1922,100,false
0.5,1,8,0.0805,0.2374,0.1613,0.0705,0.1246,0.0825,0.0263,0.2169,100,false
0.5,1,9,0.0811,0.2343,0.1436,0.0626,0.1236,0.0861,0.0271,0.2416,100,false
0.5,1,10,0.0724,0.2307,0.1269,0.0556,0.1273,0.0929,0.0262,0.268,100,false
0.5,1,50,0.0024,0.1111,0.1341,0.0237,0.1453,0.1197,0.0586,0.4051,100,false
0.5,1,100,0,0.1529,0.0987,0.0317,0.2188,0.0781,0.0341,0.3857,100,false
0.5,1,1000,0,0.6759,0.0113,0.0249,0.1832,0,0.0834,0.0213,100,false
0.5,1,5000,0,0.557,0,0.0381,0.1757,0,0.1731,0.0561,100,false
0.5,1,10000,0,0.6434,0,0.0574,0.1247,0,0.1061,0.0684,100,false
0.5,1,20000,0,0.5851,0,0.0615,0.199,0,0.1201,0.0343,100,false
0.5,1,30000,0,0.5707,0,0,0.3879,0,0.0357,0.0057,100,true
0.5,1,40000,0,0.5707,0,0,0.3879,0,0.0357,0.0057,100,true
0.5,1,50000,0,0.5707,0,0,0.3879,0,0.0357,0.0057,100,true
0.5,1,60000,0,0.5707,0,0,0.3879,0,0.0357,0.0057,100,true
0.5,1,70000,0,0.5707,0,0,0.3879,0,0.0357,0.0057,100,true
0.5,1,80000,0,0.5707,0,0,0.3879,0,0.0357,0.0057,100,true
0.5,1,90000,0,0.5707,0,0,0.3879,0,0.0357,0.0057,100,true
0.5,1,100000,0,0.5707,0,0,0.3879,0,0.0357,0.0057,100,true
1,0,0,0.1283,0.1282,0.1248,0.1205,0.1268,0.1197,0.1254,0.1263,100,false
1,0,1,0.1234,0.1196,0.1262,0.1226,0.1241,0.1251,0.1306,0.1284,100,false
1,0,2,0.1154,0.121,0.1275,0.1218,0.1242,0.1282,0.1326,0.1293,100,false
1,0,3,0.1096,0.1216,0.134,0.1205,0.1243,0.1323,0.1307,0.127,100,false
1,0,4,0.106,0.1276,0.1367,0.1179,0.1249,0.1322,0.1282,0.1265,100,false
1,0,5,0.1112,0.1307,0.1315,0.1126,0.1273,0.136,0.1265,0.1242,100,false
1,0,6,0.113,0.1297,0.1322,0.1146,0.1234,0.1408,0.1221,0.1242,100,false
1,0,7,0.1115,0.135,0.1312,0.1164,0.1195,0.1437,0.1215,0.1212,100,false
1,0,8,0.1119,0.1389,0.1263,0.116,0.1216,0.1459,0.1186,0.1208,100,false
1,0,9,0.1128,0.1385,0.1277,0.1168,0.1171,0.1483,0.1184,0.1204,100,false
1,0,10,0.1123,0.1379,0.1299,0.1158,0.1198,0.1458,0.1172,0.1213,100,false
1,0,50,0.1091,0.1244,0.1189,0.136,0.1233,0.1299,0.1067,0.1517,100,false
1,0,100,0.0699,0.1595,0.0631,0.1234,0.1831,0.1312,0.0925,0.1773,100,false
1,0,1000,0,0.3172,0,0.1829,0,0.2661,0,0.2338,100,false
1,0,5000,0,0.2779,0,0.2483,0,0.2707,0,0.2031,100,false
1,0,10000,0,0.2589,0,0.231,0,0.2472,0,0.2629,100,false
1,0,20000,0,0.229,0,0.3116,0,0.217,0,0.2424,100,false
1,0,30000,0,0.2583,0,0.1872,0,0.2739,0,0.2806,100,false
1,0,40000,0,0.2894,0,0.2439,0,0.2132,0,0.2535,100,false
1,0,50000,0,0.2138,0,0.2432,0,0.3206,0,0.2224,100,false
1,0,60000,0,0.1814,0,0.2222,0,0.2885,0,0.3079,100,false
1,0,70000,0,0.2595,0,0.2109,0,0.2193,0,0.3103,100,false
1,0,80000,0,0.2287,0,0.2181,0,0.2851,0,0.2681,100,false
1,0,90000,0,0.2695,0,0.2873,0,0.2331,0,0.2101,100,false
1,0,100000,0,0.2069,0,0.3688,0,0.255,0,0.1693,100,false
1,0.5,0,0.1251,0.1289,0.1241,0.119,0.1257,0.1278,0.1272,0.1222,100,false
1,0.5,1,0.1167,0.1323,0.1462,0.1144,0.1347,0.1285,0.1032,0.124,100,false
1,0.5,2,0.1149,0.1318,0.158,0.1118,0.1435,0.1258,0.0836,0.1306,100,false
1,0.5,3,0.1182,0.1403,0.1594,0.1102,0.1416,0.1236,0.078,0.1287,100,false
1,0.5,4,0.1124,0.1508,0.1645,0.1048,0.1379,0.1215,0.0682,0.1399,100,false
1,0.5,5,0.1084,0.1591,0.1662,0.0962,0.139,0.1194,0.0608,0.1509,100,false
1,0.5,6,0.1062,0.1694,0.1591,0.0925,0.1388,0.1205,0.0571,0.1564,100,false
1,0.5,7,0.1106,0.1714,0.1524,0.0895,0.1393,0.1159,0.0548,0.1661,100,false
1,0.5,8,0.1184,0.1653,0.1412,0.085,0.1439,0.1122,0.055,0.179,100,false
1,0.5,9,0.121,0.155,0.1362,0.0821,0.1415,0.1177,0.0553,0.1912,100,false
1,0.5,10,0.1207,0.1399,0.1342,0.0868,0.1439,0.1257,0.0517,0.1971,100,false
1,0.5,50,0.1036,0.1395,0.2492,0.0573,0.0909,0.1803,0.0323,0.1469,100,false
1,0.5,100,0.1183,0.0893,0.1778,0.1237,0.0798,0.1343,0.0344,0.2424,100,false
1,0.5,1000,0,0.1889,0,0.2455,0,0.3406,0,0.225,100,false
1,0.5,5000,0,0.2471,0,0.2432,0,0.2024,0,0.3073,100,false
1,0.5,10000,0,0.1914,0,0.3339,0,0.3199,0,0.1548,100,false
1,0.5,20000,0,0.259,0,0.193,0,0.3207,0,0.2273,100,false
1,0.5,30000,0,0.2281,0,0.2099,0,0.3113,0,0.2507,100,false
1,0.5,40000,0,0.2183,0,0.2072,0,0.2439,0,0.3306,100,false
1,0.5,50000,0,0.2179,0,0.219,0,0.2751,0,0.288,100,false
1,0.5,60000,0,0.325,0,0.2134,0,0.2252,0,0.2364,100,false
1,0.5,70000,0,0.2887,0,0.255,0,0.246,0,0.2103,100,false
1,0.5,80000,0,0.2186,0,0.3464,0,0.2337,0,0.2013,100,false
1,0.5,90000,0,0.1616,0,0.2313,0,0.2908,0,0.3163,100,false
1,0.5,100000,0,0.2131,0,0.2693,0,0.2889,0,0.2287,100,false
1,1,0,0.1257,0.1276,0.1242,0.1233,0.1297,0.1206,0.1214,0.1275,100,false
1,1,1,0.0997,0.1349,0.1533,0.1191,0.1508,0.1178,0.0989,0.1255,100,false
1,1,2,0.085,0.1476,0.1801,0.1184,0.1575,0.1057,0.0706,0.1351,100,false
1,1,3,0.0833,0.1632,0.1954,0.1154,0.1445,0.0978,0.0523,0.1481,100,false
1,1,4,0.0907,0.1749,0.2017,0.1019,0.1312,0.0913,0.0438,0.1645,100,false
1,1,5,0.093,0.1853,0.1917,0.0928,0.1217,0.0888,0.0387,0.188,100,false
1,1,6,0.0961,0.1947,0.1789,0.0832,0.1108,0.0927,0.0365,0.2071,100,false
1,1,7,0.0959,0.1831,0.1657,0.0754,0.108,0.0996,0.0381,0.2342,100,false
1,1,8,0.0873,0.1622,0.1578,0.0711,0.109,0.1103,0.0395,0.2628,100,false
1,1,9,0.0748,0.1417,0.1546,0.0668,0.1167,0.1244,0.038,0.283,100,false
1,1,10,0.0659,0.123,0.1529,0.0653,0.1223,0.1391,0.0345,0.297,100,false
1,1,50,0.0616,0.2458,0.1591,0.0332,0.1931,0.1295,0.0017,0.176,100,false
1,1,100,0.026,0.1884,0.216,0.0775,0.1008,0.2127,0,0.1786,100,false
1,1,1000,0,0.2191,0,0.2371,0,0.2733,0,0.2705,100,false
1,1,5000,0,0.1819,0,0.2257,0,0.2836,0,0.3088,100,false
1,1,10000,0,0.1957,0,0.2612,0,0.2579,0,0.2852,100,false
1,1,20000,0,0.2672,0,0.2173,0,0.2781,0,0.2374,100,false
1,1,30000,0,0.1671,0,0.2285,0,0.3734,0,0.231,100,false
1,1,40000,0,0.2582,0,0.2139,0,0.2389,0,0.289,100,false
1,1,50000,0,0.2508,0,0.2168,0,0.3326,0,0.1998,100,false
1,1,60000,0,0.2996,0,0.2262,0,0.244,0,0.2302,100,false
1,1,70000,0,0.2317,0,0.2551,0,0.2327,0,0.2805,100,false
1,1,80000,0,0.2465,0,0.2887,0,0.2291,0,0.2357,100,false
1,1,90000,0,0.26,0,0.2842,0,0.2241,0,0.2317,100,false
1,1,100000,0,0.3266,0,0.2231,0,0.2017,0,0.2486,100,false
0,0,0,0.1254,0.1255,0.1247,0.1213,0.1212,0.1263,0.123,0.1326,100,false
0,0,1,0.1244,0.1273,0.122,0.1228,0.1226,0.127,0.1242,0.1297,100,false
0,0,2,0.127,0.1259,0.1222,0.1216,0.1243,0.1246,0.1246,0.1298,100,false
0,0,3,0.1232,0.1284,0.1202,0.1223,0.1242,0.1258,0.1245,0.1314,100,false
0,0,4,0.1226,0.1286,0.1201,0.121,0.1231,0.1275,0.1241,0.133,100,false
0,0,5,0.1222,0.1295,0.1174,0.1231,0.1217,0.1314,0.1239,0.1308,100,false
0,0,6,0.1207,0.1301,0.1173,0.1239,0.1221,0.1317,0.1222,0.132,100,false
0,0,7,0.1183,0.1297,0.1184,0.1242,0.1225,0.1333,0.1175,0.1361,100,false
0,0,8,0.1181,0.1309,0.1177,0.1254,0.1226,0.1334,0.1164,0.1355,100,false
0,0,9,0.1175,0.1331,0.1165,0.1261,0.122,0.1337,0.1161,0.135,100,false
0,0,10,0.1151,0.134,0.1184,0.1254,0.1215,0.1322,0.1179,0.1355,100,false
0,0,50,0.1339,0.1464,0.1168,0.1207,0.12,0.113,0.1155,0.1337,100,false
0,0,100,0.1292,0.1437,0.1429,0.1115,0.1145,0.11,0.1211,0.1271,100,false
0,0,1000,0.004,0.0081,0.0037,0.0025,0.0259,0.4044,0.4408,0.1106,100,false
0,0,5000,0.001,0.0005,0,0.0024,0,0.9941,0,0.002,100,true
0,0,10000,0.001,0.0005,0,0.0024,0,0.9941,0,0.002,100,true
0,0,20000,0.001,0.0005,0,0.0024,0,0.9941,0,0.002,100,true
0,0,30000,0.001,0.0005,0,0.0024,0,0.9941,0,0.002,100,true
0,0,40000,0.001,0.0005,0,0.0024,0,0.9941,0,0.002,100,true
0,0,50000,0.001,0.0005,0,0.0024,0,0.9941,0,0.002,100,true
0,0,60000,0.001,0.0005,0,0.0024,0,0.9941,0,0.002,100,true
0,0,70000,0.001,0.0005,0,0.0024,0,0.9941,0,0.002,100,true
0,0,80000,0.001,0.0005,0,0.0024,0,0.9941,0,0.002,100,true
0,0,90000,0.001,0.0005,0,0.0024,0,0.9941,0,0.002,100,true
0,0,100000,0.001,0.0005,0,0.0024,0,0.9941,0,0.002,100,true
0,0.5,0,0.1175,0.127,0.1296,0.123,0.1257,0.1279,0.1249,0.1244,100,false
0,0.5,1,0.1065,0.131,0.1446,0.1229,0.1387,0.1272,0.1078,0.1213,100,false
0,0.5,2,0.0912,0.1441,0.1543,0.12,0.1473,0.1244,0.0959,0.1228,100,false
0,0.5,3,0.0851,0.1578,0.1563,0.1216,0.1529,0.1197,0.0846,0.122,100,false
0,0.5,4,0.0812,0.1684,0.1566,0.1231,0.1587,0.1139,0.0762,0.1219,100,false
0,0.5,5,0.0771,0.1806,0.1551,0.124,0.1603,0.1099,0.0697,0.1233,100,false
0,0.5,6,0.0751,0.1913,0.1531,0.1256,0.1598,0.1078,0.0617,0.1256,100,false
0,0.5,7,0.0734,0.201,0.1538,0.1243,0.1601,0.1023,0.0556,0.1295,100,false
0,0.5,8,0.0708,0.213,0.148,0.1254,0.1598,0.0979,0.0505,0.1346,100,false
0,0.5,9,0.0711,0.2269,0.1393,0.1269,0.1576,0.0934,0.0487,0.1361,100,false
0,0.5,10,0.0742,0.2334,0.1336,0.1273,0.1558,0.0894,0.049,0.1373,100,false
0,0.5,50,0.0167,0.3136,0.0237,0.1969,0.0768,0.0912,0.07,0.2111,100,false
0,0.5,100,0.0114,0.3398,0.0102,0.2731,0.0475,0.1114,0.0504,0.1562,100,false
0,0.5,1000,0.0052,0.3309,0.0046,0.3397,0.043,0.0989,0.032,0.1457,100,true
0,0.5,5000,0.0052,0.3309,0.0046,0.3397,0.043,0.0989,0.032,0.1457,100,true
0,0.5,10000,0.0052,0.3309,0.0046,0.3397,0.043,0.0989,0.032,0.1457,100,true
0,0.5,20000,0.0052,0.3309,0.0046,0.3397,0.043,0.0989,0.032,0.1457,100,true
0,0.5,30000,0.0052,0.3309,0.0046,0.3397,0.043,0.0989,0.032,0.1457,100,true
0,0.5,40000,0.0052,0.3309,0.0046,0.3397,0.043,0.0989,0.032,0.1457,100,true
0,0.5,50000,0.0052,0.3309,0.0046,0.3397,0.043,0.0989,0.032,0.1457,100,true
0,0.5,60000,0.0052,0.3309,0.0046,0.3397,0.043,0.0989,0.032,0.1457,100,true
0,0.5,70000,0.0052,0.3309,0.0046,0.3397,0.043,0.0989,0.032,0.1457,100,true
0,0.5,80000,0.0052,0.3309,0.0046,0.3397,0.043,0.0989,0.032,0.1457,100,true
0,0.5,90000,0.0052,0.3309,0.0046,0.3397,0.043,0.0989,0.032,0.1457,100,true
0,0.5,100000,0.0052,0.3309,0.0046,0.3397,0.043,0.0989,0.032,0.1457,100,true
0,1,0,0.1276,0.1262,0.1206,0.1228,0.1281,0.1228,0.1258,0.1261,100,false
0,1,1,0.1033,0.126,0.1469,0.1297,0.1493,0.1169,0.0979,0.13,100,false
0,1,2,0.0794,0.1408,0.16,0.1348,0.1625,0.1096,0.0789,0.134,100,false
0,1,3,0.0679,0.1592,0.1643,0.1393,0.1671,0.1008,0.0678,0.1336,100,false
0,1,4,0.0613,0.1771,0.164,0.1432,0.17,0.0904,0.0604,0.1336,100,false
0,1,5,0.0536,0.1948,0.1616,0.1441,0.1702,0.085,0.0541,0.1366,100,false
0,1,6,0.0503,0.2126,0.1591,0.147,0.1624,0.0806,0.0497,0.1383,100,false
0,1,7,0.0487,0.2303,0.1557,0.1493,0.1533,0.077,0.046,0.1397,100,false
0,1,8,0.0482,0.2504,0.1497,0.1472,0.1466,0.0739,0.0408,0.1432,100,false
0,1,9,0.0429,0.2705,0.1447,0.1392,0.1484,0.0695,0.0367,0.1481,100,false
0,1,10,0.041,0.2908,0.1341,0.136,0.1458,0.0669,0.0333,0.1521,100,false
0,1,50,0.0028,0.4049,0.0115,0.1975,0.0892,0.0678,0.0215,0.2048,100,false
0,1,100,0.0013,0.4137,0.0094,0.2018,0.0831,0.0682,0.0196,0.2029,100,false
0,1,1000,0.0013,0.4157,0.0086,0.2016,0.0821,0.0682,0.0196,0.2029,100,true
0,1,5000,0.0013,0.4157,0.0086,0.2016,0.0821,0.0682,0.0196,0.2029,100,true
0,1,10000,0.0013,0.4157,0.0086,0.2016,0.0821,0.0682,0.0196,0.2029,100,true
0,1,20000,0.0013,0.4157,0.0086,0.2016,0.0821,0.0682,0.0196,0.2029,100,true
0,1,30000,0.0013,0.4157,0.0086,0.2016,0.0821,0.0682,0.0196,0.2029,100,true
0,1,40000,0.0013,0.4157,0.0086,0.2016,0.0821,0.0682,0.0196,0.2029,100,true
0,1,50000,0.0013,0.4157,0.0086,0.2016,0.0821,0.0682,0.0196,0.2029,100,true
0,1,60000,0.0013,0.4157,0.0086,0.2016,0.0821,0.0682,0.0196,0.2029,100,true
0,1,70000,0.0013,0.4157,0.0086,0.2016,0.0821,0.0682,0.0196,0.2029,100,true
0,1,80000,0.0013,0.4157,0.0086,0.2016,0.0821,0.0682,0.0196,0.2029,100,true
0,1,90000,0.0013,0.4157,0.0086,0.2016,0.0821,0.0682,0.0196,0.2029,100,true
0,1,100000,0.0013,0.4157,0.0086,0.2016,0.0821,0.0682,0.0196,0.2029,100,true
0.5,0,0,0.1265,0.123,0.1204,0.13,0.1241,0.1215,0.1194,0.1351,100,false
0.5,0,1,0.1285,0.1217,0.1192,0.1314,0.1205,0.124,0.1248,0.1299,100,false
0.5,0,2,0.1235,0.1231,0.1196,0.1291,0.1222,0.1235,0.1261,0.1329,100,false
0.5,0,3,0.125,0.1192,0.123,0.1257,0.1221,0.1247,0.1301,0.1302,100,false
0.5,0,4,0.1241,0.1184,0.1211,0.1275,0.1227,0.1268,0.1343,0.1251,100,false
0.5,0,5,0.1235,0.1165,0.1229,0.1282,0.1226,0.1244,0.1331,0.1288,100,false
0.5,0,6,0.1226,0.1159,0.125,0.1297,0.1201,0.1282,0.1311,0.1274,100,false
0.5,0,7,0.1233,0.113,0.1273,0.13,0.1166,0.1318,0.1273,0.1307,100,false
0.5,0,8,0.1229,0.1118,0.1269,0.1306,0.1202,0.1285,0.1242,0.1349,100,false
0.5,0,9,0.1237,0.1117,0.128,0.131,0.1169,0.1284,0.127,0.1333,100,false
0.5,0,10,0.1206,0.1133,0.1288,0.1317,0.1207,0.1244,0.1268,0.1337,100,false
0.5,0,50,0.1122,0.1478,0.1395,0.1226,0.129,0.1207,0.0744,0.1538,100,false
0.5,0,100,0.1127,0.1474,0.0982,0.0887,0.0773,0.1556,0.1181,0.202,100,false
0.5,0,1000,0,0.2709,0,0.2189,0,0.2493,0,0.2609,100,false
0.5,0,5000,0,0.2616,0,0.2484,0,0.233,0,0.257,100,false
0.5,0,10000,0,0.2286,0,0.1821,0,0.3198,0,0.2695,100,false
0.5,0,20000,0,0.2313,0,0.3059,0,0.2364,0,0.2264,100,false
0.5,0,30000,0,0.2739,0,0.2382,0,0.2357,0,0.2522,100,false
0.5,0,40000,0,0.2161,0,0.3016,0,0.2603,0,0.222,100,false
0.5,0,50000,0,0.1958,0,0.3426,0,0.303,0,0.1586,100,false
0.5,0,60000,0,0.362,0,0.2625,0,0.1559,0,0.2196,100,false
0.5,0,70000,0,0.2428,0,0.2547,0,0.3211,0,0.1814,100,false
0.5,0,80000,0,0.2528,0,0.2472,0,0.2844,0,0.2156,100,false
0.5,0,90000,0,0.2588,0,0.191,0,0.3121,0,0.2381,100,false
0.5,0,100000,0,0.2278,0,0.3447,0,0.242,0,0.1855,100,false
0.5,0.5,0,0.1253,0.1224,0.1243,0.1263,0.1262,0.1207,0.1284,0.1264,100,false
0.5,0.5,1,0.1103,0.1211,0.1406,0.1259,0.139,0.1195,0.116,0.1276,100,false
0.5,0.5,2,0.1,0.1244,0.1599,0.1276,0.1388,0.1172,0.1043,0.1278,100,false
0.5,0.5,3,0.097,0.1358,0.1722,0.1299,0.138,0.1114,0.0889,0.1268,100,false
0.5,0.5,4,0.0963,0.1479,0.1792,0.1306,0.1335,0.1068,0.0726,0.1331,100,false
0.5,0.5,5,0.1025,0.1594,0.1867,0.121,0.1277,0.0994,0.0672,0.1361,100,false
0.5,0.5,6,0.1027,0.1743,0.1832,0.1098,0.1232,0.0947,0.0642,0.1479,100,false
0.5,0.5,7,0.1031,0.1837,0.1731,0.1038,0.1217,0.0915,0.0603,0.1628,100,false
0.5,0.5,8,0.1002,0.1882,0.164,0.0983,0.1209,0.0879,0.0608,0.1797,100,false
0.5,0.5,9,0.0987,0.1909,0.1561,0.0926,0.12,0.0896,0.0603,0.1918,100,false
0.5,0.5,10,0.09,0.1961,0.1446,0.0862,0.1184,0.0951,0.0614,0.2082,100,false
0.5,0.5,50,0.0179,0.1718,0.0631,0.0485,0.1377,0.1209,0.0709,0.3692,100,false
0.5,0.5,100,0.0038,0.1364,0.0786,0.1225,0.231,0.1162,0.0507,0.2608,100,false
0.5,0.5,1000,0,0.2207,0,0.257,0,0.2701,0,0.2522,100,false
0.5,0.5,5000,0,0.2702,0,0.307,0,0.2432,0,0.1796,100,false
0.5,0.5,10000,0,0.2437,0,0.2223,0,0.2446,0,0.2894,100,false
0.5,0.5,20000,0,0.2366,0,0.2852,0,0.2622,0,0.216,100,false
0.5,0.5,30000,0,0.2861,0,0.1912,0,0.2671,0,0.2556,100,false
0.5,0.5,40000,0,0.2553,0,0.3515,0,0.2153,0,0.1779,100,false
0.5,0.5,50000,0,0.2659,0,0.2696,0,0.2511,0,0.2134,100,false
0.5,0.5,60000,0,0.2554,0,0.2239,0,0.2126,0,0.3081,100,false
0.5,0.5,70000,0,0.2812,0,0.313,0,0.216,0,0.1898,100,false
0.5,0.5,80000,0,0.2498,0,0.2787,0,0.2275,0,0.244,100,false
0.5,0.5,90000,0,0.3446,0,0.2355,0,0.1485,0,0.2714,100,false
0.5,0.5,100000,0,0.2421,0,0.2544,0,0.2599,0,0.2436,100,false
0.5,1,0,0.1208,0.1291,0.1275,0.1267,0.1195,0.1231,0.1277,0.1256,100,false
0.5,1,1,0.1061,0.1342,0.1524,0.1195,0.1458,0.1215,0.0992,0.1213,100,false
0.5,1,2,0.092,0.1425,0.1737,0.1164,0.1531,0.1155,0.0785,0.1283,100,false
0.5,1,3,0.0821,0.1495,0.1878,0.122,0.1521,0.1032,0.0687,0.1346,100,false
0.5,1,4,0.0799,0.1593,0.2025,0.1144,0.1477,0.0994,0.0561,0.1407,100,false
0.5,1,5,0.0771,0.1834,0.2087,0.1045,0.1385,0.0936,0.0464,0.1478,100,false
0.5,1,6,0.0758,0.206,0.2087,0.0913,0.1351,0.0884,0.0378,0.1569,100,false
0.5,1,7,0.0744,0.2209,0.1964,0.0789,0.1348,0.0867,0.0331,0.1748,100,false
0.5,1,8,0.0722,0.2277,0.1827,0.0706,0.137,0.0846,0.0304,0.1948,100,false
0.5,1,9,0.0716,0.2244,0.1686,0.0709,0.1351,0.0836,0.0267,0.2191,100,false
0.5,1,10,0.0721,0.2172,0.1555,0.067,0.1314,0.0848,0.0267,0.2453,100,false
0.5,1,50,0,0.1529,0.13,0.0593,0.154,0.0911,0.0421,0.3706,100,false
0.5,1,100,0,0.2386,0.0903,0.0632,0.1474,0.1234,0.0285,0.3086,100,false
0.5,1,1000,0,0.2755,0,0.1968,0.0055,0.2259,0.0046,0.2917,100,false
0.5,1,5000,0,0.2661,0,0.2555,0,0.2408,0,0.2376,100,false
0.5,1,10000,0,0.2202,0,0.2235,0,0.2631,0,0.2932,100,false
0.5,1,20000,0,0.2236,0,0.1646,0,0.2563,0,0.3555,100,false
0.5,1,30000,0,0.2213,0,0.2896,0,0.2328,0,0.2563,100,false
0.5,1,40000,0,0.2063,0,0.2075,0,0.3363,0,0.2499,100,false
0.5,1,50000,0,0.2513,0,0.2539,0,0.298,0,0.1968,100,false
0.5,1,60000,0,0.2655,0,0.2345,0,0.2595,0,0.2405,100,false
0.5,1,70000,0,0.2383,0,0.2384,0,0.3001,0,0.2232,100,false
0.5,1,80000,0,0.2626,0,0.223,0,0.2046,0,0.3098,100,false
0.5,1,90000,0,0.2238,0,0.2994,0,0.2717,0,0.2051,100,false
0.5,1,100000,0,0.2366,0,0.2442,0,0.2972,0,0.222,100,false
1,0,0,0.1253,0.1297,0.1172,0.1238,0.1279,0.1253,0.1246,0.1262,100,false
1,0,1,0.1202,0.132,0.118,0.1231,0.1332,0.1184,0.1259,0.1292,100,false
1,0,2,0.1155,0.1307,0.1223,0.1204,0.1343,0.1196,0.127,0.1302,100,false
1,0,3,0.1144,0.1361,0.1208,0.1184,0.1314,0.1234,0.1311,0.1244,100,false
1,0,4,0.1191,0.1319,0.1182,0.1225,0.1365,0.1218,0.1252,0.1248,100,false
1,0,5,0.1221,0.1289,0.1167,0.1281,0.1366,0.1185,0.1232,0.1259,100,false
1,0,6,0.1209,0.1272,0.1216,0.133,0.1348,0.1131,0.1215,0.1279,100,false
1,0,7,0.12,0.1319,0.1269,0.1309,0.1348,0.1074,0.12,0.1281,100,false
1,0,8,0.1201,0.1373,0.1306,0.1213,0.1341,0.1087,0.1217,0.1262,100,false
1,0,9,0.12,0.1405,0.1257,0.1207,0.1365,0.106,0.1217,0.1289,100,false
1,0,10,0.1257,0.1417,0.1229,0.1214,0.1366,0.1024,0.1179,0.1314,100,false
1,0,50,0.1134,0.1046,0.1978,0.1143,0.1401,0.1243,0.1275,0.078,100,false
1,0,100,0.1751,0.0793,0.1172,0.1322,0.1372,0.0828,0.142,0.1342,100,false
1,0,1000,0.2327,0,0.2478,0,0.3013,0,0.2182,0,100,false
1,0,5000,0.2257,0,0.276,0,0.2702,0,0.2281,0,100,false
1,0,10000,0.3663,0,0.2288,0,0.1829,0,0.222,0,100,false
1,0,20000,0.1981,0,0.2811,0,0.2831,0,0.2377,0,100,false
1,0,30000,0.2861,0,0.2806,0,0.225,0,0.2083,0,100,false
1,0,40000,0.1886,0,0.278,0,0.2635,0,0.2699,0,100,false
1,0,50000,0.2243,0,0.3039,0,0.2774,0,0.1944,0,100,false
1,0,60000,0.2941,0,0.2083,0,0.2648,0,0.2328,0,100,false
1,0,70000,0.2294,0,0.2436,0,0.2577,0,0.2693,0,100,false
1,0,80000,0.2546,0,0.3043,0,0.2568,0,0.1843,0,100,false
1,0,90000,0.244,0,0.2279,0,0.2693,0,0.2588,0,100,false
1,0,100000,0.2756,0,0.2374,0,0.2102,0,0.2768,0,100,false
1,0.5,0,0.1263,0.1232,0.1287,0.1194,0.1244,0.1261,0.1255,0.1264,100,false
1,0.5,1,0.1183,0.1149,0.1415,0.1236,0.1442,0.1208,0.1097,0.127,100,false
1,0.5,2,0.1082,0.1209,0.1569,0.1229,0.1505,0.1191,0.0923,0.1292,100,false
1,0.5,3,0.1067,0.1317,0.1639,0.1239,0.153,0.1098,0.0766,0.1344,100,false
1,0.5,4,0.1074,0.1325,0.1741,0.1297,0.1425,0.1002,0.0687,0.1449,100,false
1,0.5,5,0.1081,0.1419,0.1802,0.126,0.1254,0.1001,0.0651,0.1532,100,false
1,0.5,6,0.1121,0.1489,0.1778,0.1115,0.1189,0.1011,0.0671,0.1626,100,false
1,0.5,7,0.1153,0.1567,0.1725,0.0974,0.1109,0.106,0.0643,0.1769,100,false
1,0.5,8,0.1198,0.1485,0.1658,0.0945,0.1065,0.1124,0.0628,0.1897,100,false
1,0.5,9,0.1269,0.1354,0.1523,0.0888,0.1105,0.118,0.0616,0.2065,100,false
1,0.5,10,0.1287,0.1234,0.1427,0.0861,0.1135,0.1249,0.0648,0.2159,100,false
1,0.5,50,0.1683,0.0872,0.1978,0.0554,0.1486,0.1337,0.0239,0.1851,100,false
1,0.5,100,0.1276,0.0255,0.1933,0.0747,0.1296,0.228,0.0065,0.2148,100,false
1,0.5,1000,0,0.2141,0,0.2445,0,0.2526,0,0.2888,100,false
1,0.5,5000,0,0.2869,0,0.199,0,0.2421,0,0.272,100,false
1,0.5,10000,0,0.1993,0,0.3104,0,0.2541,0,0.2362,100,false
1,0.5,20000,0,0.1961,0,0.273,0,0.2581,0,0.2728,100,false
1,0.5,30000,0,0.2405,0,0.2127,0,0.2703,0,0.2765,100,false
1,0.5,40000,0,0.2035,0,0.2285,0,0.212,0,0.356,100,false
1,0.5,50000,0,0.289,0,0.2265,0,0.316,0,0.1685,100,false
1,0.5,60000,0,0.2579,0,0.2192,0,0.2728,0,0.2501,100,false
1,0.5,70000,0,0.2113,0,0.207,0,0.3497,0,0.232,100,false
1,0.5,80000,0,0.2558,0,0.2116,0,0.2645,0,0.2681,100,false
1,0.5,90000,0,0.2982,0,0.2938,0,0.2099,0,0.1981,100,false
1,0.5,100000,0,0.2479,0,0.2683,0,0.2453,0,0.2385,100,false
1,1,0,0.1258,0.1258,0.1254,0.1197,0.1271,0.1275,0.1208,0.1279,100,false
1,1,1,0.1045,0.1244,0.1577,0.1193,0.1508,0.1214,0.088,0.1339,100,false
1,1,2,0.0967,0.1336,0.1833,0.1171,0.15,0.1135,0.0681,0.1377,100,false
1,1,3,0.0945,0.1404,0.1955,0.1136,0.1442,0.1105,0.0547,0.1466,100,false
1,1,4,0.0899,0.1522,0.2024,0.1062,0.1375,0.1071,0.0491,0.1556,100,false
1,1,5,0.0837,0.1618,0.2071,0.0995,0.1263,0.1071,0.0448,0.1697,100,false
1,1,6,0.0839,0.1653,0.21,0.0847,0.121,0.1057,0.0384,0.191,100,false
1,1,7,0.0845,0.1667,0.2062,0.0723,0.1122,0.1087,0.0337,0.2157,100,false
1,1,8,0.0909,0.1616,0.193,0.0615,0.1075,0.1141,0.0309,0.2405,100,false
1,1,9,0.0845,0.1514,0.1818,0.0527,0.1052,0.1271,0.0305,0.2668,100,false
1,1,10,0.0744,0.1372,0.1817,0.05,0.0988,0.1432,0.0286,0.2861,100,false
1,1,50,0.042,0.1864,0.2392,0.0879,0.1445,0.1527,0,0.1473,100,false
1,1,100,0.0466,0.1138,0.2181,0.131,0.1601,0.1919,0,0.1385,100,false
1,1,1000,0,0.1852,0,0.2183,0,0.285,0,0.3115,100,false
1,1,5000,0,0.2248,0,0.208,0,0.3428,0,0.2244,100,false
1,1,10000,0,0.2643,0,0.2673,0,0.2254,0,0.243,100,false
1,1,20000,0,0.2669,0,0.3004,0,0.2616,0,0.1711,100,false
1,1,30000,0,0.2297,0,0.2387,0,0.2542,0,0.2774,100,false
1,1,40000,0,0.2324,0,0.2747,0,0.2757,0,0.2172,100,false
1,1,50000,0,0.2744,0,0.2453,0,0.1929,0,0.2874,100,false
1,1,60000,0,0.2586,0,0.2007,0,0.1986,0,0.3421,100,false
1,1,70000,0,0.254,0,0.2041,0,0.2723,0,0.2696,100,false
1,1,80000,0,0.2884,0,0.2321,0,0.1926,0,0.2869,100,false
1,1,90000,0,0.2608,0,0.2603,0,0.2091,0,0.2698,100,false
1,1,100000,0,0.2632,0,0.2301,0,0.2127,0,0.294,100,false
0,0,0,0.1228,0.1284,0.1204,0.1207,0.126,0.1298,0.1247,0.1272,100,false
0,0,1,0.126,0.1295,0.1173,0.1231,0.127,0.1287,0.1246,0.1238,100,false
0,0,2,0.1294,0.1277,0.1141,0.1254,0.1278,0.1293,0.1227,0.1236,100,false
0,0,3,0.1328,0.1264,0.1128,0.1271,0.1276,0.1307,0.1214,0.1212,100,false
0,0,4,0.1332,0.1254,0.1138,0.1286,0.1268,0.1298,0.1206,0.1218,100,false
0,0,5,0.1301,0.1262,0.1134,0.131,0.1267,0.1289,0.1221,0.1216,100,false
0,0,6,0.1302,0.1241,0.1151,0.1321,0.1252,0.1296,0.123,0.1207,100,false
0,0,7,0.1297,0.1226,0.1173,0.1319,0.1251,0.1297,0.1242,0.1195,100,false
0,0,8,0.1277,0.1239,0.1164,0.1329,0.1264,0.1312,0.1228,0.1187,100,false
0,0,9,0.1273,0.1243,0.1179,0.1342,0.1236,0.1335,0.1205,0.1187,100,false
0,0,10,0.1276,0.1276,0.1158,0.1342,0.1249,0.1343,0.1158,0.1198,100,false
0,0,50,0.1335,0.1148,0.1211,0.1203,0.1157,0.1355,0.1262,0.1329,100,false
0,0,100,0.1079,0.101,0.1244,0.1155,0.1094,0.1551,0.1392,0.1475,100,false
0,0,1000,0.1367,0.1371,0.0952,0.1911,0.0815,0.1334,0.0897,0.1353,100,false
0,0,5000,0,0.0014,0.0009,0.0003,0.0019,0.0021,0,0.9934,100,true
0,0,10000,0,0.0014,0.0009,0.0003,0.0019,0.0021,0,0.9934,100,true
0,0,20000,0,0.0014,0.0009,0.0003,0.0019,0.0021,0,0.9934,100,true
0,0,30000,0,0.0014,0.0009,0.0003,0.0019,0.0021,0,0.9934,100,true
0,0,40000,0,0.0014,0.0009,0.0003,0.0019,0.0021,0,0.9934,100,true
0,0,50000,0,0.0014,0.0009,0.0003,0.0019,0.0021,0,0.9934,100,true
0,0,60000,0,0.0014,0.0009,0.0003,0.0019,0.0021,0,0.9934,100,true
0,0,70000,0,0.0014,0.0009,0.0003,0.0019,0.0021,0,0.9934,100,true
0,0,80000,0,0.0014,0.0009,0.0003,0.0019,0.0021,0,0.9934,100,true
0,0,90000,0,0.0014,0.0009,0.0003,0.0019,0.0021,0,0.9934,100,true
0,0,100000,0,0.0014,0.0009,0.0003,0.0019,0.0021,0,0.9934,100,true
0,0.5,0,0.1251,0.1204,0.1276,0.1313,0.1203,0.1252,0.1291,0.121,100,false
0,0.5,1,0.1107,0.1246,0.1403,0.1318,0.1342,0.1224,0.118,0.118,100,false
0,0.5,2,0.0973,0.1331,0.1492,0.1347,0.1459,0.1141,0.1049,0.1208,100,false
0,0.5,3,0.094,0.1411,0.1566,0.136,0.1505,0.1109,0.0931,0.1178,100,false
0,0.5,4,0.0883,0.152,0.1637,0.1377,0.1531,0.1056,0.0841,0.1155,100,false
0,0.5,5,0.0839,0.1614,0.1721,0.1374,0.1505,0.0996,0.0761,0.119,100,false
0,0.5,6,0.0792,0.1737,0.1747,0.1353,0.1503,0.094,0.069,0.1238,100,false
0,0.5,7,0.0783,0.1866,0.1752,0.1326,0.1461,0.09,0.0657,0.1255,100,false
0,0.5,8,0.0757,0.2012,0.1721,0.1293,0.1452,0.0853,0.063,0.1282,100,false
0,0.5,9,0.0744,0.2168,0.1641,0.1303,0.1416,0.0825,0.0597,0.1306,100,false
0,0.5,10,0.0707,0.2312,0.1578,0.1279,0.1406,0.0804,0.0577,0.1337,100,false
0,0.5,50,0.0164,0.3101,0.0432,0.1694,0.1041,0.0744,0.051,0.2314,100,false
0,0.5,100,0.0093,0.369,0.0183,0.1507,0.0888,0.1045,0.0494,0.21,100,false
0,0.5,1000,0.0017,0.3045,0.0047,0.1954,0.0257,0.2095,0.0275,0.231,100,true
0,0.5,5000,0.0017,0.3045,0.0047,0.1954,0.0257,0.2095,0.0275,0.231,100,true
0,0.5,10000,0.0017,0.3045,0.0047,0.1954,0.0257,0.2095,0.0275,0.231,100,true
0,0.5,20000,0.0017,0.3045,0.0047,0.1954,0.0257,0.2095,0.0275,0.231,100,true
0,0.5,30000,0.0017,0.3045,0.0047,0.1954,0.0257,0.2095,0.0275,0.231,100,true
0,0.5,40000,0.0017,0.3045,0.0047,0.1954,0.0257,0.2095,0.0275,0.231,100,true
0,0.5,50000,0.0017,0.3045,0.0047,0.1954,0.0257,0.2095,0.0275,0.231,100,true
0,0.5,60000,0.0017,0.3045,0.0047,0.1954,0.0257,0.2095,0.0275,0.231,100,true
0,0.5,70000,0.0017,0.3045,0.0047,0.1954,0.0257,0.2095,0.0275,0.231,100,true
0,0.5,80000,0.0017,0.3045,0.0047,0.1954,0.0257,0.2095,0.0275,0.231,100,true
0,0.5,90000,0.0017,0.3045,0.0047,0.1954,0.0257,0.2095,0.0275,0.231,100,true
0,0.5,100000,0.0017,0.3045,0.0047,0.1954,0.0257,0.2095,0.0275,0.231,100,true
0,1,0,0.1309,0.125,0.1218,0.1217,0.1218,0.1286,0.1244,0.1258,100,false
0,1,1,0.1076,0.1288,0.1411,0.1256,0.1455,0.1267,0.0981,0.1266,100,false
0,1,2,0.0902,0.1361,0.1554,0.128,0.1638,0.1173,0.081,0.1282,100,false
0,1,3,0.076,0.1453,0.1657,0.1326,0.172,0.1119,0.0683,0.1282,100,false
0,1,4,0.067,0.1597,0.1717,0.1356,0.1763,0.1029,0.058,0.1288,100,false
0,1,5,0.0577,0.1763,0.1794,0.137,0.1751,0.0912,0.0529,0.1304,100,false
0,1,6,0.0524,0.2007,0.1718,0.1399,0.1717,0.0838,0.0458,0.1339,100,false
0,1,7,0.0514,0.2169,0.1705,0.1384,0.1688,0.0765,0.0417,0.1358,100,false
0,1,8,0.0513,0.2301,0.1667,0.1421,0.1632,0.0716,0.0371,0.1379,100,false
0,1,9,0.048,0.2441,0.1683,0.1362,0.162,0.068,0.0326,0.1408,100,false
0,1,10,0.044,0.2638,0.1613,0.1347,0.1577,0.0645,0.0289,0.1451,100,false
0,1,50,0.0046,0.4104,0.01,0.1761,0.0848,0.0631,0.0265,0.2245,100,false
0,1,100,0.0056,0.4422,0.0098,0.1711,0.0696,0.0754,0.0165,0.2098,100,false
0,1,1000,0.0018,0.4645,0.0066,0.1626,0.0638,0.0721,0.0117,0.2169,100,true
0,1,5000,0.0018,0.4645,0.0066,0.1626,0.0638,0.0721,0.0117,0.2169,100,true
0,1,10000,0.0018,0.4645,0.0066,0.1626,0.0638,0.0721,0.0117,0.2169,100,true
0,1,20000,0.0018,0.4645,0.0066,0.1626,0.0638,0.0721,0.0117,0.2169,100,true
0,1,30000,0.0018,0.4645,0.0066,0.1626,0.0638,0.0721,0.0117,0.2169,100,true
0,1,40000,0.0018,0.4645,0.0066,0.1626,0.0638,0.0721,0.0117,0.2169,100,true
0,1,50000,0.0018,0.4645,0.0066,0.1626,0.0638,0.0721,0.0117,0.2169,100,true
0,1,60000,0.0018,0.4645,0.0066,0.1626,0.0638,0.0721,0.0117,0.2169,100,true
0,1,70000,0.0018,0.4645,0.0066,0.1626,0.0638,0.0721,0.0117,0.2169,100,true
0,1,80000,0.0018,0.4645,0.0066,0.1626,0.0638,0.0721,0.0117,0.2169,100,true
0,1,90000,0.0018,0.4645,0.0066,0.1626,0.0638,0.0721,0.0117,0.2169,100,true
0,1,100000,0.0018,0.4645,0.0066,0.1626,0.0638,0.0721,0.0117,0.2169,100,true
0.5,0,0,0.1215,0.1271,0.1231,0.1259,0.1279,0.1261,0.1272,0.1212,100,false
0.5,0,1,0.1224,0.1332,0.1218,0.1274,0.1269,0.1291,0.1227,0.1165,100,false
0.5,0,2,0.1252,0.1327,0.1214,0.1278,0.1269,0.1254,0.121,0.1196,100,false
0.5,0,3,0.1261,0.1338,0.1213,0.1272,0.1305,0.1191,0.1221,0.1199,100,false
0.5,0,4,0.1271,0.1336,0.1182,0.1261,0.1276,0.1173,0.1241,0.126,100,false
0.5,0,5,0.1294,0.1338,0.1186,0.1253,0.13,0.1148,0.1259,0.1222,100,false
0.5,0,6,0.1321,0.1334,0.1177,0.1261,0.129,0.1156,0.1219,0.1242,100,false
0.5,0,7,0.1354,0.1326,0.114,0.1272,0.1255,0.1141,0.1237,0.1275,100,false
0.5,0,8,0.1381,0.1296,0.1174,0.1221,0.1252,0.1141,0.1252,0.1283,100,false
0.5,0,9,0.1436,0.123,0.1173,0.1183,0.1261,0.1188,0.1223,0.1306,100,false
0.5,0,10,0.1448,0.1172,0.1159,0.1141,0.129,0.1248,0.1237,0.1305,100,false
0.5,0,50,0.1199,0.1071,0.1263,0.126,0.0985,0.1602,0.1346,0.1274,100,false
0.5,0,100,0.1903,0.0938,0.0775,0.1667,0.0871,0.1881,0.0837,0.1128,100,false
0.5,0,1000,0.203,0.0319,0.2563,0.0006,0.2746,0.0128,0.2132,0.0076,100,false
0.5,0,5000,0.2314,0,0.2348,0,0.2776,0,0.2562,0,100,false
0.5,0,10000,0.265,0,0.2995,0,0.2261,0,0.2094,0,100,false
0.5,0,20000,0.3015,0,0.2099,0,0.185,0,0.3036,0,100,false
0.5,0,30000,0.2495,0,0.1997,0,0.2712,0,0.2796,0,100,false
0.5,0,40000,0.2439,0,0.3068,0,0.2406,0,0.2087,0,100,false
0.5,0,50000,0.235,0,0.2387,0,0.2628,0,0.2635,0,100,false
0.5,0,60000,0.2638,0,0.1952,0,0.2509,0,0.2901,0,100,false
0.5,0,70000,0.2094,0,0.2713,0,0.2847,0,0.2346,0,100,false
0.5,0,80000,0.1737,0,0.2314,0,0.3317,0,0.2632,0,100,false
0.5,0,90000,0.2415,0,0.2356,0,0.2845,0,0.2384,0,100,false
0.5,0,100000,0.2421,0,0.193,0,0.2574,0,0.3075,0,100,false
0.5,0.5,0,0.1181,0.129,0.1286,0.1281,0.1265,0.1231,0.1258,0.1208,100,false
0.5,0.5,1,0.108,0.1393,0.1391,0.1263,0.1393,0.1236,0.106,0.1184,100,false
0.5,0.5,2,0.0973,0.1521,0.1511,0.1262,0.1416,0.1174,0.0934,0.1209,100,false
0.5,0.5,3,0.0944,0.1632,0.1565,0.1238,0.1452,0.1087,0.0811,0.1271,100,false
0.5,0.5,4,0.0915,0.1687,0.161,0.1217,0.1452,0.104,0.0725,0.1354,100,false
0.5,0.5,5,0.0837,0.1849,0.1617,0.1181,0.1404,0.0977,0.0667,0.1468,100,false
0.5,0.5,6,0.0797,0.1988,0.1606,0.1116,0.136,0.0939,0.065,0.1544,100,false
0.5,0.5,7,0.0821,0.21,0.1496,0.1043,0.1344,0.0925,0.0629,0.1642,100,false
0.5,0.5,8,0.0812,0.2172,0.1445,0.0957,0.1311,0.0924,0.062,0.1759,100,false
0.5,0.5,9,0.0857,0.2151,0.1419,0.0878,0.126,0.0939,0.0633,0.1863,100,false
0.5,0.5,10,0.0874,0.211,0.1347,0.0816,0.1223,0.0956,0.0685,0.1989,100,false
0.5,0.5,50,0.0154,0.1632,0.1082,0.07,0.1802,0.101,0.0387,0.3233,100,false
0.5,0.5,100,0.0046,0.2553,0.1161,0.0414,0.2012,0.0706,0.0865,0.2243,100,false
0.5,0.5,1000,0,0.2497,0,0.2819,0,0.2488,0,0.2196,100,false
0.5,0.5,5000,0,0.2458,0,0.2716,0,0.2238,0,0.2588,100,false
0.5,0.5,10000,0,0.226,0,0.2671,0,0.3006,0,0.2063,100,false
0.5,0.5,20000,0,0.2455,0,0.2607,0,0.2422,0,0.2516,100,false
0.5,0.5,30000,0,0.2866,0,0.2745,0,0.1589,0,0.28,100,false
0.5,0.5,40000,0,0.2831,0,0.2929,0,0.2016,0,0.2224,100,false
0.5,0.5,50000,0,0.2498,0,0.2262,0,0.2188,0,0.3052,100,false
0.5,0.5,60000,0,0.228,0,0.2413,0,0.2917,0,0.239,100,false
0.5,0.5,70000,0,0.3405,0,0.1921,0,0.2047,0,0.2627,100,false
0.5,0.5,80000,0,0.2664,0,0.2479,0,0.2553,0,0.2304,100,false
0.5,0.5,90000,0,0.3044,0,0.2111,0,0.2189,0,0.2656,100,false
0.5,0.5,100000,0,0.2765,0,0.2869,0,0.2186,0,0.218,100,false
0.5,1,0,0.1219,0.1264,0.1281,0.1239,0.1278,0.1272,0.1258,0.1189,100,false
0.5,1,1,0.0997,0.137,0.1553,0.1196,0.1539,0.1253,0.091,0.1182,100,false
0.5,1,2,0.0843,0.1492,0.1821,0.117,0.1606,0.1174,0.0677,0.1217,100,false
0.5,1,3,0.0808,0.1689,0.191,0.1191,0.1567,0.1062,0.051,0.1263,100,false
0.5,1,4,0.0784,0.1914,0.1892,0.1152,0.151,0.0935,0.042,0.1393,100,false
0.5,1,5,0.0768,0.2101,0.182,0.1124,0.1427,0.0863,0.0356,0.1541,100,false
0.5,1,6,0.0812,0.2191,0.1763,0.1057,0.1346,0.0808,0.0296,0.1727,100,false
0.5,1,7,0.0758,0.231,0.1644,0.0902,0.1337,0.0794,0.0286,0.1969,100,false
0.5,1,8,0.0726,0.2363,0.1502,0.0814,0.1325,0.0831,0.0276,0.2163,100,false
0.5,1,9,0.0636,0.2374,0.1377,0.0729,0.1354,0.0858,0.03,0.2372,100,false
0.5,1,10,0.054,0.2363,0.1236,0.0668,0.1431,0.0867,0.0299,0.2596,100,false
0.5,1,50,0.001,0.1231,0.1186,0.0553,0.1807,0.1087,0.0669,0.3457,100,false
0.5,1,100,0,0.1745,0.1159,0.0582,0.2268,0.0935,0.0664,0.2647,100,false
0.5,1,1000,0,0.195,0,0.2245,0.0527,0.2165,0.0368,0.2745,100,false
0.5,1,5000,0,0.279,0,0.2514,0,0.2635,0,0.2061,100,false
0.5,1,10000,0,0.255,0,0.2419,0,0.2847,0,0.2184,100,false
0.5,1,20000,0,0.1757,0,0.2655,0,0.3392,0,0.2196,100,false
0.5,1,30000,0,0.2599,0,0.1715,0,0.225,0,0.3436,100,false
0.5,1,40000,0,0.1833,0,0.309,0,0.2925,0,0.2152,100,false
0.5,1,50000,0,0.2404,0,0.2807,0,0.2556,0,0.2233,100,false
0.5,1,60000,0,0.1611,0,0.2939,0,0.2553,0,0.2897,100,false
0.5,1,70000,0,0.2377,0,0.3206,0,0.1835,0,0.2582,100,false
0.5,1,80000,0,0.2554,0,0.2718,0,0.2581,0,0.2147,100,false
0.5,1,90000,0,0.2636,0,0.2159,0,0.2755,0,0.245,100,false
0.5,1,100000,0,0.2307,0,0.1867,0,0.2718,0,0.3108,100,false
1,0,0,0.1211,0.1254,0.128,0.1226,0.1267,0.1261,0.125,0.1251,100,false
1,0,1,0.1211,0.1243,0.1317,0.1233,0.1249,0.1256,0.1244,0.1247,100,false
1,0,2,0.118,0.1288,0.1335,0.1151,0.1271,0.1296,0.1211,0.1268,100,false
1,0,3,0.1207,0.1291,0.1344,0.1122,0.1262,0.1399,0.1127,0.1248,100,false
1,0,4,0.1282,0.1251,0.1325,0.1158,0.1279,0.1359,0.1107,0.1239,100,false
1,0,5,0.1239,0.1307,0.1357,0.113,0.1299,0.1294,0.1139,0.1235,100,false
1,0,6,0.122,0.1341,0.1359,0.1175,0.1268,0.1237,0.1196,0.1204,100,false
1,0,7,0.1245,0.1337,0.134,0.1165,0.1308,0.1151,0.1236,0.1218,100,false
1,0,8,0.1273,0.1378,0.133,0.11,0.1265,0.1151,0.1318,0.1185,100,false
1,0,9,0.1322,0.1405,0.1308,0.1116,0.1224,0.1241,0.1269,0.1115,100,false
1,0,10,0.1342,0.1394,0.1315,0.1121,0.1204,0.1242,0.126,0.1122,100,false
1,0,50,0.0952,0.1071,0.1288,0.1338,0.1512,0.1081,0.1538,0.122,100,false
1,0,100,0.1176,0.0831,0.12,0.1206,0.1131,0.1346,0.1049,0.2061,100,false
1,0,1000,0.2621,0,0.2567,0,0.285,0,0.1962,0,100,false
1,0,5000,0.2827,0,0.2072,0,0.2066,0,0.3035,0,100,false
1,0,10000,0.2386,0,0.1755,0,0.3226,0,0.2633,0,100,false
1,0,20000,0.211,0,0.2341,0,0.2851,0,0.2698,0,100,false
1,0,30000,0.2359,0,0.2221,0,0.286,0,0.256,0,100,false
1,0,40000,0.1996,0,0.1981,0,0.354,0,0.2483,0,100,false
1,0,50000,0.2678,0,0.2097,0,0.2312,0,0.2913,0,100,false
1,0,60000,0.2108,0,0.2625,0,0.2009,0,0.3258,0,100,false
1,0,70000,0.2722,0,0.2705,0,0.2084,0,0.2489,0,100,false
1,0,80000,0.2122,0,0.2725,0,0.3058,0,0.2095,0,100,false
1,0,90000,0.2089,0,0.221,0,0.2442,0,0.3259,0,100,false
1,0,100000,0.249,0,0.2494,0,0.2758,0,0.2258,0,100,false
1,0.5,0,0.1183,0.1276,0.1313,0.1284,0.1277,0.1205,0.1233,0.1229,100,false
1,0.5,1,0.1056,0.1397,0.1441,0.1249,0.1306,0.1187,0.1065,0.1299,100,false
1,0.5,2,0.105,0.1437,0.1582,0.1222,0.1281,0.1147,0.0972,0.1309,100,false
1,0.5,3,0.1078,0.1531,0.1619,0.1127,0.1305,0.1131,0.0836,0.1373,100,false
1,0.5,4,0.1132,0.1596,0.1613,0.1015,0.1252,0.1139,0.0796,0.1457,100,false
1,0.5,5,0.1211,0.1624,0.1557,0.0939,0.1213,0.115,0.0783,0.1523,100,false
1,0.5,6,0.1213,0.1594,0.147,0.0914,0.1245,0.1173,0.0768,0.1623,100,false
1,0.5,7,0.1201,0.1506,0.141,0.0911,0.1281,0.1218,0.079,0.1683,100,false
1,0.5,8,0.1138,0.1442,0.1374,0.0905,0.1313,0.1278,0.0801,0.1749,100,false
1,0.5,9,0.1071,0.1365,0.1361,0.0895,0.1374,0.1352,0.0795,0.1787,100,false
1,0.5,10,0.0944,0.1282,0.1464,0.0883,0.1449,0.1388,0.0771,0.1819,100,false
1,0.5,50,0.1139,0.1427,0.2012,0.0504,0.1015,0.1816,0.0109,0.1978,100,false
1,0.5,100,0.1446,0.0668,0.1563,0.1593,0.1023,0.1838,0.0045,0.1824,100,false
1,0.5,1000,0,0.2566,0,0.2186,0,0.2943,0,0.2305,100,false
1,0.5,5000,0,0.2369,0,0.2343,0,0.2535,0,0.2753,100,false
1,0.5,10000,0,0.2767,0,0.2471,0,0.2261,0,0.2501,100,false
1,0.5,20000,0,0.2674,0,0.292,0,0.214,0,0.2266,100,false
1,0.5,30000,0,0.2939,0,0.2546,0,0.2706,0,0.1809,100,false
1,0.5,40000,0,0.2367,0,0.2886,0,0.2682,0,0.2065,100,false
1,0.5,50000,0,0.2528,0,0.2071,0,0.2559,0,0.2842,100,false
1,0.5,60000,0,0.2864,0,0.2611,0,0.268,0,0.1845,100,false
1,0.5,70000,0,0.2279,0,0.2485,0,0.2835,0,0.2401,100,false
1,0.5,80000,0,0.2153,0,0.2343,0,0.2731,0,0.2773,100,false
1,0.5,90000,0,0.2378,0,0.3058,0,0.2541,0,0.2023,100,false
1,0.5,100000,0,0.28,0,0.2639,0,0.2653,0,0.1908,100,false
1,1,0,0.1222,0.1249,0.1222,0.1254,0.1252,0.1267,0.1287,0.1247,100,false
1,1,1,0.1059,0.1266,0.1519,0.1203,0.1447,0.1274,0.0992,0.124,100,false
1,1,2,0.0955,0.1384,0.1761,0.1201,0.1473,0.1211,0.0791,0.1224,100,false
1,1,3,0.0931,0.1573,0.1897,0.1129,0.1487,0.1106,0.0595,0.1282,100,false
1,1,4,0.0933,0.1708,0.1932,0.1085,0.1412,0.1014,0.0487,0.1429,100,false
1,1,5,0.0954,0.1766,0.1958,0.0987,0.1356,0.0948,0.0401,0.163,100,false
1,1,6,0.0994,0.1791,0.1881,0.0872,0.1294,0.0967,0.034,0.1861,100,false
1,1,7,0.099,0.1815,0.1804,0.074,0.1306,0.0975,0.0313,0.2057,100,false
1,1,8,0.0901,0.1731,0.1702,0.0654,0.1372,0.1019,0.0337,0.2284,100,false
1,1,9,0.0807,0.156,0.1647,0.0628,0.138,0.1123,0.0355,0.25,100,false
1,1,10,0.0691,0.1435,0.1615,0.0647,0.1347,0.1229,0.0357,0.2679,100,false
1,1,50,0.0643,0.1554,0.1937,0.0367,0.18,0.2151,0,0.1548,100,false
1,1,100,0.0773,0.1374,0.2263,0.0211,0.1403,0.1779,0,0.2197,100,false
1,1,1000,0.1454,0,0.3184,0,0.1687,0.176,0,0.1915,100,false
1,1,5000,0.1309,0,0.2736,0,0.186,0.1471,0,0.2624,100,false
1,1,10000,0.1594,0,0.2333,0,0.1747,0.248,0,0.1846,100,false
1,1,20000,0.188,0,0.2991,0,0.218,0.1137,0,0.1812,100,false
1,1,30000,0.2422,0,0.3152,0,0.1667,0.1021,0,0.1738,100,false
1,1,40000,0.2397,0,0.2581,0,0.21,0.1289,0,0.1633,100,false
1,1,50000,0.1982,0,0.3612,0,0.2001,0.1045,0,0.136,100,false
1,1,60000,0.1354,0,0.3303,0,0.1676,0.2162,0,0.1505,100,false
1,1,70000,0.1778,0,0.3854,0,0.1729,0.1152,0,0.1487,100,false
1,1,80000,0.1573,0,0.3103,0,0.2188,0.2049,0,0.1087,100,false
1,1,90000,0.1691,0,0.3159,0,0.1658,0.153,0,0.1962,100,false
1,1,100000,0.2139,0,0.329,0,0.1335,0.1367,0,0.1869,100,false
0,0,0,0.1212,0.1269,0.1271,0.1252,0.1247,0.13,0.123,0.1219,100,false
0,0,1,0.1264,0.1272,0.1263,0.124,0.1277,0.1312,0.1189,0.1183,100,false
0,0,2,0.1258,0.1267,0.1243,0.1241,0.1287,0.1297,0.1168,0.1239,100,false
0,0,3,0.1234,0.1281,0.1221,0.1259,0.128,0.1279,0.1182,0.1264,100,false
0,0,4,0.1229,0.1278,0.1203,0.127,0.1259,0.1288,0.1185,0.1288,100,false
0,0,5,0.1215,0.127,0.1185,0.1287,0.1263,0.127,0.1187,0.1323,100,false
0,0,6,0.121,0.1261,0.1168,0.1279,0.1263,0.1259,0.1205,0.1355,100,false
0,0,7,0.1209,0.1261,0.1177,0.1268,0.1254,0.1263,0.1195,0.1373,100,false
0,0,8,0.1225,0.1233,0.1168,0.1274,0.1259,0.1241,0.1221,0.1379,100,false
0,0,9,0.1189,0.1236,0.1199,0.129,0.1216,0.123,0.1253,0.1387,100,false
0,0,10,0.1196,0.1221,0.1199,0.1285,0.1222,0.1229,0.1274,0.1374,100,false
0,0,50,0.1245,0.1283,0.1166,0.1281,0.1097,0.1265,0.1173,0.149,100,false
0,0,100,0.1045,0.1111,0.1038,0.1158,0.136,0.1277,0.1104,0.1907,100,false
0,0,1000,0.2209,0.117,0.1215,0.1805,0.0767,0.0605,0.0937,0.1292,100,false
0,0,5000,0.0717,0.1096,0.2599,0.0622,0.0764,0.2904,0.0604,0.0694,100,false
0,0,10000,0.3003,0.0539,0.1457,0.0637,0.1921,0.0804,0.0682,0.0957,100,false
0,0,20000,0.1419,0.2147,0.1211,0.0754,0.094,0.1098,0.0978,0.1453,100,false
0,0,30000,0.0003,0.0056,0.0063,0.0005,0,0.9865,0,0.0008,100,true
0,0,40000,0.0003,0.0056,0.0063,0.0005,0,0.9865,0,0.0008,100,true
0,0,50000,0.0003,0.0056,0.0063,0.0005,0,0.9865,0,0.0008,100,true
0,0,60000,0.0003,0.0056,0.0063,0.0005,0,0.9865,0,0.0008,100,true
0,0,70000,0.0003,0.0056,0.0063,0.0005,0,0.9865,0,0.0008,100,true
0,0,80000,0.0003,0.0056,0.0063,0.0005,0,0.9865,0,0.0008,100,true
0,0,90000,0.0003,0.0056,0.0063,0.0005,0,0.9865,0,0.0008,100,true
0,0,100000,0.0003,0.0056,0.0063,0.0005,0,0.9865,0,0.0008,100,true
0,0.5,0,0.1231,0.1244,0.1252,0.1253,0.1322,0.1221,0.1231,0.1246,100,false
0,0.5,1,0.1047,0.1278,0.1362,0.1301,0.1438,0.1209,0.1054,0.1311,100,false
0,0.5,2,0.0949,0.1333,0.1454,0.1331,0.1541,0.1142,0.0974,0.1276,100,false
0,0.5,3,0.0868,0.1421,0.1535,0.1378,0.158,0.1064,0.0872,0.1282,100,false
0,0.5,4,0.0788,0.1503,0.1652,0.1376,0.1603,0.0995,0.0778,0.1305,100,false
0,0.5,5,0.0722,0.1628,0.1649,0.1403,0.1629,0.093,0.0698,0.1341,100,false
0,0.5,6,0.0664,0.1757,0.1711,0.1353,0.1616,0.0882,0.0636,0.1381,100,false
0,0.5,7,0.0641,0.1879,0.1738,0.1317,0.1594,0.083,0.0586,0.1415,100,false
0,0.5,8,0.0619,0.1992,0.172,0.1306,0.1602,0.0776,0.0544,0.1441,100,false
0,0.5,9,0.0616,0.2111,0.17,0.1297,0.1557,0.0741,0.0483,0.1495,100,false
0,0.5,10,0.0596,0.2225,0.1659,0.1274,0.1564,0.0712,0.0441,0.1529,100,false
0,0.5,50,0.0061,0.3431,0.0254,0.1631,0.1125,0.077,0.0461,0.2267,100,false
0,0.5,100,0.0016,0.3916,0.0069,0.2051,0.0713,0.0852,0.0446,0.1937,100,false
0,0.5,1000,0.0016,0.3929,0.006,0.2134,0.0708,0.0814,0.0425,0.1914,100,true
0,0.5,5000,0.0016,0.3929,0.006,0.2134,0.0708,0.0814,0.0425,0.1914,100,true
0,0.5,10000,0.0016,0.3929,0.006,0.2134,0.0708,0.0814,0.0425,0.1914,100,true
0,0.5,20000,0.0016,0.3929,0.006,0.2134,0.0708,0.0814,0.0425,0.1914,100,true
0,0.5,30000,0.0016,0.3929,0.006,0.2134,0.0708,0.0814,0.0425,0.1914,100,true
0,0.5,40000,0.0016,0.3929,0.006,0.2134,0.0708,0.0814,0.0425,0.1914,100,true
0,0.5,50000,0.0016,0.3929,0.006,0.2134,0.0708,0.0814,0.0425,0.1914,100,true
0,0.5,60000,0.0016,0.3929,0.006,0.2134,0.0708,0.0814,0.0425,0.1914,100,true
0,0.5,70000,0.0016,0.3929,0.006,0.2134,0.0708,0.0814,0.0425,0.1914,100,true
0,0.5,80000,0.0016,0.3929,0.006,0.2134,0.0708,0.0814,0.0425,0.1914,100,true
0,0.5,90000,0.0016,0.3929,0.006,0.2134,0.0708,0.0814,0.0425,0.1914,100,true
0,0.5,100000,0.0016,0.3929,0.006,0.2134,0.0708,0.0814,0.0425,0.1914,100,true
0,1,0,0.1253,0.1226,0.1218,0.1261,0.1316,0.1191,0.1273,0.1262,100,false
0,1,1,0.101,0.1248,0.1474,0.1289,0.1576,0.1127,0.1058,0.1218,100,false
0,1,2,0.0823,0.1352,0.1674,0.1355,0.171,0.1012,0.0837,0.1237,100,false
0,1,3,0.0667,0.1506,0.177,0.1393,0.1754,0.0951,0.071,0.1249,100,false
0,1,4,0.06,0.171,0.176,0.1418,0.1773,0.0882,0.0617,0.124,100,false
0,1,5,0.0543,0.1958,0.1712,0.1418,0.1758,0.0807,0.0563,0.1241,100,false
0,1,6,0.0484,0.2166,0.1694,0.1434,0.1717,0.0743,0.049,0.1272,100,false
0,1,7,0.0461,0.2371,0.1688,0.1403,0.1644,0.0708,0.0441,0.1284,100,false
0,1,8,0.0459,0.2599,0.1604,0.137,0.1601,0.0684,0.0382,0.1301,100,false
0,1,9,0.0462,0.2799,0.1482,0.1319,0.1601,0.066,0.0346,0.1331,100,false
0,1,10,0.043,0.3001,0.1359,0.1293,0.1573,0.0637,0.0328,0.1379,100,false
0,1,50,0.0127,0.4144,0.01,0.1928,0.0754,0.0637,0.023,0.208,100,false
0,1,100,0.0104,0.4056,0.0059,0.2236,0.0752,0.0724,0.017,0.1899,100,false
0,1,1000,0.0017,0.4036,0.004,0.2445,0.0627,0.0878,0.0187,0.177,100,true
0,1,5000,0.0017,0.4036,0.004,0.2445,0.0627,0.0878,0.0187,0.177,100,true
0,1,10000,0.0017,0.4036,0.004,0.2445,0.0627,0.0878,0.0187,0.177,100,true
0,1,20000,0.0017,0.4036,0.004,0.2445,0.0627,0.0878,0.0187,0.177,100,true
0,1,30000,0.0017,0.4036,0.004,0.2445,0.0627,0.0878,0.0187,0.177,100,true
0,1,40000,0.0017,0.4036,0.004,0.2445,0.0627,0.0878,0.0187,0.177,100,true
0,1,50000,0.0017,0.4036,0.004,0.2445,0.0627,0.0878,0.0187,0.177,100,true
0,1,60000,0.0017,0.4036,0.004,0.2445,0.0627,0.0878,0.0187,0.177,100,true
0,1,70000,0.0017,0.4036,0.004,0.2445,0.0627,0.0878,0.0187,0.177,100,true
0,1,80000,0.0017,0.4036,0.004,0.2445,0.0627,0.0878,0.0187,0.177,100,true
0,1,90000,0.0017,0.4036,0.004,0.2445,0.0627,0.0878,0.0187,0.177,100,true
0,1,100000,0.0017,0.4036,0.004,0.2445,0.0627,0.0878,0.0187,0.177,100,true
0.5,0,0,0.1213,0.1265,0.127,0.1231,0.1256,0.129,0.1263,0.1212,100,false
0.5,0,1,0.1207,0.1266,0.124,0.1263,0.1258,0.1299,0.1251,0.1216,100,false
0.5,0,2,0.1232,0.1216,0.126,0.1287,0.126,0.1272,0.1246,0.1227,100,false
0.5,0,3,0.1224,0.1286,0.1249,0.1287,0.1215,0.1302,0.1225,0.1212,100,false
0.5,0,4,0.1211,0.1325,0.123,0.1276,0.1205,0.1283,0.1233,0.1237,100,false
0.5,0,5,0.1226,0.1336,0.1215,0.1227,0.1212,0.1325,0.1187,0.1272,100,false
0.5,0,6,0.1238,0.13,0.1185,0.1276,0.1241,0.1328,0.1137,0.1295,100,false
0.5,0,7,0.1267,0.1303,0.116,0.1316,0.1184,0.1341,0.1119,0.131,100,false
0.5,0,8,0.1261,0.1302,0.1182,0.1334,0.1176,0.1329,0.1076,0.134,100,false
0.5,0,9,0.1262,0.1256,0.1235,0.1328,0.1139,0.1328,0.109,0.1362,100,false
0.5,0,10,0.1258,0.1208,0.1297,0.1313,0.1124,0.1327,0.1071,0.1402,100,false
0.5,0,50,0.1078,0.1305,0.0952,0.1278,0.1371,0.1407,0.1496,0.1113,100,false
0.5,0,100,0.0782,0.1457,0.1954,0.2069,0.1696,0.1053,0.0524,0.0465,100,false
0.5,0,1000,0,0.2908,0,0.1641,0.0044,0.3203,0.0295,0.1909,100,false
0.5,0,5000,0,0.2251,0,0.2924,0,0.2571,0,0.2254,100,false
0.5,0,10000,0,0.2262,0,0.3017,0,0.2782,0,0.1939,100,false
0.5,0,20000,0,0.2225,0,0.3041,0,0.2154,0,0.258,100,false
0.5,0,30000,0,0.2339,0,0.2237,0,0.2799,0,0.2625,100,false
0.5,0,40000,0,0.3039,0,0.2366,0,0.2439,0,0.2156,100,false
0.5,0,50000,0,0.261,0,0.1742,0,0.2025,0,0.3623,100,false
0.5,0,60000,0,0.2297,0,0.2806,0,0.2912,0,0.1985,100,false
0.5,0,70000,0,0.3285,0,0.2787,0,0.2036,0,0.1892,100,false
0.5,0,80000,0,0.2497,0,0.2404,0,0.3291,0,0.1808,100,false
0.5,0,90000,0,0.25,0,0.2124,0,0.2801,0,0.2575,100,false
0.5,0,100000,0,0.2738,0,0.2019,0,0.2276,0,0.2967,100,false
0.5,0.5,0,0.1284,0.1232,0.1262,0.125,0.1211,0.1226,0.1234,0.1301,100,false
0.5,0.5,1,0.1185,0.126,0.1437,0.1295,0.1253,0.121,0.1078,0.1282,100,false
0.5,0.5,2,0.1122,0.1283,0.1592,0.1238,0.1324,0.1187,0.0973,0.1281,100,false
0.5,0.5,3,0.1089,0.1318,0.1653,0.1223,0.1327,0.119,0.0874,0.1326,100,false
0.5,0.5,4,0.1052,0.1434,0.1692,0.1228,0.129,0.1151,0.0789,0.1364,100,false
0.5,0.5,5,0.1034,0.1517,0.1706,0.1219,0.1286,0.1075,0.0695,0.1468,100,false
0.5,0.5,6,0.0981,0.1567,0.175,0.1191,0.1255,0.1036,0.0642,0.1578,100,false
0.5,0.5,7,0.0963,0.1618,0.1799,0.1115,0.1199,0.1029,0.0618,0.1659,100,false
0.5,0.5,8,0.0934,0.1718,0.1792,0.0999,0.1186,0.1009,0.0571,0.1791,100,false
0.5,0.5,9,0.0962,0.1766,0.1738,0.0901,0.116,0.1038,0.0581,0.1854,100,false
0.5,0.5,10,0.0978,0.1745,0.1654,0.0875,0.1122,0.107,0.0565,0.1991,100,false
0.5,0.5,50,0.0127,0.1837,0.0788,0.0563,0.178,0.139,0.078,0.2735,100,false
0.5,0.5,100,0.0222,0.221,0.0617,0.1202,0.1941,0.1045,0.1008,0.1755,100,false
0.5,0.5,1000,0,0.2523,0,0.2586,0,0.2294,0,0.2597,100,false
0.5,0.5,5000,0,0.2342,0,0.2619,0,0.3098,0,0.1941,100,false
0.5,0.5,10000,0,0.2423,0,0.2627,0,0.2691,0,0.2259,100,false
0.5,0.5,20000,0,0.2352,0,0.2667,0,0.2428,0,0.2553,100,false
0.5,0.5,30000,0,0.2123,0,0.3545,0,0.1891,0,0.2441,100,false
0.5,0.5,40000,0,0.2971,0,0.2456,0,0.2583,0,0.199,100,false
0.5,0.5,50000,0,0.2411,0,0.2398,0,0.2812,0,0.2379,100,false
0.5,0.5,60000,0,0.2529,0,0.2521,0,0.2402,0,0.2548,100,false
0.5,0.5,70000,0,0.164,0,0.2864,0,0.2819,0,0.2677,100,false
0.5,0.5,80000,0,0.2459,0,0.2892,0,0.2275,0,0.2374,100,false
0.5,0.5,90000,0,0.2312,0,0.263,0,0.2696,0,0.2362,100,false
0.5,0.5,100000,0,0.2446,0,0.2438,0,0.2554,0,0.2562,100,false
0.5,1,0,0.1276,0.1265,0.1234,0.1232,0.1276,0.1262,0.1229,0.1226,100,false
0.5,1,1,0.1028,0.1296,0.1488,0.1263,0.1504,0.1219,0.0954,0.1248,100,false
0.5,1,2,0.0902,0.1379,0.1714,0.1324,0.1501,0.1129,0.0771,0.128,100,false
0.5,1,3,0.0831,0.1502,0.1892,0.1388,0.1425,0.1044,0.06,0.1318,100,false
0.5,1,4,0.0798,0.1704,0.1987,0.1311,0.1344,0.1025,0.0467,0.1364,100,false
0.5,1,5,0.0788,0.1934,0.2005,0.1206,0.121,0.0983,0.0383,0.1491,100,false
0.5,1,6,0.0786,0.2186,0.1882,0.1092,0.111,0.0946,0.0364,0.1634,100,false
0.5,1,7,0.0792,0.2356,0.1723,0.0955,0.1112,0.0911,0.0337,0.1814,100,false
0.5,1,8,0.0795,0.243,0.1551,0.084,0.1153,0.0865,0.0336,0.203,100,false
0.5,1,9,0.0809,0.2405,0.1369,0.0797,0.1156,0.0852,0.0322,0.229,100,false
0.5,1,10,0.0765,0.2281,0.1233,0.0767,0.1178,0.087,0.033,0.2576,100,false
0.5,1,50,0,0.167,0.1326,0.0562,0.129,0.1515,0.0483,0.3154,100,false
0.5,1,100,0,0.2001,0.0716,0.0645,0.2025,0.0605,0.0406,0.3602,100,false
0.5,1,1000,0,0.249,0,0.2216,0,0.301,0.0029,0.2255,100,false
0.5,1,5000,0,0.2343,0,0.2617,0,0.2571,0,0.2469,100,false
0.5,1,10000,0,0.2437,0,0.3271,0,0.179,0,0.2502,100,false
0.5,1,20000,0,0.2247,0,0.2594,0,0.2918,0,0.2241,100,false
0.5,1,30000,0,0.2831,0,0.19,0,0.2603,0,0.2666,100,false
0.5,1,40000,0,0.2567,0,0.1928,0,0.2397,0,0.3108,100,false
0.5,1,50000,0,0.2622,0,0.2232,0,0.3041,0,0.2105,100,false
0.5,1,60000,0,0.2584,0,0.2272,0,0.2663,0,0.2481,100,false
0.5,1,70000,0,0.2625,0,0.2025,0,0.2344,0,0.3006,100,false
0.5,1,80000,0,0.1948,0,0.301,0,0.2764,0,0.2278,100,false
0.5,1,90000,0,0.2416,0,0.364,0,0.2413,0,0.1531,100,false
0.5,1,100000,0,0.2392,0,0.2313,0,0.2822,0,0.2473,100,false
1,0,0,0.1195,0.1297,0.1243,0.1284,0.1286,0.1221,0.1264,0.121,100,false
1,0,1,0.1221,0.1369,0.1289,0.124,0.1289,0.1174,0.1272,0.1146,100,false
1,0,2,0.1288,0.1411,0.1296,0.1201,0.1281,0.1125,0.126,0.1138,100,false
1,0,3,0.1297,0.1417,0.125,0.1169,0.1244,0.1149,0.1293,0.1181,100,false
1,0,4,0.1295,0.1421,0.1183,0.1159,0.1246,0.118,0.1301,0.1215,100,false
1,0,5,0.13,0.1404,0.1141,0.1117,0.1252,0.1236,0.1344,0.1206,100,false
1,0,6,0.1311,0.1348,0.1115,0.1039,0.1298,0.1288,0.1312,0.1289,100,false
1,0,7,0.1271,0.1351,0.1058,0.1025,0.1315,0.1324,0.1323,0.1333,100,false
1,0,8,0.1255,0.1294,0.104,0.1024,0.1313,0.1353,0.1408,0.1313,100,false
1,0,9,0.1255,0.1281,0.0957,0.1059,0.1388,0.1363,0.1412,0.1285,100,false
1,0,10,0.1238,0.1259,0.09,0.113,0.144,0.1352,0.1377,0.1304,100,false
1,0,50,0.1077,0.139,0.1597,0.0946,0.1008,0.1244,0.1104,0.1634,100,false
1,0,100,0.1816,0.1352,0.1867,0.1329,0.0574,0.1183,0.1048,0.0831,100,false
1,0,1000,0,0.3184,0,0.2137,0,0.251,0,0.2169,100,false
1,0,5000,0,0.2407,0,0.2014,0,0.3066,0,0.2513,100,false
1,0,10000,0,0.2377,0,0.2536,0,0.2562,0,0.2525,100,false
1,0,20000,0,0.286,0,0.2662,0,0.1913,0,0.2565,100,false
1,0,30000,0,0.2466,0,0.2696,0,0.1957,0,0.2881,100,false
1,0,40000,0,0.2396,0,0.2882,0,0.2563,0,0.2159,100,false
1,0,50000,0,0.2753,0,0.2293,0,0.2229,0,0.2725,100,false
1,0,60000,0,0.2492,0,0.2867,0,0.2345,0,0.2296,100,false
1,0,70000,0,0.241,0,0.2201,0,0.3423,0,0.1966,100,false
1,0,80000,0,0.2188,0,0.3507,0,0.2086,0,0.2219,100,false
1,0,90000,0,0.2091,0,0.1594,0,0.2468,0,0.3847,100,false
1,0,100000,0,0.3028,0,0.1993,0,0.232,0,0.2659,100,false
1,0.5,0,0.1333,0.1265,0.1255,0.1206,0.1236,0.1215,0.1229,0.1261,100,false
1,0.5,1,0.1267,0.1247,0.1358,0.1179,0.138,0.1164,0.1091,0.1314,100,false
1,0.5,2,0.1136,0.122,0.1543,0.1173,0.1421,0.1119,0.1005,0.1383,100,false
1,0.5,3,0.1089,0.1214,0.171,0.1121,0.1429,0.105,0.0916,0.1471,100,false
1,0.5,4,0.1051,0.1271,0.18,0.1103,0.1401,0.0988,0.0857,0.1529,100,false
1,0.5,5,0.107,0.1346,0.1836,0.1053,0.133,0.0952,0.0802,0.1611,100,false
1,0.5,6,0.1046,0.1454,0.1865,0.0961,0.1321,0.095,0.0719,0.1684,100,false
1,0.5,7,0.1066,0.1527,0.1798,0.0895,0.1299,0.0948,0.069,0.1777,100,false
1,0.5,8,0.1083,0.144,0.177,0.0839,0.1255,0.0997,0.0671,0.1945,100,false
1,0.5,9,0.1113,0.1396,0.1715,0.0781,0.1166,0.1108,0.0696,0.2025,100,false
1,0.5,10,0.1039,0.1341,0.1643,0.0779,0.1181,0.1183,0.0725,0.2109,100,false
1,0.5,50,0.0877,0.2019,0.2009,0.0294,0.1189,0.1628,0.0085,0.1899,100,false
1,0.5,100,0.076,0.0812,0.2059,0.1058,0.1824,0.1897,0.0206,0.1384,100,false
1,0.5,1000,0,0.2522,0,0.2505,0,0.2471,0,0.2502,100,false
1,0.5,5000,0,0.344,0,0.2096,0,0.2563,0,0.1901,100,false
1,0.5,10000,0,0.2451,0,0.2174,0,0.2327,0,0.3048,100,false
1,0.5,20000,0,0.2095,0,0.2307,0,0.3189,0,0.2409,100,false
1,0.5,30000,0,0.3114,0,0.1915,0,0.2299,0,0.2672,100,false
1,0.5,40000,0,0.2644,0,0.2734,0,0.2263,0,0.2359,100,false
1,0.5,50000,0,0.2252,0,0.373,0,0.2235,0,0.1783,100,false
1,0.5,60000,0,0.232,0,0.2223,0,0.3346,0,0.2111,100,false
1,0.5,70000,0,0.2684,0,0.2,0,0.2532,0,0.2784,100,false
1,0.5,80000,0,0.2128,0,0.2559,0,0.2539,0,0.2774,100,false
1,0.5,90000,0,0.1852,0,0.2075,0,0.3047,0,0.3026,100,false
1,0.5,100000,0,0.1965,0,0.291,0,0.2746,0,0.2379,100,false
1,1,0,0.1256,0.1275,0.1216,0.1175,0.1285,0.1264,0.1248,0.1281,100,false
1,1,1,0.1066,0.1301,0.1506,0.1157,0.1512,0.1247,0.0961,0.125,100,false
1,1,2,0.0945,0.1404,0.1678,0.1137,0.1651,0.1205,0.0702,0.1278,100,false
1,1,3,0.0927,0.1524,0.1786,0.1138,0.158,0.1088,0.056,0.1397,100,false
1,1,4,0.0931,0.1652,0.1876,0.1085,0.1478,0.1049,0.0414,0.1515,100,false
1,1,5,0.0969,0.1724,0.1844,0.106,0.1307,0.0995,0.0384,0.1717,100,false
1,1,6,0.0999,0.1733,0.1761,0.0994,0.1205,0.1011,0.0355,0.1942,100,false
1,1,7,0.0917,0.1668,0.1705,0.0881,0.1171,0.1073,0.0366,0.2219,100,false
1,1,8,0.0902,0.1604,0.1613,0.0775,0.124,0.1179,0.0341,0.2346,100,false
1,1,9,0.0876,0.1503,0.1521,0.0677,0.1327,0.1336,0.0319,0.2441,100,false
1,1,10,0.0853,0.1384,0.1413,0.0654,0.1423,0.1467,0.03,0.2506,100,false
1,1,50,0.0432,0.1704,0.2561,0.054,0.1795,0.1916,0,0.1052,100,false
1,1,100,0.0449,0.0666,0.1594,0.0722,0.2461,0.2408,0,0.17,100,false
1,1,1000,0,0.2334,0,0.2645,0,0.2805,0,0.2216,100,false
1,1,5000,0,0.2317,0,0.2809,0,0.2549,0,0.2325,100,false
1,1,10000,0,0.2896,0,0.2151,0,0.2535,0,0.2418,100,false
1,1,20000,0,0.2431,0,0.2689,0,0.2814,0,0.2066,100,false
1,1,30000,0,0.2445,0,0.2831,0,0.2414,0,0.231,100,false
1,1,40000,0,0.2371,0,0.2408,0,0.2379,0,0.2842,100,false
1,1,50000,0,0.2111,0,0.2765,0,0.2664,0,0.246,100,false
1,1,60000,0,0.2646,0,0.2526,0,0.217,0,0.2658,100,false
1,1,70000,0,0.294,0,0.2238,0,0.2567,0,0.2255,100,false
1,1,80000,0,0.2401,0,0.2031,0,0.2756,0,0.2812,100,false
1,1,90000,0,0.2381,0,0.2662,0,0.2881,0,0.2076,100,false
1,1,100000,0,0.2483,0,0.3157,0,0.2103,0,0.2257,100,false
0,0,0,0.1302,0.1292,0.1232,0.1209,0.1227,0.1251,0.1204,0.1283,100,false
0,0,1,0.1314,0.1271,0.1212,0.1208,0.1236,0.1212,0.1232,0.1315,100,false
0,0,2,0.1277,0.1238,0.1213,0.1218,0.125,0.1178,0.1276,0.135,100,false
0,0,3,0.1271,0.1232,0.1221,0.1228,0.1233,0.1205,0.1293,0.1317,100,false
0,0,4,0.1262,0.1216,0.1241,0.1204,0.124,0.1224,0.1281,0.1332,100,false
0,0,5,0.1289,0.1196,0.1248,0.1177,0.1253,0.124,0.1295,0.1302,100,false
0,0,6,0.1313,0.1188,0.1237,0.1156,0.1263,0.1269,0.1275,0.1299,100,false
0,0,7,0.1316,0.1175,0.1219,0.1153,0.1264,0.1288,0.1254,0.1331,100,false
0,0,8,0.1338,0.1166,0.1213,0.1153,0.1263,0.1303,0.1243,0.1321,100,false
0,0,9,0.1299,0.1169,0.1219,0.114,0.1255,0.1328,0.1235,0.1355,100,false
0,0,10,0.1291,0.1147,0.124,0.1152,0.1251,0.1341,0.1221,0.1357,100,false
0,0,50,0.1315,0.1204,0.12,0.1264,0.1162,0.1293,0.1271,0.1291,100,false
0,0,100,0.1213,0.1262,0.1374,0.099,0.1252,0.1255,0.111,0.1544,100,false
0,0,1000,0.1965,0.3344,0.1123,0.0466,0.0208,0.0609,0.1174,0.1111,100,false
0,0,5000,0.0881,0.1067,0.1259,0.1648,0.1933,0.1214,0.1142,0.0856,100,false
0,0,10000,0.065,0.0833,0.0998,0.1984,0.0297,0.065,0.081,0.3778,100,false
0,0,20000,0.0007,0.0024,0.0064,0.001,0.0047,0,0.9848,0,100,true
0,0,30000,0.0007,0.0024,0.0064,0.001,0.0047,0,0.9848,0,100,true
0,0,40000,0.0007,0.0024,0.0064,0.001,0.0047,0,0.9848,0,100,true
0,0,50000,0.0007,0.0024,0.0064,0.001,0.0047,0,0.9848,0,100,true
0,0,60000,0.0007,0.0024,0.0064,0.001,0.0047,0,0.9848,0,100,true
0,0,70000,0.0007,0.0024,0.0064,0.001,0.0047,0,0.9848,0,100,true
0,0,80000,0.0007,0.0024,0.0064,0.001,0.0047,0,0.9848,0,100,true
0,0,90000,0.0007,0.0024,0.0064,0.001,0.0047,0,0.9848,0,100,true
0,0,100000,0.0007,0.0024,0.0064,0.001,0.0047,0,0.9848,0,100,true
0,0.5,0,0.1171,0.1271,0.127,0.1234,0.1326,0.1262,0.1263,0.1203,100,false
0,0.5,1,0.106,0.132,0.138,0.1247,0.1464,0.1259,0.1108,0.1162,100,false
0,0.5,2,0.0982,0.1405,0.1458,0.1275,0.1553,0.1212,0.0948,0.1167,100,false
0,0.5,3,0.0884,0.1505,0.1544,0.1248,0.1703,0.1099,0.0825,0.1192,100,false
0,0.5,4,0.0811,0.1628,0.1543,0.1274,0.1772,0.1027,0.0737,0.1208,100,false
0,0.5,5,0.0781,0.1728,0.1522,0.1335,0.18,0.0942,0.0687,0.1205,100,false
0,0.5,6,0.0781,0.1832,0.1517,0.1373,0.176,0.0896,0.0631,0.121,100,false
0,0.5,7,0.0775,0.1957,0.1492,0.1396,0.1714,0.0832,0.062,0.1214,100,false
0,0.5,8,0.0764,0.2075,0.1471,0.144,0.1626,0.0812,0.0585,0.1227,100,false
0,0.5,9,0.0734,0.2176,0.1434,0.1449,0.1606,0.0784,0.0575,0.1242,100,false
0,0.5,10,0.0749,0.2275,0.1412,0.1425,0.1549,0.0758,0.0555,0.1277,100,false
0,0.5,50,0.0263,0.313,0.0462,0.1714,0.0896,0.0803,0.0575,0.2157,100,false
0,0.5,100,0.0335,0.3345,0.0202,0.1957,0.0662,0.1074,0.0487,0.1938,100,false
0,0.5,1000,0.0047,0.3011,0.0047,0.2894,0.0316,0.1871,0.0269,0.1545,100,true
0,0.5,5000,0.0047,0.3011,0.0047,0.2894,0.0316,0.1871,0.0269,0.1545,100,true
0,0.5,10000,0.0047,0.3011,0.0047,0.2894,0.0316,0.1871,0.0269,0.1545,100,true
0,0.5,20000,0.0047,0.3011,0.0047,0.2894,0.0316,0.1871,0.0269,0.1545,100,true
0,0.5,30000,0.0047,0.3011,0.0047,0.2894,0.0316,0.1871,0.0269,0.1545,100,true
0,0.5,40000,0.0047,0.3011,0.0047,0.2894,0.0316,0.1871,0.0269,0.1545,100,true
0,0.5,50000,0.0047,0.3011,0.0047,0.2894,0.0316,0.1871,0.0269,0.1545,100,true
0,0.5,60000,0.0047,0.3011,0.0047,0.2894,0.0316,0.1871,0.0269,0.1545,100,true
0,0.5,70000,0.0047,0.3011,0.0047,0.2894,0.0316,0.1871,0.0269,0.1545,100,true
0,0.5,80000,0.0047,0.3011,0.0047,0.2894,0.0316,0.1871,0.0269,0.1545,100,true
0,0.5,90000,0.0047,0.3011,0.0047,0.2894,0.0316,0.1871,0.0269,0.1545,100,true
0,0.5,100000,0.0047,0.3011,0.0047,0.2894,0.0316,0.1871,0.0269,0.1545,100,true
0,1,0,0.1196,0.1346,0.1219,0.1254,0.1285,0.1258,0.1262,0.118,100,false
0,1,1,0.1003,0.14,0.1488,0.1239,0.1537,0.1169,0.1003,0.1161,100,false
0,1,2,0.0831,0.1583,0.1584,0.1225,0.1687,0.1081,0.0839,0.117,100,false
0,1,3,0.0686,0.1759,0.1629,0.1273,0.1786,0.0978,0.0687,0.1202,100,false
0,1,4,0.0645,0.1944,0.1613,0.1346,0.1763,0.0891,0.0604,0.1194,100,false
0,1,5,0.0582,0.2118,0.162,0.1376,0.1758,0.0817,0.0521,0.1208,100,false
0,1,6,0.0519,0.2308,0.1577,0.1401,0.176,0.0736,0.0462,0.1237,100,false
0,1,7,0.0475,0.2512,0.1499,0.141,0.173,0.0688,0.041,0.1276,100,false
0,1,8,0.0436,0.2708,0.1439,0.1396,0.1667,0.066,0.0395,0.1299,100,false
0,1,9,0.0429,0.2916,0.1341,0.139,0.1587,0.0642,0.0374,0.1321,100,false
0,1,10,0.0423,0.3093,0.1237,0.1378,0.1542,0.062,0.036,0.1347,100,false
0,1,50,0.0134,0.4136,0.0071,0.1931,0.0735,0.061,0.0314,0.2069,100,false
0,1,100,0.0027,0.4008,0.0029,0.2407,0.0648,0.0922,0.0171,0.1788,100,false
0,1,1000,0.0025,0.4008,0.0029,0.2631,0.0609,0.0739,0.0171,0.1788,100,true
0,1,5000,0.0025,0.4008,0.0029,0.2631,0.0609,0.0739,0.0171,0.1788,100,true
0,1,10000,0.0025,0.4008,0.0029,0.2631,0.0609,0.0739,0.0171,0.1788,100,true
0,1,20000,0.0025,0.4008,0.0029,0.2631,0.0609,0.0739,0.0171,0.1788,100,true
0,1,30000,0.0025,0.4008,0.0029,0.2631,0.0609,0.0739,0.0171,0.1788,100,true
0,1,40000,0.0025,0.4008,0.0029,0.2631,0.0609,0.0739,0.0171,0.1788,100,true
0,1,50000,0.0025,0.4008,0.0029,0.2631,0.0609,0.0739,0.0171,0.1788,100,true
0,1,60000,0.0025,0.4008,0.0029,0.2631,0.0609,0.0739,0.0171,0.1788,100,true
0,1,70000,0.0025,0.4008,0.0029,0.2631,0.0609,0.0739,0.0171,0.1788,100,true
0,1,80000,0.0025,0.4008,0.0029,0.2631,0.0609,0.0739,0.0171,0.1788,100,true
0,1,90000,0.0025,0.4008,0.0029,0.2631,0.0609,0.0739,0.0171,0.1788,100,true
0,1,100000,0.0025,0.4008,0.0029,0.2631,0.0609,0.0739,0.0171,0.1788,100,true
0.5,0,0,0.1213,0.1244,0.1275,0.1287,0.1262,0.1224,0.1226,0.1269,100,false
0.5,0,1,0.1261,0.1248,0.1283,0.1328,0.1249,0.1179,0.1203,0.1249,100,false
0.5,0,2,0.127,0.1279,0.1231,0.1348,0.1196,0.12,0.1217,0.1259,100,false
0.5,0,3,0.1303,0.1252,0.1253,0.1315,0.1173,0.1214,0.1251,0.1239,100,false
0.5,0,4,0.1334,0.1202,0.1267,0.1302,0.1157,0.1195,0.1317,0.1226,100,false
0.5,0,5,0.1316,0.1187,0.1296,0.1295,0.1146,0.1184,0.1316,0.126,100,false
0.5,0,6,0.1334,0.1149,0.1306,0.1307,0.1139,0.1166,0.135,0.1249,100,false
0.5,0,7,0.136,0.1115,0.1304,0.1321,0.1155,0.1155,0.1397,0.1193,100,false
0.5,0,8,0.1376,0.1103,0.1254,0.1357,0.1154,0.1181,0.1406,0.1169,100,false
0.5,0,9,0.1345,0.1073,0.1264,0.1391,0.1146,0.1169,0.1431,0.1181,100,false
0.5,0,10,0.1292,0.1075,0.129,0.1396,0.113,0.1166,0.1476,0.1175,100,false
0.5,0,50,0.2144,0.1514,0.072,0.1389,0.1506,0.0905,0.1102,0.072,100,false
0.5,0,100,0.1174,0.0934,0.1215,0.1164,0.0417,0.1099,0.2343,0.1654,100,false
0.5,0,1000,0.2666,0,0.2797,0,0.2062,0,0.2475,0,100,false
0.5,0,5000,0.2047,0,0.2647,0,0.283,0,0.2476,0,100,false
0.5,0,10000,0.2114,0,0.2197,0,0.2637,0,0.3052,0,100,false
0.5,0,20000,0.2251,0,0.2801,0,0.252,0,0.2428,0,100,false
0.5,0,30000,0.1644,0,0.226,0,0.3109,0,0.2987,0,100,false
0.5,0,40000,0.2286,0,0.2365,0,0.3273,0,0.2076,0,100,false
0.5,0,50000,0.2154,0,0.264,0,0.2528,0,0.2678,0,100,false
0.5,0,60000,0.2191,0,0.2236,0,0.245,0,0.3123,0,100,false
0.5,0,70000,0.1925,0,0.2539,0,0.2144,0,0.3392,0,100,false
0.5,0,80000,0.2893,0,0.3007,0,0.2249,0,0.1851,0,100,false
0.5,0,90000,0.2804,0,0.2533,0,0.256,0,0.2103,0,100,false
0.5,0,100000,0.2311,0,0.2943,0,0.2336,0,0.241,0,100,false
0.5,0.5,0,0.1204,0.1187,0.1277,0.1224,0.1231,0.1279,0.126,0.1338,100,false
0.5,0.5,1,0.1048,0.1241,0.1444,0.1217,0.1354,0.1267,0.11,0.1329,100,false
0.5,0.5,2,0.0941,0.133,0.1621,0.1223,0.14,0.1224,0.094,0.1321,100,false
0.5,0.5,3,0.091,0.1395,0.1773,0.1189,0.1407,0.1143,0.0846,0.1337,100,false
0.5,0.5,4,0.0899,0.1485,0.183,0.1175,0.1347,0.1077,0.0778,0.1409,100,false
0.5,0.5,5,0.0942,0.1565,0.1897,0.1137,0.1282,0.1067,0.0654,0.1456,100,false
0.5,0.5,6,0.0947,0.1659,0.1917,0.1066,0.1211,0.108,0.0602,0.1518,100,false
0.5,0.5,7,0.0999,0.1721,0.1955,0.0957,0.1142,0.1101,0.0561,0.1564,100,false
0.5,0.5,8,0.098,0.179,0.1926,0.0883,0.1096,0.1118,0.0552,0.1655,100,false
0.5,0.5,9,0.0984,0.1829,0.1819,0.0833,0.1081,0.1157,0.0548,0.1749,100,false
0.5,0.5,10,0.0955,0.1829,0.1794,0.0777,0.1054,0.1182,0.0536,0.1873,100,false
0.5,0.5,50,0.0055,0.1761,0.0835,0.0308,0.1877,0.0873,0.0477,0.3814,100,false
0.5,0.5,100,0,0.1521,0.1385,0.0796,0.2547,0.0749,0.0587,0.2415,100,false
0.5,0.5,1000,0,0.3101,0,0.254,0,0.2196,0,0.2163,100,false
0.5,0.5,5000,0,0.2439,0,0.3046,0,0.2558,0,0.1957,100,false
0.5,0.5,10000,0,0.1676,0,0.3456,0,0.2972,0,0.1896,100,false
0.5,0.5,20000,0,0.2605,0,0.1985,0,0.2116,0,0.3294,100,false
0.5,0.5,30000,0,0.2626,0,0.2195,0,0.2101,0,0.3078,100,false
0.5,0.5,40000,0,0.2266,0,0.2516,0,0.2225,0,0.2993,100,false
0.5,0.5,50000,0,0.2436,0,0.2023,0,0.3015,0,0.2526,100,false
0.5,0.5,60000,0,0.2046,0,0.251,0,0.2738,0,0.2706,100,false
0.5,0.5,70000,0,0.2266,0,0.2453,0,0.2254,0,0.3027,100,false
0.5,0.5,80000,0,0.2294,0,0.2449,0,0.281,0,0.2447,100,false
0.5,0.5,90000,0,0.2363,0,0.1995,0,0.2118,0,0.3524,100,false
0.5,0.5,100000,0,0.3013,0,0.2351,0,0.2098,0,0.2538,100,false
0.5,1,0,0.1268,0.1199,0.1252,0.1217,0.1308,0.1268,0.123,0.1258,100,false
0.5,1,1,0.0952,0.124,0.1563,0.123,0.1605,0.122,0.0917,0.1273,100,false
0.5,1,2,0.0822,0.1353,0.1838,0.1246,0.1639,0.1104,0.0716,0.1282,100,false
0.5,1,3,0.0743,0.1557,0.2021,0.1228,0.1581,0.0995,0.0576,0.1299,100,false
0.5,1,4,0.0731,0.1778,0.208,0.1156,0.1485,0.0947,0.0424,0.1399,100,false
0.5,1,5,0.0735,0.2,0.2056,0.1089,0.1379,0.0875,0.0319,0.1547,100,false
0.5,1,6,0.0763,0.2166,0.2016,0.0918,0.1333,0.0834,0.0251,0.1719,100,false
0.5,1,7,0.078,0.2245,0.1952,0.0763,0.1276,0.0818,0.0232,0.1934,100,false
0.5,1,8,0.0822,0.2269,0.1818,0.0667,0.1228,0.0843,0.0236,0.2117,100,false
0.5,1,9,0.0738,0.2297,0.1638,0.0576,0.1243,0.0855,0.0224,0.2429,100,false
0.5,1,10,0.0694,0.2232,0.146,0.0542,0.1278,0.0862,0.0213,0.2719,100,false
0.5,1,50,0,0.1312,0.1069,0.0386,0.1258,0.1416,0.0715,0.3844,100,false
0.5,1,100,0,0.1498,0.0634,0.056,0.3041,0.0983,0.0209,0.3075,100,false
0.5,1,1000,0,0.253,0,0.2197,0,0.34,0,0.1873,100,false
0.5,1,5000,0,0.2503,0,0.2553,0,0.2787,0,0.2157,100,false
0.5,1,10000,0,0.2571,0,0.2703,0,0.2102,0,0.2624,100,false
0.5,1,20000,0,0.2745,0,0.1704,0,0.2381,0,0.317,100,false
0.5,1,30000,0,0.2115,0,0.2439,0,0.3139,0,0.2307,100,false
0.5,1,40000,0,0.2431,0,0.2377,0,0.2274,0,0.2918,100,false
0.5,1,50000,0,0.3419,0,0.249,0,0.1587,0,0.2504,100,false
0.5,1,60000,0,0.3028,0,0.201,0,0.25,0,0.2462,100,false
0.5,1,70000,0,0.2015,0,0.3062,0,0.2288,0,0.2635,100,false
0.5,1,80000,0,0.2507,0,0.2154,0,0.2621,0,0.2718,100,false
0.5,1,90000,0,0.2905,0,0.2274,0,0.2447,0,0.2374,100,false
0.5,1,100000,0,0.2209,0,0.224,0,0.2972,0,0.2579,100,false
1,0,0,0.1254,0.1245,0.1233,0.1263,0.1185,0.1248,0.1353,0.1219,100,false
1,0,1,0.1263,0.1263,0.129,0.127,0.1178,0.1262,0.1344,0.113,100,false
1,0,2,0.1228,0.1307,0.1282,0.1228,0.1223,0.1279,0.1338,0.1115,100,false
1,0,3,0.1262,0.1362,0.1265,0.1212,0.1186,0.1318,0.1314,0.1081,100,false
1,0,4,0.1294,0.138,0.1226,0.1176,0.1242,0.1296,0.1282,0.1104,100,false
1,0,5,0.1329,0.1363,0.1202,0.1197,0.121,0.1248,0.1309,0.1142,100,false
1,0,6,0.134,0.1359,0.1237,0.1127,0.117,0.1241,0.1327,0.1199,100,false
1,0,7,0.1292,0.1387,0.1232,0.1067,0.1167,0.1298,0.1369,0.1188,100,false
1,0,8,0.1307,0.1399,0.1184,0.1019,0.1183,0.1357,0.1388,0.1163,100,false
1,0,9,0.1303,0.138,0.1118,0.101,0.1275,0.1379,0.1412,0.1123,100,false
1,0,10,0.1274,0.1362,0.111,0.103,0.1367,0.1385,0.1376,0.1096,100,false
1,0,50,0.1357,0.0928,0.128,0.0876,0.106,0.119,0.1535,0.1774,100,false
1,0,100,0.1216,0.0912,0.2485,0.1768,0.095,0.1171,0.0487,0.1011,100,false
1,0,1000,0.2352,0,0.2338,0,0.3208,0,0.2102,0,100,false
1,0,5000,0.2412,0,0.1968,0,0.2602,0,0.3018,0,100,false
1,0,10000,0.167,0,0.2056,0,0.2873,0,0.3401,0,100,false
1,0,20000,0.2562,0,0.2589,0,0.2834,0,0.2015,0,100,false
1,0,30000,0.2913,0,0.1857,0,0.2776,0,0.2454,0,100,false
1,0,40000,0.247,0,0.246,0,0.3226,0,0.1844,0,100,false
1,0,50000,0.2194,0,0.2507,0,0.2318,0,0.2981,0,100,false
1,0,60000,0.2372,0,0.2402,0,0.249,0,0.2736,0,100,false
1,0,70000,0.2922,0,0.2957,0,0.1896,0,0.2225,0,100,false
1,0,80000,0.217,0,0.2775,0,0.2784,0,0.2271,0,100,false
1,0,90000,0.254,0,0.2369,0,0.2409,0,0.2682,0,100,false
1,0,100000,0.3077,0,0.2648,0,0.2277,0,0.1998,0,100,false
1,0.5,0,0.1202,0.1227,0.1217,0.1245,0.1286,0.1242,0.1322,0.1259,100,false
1,0.5,1,0.1078,0.1295,0.1396,0.1248,0.1385,0.121,0.1149,0.1239,100,false
1,0.5,2,0.1055,0.1324,0.1555,0.1236,0.1488,0.1125,0.0995,0.1222,100,false
1,0.5,3,0.1045,0.1415,0.1674,0.1229,0.1437,0.1103,0.0831,0.1266,100,false
1,0.5,4,0.1,0.1531,0.173,0.1157,0.1457,0.1011,0.0711,0.1403,100,false
1,0.5,5,0.1074,0.1513,0.1748,0.1086,0.1338,0.0966,0.0711,0.1564,100,false
1,0.5,6,0.1145,0.1562,0.1705,0.1002,0.1274,0.0962,0.0703,0.1647,100,false
1,0.5,7,0.12,0.1538,0.1604,0.0902,0.1298,0.0959,0.0703,0.1796,100,false
1,0.5,8,0.1197,0.1486,0.1536,0.0831,0.1345,0.0956,0.0704,0.1945,100,false
1,0.5,9,0.1197,0.1321,0.1463,0.0807,0.142,0.0995,0.0668,0.2129,100,false
1,0.5,10,0.1134,0.1212,0.1405,0.0783,0.1451,0.1095,0.0685,0.2235,100,false
1,0.5,50,0.1523,0.1443,0.1995,0.0919,0.0883,0.1468,0.0182,0.1587,100,false
1,0.5,100,0.0718,0.078,0.2796,0.1138,0.1078,0.1693,0.0077,0.172,100,false
1,0.5,1000,0,0.2512,0,0.3403,0,0.2004,0,0.2081,100,false
1,0.5,5000,0,0.286,0,0.2242,0,0.2833,0,0.2065,100,false
1,0.5,10000,0,0.2142,0,0.3383,0,0.2292,0,0.2183,100,false
1,0.5,20000,0,0.2044,0,0.2441,0,0.2542,0,0.2973,100,false
1,0.5,30000,0,0.2213,0,0.2705,0,0.2197,0,0.2885,100,false
1,0.5,40000,0,0.2944,0,0.2597,0,0.2254,0,0.2205,100,false
1,0.5,50000,0,0.2259,0,0.2127,0,0.281,0,0.2804,100,false
1,0.5,60000,0,0.261,0,0.2307,0,0.2549,0,0.2534,100,false
1,0.5,70000,0,0.2418,0,0.2726,0,0.2268,0,0.2588,100,false
1,0.5,80000,0,0.2862,0,0.2052,0,0.2402,0,0.2684,100,false
1,0.5,90000,0,0.2531,0,0.2367,0,0.2597,0,0.2505,100,false
1,0.5,100000,0,0.2379,0,0.2395,0,0.2621,0,0.2605,100,false
1,1,0,0.1211,0.1317,0.1206,0.1273,0.1298,0.125,0.1234,0.1211,100,false
1,1,1,0.1031,0.1416,0.1444,0.1219,0.1519,0.1181,0.0938,0.1252,100,false
1,1,2,0.0966,0.1496,0.1669,0.1182,0.1529,0.1084,0.0735,0.1339,100,false
1,1,3,0.0927,0.1598,0.1758,0.1165,0.1492,0.1011,0.0586,0.1463,100,false
1,1,4,0.0935,0.1667,0.1832,0.1106,0.141,0.0958,0.05,0.1592,100,false
1,1,5,0.0941,0.1694,0.1793,0.1037,0.1314,0.0972,0.0452,0.1797,100,false
1,1,6,0.0892,0.1721,0.1715,0.0984,0.1229,0.098,0.0442,0.2037,100,false
1,1,7,0.0829,0.171,0.1648,0.0895,0.1175,0.1083,0.0439,0.2221,100,false
1,1,8,0.0765,0.1611,0.1665,0.0824,0.1159,0.1165,0.0388,0.2423,100,false
1,1,9,0.0722,0.1521,0.1643,0.0744,0.1154,0.1253,0.0374,0.2589,100,false
1,1,10,0.0672,0.1407,0.1667,0.0707,0.1155,0.1381,0.032,0.2691,100,false
1,1,50,0.0382,0.2544,0.1767,0.0417,0.1523,0.1581,0,0.1786,100,false
1,1,100,0.0316,0.1195,0.182,0.0845,0.2013,0.2048,0,0.1763,100,false
1,1,1000,0,0.2026,0,0.2246,0,0.2835,0,0.2893,100,false
1,1,5000,0,0.2,0,0.2426,0,0.3232,0,0.2342,100,false
1,1,10000,0,0.2837,0,0.2906,0,0.2483,0,0.1774,100,false
1,1,20000,0,0.2951,0,0.2336,0,0.2014,0,0.2699,100,false
1,1,30000,0,0.2366,0,0.2503,0,0.2429,0,0.2702,100,false
1,1,40000,0,0.1957,0,0.3027,0,0.2361,0,0.2655,100,false
1,1,50000,0,0.2488,0,0.1997,0,0.2769,0,0.2746,100,false
1,1,60000,0,0.2246,0,0.3128,0,0.2696,0,0.193,100,false
1,1,70000,0,0.2613,0,0.3378,0,0.1937,0,0.2072,100,false
1,1,80000,0,0.222,0,0.2499,0,0.2536,0,0.2745,100,false
1,1,90000,0,0.2634,0,0.1986,0,0.2847,0,0.2533,100,false
1,1,100000,0,0.2691,0,0.2256,0,0.2292,0,0.2761,100,false
0,0,0,0.127,0.1266,0.1209,0.1254,0.1194,0.1283,0.1268,0.1256,100,false
0,0,1,0.1263,0.1254,0.1192,0.1259,0.1222,0.1288,0.1239,0.1283,100,false
0,0,2,0.1262,0.1256,0.1163,0.1305,0.1197,0.1298,0.1218,0.1301,100,false
0,0,3,0.1239,0.1242,0.1178,0.1281,0.1203,0.1309,0.1211,0.1337,100,false
0,0,4,0.1252,0.1173,0.1213,0.1278,0.1185,0.136,0.1207,0.1332,100,false
0,0,5,0.1191,0.116,0.1243,0.1268,0.1202,0.1363,0.1196,0.1377,100,false
0,0,6,0.1153,0.1162,0.1291,0.1223,0.1224,0.1368,0.1188,0.1391,100,false
0,0,7,0.1116,0.1203,0.1294,0.1192,0.1241,0.1379,0.1184,0.1391,100,false
0,0,8,0.1127,0.1188,0.1303,0.118,0.1254,0.1388,0.1185,0.1375,100,false
0,0,9,0.1128,0.1191,0.1306,0.1164,0.1264,0.139,0.1192,0.1365,100,false
0,0,10,0.1111,0.1177,0.1308,0.1182,0.1266,0.1398,0.1194,0.1364,100,false
0,0,50,0.1165,0.1177,0.1238,0.1143,0.1281,0.1481,0.1143,0.1372,100,false
0,0,100,0.1128,0.1232,0.1396,0.1166,0.1383,0.1283,0.1104,0.1308,100,false
0,0,1000,0.024,0.02,0.033,0.0594,0.2268,0.3554,0.1482,0.1332,100,false
0,0,5000,0.0005,0.011,0,0.9819,0,0.0017,0,0.0049,100,true
0,0,10000,0.0005,0.011,0,0.9819,0,0.0017,0,0.0049,100,true
0,0,20000,0.0005,0.011,0,0.9819,0,0.0017,0,0.0049,100,true
0,0,30000,0.0005,0.011,0,0.9819,0,0.0017,0,0.0049,100,true
0,0,40000,0.0005,0.011,0,0.9819,0,0.0017,0,0.0049,100,true
0,0,50000,0.0005,0.011,0,0.9819,0,0.0017,0,0.0049,100,true
0,0,60000,0.0005,0.011,0,0.9819,0,0.0017,0,0.0049,100,true
0,0,70000,0.0005,0.011,0,0.9819,0,0.0017,0,0.0049,100,true
0,0,80000,0.0005,0.011,0,0.9819,0,0.0017,0,0.0049,100,true
0,0,90000,0.0005,0.011,0,0.9819,0,0.0017,0,0.0049,100,true
0,0,100000,0.0005,0.011,0,0.9819,0,0.0017,0,0.0049,100,true
0,0.5,0,0.1208,0.1236,0.1289,0.1225,0.1267,0.1214,0.1262,0.1299,100,false
0,0.5,1,0.1038,0.1296,0.1411,0.1208,0.1438,0.1164,0.1137,0.1308,100,false
0,0.5,2,0.0912,0.1379,0.1528,0.123,0.1526,0.1112,0.1013,0.13,100,false
0,0.5,3,0.0814,0.1513,0.155,0.1276,0.1583,0.1053,0.0921,0.129,100,false
0,0.5,4,0.0751,0.1601,0.1626,0.1295,0.1623,0.1,0.0826,0.1278,100,false
0,0.5,5,0.0689,0.1755,0.1619,0.1291,0.1647,0.0928,0.0784,0.1287,100,false
0,0.5,6,0.0641,0.1888,0.1615,0.1327,0.1633,0.0862,0.0719,0.1315,100,false
0,0.5,7,0.0611,0.2039,0.1602,0.1329,0.1597,0.0819,0.0665,0.1338,100,false
0,0.5,8,0.0586,0.2178,0.1522,0.1361,0.1567,0.0794,0.0623,0.1369,100,false
0,0.5,9,0.0581,0.231,0.1475,0.1375,0.1538,0.0762,0.0559,0.14,100,false
0,0.5,10,0.0587,0.2434,0.1414,0.1365,0.1519,0.072,0.051,0.1451,100,false
0,0.5,50,0.0131,0.3373,0.0209,0.1842,0.1222,0.0805,0.0425,0.1993,100,false
0,0.5,100,0.0156,0.3448,0.0139,0.2059,0.0898,0.073,0.0557,0.2013,100,false
0,0.5,1000,0.0066,0.3666,0.008,0.2231,0.0724,0.104,0.0367,0.1826,100,true
0,0.5,5000,0.0066,0.3666,0.008,0.2231,0.0724,0.104,0.0367,0.1826,100,true
0,0.5,10000,0.0066,0.3666,0.008,0.2231,0.0724,0.104,0.0367,0.1826,100,true
0,0.5,20000,0.0066,0.3666,0.008,0.2231,0.0724,0.104,0.0367,0.1826,100,true
0,0.5,30000,0.0066,0.3666,0.008,0.2231,0.0724,0.104,0.0367,0.1826,100,true
0,0.5,40000,0.0066,0.3666,0.008,0.2231,0.0724,0.104,0.0367,0.1826,100,true
0,0.5,50000,0.0066,0.3666,0.008,0.2231,0.0724,0.104,0.0367,0.1826,100,true
0,0.5,60000,0.0066,0.3666,0.008,0.2231,0.0724,0.104,0.0367,0.1826,100,true
0,0.5,70000,0.0066,0.3666,0.008,0.2231,0.0724,0.104,0.0367,0.1826,100,true
0,0.5,80000,0.0066,0.3666,0.008,0.2231,0.0724,0.104,0.0367,0.1826,100,true
0,0.5,90000,0.0066,0.3666,0.008,0.2231,0.0724,0.104,0.0367,0.1826,100,true
0,0.5,100000,0.0066,0.3666,0.008,0.2231,0.0724,0.104,0.0367,0.1826,100,true
0,1,0,0.1297,0.1314,0.1252,0.1195,0.1263,0.1233,0.1234,0.1212,100,false
0,1,1,0.1022,0.1353,0.1455,0.1241,0.1531,0.1186,0.0957,0.1255,100,false
0,1,2,0.0858,0.1464,0.1549,0.1315,0.1657,0.1107,0.081,0.124,100,false
0,1,3,0.071,0.1616,0.1572,0.1384,0.173,0.1016,0.0716,0.1256,100,false
0,1,4,0.0648,0.1737,0.1632,0.1406,0.1735,0.0917,0.0645,0.128,100,false
0,1,5,0.0611,0.1866,0.1668,0.1391,0.1744,0.0865,0.0559,0.1296,100,false
0,1,6,0.0564,0.2015,0.1669,0.1401,0.1754,0.079,0.0491,0.1316,100,false
0,1,7,0.052,0.2206,0.1599,0.1416,0.1724,0.0744,0.0448,0.1343,100,false
0,1,8,0.0458,0.2373,0.1575,0.142,0.1682,0.0711,0.0391,0.139,100,false
0,1,9,0.042,0.2595,0.1483,0.138,0.1662,0.0677,0.035,0.1433,100,false
0,1,10,0.0421,0.2771,0.1414,0.1341,0.1625,0.0651,0.0334,0.1443,100,false
0,1,50,0.0007,0.4476,0.0117,0.1845,0.0884,0.0539,0.0134,0.1998,100,false
0,1,100,0.0005,0.4522,0.0078,0.1855,0.0878,0.0527,0.0134,0.2001,100,true
0,1,1000,0.0005,0.4522,0.0078,0.1855,0.0878,0.0527,0.0134,0.2001,100,true
0,1,5000,0.0005,0.4522,0.0078,0.1855,0.0878,0.0527,0.0134,0.2001,100,true
0,1,10000,0.0005,0.4522,0.0078,0.1855,0.0878,0.0527,0.0134,0.2001,100,true
0,1,20000,0.0005,0.4522,0.0078,0.1855,0.0878,0.0527,0.0134,0.2001,100,true
0,1,30000,0.0005,0.4522,0.0078,0.1855,0.0878,0.0527,0.0134,0.2001,100,true
0,1,40000,0.0005,0.4522,0.0078,0.1855,0.0878,0.0527,0.0134,0.2001,100,true
0,1,50000,0.0005,0.4522,0.0078,0.1855,0.0878,0.0527,0.0134,0.2001,100,true
0,1,60000,0.0005,0.4522,0.0078,0.1855,0.0878,0.0527,0.0134,0.2001,100,true
0,1,70000,0.0005,0.4522,0.0078,0.1855,0.0878,0.0527,0.0134,0.2001,100,true
0,1,80000,0.0005,0.4522,0.0078,0.1855,0.0878,0.0527,0.0134,0.2001,100,true
0,1,90000,0.0005,0.4522,0.0078,0.1855,0.0878,0.0527,0.0134,0.2001,100,true
0,1,100000,0.0005,0.4522,0.0078,0.1855,0.0878,0.0527,0.0134,0.2001,100,true
0.5,0,0,0.1256,0.13,0.1254,0.1228,0.1275,0.1206,0.1198,0.1283,100,false
0.5,0,1,0.1315,0.1304,0.1251,0.1162,0.1244,0.1246,0.12,0.1278,100,false
0.5,0,2,0.1318,0.1277,0.1225,0.1175,0.1245,0.1248,0.1226,0.1286,100,false
0.5,0,3,0.1331,0.1266,0.1215,0.1159,0.1273,0.1208,0.1264,0.1284,100,false
0.5,0,4,0.1325,0.1241,0.1181,0.1162,0.1246,0.1211,0.1341,0.1293,100,false
0.5,0,5,0.1322,0.1208,0.1163,0.1162,0.1272,0.1219,0.1343,0.1311,100,false
0.5,0,6,0.133,0.1163,0.1125,0.1182,0.133,0.1216,0.1308,0.1346,100,false
0.5,0,7,0.1263,0.1153,0.1153,0.1214,0.1331,0.1225,0.1289,0.1372,100,false
0.5,0,8,0.1227,0.1158,0.1165,0.119,0.1327,0.1237,0.1289,0.1407,100,false
0.5,0,9,0.1182,0.1157,0.1179,0.121,0.1314,0.1251,0.1259,0.1448,100,false
0.5,0,10,0.1135,0.1136,0.1214,0.124,0.13,0.1256,0.1228,0.1491,100,false
0.5,0,50,0.0806,0.1642,0.1304,0.1152,0.1373,0.1601,0.1069,0.1053,100,false
0.5,0,100,0.1398,0.2081,0.1082,0.1743,0.0813,0.0737,0.1148,0.0998,100,false
0.5,0,1000,0.2577,0,0.2089,0,0.2591,0.0047,0.2637,0.0059,100,false
0.5,0,5000,0.2156,0,0.2771,0,0.3039,0,0.2034,0,100,false
0.5,0,10000,0.2042,0,0.2901,0,0.286,0,0.2197,0,100,false
0.5,0,20000,0.2537,0,0.2301,0,0.2871,0,0.2291,0,100,false
0.5,0,30000,0.3232,0,0.2029,0,0.2143,0,0.2596,0,100,false
0.5,0,40000,0.2675,0,0.2141,0,0.2312,0,0.2872,0,100,false
0.5,0,50000,0.2957,0,0.2384,0,0.2209,0,0.245,0,100,false
0.5,0,60000,0.2581,0,0.2042,0,0.2715,0,0.2662,0,100,false
0.5,0,70000,0.246,0,0.2505,0,0.246,0,0.2575,0,100,false
0.5,0,80000,0.2474,0,0.2261,0,0.2456,0,0.2809,0,100,false
0.5,0,90000,0.2326,0,0.1855,0,0.2937,0,0.2882,0,100,false
0.5,0,100000,0.2176,0,0.2241,0,0.2955,0,0.2628,0,100,false
0.5,0.5,0,0.1206,0.1293,0.1302,0.1253,0.1206,0.1299,0.1224,0.1217,100,false
0.5,0.5,1,0.1062,0.1347,0.1453,0.1257,0.1355,0.1287,0.105,0.1189,100,false
0.5,0.5,2,0.1011,0.1346,0.1634,0.1242,0.1405,0.1246,0.0886,0.123,100,false
0.5,0.5,3,0.0953,0.1474,0.1758,0.1209,0.1402,0.1201,0.075,0.1253,100,false
0.5,0.5,4,0.0936,0.1644,0.1828,0.1158,0.1369,0.1119,0.0628,0.1318,100,false
0.5,0.5,5,0.0949,0.1819,0.1786,0.1061,0.1333,0.1056,0.0616,0.138,100,false
0.5,0.5,6,0.0945,0.1896,0.177,0.1018,0.1323,0.0987,0.0569,0.1492,100,false
0.5,0.5,7,0.0938,0.1998,0.171,0.0947,0.1276,0.0988,0.0545,0.1598,100,false
0.5,0.5,8,0.092,0.2161,0.1531,0.0874,0.129,0.0963,0.0543,0.1718,100,false
0.5,0.5,9,0.0879,0.2183,0.1418,0.0821,0.1311,0.0949,0.0533,0.1906,100,false
0.5,0.5,10,0.0904,0.2084,0.1286,0.0784,0.1338,0.0962,0.0576,0.2066,100,false
0.5,0.5,50,0.0063,0.1427,0.1103,0.0846,0.1821,0.0811,0.0722,0.3207,100,false
0.5,0.5,100,0.0012,0.2692,0.1056,0.1138,0.1488,0.0956,0.1285,0.1373,100,false
0.5,0.5,1000,0,0.2657,0,0.2437,0,0.315,0.0113,0.1643,100,false
0.5,0.5,5000,0,0.3033,0,0.203,0,0.2026,0,0.2911,100,false
0.5,0.5,10000,0,0.3045,0,0.2654,0,0.2187,0,0.2114,100,false
0.5,0.5,20000,0,0.1734,0,0.3119,0,0.2592,0,0.2555,100,false
0.5,0.5,30000,0,0.2299,0,0.2304,0,0.2409,0,0.2988,100,false
0.5,0.5,40000,0,0.2735,0,0.2749,0,0.1976,0,0.254,100,false
0.5,0.5,50000,0,0.2794,0,0.237,0,0.2341,0,0.2495,100,false
0.5,0.5,60000,0,0.2458,0,0.2804,0,0.2159,0,0.2579,100,false
0.5,0.5,70000,0,0.3053,0,0.2382,0,0.2163,0,0.2402,100,false
0.5,0.5,80000,0,0.2673,0,0.1793,0,0.2487,0,0.3047,100,false
0.5,0.5,90000,0,0.2379,0,0.2766,0,0.2674,0,0.2181,100,false
0.5,0.5,100000,0,0.2498,0,0.2048,0,0.2093,0,0.3361,100,false
0.5,1,0,0.1267,0.122,0.1218,0.1219,0.1242,0.126,0.1288,0.1286,100,false
0.5,1,1,0.1033,0.1224,0.1475,0.1257,0.1449,0.1201,0.1063,0.1298,100,false
0.5,1,2,0.0874,0.1358,0.1706,0.1265,0.1621,0.1082,0.0835,0.1259,100,false
0.5,1,3,0.076,0.1519,0.1936,0.1195,0.1609,0.0987,0.0659,0.1335,100,false
0.5,1,4,0.0693,0.1729,0.2032,0.1163,0.1528,0.0949,0.0509,0.1397,100,false
0.5,1,5,0.0699,0.1953,0.2067,0.1094,0.1424,0.0867,0.0425,0.1471,100,false
0.5,1,6,0.068,0.2109,0.2022,0.1027,0.1311,0.0826,0.0369,0.1656,100,false
0.5,1,7,0.0674,0.2218,0.197,0.0906,0.1241,0.084,0.0337,0.1814,100,false
0.5,1,8,0.0709,0.2252,0.1874,0.0766,0.1185,0.0904,0.0273,0.2037,100,false
0.5,1,9,0.0688,0.2226,0.1771,0.0676,0.1179,0.0924,0.0282,0.2254,100,false
0.5,1,10,0.0631,0.2168,0.1662,0.0604,0.1215,0.0938,0.0277,0.2505,100,false
0.5,1,50,0.0007,0.1207,0.1366,0.0474,0.157,0.1036,0.047,0.387,100,false
0.5,1,100,0,0.2093,0.1386,0.0517,0.2476,0.0646,0.0494,0.2388,100,false
0.5,1,1000,0,0.4667,0,0.0959,0.0512,0.1033,0.0868,0.1961,100,false
0.5,1,5000,0,0.2415,0,0.1759,0,0.3073,0,0.2753,100,false
0.5,1,10000,0,0.2554,0,0.2197,0,0.2113,0,0.3136,100,false
0.5,1,20000,0,0.2437,0,0.2398,0,0.2806,0,0.2359,100,false
0.5,1,30000,0,0.2264,0,0.2285,0,0.2651,0,0.28,100,false
0.5,1,40000,0,0.2313,0,0.2505,0,0.2187,0,0.2995,100,false
0.5,1,50000,0,0.318,0,0.2062,0,0.2196,0,0.2562,100,false
0.5,1,60000,0,0.2446,0,0.2549,0,0.2701,0,0.2304,100,false
0.5,1,70000,0,0.2723,0,0.2084,0,0.2635,0,0.2558,100,false
0.5,1,80000,0,0.2697,0,0.2688,0,0.2063,0,0.2552,100,false
0.5,1,90000,0,0.2668,0,0.2645,0,0.2579,0,0.2108,100,false
0.5,1,100000,0,0.2751,0,0.316,0,0.2127,0,0.1962,100,false
1,0,0,0.1258,0.1247,0.1218,0.1255,0.1268,0.1213,0.1252,0.1289,100,false
1,0,1,0.1229,0.1189,0.1284,0.1225,0.1271,0.1199,0.1284,0.1319,100,false
1,0,2,0.1238,0.1168,0.1258,0.1235,0.1278,0.1226,0.1328,0.1269,100,false
1,0,3,0.1234,0.1157,0.1241,0.1214,0.1298,0.1269,0.1348,0.1239,100,false
1,0,4,0.1222,0.1211,0.1247,0.1234,0.1294,0.1327,0.1258,0.1207,100,false
1,0,5,0.1145,0.126,0.1293,0.1249,0.129,0.1305,0.128,0.1178,100,false
1,0,6,0.1161,0.1304,0.1284,0.1245,0.1301,0.13,0.1252,0.1153,100,false
1,0,7,0.1196,0.1301,0.1276,0.123,0.1319,0.1297,0.1221,0.116,100,false
1,0,8,0.1228,0.1298,0.1258,0.1216,0.1311,0.1312,0.1234,0.1143,100,false
1,0,9,0.1291,0.13,0.1284,0.1233,0.1259,0.1299,0.1232,0.1102,100,false
1,0,10,0.1394,0.1294,0.1276,0.1218,0.1248,0.1294,0.1216,0.106,100,false
1,0,50,0.1307,0.1125,0.1395,0.086,0.1404,0.1363,0.1055,0.1491,100,false
1,0,100,0.1089,0.0857,0.1451,0.0726,0.1859,0.0983,0.193,0.1105,100,false
1,0,1000,0.0818,0.1724,0.1173,0.1799,0.0752,0.1842,0.0362,0.153,100,false
1,0,5000,0,0.2382,0,0.2956,0,0.2985,0,0.1677,100,false
1,0,10000,0,0.2562,0,0.2718,0,0.2354,0,0.2366,100,false
1,0,20000,0,0.2656,0,0.2869,0,0.2317,0,0.2158,100,false
1,0,30000,0,0.2382,0,0.2392,0,0.2621,0,0.2605,100,false
1,0,40000,0,0.3127,0,0.3145,0,0.1587,0,0.2141,100,false
1,0,50000,0,0.289,0,0.2206,0,0.2477,0,0.2427,100,false
1,0,60000,0,0.2995,0,0.2298,0,0.2469,0,0.2238,100,false
1,0,70000,0,0.2446,0,0.2022,0,0.2879,0,0.2653,100,false
1,0,80000,0,0.3004,0,0.3095,0,0.2222,0,0.1679,100,false
1,0,90000,0,0.2709,0,0.2484,0,0.2162,0,0.2645,100,false
1,0,100000,0,0.2023,0,0.252,0,0.2492,0,0.2965,100,false
1,0.5,0,0.1282,0.1213,0.1323,0.13,0.117,0.1298,0.1189,0.1225,100,false
1,0.5,1,0.1232,0.128,0.146,0.1261,0.1249,0.1226,0.1066,0.1226,100,false
1,0.5,2,0.1221,0.1345,0.1544,0.1227,0.1302,0.1174,0.0889,0.1298,100,false
1,0.5,3,0.1134,0.1386,0.1592,0.1209,0.1332,0.1119,0.0818,0.141,100,false
1,0.5,4,0.1137,0.142,0.1575,0.1159,0.1311,0.1129,0.0762,0.1507,100,false
1,0.5,5,0.1101,0.1388,0.1593,0.1162,0.1285,0.112,0.074,0.1611,100,false
1,0.5,6,0.1104,0.1358,0.167,0.1123,0.118,0.116,0.0723,0.1682,100,false
1,0.5,7,0.1109,0.1358,0.1663,0.1083,0.1136,0.1203,0.0703,0.1745,100,false
1,0.5,8,0.1169,0.1336,0.1606,0.1032,0.1128,0.1204,0.0683,0.1842,100,false
1,0.5,9,0.122,0.1307,0.1547,0.1015,0.1087,0.1217,0.0727,0.188,100,false
1,0.5,10,0.1274,0.1296,0.1495,0.0975,0.1077,0.1273,0.0736,0.1874,100,false
1,0.5,50,0.1067,0.0952,0.1946,0.1632,0.1156,0.1267,0.0198,0.1782,100,false
1,0.5,100,0.1269,0.1122,0.1602,0.0752,0.1031,0.1578,0.0272,0.2374,100,false
1,0.5,1000,0,0.2746,0,0.2556,0,0.2414,0,0.2284,100,false
1,0.5,5000,0,0.3001,0,0.211,0,0.2193,0,0.2696,100,false
1,0.5,10000,0,0.2644,0,0.2643,0,0.2025,0,0.2688,100,false
1,0.5,20000,0,0.3039,0,0.1737,0,0.2224,0,0.3,100,false
1,0.5,30000,0,0.2075,0,0.2252,0,0.2646,0,0.3027,100,false
1,0.5,40000,0,0.2212,0,0.2541,0,0.2743,0,0.2504,100,false
1,0.5,50000,0,0.2982,0,0.2246,0,0.2294,0,0.2478,100,false
1,0.5,60000,0,0.2776,0,0.2477,0,0.2573,0,0.2174,100,false
1,0.5,70000,0,0.2459,0,0.1972,0,0.2932,0,0.2637,100,false
1,0.5,80000,0,0.2774,0,0.2829,0,0.1941,0,0.2456,100,false
1,0.5,90000,0,0.2327,0,0.1741,0,0.3214,0,0.2718,100,false
1,0.5,100000,0,0.2837,0,0.2471,0,0.21,0,0.2592,100,false
1,1,0,0.1219,0.1273,0.126,0.1247,0.1213,0.129,0.1312,0.1186,100,false
1,1,1,0.1023,0.1286,0.1538,0.1265,0.1425,0.1248,0.1016,0.1199,100,false
1,1,2,0.0922,0.1442,0.1794,0.1227,0.1441,0.1187,0.0773,0.1214,100,false
1,1,3,0.0887,0.1568,0.1998,0.1187,0.1378,0.1082,0.0631,0.1269,100,false
1,1,4,0.0884,0.164,0.2115,0.1139,0.1266,0.1024,0.048,0.1452,100,false
1,1,5,0.0885,0.1743,0.2149,0.1022,0.1197,0.0959,0.0407,0.1638,100,false
1,1,6,0.0932,0.1814,0.2081,0.0876,0.1109,0.0974,0.0365,0.1849,100,false
1,1,7,0.0965,0.177,0.1975,0.0776,0.1091,0.1026,0.0317,0.208,100,false
1,1,8,0.094,0.1725,0.1878,0.074,0.103,0.1086,0.0301,0.23,100,false
1,1,9,0.0955,0.159,0.1769,0.0701,0.1012,0.1149,0.0279,0.2545,100,false
1,1,10,0.0922,0.1425,0.1696,0.0639,0.1033,0.132,0.0288,0.2677,100,false
1,1,50,0.1127,0.1258,0.2473,0.0489,0.1312,0.2096,0,0.1245,100,false
1,1,100,0.0571,0.1429,0.201,0.0412,0.1616,0.1662,0,0.23,100,false
1,1,1000,0,0.2477,0,0.3537,0,0.1878,0,0.2108,100,false
1,1,5000,0,0.2469,0,0.2469,0,0.262,0,0.2442,100,false
1,1,10000,0,0.2239,0,0.2102,0,0.2834,0,0.2825,100,false
1,1,20000,0,0.2229,0,0.2215,0,0.2411,0,0.3145,100,false
1,1,30000,0,0.1992,0,0.1899,0,0.3235,0,0.2874,100,false
1,1,40000,0,0.2485,0,0.2878,0,0.2043,0,0.2594,100,false
1,1,50000,0,0.2581,0,0.2265,0,0.2394,0,0.276,100,false
1,1,60000,0,0.2821,0,0.2079,0,0.2214,0,0.2886,100,false
1,1,70000,0,0.2561,0,0.3516,0,0.1584,0,0.2339,100,false
1,1,80000,0,0.2327,0,0.2458,0,0.2872,0,0.2343,100,false
1,1,90000,0,0.2511,0,0.315,0,0.2383,0,0.1956,100,false
1,1,100000,0,0.2395,0,0.2372,0,0.2241,0,0.2992,100,false
0,0,0,0.1234,0.1298,0.1206,0.128,0.1255,0.1254,0.1262,0.1211,100,false
0,0,1,0.1216,0.1315,0.1228,0.1265,0.1261,0.1258,0.1244,0.1213,100,false
0,0,2,0.1197,0.1359,0.1221,0.1238,0.1272,0.1248,0.124,0.1225,100,false
0,0,3,0.1216,0.1354,0.1181,0.1267,0.1263,0.1252,0.1232,0.1235,100,false
0,0,4,0.1252,0.1308,0.1206,0.1292,0.1229,0.1273,0.1213,0.1227,100,false
0,0,5,0.1293,0.1295,0.1185,0.1297,0.125,0.1256,0.1203,0.1221,100,false
0,0,6,0.1302,0.1285,0.1181,0.1326,0.1228,0.1241,0.1218,0.1219,100,false
0,0,7,0.1305,0.1281,0.118,0.1344,0.1194,0.1232,0.1239,0.1225,100,false
0,0,8,0.1303,0.1278,0.1189,0.1317,0.1211,0.1226,0.1252,0.1224,100,false
0,0,9,0.1296,0.1278,0.1211,0.1281,0.1237,0.1217,0.1247,0.1233,100,false
0,0,10,0.1284,0.1272,0.1236,0.1253,0.1251,0.1204,0.1259,0.1241,100,false
0,0,50,0.1319,0.1173,0.118,0.1276,0.1234,0.1211,0.1277,0.133,100,false
0,0,100,0.1167,0.1245,0.1305,0.1295,0.1303,0.1422,0.1132,0.1131,100,false
0,0,1000,0.2727,0.204,0.0697,0.054,0.0482,0.0689,0.069,0.2135,100,false
0,0,5000,0.1697,0.1338,0.1021,0.0971,0.2421,0.1142,0.0736,0.0674,100,false
0,0,10000,0.1007,0.1136,0.2119,0.2024,0.1079,0.0795,0.0804,0.1036,100,false
0,0,20000,0.0122,0.0454,0.237,0.4463,0.2449,0.002,0.0077,0.0045,100,false
0,0,30000,0.0022,0,0.9852,0,0.0015,0.0002,0.0096,0.0013,100,true
0,0,40000,0.0022,0,0.9852,0,0.0015,0.0002,0.0096,0.0013,100,true
0,0,50000,0.0022,0,0.9852,0,0.0015,0.0002,0.0096,0.0013,100,true
0,0,60000,0.0022,0,0.9852,0,0.0015,0.0002,0.0096,0.0013,100,true
0,0,70000,0.0022,0,0.9852,0,0.0015,0.0002,0.0096,0.0013,100,true
0,0,80000,0.0022,0,0.9852,0,0.0015,0.0002,0.0096,0.0013,100,true
0,0,90000,0.0022,0,0.9852,0,0.0015,0.0002,0.0096,0.0013,100,true
0,0,100000,0.0022,0,0.9852,0,0.0015,0.0002,0.0096,0.0013,100,true
0,0.5,0,0.1261,0.121,0.1176,0.1285,0.1265,0.128,0.1235,0.1288,100,false
0,0.5,1,0.1131,0.1195,0.1333,0.1321,0.1359,0.1251,0.1092,0.1318,100,false
0,0.5,2,0.0982,0.1243,0.1519,0.129,0.1421,0.1233,0.1003,0.1309,100,false
0,0.5,3,0.0888,0.132,0.1615,0.1278,0.1494,0.1187,0.0903,0.1315,100,false
0,0.5,4,0.0826,0.1412,0.1692,0.1285,0.151,0.115,0.0799,0.1326,100,false
0,0.5,5,0.0797,0.1489,0.1748,0.1242,0.1577,0.1105,0.0702,0.134,100,false
0,0.5,6,0.0765,0.1585,0.1783,0.1246,0.1583,0.1066,0.0604,0.1368,100,false
0,0.5,7,0.074,0.1689,0.1804,0.1227,0.1608,0.0988,0.0542,0.1402,100,false
0,0.5,8,0.0705,0.1802,0.1813,0.121,0.1589,0.0926,0.0523,0.1432,100,false
0,0.5,9,0.069,0.1934,0.1785,0.1188,0.1565,0.0883,0.0487,0.1468,100,false
0,0.5,10,0.0645,0.2123,0.1695,0.1167,0.1539,0.0835,0.0476,0.152,100,false
0,0.5,50,0.0224,0.3275,0.0309,0.1554,0.1069,0.0813,0.0373,0.2383,100,false
0,0.5,100,0.0102,0.3117,0.007,0.2135,0.063,0.1129,0.0353,0.2464,100,false
0,0.5,1000,0.0047,0.3134,0.0072,0.2585,0.0529,0.1257,0.0242,0.2134,100,true
0,0.5,5000,0.0047,0.3134,0.0072,0.2585,0.0529,0.1257,0.0242,0.2134,100,true
0,0.5,10000,0.0047,0.3134,0.0072,0.2585,0.0529,0.1257,0.0242,0.2134,100,true
0,0.5,20000,0.0047,0.3134,0.0072,0.2585,0.0529,0.1257,0.0242,0.2134,100,true
0,0.5,30000,0.0047,0.3134,0.0072,0.2585,0.0529,0.1257,0.0242,0.2134,100,true
0,0.5,40000,0.0047,0.3134,0.0072,0.2585,0.0529,0.1257,0.0242,0.2134,100,true
0,0.5,50000,0.0047,0.3134,0.0072,0.2585,0.0529,0.1257,0.0242,0.2134,100,true
0,0.5,60000,0.0047,0.3134,0.0072,0.2585,0.0529,0.1257,0.0242,0.2134,100,true
0,0.5,70000,0.0047,0.3134,0.0072,0.2585,0.0529,0.1257,0.0242,0.2134,100,true
0,0.5,80000,0.0047,0.3134,0.0072,0.2585,0.0529,0.1257,0.0242,0.2134,100,true
0,0.5,90000,0.0047,0.3134,0.0072,0.2585,0.0529,0.1257,0.0242,0.2134,100,true
0,0.5,100000,0.0047,0.3134,0.0072,0.2585,0.0529,0.1257,0.0242,0.2134,100,true
0,1,0,0.1264,0.1261,0.125,0.1198,0.1302,0.1289,0.123,0.1206,100,false
0,1,1,0.0994,0.128,0.1476,0.1254,0.1568,0.1236,0.0951,0.1241,100,false
0,1,2,0.0803,0.138,0.1617,0.132,0.1718,0.1136,0.0775,0.1251,100,false
0,1,3,0.0671,0.1542,0.1709,0.1361,0.1766,0.1063,0.0644,0.1244,100,false
0,1,4,0.056,0.1737,0.1736,0.1427,0.1756,0.0984,0.0559,0.1241,100,false
0,1,5,0.0497,0.1979,0.1742,0.1406,0.1748,0.0915,0.0468,0.1245,100,false
0,1,6,0.0511,0.2173,0.1727,0.139,0.17,0.0845,0.0409,0.1245,100,false
0,1,7,0.0501,0.2446,0.1619,0.1357,0.1664,0.0785,0.036,0.1268,100,false
0,1,8,0.0468,0.2669,0.1537,0.1302,0.1664,0.0728,0.0335,0.1297,100,false
0,1,9,0.0448,0.2885,0.1402,0.1286,0.165,0.069,0.031,0.1329,100,false
0,1,10,0.0424,0.3042,0.1322,0.1257,0.1647,0.0659,0.0288,0.1361,100,false
0,1,50,0.0023,0.4332,0.0068,0.1833,0.0893,0.0608,0.0201,0.2042,100,false
0,1,100,0.0015,0.4459,0.005,0.2013,0.0717,0.058,0.0191,0.1975,100,false
0,1,1000,0.0015,0.4464,0.0045,0.2013,0.0717,0.058,0.0191,0.1975,100,true
0,1,5000,0.0015,0.4464,0.0045,0.2013,0.0717,0.058,0.0191,0.1975,100,true
0,1,10000,0.0015,0.4464,0.0045,0.2013,0.0717,0.058,0.0191,0.1975,100,true
0,1,20000,0.0015,0.4464,0.0045,0.2013,0.0717,0.058,0.0191,0.1975,100,true
0,1,30000,0.0015,0.4464,0.0045,0.2013,0.0717,0.058,0.0191,0.1975,100,true
0,1,40000,0.0015,0.4464,0.0045,0.2013,0.0717,0.058,0.0191,0.1975,100,true
0,1,50000,0.0015,0.4464,0.0045,0.2013,0.0717,0.058,0.0191,0.1975,100,true
0,1,60000,0.0015,0.4464,0.0045,0.2013,0.0717,0.058,0.0191,0.1975,100,true
0,1,70000,0.0015,0.4464,0.0045,0.2013,0.0717,0.058,0.0191,0.1975,100,true
0,1,80000,0.0015,0.4464,0.0045,0.2013,0.0717,0.058,0.0191,0.1975,100,true
0,1,90000,0.0015,0.4464,0.0045,0.2013,0.0717,0.058,0.0191,0.1975,100,true
0,1,100000,0.0015,0.4464,0.0045,0.2013,0.0717,0.058,0.0191,0.1975,100,true
0.5,0,0,0.1189,0.1169,0.1254,0.1301,0.1295,0.1237,0.1251,0.1304,100,false
0.5,0,1,0.1155,0.1206,0.1301,0.1295,0.124,0.1245,0.1243,0.1315,100,false
0.5,0,2,0.1174,0.1188,0.1327,0.1298,0.1218,0.126,0.1249,0.1286,100,false
0.5,0,3,0.1189,0.1196,0.1392,0.13,0.1156,0.1225,0.1303,0.1239,100,false
0.5,0,4,0.1209,0.1238,0.1416,0.1246,0.1121,0.1271,0.1296,0.1203,100,false
0.5,0,5,0.1204,0.1245,0.144,0.1223,0.1108,0.1252,0.1328,0.12,100,false
0.5,0,6,0.1234,0.1288,0.14,0.1245,0.1082,0.126,0.1293,0.1198,100,false
0.5,0,7,0.1244,0.1288,0.1363,0.1253,0.1086,0.1284,0.1295,0.1187,100,false
0.5,0,8,0.124,0.131,0.1361,0.1245,0.1081,0.1243,0.1357,0.1163,100,false
0.5,0,9,0.1264,0.1327,0.1377,0.1157,0.111,0.1266,0.1332,0.1167,100,false
0.5,0,10,0.127,0.1324,0.1429,0.1074,0.1124,0.1303,0.1325,0.1151,100,false
0.5,0,50,0.1447,0.0753,0.1074,0.1159,0.1022,0.1055,0.1598,0.1892,100,false
0.5,0,100,0.054,0.1417,0.0854,0.1299,0.2478,0.1511,0.1378,0.0523,100,false
0.5,0,1000,0,0.3412,0.0061,0.1905,0.0052,0.2378,0,0.2192,100,false
0.5,0,5000,0,0.2618,0,0.213,0,0.2725,0,0.2527,100,false
0.5,0,10000,0,0.2419,0,0.2728,0,0.2147,0,0.2706,100,false
0.5,0,20000,0,0.2731,0,0.1681,0,0.2548,0,0.304,100,false
0.5,0,30000,0,0.2041,0,0.2588,0,0.2888,0,0.2483,100,false
0.5,0,40000,0,0.3298,0,0.1858,0,0.2033,0,0.2811,100,false
0.5,0,50000,0,0.2362,0,0.2672,0,0.2596,0,0.237,100,false
0.5,0,60000,0,0.2579,0,0.3023,0,0.1825,0,0.2573,100,false
0.5,0,70000,0,0.2473,0,0.2854,0,0.2395,0,0.2278,100,false
0.5,0,80000,0,0.2602,0,0.2095,0,0.282,0,0.2483,100,false
0.5,0,90000,0,0.2479,0,0.2221,0,0.282,0,0.248,100,false
0.5,0,100000,0,0.2407,0,0.3245,0,0.2391,0,0.1957,100,false
0.5,0.5,0,0.1305,0.1203,0.1211,0.1283,0.1214,0.1284,0.121,0.129,100,false
0.5,0.5,1,0.115,0.1201,0.1401,0.1267,0.1368,0.1232,0.1076,0.1305,100,false
0.5,0.5,2,0.1086,0.1276,0.1511,0.1259,0.1442,0.1171,0.0959,0.1296,100,false
0.5,0.5,3,0.1039,0.1379,0.1585,0.1242,0.1472,0.108,0.0869,0.1334,100,false
0.5,0.5,4,0.0987,0.1422,0.1715,0.1244,0.1445,0.1026,0.0752,0.1409,100,false
0.5,0.5,5,0.0944,0.1531,0.1768,0.1165,0.144,0.0968,0.0643,0.1541,100,false
0.5,0.5,6,0.0923,0.1553,0.1823,0.1132,0.1439,0.092,0.0522,0.1688,100,false
0.5,0.5,7,0.0907,0.1647,0.1782,0.1097,0.1405,0.0864,0.0478,0.182,100,false
0.5,0.5,8,0.0868,0.1739,0.1734,0.1029,0.1387,0.0801,0.0464,0.1978,100,false
0.5,0.5,9,0.0848,0.1746,0.1729,0.0951,0.134,0.081,0.0457,0.2119,100,false
0.5,0.5,10,0.0838,0.1804,0.1621,0.0899,0.1303,0.0825,0.0465,0.2245,100,false
0.5,0.5,50,0.0367,0.1621,0.1132,0.0746,0.198,0.1347,0.0417,0.239,100,false
0.5,0.5,100,0.0002,0.2327,0.1192,0.1033,0.1492,0.0737,0.0941,0.2276,100,false
0.5,0.5,1000,0,0.2475,0,0.2549,0,0.2533,0,0.2443,100,false
0.5,0.5,5000,0,0.2417,0,0.281,0,0.2897,0,0.1876,100,false
0.5,0.5,10000,0,0.2373,0,0.1876,0,0.2681,0,0.307,100,false
0.5,0.5,20000,0,0.2431,0,0.2337,0,0.2574,0,0.2658,100,false
0.5,0.5,30000,0,0.2062,0,0.2475,0,0.2633,0,0.283,100,false
0.5,0.5,40000,0,0.242,0,0.1771,0,0.2542,0,0.3267,100,false
0.5,0.5,50000,0,0.315,0,0.2378,0,0.2481,0,0.1991,100,false
0.5,0.5,60000,0,0.2433,0,0.2831,0,0.2748,0,0.1988,100,false
0.5,0.5,70000,0,0.2464,0,0.1877,0,0.2579,0,0.308,100,false
0.5,0.5,80000,0,0.2649,0,0.2672,0,0.2661,0,0.2018,100,false
0.5,0.5,90000,0,0.2545,0,0.2154,0,0.2191,0,0.311,100,false
0.5,0.5,100000,0,0.2683,0,0.2591,0,0.2438,0,0.2288,100,false
0.5,1,0,0.1268,0.1183,0.1296,0.1277,0.1232,0.1274,0.1251,0.1219,100,false
0.5,1,1,0.1005,0.1274,0.1624,0.1251,0.145,0.1223,0.0948,0.1225,100,false
0.5,1,2,0.0879,0.1427,0.1843,0.1205,0.1564,0.1114,0.0727,0.1241,100,false
0.5,1,3,0.0812,0.159,0.2047,0.1148,0.157,0.1003,0.0541,0.1289,100,false
0.5,1,4,0.0771,0.1783,0.2093,0.1078,0.1556,0.0951,0.0403,0.1365,100,false
0.5,1,5,0.0769,0.1941,0.2088,0.1028,0.1442,0.0886,0.0315,0.1531,100,false
0.5,1,6,0.0757,0.2146,0.1959,0.0962,0.1405,0.082,0.0258,0.1693,100,false
0.5,1,7,0.0729,0.2261,0.1824,0.0856,0.1391,0.0784,0.023,0.1925,100,false
0.5,1,8,0.0754,0.2295,0.1638,0.0831,0.1307,0.0788,0.021,0.2177,100,false
0.5,1,9,0.0681,0.2329,0.1472,0.0742,0.13,0.0813,0.0206,0.2457,100,false
0.5,1,10,0.0604,0.2221,0.1378,0.0724,0.1293,0.0833,0.022,0.2727,100,false
0.5,1,50,0.0018,0.1639,0.1379,0.0593,0.0891,0.0855,0.0385,0.424,100,false
0.5,1,100,0,0.1319,0.1121,0.0394,0.1941,0.1376,0.0469,0.338,100,false
0.5,1,1000,0,0.3539,0,0.2305,0.008,0.2159,0.0067,0.185,100,false
0.5,1,5000,0,0.3104,0,0.217,0,0.2576,0,0.215,100,false
0.5,1,10000,0,0.2555,0,0.2959,0,0.2365,0,0.2121,100,false
0.5,1,20000,0,0.287,0,0.227,0,0.2006,0,0.2854,100,false
0.5,1,30000,0,0.2418,0,0.2298,0,0.212,0,0.3164,100,false
0.5,1,40000,0,0.2762,0,0.2282,0,0.23,0,0.2656,100,false
0.5,1,50000,0,0.2547,0,0.2363,0,0.2414,0,0.2676,100,false
0.5,1,60000,0,0.2944,0,0.1914,0,0.2563,0,0.2579,100,false
0.5,1,70000,0,0.2083,0,0.3002,0,0.2403,0,0.2512,100,false
0.5,1,80000,0,0.2234,0,0.2844,0,0.2221,0,0.2701,100,false
0.5,1,90000,0,0.2814,0,0.2183,0,0.2924,0,0.2079,100,false
0.5,1,100000,0,0.2678,0,0.2888,0,0.1947,0,0.2487,100,false
1,0,0,0.1195,0.1252,0.1288,0.1274,0.1234,0.1253,0.1274,0.123,100,false
1,0,1,0.1238,0.1309,0.1258,0.1238,0.1219,0.1259,0.1243,0.1236,100,false
1,0,2,0.1222,0.1344,0.1232,0.1239,0.1213,0.1295,0.1251,0.1204,100,false
1,0,3,0.127,0.1311,0.1182,0.1294,0.1228,0.1286,0.1204,0.1225,100,false
1,0,4,0.1292,0.1297,0.1139,0.1308,0.1199,0.1298,0.1206,0.1261,100,false
1,0,5,0.1281,0.1309,0.1126,0.1294,0.1202,0.1331,0.1237,0.122,100,false
1,0,6,0.1236,0.13,0.1118,0.1273,0.1286,0.1308,0.1286,0.1193,100,false
1,0,7,0.1258,0.1285,0.1105,0.1281,0.1373,0.1261,0.1255,0.1182,100,false
1,0,8,0.131,0.1318,0.1108,0.1263,0.1383,0.1264,0.1182,0.1172,100,false
1,0,9,0.1326,0.13,0.1173,0.1247,0.1362,0.1282,0.1125,0.1185,100,false
1,0,10,0.1371,0.1269,0.1181,0.1248,0.136,0.1278,0.1079,0.1214,100,false
1,0,50,0.1102,0.1597,0.153,0.0827,0.0938,0.1703,0.1027,0.1276,100,false
1,0,100,0.0986,0.1161,0.1764,0.2569,0.071,0.1123,0.0789,0.0898,100,false
1,0,1000,0,0.2959,0,0.202,0,0.2541,0,0.248,100,false
1,0,5000,0,0.2015,0,0.2467,0,0.3478,0,0.204,100,false
1,0,10000,0,0.2905,0,0.3147,0,0.1849,0,0.2099,100,false
1,0,20000,0,0.1937,0,0.252,0,0.279,0,0.2753,100,false
1,0,30000,0,0.2338,0,0.2627,0,0.2832,0,0.2203,100,false
1,0,40000,0,0.2096,0,0.2795,0,0.317,0,0.1939,100,false
1,0,50000,0,0.2381,0,0.2797,0,0.2188,0,0.2634,100,false
1,0,60000,0,0.2178,0,0.2824,0,0.2956,0,0.2042,100,false
1,0,70000,0,0.2202,0,0.3217,0,0.2399,0,0.2182,100,false
1,0,80000,0,0.2378,0,0.3022,0,0.2302,0,0.2298,100,false
1,0,90000,0,0.2103,0,0.2058,0,0.3574,0,0.2265,100,false
1,0,100000,0,0.2705,0,0.28,0,0.2138,0,0.2357,100,false
1,0.5,0,0.1293,0.1269,0.1201,0.1298,0.121,0.1303,0.1233,0.1193,100,false
1,0.5,1,0.1195,0.1231,0.1338,0.1323,0.1293,0.1281,0.1109,0.123,100,false
1,0.5,2,0.1068,0.1284,0.1498,0.1375,0.1252,0.1231,0.1006,0.1286,100,false
1,0.5,3,0.1063,0.1355,0.1626,0.1349,0.1242,0.1201,0.0842,0.1322,100,false
1,0.5,4,0.1093,0.1524,0.1672,0.1319,0.1159,0.1177,0.0754,0.1302,100,false
1,0.5,5,0.115,0.1563,0.1685,0.1253,0.1096,0.1174,0.0701,0.1378,100,false
1,0.5,6,0.1226,0.1558,0.1708,0.1149,0.1066,0.1161,0.0715,0.1417,100,false
1,0.5,7,0.1271,0.155,0.1655,0.1097,0.1033,0.1174,0.0723,0.1497,100,false
1,0.5,8,0.1314,0.1515,0.1663,0.0979,0.1026,0.1202,0.0696,0.1605,100,false
1,0.5,9,0.1345,0.1437,0.1623,0.0874,0.1075,0.1216,0.0701,0.1729,100,false
1,0.5,10,0.132,0.1418,0.1544,0.0845,0.1102,0.1222,0.0694,0.1855,100,false
1,0.5,50,0.085,0.1363,0.1836,0.1285,0.1088,0.1519,0.0204,0.1855,100,false
1,0.5,100,0.0916,0.1332,0.1606,0.1693,0.0722,0.1474,0.0198,0.2059,100,false
1,0.5,1000,0,0.3052,0,0.2568,0,0.1797,0,0.2583,100,false
1,0.5,5000,0,0.2638,0,0.2602,0,0.2878,0,0.1882,100,false
1,0.5,10000,0,0.196,0,0.2958,0,0.2562,0,0.252,100,false
1,0.5,20000,0,0.2243,0,0.2944,0,0.2319,0,0.2494,100,false
1,0.5,30000,0,0.2549,0,0.2767,0,0.2718,0,0.1966,100,false
1,0.5,40000,0,0.2242,0,0.2396,0,0.2795,0,0.2567,100,false
1,0.5,50000,0,0.1564,0,0.2039,0,0.3005,0,0.3392,100,false
1,0.5,60000,0,0.213,0,0.2794,0,0.2341,0,0.2735,100,false
1,0.5,70000,0,0.2639,0,0.2961,0,0.2084,0,0.2316,100,false
1,0.5,80000,0,0.2498,0,0.2855,0,0.2295,0,0.2352,100,false
1,0.5,90000,0,0.3136,0,0.2096,0,0.2544,0,0.2224,100,false
1,0.5,100000,0,0.2058,0,0.2389,0,0.284,0,0.2713,100,false
1,1,0,0.1278,0.1176,0.1263,0.1248,0.1265,0.1291,0.1222,0.1257,100,false
1,1,1,0.1065,0.1228,0.1538,0.1266,0.1481,0.124,0.0908,0.1274,100,false
1,1,2,0.1008,0.1338,0.1796,0.128,0.1462,0.1178,0.0678,0.126,100,false
1,1,3,0.0955,0.155,0.1864,0.1233,0.1396,0.1145,0.0504,0.1353,100,false
1,1,4,0.0921,0.175,0.1937,0.1116,0.1286,0.1113,0.0389,0.1488,100,false
1,1,5,0.0945,0.1826,0.1892,0.0968,0.1225,0.1095,0.0312,0.1737,100,false
1,1,6,0.0959,0.1841,0.1832,0.0848,0.1165,0.1149,0.0301,0.1905,100,false
1,1,7,0.0944,0.1829,0.1682,0.0773,0.1134,0.1222,0.0298,0.2118,100,false
1,1,8,0.0944,0.1711,0.1578,0.0735,0.1137,0.1287,0.0306,0.2302,100,false
1,1,9,0.0932,0.1586,0.1484,0.0731,0.1148,0.1409,0.0301,0.2409,100,false
1,1,10,0.0797,0.1464,0.1471,0.0717,0.1154,0.1528,0.0297,0.2572,100,false
1,1,50,0.0523,0.2049,0.1558,0.0575,0.0965,0.2077,0,0.2253,100,false
1,1,100,0.0191,0.1228,0.1255,0.0485,0.1833,0.327,0,0.1738,100,false
1,1,1000,0,0.244,0,0.232,0,0.2508,0,0.2732,100,false
1,1,5000,0,0.235,0,0.3006,0,0.2513,0,0.2131,100,false
1,1,10000,0,0.258,0,0.2558,0,0.247,0,0.2392,100,false
1,1,20000,0,0.2271,0,0.3146,0,0.2654,0,0.1929,100,false
1,1,30000,0,0.2882,0,0.2116,0,0.229,0,0.2712,100,false
1,1,40000,0,0.2557,0,0.1965,0,0.2454,0,0.3024,100,false
1,1,50000,0,0.1926,0,0.3634,0,0.234,0,0.21,100,false
1,1,60000,0,0.2572,0,0.2413,0,0.2828,0,0.2187,100,false
1,1,70000,0,0.2195,0,0.2095,0,0.2834,0,0.2876,100,false
1,1,80000,0,0.2266,0,0.2732,0,0.2685,0,0.2317,100,false
1,1,90000,0,0.2196,0,0.194,0,0.3034,0,0.283,100,false
1,1,100000,0,0.2954,0,0.2878,0,0.2128,0,0.204,100,false
0,0,0,0.1188,0.1182,0.1289,0.1246,0.1194,0.1291,0.1331,0.1279,100,false
0,0,1,0.1167,0.1198,0.1272,0.1238,0.123,0.1334,0.131,0.1251,100,false
0,0,2,0.1152,0.1227,0.1281,0.125,0.1255,0.1299,0.1318,0.1218,100,false
0,0,3,0.1147,0.1238,0.1333,0.1202,0.1263,0.1317,0.131,0.119,100,false
0,0,4,0.1141,0.1257,0.1322,0.1206,0.1265,0.1319,0.1302,0.1188,100,false
0,0,5,0.1147,0.1279,0.1297,0.1203,0.1274,0.1302,0.1331,0.1167,100,false
0,0,6,0.1118,0.1309,0.127,0.1227,0.1257,0.1322,0.1322,0.1175,100,false
0,0,7,0.1106,0.134,0.1251,0.1233,0.1272,0.131,0.1304,0.1184,100,false
0,0,8,0.112,0.1327,0.1279,0.1219,0.129,0.1306,0.128,0.1179,100,false
0,0,9,0.1114,0.1317,0.1293,0.1219,0.1314,0.1286,0.1259,0.1198,100,false
0,0,10,0.111,0.1331,0.1293,0.1237,0.1309,0.1276,0.125,0.1194,100,false
0,0,50,0.1187,0.1315,0.1501,0.1334,0.105,0.1138,0.1207,0.1268,100,false
0,0,100,0.1111,0.1448,0.1163,0.1502,0.0958,0.1197,0.1516,0.1105,100,false
0,0,1000,0.2143,0.1108,0.0966,0.0871,0.0577,0.1642,0.1525,0.1168,100,false
0,0,5000,0.0041,0.0077,0,0.9745,0.0002,0.0004,0.007,0.0061,100,true
0,0,10000,0.0041,0.0077,0,0.9745,0.0002,0.0004,0.007,0.0061,100,true
0,0,20000,0.0041,0.0077,0,0.9745,0.0002,0.0004,0.007,0.0061,100,true
0,0,30000,0.0041,0.0077,0,0.9745,0.0002,0.0004,0.007,0.0061,100,true
0,0,40000,0.0041,0.0077,0,0.9745,0.0002,0.0004,0.007,0.0061,100,true
0,0,50000,0.0041,0.0077,0,0.9745,0.0002,0.0004,0.007,0.0061,100,true
0,0,60000,0.0041,0.0077,0,0.9745,0.0002,0.0004,0.007,0.0061,100,true
0,0,70000,0.0041,0.0077,0,0.9745,0.0002,0.0004,0.007,0.0061,100,true
0,0,80000,0.0041,0.0077,0,0.9745,0.0002,0.0004,0.007,0.0061,100,true
0,0,90000,0.0041,0.0077,0,0.9745,0.0002,0.0004,0.007,0.0061,100,true
0,0,100000,0.0041,0.0077,0,0.9745,0.0002,0.0004,0.007,0.0061,100,true
0,0.5,0,0.1285,0.1202,0.1315,0.1243,0.1223,0.1251,0.1183,0.1298,100,false
0,0.5,1,0.1161,0.1217,0.1452,0.1194,0.1367,0.1269,0.1029,0.1311,100,false
0,0.5,2,0.1043,0.1267,0.1535,0.1219,0.1478,0.1199,0.091,0.1349,100,false
0,0.5,3,0.0932,0.1335,0.1638,0.1195,0.1569,0.1124,0.0842,0.1365,100,false
0,0.5,4,0.0849,0.1423,0.1696,0.1178,0.1664,0.1046,0.0755,0.1389,100,false
0,0.5,5,0.0785,0.1562,0.1718,0.1177,0.1681,0.099,0.0675,0.1412,100,false
0,0.5,6,0.0751,0.1698,0.1697,0.12,0.1652,0.0956,0.0615,0.1431,100,false
0,0.5,7,0.0717,0.181,0.1708,0.1169,0.164,0.0921,0.0564,0.1471,100,false
0,0.5,8,0.0736,0.1897,0.1695,0.1164,0.1619,0.0876,0.0518,0.1495,100,false
0,0.5,9,0.0748,0.1985,0.1674,0.1098,0.1628,0.0851,0.0499,0.1517,100,false
0,0.5,10,0.0725,0.2116,0.1638,0.104,0.164,0.0815,0.05,0.1526,100,false
0,0.5,50,0.0091,0.342,0.0181,0.1699,0.1181,0.0785,0.0366,0.2277,100,false
0,0.5,100,0.0072,0.3754,0.0119,0.2123,0.0768,0.0759,0.033,0.2075,100,false
0,0.5,1000,0.0043,0.3491,0.0082,0.2416,0.0737,0.0824,0.0435,0.1972,100,true
0,0.5,5000,0.0043,0.3491,0.0082,0.2416,0.0737,0.0824,0.0435,0.1972,100,true
0,0.5,10000,0.0043,0.3491,0.0082,0.2416,0.0737,0.0824,0.0435,0.1972,100,true
0,0.5,20000,0.0043,0.3491,0.0082,0.2416,0.0737,0.0824,0.0435,0.1972,100,true
0,0.5,30000,0.0043,0.3491,0.0082,0.2416,0.0737,0.0824,0.0435,0.1972,100,true
0,0.5,40000,0.0043,0.3491,0.0082,0.2416,0.0737,0.0824,0.0435,0.1972,100,true
0,0.5,50000,0.0043,0.3491,0.0082,0.2416,0.0737,0.0824,0.0435,0.1972,100,true
0,0.5,60000,0.0043,0.3491,0.0082,0.2416,0.0737,0.0824,0.0435,0.1972,100,true
0,0.5,70000,0.0043,0.3491,0.0082,0.2416,0.0737,0.0824,0.0435,0.1972,100,true
0,0.5,80000,0.0043,0.3491,0.0082,0.2416,0.0737,0.0824,0.0435,0.1972,100,true
0,0.5,90000,0.0043,0.3491,0.0082,0.2416,0.0737,0.0824,0.0435,0.1972,100,true
0,0.5,100000,0.0043,0.3491,0.0082,0.2416,0.0737,0.0824,0.0435,0.1972,100,true
0,1,0,0.1267,0.1245,0.1335,0.1251,0.1249,0.1219,0.1214,0.122,100,false
0,1,1,0.0967,0.1347,0.1613,0.1213,0.1508,0.1186,0.0934,0.1232,100,false
0,1,2,0.0806,0.1495,0.1744,0.1262,0.1636,0.1074,0.0746,0.1237,100,false
0,1,3,0.0724,0.1673,0.177,0.1314,0.166,0.0964,0.0649,0.1246,100,false
0,1,4,0.0635,0.1878,0.1838,0.1338,0.1615,0.0899,0.0508,0.1289,100,false
0,1,5,0.0594,0.2076,0.1873,0.1288,0.1571,0.0832,0.0455,0.1311,100,false
0,1,6,0.058,0.228,0.1792,0.1275,0.151,0.081,0.0405,0.1348,100,false
0,1,7,0.0558,0.247,0.1707,0.1259,0.1482,0.0762,0.037,0.1392,100,false
0,1,8,0.0558,0.2643,0.1631,0.1211,0.1457,0.0731,0.0334,0.1435,100,false
0,1,9,0.0528,0.2833,0.1502,0.1191,0.1441,0.0706,0.0309,0.149,100,false
0,1,10,0.052,0.2984,0.1419,0.1163,0.1436,0.068,0.0274,0.1524,100,false
0,1,50,0.0068,0.4289,0.0165,0.129,0.1005,0.0692,0.0142,0.2349,100,false
0,1,100,0.0006,0.4226,0.0107,0.1479,0.0851,0.0918,0.0087,0.2326,100,true
0,1,1000,0.0006,0.4226,0.0107,0.1479,0.0851,0.0918,0.0087,0.2326,100,true
0,1,5000,0.0006,0.4226,0.0107,0.1479,0.0851,0.0918,0.0087,0.2326,100,true
0,1,10000,0.0006,0.4226,0.0107,0.1479,0.0851,0.0918,0.0087,0.2326,100,true
0,1,20000,0.0006,0.4226,0.0107,0.1479,0.0851,0.0918,0.0087,0.2326,100,true
0,1,30000,0.0006,0.4226,0.0107,0.1479,0.0851,0.0918,0.0087,0.2326,100,true
0,1,40000,0.0006,0.4226,0.0107,0.1479,0.0851,0.0918,0.0087,0.2326,100,true
0,1,50000,0.0006,0.4226,0.0107,0.1479,0.0851,0.0918,0.0087,0.2326,100,true
0,1,60000,0.0006,0.4226,0.0107,0.1479,0.0851,0.0918,0.0087,0.2326,100,true
0,1,70000,0.0006,0.4226,0.0107,0.1479,0.0851,0.0918,0.0087,0.2326,100,true
0,1,80000,0.0006,0.4226,0.0107,0.1479,0.0851,0.0918,0.0087,0.2326,100,true
0,1,90000,0.0006,0.4226,0.0107,0.1479,0.0851,0.0918,0.0087,0.2326,100,true
0,1,100000,0.0006,0.4226,0.0107,0.1479,0.0851,0.0918,0.0087,0.2326,100,true
0.5,0,0,0.1203,0.1259,0.1276,0.126,0.1245,0.1226,0.1243,0.1288,100,false
0.5,0,1,0.1115,0.1306,0.1276,0.1243,0.1233,0.125,0.1253,0.1324,100,false
0.5,0,2,0.116,0.1312,0.125,0.1206,0.1222,0.13,0.1187,0.1363,100,false
0.5,0,3,0.1166,0.1296,0.1262,0.1237,0.1202,0.1323,0.1181,0.1333,100,false
0.5,0,4,0.1181,0.1293,0.1251,0.125,0.1216,0.1321,0.1181,0.1307,100,false
0.5,0,5,0.1217,0.1317,0.1225,0.1243,0.1246,0.1281,0.1158,0.1313,100,false
0.5,0,6,0.1228,0.1317,0.118,0.1226,0.1318,0.1232,0.1189,0.131,100,false
0.5,0,7,0.1228,0.1295,0.1202,0.1217,0.1353,0.1228,0.1177,0.13,100,false
0.5,0,8,0.1213,0.131,0.1209,0.1235,0.1363,0.1205,0.1197,0.1268,100,false
0.5,0,9,0.1186,0.1325,0.1213,0.1224,0.1386,0.1166,0.1182,0.1318,100,false
0.5,0,10,0.1182,0.1327,0.1257,0.1251,0.1336,0.1156,0.1192,0.1299,100,false
0.5,0,50,0.103,0.1514,0.1114,0.1654,0.1241,0.086,0.1425,0.1162,100,false
0.5,0,100,0.2042,0.1193,0.0998,0.1047,0.1136,0.0794,0.1987,0.0803,100,false
0.5,0,1000,0.2728,0,0.2167,0,0.2181,0,0.2924,0,100,false
0.5,0,5000,0.2779,0,0.2649,0,0.2105,0,0.2467,0,100,false
0.5,0,10000,0.2823,0,0.2565,0,0.2026,0,0.2586,0,100,false
0.5,0,20000,0.2833,0,0.2671,0,0.2619,0,0.1877,0,100,false
0.5,0,30000,0.1822,0,0.2985,0,0.3098,0,0.2095,0,100,false
0.5,0,40000,0.2642,0,0.1886,0,0.3211,0,0.2261,0,100,false
0.5,0,50000,0.266,0,0.2312,0,0.2656,0,0.2372,0,100,false
0.5,0,60000,0.2438,0,0.2581,0,0.2253,0,0.2728,0,100,false
0.5,0,70000,0.1844,0,0.2998,0,0.3014,0,0.2144,0,100,false
0.5,0,80000,0.3132,0,0.1485,0,0.2351,0,0.3032,0,100,false
0.5,0,90000,0.2132,0,0.2648,0,0.2511,0,0.2709,0,100,false
0.5,0,100000,0.186,0,0.3024,0,0.222,0,0.2896,0,100,false
0.5,0.5,0,0.13,0.1212,0.1322,0.1246,0.1224,0.1206,0.1208,0.1282,100,false
0.5,0.5,1,0.1126,0.1256,0.146,0.1261,0.1364,0.1185,0.1,0.1348,100,false
0.5,0.5,2,0.1036,0.1275,0.1592,0.125,0.1406,0.1142,0.0901,0.1398,100,false
0.5,0.5,3,0.0992,0.1398,0.1698,0.1245,0.1346,0.1113,0.0803,0.1405,100,false
0.5,0.5,4,0.097,0.1491,0.179,0.1175,0.1344,0.105,0.0717,0.1463,100,false
0.5,0.5,5,0.098,0.16,0.1811,0.1087,0.1298,0.1041,0.0628,0.1555,100,false
0.5,0.5,6,0.0989,0.163,0.1809,0.1036,0.1246,0.105,0.0575,0.1665,100,false
0.5,0.5,7,0.0974,0.1644,0.1827,0.0986,0.12,0.1043,0.0529,0.1797,100,false
0.5,0.5,8,0.1006,0.1637,0.1821,0.0901,0.1197,0.1046,0.0495,0.1897,100,false
0.5,0.5,9,0.0978,0.1639,0.1746,0.0841,0.1224,0.1015,0.051,0.2047,100,false
0.5,0.5,10,0.0947,0.1614,0.17,0.0771,0.1247,0.0985,0.0539,0.2197,100,false
0.5,0.5,50,0.0104,0.1633,0.0959,0.0842,0.18,0.1291,0.0491,0.288,100,false
0.5,0.5,100,0,0.2823,0.1453,0.1497,0.1304,0.0859,0.0648,0.1416,100,false
0.5,0.5,1000,0,0.226,0,0.2669,0,0.263,0,0.2441,100,false
0.5,0.5,5000,0,0.2405,0,0.235,0,0.2628,0,0.2617,100,false
0.5,0.5,10000,0,0.2503,0,0.2806,0,0.264,0,0.2051,100,false
0.5,0.5,20000,0,0.2687,0,0.2787,0,0.1968,0,0.2558,100,false
0.5,0.5,30000,0,0.1946,0,0.3051,0,0.3105,0,0.1898,100,false
0.5,0.5,40000,0,0.2826,0,0.2286,0,0.2149,0,0.2739,100,false
0.5,0.5,50000,0,0.2443,0,0.2068,0,0.2769,0,0.272,100,false
0.5,0.5,60000,0,0.253,0,0.2103,0,0.2293,0,0.3074,100,false
0.5,0.5,70000,0,0.2289,0,0.2246,0,0.2463,0,0.3002,100,false
0.5,0.5,80000,0,0.2685,0,0.2961,0,0.2298,0,0.2056,100,false
0.5,0.5,90000,0,0.27,0,0.2183,0,0.311,0,0.2007,100,false
0.5,0.5,100000,0,0.2365,0,0.3151,0,0.2484,0,0.2,100,false
0.5,1,0,0.1225,0.1205,0.1299,0.1281,0.1255,0.1287,0.1203,0.1245,100,false
0.5,1,1,0.1021,0.1323,0.1563,0.1277,0.1455,0.1239,0.0847,0.1275,100,false
0.5,1,2,0.0897,0.1416,0.1754,0.1239,0.1553,0.115,0.0682,0.1309,100,false
0.5,1,3,0.082,0.1541,0.1931,0.1175,0.1521,0.1106,0.0524,0.1382,100,false
0.5,1,4,0.0764,0.1703,0.2028,0.112,0.1504,0.1017,0.0426,0.1438,100,false
0.5,1,5,0.0787,0.1901,0.1958,0.1089,0.1436,0.0956,0.0344,0.1529,100,false
0.5,1,6,0.0769,0.2082,0.1887,0.1035,0.1369,0.0929,0.0261,0.1668,100,false
0.5,1,7,0.0783,0.2205,0.1833,0.0955,0.1308,0.0896,0.0225,0.1795,100,false
0.5,1,8,0.0781,0.2253,0.1672,0.0863,0.1309,0.0896,0.0203,0.2023,100,false
0.5,1,9,0.0737,0.2283,0.1488,0.0835,0.1291,0.0874,0.0223,0.2269,100,false
0.5,1,10,0.0691,0.2231,0.1341,0.0789,0.1304,0.0887,0.0224,0.2533,100,false
0.5,1,50,0.0042,0.1687,0.094,0.0322,0.102,0.1364,0.0307,0.4318,100,false
0.5,1,100,0,0.1636,0.1041,0.027,0.1519,0.1072,0.0705,0.3757,100,false
0.5,1,1000,0,0.3927,0.0115,0.1453,0.1036,0.0148,0.1902,0.1419,100,false
0.5,1,5000,0,0.6026,0,0.0204,0.2265,0,0.1147,0.0358,100,false
0.5,1,10000,0,0.4479,0,0.0581,0.1865,0,0.1556,0.1519,100,false
0.5,1,20000,0,0.4806,0,0.0537,0.2549,0,0.1442,0.0666,100,false
0.5,1,30000,0,0.5428,0,0.1187,0.1276,0,0.0834,0.1275,100,false
0.5,1,40000,0,0.4425,0,0.1075,0.2207,0,0.1786,0.0507,100,false
0.5,1,50000,0,0.1555,0,0,0.7895,0,0.0023,0.0527,100,true
0.5,1,60000,0,0.1555,0,0,0.7895,0,0.0023,0.0527,100,true
0.5,1,70000,0,0.1555,0,0,0.7895,0,0.0023,0.0527,100,true
0.5,1,80000,0,0.1555,0,0,0.7895,0,0.0023,0.0527,100,true
0.5,1,90000,0,0.1555,0,0,0.7895,0,0.0023,0.0527,100,true
0.5,1,100000,0,0.1555,0,0,0.7895,0,0.0023,0.0527,100,true
1,0,0,0.1221,0.1252,0.1247,0.1255,0.1281,0.1231,0.1304,0.1209,100,false
1,0,1,0.1209,0.1262,0.126,0.123,0.1295,0.1255,0.1309,0.118,100,false
1,0,2,0.1226,0.1308,0.1291,0.1231,0.1301,0.126,0.1252,0.1131,100,false
1,0,3,0.1265,0.1319,0.1332,0.1166,0.1305,0.1285,0.1218,0.111,100,false
1,0,4,0.1302,0.1369,0.1305,0.1121,0.1356,0.1215,0.1216,0.1116,100,false
1,0,5,0.1329,0.1344,0.13,0.1113,0.132,0.1216,0.124,0.1138,100,false
1,0,6,0.145,0.1285,0.1266,0.1074,0.1292,0.1266,0.1192,0.1175,100,false
1,0,7,0.1488,0.1257,0.1265,0.11,0.1282,0.1248,0.1176,0.1184,100,false
1,0,8,0.156,0.1213,0.1255,0.112,0.1256,0.1243,0.1177,0.1176,100,false
1,0,9,0.1596,0.1123,0.1257,0.1145,0.1284,0.119,0.1201,0.1204,100,false
1,0,10,0.1604,0.1102,0.1201,0.1141,0.1326,0.1172,0.1246,0.1208,100,false
1,0,50,0.1368,0.091,0.2353,0.1771,0.0813,0.1334,0.0798,0.0653,100,false
1,0,100,0.1205,0.0871,0.0697,0.1293,0.1468,0.2141,0.1667,0.0658,100,false
1,0,1000,0.2381,0,0.2274,0,0.2596,0,0.2749,0,100,false
1,0,5000,0.2941,0,0.2289,0,0.2374,0,0.2396,0,100,false
1,0,10000,0.2589,0,0.2312,0,0.2212,0,0.2887,0,100,false
1,0,20000,0.203,0,0.2637,0,0.3124,0,0.2209,0,100,false
1,0,30000,0.2486,0,0.2269,0,0.2537,0,0.2708,0,100,false
1,0,40000,0.188,0,0.3879,0,0.2205,0,0.2036,0,100,false
1,0,50000,0.2769,0,0.2488,0,0.2144,0,0.2599,0,100,false
1,0,60000,0.341,0,0.236,0,0.2148,0,0.2082,0,100,false
1,0,70000,0.2626,0,0.2389,0,0.2535,0,0.245,0,100,false
1,0,80000,0.2656,0,0.1813,0,0.2083,0,0.3448,0,100,false
1,0,90000,0.2586,0,0.2802,0,0.2432,0,0.218,0,100,false
1,0,100000,0.2938,0,0.308,0,0.1926,0,0.2056,0,100,false
1,0.5,0,0.1261,0.1258,0.1273,0.1217,0.123,0.1245,0.1226,0.129,100,false
1,0.5,1,0.1174,0.1273,0.1403,0.1213,0.1341,0.1188,0.1106,0.1302,100,false
1,0.5,2,0.1127,0.1316,0.1576,0.1175,0.1355,0.1149,0.0996,0.1306,100,false
1,0.5,3,0.1165,0.1359,0.1687,0.109,0.141,0.1106,0.0871,0.1312,100,false
1,0.5,4,0.1167,0.1397,0.1707,0.1081,0.1374,0.1027,0.0784,0.1463,100,false
1,0.5,5,0.1141,0.1391,0.1652,0.1139,0.132,0.0974,0.0775,0.1608,100,false
1,0.5,6,0.1148,0.136,0.1633,0.1159,0.1226,0.1005,0.0735,0.1734,100,false
1,0.5,7,0.1098,0.1379,0.1633,0.1073,0.1211,0.1082,0.0707,0.1817,100,false
1,0.5,8,0.1075,0.136,0.1577,0.1048,0.1207,0.1184,0.074,0.1809,100,false
1,0.5,9,0.108,0.1339,0.1565,0.0983,0.1178,0.1251,0.0719,0.1885,100,false
1,0.5,10,0.1094,0.1299,0.1583,0.0945,0.1189,0.1341,0.0635,0.1914,100,false
1,0.5,50,0.1461,0.1143,0.1614,0.0799,0.1298,0.1496,0.0297,0.1892,100,false
1,0.5,100,0.1079,0.0826,0.2197,0.1428,0.0427,0.2157,0.0001,0.1885,100,false
1,0.5,1000,0,0.2964,0,0.2891,0,0.1962,0,0.2183,100,false
1,0.5,5000,0,0.2186,0,0.2682,0,0.2765,0,0.2367,100,false
1,0.5,10000,0,0.2756,0,0.2294,0,0.2863,0,0.2087,100,false
1,0.5,20000,0,0.2529,0,0.2329,0,0.3213,0,0.1929,100,false
1,0.5,30000,0,0.3015,0,0.235,0,0.211,0,0.2525,100,false
1,0.5,40000,0,0.1978,0,0.23,0,0.2454,0,0.3268,100,false
1,0.5,50000,0,0.3057,0,0.2784,0,0.2165,0,0.1994,100,false
1,0.5,60000,0,0.2499,0,0.2932,0,0.2014,0,0.2555,100,false
1,0.5,70000,0,0.2453,0,0.1955,0,0.2665,0,0.2927,100,false
1,0.5,80000,0,0.3171,0,0.2418,0,0.2074,0,0.2337,100,false
1,0.5,90000,0,0.2354,0,0.2767,0,0.2906,0,0.1973,100,false
1,0.5,100000,0,0.2337,0,0.2829,0,0.2229,0,0.2605,100,false
1,1,0,0.1242,0.1217,0.1214,0.127,0.1197,0.1331,0.127,0.1259,100,false
1,1,1,0.1025,0.127,0.1561,0.1253,0.1452,0.1299,0.0979,0.1161,100,false
1,1,2,0.0914,0.1331,0.1837,0.1255,0.1542,0.1217,0.0683,0.1221,100,false
1,1,3,0.0875,0.1544,0.1972,0.1227,0.1456,0.1107,0.0542,0.1277,100,false
1,1,4,0.0884,0.1739,0.2033,0.1125,0.1329,0.1038,0.0412,0.144,100,false
1,1,5,0.0971,0.1878,0.1987,0.0978,0.1175,0.1026,0.0348,0.1637,100,false
1,1,6,0.1036,0.1853,0.1924,0.0843,0.1097,0.1033,0.0319,0.1895,100,false
1,1,7,0.103,0.1745,0.1811,0.0727,0.1052,0.1083,0.0278,0.2274,100,false
1,1,8,0.0951,0.1638,0.1692,0.0659,0.1031,0.1193,0.0264,0.2572,100,false
1,1,9,0.0854,0.1482,0.1586,0.0591,0.1063,0.1409,0.0251,0.2764,100,false
1,1,10,0.0774,0.1332,0.1471,0.0585,0.1108,0.1541,0.0213,0.2976,100,false
1,1,50,0.0629,0.2292,0.2106,0.064,0.1019,0.1557,0.0011,0.1746,100,false
1,1,100,0.0106,0.1737,0.2352,0.0676,0.1275,0.2138,0.0003,0.1713,100,false
1,1,1000,0,0.1944,0,0.2286,0,0.2799,0,0.2971,100,false
1,1,5000,0,0.2395,0,0.2141,0,0.2663,0,0.2801,100,false
1,1,10000,0,0.2592,0,0.2545,0,0.2839,0,0.2024,100,false
1,1,20000,0,0.2519,0,0.2269,0,0.2258,0,0.2954,100,false
1,1,30000,0,0.2272,0,0.2419,0,0.2567,0,0.2742,100,false
1,1,40000,0,0.2201,0,0.3133,0,0.2625,0,0.2041,100,false
1,1,50000,0,0.2591,0,0.2128,0,0.2402,0,0.2879,100,false
1,1,60000,0,0.1937,0,0.246,0,0.3184,0,0.2419,100,false
1,1,70000,0,0.2936,0,0.2378,0,0.2408,0,0.2278,100,false
1,1,80000,0,0.2375,0,0.2023,0,0.2909,0,0.2693,100,false
1,1,90000,0,0.3025,0,0.1809,0,0.231,0,0.2856,100,false
1,1,100000,0,0.2064,0,0.2173,0,0.2175,0,0.3588,100,false
