alpha,beta,mcs,s0,s1,s2,s3,s4,s5,s6,s7,length,stable,
0,0,0,0.1226,0.1265,0.1267,0.1231,0.1242,0.1306,0.1231,0.1232,100,false
0,0,1,0.1228,0.1234,0.1283,0.1239,0.1235,0.1316,0.121,0.1255,100,false
0,0,2,0.1246,0.1238,0.1298,0.1229,0.1239,0.1308,0.1199,0.1243,100,false
0,0,3,0.1238,0.1251,0.1313,0.1248,0.123,0.1297,0.1189,0.1234,100,false
0,0,4,0.1243,0.1275,0.1305,0.1247,0.1245,0.1243,0.1229,0.1213,100,false
0,0,5,0.1256,0.1274,0.1311,0.1245,0.1263,0.12,0.1239,0.1212,100,false
0,0,6,0.129,0.1273,0.1309,0.123,0.1266,0.1206,0.1233,0.1193,100,false
0,0,7,0.1267,0.1294,0.1293,0.1227,0.1272,0.1181,0.1237,0.1229,100,false
0,0,8,0.1275,0.1323,0.1277,0.1222,0.1275,0.1157,0.124,0.1231,100,false
0,0,9,0.1305,0.1311,0.1253,0.1256,0.1253,0.1158,0.1236,0.1228,100,false
0,0,10,0.1326,0.1299,0.1246,0.1277,0.1245,0.1137,0.1235,0.1235,100,false
0,0,50,0.121,0.1316,0.1209,0.1157,0.1327,0.1245,0.1255,0.1281,100,false
0,0,100,0.1454,0.1412,0.1074,0.1226,0.1135,0.1181,0.1317,0.1201,100,false
0,0,1000,0.1599,0.1463,0.2235,0.1052,0.1374,0.0553,0.0745,0.0979,100,false
0,0,5000,0.1298,0.0999,0.0765,0.1537,0.1785,0.1467,0.0745,0.1404,100,false
0,0,10000,0.0003,0.0017,0.0009,0.0174,0.0001,0.3633,0.4574,0.1589,100,false
0,0.05,0,0.1293,0.124,0.1307,0.1198,0.1227,0.1278,0.1203,0.1254,100,false
0,0.05,1,0.1272,0.1248,0.1322,0.1196,0.126,0.1274,0.1181,0.1247,100,false
0,0.05,2,0.1281,0.125,0.1302,0.1218,0.1274,0.1253,0.119,0.1232,100,false
0,0.05,3,0.1294,0.1242,0.1301,0.1232,0.1277,0.1253,0.1164,0.1237,100,false
0,0.05,4,0.1272,0.1253,0.131,0.1247,0.1298,0.1222,0.1143,0.1255,100,false
0,0.05,5,0.1252,0.1223,0.1336,0.1232,0.1335,0.1198,0.1126,0.1298,100,false
0,0.05,6,0.1261,0.1189,0.1384,0.1218,0.1345,0.119,0.1096,0.1317,100,false
0,0.05,7,0.123,0.1196,0.1403,0.1231,0.1332,0.119,0.1062,0.1356,100,false
0,0.05,8,0.1201,0.1224,0.1422,0.1227,0.1334,0.1177,0.1044,0.1371,100,false
0,0.05,9,0.1175,0.1263,0.1445,0.1203,0.1345,0.1144,0.1047,0.1378,100,false
0,0.05,10,0.1157,0.1284,0.1457,0.1195,0.1342,0.1121,0.1052,0.1392,100,false
0,0.05,50,0.0899,0.1633,0.11,0.12,0.1526,0.1005,0.102,0.1617,100,false
0,0.05,100,0.1003,0.2104,0.0827,0.1151,0.1355,0.1143,0.0904,0.1513,100,false
0,0.05,1000,0.2472,0.2825,0.0001,0.0144,0.0055,0.0157,0.0018,0.4328,100,false
0,0.05,5000,0.0001,0.0136,0,0.0121,0.002,0.0058,0,0.9664,100,true
0,0.05,10000,0.0001,0.0136,0,0.0121,0.002,0.0058,0,0.9664,100,true
0,0.05,20000,0.0001,0.0136,0,0.0121,0.002,0.0058,0,0.9664,100,true
0,0.05,30000,0.0001,0.0136,0,0.0121,0.002,0.0058,0,0.9664,100,true
0,0.05,40000,0.0001,0.0136,0,0.0121,0.002,0.0058,0,0.9664,100,true
0,0.05,50000,0.0001,0.0136,0,0.0121,0.002,0.0058,0,0.9664,100,true
0,0.05,60000,0.0001,0.0136,0,0.0121,0.002,0.0058,0,0.9664,100,true
0,0.05,70000,0.0001,0.0136,0,0.0121,0.002,0.0058,0,0.9664,100,true
0,0.05,80000,0.0001,0.0136,0,0.0121,0.002,0.0058,0,0.9664,100,true
0,0.05,90000,0.0001,0.0136,0,0.0121,0.002,0.0058,0,0.9664,100,true
0,0.05,100000,0.0001,0.0136,0,0.0121,0.002,0.0058,0,0.9664,100,true
0,0.1,0,0.1214,0.1262,0.1262,0.1195,0.1334,0.1233,0.1256,0.1244,100,false
0,0.1,1,0.1205,0.1276,0.1295,0.1171,0.1392,0.1193,0.1233,0.1235,100,false
0,0.1,2,0.1191,0.1288,0.1286,0.1217,0.1374,0.1212,0.1201,0.1231,100,false
0,0.1,3,0.1174,0.1303,0.1308,0.122,0.1383,0.1209,0.1165,0.1238,100,false
0,0.1,4,0.1155,0.1309,0.1335,0.1231,0.1403,0.1162,0.1169,0.1236,100,false
0,0.1,5,0.1134,0.1346,0.1377,0.1201,0.142,0.1102,0.1194,0.1226,100,false
0,0.1,6,0.1082,0.1419,0.1367,0.118,0.1442,0.1094,0.1158,0.1258,100,false
0,0.1,7,0.1082,0.1437,0.1353,0.1216,0.1422,0.108,0.1152,0.1258,100,false
0,0.1,8,0.1093,0.1464,0.1339,0.1228,0.1404,0.1082,0.1119,0.1271,100,false
0,0.1,9,0.1106,0.1488,0.1326,0.1215,0.1425,0.1039,0.1117,0.1284,100,false
0,0.1,10,0.1114,0.1491,0.1342,0.1213,0.1405,0.1038,0.1135,0.1262,100,false
0,0.1,50,0.0892,0.1775,0.1093,0.1374,0.146,0.0926,0.1111,0.1369,100,false
0,0.1,100,0.0693,0.1715,0.0993,0.2105,0.091,0.1217,0.105,0.1317,100,false
0,0.1,1000,0.034,0.1538,0.0786,0.3259,0.0893,0.1762,0.041,0.1012,100,false
0,0.1,5000,0.0024,0.0203,0,0.9317,0,0.029,0.0012,0.0154,100,true
0,0.1,10000,0.0024,0.0203,0,0.9317,0,0.029,0.0012,0.0154,100,true
0,0.1,20000,0.0024,0.0203,0,0.9317,0,0.029,0.0012,0.0154,100,true
0,0.1,30000,0.0024,0.0203,0,0.9317,0,0.029,0.0012,0.0154,100,true
0,0.1,40000,0.0024,0.0203,0,0.9317,0,0.029,0.0012,0.0154,100,true
0,0.1,50000,0.0024,0.0203,0,0.9317,0,0.029,0.0012,0.0154,100,true
0,0.1,60000,0.0024,0.0203,0,0.9317,0,0.029,0.0012,0.0154,100,true
0,0.1,70000,0.0024,0.0203,0,0.9317,0,0.029,0.0012,0.0154,100,true
0,0.1,80000,0.0024,0.0203,0,0.9317,0,0.029,0.0012,0.0154,100,true
0,0.1,90000,0.0024,0.0203,0,0.9317,0,0.029,0.0012,0.0154,100,true
0,0.1,100000,0.0024,0.0203,0,0.9317,0,0.029,0.0012,0.0154,100,true
0,0.15,0,0.1261,0.1277,0.1278,0.1272,0.1182,0.1284,0.1244,0.1202,100,false
0,0.15,1,0.1265,0.1276,0.1288,0.1272,0.1223,0.1277,0.1182,0.1217,100,false
0,0.15,2,0.1231,0.1313,0.1333,0.123,0.1313,0.1225,0.1124,0.1231,100,false
0,0.15,3,0.1208,0.1321,0.1375,0.1219,0.1343,0.1227,0.1098,0.1209,100,false
0,0.15,4,0.1203,0.1308,0.1391,0.1237,0.1362,0.1207,0.1065,0.1227,100,false
0,0.15,5,0.1162,0.1331,0.1423,0.1239,0.1372,0.1189,0.1033,0.1251,100,false
0,0.15,6,0.114,0.1354,0.1391,0.1277,0.1388,0.1168,0.1006,0.1276,100,false
0,0.15,7,0.1088,0.1371,0.1428,0.1277,0.1405,0.1169,0.0943,0.1319,100,false
0,0.15,8,0.1062,0.1392,0.1434,0.1309,0.1396,0.1162,0.0893,0.1352,100,false
0,0.15,9,0.1058,0.1417,0.1455,0.1319,0.1382,0.1139,0.0861,0.1369,100,false
0,0.15,10,0.1037,0.1455,0.145,0.1349,0.1353,0.112,0.0844,0.1392,100,false
0,0.15,50,0.0657,0.2009,0.0948,0.1285,0.1184,0.113,0.0806,0.1981,100,false
0,0.15,100,0.0837,0.2162,0.0335,0.1659,0.0749,0.1313,0.0755,0.219,100,false
0,0.15,1000,0.0275,0.1834,0.0018,0.1157,0.0018,0.3393,0.0585,0.272,100,false
0,0.15,5000,0.0041,0.0899,0.0018,0.1157,0.0018,0.6891,0.0009,0.0967,100,true
0,0.15,10000,0.0041,0.0899,0.0018,0.1157,0.0018,0.6891,0.0009,0.0967,100,true
0,0.15,20000,0.0041,0.0899,0.0018,0.1157,0.0018,0.6891,0.0009,0.0967,100,true
0,0.15,30000,0.0041,0.0899,0.0018,0.1157,0.0018,0.6891,0.0009,0.0967,100,true
0,0.15,40000,0.0041,0.0899,0.0018,0.1157,0.0018,0.6891,0.0009,0.0967,100,true
0,0.15,50000,0.0041,0.0899,0.0018,0.1157,0.0018,0.6891,0.0009,0.0967,100,true
0,0.15,60000,0.0041,0.0899,0.0018,0.1157,0.0018,0.6891,0.0009,0.0967,100,true
0,0.15,70000,0.0041,0.0899,0.0018,0.1157,0.0018,0.6891,0.0009,0.0967,100,true
0,0.15,80000,0.0041,0.0899,0.0018,0.1157,0.0018,0.6891,0.0009,0.0967,100,true
0,0.15,90000,0.0041,0.0899,0.0018,0.1157,0.0018,0.6891,0.0009,0.0967,100,true
0,0.15,100000,0.0041,0.0899,0.0018,0.1157,0.0018,0.6891,0.0009,0.0967,100,true
0,0.2,0,0.123,0.1276,0.1316,0.124,0.1216,0.1242,0.1227,0.1253,100,false
0,0.2,1,0.1156,0.1314,0.1388,0.1184,0.1288,0.1229,0.1191,0.125,100,false
0,0.2,2,0.11,0.1402,0.1413,0.1129,0.1337,0.1255,0.1094,0.127,100,false
0,0.2,3,0.1031,0.1433,0.1458,0.1128,0.1429,0.1185,0.1042,0.1294,100,false
0,0.2,4,0.0966,0.1492,0.15,0.1084,0.1495,0.1115,0.1014,0.1334,100,false
0,0.2,5,0.0928,0.1566,0.1507,0.1093,0.1505,0.1084,0.0985,0.1332,100,false
0,0.2,6,0.0915,0.1604,0.1517,0.1086,0.1548,0.1046,0.0961,0.1323,100,false
0,0.2,7,0.0918,0.1649,0.1499,0.1111,0.1546,0.1016,0.0939,0.1322,100,false
0,0.2,8,0.0883,0.1727,0.1469,0.1135,0.1536,0.0977,0.0919,0.1354,100,false
0,0.2,9,0.0878,0.1774,0.1458,0.1138,0.1532,0.0953,0.0889,0.1378,100,false
0,0.2,10,0.0884,0.1854,0.1445,0.1122,0.1523,0.0917,0.0871,0.1384,100,false
0,0.2,50,0.0383,0.2518,0.0619,0.1439,0.1658,0.0832,0.0789,0.1762,100,false
0,0.2,100,0.0422,0.2623,0.0397,0.2617,0.0682,0.0824,0.086,0.1575,100,false
0,0.2,1000,0.0298,0.0966,0.0003,0.0469,0.0019,0.0616,0.0104,0.7525,100,false
0,0.2,5000,0,0.8292,0,0.0588,0.0001,0.045,0.001,0.0659,100,true
0,0.2,10000,0,0.8292,0,0.0588,0.0001,0.045,0.001,0.0659,100,true
0,0.2,20000,0,0.8292,0,0.0588,0.0001,0.045,0.001,0.0659,100,true
0,0.2,30000,0,0.8292,0,0.0588,0.0001,0.045,0.001,0.0659,100,true
0,0.2,40000,0,0.8292,0,0.0588,0.0001,0.045,0.001,0.0659,100,true
0,0.2,50000,0,0.8292,0,0.0588,0.0001,0.045,0.001,0.0659,100,true
0,0.2,60000,0,0.8292,0,0.0588,0.0001,0.045,0.001,0.0659,100,true
0,0.2,70000,0,0.8292,0,0.0588,0.0001,0.045,0.001,0.0659,100,true
0,0.2,80000,0,0.8292,0,0.0588,0.0001,0.045,0.001,0.0659,100,true
0,0.2,90000,0,0.8292,0,0.0588,0.0001,0.045,0.001,0.0659,100,true
0,0.2,100000,0,0.8292,0,0.0588,0.0001,0.045,0.001,0.0659,100,true
0,0.25,0,0.1242,0.1258,0.1215,0.1203,0.1292,0.1322,0.1235,0.1233,100,false
0,0.25,1,0.1153,0.1291,0.1235,0.125,0.1381,0.1307,0.1129,0.1254,100,false
0,0.25,2,0.1073,0.1321,0.1298,0.1288,0.1447,0.1271,0.1049,0.1253,100,false
0,0.25,3,0.0999,0.1342,0.1353,0.1303,0.1533,0.1199,0.1018,0.1253,100,false
0,0.25,4,0.0956,0.1402,0.1403,0.1308,0.1555,0.1167,0.0963,0.1246,100,false
0,0.25,5,0.0896,0.1504,0.1407,0.1311,0.1585,0.1135,0.0893,0.1269,100,false
0,0.25,6,0.0903,0.1566,0.1425,0.1318,0.1597,0.1081,0.0846,0.1264,100,false
0,0.25,7,0.0877,0.1651,0.1404,0.135,0.159,0.105,0.0803,0.1275,100,false
0,0.25,8,0.0876,0.1725,0.1375,0.1356,0.1598,0.1023,0.0769,0.1278,100,false
0,0.25,9,0.0864,0.1761,0.1363,0.1376,0.1607,0.098,0.073,0.1319,100,false
0,0.25,10,0.0849,0.183,0.1356,0.1385,0.1575,0.0973,0.0696,0.1336,100,false
0,0.25,50,0.0324,0.2651,0.0581,0.1675,0.1231,0.1029,0.0665,0.1844,100,false
0,0.25,100,0.0253,0.2946,0.017,0.2099,0.0814,0.1602,0.0606,0.151,100,false
0,0.25,1000,0.0084,0.1919,0.0028,0.4389,0.0126,0.1687,0.0182,0.1585,100,true
0,0.25,5000,0.0084,0.1919,0.0028,0.4389,0.0126,0.1687,0.0182,0.1585,100,true
0,0.25,10000,0.0084,0.1919,0.0028,0.4389,0.0126,0.1687,0.0182,0.1585,100,true
0,0.25,20000,0.0084,0.1919,0.0028,0.4389,0.0126,0.1687,0.0182,0.1585,100,true
0,0.25,30000,0.0084,0.1919,0.0028,0.4389,0.0126,0.1687,0.0182,0.1585,100,true
0,0.25,40000,0.0084,0.1919,0.0028,0.4389,0.0126,0.1687,0.0182,0.1585,100,true
0,0.25,50000,0.0084,0.1919,0.0028,0.4389,0.0126,0.1687,0.0182,0.1585,100,true
0,0.25,60000,0.0084,0.1919,0.0028,0.4389,0.0126,0.1687,0.0182,0.1585,100,true
0,0.25,70000,0.0084,0.1919,0.0028,0.4389,0.0126,0.1687,0.0182,0.1585,100,true
0,0.25,80000,0.0084,0.1919,0.0028,0.4389,0.0126,0.1687,0.0182,0.1585,100,true
0,0.25,90000,0.0084,0.1919,0.0028,0.4389,0.0126,0.1687,0.0182,0.1585,100,true
0,0.25,100000,0.0084,0.1919,0.0028,0.4389,0.0126,0.1687,0.0182,0.1585,100,true
0,0.3,0,0.1255,0.1292,0.1299,0.1243,0.1177,0.1249,0.1256,0.1229,100,false
0,0.3,1,0.1182,0.1307,0.1369,0.1252,0.1217,0.1247,0.1174,0.1252,100,false
0,0.3,2,0.1115,0.1351,0.1435,0.1233,0.1274,0.1273,0.1068,0.1251,100,false
0,0.3,3,0.1082,0.1442,0.1458,0.1183,0.1377,0.1214,0.0993,0.1251,100,false
0,0.3,4,0.1032,0.1496,0.1448,0.1218,0.1431,0.1152,0.0927,0.1296,100,false
0,0.3,5,0.0986,0.1577,0.143,0.1241,0.1488,0.1092,0.0874,0.1312,100,false
0,0.3,6,0.0961,0.1617,0.146,0.1261,0.1489,0.1052,0.0852,0.1308,100,false
0,0.3,7,0.0924,0.1638,0.1485,0.1313,0.146,0.1043,0.0814,0.1323,100,false
0,0.3,8,0.0901,0.1684,0.1497,0.1342,0.1434,0.1027,0.077,0.1345,100,false
0,0.3,9,0.0905,0.1748,0.1505,0.1345,0.1402,0.1007,0.0747,0.1341,100,false
0,0.3,10,0.0869,0.1816,0.1516,0.1326,0.1376,0.1,0.0699,0.1398,100,false
0,0.3,50,0.0258,0.2624,0.0577,0.1771,0.1177,0.1018,0.063,0.1945,100,false
0,0.3,100,0.0148,0.3057,0.0224,0.2828,0.0357,0.1392,0.0496,0.1498,100,false
0,0.3,1000,0.0404,0.4325,0.0015,0.1473,0.0044,0.0918,0.0052,0.2769,100,false
0,0.3,5000,0.0017,0.1266,0.0027,0.1198,0.0036,0.1697,0.0035,0.5724,100,true
0,0.3,10000,0.0017,0.1266,0.0027,0.1198,0.0036,0.1697,0.0035,0.5724,100,true
0,0.3,20000,0.0017,0.1266,0.0027,0.1198,0.0036,0.1697,0.0035,0.5724,100,true
0,0.3,30000,0.0017,0.1266,0.0027,0.1198,0.0036,0.1697,0.0035,0.5724,100,true
0,0.3,40000,0.0017,0.1266,0.0027,0.1198,0.0036,0.1697,0.0035,0.5724,100,true
0,0.3,50000,0.0017,0.1266,0.0027,0.1198,0.0036,0.1697,0.0035,0.5724,100,true
0,0.3,60000,0.0017,0.1266,0.0027,0.1198,0.0036,0.1697,0.0035,0.5724,100,true
0,0.3,70000,0.0017,0.1266,0.0027,0.1198,0.0036,0.1697,0.0035,0.5724,100,true
0,0.3,80000,0.0017,0.1266,0.0027,0.1198,0.0036,0.1697,0.0035,0.5724,100,true
0,0.3,90000,0.0017,0.1266,0.0027,0.1198,0.0036,0.1697,0.0035,0.5724,100,true
0,0.3,100000,0.0017,0.1266,0.0027,0.1198,0.0036,0.1697,0.0035,0.5724,100,true
0,0.35,0,0.1232,0.1248,0.13,0.1233,0.1282,0.1236,0.1246,0.1223,100,false
0,0.35,1,0.115,0.1262,0.1444,0.122,0.1378,0.1236,0.1074,0.1236,100,false
0,0.35,2,0.1082,0.1301,0.1518,0.1207,0.1457,0.1209,0.0992,0.1234,100,false
0,0.35,3,0.1042,0.1391,0.1516,0.1238,0.1486,0.1191,0.0908,0.1228,100,false
0,0.35,4,0.0994,0.1483,0.1552,0.1216,0.1564,0.1119,0.086,0.1212,100,false
0,0.35,5,0.0946,0.1566,0.1577,0.1211,0.1607,0.1047,0.0832,0.1214,100,false
0,0.35,6,0.0912,0.1698,0.1509,0.124,0.1652,0.0973,0.08,0.1216,100,false
0,0.35,7,0.0918,0.1756,0.1499,0.1249,0.167,0.0914,0.0743,0.1251,100,false
0,0.35,8,0.0925,0.1833,0.1459,0.1269,0.1676,0.0866,0.0706,0.1266,100,false
0,0.35,9,0.0911,0.1903,0.1431,0.1314,0.1647,0.0822,0.0663,0.1309,100,false
0,0.35,10,0.0893,0.1973,0.1385,0.1337,0.1611,0.0797,0.0645,0.1359,100,false
0,0.35,50,0.0338,0.3122,0.0378,0.1431,0.116,0.0966,0.0747,0.1858,100,false
0,0.35,100,0.0204,0.3596,0.0143,0.2177,0.0551,0.0938,0.0527,0.1864,100,false
0,0.35,1000,0.0057,0.3537,0.0042,0.2726,0.0258,0.1509,0.032,0.1551,100,true
0,0.35,5000,0.0057,0.3537,0.0042,0.2726,0.0258,0.1509,0.032,0.1551,100,true
0,0.35,10000,0.0057,0.3537,0.0042,0.2726,0.0258,0.1509,0.032,0.1551,100,true
0,0.35,20000,0.0057,0.3537,0.0042,0.2726,0.0258,0.1509,0.032,0.1551,100,true
0,0.35,30000,0.0057,0.3537,0.0042,0.2726,0.0258,0.1509,0.032,0.1551,100,true
0,0.35,40000,0.0057,0.3537,0.0042,0.2726,0.0258,0.1509,0.032,0.1551,100,true
0,0.35,50000,0.0057,0.3537,0.0042,0.2726,0.0258,0.1509,0.032,0.1551,100,true
0,0.35,60000,0.0057,0.3537,0.0042,0.2726,0.0258,0.1509,0.032,0.1551,100,true
0,0.35,70000,0.0057,0.3537,0.0042,0.2726,0.0258,0.1509,0.032,0.1551,100,true
0,0.35,80000,0.0057,0.3537,0.0042,0.2726,0.0258,0.1509,0.032,0.1551,100,true
0,0.35,90000,0.0057,0.3537,0.0042,0.2726,0.0258,0.1509,0.032,0.1551,100,true
0,0.35,100000,0.0057,0.3537,0.0042,0.2726,0.0258,0.1509,0.032,0.1551,100,true
0,0.4,0,0.1197,0.125,0.1243,0.1208,0.1251,0.128,0.1305,0.1266,100,false
0,0.4,1,0.1082,0.1284,0.132,0.1195,0.1401,0.1268,0.1158,0.1292,100,false
0,0.4,2,0.1017,0.1337,0.1388,0.1217,0.1533,0.1204,0.1049,0.1255,100,false
0,0.4,3,0.0941,0.1382,0.1468,0.1246,0.162,0.1143,0.0948,0.1252,100,false
0,0.4,4,0.0865,0.1441,0.1534,0.1256,0.1695,0.1069,0.0875,0.1265,100,false
0,0.4,5,0.0828,0.1545,0.1513,0.1295,0.1727,0.1006,0.0834,0.1252,100,false
0,0.4,6,0.0785,0.1598,0.1562,0.1304,0.1783,0.0934,0.0785,0.1249,100,false
0,0.4,7,0.0755,0.1659,0.1575,0.1331,0.1786,0.0884,0.0749,0.1261,100,false
0,0.4,8,0.072,0.1737,0.1642,0.1319,0.1753,0.0843,0.071,0.1276,100,false
0,0.4,9,0.0692,0.1833,0.1688,0.1319,0.1703,0.0806,0.0667,0.1292,100,false
0,0.4,10,0.0665,0.1949,0.1673,0.1319,0.1671,0.0771,0.0638,0.1314,100,false
0,0.4,50,0.0089,0.3204,0.0378,0.1809,0.1278,0.0707,0.0502,0.2033,100,false
0,0.4,100,0.0113,0.3423,0.0076,0.2226,0.0951,0.088,0.0487,0.1844,100,false
0,0.4,1000,0.0035,0.2896,0.0036,0.2788,0.0391,0.0899,0.0319,0.2636,100,true
0,0.4,5000,0.0035,0.2896,0.0036,0.2788,0.0391,0.0899,0.0319,0.2636,100,true
0,0.4,10000,0.0035,0.2896,0.0036,0.2788,0.0391,0.0899,0.0319,0.2636,100,true
0,0.4,20000,0.0035,0.2896,0.0036,0.2788,0.0391,0.0899,0.0319,0.2636,100,true
0,0.4,30000,0.0035,0.2896,0.0036,0.2788,0.0391,0.0899,0.0319,0.2636,100,true
0,0.4,40000,0.0035,0.2896,0.0036,0.2788,0.0391,0.0899,0.0319,0.2636,100,true
0,0.4,50000,0.0035,0.2896,0.0036,0.2788,0.0391,0.0899,0.0319,0.2636,100,true
0,0.4,60000,0.0035,0.2896,0.0036,0.2788,0.0391,0.0899,0.0319,0.2636,100,true
0,0.4,70000,0.0035,0.2896,0.0036,0.2788,0.0391,0.0899,0.0319,0.2636,100,true
0,0.4,80000,0.0035,0.2896,0.0036,0.2788,0.0391,0.0899,0.0319,0.2636,100,true
0,0.4,90000,0.0035,0.2896,0.0036,0.2788,0.0391,0.0899,0.0319,0.2636,100,true
0,0.4,100000,0.0035,0.2896,0.0036,0.2788,0.0391,0.0899,0.0319,0.2636,100,true
0,0.45,0,0.1307,0.1304,0.1235,0.1253,0.1237,0.1208,0.1192,0.1264,100,false
0,0.45,1,0.1159,0.1269,0.1366,0.123,0.1374,0.1219,0.1065,0.1318,100,false
0,0.45,2,0.1,0.1336,0.145,0.1227,0.1453,0.1204,0.0973,0.1357,100,false
0,0.45,3,0.0904,0.1427,0.1498,0.1216,0.1521,0.1159,0.0906,0.1369,100,false
0,0.45,4,0.0825,0.1516,0.1544,0.1233,0.1562,0.1089,0.0857,0.1374,100,false
0,0.45,5,0.081,0.1561,0.1585,0.1235,0.161,0.1029,0.0825,0.1345,100,false
0,0.45,6,0.0767,0.1672,0.1593,0.1224,0.1617,0.1002,0.0766,0.1359,100,false
0,0.45,7,0.0737,0.1761,0.1572,0.1268,0.1616,0.0961,0.0729,0.1356,100,false
0,0.45,8,0.0693,0.1862,0.1578,0.1254,0.1636,0.0935,0.0655,0.1387,100,false
0,0.45,9,0.0723,0.1958,0.1549,0.1238,0.1628,0.0899,0.062,0.1385,100,false
0,0.45,10,0.0734,0.2064,0.1501,0.1235,0.1619,0.0868,0.0588,0.1391,100,false
0,0.45,50,0.0249,0.2976,0.0409,0.1573,0.1056,0.0932,0.0581,0.2224,100,false
0,0.45,100,0.0125,0.3819,0.0085,0.1337,0.0716,0.1001,0.0398,0.2519,100,false
0,0.45,1000,0.0024,0.3537,0.0038,0.2798,0.041,0.1196,0.0163,0.1834,100,true
0,0.45,5000,0.0024,0.3537,0.0038,0.2798,0.041,0.1196,0.0163,0.1834,100,true
0,0.45,10000,0.0024,0.3537,0.0038,0.2798,0.041,0.1196,0.0163,0.1834,100,true
0,0.45,20000,0.0024,0.3537,0.0038,0.2798,0.041,0.1196,0.0163,0.1834,100,true
0,0.45,30000,0.0024,0.3537,0.0038,0.2798,0.041,0.1196,0.0163,0.1834,100,true
0,0.45,40000,0.0024,0.3537,0.0038,0.2798,0.041,0.1196,0.0163,0.1834,100,true
0,0.45,50000,0.0024,0.3537,0.0038,0.2798,0.041,0.1196,0.0163,0.1834,100,true
0,0.45,60000,0.0024,0.3537,0.0038,0.2798,0.041,0.1196,0.0163,0.1834,100,true
0,0.45,70000,0.0024,0.3537,0.0038,0.2798,0.041,0.1196,0.0163,0.1834,100,true
0,0.45,80000,0.0024,0.3537,0.0038,0.2798,0.041,0.1196,0.0163,0.1834,100,true
0,0.45,90000,0.0024,0.3537,0.0038,0.2798,0.041,0.1196,0.0163,0.1834,100,true
0,0.45,100000,0.0024,0.3537,0.0038,0.2798,0.041,0.1196,0.0163,0.1834,100,true
0,0.5,0,0.1248,0.1235,0.1264,0.1276,0.1256,0.1254,0.1196,0.1271,100,false
0,0.5,1,0.1141,0.1241,0.1408,0.1235,0.1432,0.1184,0.1114,0.1245,100,false
0,0.5,2,0.1003,0.1288,0.1558,0.1252,0.1539,0.112,0.0989,0.1251,100,false
0,0.5,3,0.0908,0.1371,0.1635,0.1291,0.1571,0.1086,0.0895,0.1243,100,false
0,0.5,4,0.0848,0.1466,0.1704,0.1299,0.1559,0.1048,0.0812,0.1264,100,false
0,0.5,5,0.0798,0.1589,0.175,0.1296,0.1556,0.0997,0.0736,0.1278,100,false
0,0.5,6,0.074,0.1738,0.1765,0.1275,0.1554,0.095,0.0665,0.1313,100,false
0,0.5,7,0.0715,0.1887,0.1732,0.1268,0.157,0.089,0.0616,0.1322,100,false
0,0.5,8,0.0674,0.207,0.1667,0.1247,0.1572,0.0858,0.0567,0.1345,100,false
0,0.5,9,0.0671,0.2229,0.159,0.1232,0.1564,0.0832,0.0522,0.136,100,false
0,0.5,10,0.0683,0.2394,0.1479,0.1211,0.1552,0.0805,0.0495,0.1381,100,false
0,0.5,50,0.0084,0.3313,0.0296,0.1762,0.1062,0.0962,0.0419,0.2102,100,false
0,0.5,100,0.0089,0.3467,0.0111,0.1878,0.0625,0.1105,0.0331,0.2394,100,false
0,0.5,1000,0.0011,0.3471,0.0082,0.1909,0.0432,0.1157,0.0179,0.2759,100,true
0,0.5,5000,0.0011,0.3471,0.0082,0.1909,0.0432,0.1157,0.0179,0.2759,100,true
0,0.5,10000,0.0011,0.3471,0.0082,0.1909,0.0432,0.1157,0.0179,0.2759,100,true
0,0.5,20000,0.0011,0.3471,0.0082,0.1909,0.0432,0.1157,0.0179,0.2759,100,true
0,0.5,30000,0.0011,0.3471,0.0082,0.1909,0.0432,0.1157,0.0179,0.2759,100,true
0,0.5,40000,0.0011,0.3471,0.0082,0.1909,0.0432,0.1157,0.0179,0.2759,100,true
0,0.5,50000,0.0011,0.3471,0.0082,0.1909,0.0432,0.1157,0.0179,0.2759,100,true
0,0.5,60000,0.0011,0.3471,0.0082,0.1909,0.0432,0.1157,0.0179,0.2759,100,true
0,0.5,70000,0.0011,0.3471,0.0082,0.1909,0.0432,0.1157,0.0179,0.2759,100,true
0,0.5,80000,0.0011,0.3471,0.0082,0.1909,0.0432,0.1157,0.0179,0.2759,100,true
0,0.5,90000,0.0011,0.3471,0.0082,0.1909,0.0432,0.1157,0.0179,0.2759,100,true
0,0.5,100000,0.0011,0.3471,0.0082,0.1909,0.0432,0.1157,0.0179,0.2759,100,true
0,0.55,0,0.1328,0.1263,0.1192,0.1213,0.1227,0.1256,0.125,0.1271,100,false
0,0.55,1,0.1174,0.1244,0.1342,0.125,0.1377,0.1274,0.1049,0.129,100,false
0,0.55,2,0.1009,0.1291,0.1454,0.1269,0.1478,0.1206,0.0954,0.1339,100,false
0,0.55,3,0.0904,0.1379,0.1533,0.1293,0.1539,0.1145,0.0863,0.1344,100,false
0,0.55,4,0.0837,0.1509,0.1582,0.1277,0.1593,0.1073,0.0776,0.1353,100,false
0,0.55,5,0.0769,0.163,0.1623,0.1285,0.1608,0.1042,0.0687,0.1356,100,false
0,0.55,6,0.0749,0.1773,0.1611,0.1286,0.1614,0.0996,0.0642,0.1329,100,false
0,0.55,7,0.0731,0.1888,0.1592,0.129,0.1648,0.0916,0.0584,0.1351,100,false
0,0.55,8,0.0721,0.2003,0.159,0.1305,0.1627,0.0866,0.052,0.1368,100,false
0,0.55,9,0.073,0.2137,0.151,0.1325,0.1578,0.0828,0.05,0.1392,100,false
0,0.55,10,0.0701,0.2256,0.1436,0.134,0.1553,0.0789,0.048,0.1445,100,false
0,0.55,50,0.0059,0.3402,0.0404,0.1598,0.1034,0.0782,0.0406,0.2315,100,false
0,0.55,100,0.0171,0.3693,0.013,0.2131,0.0736,0.0768,0.0344,0.2027,100,false
0,0.55,1000,0.002,0.335,0.0027,0.3282,0.0408,0.0881,0.0252,0.178,100,true
0,0.55,5000,0.002,0.335,0.0027,0.3282,0.0408,0.0881,0.0252,0.178,100,true
0,0.55,10000,0.002,0.335,0.0027,0.3282,0.0408,0.0881,0.0252,0.178,100,true
0,0.55,20000,0.002,0.335,0.0027,0.3282,0.0408,0.0881,0.0252,0.178,100,true
0,0.55,30000,0.002,0.335,0.0027,0.3282,0.0408,0.0881,0.0252,0.178,100,true
0,0.55,40000,0.002,0.335,0.0027,0.3282,0.0408,0.0881,0.0252,0.178,100,true
0,0.55,50000,0.002,0.335,0.0027,0.3282,0.0408,0.0881,0.0252,0.178,100,true
0,0.55,60000,0.002,0.335,0.0027,0.3282,0.0408,0.0881,0.0252,0.178,100,true
0,0.55,70000,0.002,0.335,0.0027,0.3282,0.0408,0.0881,0.0252,0.178,100,true
0,0.55,80000,0.002,0.335,0.0027,0.3282,0.0408,0.0881,0.0252,0.178,100,true
0,0.55,90000,0.002,0.335,0.0027,0.3282,0.0408,0.0881,0.0252,0.178,100,true
0,0.55,100000,0.002,0.335,0.0027,0.3282,0.0408,0.0881,0.0252,0.178,100,true
0,0.6,0,0.1238,0.1255,0.1266,0.1206,0.1219,0.1273,0.1246,0.1297,100,false
0,0.6,1,0.1076,0.1272,0.1469,0.1195,0.1399,0.1245,0.1061,0.1283,100,false
0,0.6,2,0.0915,0.1353,0.1595,0.1169,0.155,0.1205,0.0925,0.1288,100,false
0,0.6,3,0.0819,0.148,0.1668,0.1109,0.1679,0.1147,0.0805,0.1293,100,false
0,0.6,4,0.0732,0.1601,0.1723,0.1104,0.1738,0.1075,0.0713,0.1314,100,false
0,0.6,5,0.066,0.1785,0.1723,0.1077,0.1802,0.1005,0.0639,0.1309,100,false
0,0.6,6,0.0612,0.1956,0.1687,0.1083,0.1836,0.0924,0.0587,0.1315,100,false
0,0.6,7,0.0585,0.2132,0.1626,0.1087,0.1843,0.0865,0.0532,0.133,100,false
0,0.6,8,0.0563,0.2345,0.151,0.1087,0.1818,0.0841,0.0484,0.1352,100,false
0,0.6,9,0.0538,0.2525,0.1387,0.1119,0.1808,0.0798,0.0447,0.1378,100,false
0,0.6,10,0.0547,0.2655,0.1268,0.1152,0.1779,0.0754,0.0425,0.142,100,false
0,0.6,50,0.0087,0.3685,0.0324,0.1511,0.1147,0.0645,0.0452,0.2149,100,false
0,0.6,100,0.008,0.3841,0.0104,0.1966,0.0707,0.0878,0.0419,0.2005,100,false
0,0.6,1000,0.0013,0.406,0.0058,0.2217,0.0589,0.0979,0.0216,0.1868,100,true
0,0.6,5000,0.0013,0.406,0.0058,0.2217,0.0589,0.0979,0.0216,0.1868,100,true
0,0.6,10000,0.0013,0.406,0.0058,0.2217,0.0589,0.0979,0.0216,0.1868,100,true
0,0.6,20000,0.0013,0.406,0.0058,0.2217,0.0589,0.0979,0.0216,0.1868,100,true
0,0.6,30000,0.0013,0.406,0.0058,0.2217,0.0589,0.0979,0.0216,0.1868,100,true
0,0.6,40000,0.0013,0.406,0.0058,0.2217,0.0589,0.0979,0.0216,0.1868,100,true
0,0.6,50000,0.0013,0.406,0.0058,0.2217,0.0589,0.0979,0.0216,0.1868,100,true
0,0.6,60000,0.0013,0.406,0.0058,0.2217,0.0589,0.0979,0.0216,0.1868,100,true
0,0.6,70000,0.0013,0.406,0.0058,0.2217,0.0589,0.0979,0.0216,0.1868,100,true
0,0.6,80000,0.0013,0.406,0.0058,0.2217,0.0589,0.0979,0.0216,0.1868,100,true
0,0.6,90000,0.0013,0.406,0.0058,0.2217,0.0589,0.0979,0.0216,0.1868,100,true
0,0.6,100000,0.0013,0.406,0.0058,0.2217,0.0589,0.0979,0.0216,0.1868,100,true
0,0.65,0,0.1205,0.1316,0.1239,0.1216,0.1258,0.1252,0.1276,0.1238,100,false
0,0.65,1,0.1039,0.134,0.1407,0.122,0.146,0.1188,0.1127,0.1219,100,false
0,0.65,2,0.0946,0.1425,0.1497,0.1266,0.1553,0.1135,0.0993,0.1185,100,false
0,0.65,3,0.0836,0.1545,0.1561,0.1291,0.1647,0.1066,0.0877,0.1177,100,false
0,0.65,4,0.0764,0.1691,0.1625,0.1261,0.1719,0.0992,0.0755,0.1193,100,false
0,0.65,5,0.0697,0.1901,0.156,0.1306,0.1706,0.0927,0.0692,0.1211,100,false
0,0.65,6,0.0643,0.203,0.1568,0.1343,0.1705,0.0866,0.0601,0.1244,100,false
0,0.65,7,0.0625,0.2209,0.1498,0.1373,0.1666,0.0821,0.0539,0.1269,100,false
0,0.65,8,0.0623,0.2348,0.1456,0.1399,0.1613,0.0772,0.0515,0.1274,100,false
0,0.65,9,0.0621,0.2466,0.1381,0.1396,0.159,0.0731,0.0492,0.1323,100,false
0,0.65,10,0.0655,0.2571,0.1315,0.139,0.153,0.071,0.0459,0.137,100,false
0,0.65,50,0.0172,0.3757,0.015,0.1587,0.0664,0.0876,0.0377,0.2417,100,false
0,0.65,100,0.0066,0.3593,0.0062,0.2264,0.0532,0.107,0.0317,0.2096,100,false
0,0.65,1000,0.0031,0.3692,0.0051,0.2541,0.0411,0.0947,0.0313,0.2014,100,true
0,0.65,5000,0.0031,0.3692,0.0051,0.2541,0.0411,0.0947,0.0313,0.2014,100,true
0,0.65,10000,0.0031,0.3692,0.0051,0.2541,0.0411,0.0947,0.0313,0.2014,100,true
0,0.65,20000,0.0031,0.3692,0.0051,0.2541,0.0411,0.0947,0.0313,0.2014,100,true
0,0.65,30000,0.0031,0.3692,0.0051,0.2541,0.0411,0.0947,0.0313,0.2014,100,true
0,0.65,40000,0.0031,0.3692,0.0051,0.2541,0.0411,0.0947,0.0313,0.2014,100,true
0,0.65,50000,0.0031,0.3692,0.0051,0.2541,0.0411,0.0947,0.0313,0.2014,100,true
0,0.65,60000,0.0031,0.3692,0.0051,0.2541,0.0411,0.0947,0.0313,0.2014,100,true
0,0.65,70000,0.0031,0.3692,0.0051,0.2541,0.0411,0.0947,0.0313,0.2014,100,true
0,0.65,80000,0.0031,0.3692,0.0051,0.2541,0.0411,0.0947,0.0313,0.2014,100,true
0,0.65,90000,0.0031,0.3692,0.0051,0.2541,0.0411,0.0947,0.0313,0.2014,100,true
0,0.65,100000,0.0031,0.3692,0.0051,0.2541,0.0411,0.0947,0.0313,0.2014,100,true
0,0.7,0,0.1207,0.1213,0.1231,0.131,0.1247,0.128,0.1257,0.1255,100,false
0,0.7,1,0.1033,0.127,0.1396,0.1318,0.142,0.1263,0.109,0.121,100,false
0,0.7,2,0.0858,0.1379,0.1525,0.1294,0.1617,0.1201,0.0917,0.1209,100,false
0,0.7,3,0.0739,0.1508,0.1615,0.1303,0.1735,0.1102,0.0801,0.1197,100,false
0,0.7,4,0.0642,0.1634,0.1711,0.1314,0.1785,0.1019,0.07,0.1195,100,false
0,0.7,5,0.061,0.1798,0.1743,0.1346,0.1761,0.0933,0.0605,0.1204,100,false
0,0.7,6,0.0588,0.1982,0.1715,0.1368,0.174,0.0849,0.0556,0.1202,100,false
0,0.7,7,0.0577,0.2161,0.1718,0.134,0.1717,0.0791,0.0479,0.1217,100,false
0,0.7,8,0.0531,0.2393,0.1664,0.1273,0.1726,0.0752,0.0431,0.123,100,false
0,0.7,9,0.0539,0.2579,0.1557,0.1252,0.1695,0.073,0.0393,0.1255,100,false
0,0.7,10,0.0536,0.2776,0.1398,0.1271,0.1644,0.0713,0.0369,0.1293,100,false
0,0.7,50,0.0091,0.3822,0.0206,0.1826,0.0795,0.0911,0.0307,0.2042,100,false
0,0.7,100,0.002,0.3902,0.0045,0.2464,0.0538,0.0995,0.0159,0.1877,100,false
0,0.7,1000,0.0021,0.3868,0.0034,0.2517,0.0518,0.1018,0.0205,0.1819,100,true
0,0.7,5000,0.0021,0.3868,0.0034,0.2517,0.0518,0.1018,0.0205,0.1819,100,true
0,0.7,10000,0.0021,0.3868,0.0034,0.2517,0.0518,0.1018,0.0205,0.1819,100,true
0,0.7,20000,0.0021,0.3868,0.0034,0.2517,0.0518,0.1018,0.0205,0.1819,100,true
0,0.7,30000,0.0021,0.3868,0.0034,0.2517,0.0518,0.1018,0.0205,0.1819,100,true
0,0.7,40000,0.0021,0.3868,0.0034,0.2517,0.0518,0.1018,0.0205,0.1819,100,true
0,0.7,50000,0.0021,0.3868,0.0034,0.2517,0.0518,0.1018,0.0205,0.1819,100,true
0,0.7,60000,0.0021,0.3868,0.0034,0.2517,0.0518,0.1018,0.0205,0.1819,100,true
0,0.7,70000,0.0021,0.3868,0.0034,0.2517,0.0518,0.1018,0.0205,0.1819,100,true
0,0.7,80000,0.0021,0.3868,0.0034,0.2517,0.0518,0.1018,0.0205,0.1819,100,true
0,0.7,90000,0.0021,0.3868,0.0034,0.2517,0.0518,0.1018,0.0205,0.1819,100,true
0,0.7,100000,0.0021,0.3868,0.0034,0.2517,0.0518,0.1018,0.0205,0.1819,100,true
0,0.75,0,0.1224,0.131,0.1256,0.1307,0.1255,0.1209,0.1231,0.1208,100,false
0,0.75,1,0.1091,0.1311,0.1399,0.1406,0.1368,0.1135,0.1085,0.1205,100,false
0,0.75,2,0.0982,0.1363,0.1555,0.1437,0.1442,0.1106,0.0941,0.1174,100,false
0,0.75,3,0.0877,0.1486,0.1643,0.1439,0.1493,0.1032,0.082,0.121,100,false
0,0.75,4,0.0765,0.1628,0.1736,0.1412,0.1523,0.0993,0.0722,0.1221,100,false
0,0.75,5,0.0727,0.179,0.173,0.1426,0.1474,0.0969,0.0641,0.1243,100,false
0,0.75,6,0.0715,0.1957,0.1708,0.1425,0.1419,0.096,0.0559,0.1257,100,false
0,0.75,7,0.069,0.2124,0.1665,0.1382,0.1423,0.0922,0.05,0.1294,100,false
0,0.75,8,0.0665,0.2309,0.1603,0.1359,0.1376,0.0892,0.046,0.1336,100,false
0,0.75,9,0.0673,0.2465,0.1546,0.1321,0.1343,0.0849,0.0432,0.1371,100,false
0,0.75,10,0.0637,0.2631,0.1457,0.1297,0.1346,0.0807,0.0411,0.1414,100,false
0,0.75,50,0.0109,0.3775,0.0159,0.1853,0.0807,0.0723,0.0246,0.2328,100,false
0,0.75,100,0.0014,0.4155,0.0062,0.1963,0.0592,0.0767,0.0186,0.2261,100,false
0,0.75,1000,0.0014,0.4165,0.0055,0.196,0.0597,0.0763,0.0185,0.2261,100,true
0,0.75,5000,0.0014,0.4165,0.0055,0.196,0.0597,0.0763,0.0185,0.2261,100,true
0,0.75,10000,0.0014,0.4165,0.0055,0.196,0.0597,0.0763,0.0185,0.2261,100,true
0,0.75,20000,0.0014,0.4165,0.0055,0.196,0.0597,0.0763,0.0185,0.2261,100,true
0,0.75,30000,0.0014,0.4165,0.0055,0.196,0.0597,0.0763,0.0185,0.2261,100,true
0,0.75,40000,0.0014,0.4165,0.0055,0.196,0.0597,0.0763,0.0185,0.2261,100,true
0,0.75,50000,0.0014,0.4165,0.0055,0.196,0.0597,0.0763,0.0185,0.2261,100,true
0,0.75,60000,0.0014,0.4165,0.0055,0.196,0.0597,0.0763,0.0185,0.2261,100,true
0,0.75,70000,0.0014,0.4165,0.0055,0.196,0.0597,0.0763,0.0185,0.2261,100,true
0,0.75,80000,0.0014,0.4165,0.0055,0.196,0.0597,0.0763,0.0185,0.2261,100,true
0,0.75,90000,0.0014,0.4165,0.0055,0.196,0.0597,0.0763,0.0185,0.2261,100,true
0,0.75,100000,0.0014,0.4165,0.0055,0.196,0.0597,0.0763,0.0185,0.2261,100,true
0,0.8,0,0.1286,0.1245,0.1239,0.1204,0.1218,0.1287,0.126,0.1261,100,false
0,0.8,1,0.1029,0.1298,0.1446,0.1175,0.1454,0.1279,0.1042,0.1277,100,false
0,0.8,2,0.0893,0.1417,0.1556,0.1212,0.1583,0.1203,0.0869,0.1267,100,false
0,0.8,3,0.0774,0.1535,0.1628,0.1237,0.1666,0.113,0.0777,0.1253,100,false
0,0.8,4,0.0712,0.1699,0.1635,0.1262,0.1718,0.1044,0.0703,0.1227,100,false
0,0.8,5,0.0672,0.1841,0.1591,0.1315,0.1716,0.0985,0.0618,0.1262,100,false
0,0.8,6,0.0656,0.196,0.1591,0.1339,0.1707,0.0914,0.0538,0.1295,100,false
0,0.8,7,0.0637,0.2076,0.1549,0.1337,0.1727,0.0858,0.0485,0.1331,100,false
0,0.8,8,0.0602,0.2199,0.1555,0.1324,0.1732,0.0807,0.0426,0.1355,100,false
0,0.8,9,0.0559,0.2307,0.1562,0.1312,0.1702,0.0779,0.0385,0.1394,100,false
0,0.8,10,0.0512,0.2475,0.1496,0.1269,0.1713,0.074,0.0369,0.1426,100,false
0,0.8,50,0.0056,0.3473,0.0173,0.1957,0.0839,0.0706,0.03,0.2496,100,false
0,0.8,100,0.0011,0.387,0.0088,0.2386,0.0517,0.0719,0.0211,0.2198,100,false
0,0.8,1000,0.0011,0.3953,0.0042,0.2355,0.0511,0.0766,0.0204,0.2158,100,true
0,0.8,5000,0.0011,0.3953,0.0042,0.2355,0.0511,0.0766,0.0204,0.2158,100,true
0,0.8,10000,0.0011,0.3953,0.0042,0.2355,0.0511,0.0766,0.0204,0.2158,100,true
0,0.8,20000,0.0011,0.3953,0.0042,0.2355,0.0511,0.0766,0.0204,0.2158,100,true
0,0.8,30000,0.0011,0.3953,0.0042,0.2355,0.0511,0.0766,0.0204,0.2158,100,true
0,0.8,40000,0.0011,0.3953,0.0042,0.2355,0.0511,0.0766,0.0204,0.2158,100,true
0,0.8,50000,0.0011,0.3953,0.0042,0.2355,0.0511,0.0766,0.0204,0.2158,100,true
0,0.8,60000,0.0011,0.3953,0.0042,0.2355,0.0511,0.0766,0.0204,0.2158,100,true
0,0.8,70000,0.0011,0.3953,0.0042,0.2355,0.0511,0.0766,0.0204,0.2158,100,true
0,0.8,80000,0.0011,0.3953,0.0042,0.2355,0.0511,0.0766,0.0204,0.2158,100,true
0,0.8,90000,0.0011,0.3953,0.0042,0.2355,0.0511,0.0766,0.0204,0.2158,100,true
0,0.8,100000,0.0011,0.3953,0.0042,0.2355,0.0511,0.0766,0.0204,0.2158,100,true
0,0.85,0,0.1283,0.1192,0.1239,0.1244,0.1238,0.1287,0.1295,0.1222,100,false
0,0.85,1,0.1078,0.1195,0.1487,0.1252,0.1484,0.1274,0.1006,0.1224,100,false
0,0.85,2,0.091,0.1294,0.1645,0.1282,0.1594,0.1196,0.0834,0.1245,100,false
0,0.85,3,0.0796,0.1398,0.1767,0.1309,0.1698,0.1105,0.0692,0.1235,100,false
0,0.85,4,0.0693,0.1543,0.18,0.1386,0.1722,0.1005,0.0587,0.1264,100,false
0,0.85,5,0.0627,0.1683,0.1895,0.1371,0.1715,0.0923,0.0503,0.1283,100,false
0,0.85,6,0.0581,0.1855,0.1916,0.1346,0.1702,0.0855,0.0436,0.1309,100,false
0,0.85,7,0.0541,0.2078,0.1878,0.1328,0.1658,0.0806,0.038,0.1331,100,false
0,0.85,8,0.0518,0.2267,0.1834,0.1294,0.1622,0.0763,0.0347,0.1355,100,false
0,0.85,9,0.0509,0.2463,0.1758,0.1258,0.1585,0.0718,0.0329,0.138,100,false
0,0.85,10,0.0495,0.2663,0.169,0.1212,0.154,0.0685,0.0301,0.1414,100,false
0,0.85,50,0.0027,0.4107,0.0112,0.1834,0.0804,0.0675,0.022,0.2221,100,false
0,0.85,100,0.0021,0.4188,0.0083,0.1887,0.0751,0.0681,0.0167,0.2222,100,true
0,0.85,1000,0.0021,0.4188,0.0083,0.1887,0.0751,0.0681,0.0167,0.2222,100,true
0,0.85,5000,0.0021,0.4188,0.0083,0.1887,0.0751,0.0681,0.0167,0.2222,100,true
0,0.85,10000,0.0021,0.4188,0.0083,0.1887,0.0751,0.0681,0.0167,0.2222,100,true
0,0.85,20000,0.0021,0.4188,0.0083,0.1887,0.0751,0.0681,0.0167,0.2222,100,true
0,0.85,30000,0.0021,0.4188,0.0083,0.1887,0.0751,0.0681,0.0167,0.2222,100,true
0,0.85,40000,0.0021,0.4188,0.0083,0.1887,0.0751,0.0681,0.0167,0.2222,100,true
0,0.85,50000,0.0021,0.4188,0.0083,0.1887,0.0751,0.0681,0.0167,0.2222,100,true
0,0.85,60000,0.0021,0.4188,0.0083,0.1887,0.0751,0.0681,0.0167,0.2222,100,true
0,0.85,70000,0.0021,0.4188,0.0083,0.1887,0.0751,0.0681,0.0167,0.2222,100,true
0,0.85,80000,0.0021,0.4188,0.0083,0.1887,0.0751,0.0681,0.0167,0.2222,100,true
0,0.85,90000,0.0021,0.4188,0.0083,0.1887,0.0751,0.0681,0.0167,0.2222,100,true
0,0.85,100000,0.0021,0.4188,0.0083,0.1887,0.0751,0.0681,0.0167,0.2222,100,true
0,0.9,0,0.1244,0.119,0.1245,0.1276,0.1306,0.1207,0.1279,0.1253,100,false
0,0.9,1,0.0972,0.1248,0.1451,0.1329,0.1513,0.1181,0.1055,0.1251,100,false
0,0.9,2,0.0813,0.1355,0.1622,0.1339,0.1616,0.1157,0.0831,0.1267,100,false
0,0.9,3,0.07,0.1491,0.1753,0.1345,0.1702,0.1021,0.071,0.1278,100,false
0,0.9,4,0.0598,0.1663,0.1822,0.1357,0.1719,0.097,0.0587,0.1284,100,false
0,0.9,5,0.0554,0.189,0.1823,0.1326,0.1723,0.0882,0.0506,0.1296,100,false
0,0.9,6,0.0555,0.2069,0.1843,0.1268,0.172,0.0796,0.045,0.1299,100,false
0,0.9,7,0.0582,0.2253,0.1798,0.1206,0.1702,0.0752,0.0413,0.1294,100,false
0,0.9,8,0.0583,0.2431,0.17,0.1173,0.1696,0.0728,0.0367,0.1322,100,false
0,0.9,9,0.0584,0.2577,0.1589,0.1166,0.1689,0.0688,0.0331,0.1376,100,false
0,0.9,10,0.053,0.2783,0.1426,0.1157,0.1714,0.0653,0.0303,0.1434,100,false
0,0.9,50,0.004,0.4318,0.0077,0.1535,0.0989,0.0528,0.0368,0.2145,100,false
0,0.9,100,0.0013,0.4349,0.0055,0.1756,0.0934,0.068,0.019,0.2023,100,true
0,0.9,1000,0.0013,0.4349,0.0055,0.1756,0.0934,0.068,0.019,0.2023,100,true
0,0.9,5000,0.0013,0.4349,0.0055,0.1756,0.0934,0.068,0.019,0.2023,100,true
0,0.9,10000,0.0013,0.4349,0.0055,0.1756,0.0934,0.068,0.019,0.2023,100,true
0,0.9,20000,0.0013,0.4349,0.0055,0.1756,0.0934,0.068,0.019,0.2023,100,true
0,0.9,30000,0.0013,0.4349,0.0055,0.1756,0.0934,0.068,0.019,0.2023,100,true
0,0.9,40000,0.0013,0.4349,0.0055,0.1756,0.0934,0.068,0.019,0.2023,100,true
0,0.9,50000,0.0013,0.4349,0.0055,0.1756,0.0934,0.068,0.019,0.2023,100,true
0,0.9,60000,0.0013,0.4349,0.0055,0.1756,0.0934,0.068,0.019,0.2023,100,true
0,0.9,70000,0.0013,0.4349,0.0055,0.1756,0.0934,0.068,0.019,0.2023,100,true
0,0.9,80000,0.0013,0.4349,0.0055,0.1756,0.0934,0.068,0.019,0.2023,100,true
0,0.9,90000,0.0013,0.4349,0.0055,0.1756,0.0934,0.068,0.019,0.2023,100,true
0,0.9,100000,0.0013,0.4349,0.0055,0.1756,0.0934,0.068,0.019,0.2023,100,true
0,0.95,0,0.1269,0.1246,0.1219,0.1218,0.125,0.1311,0.1269,0.1218,100,false
0,0.95,1,0.1025,0.1272,0.1444,0.1227,0.1563,0.1279,0.0987,0.1203,100,false
0,0.95,2,0.0849,0.137,0.1514,0.1313,0.1747,0.1169,0.0831,0.1207,100,false
0,0.95,3,0.072,0.1491,0.1634,0.138,0.182,0.1052,0.07,0.1203,100,false
0,0.95,4,0.063,0.164,0.1677,0.1433,0.1838,0.0943,0.0631,0.1208,100,false
0,0.95,5,0.0543,0.1851,0.1681,0.1487,0.1794,0.0901,0.0521,0.1222,100,false
0,0.95,6,0.0505,0.2057,0.1679,0.1502,0.1705,0.0869,0.0449,0.1234,100,false
0,0.95,7,0.0507,0.2268,0.1653,0.1453,0.1655,0.0827,0.0376,0.1261,100,false
0,0.95,8,0.0501,0.2462,0.1632,0.141,0.1593,0.0774,0.0325,0.1303,100,false
0,0.95,9,0.0495,0.2674,0.1536,0.1336,0.1568,0.0756,0.0295,0.134,100,false
0,0.95,10,0.0492,0.2836,0.1446,0.1307,0.1538,0.0719,0.027,0.1392,100,false
0,0.95,50,0.0059,0.385,0.0083,0.1709,0.0955,0.0606,0.0224,0.2514,100,false
0,0.95,100,0.002,0.4041,0.0067,0.1734,0.0921,0.09,0.0246,0.2071,100,false
0,0.95,1000,0.002,0.4041,0.0067,0.1743,0.0915,0.0899,0.0263,0.2052,100,true
0,0.95,5000,0.002,0.4041,0.0067,0.1743,0.0915,0.0899,0.0263,0.2052,100,true
0,0.95,10000,0.002,0.4041,0.0067,0.1743,0.0915,0.0899,0.0263,0.2052,100,true
0,0.95,20000,0.002,0.4041,0.0067,0.1743,0.0915,0.0899,0.0263,0.2052,100,true
0,0.95,30000,0.002,0.4041,0.0067,0.1743,0.0915,0.0899,0.0263,0.2052,100,true
0,0.95,40000,0.002,0.4041,0.0067,0.1743,0.0915,0.0899,0.0263,0.2052,100,true
0,0.95,50000,0.002,0.4041,0.0067,0.1743,0.0915,0.0899,0.0263,0.2052,100,true
0,0.95,60000,0.002,0.4041,0.0067,0.1743,0.0915,0.0899,0.0263,0.2052,100,true
0,0.95,70000,0.002,0.4041,0.0067,0.1743,0.0915,0.0899,0.0263,0.2052,100,true
0,0.95,80000,0.002,0.4041,0.0067,0.1743,0.0915,0.0899,0.0263,0.2052,100,true
0,0.95,90000,0.002,0.4041,0.0067,0.1743,0.0915,0.0899,0.0263,0.2052,100,true
0,0.95,100000,0.002,0.4041,0.0067,0.1743,0.0915,0.0899,0.0263,0.2052,100,true
0,1,0,0.1243,0.1263,0.1239,0.1297,0.1223,0.1238,0.1273,0.1224,100,false
0,1,1,0.1028,0.131,0.146,0.1329,0.1428,0.1216,0.1052,0.1177,100,false
0,1,2,0.0909,0.1381,0.1659,0.1302,0.1605,0.1154,0.0848,0.1142,100,false
0,1,3,0.0783,0.1541,0.1773,0.1306,0.172,0.1032,0.0701,0.1144,100,false
0,1,4,0.0712,0.1715,0.187,0.1312,0.1775,0.0926,0.0539,0.1151,100,false
0,1,5,0.0648,0.1927,0.1849,0.1355,0.1761,0.0823,0.0462,0.1175,100,false
0,1,6,0.061,0.2144,0.1786,0.1346,0.1747,0.0773,0.0386,0.1208,100,false
0,1,7,0.0586,0.2364,0.1726,0.1304,0.1742,0.0706,0.0322,0.125,100,false
0,1,8,0.0549,0.2583,0.1606,0.1313,0.169,0.0675,0.0284,0.13,100,false
0,1,9,0.0544,0.2792,0.1485,0.1254,0.1656,0.0651,0.0265,0.1353,100,false
0,1,10,0.0549,0.2947,0.1376,0.1207,0.1643,0.0636,0.0237,0.1405,100,false
0,1,50,0.0089,0.403,0.0101,0.1913,0.0788,0.0599,0.019,0.229,100,false
0,1,100,0.0025,0.4417,0.0078,0.1912,0.0724,0.0716,0.0123,0.2005,100,false
0,1,1000,0.0017,0.3934,0.0052,0.2556,0.0606,0.0776,0.0092,0.1967,100,true
0,1,5000,0.0017,0.3934,0.0052,0.2556,0.0606,0.0776,0.0092,0.1967,100,true
0,1,10000,0.0017,0.3934,0.0052,0.2556,0.0606,0.0776,0.0092,0.1967,100,true
0,1,20000,0.0017,0.3934,0.0052,0.2556,0.0606,0.0776,0.0092,0.1967,100,true
0,1,30000,0.0017,0.3934,0.0052,0.2556,0.0606,0.0776,0.0092,0.1967,100,true
0,1,40000,0.0017,0.3934,0.0052,0.2556,0.0606,0.0776,0.0092,0.1967,100,true
0,1,50000,0.0017,0.3934,0.0052,0.2556,0.0606,0.0776,0.0092,0.1967,100,true
0,1,60000,0.0017,0.3934,0.0052,0.2556,0.0606,0.0776,0.0092,0.1967,100,true
0,1,70000,0.0017,0.3934,0.0052,0.2556,0.0606,0.0776,0.0092,0.1967,100,true
0,1,80000,0.0017,0.3934,0.0052,0.2556,0.0606,0.0776,0.0092,0.1967,100,true
0,1,90000,0.0017,0.3934,0.0052,0.2556,0.0606,0.0776,0.0092,0.1967,100,true
0,1,100000,0.0017,0.3934,0.0052,0.2556,0.0606,0.0776,0.0092,0.1967,100,true
0.05,0,0,0.1242,0.1275,0.1268,0.1248,0.123,0.1256,0.1263,0.1218,100,false
0.05,0,1,0.1253,0.1258,0.1275,0.1258,0.121,0.1265,0.1256,0.1225,100,false
0.05,0,2,0.1222,0.1251,0.1302,0.1233,0.121,0.1253,0.1284,0.1245,100,false
0.05,0,3,0.1222,0.1265,0.1288,0.1243,0.1191,0.1269,0.1292,0.123,100,false
0.05,0,4,0.1238,0.1242,0.1287,0.1228,0.1223,0.1314,0.1264,0.1204,100,false
0.05,0,5,0.1211,0.1261,0.1297,0.121,0.1254,0.1328,0.1234,0.1205,100,false
0.05,0,6,0.122,0.13,0.1274,0.1202,0.1279,0.1338,0.1188,0.1199,100,false
0.05,0,7,0.1214,0.133,0.1229,0.1216,0.1289,0.1348,0.1171,0.1203,100,false
0.05,0,8,0.1199,0.1332,0.1226,0.1229,0.1298,0.1347,0.1163,0.1206,100,false
0.05,0,9,0.1221,0.1325,0.1215,0.1244,0.1312,0.1368,0.1149,0.1166,100,false
0.05,0,10,0.1225,0.1343,0.1199,0.1264,0.1317,0.1363,0.1128,0.1161,100,false
0.05,0,50,0.1187,0.1473,0.1107,0.1352,0.1338,0.1223,0.1113,0.1207,100,false
0.05,0,100,0.1407,0.133,0.1388,0.1665,0.1037,0.1035,0.1195,0.0943,100,false
0.05,0,1000,0.9956,0,0.0006,0,0.0005,0.002,0.0013,0,100,true
0.05,0,5000,0.9956,0,0.0006,0,0.0005,0.002,0.0013,0,100,true
0.05,0,10000,0.9956,0,0.0006,0,0.0005,0.002,0.0013,0,100,true
0.05,0,20000,0.9956,0,0.0006,0,0.0005,0.002,0.0013,0,100,true
0.05,0,30000,0.9956,0,0.0006,0,0.0005,0.002,0.0013,0,100,true
0.05,0,40000,0.9956,0,0.0006,0,0.0005,0.002,0.0013,0,100,true
0.05,0,50000,0.9956,0,0.0006,0,0.0005,0.002,0.0013,0,100,true
0.05,0,60000,0.9956,0,0.0006,0,0.0005,0.002,0.0013,0,100,true
0.05,0,70000,0.9956,0,0.0006,0,0.0005,0.002,0.0013,0,100,true
0.05,0,80000,0.9956,0,0.0006,0,0.0005,0.002,0.0013,0,100,true
0.05,0,90000,0.9956,0,0.0006,0,0.0005,0.002,0.0013,0,100,true
0.05,0,100000,0.9956,0,0.0006,0,0.0005,0.002,0.0013,0,100,true
0.05,0.05,0,0.1263,0.129,0.1286,0.1198,0.125,0.1216,0.1222,0.1275,100,false
0.05,0.05,1,0.1236,0.1311,0.1278,0.119,0.1266,0.1227,0.1205,0.1287,100,false
0.05,0.05,2,0.1265,0.1289,0.1256,0.1211,0.1272,0.1229,0.1237,0.1241,100,false
0.05,0.05,3,0.1289,0.1277,0.124,0.1251,0.1277,0.1234,0.1221,0.1211,100,false
0.05,0.05,4,0.1271,0.1278,0.1234,0.1262,0.1305,0.1239,0.1199,0.1212,100,false
0.05,0.05,5,0.1242,0.1303,0.1205,0.1294,0.1315,0.1236,0.116,0.1245,100,false
0.05,0.05,6,0.1209,0.132,0.1195,0.13,0.1301,0.1238,0.1183,0.1254,100,false
0.05,0.05,7,0.1195,0.1359,0.1184,0.1296,0.1305,0.1244,0.1136,0.1281,100,false
0.05,0.05,8,0.1217,0.1364,0.119,0.1286,0.1316,0.1222,0.1127,0.1278,100,false
0.05,0.05,9,0.1237,0.1384,0.1178,0.1292,0.1312,0.1215,0.1109,0.1273,100,false
0.05,0.05,10,0.1265,0.1378,0.1204,0.13,0.1261,0.121,0.1115,0.1267,100,false
0.05,0.05,50,0.1177,0.1606,0.0831,0.1563,0.1064,0.1158,0.1033,0.1568,100,false
0.05,0.05,100,0.0864,0.1701,0.1149,0.1797,0.0962,0.1008,0.1047,0.1472,100,false
0.05,0.05,1000,0.0926,0.1384,0.1552,0.1586,0.1286,0.0993,0.0827,0.1446,100,false
0.05,0.05,5000,0.029,0.0987,0.1085,0.1697,0.2117,0.2542,0.0346,0.0936,100,false
0.05,0.05,10000,0,0.9272,0,0,0.0012,0.0041,0.0354,0.0321,100,true
0.05,0.05,20000,0,0.9272,0,0,0.0012,0.0041,0.0354,0.0321,100,true
0.05,0.05,30000,0,0.9272,0,0,0.0012,0.0041,0.0354,0.0321,100,true
0.05,0.05,40000,0,0.9272,0,0,0.0012,0.0041,0.0354,0.0321,100,true
0.05,0.05,50000,0,0.9272,0,0,0.0012,0.0041,0.0354,0.0321,100,true
0.05,0.05,60000,0,0.9272,0,0,0.0012,0.0041,0.0354,0.0321,100,true
0.05,0.05,70000,0,0.9272,0,0,0.0012,0.0041,0.0354,0.0321,100,true
0.05,0.05,80000,0,0.9272,0,0,0.0012,0.0041,0.0354,0.0321,100,true
0.05,0.05,90000,0,0.9272,0,0,0.0012,0.0041,0.0354,0.0321,100,true
0.05,0.05,100000,0,0.9272,0,0,0.0012,0.0041,0.0354,0.0321,100,true
0.05,0.1,0,0.1251,0.1286,0.1255,0.1198,0.1259,0.1255,0.1229,0.1267,100,false
0.05,0.1,1,0.1257,0.1299,0.1222,0.1227,0.1306,0.1234,0.1217,0.1238,100,false
0.05,0.1,2,0.1231,0.1291,0.1243,0.129,0.1303,0.1217,0.1206,0.1219,100,false
0.05,0.1,3,0.1203,0.1304,0.1295,0.131,0.1319,0.1198,0.1163,0.1208,100,false
0.05,0.1,4,0.1168,0.1329,0.1322,0.133,0.1325,0.1168,0.114,0.1218,100,false
0.05,0.1,5,0.114,0.1364,0.1309,0.1378,0.1315,0.1158,0.1107,0.1229,100,false
0.05,0.1,6,0.1112,0.1386,0.1319,0.1403,0.1321,0.1143,0.1074,0.1242,100,false
0.05,0.1,7,0.1076,0.1428,0.1292,0.1449,0.1322,0.111,0.1067,0.1256,100,false
0.05,0.1,8,0.1075,0.1457,0.1299,0.1453,0.1328,0.1077,0.1076,0.1235,100,false
0.05,0.1,9,0.1046,0.1536,0.1281,0.1449,0.133,0.1037,0.1072,0.1249,100,false
0.05,0.1,10,0.107,0.1558,0.1311,0.1428,0.1318,0.1018,0.1051,0.1246,100,false
0.05,0.1,50,0.0763,0.1538,0.1365,0.1736,0.1263,0.1283,0.0942,0.111,100,false
0.05,0.1,100,0.0774,0.1736,0.1162,0.1459,0.1129,0.138,0.1131,0.1229,100,false
0.05,0.1,1000,0.6339,0,0,0.1288,0.2348,0.0025,0,0,100,false
0.05,0.1,5000,0.577,0,0,0.4212,0.0001,0.0017,0,0,100,true
0.05,0.1,10000,0.577,0,0,0.4212,0.0001,0.0017,0,0,100,true
0.05,0.1,20000,0.577,0,0,0.4212,0.0001,0.0017,0,0,100,true
0.05,0.1,30000,0.577,0,0,0.4212,0.0001,0.0017,0,0,100,true
0.05,0.1,40000,0.577,0,0,0.4212,0.0001,0.0017,0,0,100,true
0.05,0.1,50000,0.577,0,0,0.4212,0.0001,0.0017,0,0,100,true
0.05,0.1,60000,0.577,0,0,0.4212,0.0001,0.0017,0,0,100,true
0.05,0.1,70000,0.577,0,0,0.4212,0.0001,0.0017,0,0,100,true
0.05,0.1,80000,0.577,0,0,0.4212,0.0001,0.0017,0,0,100,true
0.05,0.1,90000,0.577,0,0,0.4212,0.0001,0.0017,0,0,100,true
0.05,0.1,100000,0.577,0,0,0.4212,0.0001,0.0017,0,0,100,true
0.05,0.15,0,0.1259,0.1229,0.1285,0.1269,0.1267,0.1237,0.1229,0.1225,100,false
0.05,0.15,1,0.1197,0.1238,0.134,0.1246,0.1298,0.1232,0.1157,0.1292,100,false
0.05,0.15,2,0.1101,0.1288,0.1401,0.1258,0.1316,0.1224,0.1099,0.1313,100,false
0.05,0.15,3,0.1058,0.1331,0.1416,0.1259,0.134,0.121,0.1071,0.1315,100,false
0.05,0.15,4,0.1025,0.1378,0.1488,0.1219,0.1356,0.1211,0.103,0.1293,100,false
0.05,0.15,5,0.1018,0.1421,0.1484,0.1196,0.1418,0.1155,0.0993,0.1315,100,false
0.05,0.15,6,0.1028,0.1455,0.1499,0.1234,0.1369,0.1126,0.0966,0.1323,100,false
0.05,0.15,7,0.1017,0.1477,0.1533,0.122,0.136,0.1118,0.0949,0.1326,100,false
0.05,0.15,8,0.099,0.1517,0.1569,0.1189,0.1399,0.1096,0.0909,0.1331,100,false
0.05,0.15,9,0.0996,0.1555,0.16,0.115,0.1409,0.1049,0.0897,0.1344,100,false
0.05,0.15,10,0.0964,0.161,0.1583,0.1148,0.1406,0.1033,0.0882,0.1374,100,false
0.05,0.15,50,0.0686,0.1825,0.0945,0.1643,0.15,0.0796,0.1002,0.1603,100,false
0.05,0.15,100,0.0806,0.1551,0.0679,0.1937,0.0997,0.1521,0.1297,0.1212,100,false
0.05,0.15,1000,0.1184,0.1573,0.0809,0.1053,0.1261,0.1464,0.1423,0.1233,100,false
0.05,0.15,5000,0.1011,0.1782,0.17,0.1623,0.0984,0.1101,0.0325,0.1474,100,false
0.05,0.15,10000,0.0587,0.2721,0.0749,0.1274,0.093,0.1125,0.0935,0.1679,100,false
0.05,0.2,0,0.1239,0.126,0.1184,0.1249,0.1305,0.1255,0.1228,0.128,100,false
0.05,0.2,1,0.1175,0.1244,0.1274,0.1262,0.1339,0.1265,0.1143,0.1298,100,false
0.05,0.2,2,0.1104,0.1262,0.1321,0.1279,0.1385,0.1252,0.1105,0.1292,100,false
0.05,0.2,3,0.1079,0.1305,0.1388,0.1265,0.1415,0.123,0.1059,0.1259,100,false
0.05,0.2,4,0.1027,0.1355,0.1448,0.1291,0.1425,0.1195,0.1006,0.1253,100,false
0.05,0.2,5,0.0986,0.1435,0.1479,0.1284,0.144,0.1138,0.0983,0.1255,100,false
0.05,0.2,6,0.0969,0.1494,0.1506,0.1264,0.1462,0.1108,0.0945,0.1252,100,false
0.05,0.2,7,0.0961,0.1611,0.1475,0.1249,0.1501,0.1047,0.0923,0.1233,100,false
0.05,0.2,8,0.0968,0.1729,0.1446,0.1236,0.1504,0.0999,0.088,0.1238,100,false
0.05,0.2,9,0.0991,0.1793,0.1423,0.1224,0.1497,0.098,0.0833,0.1259,100,false
0.05,0.2,10,0.1022,0.1838,0.1427,0.1228,0.144,0.0953,0.081,0.1282,100,false
0.05,0.2,50,0.0595,0.2217,0.0684,0.1573,0.111,0.0976,0.0963,0.1882,100,false
0.05,0.2,100,0.062,0.2158,0.0574,0.1758,0.0761,0.1792,0.1063,0.1274,100,false
0.05,0.2,1000,0,0.0113,0.0082,0.1276,0.093,0.0447,0,0.7152,100,false
0.05,0.2,5000,0,0.2995,0,0.2261,0,0.2869,0,0.1875,100,false
0.05,0.2,10000,0,0.2111,0,0.3029,0,0.2886,0,0.1974,100,false
0.05,0.25,0,0.1218,0.1291,0.1275,0.1229,0.1247,0.1256,0.1223,0.1261,100,false
0.05,0.25,1,0.1145,0.1299,0.1344,0.1223,0.1351,0.1219,0.1154,0.1265,100,false
0.05,0.25,2,0.1078,0.1355,0.1365,0.1244,0.142,0.1187,0.1057,0.1294,100,false
0.05,0.25,3,0.0977,0.1424,0.142,0.1262,0.1484,0.1084,0.1027,0.1322,100,false
0.05,0.25,4,0.096,0.146,0.151,0.1251,0.1495,0.1027,0.1001,0.1296,100,false
0.05,0.25,5,0.0934,0.1539,0.1562,0.1195,0.1506,0.0992,0.0966,0.1306,100,false
0.05,0.25,6,0.0976,0.1572,0.1573,0.1201,0.1477,0.095,0.0955,0.1296,100,false
0.05,0.25,7,0.0974,0.1634,0.1562,0.1227,0.1466,0.0907,0.0929,0.1301,100,false
0.05,0.25,8,0.0992,0.1714,0.1539,0.1223,0.1443,0.0903,0.0878,0.1308,100,false
0.05,0.25,9,0.1007,0.1785,0.1502,0.1237,0.1377,0.0905,0.0836,0.1351,100,false
0.05,0.25,10,0.1026,0.1821,0.1471,0.1229,0.1358,0.0901,0.0789,0.1405,100,false
0.05,0.25,50,0.056,0.2226,0.067,0.1535,0.1364,0.1144,0.1136,0.1365,100,false
0.05,0.25,100,0.0665,0.2803,0.0433,0.1655,0.0706,0.1049,0.1286,0.1403,100,false
0.05,0.25,1000,0.1102,0.1889,0.0475,0.0994,0.0484,0.2148,0.079,0.2118,100,false
0.05,0.25,5000,0.0588,0.229,0.0721,0.1262,0.1431,0.1456,0.0609,0.1643,100,false
0.05,0.25,10000,0.104,0.2656,0.0797,0.2222,0.0911,0.0817,0.0634,0.0923,100,false
0.05,0.3,0,0.1241,0.1263,0.1324,0.1269,0.1225,0.1236,0.1198,0.1244,100,false
0.05,0.3,1,0.1188,0.1258,0.144,0.1256,0.1307,0.119,0.1104,0.1257,100,false
0.05,0.3,2,0.1146,0.1316,0.1513,0.1258,0.1343,0.114,0.1033,0.1251,100,false
0.05,0.3,3,0.1143,0.1388,0.1582,0.1242,0.1358,0.108,0.096,0.1247,100,false
0.05,0.3,4,0.1081,0.1467,0.1607,0.1239,0.1413,0.1018,0.0906,0.1269,100,false
0.05,0.3,5,0.1011,0.1583,0.1595,0.126,0.1413,0.1001,0.0857,0.128,100,false
0.05,0.3,6,0.0979,0.1697,0.1593,0.1271,0.1396,0.0955,0.0811,0.1298,100,false
0.05,0.3,7,0.0975,0.1822,0.1578,0.1264,0.1354,0.0929,0.0776,0.1302,100,false
0.05,0.3,8,0.099,0.1909,0.1557,0.1197,0.1336,0.0913,0.0766,0.1332,100,false
0.05,0.3,9,0.0985,0.1949,0.1584,0.116,0.1319,0.0917,0.0714,0.1372,100,false
0.05,0.3,10,0.1008,0.2021,0.1548,0.1111,0.131,0.0901,0.0684,0.1417,100,false
0.05,0.3,50,0.0262,0.2587,0.0554,0.1627,0.1177,0.0931,0.0904,0.1958,100,false
0.05,0.3,100,0.0508,0.232,0.0255,0.2027,0.06,0.1307,0.1133,0.185,100,false
0.05,0.3,1000,0,0.8399,0,0.0214,0.0005,0.0042,0.0373,0.0967,100,false
0.05,0.3,5000,0,0.1996,0,0.2316,0,0.2872,0,0.2816,100,false
0.05,0.3,10000,0,0.2623,0,0.2233,0,0.2623,0,0.2521,100,false
0.05,0.35,0,0.1227,0.127,0.1245,0.1277,0.1269,0.1268,0.1232,0.1212,100,false
0.05,0.35,1,0.1196,0.125,0.1333,0.1318,0.1369,0.1242,0.1124,0.1168,100,false
0.05,0.35,2,0.1115,0.1298,0.1443,0.1311,0.1391,0.1241,0.1006,0.1195,100,false
0.05,0.35,3,0.1027,0.139,0.1516,0.13,0.1442,0.1186,0.0918,0.1221,100,false
0.05,0.35,4,0.0996,0.1463,0.1578,0.1301,0.1441,0.1116,0.0869,0.1236,100,false
0.05,0.35,5,0.0966,0.1549,0.1577,0.1283,0.1461,0.1086,0.0812,0.1266,100,false
0.05,0.35,6,0.096,0.1661,0.1535,0.1288,0.1491,0.1011,0.0769,0.1285,100,false
0.05,0.35,7,0.0926,0.1774,0.1489,0.1292,0.1482,0.0974,0.0734,0.1329,100,false
0.05,0.35,8,0.0899,0.1852,0.1509,0.1302,0.1446,0.0942,0.0688,0.1362,100,false
0.05,0.35,9,0.0916,0.1892,0.1506,0.1287,0.1419,0.092,0.0656,0.1404,100,false
0.05,0.35,10,0.0923,0.194,0.1481,0.1247,0.1416,0.0921,0.0602,0.147,100,false
0.05,0.35,50,0.0339,0.2507,0.0576,0.1139,0.1093,0.1227,0.0774,0.2345,100,false
0.05,0.35,100,0.0087,0.2823,0.047,0.1847,0.1024,0.0973,0.1055,0.1721,100,false
0.05,0.35,1000,0.0548,0.1719,0.0495,0.2076,0.0968,0.1363,0.0529,0.2302,100,false
0.05,0.35,5000,0.2561,0.2144,0.0493,0.1392,0.0824,0.1357,0.0601,0.0628,100,false
0.05,0.35,10000,0.1028,0.1299,0.0849,0.2467,0.0705,0.1047,0.1341,0.1264,100,false
0.05,0.4,0,0.1307,0.1248,0.1239,0.1172,0.1261,0.119,0.1261,0.1322,100,false
0.05,0.4,1,0.1205,0.1279,0.1324,0.1184,0.1376,0.1171,0.1135,0.1326,100,false
0.05,0.4,2,0.1065,0.1332,0.1401,0.1217,0.1445,0.1136,0.1045,0.1359,100,false
0.05,0.4,3,0.0962,0.1364,0.1509,0.1233,0.1487,0.1095,0.0952,0.1398,100,false
0.05,0.4,4,0.0884,0.1459,0.1535,0.1264,0.1509,0.1072,0.0857,0.142,100,false
0.05,0.4,5,0.081,0.1557,0.1557,0.1273,0.1552,0.1003,0.0835,0.1413,100,false
0.05,0.4,6,0.0757,0.1661,0.1561,0.1256,0.1574,0.0947,0.0808,0.1436,100,false
0.05,0.4,7,0.0744,0.1733,0.1588,0.1246,0.1544,0.0932,0.0756,0.1457,100,false
0.05,0.4,8,0.0725,0.1861,0.155,0.1247,0.152,0.0882,0.0734,0.1481,100,false
0.05,0.4,9,0.0704,0.198,0.1537,0.1204,0.1517,0.0837,0.0691,0.153,100,false
0.05,0.4,10,0.0661,0.211,0.1464,0.1201,0.1521,0.0831,0.0649,0.1563,100,false
0.05,0.4,50,0.0236,0.2621,0.0163,0.1822,0.1162,0.1141,0.1012,0.1843,100,false
0.05,0.4,100,0.0288,0.3541,0.0124,0.2286,0.0439,0.0878,0.1047,0.1397,100,false
0.05,0.4,1000,0.0691,0.1094,0.088,0.1504,0.1573,0.0431,0.1121,0.2706,100,false
0.05,0.4,5000,0.0008,0.0021,0,0.0168,0,0.9803,0,0,100,true
0.05,0.4,10000,0.0008,0.0021,0,0.0168,0,0.9803,0,0,100,true
0.05,0.4,20000,0.0008,0.0021,0,0.0168,0,0.9803,0,0,100,true
0.05,0.4,30000,0.0008,0.0021,0,0.0168,0,0.9803,0,0,100,true
0.05,0.4,40000,0.0008,0.0021,0,0.0168,0,0.9803,0,0,100,true
0.05,0.4,50000,0.0008,0.0021,0,0.0168,0,0.9803,0,0,100,true
0.05,0.4,60000,0.0008,0.0021,0,0.0168,0,0.9803,0,0,100,true
0.05,0.4,70000,0.0008,0.0021,0,0.0168,0,0.9803,0,0,100,true
0.05,0.4,80000,0.0008,0.0021,0,0.0168,0,0.9803,0,0,100,true
0.05,0.4,90000,0.0008,0.0021,0,0.0168,0,0.9803,0,0,100,true
0.05,0.4,100000,0.0008,0.0021,0,0.0168,0,0.9803,0,0,100,true
0.05,0.45,0,0.124,0.1264,0.1204,0.1227,0.1275,0.1209,0.1294,0.1287,100,false
0.05,0.45,1,0.1103,0.1294,0.134,0.123,0.1434,0.1196,0.1144,0.1259,100,false
0.05,0.45,2,0.1021,0.1305,0.1458,0.1246,0.1518,0.1162,0.1041,0.1249,100,false
0.05,0.45,3,0.0948,0.1377,0.1523,0.1278,0.1531,0.1154,0.0919,0.127,100,false
0.05,0.45,4,0.0877,0.1484,0.1555,0.1299,0.1569,0.108,0.085,0.1286,100,false
0.05,0.45,5,0.0826,0.1554,0.1619,0.1342,0.1563,0.0992,0.0783,0.1321,100,false
0.05,0.45,6,0.0796,0.1623,0.1671,0.1353,0.1526,0.0925,0.0764,0.1342,100,false
0.05,0.45,7,0.0737,0.1726,0.1754,0.1334,0.1476,0.0875,0.0738,0.136,100,false
0.05,0.45,8,0.0737,0.1853,0.1787,0.1294,0.1428,0.0842,0.0676,0.1383,100,false
0.05,0.45,9,0.0717,0.1994,0.1749,0.1252,0.1428,0.0798,0.067,0.1392,100,false
0.05,0.45,10,0.0681,0.2177,0.1689,0.1193,0.1433,0.0777,0.0638,0.1412,100,false
0.05,0.45,50,0.02,0.2641,0.0343,0.1647,0.1392,0.0926,0.0908,0.1943,100,false
0.05,0.45,100,0.0445,0.3079,0.0215,0.1936,0.1007,0.107,0.1237,0.1011,100,false
0.05,0.45,1000,0,0.0021,0.0003,0.0055,0.096,0.232,0.0579,0.6062,100,false
0.05,0.45,5000,0,0.004,0,0,0.2172,0,0,0.7788,100,true
0.05,0.45,10000,0,0.004,0,0,0.2172,0,0,0.7788,100,true
0.05,0.45,20000,0,0.004,0,0,0.2172,0,0,0.7788,100,true
0.05,0.45,30000,0,0.004,0,0,0.2172,0,0,0.7788,100,true
0.05,0.45,40000,0,0.004,0,0,0.2172,0,0,0.7788,100,true
0.05,0.45,50000,0,0.004,0,0,0.2172,0,0,0.7788,100,true
0.05,0.45,60000,0,0.004,0,0,0.2172,0,0,0.7788,100,true
0.05,0.45,70000,0,0.004,0,0,0.2172,0,0,0.7788,100,true
0.05,0.45,80000,0,0.004,0,0,0.2172,0,0,0.7788,100,true
0.05,0.45,90000,0,0.004,0,0,0.2172,0,0,0.7788,100,true
0.05,0.45,100000,0,0.004,0,0,0.2172,0,0,0.7788,100,true
0.05,0.5,0,0.121,0.1286,0.1221,0.1248,0.1201,0.13,0.1273,0.1261,100,false
0.05,0.5,1,0.1039,0.136,0.1357,0.1276,0.1303,0.1307,0.1102,0.1256,100,false
0.05,0.5,2,0.0956,0.1408,0.1483,0.1298,0.1358,0.128,0.0967,0.125,100,false
0.05,0.5,3,0.0906,0.1496,0.1528,0.1304,0.1383,0.1255,0.0868,0.126,100,false
0.05,0.5,4,0.0823,0.1571,0.1626,0.13,0.1422,0.121,0.0788,0.126,100,false
0.05,0.5,5,0.0774,0.1709,0.1646,0.1314,0.1406,0.1171,0.0686,0.1294,100,false
0.05,0.5,6,0.0743,0.1833,0.1649,0.1304,0.1391,0.114,0.0603,0.1337,100,false
0.05,0.5,7,0.0734,0.1959,0.1666,0.1286,0.1384,0.1067,0.0531,0.1373,100,false
0.05,0.5,8,0.0716,0.217,0.1576,0.1283,0.1351,0.1007,0.0479,0.1418,100,false
0.05,0.5,9,0.0767,0.2302,0.1462,0.1276,0.1328,0.0945,0.0464,0.1456,100,false
0.05,0.5,10,0.081,0.2418,0.1338,0.1267,0.1294,0.0915,0.0447,0.1511,100,false
0.05,0.5,50,0.0239,0.2798,0.0344,0.1472,0.1019,0.1003,0.0687,0.2438,100,false
0.05,0.5,100,0.047,0.2684,0.0128,0.2339,0.0709,0.0918,0.0913,0.1839,100,false
0.05,0.5,1000,0.0307,0.2771,0.0953,0.2309,0.1395,0.0908,0.0552,0.0805,100,false
0.05,0.5,5000,0.0558,0.0481,0.2167,0.081,0.1843,0.1959,0.1046,0.1136,100,false
0.05,0.5,10000,0.089,0.0512,0.0437,0.1145,0.1445,0.0774,0.2334,0.2463,100,false
0.05,0.55,0,0.1254,0.1241,0.1296,0.1283,0.1199,0.1214,0.1247,0.1266,100,false
0.05,0.55,1,0.1069,0.1295,0.1458,0.1207,0.1416,0.1173,0.109,0.1292,100,false
0.05,0.55,2,0.096,0.1385,0.1556,0.1188,0.1568,0.1098,0.096,0.1285,100,false
0.05,0.55,3,0.0874,0.1481,0.1673,0.1151,0.1654,0.1022,0.0835,0.131,100,false
0.05,0.55,4,0.0766,0.1649,0.1693,0.1172,0.1712,0.0957,0.0748,0.1303,100,false
0.05,0.55,5,0.0742,0.177,0.1722,0.1185,0.1697,0.0887,0.0665,0.1332,100,false
0.05,0.55,6,0.0684,0.1923,0.1726,0.1171,0.1702,0.0832,0.0631,0.1331,100,false
0.05,0.55,7,0.0672,0.2083,0.1684,0.119,0.1644,0.0773,0.0606,0.1348,100,false
0.05,0.55,8,0.0672,0.2207,0.1647,0.1167,0.1616,0.073,0.0599,0.1362,100,false
0.05,0.55,9,0.0657,0.2318,0.1576,0.1169,0.1606,0.0704,0.0569,0.1401,100,false
0.05,0.55,10,0.0635,0.2466,0.145,0.117,0.1596,0.0683,0.0537,0.1463,100,false
0.05,0.55,50,0.0191,0.3211,0.028,0.1557,0.1042,0.0683,0.094,0.2096,100,false
0.05,0.55,100,0.044,0.2842,0.0206,0.2371,0.0958,0.0861,0.142,0.0902,100,false
0.05,0.55,1000,0.1006,0.1663,0.1623,0.1865,0.133,0.0647,0.0493,0.1373,100,false
0.05,0.55,5000,0.0954,0.2046,0.1165,0.1533,0.1165,0.1132,0.0815,0.119,100,false
0.05,0.55,10000,0.1427,0.18,0.0999,0.1116,0.2297,0.1086,0.0814,0.0461,100,false
0.05,0.6,0,0.1222,0.1248,0.1215,0.1236,0.1309,0.1277,0.1237,0.1256,100,false
0.05,0.6,1,0.1029,0.1295,0.1364,0.1248,0.1509,0.121,0.1095,0.125,100,false
0.05,0.6,2,0.0902,0.135,0.1496,0.1245,0.1646,0.1155,0.0968,0.1238,100,false
0.05,0.6,3,0.0783,0.1468,0.1578,0.131,0.1688,0.1093,0.0835,0.1245,100,false
0.05,0.6,4,0.0707,0.1621,0.1613,0.1354,0.17,0.0999,0.0733,0.1273,100,false
0.05,0.6,5,0.0646,0.1762,0.1644,0.14,0.1682,0.092,0.0668,0.1278,100,false
0.05,0.6,6,0.0584,0.1932,0.1672,0.1385,0.1698,0.0826,0.0629,0.1274,100,false
0.05,0.6,7,0.0579,0.2065,0.1691,0.1393,0.1629,0.0779,0.0561,0.1303,100,false
0.05,0.6,8,0.0565,0.223,0.1665,0.136,0.1562,0.0734,0.054,0.1344,100,false
0.05,0.6,9,0.0548,0.2398,0.1605,0.1324,0.1525,0.0713,0.0511,0.1376,100,false
0.05,0.6,10,0.0554,0.2574,0.1533,0.1284,0.1498,0.0671,0.0466,0.142,100,false
0.05,0.6,50,0.0127,0.2602,0.015,0.1699,0.1078,0.095,0.0941,0.2453,100,false
0.05,0.6,100,0.0278,0.3085,0.0327,0.2425,0.0529,0.0801,0.1255,0.13,100,false
0.05,0.6,1000,0.0001,0.1587,0,0.4325,0,0.3728,0.0033,0.0326,100,false
0.05,0.6,5000,0,0.2368,0,0.2744,0,0.254,0,0.2348,100,false
0.05,0.6,10000,0,0.2145,0,0.2444,0,0.2477,0,0.2934,100,false
0.05,0.65,0,0.1272,0.1243,0.1237,0.1281,0.123,0.1207,0.1307,0.1223,100,false
0.05,0.65,1,0.1136,0.126,0.1448,0.1275,0.1334,0.1225,0.1128,0.1194,100,false
0.05,0.65,2,0.0987,0.1347,0.1611,0.1245,0.1446,0.1223,0.0928,0.1213,100,false
0.05,0.65,3,0.0926,0.1448,0.1686,0.1261,0.1514,0.1155,0.0805,0.1205,100,false
0.05,0.65,4,0.0896,0.1529,0.1735,0.1284,0.1554,0.1078,0.0698,0.1226,100,false
0.05,0.65,5,0.0843,0.1617,0.1802,0.126,0.1572,0.1007,0.0612,0.1287,100,false
0.05,0.65,6,0.0829,0.1741,0.1761,0.129,0.1537,0.0952,0.0554,0.1336,100,false
0.05,0.65,7,0.0812,0.1896,0.1654,0.1311,0.157,0.0899,0.0475,0.1383,100,false
0.05,0.65,8,0.0759,0.2038,0.1586,0.1318,0.1553,0.0846,0.0429,0.1471,100,false
0.05,0.65,9,0.0722,0.2171,0.1528,0.1311,0.1513,0.0809,0.0402,0.1544,100,false
0.05,0.65,10,0.0696,0.2298,0.1463,0.1282,0.1478,0.0798,0.0372,0.1613,100,false
0.05,0.65,50,0.0056,0.2893,0.0372,0.1419,0.1091,0.1037,0.0643,0.2489,100,false
0.05,0.65,100,0.008,0.375,0.0051,0.2051,0.0682,0.0629,0.0739,0.2018,100,false
0.05,0.65,1000,0.0485,0.1155,0.0365,0.2088,0.1414,0.2531,0.0805,0.1157,100,false
0.05,0.65,5000,0.216,0.2182,0.0954,0.0632,0.1938,0,0.1232,0.0902,100,false
0.05,0.65,10000,0.1234,0.1239,0.1016,0.0512,0.4721,0,0.0597,0.0681,100,false
0.05,0.7,0,0.1268,0.125,0.1248,0.1241,0.1256,0.1234,0.1255,0.1248,100,false
0.05,0.7,1,0.1122,0.1263,0.1409,0.1251,0.1484,0.1167,0.1102,0.1202,100,false
0.05,0.7,2,0.0959,0.1356,0.155,0.1228,0.168,0.1084,0.0956,0.1187,100,false
0.05,0.7,3,0.0847,0.1457,0.1661,0.1248,0.1743,0.1012,0.0782,0.125,100,false
0.05,0.7,4,0.0747,0.1611,0.173,0.1271,0.177,0.0939,0.0682,0.125,100,false
0.05,0.7,5,0.0691,0.1789,0.1747,0.1293,0.1739,0.0888,0.059,0.1263,100,false
0.05,0.7,6,0.0627,0.2017,0.1682,0.1314,0.1717,0.0825,0.0534,0.1284,100,false
0.05,0.7,7,0.0609,0.2202,0.1599,0.1368,0.164,0.0778,0.0476,0.1328,100,false
0.05,0.7,8,0.0597,0.2407,0.1495,0.1402,0.156,0.074,0.0426,0.1373,100,false
0.05,0.7,9,0.0592,0.2573,0.1418,0.1382,0.1515,0.0701,0.0405,0.1414,100,false
0.05,0.7,10,0.0553,0.2773,0.1319,0.1346,0.1508,0.066,0.0393,0.1448,100,false
0.05,0.7,50,0.0128,0.2612,0.0358,0.1397,0.0978,0.1001,0.0634,0.2892,100,false
0.05,0.7,100,0.0215,0.2879,0.0208,0.2159,0.0637,0.1014,0.1008,0.188,100,false
0.05,0.7,1000,0.1123,0.2531,0.084,0.1374,0.1113,0.0691,0.0394,0.1934,100,false
0.05,0.7,5000,0.1088,0.1551,0.0845,0.1833,0.1455,0.1036,0.1105,0.1087,100,false
0.05,0.7,10000,0.1365,0.2613,0.0819,0.096,0.1633,0.0835,0.0989,0.0786,100,false
0.05,0.75,0,0.1196,0.1293,0.127,0.1199,0.1237,0.1335,0.1197,0.1273,100,false
0.05,0.75,1,0.1004,0.136,0.1459,0.1177,0.1454,0.1286,0.098,0.128,100,false
0.05,0.75,2,0.0919,0.1432,0.1553,0.1191,0.1588,0.1205,0.085,0.1262,100,false
0.05,0.75,3,0.0829,0.1548,0.1635,0.1175,0.1674,0.1124,0.0725,0.129,100,false
0.05,0.75,4,0.0728,0.1705,0.1693,0.1167,0.1753,0.1024,0.0635,0.1295,100,false
0.05,0.75,5,0.0666,0.189,0.1697,0.118,0.1749,0.0957,0.0543,0.1318,100,false
0.05,0.75,6,0.0671,0.2012,0.1669,0.1163,0.1766,0.0897,0.047,0.1352,100,false
0.05,0.75,7,0.0617,0.2143,0.1627,0.1129,0.1816,0.0828,0.0403,0.1437,100,false
0.05,0.75,8,0.0604,0.2268,0.1559,0.1136,0.1784,0.0796,0.0362,0.1491,100,false
0.05,0.75,9,0.055,0.2382,0.152,0.112,0.1781,0.0762,0.0309,0.1576,100,false
0.05,0.75,10,0.0505,0.2499,0.144,0.1123,0.1775,0.0737,0.0269,0.1652,100,false
0.05,0.75,50,0.0023,0.344,0.0107,0.1281,0.1021,0.0727,0.0494,0.2907,100,false
0.05,0.75,100,0.0007,0.3522,0.0103,0.1808,0.0709,0.0884,0.1254,0.1713,100,false
0.05,0.75,1000,0.0561,0.0928,0,0.5758,0,0.0673,0.0034,0.2046,100,false
0.05,0.75,5000,0,0.2481,0,0.277,0,0.2838,0,0.1911,100,false
0.05,0.75,10000,0,0.2751,0,0.2319,0,0.2444,0,0.2486,100,false
0.05,0.8,0,0.129,0.1226,0.1212,0.1279,0.1244,0.1239,0.1239,0.1271,100,false
0.05,0.8,1,0.1057,0.124,0.1373,0.1331,0.1466,0.1218,0.1008,0.1307,100,false
0.05,0.8,2,0.0889,0.1329,0.1522,0.1369,0.1605,0.1126,0.0876,0.1284,100,false
0.05,0.8,3,0.0744,0.1472,0.1657,0.1346,0.1719,0.1028,0.0764,0.127,100,false
0.05,0.8,4,0.0667,0.1651,0.1698,0.137,0.1719,0.0956,0.0648,0.1291,100,false
0.05,0.8,5,0.0611,0.185,0.1701,0.1408,0.166,0.088,0.0586,0.1304,100,false
0.05,0.8,6,0.0589,0.2048,0.1681,0.1416,0.1616,0.0831,0.0506,0.1313,100,false
0.05,0.8,7,0.0592,0.2229,0.162,0.1416,0.1536,0.0791,0.0448,0.1368,100,false
0.05,0.8,8,0.0604,0.2413,0.1573,0.1372,0.1468,0.0767,0.0392,0.1411,100,false
0.05,0.8,9,0.0625,0.2556,0.1456,0.1353,0.141,0.0747,0.0361,0.1492,100,false
0.05,0.8,10,0.0605,0.2701,0.1327,0.1329,0.1405,0.0716,0.0343,0.1574,100,false
0.05,0.8,50,0.0097,0.2686,0.0182,0.1357,0.0989,0.0977,0.0745,0.2967,100,false
0.05,0.8,100,0.0146,0.3377,0.0135,0.2453,0.0338,0.0986,0.0567,0.1998,100,false
0.05,0.8,1000,0.0057,0.1772,0.0034,0.2621,0,0.3426,0.0049,0.2041,100,false
0.05,0.8,5000,0,0.2432,0,0.2594,0,0.2663,0,0.2311,100,false
0.05,0.8,10000,0,0.2784,0,0.2615,0,0.2583,0,0.2018,100,false
0.05,0.85,0,0.1183,0.1281,0.1265,0.1283,0.1262,0.1245,0.1278,0.1203,100,false
0.05,0.85,1,0.0987,0.1379,0.1467,0.1279,0.1452,0.1219,0.1056,0.1161,100,false
0.05,0.85,2,0.0884,0.153,0.1617,0.1272,0.1517,0.1158,0.0826,0.1196,100,false
0.05,0.85,3,0.0816,0.167,0.1693,0.1269,0.1553,0.109,0.0709,0.12,100,false
0.05,0.85,4,0.0757,0.1805,0.1717,0.1249,0.1617,0.1011,0.0615,0.1229,100,false
0.05,0.85,5,0.0675,0.1976,0.1701,0.1269,0.1624,0.0944,0.0544,0.1267,100,false
0.05,0.85,6,0.0643,0.2132,0.1664,0.127,0.1627,0.0886,0.0476,0.1302,100,false
0.05,0.85,7,0.0583,0.2348,0.1548,0.1253,0.1662,0.0837,0.0426,0.1343,100,false
0.05,0.85,8,0.0573,0.2514,0.1457,0.1278,0.1617,0.0793,0.037,0.1398,100,false
0.05,0.85,9,0.0569,0.2627,0.1391,0.1266,0.1575,0.0753,0.0347,0.1472,100,false
0.05,0.85,10,0.0549,0.2756,0.129,0.1282,0.1538,0.0707,0.0322,0.1556,100,false
0.05,0.85,50,0.0023,0.3029,0.0083,0.1273,0.1016,0.0861,0.0424,0.3291,100,false
0.05,0.85,100,0.0012,0.2691,0.008,0.1779,0.0945,0.0906,0.09,0.2687,100,false
0.05,0.85,1000,0.0273,0.0722,0,0.5891,0,0.0828,0.0047,0.2239,100,false
0.05,0.85,5000,0,0.2652,0,0.2357,0,0.2717,0,0.2274,100,false
0.05,0.85,10000,0,0.2362,0,0.2118,0,0.2567,0,0.2953,100,false
0.05,0.9,0,0.1283,0.1206,0.1268,0.1289,0.1239,0.124,0.1231,0.1244,100,false
0.05,0.9,1,0.1033,0.1238,0.1516,0.1318,0.1453,0.121,0.0969,0.1263,100,false
0.05,0.9,2,0.089,0.1307,0.1697,0.1316,0.1561,0.1168,0.0822,0.1239,100,false
0.05,0.9,3,0.0776,0.1504,0.1743,0.1343,0.1625,0.108,0.0683,0.1246,100,false
0.05,0.9,4,0.0712,0.168,0.1757,0.1388,0.1622,0.0989,0.0573,0.1279,100,false
0.05,0.9,5,0.0652,0.1854,0.1753,0.138,0.1643,0.0894,0.0498,0.1326,100,false
0.05,0.9,6,0.0594,0.2002,0.174,0.1355,0.1631,0.0851,0.0443,0.1384,100,false
0.05,0.9,7,0.0563,0.2166,0.1705,0.1331,0.161,0.0805,0.0394,0.1426,100,false
0.05,0.9,8,0.0534,0.2374,0.1638,0.129,0.1558,0.0768,0.0359,0.1479,100,false
0.05,0.9,9,0.0503,0.262,0.152,0.1233,0.154,0.0729,0.0321,0.1534,100,false
0.05,0.9,10,0.0477,0.2804,0.1409,0.1187,0.1522,0.0696,0.0311,0.1594,100,false
0.05,0.9,50,0.0068,0.3263,0.0144,0.1095,0.1214,0.0783,0.0543,0.289,100,false
0.05,0.9,100,0.001,0.3475,0.0115,0.1749,0.083,0.1028,0.0938,0.1855,100,false
0.05,0.9,1000,0.0072,0.1387,0,0.6056,0,0.085,0.0063,0.1572,100,false
0.05,0.9,5000,0,0.2576,0,0.3231,0,0.17,0,0.2493,100,false
0.05,0.9,10000,0,0.2235,0,0.2373,0,0.2501,0,0.2891,100,false
0.05,0.95,0,0.114,0.131,0.1201,0.1247,0.1262,0.127,0.1295,0.1275,100,false
0.05,0.95,1,0.0951,0.1344,0.142,0.1323,0.1426,0.124,0.1047,0.1249,100,false
0.05,0.95,2,0.0801,0.1456,0.1579,0.1359,0.1506,0.1198,0.0874,0.1227,100,false
0.05,0.95,3,0.0696,0.1654,0.1624,0.139,0.1562,0.1117,0.073,0.1227,100,false
0.05,0.95,4,0.0635,0.1819,0.1689,0.14,0.158,0.103,0.0614,0.1233,100,false
0.05,0.95,5,0.0598,0.2023,0.1696,0.1413,0.1553,0.095,0.0505,0.1262,100,false
0.05,0.95,6,0.0564,0.2214,0.1641,0.1421,0.1561,0.0869,0.0444,0.1286,100,false
0.05,0.95,7,0.0531,0.2495,0.154,0.141,0.1494,0.0809,0.0391,0.133,100,false
0.05,0.95,8,0.0516,0.2745,0.1395,0.1387,0.1464,0.0771,0.0348,0.1374,100,false
0.05,0.95,9,0.0499,0.292,0.1288,0.1375,0.144,0.0727,0.0313,0.1438,100,false
0.05,0.95,10,0.0498,0.3045,0.1202,0.1384,0.1377,0.07,0.0292,0.1502,100,false
0.05,0.95,50,0.0054,0.3097,0.0182,0.1191,0.0902,0.1114,0.0349,0.3111,100,false
0.05,0.95,100,0.0147,0.3189,0.0041,0.1809,0.067,0.0982,0.0831,0.2331,100,false
0.05,0.95,1000,0,0.2524,0,0.1748,0,0.3248,0.0003,0.2477,100,false
0.05,0.95,5000,0,0.2725,0,0.2343,0,0.2382,0,0.255,100,false
0.05,0.95,10000,0,0.2421,0,0.2946,0,0.2443,0,0.219,100,false
0.05,1,0,0.1183,0.1214,0.1238,0.1282,0.1264,0.1295,0.1283,0.1241,100,false
0.05,1,1,0.0963,0.1253,0.1545,0.128,0.1537,0.1258,0.0967,0.1197,100,false
0.05,1,2,0.077,0.1407,0.1675,0.1305,0.1715,0.1149,0.0766,0.1213,100,false
0.05,1,3,0.065,0.1573,0.1795,0.1337,0.1762,0.1029,0.0624,0.123,100,false
0.05,1,4,0.0578,0.1804,0.1836,0.1369,0.1709,0.094,0.0488,0.1276,100,false
0.05,1,5,0.0577,0.1982,0.1853,0.138,0.1623,0.0872,0.0408,0.1305,100,false
0.05,1,6,0.0536,0.2178,0.1843,0.1342,0.157,0.0815,0.0347,0.1369,100,false
0.05,1,7,0.0546,0.2407,0.1761,0.1307,0.1519,0.0737,0.0303,0.142,100,false
0.05,1,8,0.0563,0.2641,0.1642,0.1301,0.1406,0.0702,0.0277,0.1468,100,false
0.05,1,9,0.056,0.2845,0.1489,0.1257,0.1369,0.0683,0.0266,0.1531,100,false
0.05,1,10,0.0589,0.3026,0.1318,0.1212,0.1346,0.0665,0.0238,0.1606,100,false
0.05,1,50,0.0021,0.3065,0.018,0.1167,0.0939,0.0921,0.033,0.3377,100,false
0.05,1,100,0.0011,0.2837,0.0134,0.213,0.0981,0.0728,0.0845,0.2334,100,false
0.05,1,1000,0.0804,0.2971,0.1039,0.1686,0.0733,0.1188,0.0691,0.0888,100,false
0.05,1,5000,0.14,0.193,0.1274,0.0824,0.1356,0,0.0773,0.2443,100,false
0.05,1,10000,0.0808,0.2177,0.1892,0.099,0.2485,0,0.0884,0.0764,100,false
0.1,0,0,0.1273,0.1293,0.1341,0.1258,0.1205,0.1184,0.124,0.1206,100,false
0.1,0,1,0.1279,0.1348,0.1309,0.1232,0.117,0.1194,0.1267,0.1201,100,false
0.1,0,2,0.1298,0.1282,0.1296,0.1252,0.1158,0.1191,0.1265,0.1258,100,false
0.1,0,3,0.134,0.1243,0.1309,0.1238,0.1143,0.1209,0.1275,0.1243,100,false
0.1,0,4,0.1331,0.1253,0.1299,0.1223,0.1115,0.1196,0.1306,0.1277,100,false
0.1,0,5,0.13,0.1257,0.1303,0.1213,0.112,0.1198,0.1308,0.1301,100,false
0.1,0,6,0.1293,0.1231,0.1341,0.1158,0.1116,0.1232,0.1323,0.1306,100,false
0.1,0,7,0.1295,0.1208,0.1304,0.1156,0.1114,0.1271,0.1329,0.1323,100,false
0.1,0,8,0.1282,0.1205,0.1294,0.1133,0.112,0.1287,0.1343,0.1336,100,false
0.1,0,9,0.1293,0.1171,0.1292,0.1144,0.1122,0.1301,0.136,0.1317,100,false
0.1,0,10,0.1275,0.1201,0.1271,0.1108,0.1147,0.1333,0.139,0.1275,100,false
0.1,0,50,0.1247,0.1087,0.11,0.1199,0.1375,0.1189,0.1518,0.1285,100,false
0.1,0,100,0.1069,0.1054,0.14,0.121,0.141,0.1522,0.1094,0.1241,100,false
0.1,0,1000,0.0151,0.0417,0.1344,0.1133,0.1256,0.1783,0.1488,0.2428,100,false
0.1,0,5000,0.0931,0.2788,0.0626,0.1162,0.1205,0.1658,0.0874,0.0756,100,false
0.1,0,10000,0.0846,0.147,0.1443,0.0933,0.1038,0.1575,0.1354,0.1341,100,false
0.1,0.05,0,0.1291,0.1207,0.1187,0.1226,0.1246,0.1328,0.1281,0.1234,100,false
0.1,0.05,1,0.1319,0.1178,0.1199,0.1245,0.1272,0.1368,0.1206,0.1213,100,false
0.1,0.05,2,0.1257,0.1193,0.1239,0.1239,0.1314,0.1343,0.1159,0.1256,100,false
0.1,0.05,3,0.1268,0.1182,0.1266,0.1239,0.1362,0.1305,0.1128,0.125,100,false
0.1,0.05,4,0.1249,0.1199,0.1286,0.1282,0.1358,0.1248,0.1112,0.1266,100,false
0.1,0.05,5,0.1174,0.1224,0.1306,0.1296,0.1364,0.121,0.1102,0.1324,100,false
0.1,0.05,6,0.1155,0.1237,0.136,0.13,0.1331,0.1207,0.1086,0.1324,100,false
0.1,0.05,7,0.1155,0.1251,0.1392,0.1305,0.1313,0.1188,0.1071,0.1325,100,false
0.1,0.05,8,0.1132,0.1261,0.145,0.1298,0.1311,0.1151,0.1073,0.1324,100,false
0.1,0.05,9,0.1125,0.1275,0.1478,0.1285,0.1276,0.1154,0.1069,0.1338,100,false
0.1,0.05,10,0.112,0.1306,0.149,0.1235,0.1295,0.1135,0.1068,0.1351,100,false
0.1,0.05,50,0.0771,0.1359,0.1162,0.1435,0.132,0.115,0.1303,0.15,100,false
0.1,0.05,100,0.0993,0.1418,0.1019,0.1525,0.166,0.1114,0.1405,0.0866,100,false
0.1,0.05,1000,0.1034,0.1474,0.1432,0.0725,0.1251,0.1687,0.1198,0.1199,100,false
0.1,0.05,5000,0.1183,0.0951,0.0683,0.1018,0.1375,0.1776,0.1531,0.1483,100,false
0.1,0.05,10000,0.0681,0.2205,0.1037,0.103,0.1264,0.1244,0.0999,0.154,100,false
0.1,0.1,0,0.1277,0.1297,0.1226,0.1217,0.1235,0.1235,0.1232,0.1281,100,false
0.1,0.1,1,0.1245,0.1279,0.1238,0.1237,0.1286,0.1217,0.1202,0.1296,100,false
0.1,0.1,2,0.1237,0.128,0.1247,0.1278,0.1273,0.1241,0.1168,0.1276,100,false
0.1,0.1,3,0.1218,0.1292,0.1257,0.1273,0.134,0.1193,0.1184,0.1243,100,false
0.1,0.1,4,0.1205,0.1306,0.1298,0.1275,0.1352,0.1149,0.1144,0.1271,100,false
0.1,0.1,5,0.1184,0.1319,0.1356,0.1242,0.1392,0.116,0.1092,0.1255,100,false
0.1,0.1,6,0.1175,0.1351,0.1358,0.1253,0.1394,0.1109,0.1096,0.1264,100,false
0.1,0.1,7,0.1145,0.1394,0.1376,0.1229,0.141,0.1084,0.1082,0.128,100,false
0.1,0.1,8,0.1124,0.1452,0.1367,0.1224,0.1383,0.1072,0.1056,0.1322,100,false
0.1,0.1,9,0.1073,0.1499,0.1365,0.1227,0.137,0.1072,0.104,0.1354,100,false
0.1,0.1,10,0.1089,0.1527,0.1368,0.1216,0.1344,0.1055,0.1031,0.137,100,false
0.1,0.1,50,0.0849,0.1504,0.1172,0.1439,0.1291,0.1057,0.1203,0.1485,100,false
0.1,0.1,100,0.088,0.137,0.081,0.1599,0.113,0.1587,0.1013,0.1611,100,false
0.1,0.1,1000,0.0747,0.0329,0.0411,0.188,0.1234,0.1083,0.2272,0.2044,100,false
0.1,0.1,5000,0.1327,0.2174,0.0908,0.0851,0.0266,0.1963,0.1386,0.1125,100,false
0.1,0.1,10000,0,0,0.9979,0,0,0.0005,0,0.0016,100,true
0.1,0.1,20000,0,0,0.9979,0,0,0.0005,0,0.0016,100,true
0.1,0.1,30000,0,0,0.9979,0,0,0.0005,0,0.0016,100,true
0.1,0.1,40000,0,0,0.9979,0,0,0.0005,0,0.0016,100,true
0.1,0.1,50000,0,0,0.9979,0,0,0.0005,0,0.0016,100,true
0.1,0.1,60000,0,0,0.9979,0,0,0.0005,0,0.0016,100,true
0.1,0.1,70000,0,0,0.9979,0,0,0.0005,0,0.0016,100,true
0.1,0.1,80000,0,0,0.9979,0,0,0.0005,0,0.0016,100,true
0.1,0.1,90000,0,0,0.9979,0,0,0.0005,0,0.0016,100,true
0.1,0.1,100000,0,0,0.9979,0,0,0.0005,0,0.0016,100,true
0.1,0.15,0,0.127,0.1281,0.1267,0.1223,0.1188,0.1237,0.1249,0.1285,100,false
0.1,0.15,1,0.1213,0.1295,0.1296,0.122,0.1185,0.1224,0.1263,0.1304,100,false
0.1,0.15,2,0.1193,0.1324,0.1284,0.12,0.1237,0.1247,0.1226,0.1289,100,false
0.1,0.15,3,0.1167,0.133,0.1316,0.118,0.1277,0.128,0.1157,0.1293,100,false
0.1,0.15,4,0.1143,0.1365,0.1312,0.1214,0.1287,0.1271,0.1118,0.129,100,false
0.1,0.15,5,0.1121,0.1368,0.1306,0.1237,0.1361,0.1255,0.1062,0.129,100,false
0.1,0.15,6,0.1119,0.1381,0.133,0.1254,0.1391,0.1233,0.1003,0.1289,100,false
0.1,0.15,7,0.1079,0.145,0.1314,0.1286,0.1364,0.1238,0.0974,0.1295,100,false
0.1,0.15,8,0.1076,0.1484,0.1297,0.132,0.1367,0.1197,0.0965,0.1294,100,false
0.1,0.15,9,0.1079,0.1518,0.1299,0.1332,0.1365,0.1165,0.0924,0.1318,100,false
0.1,0.15,10,0.102,0.1589,0.1309,0.1326,0.136,0.1135,0.0906,0.1355,100,false
0.1,0.15,50,0.079,0.205,0.0817,0.1721,0.106,0.1272,0.1087,0.1203,100,false
0.1,0.15,100,0.1236,0.1755,0.1145,0.2552,0.072,0.1075,0.0493,0.1024,100,false
0.1,0.15,1000,0.0837,0.316,0.1633,0.1873,0.0742,0.0396,0.0974,0.0385,100,false
0.1,0.15,5000,0.1133,0.1221,0.0933,0.1455,0.1694,0.0964,0.1053,0.1547,100,false
0.1,0.15,10000,0.1516,0.118,0.1228,0.1603,0.1232,0.1211,0.1023,0.1007,100,false
0.1,0.2,0,0.1255,0.1238,0.1294,0.1224,0.1269,0.1246,0.1266,0.1208,100,false
0.1,0.2,1,0.1215,0.1235,0.1401,0.1209,0.1269,0.1277,0.1189,0.1205,100,false
0.1,0.2,2,0.1168,0.1297,0.144,0.1189,0.1311,0.1257,0.1082,0.1256,100,false
0.1,0.2,3,0.1151,0.1376,0.1426,0.1181,0.1341,0.121,0.1071,0.1244,100,false
0.1,0.2,4,0.115,0.1417,0.1421,0.1171,0.1389,0.12,0.1035,0.1217,100,false
0.1,0.2,5,0.1143,0.1481,0.1395,0.1176,0.1424,0.1185,0.0983,0.1213,100,false
0.1,0.2,6,0.1121,0.1514,0.1392,0.1212,0.1414,0.1184,0.0919,0.1244,100,false
0.1,0.2,7,0.1132,0.1565,0.1388,0.122,0.1398,0.1176,0.0878,0.1243,100,false
0.1,0.2,8,0.1115,0.1601,0.1398,0.122,0.1405,0.1139,0.0845,0.1277,100,false
0.1,0.2,9,0.1118,0.1631,0.1376,0.1223,0.1406,0.1108,0.085,0.1288,100,false
0.1,0.2,10,0.1087,0.1661,0.1406,0.1214,0.1375,0.1092,0.0843,0.1322,100,false
0.1,0.2,50,0.0648,0.2153,0.1216,0.0938,0.1164,0.1079,0.0996,0.1806,100,false
0.1,0.2,100,0.0975,0.2459,0.0527,0.1376,0.1094,0.0993,0.1174,0.1402,100,false
0.1,0.2,1000,0.0963,0.2549,0.1228,0.1195,0.0761,0.1437,0.0955,0.0912,100,false
0.1,0.2,5000,0.1549,0.1881,0.0708,0.1073,0.0887,0.1464,0.1138,0.13,100,false
0.1,0.2,10000,0.1198,0.1591,0.216,0.0968,0.1065,0.0639,0.1518,0.0861,100,false
0.1,0.25,0,0.1249,0.1245,0.1237,0.125,0.1297,0.1197,0.1241,0.1284,100,false
0.1,0.25,1,0.1181,0.1268,0.1305,0.1238,0.1386,0.1149,0.124,0.1233,100,false
0.1,0.25,2,0.1135,0.1293,0.1393,0.1237,0.1439,0.115,0.1152,0.1201,100,false
0.1,0.25,3,0.1092,0.1331,0.1469,0.1258,0.1436,0.1131,0.1067,0.1216,100,false
0.1,0.25,4,0.1043,0.1424,0.1468,0.1269,0.1455,0.1069,0.1025,0.1247,100,false
0.1,0.25,5,0.0964,0.153,0.1497,0.126,0.1469,0.1032,0.0981,0.1267,100,false
0.1,0.25,6,0.0937,0.1615,0.1483,0.1295,0.1447,0.0982,0.0945,0.1296,100,false
0.1,0.25,7,0.0969,0.1693,0.1448,0.1301,0.142,0.0972,0.0874,0.1323,100,false
0.1,0.25,8,0.098,0.1768,0.1413,0.1296,0.1401,0.0941,0.0863,0.1338,100,false
0.1,0.25,9,0.096,0.1832,0.1394,0.1299,0.1368,0.0913,0.0856,0.1378,100,false
0.1,0.25,10,0.0963,0.1876,0.1366,0.1284,0.134,0.0926,0.0809,0.1436,100,false
0.1,0.25,50,0.0698,0.2276,0.0789,0.1456,0.1359,0.0696,0.1165,0.1561,100,false
0.1,0.25,100,0.1152,0.1904,0.0465,0.2173,0.0987,0.1463,0.1169,0.0687,100,false
0.1,0.25,1000,0.0991,0.1001,0.0714,0.111,0.0854,0.1495,0.1887,0.1948,100,false
0.1,0.25,5000,0.0915,0.1049,0.1374,0.0981,0.1373,0.1395,0.1293,0.162,100,false
0.1,0.25,10000,0.0745,0.1655,0.1156,0.1673,0.0964,0.1708,0.1191,0.0908,100,false
0.1,0.3,0,0.129,0.1216,0.1206,0.1283,0.1189,0.1258,0.1284,0.1274,100,false
0.1,0.3,1,0.1161,0.1266,0.1298,0.125,0.1305,0.1259,0.1168,0.1293,100,false
0.1,0.3,2,0.1103,0.1301,0.1339,0.1279,0.1334,0.1249,0.11,0.1295,100,false
0.1,0.3,3,0.0996,0.1358,0.1388,0.131,0.1418,0.1157,0.1051,0.1322,100,false
0.1,0.3,4,0.098,0.1379,0.1446,0.1343,0.1414,0.1139,0.0995,0.1304,100,false
0.1,0.3,5,0.0905,0.1415,0.1514,0.1365,0.1417,0.111,0.0963,0.1311,100,false
0.1,0.3,6,0.0868,0.1461,0.1575,0.1395,0.1388,0.1104,0.0919,0.129,100,false
0.1,0.3,7,0.0882,0.153,0.1581,0.1409,0.1358,0.1071,0.0888,0.1281,100,false
0.1,0.3,8,0.0901,0.1534,0.1662,0.1408,0.1323,0.1045,0.0828,0.1299,100,false
0.1,0.3,9,0.0905,0.1595,0.1676,0.1392,0.1299,0.1056,0.0758,0.1319,100,false
0.1,0.3,10,0.0901,0.1706,0.1709,0.1313,0.1285,0.1028,0.0703,0.1355,100,false
0.1,0.3,50,0.043,0.1735,0.0963,0.1821,0.109,0.1173,0.0944,0.1844,100,false
0.1,0.3,100,0.0559,0.2621,0.0832,0.1908,0.0952,0.1196,0.0507,0.1425,100,false
0.1,0.3,1000,0,0.3596,0,0.1963,0,0.3669,0.0017,0.0755,100,false
0.1,0.3,5000,0,0.2644,0,0.2259,0,0.2286,0,0.2811,100,false
0.1,0.3,10000,0,0.2455,0,0.2016,0,0.3168,0,0.2361,100,false
0.1,0.35,0,0.1239,0.1282,0.1252,0.1216,0.1226,0.1259,0.1314,0.1212,100,false
0.1,0.35,1,0.1154,0.1298,0.1343,0.1216,0.1336,0.1239,0.1177,0.1237,100,false
0.1,0.35,2,0.1146,0.1291,0.1403,0.1231,0.1398,0.1211,0.1084,0.1236,100,false
0.1,0.35,3,0.104,0.1355,0.1494,0.1237,0.1464,0.1154,0.1005,0.1251,100,false
0.1,0.35,4,0.0996,0.1427,0.154,0.1239,0.1473,0.1141,0.0942,0.1242,100,false
0.1,0.35,5,0.0962,0.1453,0.1587,0.1247,0.1497,0.1093,0.0896,0.1265,100,false
0.1,0.35,6,0.0933,0.1473,0.1673,0.1236,0.1509,0.1033,0.0864,0.1279,100,false
0.1,0.35,7,0.0898,0.1548,0.1719,0.1264,0.1464,0.0992,0.0825,0.129,100,false
0.1,0.35,8,0.0897,0.1631,0.1783,0.1233,0.1393,0.0975,0.0763,0.1325,100,false
0.1,0.35,9,0.0893,0.1734,0.1781,0.121,0.1368,0.096,0.0703,0.1351,100,false
0.1,0.35,10,0.0865,0.1883,0.1689,0.1222,0.1342,0.0943,0.0701,0.1355,100,false
0.1,0.35,50,0.0284,0.2206,0.0654,0.1485,0.127,0.1109,0.0979,0.2013,100,false
0.1,0.35,100,0.0431,0.2053,0.0183,0.1967,0.0887,0.1308,0.118,0.1991,100,false
0.1,0.35,1000,0.2461,0.1355,0.0507,0.2061,0.0821,0.0472,0.0468,0.1855,100,false
0.1,0.35,5000,0,0.0013,0,0,0,0.9976,0,0.0011,100,true
0.1,0.35,10000,0,0.0013,0,0,0,0.9976,0,0.0011,100,true
0.1,0.35,20000,0,0.0013,0,0,0,0.9976,0,0.0011,100,true
0.1,0.35,30000,0,0.0013,0,0,0,0.9976,0,0.0011,100,true
0.1,0.35,40000,0,0.0013,0,0,0,0.9976,0,0.0011,100,true
0.1,0.35,50000,0,0.0013,0,0,0,0.9976,0,0.0011,100,true
0.1,0.35,60000,0,0.0013,0,0,0,0.9976,0,0.0011,100,true
0.1,0.35,70000,0,0.0013,0,0,0,0.9976,0,0.0011,100,true
0.1,0.35,80000,0,0.0013,0,0,0,0.9976,0,0.0011,100,true
0.1,0.35,90000,0,0.0013,0,0,0,0.9976,0,0.0011,100,true
0.1,0.35,100000,0,0.0013,0,0,0,0.9976,0,0.0011,100,true
0.1,0.4,0,0.1256,0.1213,0.1261,0.1285,0.1245,0.122,0.124,0.128,100,false
0.1,0.4,1,0.1124,0.1245,0.14,0.1235,0.1362,0.1208,0.1109,0.1317,100,false
0.1,0.4,2,0.1019,0.1302,0.1512,0.1202,0.1423,0.1197,0.1024,0.1321,100,false
0.1,0.4,3,0.0948,0.1395,0.1612,0.1181,0.1464,0.1131,0.0958,0.1311,100,false
0.1,0.4,4,0.0907,0.1512,0.1654,0.1183,0.1492,0.1069,0.0868,0.1315,100,false
0.1,0.4,5,0.0874,0.166,0.1678,0.1148,0.1503,0.1002,0.0815,0.132,100,false
0.1,0.4,6,0.0862,0.1802,0.1653,0.1146,0.1485,0.0956,0.0764,0.1332,100,false
0.1,0.4,7,0.0865,0.1911,0.162,0.1142,0.1474,0.0917,0.071,0.1361,100,false
0.1,0.4,8,0.0843,0.2076,0.1541,0.1137,0.1474,0.0879,0.0624,0.1426,100,false
0.1,0.4,9,0.0863,0.2187,0.147,0.1147,0.1426,0.0839,0.0594,0.1474,100,false
0.1,0.4,10,0.0907,0.2222,0.1422,0.1113,0.1437,0.0807,0.0572,0.152,100,false
0.1,0.4,50,0.0288,0.2917,0.0482,0.1701,0.1055,0.0741,0.1185,0.1631,100,false
0.1,0.4,100,0.0901,0.2005,0.0211,0.23,0.0595,0.1591,0.1224,0.1173,100,false
0.1,0.4,1000,0.1261,0.5382,0.1425,0.0579,0.0143,0.0021,0.0263,0.0926,100,false
0.1,0.4,5000,0.1184,0.0795,0.1326,0.2545,0.1104,0.1075,0.1021,0.095,100,false
0.1,0.4,10000,0.0885,0.0946,0.1057,0.3656,0.0977,0.0438,0.0575,0.1466,100,false
0.1,0.45,0,0.1252,0.1266,0.1197,0.1295,0.1235,0.1253,0.1284,0.1218,100,false
0.1,0.45,1,0.1221,0.1229,0.131,0.1326,0.1329,0.1269,0.1157,0.1159,100,false
0.1,0.45,2,0.1113,0.1241,0.1432,0.1372,0.1398,0.1241,0.1046,0.1157,100,false
0.1,0.45,3,0.1042,0.1294,0.1519,0.1422,0.1425,0.1214,0.0913,0.1171,100,false
0.1,0.45,4,0.0946,0.1359,0.162,0.1412,0.1463,0.1171,0.0813,0.1216,100,false
0.1,0.45,5,0.0938,0.142,0.1687,0.1403,0.1489,0.1111,0.0741,0.1211,100,false
0.1,0.45,6,0.092,0.1566,0.1734,0.1363,0.1502,0.1028,0.0658,0.1229,100,false
0.1,0.45,7,0.0908,0.1698,0.1725,0.1331,0.1479,0.1002,0.058,0.1277,100,false
0.1,0.45,8,0.0905,0.1799,0.1715,0.1308,0.1466,0.0959,0.0538,0.131,100,false
0.1,0.45,9,0.0939,0.1893,0.1709,0.1283,0.141,0.0935,0.0523,0.1308,100,false
0.1,0.45,10,0.0981,0.2006,0.1632,0.124,0.1383,0.0909,0.0484,0.1365,100,false
0.1,0.45,50,0.012,0.2631,0.0371,0.1373,0.1035,0.106,0.0819,0.2591,100,false
0.1,0.45,100,0.0432,0.278,0.021,0.2698,0.044,0.1061,0.1457,0.0922,100,false
0.1,0.45,1000,0,0.7605,0,0.0353,0.0109,0.0562,0.056,0.0811,100,false
0.1,0.45,5000,0,0.2487,0,0.2601,0,0.2916,0,0.1996,100,false
0.1,0.45,10000,0,0.2303,0,0.2609,0,0.3119,0,0.1969,100,false
0.1,0.5,0,0.1247,0.1263,0.1239,0.124,0.1217,0.1314,0.1229,0.1251,100,false
0.1,0.5,1,0.1063,0.1337,0.1331,0.1219,0.1362,0.1319,0.1098,0.1271,100,false
0.1,0.5,2,0.0974,0.1357,0.1438,0.1244,0.1478,0.1305,0.0943,0.1261,100,false
0.1,0.5,3,0.0871,0.146,0.1514,0.1259,0.1561,0.1237,0.0826,0.1272,100,false
0.1,0.5,4,0.0784,0.1613,0.1509,0.1297,0.163,0.1166,0.0745,0.1256,100,false
0.1,0.5,5,0.0771,0.1745,0.1525,0.1286,0.161,0.1091,0.0723,0.1249,100,false
0.1,0.5,6,0.0741,0.1862,0.1535,0.1299,0.158,0.1041,0.0665,0.1277,100,false
0.1,0.5,7,0.072,0.2002,0.1494,0.1321,0.1564,0.0992,0.0593,0.1314,100,false
0.1,0.5,8,0.0736,0.2124,0.1469,0.1289,0.1538,0.0943,0.056,0.1341,100,false
0.1,0.5,9,0.0714,0.2244,0.1431,0.1278,0.152,0.0904,0.0515,0.1394,100,false
0.1,0.5,10,0.0695,0.2345,0.139,0.1295,0.1468,0.0866,0.0477,0.1464,100,false
0.1,0.5,50,0.0451,0.2375,0.0392,0.1098,0.1412,0.103,0.1132,0.211,100,false
0.1,0.5,100,0.0449,0.2995,0.0368,0.1491,0.061,0.1209,0.1234,0.1644,100,false
0.1,0.5,1000,0.1221,0.2193,0.1917,0.1896,0.1069,0.0677,0.0332,0.0695,100,false
0.1,0.5,5000,0,0.4434,0,0,0.1387,0.0016,0.4152,0.0011,100,true
0.1,0.5,10000,0,0.4434,0,0,0.1387,0.0016,0.4152,0.0011,100,true
0.1,0.5,20000,0,0.4434,0,0,0.1387,0.0016,0.4152,0.0011,100,true
0.1,0.5,30000,0,0.4434,0,0,0.1387,0.0016,0.4152,0.0011,100,true
0.1,0.5,40000,0,0.4434,0,0,0.1387,0.0016,0.4152,0.0011,100,true
0.1,0.5,50000,0,0.4434,0,0,0.1387,0.0016,0.4152,0.0011,100,true
0.1,0.5,60000,0,0.4434,0,0,0.1387,0.0016,0.4152,0.0011,100,true
0.1,0.5,70000,0,0.4434,0,0,0.1387,0.0016,0.4152,0.0011,100,true
0.1,0.5,80000,0,0.4434,0,0,0.1387,0.0016,0.4152,0.0011,100,true
0.1,0.5,90000,0,0.4434,0,0,0.1387,0.0016,0.4152,0.0011,100,true
0.1,0.5,100000,0,0.4434,0,0,0.1387,0.0016,0.4152,0.0011,100,true
0.1,0.55,0,0.1262,0.1206,0.1273,0.1248,0.1243,0.1239,0.1267,0.1262,100,false
0.1,0.55,1,0.1105,0.1265,0.142,0.1267,0.135,0.1232,0.107,0.1291,100,false
0.1,0.55,2,0.1015,0.1315,0.1588,0.1223,0.1457,0.1203,0.0878,0.1321,100,false
0.1,0.55,3,0.093,0.1395,0.1657,0.1248,0.1511,0.1096,0.0802,0.1361,100,false
0.1,0.55,4,0.0848,0.155,0.1709,0.1189,0.1577,0.1026,0.0707,0.1394,100,false
0.1,0.55,5,0.0804,0.1669,0.1718,0.1187,0.1592,0.0955,0.0638,0.1437,100,false
0.1,0.55,6,0.0812,0.1782,0.171,0.1172,0.1578,0.0909,0.0596,0.1441,100,false
0.1,0.55,7,0.0789,0.1909,0.167,0.114,0.1585,0.0854,0.0555,0.1498,100,false
0.1,0.55,8,0.0799,0.1999,0.1619,0.1116,0.1582,0.0816,0.0506,0.1563,100,false
0.1,0.55,9,0.076,0.2131,0.1544,0.1087,0.1606,0.0768,0.0485,0.1619,100,false
0.1,0.55,10,0.0757,0.2243,0.147,0.1102,0.1551,0.0744,0.0462,0.1671,100,false
0.1,0.55,50,0.0118,0.2903,0.0233,0.146,0.1425,0.0732,0.1365,0.1764,100,false
0.1,0.55,100,0.0731,0.3905,0.0163,0.137,0.0336,0.0754,0.1916,0.0825,100,false
0.1,0.55,1000,0.07,0.1791,0.0759,0.2354,0.2288,0.0629,0.0859,0.062,100,false
0.1,0.55,5000,0.0737,0.1285,0.207,0.1553,0.1471,0.086,0.1153,0.0871,100,false
0.1,0.55,10000,0.1852,0.0614,0.1123,0.0274,0.1642,0,0.394,0.0555,100,false
0.1,0.6,0,0.1285,0.1255,0.1243,0.1233,0.1261,0.1242,0.1268,0.1213,100,false
0.1,0.6,1,0.117,0.1255,0.1378,0.127,0.1423,0.1207,0.1124,0.1173,100,false
0.1,0.6,2,0.107,0.1301,0.1543,0.1244,0.1557,0.1135,0.0993,0.1157,100,false
0.1,0.6,3,0.0949,0.1376,0.1713,0.1221,0.1608,0.1078,0.0879,0.1176,100,false
0.1,0.6,4,0.091,0.1472,0.1793,0.1211,0.1639,0.0985,0.0783,0.1207,100,false
0.1,0.6,5,0.0904,0.1589,0.184,0.1161,0.1634,0.0948,0.0724,0.12,100,false
0.1,0.6,6,0.0865,0.1738,0.1873,0.1107,0.1673,0.0912,0.061,0.1222,100,false
0.1,0.6,7,0.0829,0.1902,0.1832,0.109,0.168,0.0863,0.0551,0.1253,100,false
0.1,0.6,8,0.0831,0.2029,0.1828,0.1064,0.1664,0.08,0.0481,0.1303,100,false
0.1,0.6,9,0.0812,0.2235,0.1716,0.1025,0.1659,0.0785,0.0434,0.1334,100,false
0.1,0.6,10,0.0839,0.2284,0.1647,0.0981,0.1648,0.0774,0.0424,0.1403,100,false
0.1,0.6,50,0.0175,0.2331,0.0451,0.1219,0.1502,0.0832,0.0839,0.2651,100,false
0.1,0.6,100,0.0509,0.3756,0.0091,0.1844,0.0567,0.0614,0.1613,0.1006,100,false
0.1,0.6,1000,0.1518,0.1819,0.0844,0.1126,0.2117,0.0159,0.0499,0.1918,100,false
0.1,0.6,5000,0.1227,0.0997,0.1897,0.0677,0.2491,0,0.1521,0.119,100,false
0.1,0.6,10000,0.1416,0.1565,0.2022,0.0553,0.2183,0,0.1541,0.072,100,false
0.1,0.65,0,0.1201,0.1267,0.1298,0.1243,0.1232,0.125,0.1213,0.1296,100,false
0.1,0.65,1,0.1055,0.1288,0.1468,0.123,0.1383,0.1201,0.1046,0.1329,100,false
0.1,0.65,2,0.0895,0.1368,0.1581,0.1252,0.1487,0.1144,0.0902,0.1371,100,false
0.1,0.65,3,0.0814,0.15,0.1625,0.1306,0.1515,0.1095,0.075,0.1395,100,false
0.1,0.65,4,0.0757,0.1645,0.1624,0.1326,0.1539,0.1027,0.0686,0.1396,100,false
0.1,0.65,5,0.0689,0.1818,0.1628,0.1343,0.1517,0.0971,0.0616,0.1418,100,false
0.1,0.65,6,0.0635,0.1958,0.1633,0.1273,0.1549,0.0912,0.0573,0.1467,100,false
0.1,0.65,7,0.057,0.2105,0.1676,0.1206,0.155,0.0855,0.0511,0.1527,100,false
0.1,0.65,8,0.0483,0.2287,0.1627,0.1187,0.1531,0.081,0.0463,0.1612,100,false
0.1,0.65,9,0.0469,0.2461,0.1561,0.1149,0.1509,0.0775,0.0418,0.1658,100,false
0.1,0.65,10,0.0439,0.2643,0.1444,0.1101,0.1516,0.0751,0.0382,0.1724,100,false
0.1,0.65,50,0.0071,0.2683,0.0332,0.1007,0.1501,0.0798,0.0774,0.2834,100,false
0.1,0.65,100,0.0255,0.36,0.0035,0.198,0.0547,0.0717,0.131,0.1556,100,false
0.1,0.65,1000,0,0.5102,0,0.2916,0.0262,0.0694,0.0157,0.0869,100,false
0.1,0.65,5000,0,0.2955,0,0.1703,0,0.2624,0,0.2718,100,false
0.1,0.65,10000,0,0.3096,0,0.2505,0,0.2253,0,0.2146,100,false
0.1,0.7,0,0.1281,0.1238,0.1259,0.1278,0.1253,0.1246,0.1241,0.1204,100,false
0.1,0.7,1,0.1091,0.1269,0.1445,0.126,0.1483,0.1193,0.1049,0.121,100,false
0.1,0.7,2,0.0935,0.1341,0.1606,0.1266,0.1627,0.1119,0.0901,0.1205,100,false
0.1,0.7,3,0.0807,0.1464,0.1645,0.1287,0.1751,0.1032,0.0774,0.124,100,false
0.1,0.7,4,0.0739,0.1558,0.1714,0.1339,0.1752,0.0939,0.0662,0.1297,100,false
0.1,0.7,5,0.0701,0.1727,0.1765,0.1354,0.1699,0.0867,0.0576,0.1311,100,false
0.1,0.7,6,0.0631,0.1961,0.171,0.1358,0.1643,0.0814,0.0512,0.1371,100,false
0.1,0.7,7,0.0644,0.215,0.1624,0.1377,0.1568,0.0756,0.0462,0.1419,100,false
0.1,0.7,8,0.0628,0.2407,0.1489,0.1365,0.1499,0.0709,0.0451,0.1452,100,false
0.1,0.7,9,0.0647,0.2559,0.141,0.1319,0.1453,0.0673,0.0422,0.1517,100,false
0.1,0.7,10,0.0639,0.2748,0.1337,0.1268,0.1391,0.0646,0.0404,0.1567,100,false
0.1,0.7,50,0.0114,0.2491,0.0217,0.1466,0.1043,0.0851,0.1055,0.2763,100,false
0.1,0.7,100,0.0356,0.4228,0.0201,0.178,0.0601,0.0762,0.0908,0.1164,100,false
0.1,0.7,1000,0.1253,0.1291,0.234,0.091,0.2131,0.0688,0.0589,0.0798,100,false
0.1,0.7,5000,0.2042,0.1571,0.244,0.1668,0.1322,0,0.0342,0.0615,100,false
0.1,0.7,10000,0.214,0.1538,0.1878,0.1209,0.1856,0,0.0795,0.0584,100,false
0.1,0.75,0,0.1219,0.1284,0.1295,0.12,0.1277,0.1238,0.1196,0.1291,100,false
0.1,0.75,1,0.103,0.1286,0.151,0.1219,0.1447,0.1177,0.0994,0.1337,100,false
0.1,0.75,2,0.0872,0.1392,0.1655,0.117,0.158,0.1112,0.085,0.1369,100,false
0.1,0.75,3,0.0743,0.1532,0.1747,0.1185,0.1668,0.0998,0.0739,0.1388,100,false
0.1,0.75,4,0.0652,0.1698,0.1791,0.12,0.1666,0.0938,0.0647,0.1408,100,false
0.1,0.75,5,0.0603,0.1842,0.1822,0.1204,0.1634,0.0874,0.0594,0.1427,100,false
0.1,0.75,6,0.0569,0.2056,0.1813,0.1184,0.1598,0.0806,0.0529,0.1445,100,false
0.1,0.75,7,0.0561,0.2264,0.1737,0.1158,0.1568,0.0778,0.0485,0.1449,100,false
0.1,0.75,8,0.0537,0.2464,0.165,0.1139,0.1527,0.0757,0.042,0.1506,100,false
0.1,0.75,9,0.0498,0.2675,0.1503,0.1106,0.1541,0.0721,0.0382,0.1574,100,false
0.1,0.75,10,0.0472,0.2843,0.1365,0.1103,0.1525,0.0698,0.0364,0.163,100,false
0.1,0.75,50,0.0128,0.2304,0.0211,0.113,0.1808,0.0718,0.0792,0.2909,100,false
0.1,0.75,100,0.0166,0.3974,0.0134,0.2316,0.0379,0.0664,0.1504,0.0863,100,false
0.1,0.75,1000,0.2761,0.1345,0.0468,0.0541,0.1985,0.0151,0.0808,0.1941,100,false
0.1,0.75,5000,0.1078,0.1779,0.142,0.0758,0.196,0,0.1954,0.1051,100,false
0.1,0.75,10000,0.1294,0.1347,0.2037,0.1126,0.2838,0,0.1068,0.029,100,false
0.1,0.8,0,0.1204,0.1288,0.1245,0.122,0.122,0.1252,0.1287,0.1284,100,false
0.1,0.8,1,0.1007,0.135,0.1383,0.1218,0.1453,0.1265,0.1081,0.1243,100,false
0.1,0.8,2,0.088,0.1439,0.1561,0.1209,0.1606,0.1186,0.0885,0.1234,100,false
0.1,0.8,3,0.0771,0.1604,0.1637,0.124,0.1698,0.109,0.0726,0.1234,100,false
0.1,0.8,4,0.0705,0.176,0.1645,0.128,0.1726,0.0982,0.0639,0.1263,100,false
0.1,0.8,5,0.0657,0.1958,0.1594,0.1281,0.1737,0.0889,0.0568,0.1316,100,false
0.1,0.8,6,0.0644,0.2111,0.1561,0.1299,0.1654,0.0857,0.0494,0.138,100,false
0.1,0.8,7,0.0635,0.2269,0.1542,0.1283,0.1618,0.08,0.0441,0.1412,100,false
0.1,0.8,8,0.0586,0.2385,0.1512,0.1258,0.1587,0.0747,0.0413,0.1512,100,false
0.1,0.8,9,0.0523,0.2534,0.1462,0.1207,0.1586,0.0696,0.039,0.1602,100,false
0.1,0.8,10,0.0483,0.27,0.1375,0.1185,0.1525,0.0672,0.038,0.168,100,false
0.1,0.8,50,0.0057,0.2782,0.0263,0.1117,0.1423,0.0701,0.0854,0.2803,100,false
0.1,0.8,100,0.0312,0.367,0.0118,0.1754,0.0773,0.0524,0.1188,0.1661,100,false
0.1,0.8,1000,0.1315,0.2433,0.1424,0.1043,0.089,0.0658,0.0633,0.1604,100,false
0.1,0.8,5000,0.1454,0.2672,0.1138,0.0645,0.0655,0.0112,0.1119,0.2205,100,false
0.1,0.8,10000,0.1224,0.2184,0.1086,0.0727,0.2227,0,0.1433,0.1119,100,false
0.1,0.85,0,0.1238,0.1287,0.1245,0.1233,0.1299,0.1213,0.1266,0.1219,100,false
0.1,0.85,1,0.102,0.1323,0.1488,0.1196,0.1536,0.121,0.1023,0.1204,100,false
0.1,0.85,2,0.0892,0.1418,0.1637,0.1194,0.166,0.1142,0.0841,0.1216,100,false
0.1,0.85,3,0.0817,0.156,0.1717,0.117,0.1728,0.1081,0.0671,0.1256,100,false
0.1,0.85,4,0.0721,0.1749,0.1715,0.1187,0.1764,0.1005,0.0592,0.1267,100,false
0.1,0.85,5,0.0655,0.198,0.1627,0.1237,0.1754,0.0918,0.052,0.1309,100,false
0.1,0.85,6,0.0626,0.217,0.1617,0.1255,0.1684,0.0889,0.0434,0.1325,100,false
0.1,0.85,7,0.0593,0.2364,0.1557,0.1233,0.1678,0.0835,0.0397,0.1343,100,false
0.1,0.85,8,0.0577,0.2533,0.1493,0.1194,0.1677,0.0787,0.0351,0.1388,100,false
0.1,0.85,9,0.0557,0.2664,0.1408,0.117,0.1681,0.0748,0.0307,0.1465,100,false
0.1,0.85,10,0.0549,0.2835,0.1285,0.1142,0.1679,0.0687,0.0286,0.1537,100,false
0.1,0.85,50,0.0152,0.224,0.0251,0.1409,0.1109,0.0766,0.0972,0.3101,100,false
0.1,0.85,100,0.0171,0.4594,0.0128,0.152,0.0538,0.0605,0.1307,0.1137,100,false
0.1,0.85,1000,0.1239,0.1208,0.1202,0.197,0.0657,0.0225,0.041,0.3089,100,false
0.1,0.85,5000,0.1004,0.1277,0.1314,0.0543,0.1957,0,0.2482,0.1423,100,false
0.1,0.85,10000,0.118,0.2265,0.0977,0.1083,0.2479,0,0.1281,0.0735,100,false
0.1,0.9,0,0.1214,0.1198,0.1236,0.1268,0.129,0.1285,0.1217,0.1292,100,false
0.1,0.9,1,0.097,0.1275,0.1504,0.1276,0.1486,0.1212,0.1006,0.1271,100,false
0.1,0.9,2,0.0781,0.1384,0.1728,0.1264,0.1621,0.1118,0.0814,0.129,100,false
0.1,0.9,3,0.07,0.1556,0.1806,0.13,0.1634,0.1024,0.0665,0.1315,100,false
0.1,0.9,4,0.0621,0.1732,0.1917,0.1308,0.1586,0.0959,0.053,0.1347,100,false
0.1,0.9,5,0.0594,0.1964,0.1874,0.1336,0.1502,0.0878,0.0476,0.1376,100,false
0.1,0.9,6,0.0565,0.2186,0.1833,0.1315,0.1435,0.0811,0.0415,0.144,100,false
0.1,0.9,7,0.0576,0.2435,0.1692,0.129,0.1404,0.075,0.0346,0.1507,100,false
0.1,0.9,8,0.0578,0.2657,0.1542,0.1267,0.1363,0.0705,0.0332,0.1556,100,false
0.1,0.9,9,0.0591,0.2787,0.1413,0.1273,0.1324,0.0656,0.031,0.1646,100,false
0.1,0.9,10,0.0565,0.2952,0.1257,0.1255,0.1283,0.0634,0.0317,0.1737,100,false
0.1,0.9,50,0.004,0.2645,0.019,0.1304,0.123,0.0897,0.1228,0.2466,100,false
0.1,0.9,100,0.0026,0.4829,0,0.1501,0.03,0.0587,0.1615,0.1142,100,false
0.1,0.9,1000,0.0253,0.178,0,0.4622,0,0.1336,0.007,0.1939,100,false
0.1,0.9,5000,0,0.202,0,0.2344,0,0.3338,0,0.2298,100,false
0.1,0.9,10000,0,0.2303,0,0.3025,0,0.2265,0,0.2407,100,false
0.1,0.95,0,0.1272,0.1191,0.1247,0.1303,0.1254,0.116,0.1305,0.1268,100,false
0.1,0.95,1,0.1066,0.1193,0.1519,0.1368,0.1423,0.1119,0.1042,0.127,100,false
0.1,0.95,2,0.0894,0.1299,0.1701,0.138,0.152,0.1082,0.0863,0.1261,100,false
0.1,0.95,3,0.0788,0.1445,0.1913,0.1361,0.1543,0.0999,0.0708,0.1243,100,false
0.1,0.95,4,0.0711,0.162,0.2033,0.1362,0.1502,0.0944,0.0576,0.1252,100,false
0.1,0.95,5,0.0678,0.1779,0.2123,0.1307,0.1452,0.088,0.0477,0.1304,100,false
0.1,0.95,6,0.0641,0.2021,0.2082,0.1256,0.1409,0.0816,0.0411,0.1364,100,false
0.1,0.95,7,0.0633,0.2262,0.2042,0.1192,0.1346,0.0788,0.035,0.1387,100,false
0.1,0.95,8,0.0628,0.2513,0.1872,0.1105,0.1354,0.0756,0.0308,0.1464,100,false
0.1,0.95,9,0.0659,0.2756,0.1732,0.0985,0.135,0.0721,0.0265,0.1532,100,false
0.1,0.95,10,0.0706,0.2946,0.1538,0.0914,0.1397,0.0663,0.023,0.1606,100,false
0.1,0.95,50,0.001,0.2478,0.0243,0.1134,0.1481,0.0863,0.0904,0.2887,100,false
0.1,0.95,100,0.012,0.4392,0.0055,0.1353,0.0705,0.0711,0.1253,0.1411,100,false
0.1,0.95,1000,0.0673,0.1672,0.1176,0.1141,0.1223,0.1821,0.069,0.1604,100,false
0.1,0.95,5000,0.1366,0.224,0.16,0.0569,0.1199,0,0.1671,0.1355,100,false
0.1,0.95,10000,0.1018,0.1654,0.2038,0.0771,0.2248,0,0.1417,0.0854,100,false
0.1,1,0,0.1231,0.1247,0.127,0.12,0.1271,0.126,0.124,0.1281,100,false
0.1,1,1,0.1011,0.1265,0.149,0.1245,0.151,0.1229,0.0976,0.1274,100,false
0.1,1,2,0.0824,0.1377,0.1697,0.1222,0.1684,0.1155,0.0818,0.1223,100,false
0.1,1,3,0.0702,0.1536,0.1798,0.1247,0.1775,0.1041,0.0678,0.1223,100,false
0.1,1,4,0.0631,0.1692,0.1919,0.1266,0.1777,0.0922,0.0507,0.1286,100,false
0.1,1,5,0.0591,0.1857,0.2014,0.1226,0.169,0.0879,0.0396,0.1347,100,false
0.1,1,6,0.0561,0.2072,0.199,0.1166,0.1659,0.0815,0.0318,0.1419,100,false
0.1,1,7,0.0513,0.2312,0.1922,0.1142,0.1588,0.0771,0.0265,0.1487,100,false
0.1,1,8,0.0458,0.2593,0.1755,0.1122,0.1522,0.0744,0.0248,0.1558,100,false
0.1,1,9,0.046,0.2842,0.1612,0.1033,0.1483,0.0717,0.0233,0.162,100,false
0.1,1,10,0.0505,0.3054,0.1455,0.098,0.1417,0.0701,0.0221,0.1667,100,false
0.1,1,50,0.0031,0.2196,0.0193,0.1381,0.1284,0.1055,0.0877,0.2983,100,false
0.1,1,100,0,0.4317,0.0046,0.2108,0.028,0.0461,0.1378,0.141,100,false
0.1,1,1000,0,0.4077,0,0.1472,0.0089,0.2703,0.0193,0.1466,100,false
0.1,1,5000,0,0.3383,0,0.2302,0,0.2168,0,0.2147,100,false
0.1,1,10000,0,0.2322,0,0.2899,0,0.2639,0,0.214,100,false
0.15,0,0,0.1276,0.1229,0.1162,0.1281,0.1284,0.1265,0.1272,0.1231,100,false
0.15,0,1,0.1248,0.1223,0.1156,0.1325,0.1276,0.1234,0.1285,0.1253,100,false
0.15,0,2,0.1226,0.1195,0.1163,0.1343,0.1274,0.1245,0.1304,0.125,100,false
0.15,0,3,0.1219,0.1165,0.12,0.139,0.1249,0.1251,0.1308,0.1218,100,false
0.15,0,4,0.1232,0.1154,0.1214,0.1391,0.1285,0.1243,0.1289,0.1192,100,false
0.15,0,5,0.1202,0.1159,0.1241,0.1409,0.127,0.1239,0.1297,0.1183,100,false
0.15,0,6,0.1187,0.1185,0.1279,0.1385,0.1278,0.1223,0.1291,0.1172,100,false
0.15,0,7,0.1194,0.1193,0.1283,0.1413,0.1262,0.1192,0.1271,0.1192,100,false
0.15,0,8,0.1188,0.1234,0.1278,0.139,0.1262,0.12,0.125,0.1198,100,false
0.15,0,9,0.1162,0.1261,0.1286,0.1382,0.1264,0.1189,0.1238,0.1218,100,false
0.15,0,10,0.1126,0.1274,0.1292,0.1411,0.1259,0.1132,0.1301,0.1205,100,false
0.15,0,50,0.1611,0.1166,0.0748,0.1708,0.11,0.1312,0.1369,0.0986,100,false
0.15,0,100,0.1462,0.0913,0.1186,0.1207,0.1075,0.2014,0.1099,0.1044,100,false
0.15,0,1000,0,0.0003,0.2602,0.0012,0,0,0.7383,0,100,true
0.15,0,5000,0,0.0003,0.2602,0.0012,0,0,0.7383,0,100,true
0.15,0,10000,0,0.0003,0.2602,0.0012,0,0,0.7383,0,100,true
0.15,0,20000,0,0.0003,0.2602,0.0012,0,0,0.7383,0,100,true
0.15,0,30000,0,0.0003,0.2602,0.0012,0,0,0.7383,0,100,true
0.15,0,40000,0,0.0003,0.2602,0.0012,0,0,0.7383,0,100,true
0.15,0,50000,0,0.0003,0.2602,0.0012,0,0,0.7383,0,100,true
0.15,0,60000,0,0.0003,0.2602,0.0012,0,0,0.7383,0,100,true
0.15,0,70000,0,0.0003,0.2602,0.0012,0,0,0.7383,0,100,true
0.15,0,80000,0,0.0003,0.2602,0.0012,0,0,0.7383,0,100,true
0.15,0,90000,0,0.0003,0.2602,0.0012,0,0,0.7383,0,100,true
0.15,0,100000,0,0.0003,0.2602,0.0012,0,0,0.7383,0,100,true
0.15,0.05,0,0.1259,0.1215,0.1238,0.1304,0.1221,0.1237,0.1268,0.1258,100,false
0.15,0.05,1,0.1231,0.1213,0.1283,0.1294,0.1186,0.1279,0.1211,0.1303,100,false
0.15,0.05,2,0.1241,0.1195,0.1307,0.1287,0.1191,0.1303,0.1216,0.126,100,false
0.15,0.05,3,0.1186,0.1239,0.1288,0.1286,0.1209,0.1313,0.1191,0.1288,100,false
0.15,0.05,4,0.1155,0.1256,0.1282,0.1308,0.1225,0.1306,0.1172,0.1296,100,false
0.15,0.05,5,0.1141,0.1286,0.1317,0.1326,0.1212,0.129,0.1131,0.1297,100,false
0.15,0.05,6,0.1111,0.1344,0.134,0.1321,0.1176,0.1285,0.1128,0.1295,100,false
0.15,0.05,7,0.1119,0.1393,0.1349,0.1305,0.1154,0.126,0.1116,0.1304,100,false
0.15,0.05,8,0.1105,0.1411,0.1393,0.1279,0.1131,0.1237,0.1089,0.1355,100,false
0.15,0.05,9,0.1114,0.144,0.1394,0.1274,0.1102,0.1216,0.1083,0.1377,100,false
0.15,0.05,10,0.1131,0.1477,0.1379,0.1242,0.1102,0.12,0.1085,0.1384,100,false
0.15,0.05,50,0.1092,0.1413,0.0965,0.1497,0.1067,0.1183,0.121,0.1573,100,false
0.15,0.05,100,0.0836,0.1696,0.0967,0.104,0.1144,0.1359,0.1221,0.1737,100,false
0.15,0.05,1000,0.0791,0.3833,0.1224,0.1541,0.1578,0.0349,0.0402,0.0282,100,false
0.15,0.05,5000,0.1563,0.1084,0.1388,0.1422,0.1171,0.1388,0.0897,0.1087,100,false
0.15,0.05,10000,0.164,0.1474,0.0823,0.1278,0.0621,0.1126,0.2167,0.0871,100,false
0.15,0.1,0,0.1317,0.1286,0.119,0.1259,0.1229,0.127,0.1265,0.1184,100,false
0.15,0.1,1,0.1325,0.1261,0.1183,0.129,0.1272,0.1274,0.1202,0.1193,100,false
0.15,0.1,2,0.1253,0.126,0.1257,0.1312,0.126,0.1238,0.12,0.122,100,false
0.15,0.1,3,0.1246,0.125,0.1295,0.1316,0.1251,0.1225,0.1183,0.1234,100,false
0.15,0.1,4,0.1242,0.127,0.1322,0.1316,0.1287,0.1174,0.1197,0.1192,100,false
0.15,0.1,5,0.1242,0.1261,0.134,0.1352,0.1263,0.1166,0.1194,0.1182,100,false
0.15,0.1,6,0.1219,0.1284,0.138,0.1367,0.1217,0.1157,0.1195,0.1181,100,false
0.15,0.1,7,0.1203,0.1307,0.1443,0.1329,0.1193,0.1176,0.1163,0.1186,100,false
0.15,0.1,8,0.1164,0.134,0.1474,0.1303,0.1193,0.1177,0.1134,0.1215,100,false
0.15,0.1,9,0.1156,0.138,0.1471,0.1288,0.1183,0.118,0.1101,0.1241,100,false
0.15,0.1,10,0.1173,0.1407,0.1474,0.1251,0.1179,0.1197,0.1078,0.1241,100,false
0.15,0.1,50,0.1,0.1649,0.1171,0.1384,0.1022,0.1318,0.1193,0.1263,100,false
0.15,0.1,100,0.1319,0.1789,0.1004,0.1273,0.1127,0.1202,0.1173,0.1113,100,false
0.15,0.1,1000,0.0913,0.1156,0.0801,0.1615,0.1289,0.0797,0.1862,0.1567,100,false
0.15,0.1,5000,0.0993,0.1304,0.0885,0.062,0.0945,0.1079,0.1543,0.2631,100,false
0.15,0.1,10000,0.1339,0.1051,0.1608,0.1387,0.0918,0.1238,0.1201,0.1258,100,false
0.15,0.15,0,0.1262,0.1216,0.1221,0.1311,0.125,0.123,0.1281,0.1229,100,false
0.15,0.15,1,0.1185,0.1229,0.1327,0.128,0.1288,0.1202,0.1222,0.1267,100,false
0.15,0.15,2,0.1173,0.1236,0.1364,0.1308,0.1289,0.1182,0.1189,0.1259,100,false
0.15,0.15,3,0.1126,0.1282,0.1436,0.1323,0.1276,0.1189,0.1121,0.1247,100,false
0.15,0.15,4,0.1101,0.1356,0.1448,0.133,0.1242,0.1181,0.1086,0.1256,100,false
0.15,0.15,5,0.1088,0.1392,0.1521,0.1292,0.1254,0.1149,0.1041,0.1263,100,false
0.15,0.15,6,0.108,0.1443,0.1488,0.1307,0.1259,0.1126,0.1033,0.1264,100,false
0.15,0.15,7,0.1074,0.15,0.1476,0.1268,0.1255,0.1142,0.1007,0.1278,100,false
0.15,0.15,8,0.1086,0.1548,0.1422,0.1281,0.1265,0.1128,0.0979,0.1291,100,false
0.15,0.15,9,0.1061,0.1588,0.1416,0.1264,0.1252,0.1142,0.0927,0.135,100,false
0.15,0.15,10,0.1066,0.1617,0.1415,0.124,0.1287,0.1121,0.0878,0.1376,100,false
0.15,0.15,50,0.0675,0.1786,0.084,0.1511,0.148,0.1165,0.0915,0.1628,100,false
0.15,0.15,100,0.1223,0.1835,0.0729,0.1505,0.0932,0.1453,0.1439,0.0884,100,false
0.15,0.15,1000,0.033,0.0759,0.1025,0.0791,0.179,0.1498,0.2039,0.1768,100,false
0.15,0.15,5000,0.1611,0.1343,0.1289,0.1089,0.0878,0.1314,0.1435,0.1041,100,false
0.15,0.15,10000,0.1224,0.1421,0.1058,0.1871,0.0823,0.0999,0.0946,0.1658,100,false
0.15,0.2,0,0.1317,0.1267,0.1242,0.1186,0.1292,0.1259,0.1222,0.1215,100,false
0.15,0.2,1,0.1242,0.1259,0.1254,0.1228,0.1397,0.1231,0.1133,0.1256,100,false
0.15,0.2,2,0.1166,0.1296,0.1283,0.1282,0.1412,0.1196,0.1111,0.1254,100,false
0.15,0.2,3,0.1162,0.1305,0.1346,0.1304,0.1419,0.1152,0.1073,0.1239,100,false
0.15,0.2,4,0.1123,0.1327,0.1418,0.1286,0.1427,0.1137,0.1029,0.1253,100,false
0.15,0.2,5,0.1076,0.1387,0.1468,0.1296,0.1405,0.1109,0.096,0.1299,100,false
0.15,0.2,6,0.1046,0.1476,0.1494,0.1276,0.1397,0.107,0.094,0.1301,100,false
0.15,0.2,7,0.1076,0.1545,0.1456,0.1322,0.1361,0.1033,0.0945,0.1262,100,false
0.15,0.2,8,0.1098,0.1564,0.1475,0.131,0.1338,0.1023,0.0905,0.1287,100,false
0.15,0.2,9,0.1109,0.1561,0.152,0.1273,0.1339,0.0987,0.0882,0.1329,100,false
0.15,0.2,10,0.1131,0.1605,0.1494,0.1261,0.1321,0.0974,0.0858,0.1356,100,false
0.15,0.2,50,0.0565,0.1729,0.0978,0.1572,0.155,0.0908,0.1065,0.1633,100,false
0.15,0.2,100,0.1374,0.1543,0.097,0.1814,0.0992,0.11,0.1301,0.0906,100,false
0.15,0.2,1000,0.1972,0.0857,0.0131,0.1547,0.071,0.0796,0.1347,0.264,100,false
0.15,0.2,5000,0,0.2531,0,0.2447,0,0.2517,0,0.2505,100,false
0.15,0.2,10000,0,0.2123,0,0.2167,0,0.2909,0,0.2801,100,false
0.15,0.25,0,0.1224,0.1296,0.1219,0.1289,0.1258,0.1259,0.1241,0.1214,100,false
0.15,0.25,1,0.1152,0.1325,0.1309,0.1264,0.1304,0.1285,0.1139,0.1222,100,false
0.15,0.25,2,0.1098,0.1406,0.132,0.1273,0.1374,0.1243,0.1089,0.1197,100,false
0.15,0.25,3,0.1088,0.1461,0.1389,0.1259,0.1414,0.1207,0.1024,0.1158,100,false
0.15,0.25,4,0.1096,0.1486,0.1445,0.1264,0.1452,0.1132,0.0941,0.1184,100,false
0.15,0.25,5,0.1086,0.1538,0.1478,0.1243,0.1475,0.1099,0.0879,0.1202,100,false
0.15,0.25,6,0.1098,0.1607,0.1443,0.1245,0.151,0.1054,0.082,0.1223,100,false
0.15,0.25,7,0.1084,0.1673,0.1438,0.1213,0.1565,0.0999,0.0769,0.1259,100,false
0.15,0.25,8,0.1078,0.1734,0.1395,0.1195,0.1594,0.0981,0.0729,0.1294,100,false
0.15,0.25,9,0.1084,0.1776,0.1347,0.1214,0.1561,0.0964,0.0716,0.1338,100,false
0.15,0.25,10,0.1074,0.1839,0.1309,0.1226,0.1521,0.095,0.0703,0.1378,100,false
0.15,0.25,50,0.0344,0.2372,0.0939,0.1526,0.1406,0.1035,0.1046,0.1332,100,false
0.15,0.25,100,0.0538,0.262,0.038,0.2478,0.0981,0.0785,0.1197,0.1021,100,false
0.15,0.25,1000,0.1041,0.1615,0.1659,0.094,0.1776,0.0507,0.144,0.1022,100,false
0.15,0.25,5000,0,0.0048,0.0349,0,0.0893,0,0,0.871,100,true
0.15,0.25,10000,0,0.0048,0.0349,0,0.0893,0,0,0.871,100,true
0.15,0.25,20000,0,0.0048,0.0349,0,0.0893,0,0,0.871,100,true
0.15,0.25,30000,0,0.0048,0.0349,0,0.0893,0,0,0.871,100,true
0.15,0.25,40000,0,0.0048,0.0349,0,0.0893,0,0,0.871,100,true
0.15,0.25,50000,0,0.0048,0.0349,0,0.0893,0,0,0.871,100,true
0.15,0.25,60000,0,0.0048,0.0349,0,0.0893,0,0,0.871,100,true
0.15,0.25,70000,0,0.0048,0.0349,0,0.0893,0,0,0.871,100,true
0.15,0.25,80000,0,0.0048,0.0349,0,0.0893,0,0,0.871,100,true
0.15,0.25,90000,0,0.0048,0.0349,0,0.0893,0,0,0.871,100,true
0.15,0.25,100000,0,0.0048,0.0349,0,0.0893,0,0,0.871,100,true
0.15,0.3,0,0.1269,0.1251,0.1249,0.1235,0.1238,0.1249,0.1259,0.125,100,false
0.15,0.3,1,0.1193,0.1239,0.1343,0.1216,0.1351,0.1241,0.1176,0.1241,100,false
0.15,0.3,2,0.1105,0.1338,0.14,0.1211,0.1376,0.1275,0.1056,0.1239,100,false
0.15,0.3,3,0.1057,0.1382,0.1482,0.1227,0.1417,0.1204,0.0968,0.1263,100,false
0.15,0.3,4,0.1009,0.1473,0.15,0.1286,0.1395,0.1148,0.0911,0.1278,100,false
0.15,0.3,5,0.1005,0.1545,0.1517,0.1287,0.1385,0.1115,0.0867,0.1279,100,false
0.15,0.3,6,0.1034,0.16,0.1518,0.1277,0.1365,0.1101,0.0821,0.1284,100,false
0.15,0.3,7,0.1059,0.1659,0.1508,0.1276,0.1369,0.1068,0.0777,0.1284,100,false
0.15,0.3,8,0.1055,0.1741,0.1492,0.1273,0.1337,0.1045,0.0744,0.1313,100,false
0.15,0.3,9,0.1041,0.1802,0.1496,0.1224,0.1316,0.1037,0.0711,0.1373,100,false
0.15,0.3,10,0.0986,0.1868,0.149,0.1214,0.1297,0.0993,0.0691,0.1461,100,false
0.15,0.3,50,0.0483,0.2353,0.0888,0.1185,0.1367,0.102,0.1062,0.1642,100,false
0.15,0.3,100,0.0734,0.2397,0.0475,0.2479,0.074,0.0918,0.1048,0.1209,100,false
0.15,0.3,1000,0.1105,0.2025,0.066,0.1018,0.1381,0.1231,0.0706,0.1874,100,false
0.15,0.3,5000,0.0909,0.1366,0.1266,0.1068,0.1438,0.0901,0.0991,0.2061,100,false
0.15,0.3,10000,0.1234,0.2149,0.0855,0.1015,0.1205,0.1179,0.1203,0.116,100,false
0.15,0.35,0,0.1274,0.1201,0.1288,0.1229,0.1225,0.1244,0.1242,0.1297,100,false
0.15,0.35,1,0.1184,0.1258,0.1376,0.1196,0.1295,0.1262,0.1172,0.1257,100,false
0.15,0.35,2,0.1038,0.1359,0.1431,0.1193,0.1387,0.1248,0.1086,0.1258,100,false
0.15,0.35,3,0.1005,0.14,0.1479,0.1214,0.1481,0.1225,0.0982,0.1214,100,false
0.15,0.35,4,0.0968,0.1482,0.1511,0.12,0.1554,0.1164,0.0878,0.1243,100,false
0.15,0.35,5,0.0947,0.1538,0.1556,0.1231,0.1563,0.1091,0.0802,0.1272,100,false
0.15,0.35,6,0.0917,0.1644,0.1575,0.1217,0.1563,0.1042,0.073,0.1312,100,false
0.15,0.35,7,0.0969,0.1683,0.1602,0.1171,0.1562,0.0985,0.0697,0.1331,100,false
0.15,0.35,8,0.0982,0.1765,0.1605,0.1125,0.1563,0.0909,0.0677,0.1374,100,false
0.15,0.35,9,0.094,0.1871,0.1535,0.1098,0.1593,0.0868,0.0656,0.1439,100,false
0.15,0.35,10,0.092,0.1953,0.1489,0.1086,0.1561,0.0842,0.0639,0.151,100,false
0.15,0.35,50,0.0515,0.2539,0.0562,0.1366,0.1708,0.0633,0.108,0.1597,100,false
0.15,0.35,100,0.1007,0.211,0.0326,0.2133,0.0794,0.0703,0.1988,0.0939,100,false
0.15,0.35,1000,0.0381,0.2281,0.1693,0.1839,0.1563,0.0648,0.055,0.1045,100,false
0.15,0.35,5000,0.3058,0.0169,0.4615,0.059,0.1568,0,0,0,100,false
0.15,0.35,10000,0.2137,0,0.5673,0,0.219,0,0,0,100,false
0.15,0.4,0,0.1212,0.124,0.1303,0.1215,0.1292,0.1236,0.131,0.1192,100,false
0.15,0.4,1,0.1084,0.1295,0.1424,0.1209,0.1412,0.1227,0.1134,0.1215,100,false
0.15,0.4,2,0.105,0.1418,0.1501,0.1218,0.1459,0.1139,0.1009,0.1206,100,false
0.15,0.4,3,0.0994,0.1508,0.1582,0.1215,0.1479,0.1073,0.0932,0.1217,100,false
0.15,0.4,4,0.0919,0.1612,0.1596,0.1219,0.1519,0.1005,0.0875,0.1255,100,false
0.15,0.4,5,0.0894,0.1724,0.1588,0.1199,0.1529,0.0948,0.0842,0.1276,100,false
0.15,0.4,6,0.089,0.1831,0.1587,0.1193,0.1503,0.0895,0.0811,0.129,100,false
0.15,0.4,7,0.0846,0.196,0.1569,0.1225,0.1469,0.0861,0.0754,0.1316,100,false
0.15,0.4,8,0.0821,0.2087,0.1512,0.1199,0.1484,0.0819,0.0725,0.1353,100,false
0.15,0.4,9,0.0784,0.2196,0.1453,0.1197,0.1485,0.077,0.0701,0.1414,100,false
0.15,0.4,10,0.0789,0.2299,0.136,0.1196,0.1464,0.0745,0.0679,0.1468,100,false
0.15,0.4,50,0.0221,0.2877,0.0372,0.155,0.1659,0.0542,0.1413,0.1366,100,false
0.15,0.4,100,0.1314,0.2618,0.0219,0.1559,0.0588,0.1163,0.1979,0.056,100,false
0.15,0.4,1000,0.1778,0.31,0.048,0.0729,0.0671,0.0473,0.0518,0.2251,100,false
0.15,0.4,5000,0,0.2611,0,0.2588,0,0.249,0,0.2311,100,false
0.15,0.4,10000,0,0.3075,0,0.1752,0,0.2295,0,0.2878,100,false
0.15,0.45,0,0.1289,0.1198,0.122,0.1225,0.1283,0.1214,0.128,0.1291,100,false
0.15,0.45,1,0.1103,0.1216,0.1402,0.1244,0.1428,0.117,0.1125,0.1312,100,false
0.15,0.45,2,0.0979,0.1292,0.1561,0.1252,0.1466,0.1142,0.1026,0.1282,100,false
0.15,0.45,3,0.0889,0.1423,0.1645,0.1255,0.1457,0.1074,0.0968,0.1289,100,false
0.15,0.45,4,0.0826,0.158,0.1696,0.1232,0.1451,0.1057,0.0872,0.1286,100,false
0.15,0.45,5,0.0811,0.1712,0.1749,0.1174,0.1461,0.101,0.0776,0.1307,100,false
0.15,0.45,6,0.0814,0.1812,0.1751,0.1129,0.1491,0.0964,0.0698,0.1341,100,false
0.15,0.45,7,0.0803,0.1941,0.1702,0.1091,0.1496,0.0931,0.0632,0.1404,100,false
0.15,0.45,8,0.0807,0.2018,0.1662,0.1053,0.1515,0.0869,0.0575,0.1501,100,false
0.15,0.45,9,0.0803,0.2044,0.1626,0.1022,0.1511,0.0837,0.0549,0.1608,100,false
0.15,0.45,10,0.0791,0.2112,0.1597,0.0994,0.1518,0.0811,0.0516,0.1661,100,false
0.15,0.45,50,0.011,0.2741,0.0567,0.1751,0.1023,0.0521,0.1099,0.2188,100,false
0.15,0.45,100,0.0721,0.3673,0.0131,0.1332,0.0898,0.1057,0.1658,0.053,100,false
0.15,0.45,1000,0.0551,0.0879,0.227,0.2637,0.2397,0.0994,0.0032,0.024,100,false
0.15,0.45,5000,0,0.4858,0,0,0.4018,0,0.0956,0.0168,100,true
0.15,0.45,10000,0,0.4858,0,0,0.4018,0,0.0956,0.0168,100,true
0.15,0.45,20000,0,0.4858,0,0,0.4018,0,0.0956,0.0168,100,true
0.15,0.45,30000,0,0.4858,0,0,0.4018,0,0.0956,0.0168,100,true
0.15,0.45,40000,0,0.4858,0,0,0.4018,0,0.0956,0.0168,100,true
0.15,0.45,50000,0,0.4858,0,0,0.4018,0,0.0956,0.0168,100,true
0.15,0.45,60000,0,0.4858,0,0,0.4018,0,0.0956,0.0168,100,true
0.15,0.45,70000,0,0.4858,0,0,0.4018,0,0.0956,0.0168,100,true
0.15,0.45,80000,0,0.4858,0,0,0.4018,0,0.0956,0.0168,100,true
0.15,0.45,90000,0,0.4858,0,0,0.4018,0,0.0956,0.0168,100,true
0.15,0.45,100000,0,0.4858,0,0,0.4018,0,0.0956,0.0168,100,true
0.15,0.5,0,0.1274,0.1283,0.1173,0.124,0.1285,0.119,0.1282,0.1273,100,false
0.15,0.5,1,0.1138,0.1289,0.1269,0.1301,0.1425,0.1125,0.1191,0.1262,100,false
0.15,0.5,2,0.1009,0.1355,0.1394,0.1331,0.1509,0.1079,0.1041,0.1282,100,false
0.15,0.5,3,0.0951,0.1406,0.1488,0.1347,0.1558,0.1032,0.0938,0.128,100,false
0.15,0.5,4,0.0902,0.154,0.1538,0.132,0.1547,0.1023,0.0829,0.1301,100,false
0.15,0.5,5,0.0871,0.1617,0.1607,0.1327,0.1528,0.1003,0.0711,0.1336,100,false
0.15,0.5,6,0.0884,0.1685,0.1644,0.1342,0.1483,0.0946,0.0663,0.1353,100,false
0.15,0.5,7,0.0887,0.1754,0.1704,0.1311,0.1455,0.0888,0.0622,0.1379,100,false
0.15,0.5,8,0.0862,0.1864,0.1681,0.1261,0.1428,0.0862,0.0598,0.1444,100,false
0.15,0.5,9,0.0853,0.1966,0.1653,0.1214,0.1391,0.0835,0.0584,0.1504,100,false
0.15,0.5,10,0.0825,0.2128,0.1598,0.1157,0.1329,0.0828,0.0567,0.1568,100,false
0.15,0.5,50,0.0333,0.2615,0.063,0.1643,0.1356,0.0717,0.0652,0.2054,100,false
0.15,0.5,100,0.0323,0.2682,0.0262,0.2034,0.0778,0.1281,0.1449,0.1191,100,false
0.15,0.5,1000,0.0518,0.0639,0.1482,0.2725,0.0959,0.034,0.2224,0.1113,100,false
0.15,0.5,5000,0.1373,0.0717,0.1688,0.0868,0.224,0.0449,0.1607,0.1058,100,false
0.15,0.5,10000,0.0963,0.1215,0.1656,0.1059,0.1237,0.0713,0.145,0.1707,100,false
0.15,0.55,0,0.1345,0.1197,0.1202,0.125,0.1217,0.1193,0.1289,0.1307,100,false
0.15,0.55,1,0.1207,0.1154,0.1386,0.1241,0.1379,0.1185,0.1148,0.13,100,false
0.15,0.55,2,0.1033,0.1182,0.1518,0.1291,0.1468,0.1155,0.104,0.1313,100,false
0.15,0.55,3,0.0886,0.1268,0.1675,0.1306,0.1488,0.1098,0.0937,0.1342,100,false
0.15,0.55,4,0.0817,0.1389,0.1778,0.1279,0.1505,0.1079,0.0844,0.1309,100,false
0.15,0.55,5,0.075,0.1552,0.19,0.1238,0.149,0.1024,0.0731,0.1315,100,false
0.15,0.55,6,0.0736,0.1662,0.1962,0.1211,0.143,0.0989,0.0684,0.1326,100,false
0.15,0.55,7,0.0756,0.1828,0.196,0.1141,0.1399,0.0952,0.0602,0.1362,100,false
0.15,0.55,8,0.0722,0.1979,0.1959,0.1073,0.136,0.0947,0.054,0.142,100,false
0.15,0.55,9,0.0742,0.2134,0.1865,0.1031,0.1361,0.0893,0.0509,0.1465,100,false
0.15,0.55,10,0.0769,0.227,0.1793,0.0968,0.135,0.0854,0.0462,0.1534,100,false
0.15,0.55,50,0.0064,0.2682,0.0483,0.0966,0.1538,0.0879,0.0922,0.2466,100,false
0.15,0.55,100,0.0256,0.3748,0.0357,0.1999,0.0589,0.0676,0.123,0.1145,100,false
0.15,0.55,1000,0.1643,0.0683,0.1103,0.1251,0.0548,0.0698,0.247,0.1604,100,false
0.15,0.55,5000,0.2528,0.0702,0.1666,0.1713,0.0613,0,0.2108,0.067,100,false
0.15,0.55,10000,0,0.1245,0.0063,0,0.6112,0,0,0.258,100,true
0.15,0.55,20000,0,0.1245,0.0063,0,0.6112,0,0,0.258,100,true
0.15,0.55,30000,0,0.1245,0.0063,0,0.6112,0,0,0.258,100,true
0.15,0.55,40000,0,0.1245,0.0063,0,0.6112,0,0,0.258,100,true
0.15,0.55,50000,0,0.1245,0.0063,0,0.6112,0,0,0.258,100,true
0.15,0.55,60000,0,0.1245,0.0063,0,0.6112,0,0,0.258,100,true
0.15,0.55,70000,0,0.1245,0.0063,0,0.6112,0,0,0.258,100,true
0.15,0.55,80000,0,0.1245,0.0063,0,0.6112,0,0,0.258,100,true
0.15,0.55,90000,0,0.1245,0.0063,0,0.6112,0,0,0.258,100,true
0.15,0.55,100000,0,0.1245,0.0063,0,0.6112,0,0,0.258,100,true
0.15,0.6,0,0.1209,0.127,0.1223,0.1279,0.1263,0.1289,0.1229,0.1238,100,false
0.15,0.6,1,0.1092,0.1268,0.14,0.1328,0.1358,0.1221,0.107,0.1263,100,false
0.15,0.6,2,0.0983,0.1376,0.1486,0.1356,0.1451,0.1171,0.0941,0.1236,100,false
0.15,0.6,3,0.0898,0.1506,0.159,0.1313,0.1518,0.1107,0.082,0.1248,100,false
0.15,0.6,4,0.0855,0.165,0.1666,0.1313,0.1523,0.1017,0.0725,0.1251,100,false
0.15,0.6,5,0.0796,0.1724,0.1714,0.1305,0.1531,0.097,0.0626,0.1334,100,false
0.15,0.6,6,0.0756,0.1854,0.1719,0.1341,0.1463,0.0931,0.0569,0.1367,100,false
0.15,0.6,7,0.0768,0.2011,0.1651,0.1361,0.139,0.0894,0.0512,0.1413,100,false
0.15,0.6,8,0.0745,0.2163,0.1636,0.1333,0.1355,0.0843,0.0472,0.1453,100,false
0.15,0.6,9,0.0743,0.2286,0.1579,0.1262,0.1375,0.0778,0.0458,0.1519,100,false
0.15,0.6,10,0.0706,0.2421,0.1526,0.1176,0.1357,0.076,0.0439,0.1615,100,false
0.15,0.6,50,0.0141,0.2851,0.0271,0.136,0.1467,0.0682,0.0957,0.2271,100,false
0.15,0.6,100,0.0169,0.511,0.0022,0.1218,0.049,0.0543,0.1256,0.1192,100,false
0.15,0.6,1000,0.1512,0.334,0.1416,0.0485,0.1203,0.0186,0.089,0.0968,100,false
0.15,0.6,5000,0.1611,0.3155,0.1033,0.1294,0.1249,0,0.1198,0.046,100,false
0.15,0.6,10000,0,0.1597,0,0,0.8077,0,0.0018,0.0308,100,true
0.15,0.6,20000,0,0.1597,0,0,0.8077,0,0.0018,0.0308,100,true
0.15,0.6,30000,0,0.1597,0,0,0.8077,0,0.0018,0.0308,100,true
0.15,0.6,40000,0,0.1597,0,0,0.8077,0,0.0018,0.0308,100,true
0.15,0.6,50000,0,0.1597,0,0,0.8077,0,0.0018,0.0308,100,true
0.15,0.6,60000,0,0.1597,0,0,0.8077,0,0.0018,0.0308,100,true
0.15,0.6,70000,0,0.1597,0,0,0.8077,0,0.0018,0.0308,100,true
0.15,0.6,80000,0,0.1597,0,0,0.8077,0,0.0018,0.0308,100,true
0.15,0.6,90000,0,0.1597,0,0,0.8077,0,0.0018,0.0308,100,true
0.15,0.6,100000,0,0.1597,0,0,0.8077,0,0.0018,0.0308,100,true
0.15,0.65,0,0.1231,0.1279,0.1289,0.1243,0.1322,0.1215,0.1134,0.1287,100,false
0.15,0.65,1,0.1051,0.1342,0.1406,0.1274,0.1521,0.1149,0.0955,0.1302,100,false
0.15,0.65,2,0.0963,0.1361,0.1572,0.1265,0.1594,0.1074,0.0846,0.1325,100,false
0.15,0.65,3,0.0873,0.1445,0.1683,0.1271,0.1606,0.1032,0.0724,0.1366,100,false
0.15,0.65,4,0.0825,0.1588,0.1717,0.1297,0.1571,0.0955,0.065,0.1397,100,false
0.15,0.65,5,0.0792,0.1728,0.174,0.1307,0.1519,0.0918,0.0548,0.1448,100,false
0.15,0.65,6,0.0732,0.1891,0.1743,0.1305,0.1454,0.0859,0.0494,0.1522,100,false
0.15,0.65,7,0.0731,0.2096,0.1672,0.1212,0.1438,0.0823,0.0471,0.1557,100,false
0.15,0.65,8,0.0715,0.2242,0.1634,0.115,0.1427,0.0779,0.0438,0.1615,100,false
0.15,0.65,9,0.072,0.2387,0.1521,0.1113,0.1413,0.0737,0.0424,0.1685,100,false
0.15,0.65,10,0.0716,0.2502,0.1398,0.1071,0.1426,0.071,0.0424,0.1753,100,false
0.15,0.65,50,0.0134,0.248,0.0514,0.135,0.1793,0.0376,0.1197,0.2156,100,false
0.15,0.65,100,0.0512,0.3705,0.0414,0.1346,0.1097,0.0728,0.1647,0.0551,100,false
0.15,0.65,1000,0.0957,0.1321,0.0752,0.1502,0.073,0.0885,0.0911,0.2942,100,false
0.15,0.65,5000,0.2291,0.1311,0.1906,0.0669,0.1079,0,0.1357,0.1387,100,false
0.15,0.65,10000,0.1851,0.1357,0.1214,0.1649,0.1075,0,0.1417,0.1437,100,false
0.15,0.7,0,0.1219,0.1257,0.1245,0.1206,0.1235,0.1297,0.1245,0.1296,100,false
0.15,0.7,1,0.0994,0.1305,0.1443,0.1221,0.144,0.1283,0.1021,0.1293,100,false
0.15,0.7,2,0.0875,0.1399,0.1572,0.1294,0.1511,0.1254,0.0836,0.1259,100,false
0.15,0.7,3,0.0815,0.1503,0.1673,0.1319,0.1506,0.1177,0.07,0.1307,100,false
0.15,0.7,4,0.0743,0.1634,0.1759,0.1315,0.1496,0.1126,0.0624,0.1303,100,false
0.15,0.7,5,0.0676,0.1842,0.1756,0.1275,0.1517,0.1055,0.0555,0.1324,100,false
0.15,0.7,6,0.0637,0.2062,0.1739,0.1217,0.1516,0.099,0.0489,0.135,100,false
0.15,0.7,7,0.0619,0.2269,0.1653,0.1171,0.1529,0.0914,0.0436,0.1409,100,false
0.15,0.7,8,0.0594,0.2453,0.1566,0.1174,0.1488,0.0848,0.0389,0.1488,100,false
0.15,0.7,9,0.0591,0.2625,0.1442,0.1181,0.1427,0.0779,0.0384,0.1571,100,false
0.15,0.7,10,0.0609,0.2734,0.1352,0.1143,0.1392,0.0757,0.0347,0.1666,100,false
0.15,0.7,50,0.0079,0.2383,0.0603,0.1572,0.1123,0.1005,0.1266,0.1969,100,false
0.15,0.7,100,0.0387,0.3932,0.0095,0.1868,0.073,0.065,0.1154,0.1184,100,false
0.15,0.7,1000,0.0891,0.1591,0.1364,0.0789,0.1712,0.0234,0.1591,0.1828,100,false
0.15,0.7,5000,0.1216,0.2133,0.1362,0.112,0.2754,0,0.0778,0.0637,100,false
0.15,0.7,10000,0.1472,0.1815,0.1861,0.0527,0.2463,0,0.1164,0.0698,100,false
0.15,0.75,0,0.1226,0.1217,0.1244,0.1226,0.127,0.1281,0.1278,0.1258,100,false
0.15,0.75,1,0.103,0.1221,0.1453,0.1255,0.1452,0.1238,0.1103,0.1248,100,false
0.15,0.75,2,0.0909,0.13,0.1635,0.1299,0.1589,0.1156,0.089,0.1222,100,false
0.15,0.75,3,0.08,0.1414,0.1793,0.1316,0.1617,0.106,0.0741,0.1259,100,false
0.15,0.75,4,0.0743,0.1595,0.1866,0.1311,0.1596,0.0995,0.0618,0.1276,100,false
0.15,0.75,5,0.0705,0.1747,0.1936,0.1255,0.1583,0.0939,0.0519,0.1316,100,false
0.15,0.75,6,0.0682,0.1973,0.1953,0.1164,0.1546,0.0892,0.0426,0.1364,100,false
0.15,0.75,7,0.066,0.2172,0.1911,0.114,0.1502,0.0821,0.0371,0.1423,100,false
0.15,0.75,8,0.0665,0.2348,0.1785,0.1102,0.1484,0.0775,0.0326,0.1515,100,false
0.15,0.75,9,0.0681,0.2534,0.1639,0.1082,0.1447,0.0737,0.0301,0.1579,100,false
0.15,0.75,10,0.0688,0.268,0.1534,0.0953,0.1444,0.0701,0.0279,0.1721,100,false
0.15,0.75,50,0.0053,0.2482,0.0395,0.1232,0.1697,0.0755,0.0835,0.2551,100,false
0.15,0.75,100,0.0006,0.4711,0.0185,0.098,0.0679,0.0667,0.122,0.1552,100,false
0.15,0.75,1000,0.0925,0.0406,0,0.8083,0,0.0084,0.0118,0.0384,100,false
0.15,0.75,5000,0,0.1703,0,0.2664,0,0.2616,0,0.3017,100,false
0.15,0.75,10000,0,0.2936,0,0.3,0,0.2428,0,0.1636,100,false
0.15,0.8,0,0.1271,0.132,0.123,0.1204,0.1294,0.1259,0.1142,0.128,100,false
0.15,0.8,1,0.11,0.1349,0.1397,0.1238,0.144,0.1203,0.0945,0.1328,100,false
0.15,0.8,2,0.0917,0.1437,0.1477,0.1267,0.1554,0.1159,0.08,0.1389,100,false
0.15,0.8,3,0.0789,0.1563,0.1547,0.1255,0.1654,0.1082,0.0678,0.1432,100,false
0.15,0.8,4,0.0715,0.1685,0.1631,0.1229,0.1694,0.1016,0.0598,0.1432,100,false
0.15,0.8,5,0.065,0.1802,0.1675,0.1239,0.1702,0.095,0.0519,0.1463,100,false
0.15,0.8,6,0.0615,0.1985,0.17,0.1162,0.1688,0.0885,0.0455,0.151,100,false
0.15,0.8,7,0.0578,0.2137,0.1674,0.1129,0.1631,0.0843,0.0411,0.1597,100,false
0.15,0.8,8,0.0563,0.2362,0.1606,0.1071,0.1578,0.0807,0.0339,0.1674,100,false
0.15,0.8,9,0.056,0.2481,0.1512,0.104,0.153,0.0779,0.0318,0.178,100,false
0.15,0.8,10,0.0554,0.2603,0.1393,0.1027,0.1492,0.0774,0.0289,0.1868,100,false
0.15,0.8,50,0.0061,0.1972,0.0465,0.1325,0.1758,0.0796,0.1365,0.2258,100,false
0.15,0.8,100,0.0211,0.4832,0.0151,0.0888,0.0912,0.0333,0.1914,0.0759,100,false
0.15,0.8,1000,0.1255,0.1996,0.0949,0.134,0.2343,0,0.1191,0.0926,100,false
0.15,0.8,5000,0.1605,0.2079,0.1124,0.1496,0.1848,0,0.1165,0.0683,100,false
0.15,0.8,10000,0,0.1622,0,0,0.8004,0,0.0002,0.0372,100,true
0.15,0.8,20000,0,0.1622,0,0,0.8004,0,0.0002,0.0372,100,true
0.15,0.8,30000,0,0.1622,0,0,0.8004,0,0.0002,0.0372,100,true
0.15,0.8,40000,0,0.1622,0,0,0.8004,0,0.0002,0.0372,100,true
0.15,0.8,50000,0,0.1622,0,0,0.8004,0,0.0002,0.0372,100,true
0.15,0.8,60000,0,0.1622,0,0,0.8004,0,0.0002,0.0372,100,true
0.15,0.8,70000,0,0.1622,0,0,0.8004,0,0.0002,0.0372,100,true
0.15,0.8,80000,0,0.1622,0,0,0.8004,0,0.0002,0.0372,100,true
0.15,0.8,90000,0,0.1622,0,0,0.8004,0,0.0002,0.0372,100,true
0.15,0.8,100000,0,0.1622,0,0,0.8004,0,0.0002,0.0372,100,true
0.15,0.85,0,0.126,0.1256,0.1235,0.1236,0.1257,0.1268,0.1229,0.1259,100,false
0.15,0.85,1,0.1014,0.1337,0.1402,0.1258,0.1477,0.1229,0.0987,0.1296,100,false
0.15,0.85,2,0.0846,0.1415,0.1564,0.1316,0.1567,0.1146,0.0819,0.1327,100,false
0.15,0.85,3,0.0765,0.152,0.1698,0.1342,0.159,0.1059,0.0691,0.1335,100,false
0.15,0.85,4,0.0699,0.1675,0.1764,0.1353,0.1617,0.0955,0.0559,0.1378,100,false
0.15,0.85,5,0.0675,0.1856,0.1754,0.1322,0.1582,0.0903,0.0484,0.1424,100,false
0.15,0.85,6,0.0674,0.2026,0.1726,0.127,0.1549,0.0865,0.0426,0.1464,100,false
0.15,0.85,7,0.0679,0.2173,0.1703,0.1176,0.1533,0.0822,0.0385,0.1529,100,false
0.15,0.85,8,0.0676,0.2349,0.1627,0.111,0.1465,0.0809,0.0362,0.1602,100,false
0.15,0.85,9,0.062,0.2481,0.1524,0.109,0.1449,0.0791,0.0323,0.1722,100,false
0.15,0.85,10,0.0547,0.2645,0.1424,0.1034,0.1452,0.0782,0.0295,0.1821,100,false
0.15,0.85,50,0.0008,0.2654,0.0353,0.1299,0.1587,0.0549,0.1214,0.2336,100,false
0.15,0.85,100,0,0.4858,0.014,0.1253,0.0635,0.0537,0.1821,0.0756,100,false
0.15,0.85,1000,0,0.6461,0,0.0672,0.0592,0.0819,0.053,0.0926,100,false
0.15,0.85,5000,0,0.3025,0,0.2607,0,0.2365,0,0.2003,100,false
0.15,0.85,10000,0,0.1897,0,0.2576,0,0.2967,0,0.256,100,false
0.15,0.9,0,0.1243,0.1276,0.1271,0.1256,0.1244,0.1223,0.1219,0.1268,100,false
0.15,0.9,1,0.099,0.1302,0.1535,0.1288,0.1424,0.121,0.0978,0.1273,100,false
0.15,0.9,2,0.0815,0.1466,0.1651,0.13,0.1552,0.1129,0.0823,0.1264,100,false
0.15,0.9,3,0.0697,0.1649,0.1725,0.1341,0.1592,0.1026,0.0695,0.1275,100,false
0.15,0.9,4,0.0655,0.1842,0.1779,0.1311,0.1553,0.0968,0.0595,0.1297,100,false
0.15,0.9,5,0.0613,0.2012,0.1776,0.1304,0.1535,0.0895,0.0538,0.1327,100,false
0.15,0.9,6,0.0591,0.2255,0.1727,0.1298,0.1458,0.082,0.0464,0.1387,100,false
0.15,0.9,7,0.0574,0.246,0.1662,0.1252,0.1384,0.0792,0.0411,0.1465,100,false
0.15,0.9,8,0.0547,0.2635,0.1586,0.1159,0.1353,0.0775,0.038,0.1565,100,false
0.15,0.9,9,0.0505,0.2873,0.1406,0.1105,0.1328,0.0754,0.0351,0.1678,100,false
0.15,0.9,10,0.0498,0.3063,0.1251,0.1016,0.1311,0.0737,0.0342,0.1782,100,false
0.15,0.9,50,0.0085,0.2125,0.0464,0.1687,0.1389,0.1001,0.095,0.2299,100,false
0.15,0.9,100,0.0202,0.3627,0.003,0.1423,0.0514,0.1398,0.1103,0.1703,100,false
0.15,0.9,1000,0.1102,0.2012,0.1605,0.1376,0.1179,0.0285,0.1483,0.0958,100,false
0.15,0.9,5000,0.0782,0.3976,0.0437,0.0827,0.2362,0,0.0617,0.0999,100,false
0.15,0.9,10000,0.1156,0.2308,0.1515,0.0969,0.2129,0,0.1394,0.0529,100,false
0.15,0.95,0,0.1245,0.1197,0.1198,0.1205,0.1368,0.1242,0.1275,0.127,100,false
0.15,0.95,1,0.098,0.1253,0.1495,0.1181,0.1629,0.1202,0.0999,0.1261,100,false
0.15,0.95,2,0.0826,0.1371,0.1635,0.1229,0.1768,0.1117,0.0794,0.126,100,false
0.15,0.95,3,0.0695,0.1533,0.1763,0.1254,0.1846,0.0974,0.065,0.1285,100,false
0.15,0.95,4,0.0602,0.171,0.1796,0.1318,0.1812,0.0894,0.0541,0.1327,100,false
0.15,0.95,5,0.0538,0.1921,0.1831,0.1353,0.1722,0.0829,0.0462,0.1344,100,false
0.15,0.95,6,0.0499,0.2106,0.1889,0.1312,0.1654,0.0768,0.0382,0.139,100,false
0.15,0.95,7,0.0463,0.2358,0.1818,0.1251,0.1592,0.0705,0.0323,0.149,100,false
0.15,0.95,8,0.0448,0.2577,0.1751,0.1178,0.1527,0.067,0.0277,0.1572,100,false
0.15,0.95,9,0.0422,0.2822,0.1634,0.1085,0.145,0.0632,0.0269,0.1686,100,false
0.15,0.95,10,0.0435,0.303,0.1468,0.1029,0.1374,0.0634,0.0251,0.1779,100,false
0.15,0.95,50,0.0043,0.2249,0.0286,0.165,0.171,0.0569,0.0907,0.2586,100,false
0.15,0.95,100,0.0292,0.448,0.0207,0.116,0.0652,0.0747,0.1362,0.11,100,false
0.15,0.95,1000,0.0574,0.2369,0.1645,0.0944,0.1702,0.084,0.1211,0.0715,100,false
0.15,0.95,5000,0.0621,0.2667,0.1018,0.0708,0.2963,0,0.138,0.0643,100,false
0.15,0.95,10000,0.18,0.2687,0.1094,0.1224,0.0993,0,0.1037,0.1165,100,false
0.15,1,0,0.1257,0.1222,0.1191,0.1226,0.1341,0.1224,0.1251,0.1288,100,false
0.15,1,1,0.0998,0.1256,0.1459,0.129,0.1591,0.1171,0.102,0.1215,100,false
0.15,1,2,0.0806,0.1404,0.1607,0.1426,0.165,0.1059,0.083,0.1218,100,false
0.15,1,3,0.0657,0.1559,0.1818,0.1414,0.1652,0.0991,0.0691,0.1218,100,false
0.15,1,4,0.0627,0.1768,0.1898,0.1378,0.1589,0.0935,0.0565,0.124,100,false
0.15,1,5,0.0577,0.1988,0.2037,0.1248,0.157,0.0855,0.0427,0.1298,100,false
0.15,1,6,0.0579,0.227,0.1965,0.1173,0.1519,0.0802,0.0349,0.1343,100,false
0.15,1,7,0.0595,0.2523,0.1839,0.1102,0.1468,0.076,0.0304,0.1409,100,false
0.15,1,8,0.0562,0.2752,0.1684,0.1044,0.1438,0.0724,0.0266,0.153,100,false
0.15,1,9,0.0554,0.2954,0.1484,0.0984,0.1446,0.0674,0.025,0.1654,100,false
0.15,1,10,0.0555,0.3146,0.1263,0.0944,0.1435,0.0644,0.025,0.1763,100,false
0.15,1,50,0.0038,0.2522,0.0339,0.1293,0.1747,0.0644,0.1179,0.2238,100,false
0.15,1,100,0,0.4836,0.0052,0.1011,0.0795,0.0464,0.1868,0.0974,100,false
0.15,1,1000,0,0.4759,0,0.1294,0.0115,0.1788,0.0642,0.1402,100,false
0.15,1,5000,0,0.2947,0,0.2607,0,0.2071,0,0.2375,100,false
0.15,1,10000,0,0.2951,0,0.2161,0,0.2353,0,0.2535,100,false
0.2,0,0,0.1274,0.1222,0.1297,0.1235,0.1247,0.1212,0.1267,0.1246,100,false
0.2,0,1,0.1277,0.1244,0.1275,0.1231,0.124,0.1219,0.1305,0.1209,100,false
0.2,0,2,0.129,0.1259,0.1287,0.1208,0.125,0.1213,0.1293,0.12,100,false
0.2,0,3,0.1369,0.1187,0.1303,0.1203,0.1268,0.1207,0.1287,0.1176,100,false
0.2,0,4,0.1392,0.1159,0.1314,0.1196,0.1266,0.1182,0.1289,0.1202,100,false
0.2,0,5,0.1379,0.1124,0.1341,0.1205,0.1286,0.1158,0.1251,0.1256,100,false
0.2,0,6,0.1372,0.1123,0.1359,0.1211,0.1274,0.1141,0.125,0.127,100,false
0.2,0,7,0.1372,0.1094,0.1368,0.1214,0.1287,0.1132,0.1251,0.1282,100,false
0.2,0,8,0.1387,0.1109,0.135,0.1204,0.1272,0.1169,0.1246,0.1263,100,false
0.2,0,9,0.1375,0.1112,0.1343,0.1217,0.1263,0.1162,0.1241,0.1287,100,false
0.2,0,10,0.1355,0.1136,0.1346,0.1198,0.1248,0.1183,0.1256,0.1278,100,false
0.2,0,50,0.1582,0.1168,0.1217,0.105,0.1424,0.0939,0.1206,0.1414,100,false
0.2,0,100,0.1136,0.1459,0.1412,0.1184,0.124,0.088,0.126,0.1429,100,false
0.2,0,1000,0.0914,0.1223,0.1312,0.0955,0.1652,0.1277,0.1131,0.1536,100,false
0.2,0,5000,0.1604,0.0904,0.0813,0.1533,0.1423,0.1557,0.0908,0.1258,100,false
0.2,0,10000,0.0972,0.1605,0.1311,0.0926,0.1614,0.1118,0.1318,0.1136,100,false
0.2,0.05,0,0.1155,0.1234,0.1256,0.1263,0.1277,0.1263,0.1279,0.1273,100,false
0.2,0.05,1,0.1147,0.1292,0.1265,0.1211,0.132,0.1244,0.1294,0.1227,100,false
0.2,0.05,2,0.1142,0.1296,0.1282,0.1261,0.1348,0.1209,0.1222,0.124,100,false
0.2,0.05,3,0.1169,0.1312,0.1278,0.1306,0.1334,0.117,0.1192,0.1239,100,false
0.2,0.05,4,0.1163,0.1337,0.1295,0.1322,0.1303,0.1173,0.117,0.1237,100,false
0.2,0.05,5,0.1193,0.1341,0.1331,0.1292,0.1306,0.1142,0.1171,0.1224,100,false
0.2,0.05,6,0.1207,0.1331,0.1345,0.1291,0.1305,0.1117,0.1188,0.1216,100,false
0.2,0.05,7,0.1199,0.1312,0.1394,0.1273,0.1283,0.1105,0.1205,0.1229,100,false
0.2,0.05,8,0.1188,0.1352,0.1388,0.1261,0.1265,0.111,0.1217,0.1219,100,false
0.2,0.05,9,0.1175,0.134,0.1417,0.1239,0.1232,0.1112,0.1254,0.1231,100,false
0.2,0.05,10,0.1187,0.1356,0.1428,0.1216,0.1223,0.1096,0.1272,0.1222,100,false
0.2,0.05,50,0.0976,0.1449,0.1218,0.103,0.1492,0.1281,0.1193,0.1361,100,false
0.2,0.05,100,0.0864,0.1295,0.1054,0.167,0.0959,0.1074,0.1064,0.202,100,false
0.2,0.05,1000,0,0.1505,0.0003,0.2046,0,0.5166,0,0.128,100,false
0.2,0.05,5000,0,0.2937,0,0.1907,0,0.2665,0,0.2491,100,false
0.2,0.05,10000,0,0.2596,0,0.301,0,0.2351,0,0.2043,100,false
0.2,0.1,0,0.1225,0.1272,0.1297,0.1247,0.1206,0.1268,0.1267,0.1218,100,false
0.2,0.1,1,0.1192,0.132,0.1329,0.1227,0.1225,0.1248,0.1228,0.1231,100,false
0.2,0.1,2,0.12,0.1337,0.1304,0.1236,0.1274,0.1225,0.1205,0.1219,100,false
0.2,0.1,3,0.1204,0.1341,0.1299,0.1225,0.132,0.121,0.1166,0.1235,100,false
0.2,0.1,4,0.1207,0.1336,0.1307,0.1226,0.1311,0.1189,0.1166,0.1258,100,false
0.2,0.1,5,0.1188,0.1354,0.1369,0.1206,0.1303,0.1188,0.1133,0.1259,100,false
0.2,0.1,6,0.1198,0.1351,0.1459,0.114,0.1333,0.1179,0.1095,0.1245,100,false
0.2,0.1,7,0.1172,0.1379,0.1526,0.1112,0.1318,0.1171,0.1075,0.1247,100,false
0.2,0.1,8,0.1185,0.1414,0.1531,0.1095,0.1331,0.1154,0.1006,0.1284,100,false
0.2,0.1,9,0.1208,0.1458,0.1504,0.1081,0.1334,0.1103,0.0991,0.1321,100,false
0.2,0.1,10,0.123,0.1481,0.1476,0.1079,0.1318,0.1081,0.0956,0.1379,100,false
0.2,0.1,50,0.0995,0.1941,0.1036,0.1266,0.1144,0.0936,0.1276,0.1406,100,false
0.2,0.1,100,0.175,0.0932,0.1333,0.188,0.1039,0.0739,0.1048,0.1279,100,false
0.2,0.1,1000,0.0849,0.4206,0.0894,0.0465,0.0526,0.1267,0.085,0.0943,100,false
0.2,0.1,5000,0.0475,0.1104,0.213,0.3311,0.0994,0.1278,0.0383,0.0325,100,false
0.2,0.1,10000,0.0633,0.1432,0.0819,0.2372,0.1486,0.0822,0.1135,0.1301,100,false
0.2,0.15,0,0.1269,0.1256,0.1272,0.1249,0.1211,0.1215,0.1304,0.1224,100,false
0.2,0.15,1,0.1225,0.124,0.1325,0.1264,0.123,0.1245,0.1244,0.1227,100,false
0.2,0.15,2,0.1198,0.1221,0.1427,0.1228,0.1244,0.121,0.124,0.1232,100,false
0.2,0.15,3,0.1156,0.129,0.1451,0.119,0.1276,0.1193,0.1201,0.1243,100,false
0.2,0.15,4,0.1135,0.1304,0.1483,0.1193,0.1282,0.1186,0.1165,0.1252,100,false
0.2,0.15,5,0.1112,0.1379,0.1487,0.1171,0.1321,0.1154,0.1116,0.126,100,false
0.2,0.15,6,0.1082,0.143,0.152,0.1174,0.1299,0.1149,0.1095,0.1251,100,false
0.2,0.15,7,0.1119,0.1479,0.1502,0.1167,0.1322,0.1153,0.1016,0.1242,100,false
0.2,0.15,8,0.1117,0.1496,0.1524,0.1167,0.1317,0.1103,0.0991,0.1285,100,false
0.2,0.15,9,0.1124,0.1525,0.1506,0.1153,0.1321,0.1102,0.0963,0.1306,100,false
0.2,0.15,10,0.1102,0.154,0.149,0.1151,0.1333,0.1103,0.092,0.1361,100,false
0.2,0.15,50,0.0669,0.1958,0.0988,0.1252,0.1246,0.1128,0.099,0.1769,100,false
0.2,0.15,100,0.1027,0.2382,0.0776,0.1249,0.1072,0.0854,0.1374,0.1266,100,false
0.2,0.15,1000,0.1603,0.0996,0.0311,0.0326,0.0738,0.0485,0.0582,0.4959,100,false
0.2,0.15,5000,0.2255,0,0,0.7695,0,0,0.0036,0.0014,100,true
0.2,0.15,10000,0.2255,0,0,0.7695,0,0,0.0036,0.0014,100,true
0.2,0.15,20000,0.2255,0,0,0.7695,0,0,0.0036,0.0014,100,true
0.2,0.15,30000,0.2255,0,0,0.7695,0,0,0.0036,0.0014,100,true
0.2,0.15,40000,0.2255,0,0,0.7695,0,0,0.0036,0.0014,100,true
0.2,0.15,50000,0.2255,0,0,0.7695,0,0,0.0036,0.0014,100,true
0.2,0.15,60000,0.2255,0,0,0.7695,0,0,0.0036,0.0014,100,true
0.2,0.15,70000,0.2255,0,0,0.7695,0,0,0.0036,0.0014,100,true
0.2,0.15,80000,0.2255,0,0,0.7695,0,0,0.0036,0.0014,100,true
0.2,0.15,90000,0.2255,0,0,0.7695,0,0,0.0036,0.0014,100,true
0.2,0.15,100000,0.2255,0,0,0.7695,0,0,0.0036,0.0014,100,true
0.2,0.2,0,0.1311,0.123,0.1205,0.1261,0.1235,0.1264,0.1233,0.1261,100,false
0.2,0.2,1,0.1233,0.1242,0.1222,0.1299,0.1264,0.1268,0.1184,0.1288,100,false
0.2,0.2,2,0.1215,0.1226,0.1282,0.1352,0.1248,0.1248,0.1161,0.1268,100,false
0.2,0.2,3,0.118,0.1281,0.1309,0.1341,0.1279,0.1265,0.1086,0.1259,100,false
0.2,0.2,4,0.114,0.129,0.1385,0.1368,0.1277,0.1245,0.1025,0.127,100,false
0.2,0.2,5,0.1124,0.1283,0.1466,0.1349,0.1292,0.1214,0.0977,0.1295,100,false
0.2,0.2,6,0.1122,0.128,0.1523,0.136,0.1264,0.1159,0.0951,0.1341,100,false
0.2,0.2,7,0.1062,0.1294,0.1641,0.1272,0.1314,0.1129,0.0905,0.1383,100,false
0.2,0.2,8,0.1039,0.137,0.1734,0.1205,0.1265,0.1124,0.0865,0.1398,100,false
0.2,0.2,9,0.1062,0.14,0.1769,0.1141,0.124,0.1099,0.0881,0.1408,100,false
0.2,0.2,10,0.1055,0.144,0.1817,0.1103,0.1232,0.1081,0.0847,0.1425,100,false
0.2,0.2,50,0.0892,0.2312,0.1177,0.1076,0.1491,0.0698,0.093,0.1424,100,false
0.2,0.2,100,0.1262,0.2456,0.0978,0.165,0.1102,0.0742,0.0892,0.0918,100,false
0.2,0.2,1000,0,0.4024,0,0.1093,0,0.4199,0,0.0684,100,false
0.2,0.2,5000,0,0.2331,0,0.2035,0,0.3532,0,0.2102,100,false
0.2,0.2,10000,0,0.2928,0,0.1782,0,0.3342,0,0.1948,100,false
0.2,0.25,0,0.1248,0.1315,0.1212,0.1228,0.1293,0.1194,0.1237,0.1273,100,false
0.2,0.25,1,0.1147,0.1338,0.1277,0.124,0.1343,0.1193,0.1173,0.1289,100,false
0.2,0.25,2,0.1153,0.1346,0.1353,0.1225,0.1419,0.1121,0.1121,0.1262,100,false
0.2,0.25,3,0.1076,0.1399,0.1397,0.1262,0.1419,0.1061,0.112,0.1266,100,false
0.2,0.25,4,0.1018,0.1453,0.1456,0.1238,0.142,0.1029,0.1122,0.1264,100,false
0.2,0.25,5,0.0987,0.1535,0.1469,0.1242,0.1399,0.1012,0.1076,0.128,100,false
0.2,0.25,6,0.0961,0.1631,0.1481,0.1215,0.1388,0.1,0.1036,0.1288,100,false
0.2,0.25,7,0.0976,0.1717,0.1468,0.1203,0.138,0.0965,0.1009,0.1282,100,false
0.2,0.25,8,0.0971,0.1809,0.1447,0.1213,0.136,0.0953,0.0973,0.1274,100,false
0.2,0.25,9,0.1016,0.1844,0.1404,0.1242,0.1307,0.0935,0.097,0.1282,100,false
0.2,0.25,10,0.1069,0.1876,0.1373,0.1214,0.1282,0.0952,0.0942,0.1292,100,false
0.2,0.25,50,0.071,0.1871,0.1367,0.1414,0.1274,0.0815,0.1025,0.1524,100,false
0.2,0.25,100,0.09,0.2237,0.0652,0.22,0.1302,0.0768,0.1051,0.089,100,false
0.2,0.25,1000,0,0.0899,0.0434,0.2902,0.0221,0.1756,0,0.3788,100,false
0.2,0.25,5000,0,0.1808,0,0.2721,0,0.2755,0,0.2716,100,false
0.2,0.25,10000,0,0.3079,0,0.3258,0,0.1858,0,0.1805,100,false
0.2,0.3,0,0.1173,0.1262,0.1217,0.1233,0.1274,0.1298,0.1242,0.1301,100,false
0.2,0.3,1,0.1062,0.1306,0.1341,0.1235,0.1334,0.1292,0.1158,0.1272,100,false
0.2,0.3,2,0.0983,0.1382,0.1408,0.1247,0.1425,0.124,0.105,0.1265,100,false
0.2,0.3,3,0.0933,0.147,0.1404,0.1278,0.1481,0.1179,0.0947,0.1308,100,false
0.2,0.3,4,0.0903,0.1564,0.1439,0.1245,0.1513,0.1123,0.0912,0.1301,100,false
0.2,0.3,5,0.0841,0.1674,0.1474,0.1222,0.1536,0.1065,0.0881,0.1307,100,false
0.2,0.3,6,0.0812,0.1793,0.1495,0.1236,0.1476,0.1014,0.0874,0.13,100,false
0.2,0.3,7,0.0831,0.1902,0.1511,0.1233,0.1405,0.1,0.082,0.1298,100,false
0.2,0.3,8,0.0851,0.1953,0.1508,0.1234,0.1387,0.0963,0.0759,0.1345,100,false
0.2,0.3,9,0.0888,0.2074,0.1447,0.1216,0.1314,0.0942,0.073,0.1389,100,false
0.2,0.3,10,0.0929,0.2158,0.1404,0.1162,0.1303,0.0899,0.0708,0.1437,100,false
0.2,0.3,50,0.0448,0.2442,0.1052,0.1312,0.147,0.0578,0.1273,0.1425,100,false
0.2,0.3,100,0.1497,0.2752,0.0367,0.1993,0.0864,0.0458,0.1402,0.0667,100,false
0.2,0.3,1000,0,0.0176,0.0636,0.0421,0.0741,0.0335,0,0.7691,100,false
0.2,0.3,5000,0,0.2091,0,0.2926,0,0.2077,0,0.2906,100,false
0.2,0.3,10000,0,0.2331,0,0.2465,0,0.2596,0,0.2608,100,false
0.2,0.35,0,0.1212,0.1248,0.1239,0.1263,0.1307,0.1219,0.1239,0.1273,100,false
0.2,0.35,1,0.1099,0.1281,0.1367,0.1257,0.1403,0.1161,0.1168,0.1264,100,false
0.2,0.35,2,0.1068,0.1312,0.1464,0.1288,0.1437,0.1125,0.1073,0.1233,100,false
0.2,0.35,3,0.1026,0.1375,0.1491,0.1318,0.1469,0.1067,0.1016,0.1238,100,false
0.2,0.35,4,0.096,0.1523,0.1501,0.1305,0.1483,0.1037,0.0951,0.124,100,false
0.2,0.35,5,0.0961,0.1622,0.1506,0.1297,0.1483,0.0971,0.0877,0.1283,100,false
0.2,0.35,6,0.0964,0.1713,0.1536,0.1256,0.1486,0.09,0.0813,0.1332,100,false
0.2,0.35,7,0.0963,0.1767,0.1521,0.1253,0.1471,0.0875,0.0764,0.1386,100,false
0.2,0.35,8,0.0969,0.1822,0.1486,0.1212,0.1505,0.0813,0.0749,0.1444,100,false
0.2,0.35,9,0.0943,0.19,0.1451,0.1175,0.1506,0.0794,0.0717,0.1514,100,false
0.2,0.35,10,0.094,0.1972,0.1391,0.1191,0.147,0.0748,0.0721,0.1567,100,false
0.2,0.35,50,0.0585,0.2626,0.0363,0.1794,0.135,0.0864,0.1178,0.124,100,false
0.2,0.35,100,0.0647,0.1762,0.0561,0.3099,0.0712,0.156,0.0952,0.0707,100,false
0.2,0.35,1000,0.0711,0.2366,0.1285,0.1741,0.1024,0.0789,0.0826,0.1258,100,false
0.2,0.35,5000,0.059,0.3743,0.0292,0.1845,0.0993,0.0787,0.0702,0.1048,100,false
0.2,0.35,10000,0.1138,0.1088,0.1292,0.108,0.1229,0.1511,0.1084,0.1578,100,false
0.2,0.4,0,0.1284,0.1219,0.1301,0.1263,0.1245,0.1253,0.1221,0.1214,100,false
0.2,0.4,1,0.1161,0.1216,0.1446,0.1281,0.1317,0.1226,0.1083,0.127,100,false
0.2,0.4,2,0.1037,0.1254,0.1622,0.1271,0.1353,0.1189,0.0965,0.1309,100,false
0.2,0.4,3,0.1007,0.1309,0.1748,0.1237,0.1352,0.113,0.0906,0.1311,100,false
0.2,0.4,4,0.0928,0.1407,0.1854,0.1166,0.1365,0.1084,0.0812,0.1384,100,false
0.2,0.4,5,0.0922,0.1525,0.1842,0.1146,0.1351,0.1036,0.0729,0.1449,100,false
0.2,0.4,6,0.0893,0.1665,0.1855,0.1099,0.1338,0.0982,0.069,0.1478,100,false
0.2,0.4,7,0.0893,0.1764,0.1825,0.1076,0.1334,0.0958,0.0642,0.1508,100,false
0.2,0.4,8,0.089,0.1895,0.1751,0.1076,0.1287,0.093,0.0649,0.1522,100,false
0.2,0.4,9,0.0843,0.2018,0.1702,0.1046,0.128,0.087,0.0645,0.1596,100,false
0.2,0.4,10,0.0823,0.2156,0.1573,0.1016,0.1252,0.0875,0.0622,0.1683,100,false
0.2,0.4,50,0.021,0.3046,0.0687,0.1254,0.163,0.0442,0.0932,0.1799,100,false
0.2,0.4,100,0.0266,0.3358,0.0268,0.1969,0.1101,0.1303,0.1134,0.0601,100,false
0.2,0.4,1000,0.0008,0.1851,0,0.3989,0,0.1412,0,0.274,100,false
0.2,0.4,5000,0,0.2165,0,0.2681,0,0.2693,0,0.2461,100,false
0.2,0.4,10000,0,0.2369,0,0.2966,0,0.2855,0,0.181,100,false
0.2,0.45,0,0.1236,0.1302,0.1352,0.115,0.1271,0.1236,0.1179,0.1274,100,false
0.2,0.45,1,0.114,0.138,0.1438,0.1147,0.1376,0.1232,0.102,0.1267,100,false
0.2,0.45,2,0.1086,0.1452,0.143,0.116,0.1466,0.1185,0.0918,0.1303,100,false
0.2,0.45,3,0.1027,0.149,0.1572,0.1096,0.1557,0.1125,0.0816,0.1317,100,false
0.2,0.45,4,0.0957,0.156,0.1635,0.1087,0.16,0.1085,0.074,0.1336,100,false
0.2,0.45,5,0.0924,0.1641,0.1681,0.103,0.1617,0.1037,0.0695,0.1375,100,false
0.2,0.45,6,0.0893,0.1741,0.1688,0.1003,0.1624,0.0973,0.0649,0.1429,100,false
0.2,0.45,7,0.088,0.1884,0.165,0.0986,0.1607,0.0912,0.057,0.1511,100,false
0.2,0.45,8,0.0826,0.1952,0.1635,0.0972,0.1583,0.085,0.0517,0.1665,100,false
0.2,0.45,9,0.0766,0.206,0.1601,0.0933,0.1553,0.081,0.0494,0.1783,100,false
0.2,0.45,10,0.0768,0.208,0.1572,0.0888,0.1549,0.0797,0.0477,0.1869,100,false
0.2,0.45,50,0.0087,0.3045,0.0577,0.1431,0.1384,0.0504,0.0864,0.2108,100,false
0.2,0.45,100,0.0221,0.3962,0.0099,0.1518,0.1297,0.0619,0.17,0.0584,100,false
0.2,0.45,1000,0.0886,0.1979,0,0.5366,0,0.0513,0.0432,0.0824,100,false
0.2,0.45,5000,0,0.2666,0,0.1843,0,0.2591,0,0.29,100,false
0.2,0.45,10000,0,0.2884,0,0.1621,0,0.2699,0,0.2796,100,false
0.2,0.5,0,0.1254,0.1231,0.127,0.1243,0.1308,0.1242,0.1227,0.1225,100,false
0.2,0.5,1,0.1112,0.1301,0.142,0.12,0.1432,0.1188,0.1116,0.1231,100,false
0.2,0.5,2,0.0983,0.1388,0.154,0.1209,0.1532,0.1143,0.0972,0.1233,100,false
0.2,0.5,3,0.0935,0.1499,0.161,0.1213,0.1601,0.1085,0.0812,0.1245,100,false
0.2,0.5,4,0.0931,0.156,0.163,0.1251,0.1636,0.0978,0.0731,0.1283,100,false
0.2,0.5,5,0.0887,0.1677,0.1639,0.1216,0.1666,0.0893,0.0671,0.1351,100,false
0.2,0.5,6,0.0823,0.1776,0.1638,0.1211,0.165,0.0825,0.0649,0.1428,100,false
0.2,0.5,7,0.0793,0.1914,0.1644,0.1109,0.1637,0.0803,0.0621,0.1479,100,false
0.2,0.5,8,0.0768,0.2007,0.1626,0.1065,0.1618,0.0756,0.0578,0.1582,100,false
0.2,0.5,9,0.0765,0.2111,0.1549,0.1053,0.155,0.0719,0.0564,0.1689,100,false
0.2,0.5,10,0.0744,0.222,0.1478,0.1023,0.1497,0.0724,0.0547,0.1767,100,false
0.2,0.5,50,0.0327,0.2704,0.0603,0.1265,0.1341,0.0493,0.1296,0.1971,100,false
0.2,0.5,100,0.0721,0.3142,0.0141,0.0976,0.1687,0.1039,0.1247,0.1047,100,false
0.2,0.5,1000,0.1618,0.4425,0.11,0.0539,0.0395,0.021,0.0741,0.0972,100,false
0.2,0.5,5000,0.1586,0.0616,0.2662,0.0595,0.1831,0,0.1717,0.0993,100,false
0.2,0.5,10000,0,0.1518,0.002,0,0.6785,0,0.0001,0.1676,100,true
0.2,0.5,20000,0,0.1518,0.002,0,0.6785,0,0.0001,0.1676,100,true
0.2,0.5,30000,0,0.1518,0.002,0,0.6785,0,0.0001,0.1676,100,true
0.2,0.5,40000,0,0.1518,0.002,0,0.6785,0,0.0001,0.1676,100,true
0.2,0.5,50000,0,0.1518,0.002,0,0.6785,0,0.0001,0.1676,100,true
0.2,0.5,60000,0,0.1518,0.002,0,0.6785,0,0.0001,0.1676,100,true
0.2,0.5,70000,0,0.1518,0.002,0,0.6785,0,0.0001,0.1676,100,true
0.2,0.5,80000,0,0.1518,0.002,0,0.6785,0,0.0001,0.1676,100,true
0.2,0.5,90000,0,0.1518,0.002,0,0.6785,0,0.0001,0.1676,100,true
0.2,0.5,100000,0,0.1518,0.002,0,0.6785,0,0.0001,0.1676,100,true
0.2,0.55,0,0.1198,0.1281,0.1352,0.1273,0.1199,0.1266,0.1191,0.124,100,false
0.2,0.55,1,0.1033,0.1362,0.1494,0.1256,0.1365,0.1222,0.1016,0.1252,100,false
0.2,0.55,2,0.0949,0.1448,0.1596,0.1242,0.146,0.1163,0.0862,0.128,100,false
0.2,0.55,3,0.0869,0.1535,0.1713,0.1241,0.1451,0.113,0.0729,0.1332,100,false
0.2,0.55,4,0.0813,0.168,0.1768,0.1228,0.1425,0.1113,0.0592,0.1381,100,false
0.2,0.55,5,0.0782,0.1835,0.1747,0.1213,0.1428,0.1036,0.0506,0.1453,100,false
0.2,0.55,6,0.0769,0.1976,0.1747,0.1176,0.1399,0.0948,0.047,0.1515,100,false
0.2,0.55,7,0.0739,0.2089,0.1713,0.1143,0.1371,0.0897,0.0451,0.1597,100,false
0.2,0.55,8,0.0719,0.2258,0.1634,0.1087,0.1323,0.0855,0.0431,0.1693,100,false
0.2,0.55,9,0.0663,0.2416,0.1513,0.1049,0.1306,0.0858,0.0426,0.1769,100,false
0.2,0.55,10,0.0666,0.2536,0.1391,0.1011,0.1263,0.0847,0.0423,0.1863,100,false
0.2,0.55,50,0.0098,0.3054,0.044,0.1279,0.1471,0.0492,0.0822,0.2344,100,false
0.2,0.55,100,0.0193,0.4129,0.0068,0.1798,0.0871,0.063,0.1363,0.0948,100,false
0.2,0.55,1000,0.0764,0.1972,0.0001,0,0.1049,0.0401,0.0181,0.5632,100,false
0.2,0.55,5000,0,0.0046,0.0002,0,0.8687,0,0,0.1265,100,true
0.2,0.55,10000,0,0.0046,0.0002,0,0.8687,0,0,0.1265,100,true
0.2,0.55,20000,0,0.0046,0.0002,0,0.8687,0,0,0.1265,100,true
0.2,0.55,30000,0,0.0046,0.0002,0,0.8687,0,0,0.1265,100,true
0.2,0.55,40000,0,0.0046,0.0002,0,0.8687,0,0,0.1265,100,true
0.2,0.55,50000,0,0.0046,0.0002,0,0.8687,0,0,0.1265,100,true
0.2,0.55,60000,0,0.0046,0.0002,0,0.8687,0,0,0.1265,100,true
0.2,0.55,70000,0,0.0046,0.0002,0,0.8687,0,0,0.1265,100,true
0.2,0.55,80000,0,0.0046,0.0002,0,0.8687,0,0,0.1265,100,true
0.2,0.55,90000,0,0.0046,0.0002,0,0.8687,0,0,0.1265,100,true
0.2,0.55,100000,0,0.0046,0.0002,0,0.8687,0,0,0.1265,100,true
0.2,0.6,0,0.1207,0.1274,0.127,0.1282,0.1272,0.1274,0.1244,0.1177,100,false
0.2,0.6,1,0.1057,0.1336,0.1389,0.1309,0.1416,0.1258,0.1003,0.1232,100,false
0.2,0.6,2,0.094,0.1442,0.154,0.1274,0.1505,0.1169,0.0889,0.1241,100,false
0.2,0.6,3,0.0865,0.1548,0.1611,0.1281,0.1525,0.1118,0.0791,0.1261,100,false
0.2,0.6,4,0.0871,0.1598,0.1703,0.1279,0.1483,0.107,0.068,0.1316,100,false
0.2,0.6,5,0.082,0.1769,0.1707,0.1255,0.1457,0.1028,0.0592,0.1372,100,false
0.2,0.6,6,0.0796,0.1944,0.1673,0.1212,0.1453,0.0968,0.0517,0.1437,100,false
0.2,0.6,7,0.082,0.2095,0.1571,0.121,0.14,0.0906,0.0469,0.1529,100,false
0.2,0.6,8,0.0824,0.2203,0.1514,0.1134,0.1418,0.0825,0.0451,0.1631,100,false
0.2,0.6,9,0.0841,0.2272,0.142,0.1101,0.1399,0.078,0.0455,0.1732,100,false
0.2,0.6,10,0.0816,0.2348,0.1341,0.1044,0.1392,0.0756,0.0469,0.1834,100,false
0.2,0.6,50,0.0102,0.2393,0.0655,0.1507,0.119,0.0649,0.1037,0.2467,100,false
0.2,0.6,100,0.0098,0.5618,0.011,0.1044,0.0532,0.0654,0.1034,0.091,100,false
0.2,0.6,1000,0.1343,0.1321,0.1246,0.096,0.1896,0.0295,0.1049,0.189,100,false
0.2,0.6,5000,0.0731,0.1087,0.1302,0.1281,0.3691,0,0.1074,0.0834,100,false
0.2,0.6,10000,0,0.1449,0,0,0.7524,0,0,0.1027,100,true
0.2,0.6,20000,0,0.1449,0,0,0.7524,0,0,0.1027,100,true
0.2,0.6,30000,0,0.1449,0,0,0.7524,0,0,0.1027,100,true
0.2,0.6,40000,0,0.1449,0,0,0.7524,0,0,0.1027,100,true
0.2,0.6,50000,0,0.1449,0,0,0.7524,0,0,0.1027,100,true
0.2,0.6,60000,0,0.1449,0,0,0.7524,0,0,0.1027,100,true
0.2,0.6,70000,0,0.1449,0,0,0.7524,0,0,0.1027,100,true
0.2,0.6,80000,0,0.1449,0,0,0.7524,0,0,0.1027,100,true
0.2,0.6,90000,0,0.1449,0,0,0.7524,0,0,0.1027,100,true
0.2,0.6,100000,0,0.1449,0,0,0.7524,0,0,0.1027,100,true
0.2,0.65,0,0.1265,0.1201,0.1316,0.129,0.1199,0.1189,0.125,0.129,100,false
0.2,0.65,1,0.1115,0.1234,0.1508,0.124,0.1364,0.1155,0.1072,0.1312,100,false
0.2,0.65,2,0.0998,0.1334,0.1667,0.1155,0.1501,0.1114,0.0906,0.1325,100,false
0.2,0.65,3,0.0891,0.1468,0.1783,0.1106,0.1539,0.1081,0.0813,0.1319,100,false
0.2,0.65,4,0.0824,0.1579,0.1863,0.1086,0.1578,0.1027,0.0671,0.1372,100,false
0.2,0.65,5,0.0787,0.1729,0.1903,0.109,0.154,0.0988,0.0539,0.1424,100,false
0.2,0.65,6,0.0775,0.1904,0.1845,0.1077,0.1508,0.0925,0.0467,0.1499,100,false
0.2,0.65,7,0.0784,0.2027,0.1813,0.1029,0.1486,0.0873,0.0401,0.1587,100,false
0.2,0.65,8,0.0758,0.2146,0.1751,0.0998,0.1506,0.0788,0.0353,0.17,100,false
0.2,0.65,9,0.0729,0.2299,0.162,0.0927,0.1499,0.0751,0.0332,0.1843,100,false
0.2,0.65,10,0.0734,0.2371,0.152,0.0884,0.1489,0.073,0.0341,0.1931,100,false
0.2,0.65,50,0.0015,0.27,0.0548,0.1473,0.166,0.051,0.1267,0.1827,100,false
0.2,0.65,100,0.0398,0.3256,0.0134,0.1569,0.1167,0.0966,0.1936,0.0574,100,false
0.2,0.65,1000,0.1017,0.2761,0.1028,0.165,0.1264,0.0244,0.1103,0.0933,100,false
0.2,0.65,5000,0.1295,0.149,0.2687,0.0706,0.2247,0,0.1093,0.0482,100,false
0.2,0.65,10000,0,0.1967,0,0,0.7326,0,0.004,0.0667,100,true
0.2,0.65,20000,0,0.1967,0,0,0.7326,0,0.004,0.0667,100,true
0.2,0.65,30000,0,0.1967,0,0,0.7326,0,0.004,0.0667,100,true
0.2,0.65,40000,0,0.1967,0,0,0.7326,0,0.004,0.0667,100,true
0.2,0.65,50000,0,0.1967,0,0,0.7326,0,0.004,0.0667,100,true
0.2,0.65,60000,0,0.1967,0,0,0.7326,0,0.004,0.0667,100,true
0.2,0.65,70000,0,0.1967,0,0,0.7326,0,0.004,0.0667,100,true
0.2,0.65,80000,0,0.1967,0,0,0.7326,0,0.004,0.0667,100,true
0.2,0.65,90000,0,0.1967,0,0,0.7326,0,0.004,0.0667,100,true
0.2,0.65,100000,0,0.1967,0,0,0.7326,0,0.004,0.0667,100,true
0.2,0.7,0,0.1233,0.123,0.1268,0.1308,0.1159,0.1221,0.1323,0.1258,100,false
0.2,0.7,1,0.1037,0.1267,0.1513,0.1232,0.1351,0.1251,0.1123,0.1226,100,false
0.2,0.7,2,0.0887,0.1361,0.1699,0.1256,0.1421,0.1197,0.0939,0.124,100,false
0.2,0.7,3,0.0843,0.1535,0.1749,0.1251,0.1435,0.1153,0.0795,0.1239,100,false
0.2,0.7,4,0.0768,0.1694,0.1816,0.1252,0.146,0.1057,0.0664,0.1289,100,false
0.2,0.7,5,0.0732,0.1877,0.1846,0.1177,0.1485,0.0978,0.0574,0.1331,100,false
0.2,0.7,6,0.0723,0.2031,0.1857,0.1143,0.1421,0.0914,0.0499,0.1412,100,false
0.2,0.7,7,0.0724,0.2232,0.1819,0.1053,0.1407,0.0865,0.0452,0.1448,100,false
0.2,0.7,8,0.071,0.2397,0.1708,0.0999,0.1411,0.0825,0.0412,0.1538,100,false
0.2,0.7,9,0.0672,0.2564,0.1602,0.0928,0.1416,0.0792,0.0386,0.164,100,false
0.2,0.7,10,0.0622,0.2733,0.1469,0.0856,0.1442,0.0782,0.0358,0.1738,100,false
0.2,0.7,50,0.0178,0.2301,0.0656,0.1428,0.1576,0.0353,0.1252,0.2256,100,false
0.2,0.7,100,0.0673,0.3092,0.0531,0.1098,0.1693,0.0715,0.1553,0.0645,100,false
0.2,0.7,1000,0.1645,0.1272,0.2004,0.0766,0.1411,0,0.1649,0.1253,100,false
0.2,0.7,5000,0,0.1537,0,0,0.7968,0,0.0026,0.0469,100,true
0.2,0.7,10000,0,0.1537,0,0,0.7968,0,0.0026,0.0469,100,true
0.2,0.7,20000,0,0.1537,0,0,0.7968,0,0.0026,0.0469,100,true
0.2,0.7,30000,0,0.1537,0,0,0.7968,0,0.0026,0.0469,100,true
0.2,0.7,40000,0,0.1537,0,0,0.7968,0,0.0026,0.0469,100,true
0.2,0.7,50000,0,0.1537,0,0,0.7968,0,0.0026,0.0469,100,true
0.2,0.7,60000,0,0.1537,0,0,0.7968,0,0.0026,0.0469,100,true
0.2,0.7,70000,0,0.1537,0,0,0.7968,0,0.0026,0.0469,100,true
0.2,0.7,80000,0,0.1537,0,0,0.7968,0,0.0026,0.0469,100,true
0.2,0.7,90000,0,0.1537,0,0,0.7968,0,0.0026,0.0469,100,true
0.2,0.7,100000,0,0.1537,0,0,0.7968,0,0.0026,0.0469,100,true
0.2,0.75,0,0.1263,0.1173,0.129,0.1257,0.1229,0.1301,0.123,0.1257,100,false
0.2,0.75,1,0.1082,0.1176,0.1516,0.124,0.1382,0.1279,0.1042,0.1283,100,false
0.2,0.75,2,0.0905,0.1299,0.172,0.1216,0.1478,0.1244,0.0866,0.1272,100,false
0.2,0.75,3,0.0794,0.1421,0.1854,0.1182,0.1584,0.12,0.0694,0.1271,100,false
0.2,0.75,4,0.0743,0.1572,0.1936,0.1148,0.1632,0.11,0.0578,0.1291,100,false
0.2,0.75,5,0.0738,0.1758,0.1956,0.1143,0.1569,0.104,0.0476,0.132,100,false
0.2,0.75,6,0.0705,0.1958,0.1919,0.111,0.1509,0.0982,0.0439,0.1378,100,false
0.2,0.75,7,0.0687,0.2138,0.1856,0.1036,0.1506,0.0907,0.0392,0.1478,100,false
0.2,0.75,8,0.068,0.2343,0.1766,0.0979,0.1479,0.0862,0.0342,0.1549,100,false
0.2,0.75,9,0.0704,0.2498,0.1647,0.0913,0.1426,0.0839,0.0297,0.1676,100,false
0.2,0.75,10,0.0725,0.2592,0.1525,0.0875,0.1403,0.0829,0.0261,0.179,100,false
0.2,0.75,50,0.0031,0.2392,0.0801,0.1238,0.1395,0.0468,0.0892,0.2783,100,false
0.2,0.75,100,0.0325,0.482,0.0302,0.1261,0.0636,0.0543,0.1335,0.0778,100,false
0.2,0.75,1000,0.0741,0.1979,0.2392,0.0567,0.1266,0.0216,0.2233,0.0606,100,false
0.2,0.75,5000,0.0812,0.1557,0.1784,0.0951,0.1767,0,0.189,0.1239,100,false
0.2,0.75,10000,0.1351,0.0686,0.1797,0.1126,0.1933,0,0.1588,0.1519,100,false
0.2,0.8,0,0.1254,0.127,0.1292,0.1289,0.1257,0.1194,0.1234,0.121,100,false
0.2,0.8,1,0.1026,0.1273,0.1594,0.1248,0.1418,0.1154,0.1047,0.124,100,false
0.2,0.8,2,0.0902,0.1336,0.172,0.1292,0.1487,0.1078,0.0914,0.1271,100,false
0.2,0.8,3,0.0853,0.1429,0.1883,0.127,0.1507,0.1002,0.077,0.1286,100,false
0.2,0.8,4,0.0804,0.1617,0.1963,0.1224,0.1478,0.097,0.0641,0.1303,100,false
0.2,0.8,5,0.077,0.1828,0.1973,0.1182,0.1398,0.0918,0.0577,0.1354,100,false
0.2,0.8,6,0.0753,0.2007,0.1914,0.111,0.1373,0.0883,0.0532,0.1428,100,false
0.2,0.8,7,0.0709,0.217,0.1839,0.1063,0.138,0.0883,0.0465,0.1491,100,false
0.2,0.8,8,0.0697,0.2326,0.1735,0.0999,0.1391,0.0886,0.0404,0.1562,100,false
0.2,0.8,9,0.0703,0.2425,0.1628,0.0999,0.1362,0.0856,0.0363,0.1664,100,false
0.2,0.8,10,0.0689,0.2542,0.1492,0.0958,0.1378,0.0818,0.0339,0.1784,100,false
0.2,0.8,50,0.0002,0.2406,0.0506,0.153,0.128,0.0581,0.0982,0.2713,100,false
0.2,0.8,100,0,0.4814,0.0082,0.144,0.0807,0.0759,0.139,0.0708,100,false
0.2,0.8,1000,0,0.4716,0,0.072,0.0448,0.1126,0.1645,0.1345,100,false
0.2,0.8,5000,0,0.2991,0,0.2098,0,0.2567,0,0.2344,100,false
0.2,0.8,10000,0,0.2498,0,0.2362,0,0.235,0,0.279,100,false
0.2,0.85,0,0.1222,0.1299,0.1286,0.1231,0.1177,0.1248,0.1261,0.1276,100,false
0.2,0.85,1,0.1018,0.1362,0.1476,0.1249,0.138,0.126,0.1041,0.1214,100,false
0.2,0.85,2,0.0908,0.1466,0.1652,0.1214,0.1515,0.1194,0.0791,0.126,100,false
0.2,0.85,3,0.0825,0.1622,0.1705,0.1223,0.1584,0.1062,0.0659,0.132,100,false
0.2,0.85,4,0.0798,0.1752,0.1756,0.1217,0.1536,0.1005,0.0552,0.1384,100,false
0.2,0.85,5,0.0705,0.1927,0.1742,0.1195,0.1556,0.0936,0.0471,0.1468,100,false
0.2,0.85,6,0.067,0.2105,0.1709,0.1145,0.152,0.0876,0.0438,0.1537,100,false
0.2,0.85,7,0.0622,0.2284,0.1674,0.1037,0.1526,0.0829,0.0382,0.1646,100,false
0.2,0.85,8,0.0605,0.2444,0.1569,0.098,0.15,0.0788,0.0376,0.1738,100,false
0.2,0.85,9,0.0574,0.2561,0.1485,0.0924,0.1489,0.0742,0.0359,0.1866,100,false
0.2,0.85,10,0.0561,0.2723,0.1364,0.0871,0.1483,0.0726,0.0317,0.1955,100,false
0.2,0.85,50,0.0035,0.2247,0.0493,0.1417,0.1522,0.0428,0.1159,0.2699,100,false
0.2,0.85,100,0.0505,0.4162,0.0231,0.1092,0.1052,0.0846,0.1593,0.0519,100,false
0.2,0.85,1000,0.0839,0.2828,0.0958,0.0281,0.2428,0.0033,0.1668,0.0965,100,false
0.2,0.85,5000,0.1749,0.227,0.1503,0.0733,0.1341,0,0.0674,0.173,100,false
0.2,0.85,10000,0.1734,0.1612,0.1468,0.0626,0.2459,0,0.1412,0.0689,100,false
0.2,0.9,0,0.1224,0.1224,0.1224,0.128,0.1273,0.1277,0.1277,0.1221,100,false
0.2,0.9,1,0.102,0.131,0.1414,0.1327,0.1441,0.1268,0.104,0.118,100,false
0.2,0.9,2,0.0899,0.1405,0.1568,0.1432,0.151,0.1197,0.0824,0.1165,100,false
0.2,0.9,3,0.0796,0.1542,0.1671,0.1474,0.1529,0.1135,0.068,0.1173,100,false
0.2,0.9,4,0.0769,0.1737,0.1716,0.1471,0.1475,0.1067,0.0551,0.1214,100,false
0.2,0.9,5,0.0752,0.198,0.1729,0.1436,0.1427,0.1004,0.0444,0.1228,100,false
0.2,0.9,6,0.0759,0.2189,0.1647,0.1383,0.1375,0.0935,0.0381,0.1331,100,false
0.2,0.9,7,0.0735,0.243,0.1565,0.1314,0.1326,0.0883,0.0323,0.1424,100,false
0.2,0.9,8,0.0745,0.2599,0.1423,0.1308,0.1275,0.0835,0.0296,0.1519,100,false
0.2,0.9,9,0.0745,0.2702,0.1356,0.1269,0.1206,0.0802,0.0279,0.1641,100,false
0.2,0.9,10,0.0802,0.2743,0.1257,0.1215,0.1195,0.0755,0.0254,0.1779,100,false
0.2,0.9,50,0.0047,0.2282,0.0782,0.1516,0.1308,0.0783,0.0715,0.2567,100,false
0.2,0.9,100,0.0331,0.3836,0.0507,0.147,0.0955,0.0668,0.0971,0.1262,100,false
0.2,0.9,1000,0,0.3935,0,0.1684,0.0151,0.2208,0.0375,0.1647,100,false
0.2,0.9,5000,0,0.2421,0,0.2679,0,0.2181,0,0.2719,100,false
0.2,0.9,10000,0,0.232,0,0.1843,0,0.285,0,0.2987,100,false
0.2,0.95,0,0.1197,0.1255,0.1217,0.1251,0.13,0.1206,0.1272,0.1302,100,false
0.2,0.95,1,0.0936,0.1309,0.1511,0.1238,0.1536,0.1163,0.1048,0.1259,100,false
0.2,0.95,2,0.0807,0.1422,0.1714,0.1222,0.1648,0.1064,0.0849,0.1274,100,false
0.2,0.95,3,0.0722,0.1584,0.1857,0.124,0.1697,0.096,0.0669,0.1271,100,false
0.2,0.95,4,0.0634,0.1805,0.1883,0.1194,0.1723,0.0881,0.0558,0.1322,100,false
0.2,0.95,5,0.0571,0.2082,0.1867,0.1192,0.1645,0.0827,0.0464,0.1352,100,false
0.2,0.95,6,0.0559,0.2359,0.185,0.1138,0.1566,0.074,0.0379,0.1409,100,false
0.2,0.95,7,0.0518,0.2611,0.1757,0.1077,0.1527,0.0693,0.0322,0.1495,100,false
0.2,0.95,8,0.0506,0.2844,0.1644,0.1006,0.1452,0.0656,0.0277,0.1615,100,false
0.2,0.95,9,0.0507,0.306,0.1435,0.0956,0.1392,0.0637,0.0239,0.1774,100,false
0.2,0.95,10,0.0492,0.3218,0.1269,0.0866,0.1372,0.062,0.0234,0.1929,100,false
0.2,0.95,50,0.0035,0.2949,0.0495,0.1953,0.1518,0.0312,0.0982,0.1756,100,false
0.2,0.95,100,0.0113,0.4636,0.011,0.1339,0.1089,0.0471,0.1623,0.0619,100,false
0.2,0.95,1000,0.1097,0.1422,0.0761,0.0589,0.1618,0,0.1768,0.2745,100,false
0.2,0.95,5000,0.1313,0.2895,0.2101,0.0303,0.1147,0,0.0925,0.1316,100,false
0.2,0.95,10000,0.0982,0.2686,0.1519,0.0943,0.2145,0,0.0673,0.1052,100,false
0.2,1,0,0.1189,0.1198,0.1224,0.1251,0.1266,0.1267,0.1293,0.1312,100,false
0.2,1,1,0.093,0.1232,0.1539,0.1284,0.1498,0.1192,0.103,0.1295,100,false
0.2,1,2,0.0769,0.1367,0.1769,0.1222,0.1636,0.111,0.0838,0.1289,100,false
0.2,1,3,0.069,0.1548,0.1932,0.1184,0.1659,0.1018,0.0639,0.133,100,false
0.2,1,4,0.0634,0.1742,0.2024,0.1127,0.1635,0.094,0.0534,0.1364,100,false
0.2,1,5,0.0589,0.1958,0.206,0.1048,0.164,0.0863,0.0438,0.1404,100,false
0.2,1,6,0.0534,0.2192,0.2039,0.0998,0.1558,0.0838,0.0366,0.1475,100,false
0.2,1,7,0.0505,0.2433,0.191,0.0972,0.1519,0.0783,0.0304,0.1574,100,false
0.2,1,8,0.0501,0.2637,0.1794,0.0917,0.1481,0.073,0.0264,0.1676,100,false
0.2,1,9,0.0517,0.2777,0.1687,0.0858,0.1414,0.0704,0.0224,0.1819,100,false
0.2,1,10,0.0479,0.2949,0.1484,0.0826,0.1365,0.0677,0.0219,0.2001,100,false
0.2,1,50,0.0001,0.2654,0.0563,0.1825,0.1777,0.0373,0.092,0.1887,100,false
0.2,1,100,0.0211,0.4255,0.0351,0.0892,0.1129,0.0834,0.1611,0.0717,100,false
0.2,1,1000,0.0965,0.2474,0.1086,0.0705,0.1707,0.0004,0.0751,0.2308,100,false
0.2,1,5000,0,0.1013,0,0,0.7617,0,0,0.137,100,true
0.2,1,10000,0,0.1013,0,0,0.7617,0,0,0.137,100,true
0.2,1,20000,0,0.1013,0,0,0.7617,0,0,0.137,100,true
0.2,1,30000,0,0.1013,0,0,0.7617,0,0,0.137,100,true
0.2,1,40000,0,0.1013,0,0,0.7617,0,0,0.137,100,true
0.2,1,50000,0,0.1013,0,0,0.7617,0,0,0.137,100,true
0.2,1,60000,0,0.1013,0,0,0.7617,0,0,0.137,100,true
0.2,1,70000,0,0.1013,0,0,0.7617,0,0,0.137,100,true
0.2,1,80000,0,0.1013,0,0,0.7617,0,0,0.137,100,true
0.2,1,90000,0,0.1013,0,0,0.7617,0,0,0.137,100,true
0.2,1,100000,0,0.1013,0,0,0.7617,0,0,0.137,100,true
0.25,0,0,0.1248,0.1259,0.1255,0.1231,0.122,0.125,0.1275,0.1262,100,false
0.25,0,1,0.1263,0.1255,0.1239,0.1189,0.1271,0.121,0.1304,0.1269,100,false
0.25,0,2,0.1248,0.1243,0.128,0.1209,0.1239,0.1227,0.1286,0.1268,100,false
0.25,0,3,0.1283,0.123,0.126,0.1201,0.1208,0.125,0.1313,0.1255,100,false
0.25,0,4,0.1282,0.1224,0.1268,0.1204,0.1164,0.13,0.1309,0.1249,100,false
0.25,0,5,0.1261,0.1205,0.1252,0.1209,0.1188,0.1342,0.1305,0.1238,100,false
0.25,0,6,0.1257,0.1207,0.127,0.1193,0.1201,0.1369,0.1298,0.1205,100,false
0.25,0,7,0.1277,0.1203,0.1289,0.1159,0.1226,0.1359,0.1326,0.1161,100,false
0.25,0,8,0.1289,0.1231,0.1228,0.1189,0.1242,0.1362,0.1338,0.1121,100,false
0.25,0,9,0.1296,0.1259,0.1182,0.1216,0.127,0.1331,0.1325,0.1121,100,false
0.25,0,10,0.1316,0.1266,0.119,0.1233,0.1263,0.1286,0.1321,0.1125,100,false
0.25,0,50,0.1262,0.1299,0.1007,0.1283,0.136,0.1258,0.1293,0.1238,100,false
0.25,0,100,0.1286,0.1428,0.111,0.1543,0.1201,0.1098,0.078,0.1554,100,false
0.25,0,1000,0.0314,0.1777,0.0648,0.2086,0.1508,0.1372,0.1114,0.1181,100,false
0.25,0,5000,0.143,0.0828,0.1106,0.0661,0.1472,0.139,0.0937,0.2176,100,false
0.25,0,10000,0.0868,0.182,0.0907,0.0975,0.1111,0.1241,0.0962,0.2116,100,false
0.25,0.05,0,0.1251,0.1236,0.1277,0.1245,0.1224,0.1253,0.1244,0.127,100,false
0.25,0.05,1,0.1183,0.1264,0.1289,0.1249,0.1221,0.1279,0.1231,0.1284,100,false
0.25,0.05,2,0.1147,0.1275,0.1288,0.1298,0.1202,0.1302,0.1216,0.1272,100,false
0.25,0.05,3,0.1147,0.1298,0.136,0.1286,0.1168,0.1335,0.1162,0.1244,100,false
0.25,0.05,4,0.1213,0.1304,0.1353,0.129,0.1179,0.1294,0.1124,0.1243,100,false
0.25,0.05,5,0.1208,0.1293,0.136,0.1278,0.12,0.1282,0.1083,0.1296,100,false
0.25,0.05,6,0.1203,0.1335,0.1374,0.1278,0.1164,0.1272,0.1045,0.1329,100,false
0.25,0.05,7,0.1209,0.1356,0.1341,0.1272,0.1173,0.1249,0.1034,0.1366,100,false
0.25,0.05,8,0.1229,0.1392,0.1279,0.126,0.1206,0.1241,0.1013,0.138,100,false
0.25,0.05,9,0.1234,0.1416,0.1242,0.1255,0.1256,0.1184,0.1014,0.1399,100,false
0.25,0.05,10,0.1254,0.1393,0.1223,0.1249,0.1263,0.1163,0.1033,0.1422,100,false
0.25,0.05,50,0.1205,0.1273,0.1272,0.1097,0.1284,0.1335,0.1208,0.1326,100,false
0.25,0.05,100,0.0751,0.134,0.1315,0.1075,0.1445,0.1374,0.1513,0.1187,100,false
0.25,0.05,1000,0,0.0009,0.0098,0.0007,0.2061,0,0,0.7825,100,true
0.25,0.05,5000,0,0.0009,0.0098,0.0007,0.2061,0,0,0.7825,100,true
0.25,0.05,10000,0,0.0009,0.0098,0.0007,0.2061,0,0,0.7825,100,true
0.25,0.05,20000,0,0.0009,0.0098,0.0007,0.2061,0,0,0.7825,100,true
0.25,0.05,30000,0,0.0009,0.0098,0.0007,0.2061,0,0,0.7825,100,true
0.25,0.05,40000,0,0.0009,0.0098,0.0007,0.2061,0,0,0.7825,100,true
0.25,0.05,50000,0,0.0009,0.0098,0.0007,0.2061,0,0,0.7825,100,true
0.25,0.05,60000,0,0.0009,0.0098,0.0007,0.2061,0,0,0.7825,100,true
0.25,0.05,70000,0,0.0009,0.0098,0.0007,0.2061,0,0,0.7825,100,true
0.25,0.05,80000,0,0.0009,0.0098,0.0007,0.2061,0,0,0.7825,100,true
0.25,0.05,90000,0,0.0009,0.0098,0.0007,0.2061,0,0,0.7825,100,true
0.25,0.05,100000,0,0.0009,0.0098,0.0007,0.2061,0,0,0.7825,100,true
0.25,0.1,0,0.1273,0.1214,0.1264,0.1261,0.1216,0.1249,0.1259,0.1264,100,false
0.25,0.1,1,0.1259,0.1195,0.1271,0.128,0.1271,0.1235,0.1241,0.1248,100,false
0.25,0.1,2,0.1223,0.1211,0.1272,0.1316,0.1301,0.1224,0.1228,0.1225,100,false
0.25,0.1,3,0.1215,0.1234,0.1296,0.1342,0.1331,0.1215,0.117,0.1197,100,false
0.25,0.1,4,0.122,0.1288,0.1285,0.1355,0.1319,0.1207,0.113,0.1196,100,false
0.25,0.1,5,0.1243,0.1293,0.1287,0.1399,0.1294,0.115,0.1137,0.1197,100,false
0.25,0.1,6,0.1219,0.1311,0.1345,0.1387,0.1267,0.1103,0.1116,0.1252,100,false
0.25,0.1,7,0.1216,0.1344,0.1349,0.1351,0.1233,0.1088,0.1136,0.1283,100,false
0.25,0.1,8,0.1221,0.1368,0.1358,0.1317,0.1198,0.108,0.1148,0.131,100,false
0.25,0.1,9,0.1209,0.1346,0.14,0.13,0.1167,0.1082,0.1161,0.1335,100,false
0.25,0.1,10,0.1214,0.1352,0.1434,0.1279,0.1134,0.1076,0.1146,0.1365,100,false
0.25,0.1,50,0.1408,0.1772,0.1242,0.0982,0.1335,0.0872,0.112,0.1269,100,false
0.25,0.1,100,0.1532,0.1404,0.1301,0.0971,0.114,0.0986,0.1752,0.0914,100,false
0.25,0.1,1000,0.1141,0.1187,0.099,0.215,0.1401,0.0948,0.1451,0.0732,100,false
0.25,0.1,5000,0.0628,0.1248,0.22,0.1691,0.1089,0.087,0.1054,0.122,100,false
0.25,0.1,10000,0.1156,0.1126,0.1346,0.1192,0.0864,0.1114,0.0691,0.2511,100,false
0.25,0.15,0,0.1272,0.124,0.1245,0.1288,0.1222,0.1275,0.1234,0.1224,100,false
0.25,0.15,1,0.123,0.1249,0.1351,0.1274,0.1241,0.1277,0.1152,0.1226,100,false
0.25,0.15,2,0.117,0.1297,0.139,0.1276,0.1252,0.1273,0.1099,0.1243,100,false
0.25,0.15,3,0.1179,0.1322,0.1405,0.127,0.1244,0.1265,0.1085,0.123,100,false
0.25,0.15,4,0.1166,0.1391,0.1444,0.129,0.1199,0.1277,0.1043,0.119,100,false
0.25,0.15,5,0.116,0.1452,0.1472,0.1246,0.1229,0.1246,0.1013,0.1182,100,false
0.25,0.15,6,0.1168,0.1505,0.1454,0.1206,0.1236,0.1256,0.0977,0.1198,100,false
0.25,0.15,7,0.1177,0.1574,0.1416,0.1187,0.1226,0.1252,0.0912,0.1256,100,false
0.25,0.15,8,0.1213,0.156,0.1424,0.1186,0.1246,0.1202,0.0891,0.1278,100,false
0.25,0.15,9,0.1234,0.1571,0.14,0.1187,0.1253,0.1145,0.0872,0.1338,100,false
0.25,0.15,10,0.1226,0.1576,0.1387,0.1138,0.131,0.1093,0.0848,0.1422,100,false
0.25,0.15,50,0.0935,0.1855,0.1313,0.0971,0.1121,0.0994,0.1139,0.1672,100,false
0.25,0.15,100,0.0989,0.2649,0.0944,0.0805,0.0932,0.108,0.0966,0.1635,100,false
0.25,0.15,1000,0.0445,0.0991,0.1449,0.1253,0.1535,0.1691,0.168,0.0956,100,false
0.25,0.15,5000,0,0.2831,0,0.2193,0,0.2911,0,0.2065,100,false
0.25,0.15,10000,0,0.3022,0,0.259,0,0.1898,0,0.249,100,false
0.25,0.2,0,0.1252,0.1229,0.1249,0.119,0.1281,0.1231,0.1284,0.1284,100,false
0.25,0.2,1,0.1156,0.125,0.13,0.1181,0.1347,0.12,0.1286,0.128,100,false
0.25,0.2,2,0.1074,0.1305,0.1353,0.1183,0.1401,0.12,0.1212,0.1272,100,false
0.25,0.2,3,0.1018,0.133,0.1404,0.1204,0.1403,0.1207,0.1162,0.1272,100,false
0.25,0.2,4,0.0957,0.1404,0.146,0.1192,0.1396,0.123,0.1084,0.1277,100,false
0.25,0.2,5,0.0931,0.148,0.1477,0.1206,0.1412,0.1194,0.1029,0.1271,100,false
0.25,0.2,6,0.0898,0.1566,0.1504,0.1214,0.1376,0.116,0.0984,0.1298,100,false
0.25,0.2,7,0.0897,0.1659,0.1496,0.1203,0.1393,0.1129,0.094,0.1283,100,false
0.25,0.2,8,0.0899,0.177,0.1463,0.1206,0.1373,0.1098,0.0906,0.1285,100,false
0.25,0.2,9,0.0933,0.1842,0.1411,0.1196,0.1383,0.1085,0.0857,0.1293,100,false
0.25,0.2,10,0.0963,0.1869,0.1377,0.1202,0.1353,0.1053,0.0866,0.1317,100,false
0.25,0.2,50,0.0997,0.2321,0.1227,0.1187,0.1239,0.0742,0.0781,0.1506,100,false
0.25,0.2,100,0.0974,0.224,0.0894,0.1478,0.0902,0.1045,0.0874,0.1593,100,false
0.25,0.2,1000,0.0274,0.0209,0.1686,0.1567,0.1042,0.2807,0.1151,0.1264,100,false
0.25,0.2,5000,0.3866,0,0.2663,0,0.3471,0,0,0,100,false
0.25,0.2,10000,0.3763,0,0.3049,0,0.3188,0,0,0,100,false
0.25,0.25,0,0.1287,0.1253,0.1296,0.1155,0.122,0.1243,0.1288,0.1258,100,false
0.25,0.25,1,0.1208,0.1251,0.1344,0.1131,0.135,0.1235,0.1199,0.1282,100,false
0.25,0.25,2,0.1144,0.1255,0.1439,0.1115,0.1436,0.1229,0.1108,0.1274,100,false
0.25,0.25,3,0.1125,0.1317,0.1484,0.1138,0.1437,0.1206,0.1036,0.1257,100,false
0.25,0.25,4,0.1097,0.1344,0.1538,0.1166,0.1422,0.1176,0.1002,0.1255,100,false
0.25,0.25,5,0.1049,0.1434,0.1547,0.1184,0.1449,0.116,0.0935,0.1242,100,false
0.25,0.25,6,0.105,0.1532,0.1591,0.1155,0.1418,0.1135,0.0903,0.1216,100,false
0.25,0.25,7,0.1086,0.1602,0.1638,0.1127,0.1373,0.1082,0.0861,0.1231,100,false
0.25,0.25,8,0.1117,0.1656,0.1649,0.1074,0.136,0.1047,0.0846,0.1251,100,false
0.25,0.25,9,0.1104,0.1755,0.1658,0.0996,0.1354,0.1067,0.0778,0.1288,100,false
0.25,0.25,10,0.1099,0.1852,0.156,0.0985,0.1371,0.102,0.0751,0.1362,100,false
0.25,0.25,50,0.0781,0.2105,0.1576,0.1019,0.111,0.0557,0.1406,0.1446,100,false
0.25,0.25,100,0.1097,0.2701,0.0639,0.1387,0.1027,0.0884,0.1068,0.1197,100,false
0.25,0.25,1000,0.0509,0.0202,0.078,0.0585,0.2726,0.3648,0.1526,0.0024,100,false
0.25,0.25,5000,0,0.0039,0.0774,0,0.2191,0,0,0.6996,100,true
0.25,0.25,10000,0,0.0039,0.0774,0,0.2191,0,0,0.6996,100,true
0.25,0.25,20000,0,0.0039,0.0774,0,0.2191,0,0,0.6996,100,true
0.25,0.25,30000,0,0.0039,0.0774,0,0.2191,0,0,0.6996,100,true
0.25,0.25,40000,0,0.0039,0.0774,0,0.2191,0,0,0.6996,100,true
0.25,0.25,50000,0,0.0039,0.0774,0,0.2191,0,0,0.6996,100,true
0.25,0.25,60000,0,0.0039,0.0774,0,0.2191,0,0,0.6996,100,true
0.25,0.25,70000,0,0.0039,0.0774,0,0.2191,0,0,0.6996,100,true
0.25,0.25,80000,0,0.0039,0.0774,0,0.2191,0,0,0.6996,100,true
0.25,0.25,90000,0,0.0039,0.0774,0,0.2191,0,0,0.6996,100,true
0.25,0.25,100000,0,0.0039,0.0774,0,0.2191,0,0,0.6996,100,true
0.25,0.3,0,0.1209,0.123,0.1245,0.1271,0.1288,0.1268,0.1248,0.1241,100,false
0.25,0.3,1,0.1113,0.1229,0.1368,0.13,0.1344,0.1227,0.1183,0.1236,100,false
0.25,0.3,2,0.1021,0.1323,0.141,0.1333,0.1374,0.1233,0.1078,0.1228,100,false
0.25,0.3,3,0.0975,0.1429,0.1446,0.1348,0.1412,0.1168,0.1031,0.1191,100,false
0.25,0.3,4,0.0923,0.1533,0.1507,0.137,0.1416,0.1133,0.096,0.1158,100,false
0.25,0.3,5,0.0893,0.1648,0.1583,0.1335,0.1387,0.1081,0.0917,0.1156,100,false
0.25,0.3,6,0.0883,0.1774,0.1609,0.1285,0.1338,0.1061,0.0885,0.1165,100,false
0.25,0.3,7,0.0932,0.1875,0.1576,0.1247,0.1305,0.1037,0.0823,0.1205,100,false
0.25,0.3,8,0.0986,0.1943,0.1518,0.1227,0.1268,0.1008,0.078,0.127,100,false
0.25,0.3,9,0.1016,0.2015,0.1482,0.1184,0.1235,0.0963,0.0733,0.1372,100,false
0.25,0.3,10,0.101,0.2078,0.1414,0.1137,0.1241,0.0951,0.0698,0.1471,100,false
0.25,0.3,50,0.0491,0.2797,0.0907,0.1038,0.0879,0.0957,0.1091,0.184,100,false
0.25,0.3,100,0.0592,0.292,0.0469,0.2121,0.0724,0.1001,0.0997,0.1176,100,false
0.25,0.3,1000,0.058,0.1465,0.2065,0.1674,0.0892,0.117,0.0598,0.1556,100,false
0.25,0.3,5000,0,0.3033,0,0.2475,0,0.245,0,0.2042,100,false
0.25,0.3,10000,0,0.2595,0,0.2816,0,0.2009,0,0.258,100,false
0.25,0.35,0,0.1287,0.1248,0.124,0.129,0.126,0.1229,0.1208,0.1238,100,false
0.25,0.35,1,0.1197,0.1246,0.1328,0.1287,0.1367,0.1215,0.1109,0.1251,100,false
0.25,0.35,2,0.1133,0.1286,0.1462,0.1319,0.1395,0.1144,0.1003,0.1258,100,false
0.25,0.35,3,0.1096,0.1339,0.157,0.1273,0.14,0.1096,0.0916,0.131,100,false
0.25,0.35,4,0.1064,0.1416,0.1642,0.1254,0.1373,0.1044,0.0829,0.1378,100,false
0.25,0.35,5,0.1011,0.1488,0.1686,0.1227,0.1342,0.1024,0.0795,0.1427,100,false
0.25,0.35,6,0.0979,0.1569,0.1765,0.1136,0.1298,0.1024,0.0765,0.1464,100,false
0.25,0.35,7,0.0947,0.1688,0.1761,0.1084,0.1276,0.1025,0.0731,0.1488,100,false
0.25,0.35,8,0.0968,0.1742,0.1756,0.1018,0.1277,0.1001,0.0725,0.1513,100,false
0.25,0.35,9,0.0955,0.1836,0.1698,0.0992,0.1272,0.0997,0.0675,0.1575,100,false
0.25,0.35,10,0.0986,0.1862,0.1645,0.0958,0.1273,0.0997,0.0646,0.1633,100,false
0.25,0.35,50,0.052,0.233,0.0807,0.1154,0.1254,0.0818,0.0917,0.22,100,false
0.25,0.35,100,0.0402,0.1983,0.0612,0.1839,0.1089,0.1265,0.1364,0.1446,100,false
0.25,0.35,1000,0.0572,0.0544,0.2047,0.1845,0.1371,0.2759,0.032,0.0542,100,false
0.25,0.35,5000,0.0795,0.1236,0.145,0.0471,0.1353,0.0367,0.2898,0.143,100,false
0.25,0.35,10000,0,0.4988,0,0,0.4155,0,0.0857,0,100,true
0.25,0.35,20000,0,0.4988,0,0,0.4155,0,0.0857,0,100,true
0.25,0.35,30000,0,0.4988,0,0,0.4155,0,0.0857,0,100,true
0.25,0.35,40000,0,0.4988,0,0,0.4155,0,0.0857,0,100,true
0.25,0.35,50000,0,0.4988,0,0,0.4155,0,0.0857,0,100,true
0.25,0.35,60000,0,0.4988,0,0,0.4155,0,0.0857,0,100,true
0.25,0.35,70000,0,0.4988,0,0,0.4155,0,0.0857,0,100,true
0.25,0.35,80000,0,0.4988,0,0,0.4155,0,0.0857,0,100,true
0.25,0.35,90000,0,0.4988,0,0,0.4155,0,0.0857,0,100,true
0.25,0.35,100000,0,0.4988,0,0,0.4155,0,0.0857,0,100,true
0.25,0.4,0,0.1215,0.1327,0.1293,0.1258,0.1207,0.1234,0.1248,0.1218,100,false
0.25,0.4,1,0.1137,0.1351,0.1422,0.122,0.1349,0.1213,0.1076,0.1232,100,false
0.25,0.4,2,0.1067,0.1387,0.1483,0.1217,0.1425,0.1165,0.0993,0.1263,100,false
0.25,0.4,3,0.1043,0.1461,0.1548,0.1215,0.1437,0.113,0.0883,0.1283,100,false
0.25,0.4,4,0.1041,0.1544,0.1625,0.1198,0.1465,0.105,0.0776,0.1301,100,false
0.25,0.4,5,0.1031,0.1586,0.1634,0.1203,0.1452,0.1001,0.0731,0.1362,100,false
0.25,0.4,6,0.1019,0.171,0.1628,0.1152,0.1429,0.095,0.0694,0.1418,100,false
0.25,0.4,7,0.1013,0.182,0.1606,0.1146,0.138,0.0939,0.067,0.1426,100,false
0.25,0.4,8,0.1005,0.1891,0.1558,0.1114,0.1383,0.0894,0.0648,0.1507,100,false
0.25,0.4,9,0.099,0.2005,0.1482,0.1077,0.1376,0.0847,0.063,0.1593,100,false
0.25,0.4,10,0.1006,0.2026,0.14,0.1069,0.137,0.0821,0.0611,0.1697,100,false
0.25,0.4,50,0.0744,0.2526,0.0917,0.0983,0.1783,0.0843,0.0881,0.1323,100,false
0.25,0.4,100,0.072,0.1993,0.0905,0.1861,0.1522,0.0589,0.1091,0.1319,100,false
0.25,0.4,1000,0.0548,0.1625,0.1296,0.1127,0.0529,0.1766,0.1878,0.1231,100,false
0.25,0.4,5000,0.1077,0.2019,0.1131,0.1072,0.0592,0.1796,0.1047,0.1266,100,false
0.25,0.4,10000,0.1195,0.1721,0.1079,0.1008,0.0766,0.1561,0.0751,0.1919,100,false
0.25,0.45,0,0.1249,0.1248,0.1318,0.1186,0.1289,0.1251,0.1257,0.1202,100,false
0.25,0.45,1,0.1153,0.1284,0.1405,0.1197,0.1442,0.1193,0.1109,0.1217,100,false
0.25,0.45,2,0.1044,0.1367,0.15,0.1205,0.1532,0.1167,0.0971,0.1214,100,false
0.25,0.45,3,0.0987,0.1476,0.1612,0.1128,0.1607,0.1119,0.0874,0.1197,100,false
0.25,0.45,4,0.0943,0.1615,0.1618,0.1102,0.1659,0.1054,0.0768,0.1241,100,false
0.25,0.45,5,0.0881,0.1693,0.1668,0.1096,0.1719,0.0955,0.071,0.1278,100,false
0.25,0.45,6,0.0852,0.1837,0.1684,0.1073,0.1689,0.088,0.0641,0.1344,100,false
0.25,0.45,7,0.0841,0.1952,0.1647,0.1039,0.1663,0.0833,0.059,0.1435,100,false
0.25,0.45,8,0.0866,0.2037,0.158,0.1046,0.1592,0.0797,0.0574,0.1508,100,false
0.25,0.45,9,0.0898,0.2046,0.1518,0.1057,0.1564,0.076,0.0541,0.1616,100,false
0.25,0.45,10,0.0908,0.2093,0.1438,0.105,0.1525,0.0758,0.0528,0.17,100,false
0.25,0.45,50,0.0345,0.3047,0.086,0.1102,0.1231,0.0586,0.1255,0.1574,100,false
0.25,0.45,100,0.0911,0.2455,0.0827,0.1963,0.0998,0.0455,0.1003,0.1388,100,false
0.25,0.45,1000,0.0901,0.2325,0.0778,0.1696,0.2748,0.0117,0.0608,0.0827,100,false
0.25,0.45,5000,0,0.0617,0.0019,0.0004,0.6438,0,0,0.2922,100,true
0.25,0.45,10000,0,0.0617,0.0019,0.0004,0.6438,0,0,0.2922,100,true
0.25,0.45,20000,0,0.0617,0.0019,0.0004,0.6438,0,0,0.2922,100,true
0.25,0.45,30000,0,0.0617,0.0019,0.0004,0.6438,0,0,0.2922,100,true
0.25,0.45,40000,0,0.0617,0.0019,0.0004,0.6438,0,0,0.2922,100,true
0.25,0.45,50000,0,0.0617,0.0019,0.0004,0.6438,0,0,0.2922,100,true
0.25,0.45,60000,0,0.0617,0.0019,0.0004,0.6438,0,0,0.2922,100,true
0.25,0.45,70000,0,0.0617,0.0019,0.0004,0.6438,0,0,0.2922,100,true
0.25,0.45,80000,0,0.0617,0.0019,0.0004,0.6438,0,0,0.2922,100,true
0.25,0.45,90000,0,0.0617,0.0019,0.0004,0.6438,0,0,0.2922,100,true
0.25,0.45,100000,0,0.0617,0.0019,0.0004,0.6438,0,0,0.2922,100,true
0.25,0.5,0,0.1263,0.1287,0.1207,0.1256,0.1244,0.1242,0.1262,0.1239,100,false
0.25,0.5,1,0.1101,0.1268,0.1388,0.1252,0.1392,0.124,0.1161,0.1198,100,false
0.25,0.5,2,0.1005,0.1327,0.1543,0.1243,0.1466,0.1202,0.1032,0.1182,100,false
0.25,0.5,3,0.094,0.141,0.1637,0.1277,0.1481,0.1125,0.0925,0.1205,100,false
0.25,0.5,4,0.0884,0.1496,0.1743,0.1271,0.1516,0.1042,0.0815,0.1233,100,false
0.25,0.5,5,0.0883,0.1617,0.1791,0.1248,0.1508,0.0988,0.072,0.1245,100,false
0.25,0.5,6,0.0863,0.1786,0.1804,0.1221,0.1442,0.0946,0.0638,0.13,100,false
0.25,0.5,7,0.0849,0.1935,0.1813,0.1185,0.1402,0.091,0.0551,0.1355,100,false
0.25,0.5,8,0.0851,0.2094,0.171,0.115,0.1375,0.0867,0.0499,0.1454,100,false
0.25,0.5,9,0.0857,0.2239,0.1579,0.1129,0.1339,0.0832,0.0458,0.1567,100,false
0.25,0.5,10,0.0856,0.2356,0.1468,0.1099,0.1279,0.0816,0.044,0.1686,100,false
0.25,0.5,50,0.0321,0.2525,0.1116,0.1081,0.1701,0.0569,0.0755,0.1932,100,false
0.25,0.5,100,0.0708,0.2492,0.0635,0.2089,0.1528,0.0504,0.126,0.0784,100,false
0.25,0.5,1000,0.1135,0.1476,0.0344,0.2921,0.0682,0.1816,0.0899,0.0727,100,false
0.25,0.5,5000,0,0.3409,0,0.2585,0.0535,0.1444,0.0374,0.1653,100,false
0.25,0.5,10000,0,0.2436,0,0.2641,0,0.2254,0,0.2669,100,false
0.25,0.55,0,0.1233,0.1276,0.1335,0.1243,0.1247,0.1193,0.1267,0.1206,100,false
0.25,0.55,1,0.109,0.135,0.1465,0.1218,0.134,0.1176,0.1159,0.1202,100,false
0.25,0.55,2,0.1003,0.144,0.1564,0.1179,0.1462,0.1109,0.1045,0.1198,100,false
0.25,0.55,3,0.0978,0.1548,0.1597,0.1157,0.1543,0.1046,0.0908,0.1223,100,false
0.25,0.55,4,0.0937,0.1671,0.1649,0.115,0.158,0.0959,0.0779,0.1275,100,false
0.25,0.55,5,0.0875,0.1795,0.1665,0.1129,0.1602,0.0879,0.0714,0.1341,100,false
0.25,0.55,6,0.0878,0.1893,0.172,0.1065,0.1549,0.0829,0.0643,0.1423,100,false
0.25,0.55,7,0.0846,0.2022,0.171,0.0984,0.1523,0.081,0.0584,0.1521,100,false
0.25,0.55,8,0.0842,0.2123,0.1659,0.0966,0.1477,0.0807,0.0516,0.161,100,false
0.25,0.55,9,0.082,0.2249,0.1571,0.0933,0.1438,0.0778,0.0492,0.1719,100,false
0.25,0.55,10,0.0766,0.2299,0.1527,0.0876,0.1442,0.0764,0.0471,0.1855,100,false
0.25,0.55,50,0.0074,0.349,0.0502,0.129,0.1825,0.0418,0.0672,0.1729,100,false
0.25,0.55,100,0.0029,0.4209,0.0083,0.1549,0.1115,0.0553,0.1776,0.0686,100,false
0.25,0.55,1000,0.0705,0.0965,0,0.4385,0,0.2289,0.1107,0.0549,100,false
0.25,0.55,5000,0,0.2282,0,0.2188,0,0.2184,0,0.3346,100,false
0.25,0.55,10000,0,0.2138,0,0.2085,0,0.2801,0,0.2976,100,false
0.25,0.6,0,0.1261,0.1221,0.126,0.1335,0.1203,0.1234,0.122,0.1266,100,false
0.25,0.6,1,0.1123,0.1262,0.1446,0.137,0.1245,0.1256,0.1069,0.1229,100,false
0.25,0.6,2,0.1043,0.1309,0.1609,0.1354,0.1261,0.1279,0.0918,0.1227,100,false
0.25,0.6,3,0.0941,0.1454,0.1681,0.1347,0.1279,0.1236,0.0788,0.1274,100,false
0.25,0.6,4,0.0873,0.158,0.1764,0.1315,0.1258,0.1185,0.0718,0.1307,100,false
0.25,0.6,5,0.0841,0.1722,0.1835,0.1255,0.1247,0.1155,0.0607,0.1338,100,false
0.25,0.6,6,0.0853,0.1886,0.1814,0.122,0.1196,0.1129,0.0534,0.1368,100,false
0.25,0.6,7,0.0903,0.2065,0.1717,0.115,0.1181,0.1101,0.0479,0.1404,100,false
0.25,0.6,8,0.0966,0.217,0.1632,0.1078,0.1191,0.1068,0.0436,0.1459,100,false
0.25,0.6,9,0.0979,0.2225,0.1592,0.1004,0.1216,0.1035,0.0405,0.1544,100,false
0.25,0.6,10,0.0968,0.2371,0.1431,0.0945,0.1218,0.103,0.0383,0.1654,100,false
0.25,0.6,50,0.0329,0.2696,0.0822,0.0748,0.1745,0.0351,0.069,0.2619,100,false
0.25,0.6,100,0.0456,0.3174,0.0608,0.1124,0.1262,0.1077,0.1175,0.1124,100,false
0.25,0.6,1000,0.1187,0.1198,0.1164,0.1089,0.0977,0.0427,0.3315,0.0643,100,false
0.25,0.6,5000,0.1181,0.1726,0.1763,0.0766,0.3012,0,0.0848,0.0704,100,false
0.25,0.6,10000,0.1411,0.1748,0.0992,0.0408,0.0878,0,0.2708,0.1855,100,false
0.25,0.65,0,0.1247,0.1259,0.1268,0.1242,0.1187,0.1237,0.127,0.129,100,false
0.25,0.65,1,0.1074,0.1312,0.1392,0.1247,0.1391,0.1208,0.11,0.1276,100,false
0.25,0.65,2,0.0957,0.1346,0.155,0.1268,0.148,0.1144,0.0943,0.1312,100,false
0.25,0.65,3,0.0845,0.1433,0.1714,0.1229,0.1537,0.1078,0.0828,0.1336,100,false
0.25,0.65,4,0.0793,0.156,0.1825,0.1176,0.1554,0.1001,0.0721,0.137,100,false
0.25,0.65,5,0.074,0.1703,0.1886,0.1176,0.1484,0.093,0.0632,0.1449,100,false
0.25,0.65,6,0.0737,0.1847,0.1897,0.1111,0.1447,0.0907,0.0547,0.1507,100,false
0.25,0.65,7,0.0729,0.1979,0.1937,0.1011,0.1396,0.088,0.0481,0.1587,100,false
0.25,0.65,8,0.0781,0.2126,0.1871,0.089,0.1357,0.0851,0.0459,0.1665,100,false
0.25,0.65,9,0.0802,0.225,0.1719,0.0838,0.1353,0.0828,0.0438,0.1772,100,false
0.25,0.65,10,0.0766,0.2329,0.1615,0.0776,0.1335,0.0833,0.0448,0.1898,100,false
0.25,0.65,50,0.0109,0.296,0.0376,0.118,0.1411,0.0692,0.1088,0.2184,100,false
0.25,0.65,100,0.0171,0.4305,0.0117,0.151,0.0867,0.038,0.1808,0.0842,100,false
0.25,0.65,1000,0.0708,0.1062,0.1959,0.0394,0.0782,0.1045,0.2085,0.1965,100,false
0.25,0.65,5000,0.0722,0.117,0.0806,0.0845,0.4937,0.0212,0.1146,0.0162,100,false
0.25,0.65,10000,0.1064,0.3212,0.1041,0.1207,0.2068,0,0.071,0.0698,100,false
0.25,0.7,0,0.1196,0.129,0.1264,0.1305,0.1198,0.1233,0.1224,0.129,100,false
0.25,0.7,1,0.1009,0.1343,0.1424,0.133,0.1359,0.1167,0.1016,0.1352,100,false
0.25,0.7,2,0.0869,0.1434,0.1623,0.1293,0.1391,0.1122,0.0868,0.14,100,false
0.25,0.7,3,0.0804,0.1613,0.1699,0.1275,0.1374,0.1068,0.0755,0.1412,100,false
0.25,0.7,4,0.0746,0.178,0.1767,0.1211,0.137,0.1022,0.0653,0.1451,100,false
0.25,0.7,5,0.074,0.1966,0.1748,0.1149,0.132,0.1003,0.0551,0.1523,100,false
0.25,0.7,6,0.0707,0.2097,0.1731,0.1092,0.1293,0.0954,0.0523,0.1603,100,false
0.25,0.7,7,0.0692,0.2231,0.1666,0.1038,0.1243,0.092,0.0482,0.1728,100,false
0.25,0.7,8,0.0653,0.2383,0.1521,0.0973,0.125,0.09,0.0455,0.1865,100,false
0.25,0.7,9,0.0615,0.2504,0.1386,0.0933,0.1248,0.0917,0.0409,0.1988,100,false
0.25,0.7,10,0.0556,0.2553,0.1276,0.089,0.1271,0.0914,0.0401,0.2139,100,false
0.25,0.7,50,0.0043,0.3126,0.0553,0.1285,0.1473,0.0464,0.0792,0.2264,100,false
0.25,0.7,100,0.0092,0.4822,0.0099,0.1222,0.1191,0.0514,0.1456,0.0604,100,false
0.25,0.7,1000,0.0971,0.2655,0.0938,0.0617,0.1931,0.0607,0.1257,0.1024,100,false
0.25,0.7,5000,0.0881,0.1375,0.1188,0.1469,0.2235,0,0.1644,0.1208,100,false
0.25,0.7,10000,0.0718,0.16,0.1388,0.0786,0.3126,0,0.1726,0.0656,100,false
0.25,0.75,0,0.1219,0.1276,0.1203,0.1252,0.1294,0.128,0.121,0.1266,100,false
0.25,0.75,1,0.1039,0.1321,0.1399,0.124,0.1512,0.1236,0.1013,0.124,100,false
0.25,0.75,2,0.0909,0.1384,0.1566,0.128,0.1595,0.1168,0.0845,0.1253,100,false
0.25,0.75,3,0.0819,0.1465,0.17,0.132,0.1633,0.1055,0.072,0.1288,100,false
0.25,0.75,4,0.0725,0.1626,0.1806,0.1363,0.1613,0.0962,0.0583,0.1322,100,false
0.25,0.75,5,0.0664,0.1831,0.1826,0.1364,0.1558,0.0884,0.0487,0.1386,100,false
0.25,0.75,6,0.0676,0.1999,0.1829,0.1334,0.1448,0.083,0.0439,0.1445,100,false
0.25,0.75,7,0.0655,0.2162,0.179,0.1274,0.1386,0.0765,0.0401,0.1567,100,false
0.25,0.75,8,0.0679,0.2337,0.1731,0.1161,0.1297,0.0737,0.0368,0.169,100,false
0.25,0.75,9,0.0683,0.2514,0.1616,0.1071,0.1251,0.0717,0.0333,0.1815,100,false
0.25,0.75,10,0.0669,0.2693,0.1493,0.0982,0.1213,0.071,0.0311,0.1929,100,false
0.25,0.75,50,0.0064,0.2752,0.0619,0.1509,0.1879,0.055,0.0521,0.2106,100,false
0.25,0.75,100,0.011,0.3682,0.0194,0.1514,0.1237,0.0742,0.1344,0.1177,100,false
0.25,0.75,1000,0.0827,0.1548,0.1163,0.1747,0.1762,0.0146,0.1423,0.1384,100,false
0.25,0.75,5000,0.1145,0.1856,0.1426,0.0794,0.3037,0,0.063,0.1112,100,false
0.25,0.75,10000,0.1028,0.0731,0.1481,0.078,0.2449,0,0.2907,0.0624,100,false
0.25,0.8,0,0.1216,0.1254,0.1232,0.1304,0.1257,0.1303,0.1233,0.1201,100,false
0.25,0.8,1,0.104,0.1288,0.1422,0.1333,0.145,0.124,0.1003,0.1224,100,false
0.25,0.8,2,0.0916,0.1356,0.156,0.1404,0.153,0.115,0.0855,0.1229,100,false
0.25,0.8,3,0.0811,0.1495,0.1708,0.1435,0.1524,0.1057,0.0717,0.1253,100,false
0.25,0.8,4,0.0775,0.165,0.1861,0.1379,0.1474,0.0997,0.0594,0.127,100,false
0.25,0.8,5,0.0723,0.184,0.1947,0.1319,0.1396,0.0946,0.0482,0.1347,100,false
0.25,0.8,6,0.0697,0.2043,0.1917,0.1254,0.1343,0.0888,0.0428,0.143,100,false
0.25,0.8,7,0.0661,0.2246,0.1865,0.1166,0.132,0.083,0.038,0.1532,100,false
0.25,0.8,8,0.0676,0.2448,0.1777,0.1028,0.1306,0.0795,0.035,0.162,100,false
0.25,0.8,9,0.0708,0.2624,0.1611,0.0951,0.1285,0.0774,0.0327,0.172,100,false
0.25,0.8,10,0.0729,0.2756,0.1431,0.0859,0.1307,0.0759,0.0317,0.1842,100,false
0.25,0.8,50,0.0152,0.2976,0.0599,0.1609,0.1326,0.0473,0.0748,0.2117,100,false
0.25,0.8,100,0.0405,0.3427,0.037,0.225,0.167,0.0374,0.0734,0.077,100,false
0.25,0.8,1000,0.2021,0.2869,0.1072,0.0401,0.1622,0,0.0781,0.1234,100,false
0.25,0.8,5000,0.1166,0.2045,0.1313,0.1172,0.1707,0,0.0827,0.177,100,false
0.25,0.8,10000,0.1783,0.2363,0.1385,0.0747,0.1836,0,0.0963,0.0923,100,false
0.25,0.85,0,0.1242,0.1232,0.1217,0.1258,0.1236,0.128,0.1237,0.1298,100,false
0.25,0.85,1,0.1006,0.1254,0.1421,0.1244,0.1469,0.1259,0.106,0.1287,100,false
0.25,0.85,2,0.0824,0.1389,0.1549,0.1266,0.1594,0.1202,0.0878,0.1298,100,false
0.25,0.85,3,0.0723,0.1576,0.1645,0.1277,0.1638,0.1089,0.0718,0.1334,100,false
0.25,0.85,4,0.0713,0.171,0.1719,0.1277,0.1607,0.1013,0.061,0.1351,100,false
0.25,0.85,5,0.064,0.1869,0.1772,0.1296,0.1529,0.0951,0.0493,0.145,100,false
0.25,0.85,6,0.0632,0.2017,0.1794,0.1274,0.1419,0.0889,0.0419,0.1556,100,false
0.25,0.85,7,0.0645,0.2137,0.1777,0.1182,0.1376,0.0863,0.0374,0.1646,100,false
0.25,0.85,8,0.0642,0.2324,0.1653,0.111,0.1342,0.0832,0.0342,0.1755,100,false
0.25,0.85,9,0.0605,0.2471,0.1566,0.1035,0.1307,0.0832,0.0304,0.188,100,false
0.25,0.85,10,0.0568,0.2604,0.1467,0.0972,0.127,0.0815,0.0292,0.2012,100,false
0.25,0.85,50,0.0094,0.2435,0.0653,0.1235,0.1992,0.0448,0.0702,0.2441,100,false
0.25,0.85,100,0.0254,0.3466,0.028,0.0968,0.1036,0.0685,0.2137,0.1174,100,false
0.25,0.85,1000,0.1142,0.2627,0.1017,0.026,0.3127,0,0.0957,0.087,100,false
0.25,0.85,5000,0.1354,0.2025,0.1344,0.0848,0.1786,0,0.1182,0.1461,100,false
0.25,0.85,10000,0.1216,0.1672,0.0995,0.0751,0.1984,0,0.1648,0.1734,100,false
0.25,0.9,0,0.1307,0.1221,0.1294,0.1173,0.1256,0.1221,0.1305,0.1223,100,false
0.25,0.9,1,0.1079,0.123,0.1557,0.115,0.1554,0.1169,0.1036,0.1225,100,false
0.25,0.9,2,0.0921,0.1305,0.1751,0.1178,0.171,0.1071,0.081,0.1254,100,false
0.25,0.9,3,0.08,0.1435,0.1908,0.1179,0.1741,0.0962,0.0691,0.1284,100,false
0.25,0.9,4,0.0746,0.162,0.1992,0.1144,0.1705,0.0874,0.0574,0.1345,100,false
0.25,0.9,5,0.0694,0.1785,0.2035,0.1117,0.1643,0.081,0.0493,0.1423,100,false
0.25,0.9,6,0.066,0.1976,0.2022,0.1107,0.1586,0.0736,0.0429,0.1484,100,false
0.25,0.9,7,0.0666,0.2208,0.1984,0.1046,0.1507,0.0696,0.0349,0.1544,100,false
0.25,0.9,8,0.0667,0.2359,0.1888,0.0981,0.142,0.0671,0.0315,0.1699,100,false
0.25,0.9,9,0.0644,0.2526,0.1772,0.0893,0.1362,0.065,0.0268,0.1885,100,false
0.25,0.9,10,0.0612,0.2643,0.1649,0.0822,0.1305,0.0654,0.0246,0.2069,100,false
0.25,0.9,50,0.0045,0.2333,0.0728,0.1084,0.2154,0.0529,0.0692,0.2435,100,false
0.25,0.9,100,0.0006,0.3526,0.0662,0.0806,0.1097,0.0933,0.1394,0.1576,100,false
0.25,0.9,1000,0.1011,0.2779,0.0911,0.0541,0.1382,0,0.2268,0.1108,100,false
0.25,0.9,5000,0.081,0.2536,0.1375,0.038,0.2256,0,0.1863,0.078,100,false
0.25,0.9,10000,0.1079,0.2256,0.1611,0.0413,0.3067,0,0.0631,0.0943,100,false
0.25,0.95,0,0.1245,0.1226,0.1241,0.1299,0.1233,0.1229,0.123,0.1297,100,false
0.25,0.95,1,0.1001,0.1266,0.1554,0.1265,0.1457,0.1224,0.0925,0.1308,100,false
0.25,0.95,2,0.0844,0.1396,0.1718,0.1264,0.1581,0.1105,0.0761,0.1331,100,false
0.25,0.95,3,0.0729,0.1573,0.1877,0.1237,0.1644,0.0992,0.0604,0.1344,100,false
0.25,0.95,4,0.0685,0.1728,0.1929,0.1222,0.1606,0.0931,0.0484,0.1415,100,false
0.25,0.95,5,0.0651,0.1923,0.1951,0.1165,0.1531,0.0877,0.0409,0.1493,100,false
0.25,0.95,6,0.0638,0.2145,0.1873,0.1139,0.1443,0.0848,0.0359,0.1555,100,false
0.25,0.95,7,0.0633,0.2368,0.1762,0.1076,0.1388,0.0812,0.0306,0.1655,100,false
0.25,0.95,8,0.0617,0.2583,0.1618,0.1049,0.1327,0.0775,0.0262,0.1769,100,false
0.25,0.95,9,0.064,0.274,0.1458,0.0993,0.1297,0.0724,0.025,0.1898,100,false
0.25,0.95,10,0.0661,0.2822,0.1283,0.0925,0.1316,0.0689,0.0236,0.2068,100,false
0.25,0.95,50,0,0.3389,0.0344,0.1538,0.1586,0.0466,0.0797,0.188,100,false
0.25,0.95,100,0,0.4378,0.0102,0.1416,0.1254,0.096,0.1086,0.0804,100,false
0.25,0.95,1000,0,0.2217,0,0.2892,0.014,0.1582,0.003,0.3139,100,false
0.25,0.95,5000,0,0.2029,0,0.2898,0,0.2634,0,0.2439,100,false
0.25,0.95,10000,0,0.2029,0,0.2233,0,0.3151,0,0.2587,100,false
0.25,1,0,0.1291,0.1208,0.126,0.1332,0.1219,0.1209,0.1247,0.1234,100,false
0.25,1,1,0.1038,0.1297,0.1491,0.1275,0.1473,0.1139,0.1083,0.1204,100,false
0.25,1,2,0.0885,0.1458,0.1725,0.1287,0.1484,0.108,0.0879,0.1202,100,false
0.25,1,3,0.0799,0.1636,0.1856,0.123,0.1547,0.1008,0.0673,0.1251,100,false
0.25,1,4,0.0741,0.179,0.1955,0.1186,0.1537,0.0936,0.0534,0.1321,100,false
0.25,1,5,0.0734,0.1968,0.2019,0.1128,0.1471,0.0866,0.0449,0.1365,100,false
0.25,1,6,0.0706,0.2206,0.1955,0.1039,0.1457,0.0796,0.0383,0.1458,100,false
0.25,1,7,0.0682,0.2401,0.1876,0.0911,0.1452,0.0753,0.0304,0.1621,100,false
0.25,1,8,0.0672,0.2556,0.1721,0.0812,0.1456,0.0738,0.0254,0.1791,100,false
0.25,1,9,0.063,0.2732,0.1531,0.0761,0.1473,0.0712,0.0214,0.1947,100,false
0.25,1,10,0.0578,0.2843,0.1321,0.0731,0.1495,0.0708,0.0203,0.2121,100,false
0.25,1,50,0.0038,0.2677,0.0683,0.1011,0.1637,0.0432,0.0646,0.2876,100,false
0.25,1,100,0.0017,0.475,0.0267,0.1075,0.1086,0.0458,0.1334,0.1013,100,false
0.25,1,1000,0,0.2952,0,0.2503,0.0209,0.1512,0.022,0.2604,100,false
0.25,1,5000,0,0.3124,0,0.2387,0,0.1559,0,0.293,100,false
0.25,1,10000,0,0.2244,0,0.2207,0,0.2937,0,0.2612,100,false
0.3,0,0,0.1215,0.1309,0.1256,0.1228,0.1235,0.126,0.1243,0.1254,100,false
0.3,0,1,0.1231,0.1319,0.1264,0.1246,0.1192,0.129,0.1235,0.1223,100,false
0.3,0,2,0.1187,0.1339,0.1219,0.1278,0.1186,0.1325,0.1243,0.1223,100,false
0.3,0,3,0.1177,0.1336,0.1237,0.1273,0.1148,0.1347,0.1268,0.1214,100,false
0.3,0,4,0.1203,0.1332,0.1195,0.1286,0.1156,0.1389,0.122,0.1219,100,false
0.3,0,5,0.121,0.1351,0.1158,0.1292,0.1153,0.14,0.1236,0.12,100,false
0.3,0,6,0.1235,0.1333,0.1131,0.1278,0.1185,0.1434,0.1193,0.1211,100,false
0.3,0,7,0.1218,0.134,0.1123,0.1257,0.1196,0.1468,0.1172,0.1226,100,false
0.3,0,8,0.1186,0.1336,0.109,0.1301,0.1223,0.1451,0.1157,0.1256,100,false
0.3,0,9,0.118,0.1334,0.1082,0.1323,0.1235,0.1452,0.1112,0.1282,100,false
0.3,0,10,0.1152,0.1266,0.1093,0.1353,0.1249,0.1441,0.1132,0.1314,100,false
0.3,0,50,0.1309,0.1456,0.1201,0.102,0.123,0.1382,0.131,0.1092,100,false
0.3,0,100,0.0865,0.1085,0.1185,0.1379,0.1498,0.1457,0.1528,0.1003,100,false
0.3,0,1000,0.0244,0.2503,0.0826,0.1491,0.2249,0.12,0.1225,0.0262,100,false
0.3,0,5000,0.2143,0.1268,0.1388,0.0363,0.06,0.0839,0.2422,0.0977,100,false
0.3,0,10000,0.2449,0,0.24,0,0.2813,0,0.2338,0,100,false
0.3,0.05,0,0.1233,0.1237,0.1266,0.1258,0.1213,0.1268,0.1228,0.1297,100,false
0.3,0.05,1,0.1195,0.127,0.1296,0.1227,0.1231,0.1272,0.1207,0.1302,100,false
0.3,0.05,2,0.1204,0.1257,0.1305,0.1186,0.1267,0.1305,0.1188,0.1288,100,false
0.3,0.05,3,0.1199,0.1275,0.1315,0.1168,0.1251,0.1358,0.1146,0.1288,100,false
0.3,0.05,4,0.1184,0.1311,0.1285,0.1164,0.1274,0.1369,0.1123,0.129,100,false
0.3,0.05,5,0.1183,0.1324,0.1291,0.1122,0.1312,0.1365,0.1105,0.1298,100,false
0.3,0.05,6,0.1188,0.1309,0.1281,0.1136,0.132,0.1385,0.1075,0.1306,100,false
0.3,0.05,7,0.1172,0.1363,0.1248,0.1126,0.1318,0.1381,0.1081,0.1311,100,false
0.3,0.05,8,0.118,0.1361,0.1209,0.1161,0.1357,0.1326,0.1078,0.1328,100,false
0.3,0.05,9,0.1155,0.1351,0.1251,0.117,0.1363,0.1285,0.1055,0.137,100,false
0.3,0.05,10,0.1134,0.1379,0.122,0.1174,0.1377,0.1257,0.1075,0.1384,100,false
0.3,0.05,50,0.1237,0.175,0.1425,0.101,0.1142,0.1236,0.0897,0.1303,100,false
0.3,0.05,100,0.0794,0.1635,0.1911,0.1057,0.0705,0.0551,0.16,0.1747,100,false
0.3,0.05,1000,0.2198,0.0845,0.0795,0.0231,0.1367,0.1728,0.1021,0.1815,100,false
0.3,0.05,5000,0,0.0563,0,0,0.9146,0,0.0002,0.0289,100,true
0.3,0.05,10000,0,0.0563,0,0,0.9146,0,0.0002,0.0289,100,true
0.3,0.05,20000,0,0.0563,0,0,0.9146,0,0.0002,0.0289,100,true
0.3,0.05,30000,0,0.0563,0,0,0.9146,0,0.0002,0.0289,100,true
0.3,0.05,40000,0,0.0563,0,0,0.9146,0,0.0002,0.0289,100,true
0.3,0.05,50000,0,0.0563,0,0,0.9146,0,0.0002,0.0289,100,true
0.3,0.05,60000,0,0.0563,0,0,0.9146,0,0.0002,0.0289,100,true
0.3,0.05,70000,0,0.0563,0,0,0.9146,0,0.0002,0.0289,100,true
0.3,0.05,80000,0,0.0563,0,0,0.9146,0,0.0002,0.0289,100,true
0.3,0.05,90000,0,0.0563,0,0,0.9146,0,0.0002,0.0289,100,true
0.3,0.05,100000,0,0.0563,0,0,0.9146,0,0.0002,0.0289,100,true
0.3,0.1,0,0.1247,0.1275,0.1238,0.1251,0.1258,0.1224,0.1257,0.125,100,false
0.3,0.1,1,0.123,0.1316,0.1268,0.1189,0.1325,0.1208,0.1215,0.1249,100,false
0.3,0.1,2,0.1195,0.133,0.1299,0.1186,0.1362,0.1196,0.1155,0.1277,100,false
0.3,0.1,3,0.1178,0.1326,0.1325,0.1155,0.1417,0.117,0.1127,0.1302,100,false
0.3,0.1,4,0.1152,0.1382,0.1313,0.116,0.143,0.117,0.1109,0.1284,100,false
0.3,0.1,5,0.1163,0.1353,0.1324,0.1197,0.1462,0.1149,0.1066,0.1286,100,false
0.3,0.1,6,0.113,0.1368,0.1376,0.1231,0.1455,0.1115,0.1036,0.1289,100,false
0.3,0.1,7,0.1162,0.1346,0.143,0.1209,0.1452,0.1091,0.101,0.13,100,false
0.3,0.1,8,0.1188,0.1356,0.1449,0.1174,0.1447,0.1057,0.0999,0.133,100,false
0.3,0.1,9,0.1195,0.1346,0.147,0.1161,0.1474,0.1018,0.0991,0.1345,100,false
0.3,0.1,10,0.1201,0.1344,0.1468,0.1193,0.1479,0.0994,0.0968,0.1353,100,false
0.3,0.1,50,0.1132,0.1429,0.1358,0.1242,0.1394,0.1164,0.1088,0.1193,100,false
0.3,0.1,100,0.072,0.1876,0.1618,0.1348,0.1253,0.07,0.1609,0.0876,100,false
0.3,0.1,1000,0.1331,0.4421,0.0343,0.039,0.0598,0.0484,0.0701,0.1732,100,false
0.3,0.1,5000,0,0.2303,0,0.2288,0.0048,0.2588,0,0.2773,100,false
0.3,0.1,10000,0,0.2278,0,0.2155,0,0.2317,0,0.325,100,false
0.3,0.15,0,0.1247,0.1256,0.1232,0.126,0.1254,0.1263,0.1222,0.1266,100,false
0.3,0.15,1,0.1264,0.1253,0.1296,0.1274,0.1242,0.1276,0.1141,0.1254,100,false
0.3,0.15,2,0.1228,0.1255,0.1335,0.1288,0.1277,0.1244,0.1093,0.128,100,false
0.3,0.15,3,0.1191,0.1279,0.1353,0.1263,0.1325,0.1243,0.1038,0.1308,100,false
0.3,0.15,4,0.1156,0.1339,0.1392,0.1229,0.1323,0.1241,0.1002,0.1318,100,false
0.3,0.15,5,0.1161,0.1351,0.1431,0.1272,0.1255,0.1225,0.0947,0.1358,100,false
0.3,0.15,6,0.116,0.1337,0.1472,0.1235,0.1281,0.1177,0.0921,0.1417,100,false
0.3,0.15,7,0.1132,0.1367,0.1473,0.1252,0.1254,0.1118,0.0927,0.1477,100,false
0.3,0.15,8,0.1112,0.1408,0.1458,0.1223,0.1256,0.1075,0.0918,0.155,100,false
0.3,0.15,9,0.1088,0.1416,0.1462,0.1192,0.1234,0.1071,0.0936,0.1601,100,false
0.3,0.15,10,0.1079,0.1434,0.1466,0.1118,0.1239,0.108,0.097,0.1614,100,false
0.3,0.15,50,0.0958,0.1711,0.1043,0.0833,0.1583,0.0961,0.1239,0.1672,100,false
0.3,0.15,100,0.1119,0.1433,0.0892,0.1145,0.151,0.0863,0.1731,0.1307,100,false
0.3,0.15,1000,0,0,0.7934,0.0012,0.004,0.0286,0,0.1728,100,true
0.3,0.15,5000,0,0,0.7934,0.0012,0.004,0.0286,0,0.1728,100,true
0.3,0.15,10000,0,0,0.7934,0.0012,0.004,0.0286,0,0.1728,100,true
0.3,0.15,20000,0,0,0.7934,0.0012,0.004,0.0286,0,0.1728,100,true
0.3,0.15,30000,0,0,0.7934,0.0012,0.004,0.0286,0,0.1728,100,true
0.3,0.15,40000,0,0,0.7934,0.0012,0.004,0.0286,0,0.1728,100,true
0.3,0.15,50000,0,0,0.7934,0.0012,0.004,0.0286,0,0.1728,100,true
0.3,0.15,60000,0,0,0.7934,0.0012,0.004,0.0286,0,0.1728,100,true
0.3,0.15,70000,0,0,0.7934,0.0012,0.004,0.0286,0,0.1728,100,true
0.3,0.15,80000,0,0,0.7934,0.0012,0.004,0.0286,0,0.1728,100,true
0.3,0.15,90000,0,0,0.7934,0.0012,0.004,0.0286,0,0.1728,100,true
0.3,0.15,100000,0,0,0.7934,0.0012,0.004,0.0286,0,0.1728,100,true
0.3,0.2,0,0.1244,0.1262,0.1268,0.1225,0.1187,0.1234,0.129,0.129,100,false
0.3,0.2,1,0.1168,0.1262,0.1328,0.1205,0.1236,0.1281,0.1226,0.1294,100,false
0.3,0.2,2,0.1112,0.1341,0.1387,0.1185,0.1311,0.1268,0.1137,0.1259,100,false
0.3,0.2,3,0.1111,0.1374,0.1373,0.1193,0.1393,0.1246,0.1056,0.1254,100,false
0.3,0.2,4,0.1094,0.1399,0.1433,0.12,0.1385,0.1216,0.103,0.1243,100,false
0.3,0.2,5,0.1068,0.1455,0.1462,0.1221,0.1349,0.1215,0.0973,0.1257,100,false
0.3,0.2,6,0.1051,0.1507,0.1447,0.1226,0.1372,0.1177,0.0943,0.1277,100,false
0.3,0.2,7,0.1039,0.1539,0.1468,0.1215,0.1393,0.114,0.0882,0.1324,100,false
0.3,0.2,8,0.1086,0.1568,0.1446,0.1223,0.1395,0.1089,0.0847,0.1346,100,false
0.3,0.2,9,0.1092,0.157,0.1454,0.1238,0.1343,0.1052,0.0844,0.1407,100,false
0.3,0.2,10,0.1101,0.1571,0.1464,0.1209,0.1308,0.1062,0.0825,0.146,100,false
0.3,0.2,50,0.0639,0.2349,0.1074,0.1108,0.1323,0.1094,0.0768,0.1645,100,false
0.3,0.2,100,0.1329,0.2262,0.0423,0.1152,0.077,0.1115,0.0941,0.2008,100,false
0.3,0.2,1000,0.0851,0.2563,0.133,0.1546,0.1081,0.0354,0.1414,0.0861,100,false
0.3,0.2,5000,0.1229,0.101,0.0808,0.1726,0.0711,0.1714,0.1361,0.1441,100,false
0.3,0.2,10000,0.1119,0.1281,0.1385,0.077,0.1768,0.1511,0.1065,0.1101,100,false
0.3,0.25,0,0.1316,0.1239,0.1224,0.1217,0.1284,0.1274,0.1214,0.1232,100,false
0.3,0.25,1,0.1232,0.1215,0.1316,0.1247,0.1354,0.1247,0.116,0.1229,100,false
0.3,0.25,2,0.1117,0.1269,0.1371,0.1288,0.1401,0.1232,0.1075,0.1247,100,false
0.3,0.25,3,0.1084,0.1341,0.1423,0.132,0.1377,0.1172,0.1048,0.1235,100,false
0.3,0.25,4,0.1088,0.1418,0.1452,0.1286,0.138,0.1144,0.0978,0.1254,100,false
0.3,0.25,5,0.1111,0.1447,0.1502,0.1305,0.1362,0.1121,0.0879,0.1273,100,false
0.3,0.25,6,0.1138,0.1519,0.1503,0.1294,0.1324,0.1122,0.0801,0.1299,100,false
0.3,0.25,7,0.1105,0.1573,0.1508,0.1257,0.1336,0.1083,0.0759,0.1379,100,false
0.3,0.25,8,0.1123,0.1597,0.1491,0.1248,0.1313,0.1063,0.0727,0.1438,100,false
0.3,0.25,9,0.1108,0.1655,0.1433,0.1229,0.1305,0.103,0.0733,0.1507,100,false
0.3,0.25,10,0.1086,0.166,0.145,0.1215,0.1267,0.1012,0.0753,0.1557,100,false
0.3,0.25,50,0.0345,0.2441,0.0962,0.1052,0.1224,0.1086,0.0756,0.2134,100,false
0.3,0.25,100,0.0378,0.2699,0.066,0.2144,0.0925,0.082,0.1228,0.1146,100,false
0.3,0.25,1000,0.0167,0.2428,0,0.2909,0,0.2986,0.0122,0.1388,100,false
0.3,0.25,5000,0,0.2016,0,0.271,0,0.2401,0,0.2873,100,false
0.3,0.25,10000,0,0.261,0,0.197,0,0.2161,0,0.3259,100,false
0.3,0.3,0,0.1271,0.1275,0.1196,0.1264,0.1237,0.1285,0.1256,0.1216,100,false
0.3,0.3,1,0.1215,0.131,0.1275,0.1275,0.1335,0.1271,0.1141,0.1178,100,false
0.3,0.3,2,0.1158,0.1346,0.1292,0.1297,0.1432,0.1236,0.108,0.1159,100,false
0.3,0.3,3,0.1127,0.1395,0.1337,0.1327,0.1461,0.1171,0.1032,0.115,100,false
0.3,0.3,4,0.1049,0.1468,0.135,0.1387,0.1459,0.1129,0.0959,0.1199,100,false
0.3,0.3,5,0.1057,0.1527,0.1415,0.1397,0.141,0.1096,0.0898,0.12,100,false
0.3,0.3,6,0.1048,0.1602,0.1464,0.1351,0.1386,0.1038,0.0894,0.1217,100,false
0.3,0.3,7,0.1034,0.1689,0.1511,0.1268,0.1406,0.0986,0.0848,0.1258,100,false
0.3,0.3,8,0.1024,0.1783,0.1532,0.1181,0.1402,0.0932,0.0816,0.133,100,false
0.3,0.3,9,0.1005,0.1874,0.149,0.1129,0.1453,0.0861,0.0804,0.1384,100,false
0.3,0.3,10,0.1011,0.1966,0.143,0.1058,0.1511,0.0782,0.0817,0.1425,100,false
0.3,0.3,50,0.1028,0.2226,0.1076,0.0964,0.1348,0.0459,0.1184,0.1715,100,false
0.3,0.3,100,0.2684,0.2132,0.0592,0.075,0.0667,0.0784,0.1146,0.1245,100,false
0.3,0.3,1000,0.144,0.12,0.1424,0.1296,0.1235,0.1103,0.122,0.1082,100,false
0.3,0.3,5000,0.0701,0.3754,0.1311,0.202,0.051,0.0347,0.0231,0.1126,100,false
0.3,0.3,10000,0,0.3075,0,0.227,0,0.2659,0,0.1996,100,false
0.3,0.35,0,0.124,0.1218,0.1296,0.1254,0.1267,0.1255,0.1205,0.1265,100,false
0.3,0.35,1,0.1103,0.1264,0.1389,0.1276,0.1381,0.1189,0.1092,0.1306,100,false
0.3,0.35,2,0.103,0.1257,0.1484,0.1273,0.1388,0.1217,0.1025,0.1326,100,false
0.3,0.35,3,0.0996,0.1313,0.1606,0.1242,0.1406,0.1159,0.0924,0.1354,100,false
0.3,0.35,4,0.0938,0.1364,0.1661,0.1234,0.1408,0.1143,0.0874,0.1378,100,false
0.3,0.35,5,0.0912,0.145,0.1714,0.1168,0.1434,0.1107,0.0809,0.1406,100,false
0.3,0.35,6,0.0848,0.1519,0.1796,0.1156,0.1375,0.1071,0.0749,0.1486,100,false
0.3,0.35,7,0.0838,0.1652,0.1831,0.1093,0.1343,0.1037,0.0719,0.1487,100,false
0.3,0.35,8,0.0863,0.172,0.1844,0.1028,0.1256,0.1038,0.0726,0.1525,100,false
0.3,0.35,9,0.0854,0.1851,0.179,0.0951,0.1227,0.1047,0.0669,0.1611,100,false
0.3,0.35,10,0.0846,0.1924,0.17,0.0921,0.1191,0.1069,0.0662,0.1687,100,false
0.3,0.35,50,0.042,0.2774,0.0874,0.0619,0.1518,0.0622,0.0574,0.2599,100,false
0.3,0.35,100,0.0255,0.3907,0.0485,0.1309,0.1009,0.0693,0.0979,0.1363,100,false
0.3,0.35,1000,0,0.525,0,0.1619,0.0317,0.1273,0.0515,0.1026,100,false
0.3,0.35,5000,0,0.2533,0,0.2637,0,0.1955,0,0.2875,100,false
0.3,0.35,10000,0,0.1803,0,0.2622,0,0.2504,0,0.3071,100,false
0.3,0.4,0,0.1204,0.1232,0.1282,0.1266,0.1297,0.1228,0.1251,0.124,100,false
0.3,0.4,1,0.1141,0.1262,0.1399,0.1255,0.1419,0.1187,0.1106,0.1231,100,false
0.3,0.4,2,0.1067,0.1311,0.1527,0.1283,0.1436,0.1165,0.0982,0.1229,100,false
0.3,0.4,3,0.0998,0.1412,0.1645,0.1288,0.1453,0.1081,0.0857,0.1266,100,false
0.3,0.4,4,0.0946,0.1549,0.1697,0.1223,0.1441,0.1037,0.0752,0.1355,100,false
0.3,0.4,5,0.0924,0.1643,0.1696,0.1205,0.1422,0.0991,0.0718,0.1401,100,false
0.3,0.4,6,0.0921,0.1688,0.1728,0.1166,0.1368,0.0978,0.0691,0.146,100,false
0.3,0.4,7,0.0959,0.1762,0.1691,0.113,0.1349,0.0948,0.066,0.1501,100,false
0.3,0.4,8,0.0987,0.1871,0.165,0.1084,0.1317,0.0946,0.0621,0.1524,100,false
0.3,0.4,9,0.1025,0.1904,0.158,0.1072,0.1251,0.0947,0.0601,0.162,100,false
0.3,0.4,10,0.1082,0.1939,0.1515,0.1026,0.1231,0.0943,0.0562,0.1702,100,false
0.3,0.4,50,0.0406,0.2324,0.0584,0.0855,0.168,0.1003,0.0786,0.2362,100,false
0.3,0.4,100,0.0545,0.1975,0.0416,0.1641,0.158,0.0404,0.1744,0.1695,100,false
0.3,0.4,1000,0.0712,0.0984,0.1395,0.1455,0.1604,0.1185,0.1387,0.1278,100,false
0.3,0.4,5000,0,0.0192,0.0222,0,0.3804,0,0,0.5782,100,true
0.3,0.4,10000,0,0.0192,0.0222,0,0.3804,0,0,0.5782,100,true
0.3,0.4,20000,0,0.0192,0.0222,0,0.3804,0,0,0.5782,100,true
0.3,0.4,30000,0,0.0192,0.0222,0,0.3804,0,0,0.5782,100,true
0.3,0.4,40000,0,0.0192,0.0222,0,0.3804,0,0,0.5782,100,true
0.3,0.4,50000,0,0.0192,0.0222,0,0.3804,0,0,0.5782,100,true
0.3,0.4,60000,0,0.0192,0.0222,0,0.3804,0,0,0.5782,100,true
0.3,0.4,70000,0,0.0192,0.0222,0,0.3804,0,0,0.5782,100,true
0.3,0.4,80000,0,0.0192,0.0222,0,0.3804,0,0,0.5782,100,true
0.3,0.4,90000,0,0.0192,0.0222,0,0.3804,0,0,0.5782,100,true
0.3,0.4,100000,0,0.0192,0.0222,0,0.3804,0,0,0.5782,100,true
0.3,0.45,0,0.1244,0.1244,0.125,0.1237,0.1277,0.1233,0.1238,0.1277,100,false
0.3,0.45,1,0.1118,0.1245,0.1392,0.1318,0.1348,0.12,0.1102,0.1277,100,false
0.3,0.45,2,0.1005,0.1349,0.1499,0.1314,0.1399,0.1149,0.0974,0.1311,100,false
0.3,0.45,3,0.0968,0.146,0.1603,0.1299,0.1359,0.112,0.0896,0.1295,100,false
0.3,0.45,4,0.0925,0.1591,0.1691,0.1251,0.1324,0.1055,0.0839,0.1324,100,false
0.3,0.45,5,0.0876,0.17,0.1749,0.1229,0.129,0.1015,0.0757,0.1384,100,false
0.3,0.45,6,0.0928,0.1785,0.1735,0.1181,0.1273,0.0996,0.0674,0.1428,100,false
0.3,0.45,7,0.093,0.1879,0.171,0.1121,0.1244,0.099,0.0625,0.1501,100,false
0.3,0.45,8,0.0935,0.1953,0.1672,0.1064,0.1224,0.0974,0.0605,0.1573,100,false
0.3,0.45,9,0.0951,0.2056,0.1549,0.1007,0.1244,0.0947,0.0576,0.167,100,false
0.3,0.45,10,0.0968,0.2109,0.1443,0.093,0.1229,0.0928,0.0602,0.1791,100,false
0.3,0.45,50,0.024,0.2869,0.0469,0.0968,0.1386,0.0657,0.0831,0.258,100,false
0.3,0.45,100,0.0248,0.4331,0.0158,0.1196,0.0739,0.0521,0.0593,0.2214,100,false
0.3,0.45,1000,0.0009,0.2334,0,0.2627,0,0.2579,0,0.2451,100,false
0.3,0.45,5000,0,0.1846,0,0.2221,0,0.256,0,0.3373,100,false
0.3,0.45,10000,0,0.2363,0,0.2461,0,0.2688,0,0.2488,100,false
0.3,0.5,0,0.1224,0.1192,0.1279,0.1218,0.1245,0.1297,0.13,0.1245,100,false
0.3,0.5,1,0.1055,0.1252,0.1433,0.1211,0.1416,0.1252,0.1116,0.1265,100,false
0.3,0.5,2,0.0955,0.1333,0.1512,0.1228,0.1517,0.1182,0.0997,0.1276,100,false
0.3,0.5,3,0.0872,0.1474,0.159,0.1238,0.1546,0.1109,0.0884,0.1287,100,false
0.3,0.5,4,0.0858,0.1616,0.16,0.1224,0.1574,0.103,0.078,0.1318,100,false
0.3,0.5,5,0.0902,0.1708,0.1625,0.1207,0.1561,0.0953,0.0703,0.1341,100,false
0.3,0.5,6,0.0889,0.1808,0.1633,0.1164,0.1543,0.0888,0.066,0.1415,100,false
0.3,0.5,7,0.0871,0.1932,0.1604,0.1142,0.1507,0.0847,0.061,0.1487,100,false
0.3,0.5,8,0.0881,0.2056,0.1541,0.1098,0.1475,0.0821,0.0549,0.1579,100,false
0.3,0.5,9,0.0913,0.2134,0.1489,0.1017,0.1474,0.0786,0.0486,0.1701,100,false
0.3,0.5,10,0.0831,0.2208,0.1401,0.0947,0.1508,0.0783,0.0442,0.188,100,false
0.3,0.5,50,0.0155,0.2854,0.0927,0.0961,0.1224,0.0874,0.1097,0.1908,100,false
0.3,0.5,100,0.0224,0.3648,0.0043,0.1069,0.1762,0.0597,0.1332,0.1325,100,false
0.3,0.5,1000,0.0581,0.243,0.0279,0.1331,0.1033,0.1579,0.1815,0.0952,100,false
0.3,0.5,5000,0,0.2865,0,0.1956,0,0.2114,0,0.3065,100,false
0.3,0.5,10000,0,0.3186,0,0.206,0,0.2181,0,0.2573,100,false
0.3,0.55,0,0.1298,0.1246,0.1233,0.1217,0.1227,0.124,0.127,0.1269,100,false
0.3,0.55,1,0.115,0.1258,0.1374,0.1205,0.1362,0.1256,0.1113,0.1282,100,false
0.3,0.55,2,0.1029,0.1351,0.1476,0.1216,0.1462,0.1225,0.096,0.1281,100,false
0.3,0.55,3,0.0931,0.1437,0.1563,0.1216,0.1537,0.1173,0.0824,0.1319,100,false
0.3,0.55,4,0.0881,0.1513,0.168,0.1231,0.1541,0.1098,0.0712,0.1344,100,false
0.3,0.55,5,0.0843,0.1631,0.1748,0.122,0.1523,0.1027,0.0625,0.1383,100,false
0.3,0.55,6,0.0828,0.1732,0.1772,0.1218,0.1509,0.0925,0.0575,0.1441,100,false
0.3,0.55,7,0.0834,0.1893,0.179,0.117,0.1417,0.0883,0.0511,0.1502,100,false
0.3,0.55,8,0.0841,0.2022,0.1744,0.1119,0.1348,0.0836,0.0455,0.1635,100,false
0.3,0.55,9,0.0857,0.2147,0.1703,0.1023,0.1282,0.0839,0.0407,0.1742,100,false
0.3,0.55,10,0.088,0.2185,0.1626,0.1004,0.1208,0.0842,0.0392,0.1863,100,false
0.3,0.55,50,0.015,0.3335,0.0842,0.0898,0.0644,0.0669,0.0745,0.2717,100,false
0.3,0.55,100,0.0545,0.4272,0.033,0.1682,0.0918,0.0364,0.0644,0.1245,100,false
0.3,0.55,1000,0.1692,0.1878,0.0743,0.1538,0.1054,0.0136,0.19,0.1059,100,false
0.3,0.55,5000,0.1174,0.2272,0.0968,0.0527,0.2586,0,0.1892,0.0581,100,false
0.3,0.55,10000,0.1582,0.1956,0.1837,0.0413,0.1721,0,0.1303,0.1188,100,false
0.3,0.6,0,0.1269,0.1231,0.1255,0.127,0.1238,0.1234,0.1274,0.1229,100,false
0.3,0.6,1,0.1137,0.1289,0.1464,0.1233,0.1396,0.1255,0.106,0.1166,100,false
0.3,0.6,2,0.1032,0.1352,0.1587,0.1204,0.1531,0.1202,0.0895,0.1197,100,false
0.3,0.6,3,0.0948,0.1471,0.1673,0.123,0.1577,0.1117,0.0754,0.123,100,false
0.3,0.6,4,0.092,0.1544,0.1724,0.1221,0.1581,0.1074,0.0667,0.1269,100,false
0.3,0.6,5,0.0891,0.1631,0.1808,0.12,0.1546,0.1018,0.0569,0.1337,100,false
0.3,0.6,6,0.0821,0.176,0.1846,0.1162,0.1506,0.0968,0.0534,0.1403,100,false
0.3,0.6,7,0.0784,0.1849,0.187,0.1077,0.1496,0.0929,0.0492,0.1503,100,false
0.3,0.6,8,0.0787,0.1984,0.1811,0.1016,0.1452,0.0893,0.0474,0.1583,100,false
0.3,0.6,9,0.0829,0.2074,0.1714,0.0975,0.1412,0.0864,0.0449,0.1683,100,false
0.3,0.6,10,0.0809,0.2212,0.1584,0.0926,0.1399,0.0845,0.0444,0.1781,100,false
0.3,0.6,50,0.0163,0.2922,0.0961,0.0697,0.1674,0.0707,0.0668,0.2208,100,false
0.3,0.6,100,0.0104,0.3437,0.0294,0.1385,0.1455,0.054,0.1575,0.121,100,false
0.3,0.6,1000,0.1022,0.4244,0.1098,0.1371,0.0374,0.0302,0.0226,0.1363,100,false
0.3,0.6,5000,0,0.2274,0,0.2834,0,0.2957,0,0.1935,100,false
0.3,0.6,10000,0,0.1961,0,0.2937,0,0.2656,0,0.2446,100,false
0.3,0.65,0,0.1263,0.1286,0.1204,0.1235,0.1227,0.1294,0.1225,0.1266,100,false
0.3,0.65,1,0.1069,0.1336,0.1363,0.1248,0.1393,0.128,0.1022,0.1289,100,false
0.3,0.65,2,0.0954,0.1425,0.1454,0.1276,0.1484,0.1227,0.087,0.131,100,false
0.3,0.65,3,0.0856,0.1503,0.151,0.13,0.1566,0.1137,0.0806,0.1322,100,false
0.3,0.65,4,0.0827,0.1563,0.1647,0.1322,0.1548,0.1047,0.069,0.1356,100,false
0.3,0.65,5,0.0812,0.1666,0.1679,0.1319,0.1496,0.1009,0.063,0.1389,100,false
0.3,0.65,6,0.0787,0.1825,0.1684,0.1226,0.1434,0.1016,0.0563,0.1465,100,false
0.3,0.65,7,0.0729,0.1952,0.1667,0.1202,0.1421,0.0973,0.0542,0.1514,100,false
0.3,0.65,8,0.0709,0.2102,0.1621,0.1128,0.1409,0.0918,0.0497,0.1616,100,false
0.3,0.65,9,0.0671,0.2222,0.1547,0.105,0.1418,0.0871,0.0464,0.1757,100,false
0.3,0.65,10,0.0619,0.2368,0.1467,0.0969,0.1397,0.0867,0.0442,0.1871,100,false
0.3,0.65,50,0.0079,0.3114,0.0754,0.0817,0.1799,0.0531,0.0579,0.2327,100,false
0.3,0.65,100,0.0364,0.3751,0.0285,0.1491,0.1394,0.0325,0.1352,0.1038,100,false
0.3,0.65,1000,0.1255,0.1953,0.1742,0.0821,0.1873,0.0408,0.133,0.0618,100,false
0.3,0.65,5000,0.0927,0.2102,0.096,0.0458,0.336,0,0.1204,0.0989,100,false
0.3,0.65,10000,0.2162,0.1605,0.1169,0.0897,0.2415,0,0.1268,0.0484,100,false
0.3,0.7,0,0.1287,0.1175,0.1291,0.1266,0.1244,0.1243,0.1281,0.1213,100,false
0.3,0.7,1,0.1076,0.1168,0.1553,0.1243,0.1427,0.1232,0.1102,0.1199,100,false
0.3,0.7,2,0.0933,0.128,0.1752,0.1211,0.1551,0.1143,0.096,0.117,100,false
0.3,0.7,3,0.0883,0.1372,0.1913,0.1238,0.1593,0.1055,0.0775,0.1171,100,false
0.3,0.7,4,0.0851,0.1533,0.1986,0.1258,0.1558,0.0965,0.0646,0.1203,100,false
0.3,0.7,5,0.0826,0.1709,0.2072,0.1213,0.1546,0.0891,0.0523,0.122,100,false
0.3,0.7,6,0.0818,0.1865,0.2112,0.1166,0.1451,0.0843,0.0441,0.1304,100,false
0.3,0.7,7,0.0843,0.2028,0.2068,0.1096,0.1416,0.0778,0.0386,0.1385,100,false
0.3,0.7,8,0.0875,0.2181,0.1949,0.1017,0.1396,0.0747,0.0352,0.1483,100,false
0.3,0.7,9,0.0855,0.2354,0.1832,0.0952,0.1372,0.0695,0.0323,0.1617,100,false
0.3,0.7,10,0.0914,0.2406,0.1697,0.0887,0.1405,0.065,0.0335,0.1706,100,false
0.3,0.7,50,0.0046,0.3476,0.0781,0.0616,0.1195,0.0558,0.0812,0.2516,100,false
0.3,0.7,100,0.0154,0.425,0.0061,0.1093,0.1881,0.0428,0.1034,0.1099,100,false
0.3,0.7,1000,0.0002,0.1697,0,0.2387,0,0.3585,0.0216,0.2113,100,false
0.3,0.7,5000,0,0.2377,0,0.2501,0,0.2304,0,0.2818,100,false
0.3,0.7,10000,0,0.2829,0,0.2,0,0.2263,0,0.2908,100,false
0.3,0.75,0,0.1252,0.1278,0.1253,0.1225,0.1289,0.1261,0.1193,0.1249,100,false
0.3,0.75,1,0.1045,0.1329,0.1474,0.1218,0.1495,0.1193,0.0961,0.1285,100,false
0.3,0.75,2,0.0933,0.1437,0.1629,0.1227,0.1583,0.111,0.0799,0.1282,100,false
0.3,0.75,3,0.0885,0.1555,0.1721,0.1208,0.1633,0.1043,0.0666,0.1289,100,false
0.3,0.75,4,0.0839,0.1731,0.1781,0.1183,0.1626,0.0957,0.0561,0.1322,100,false
0.3,0.75,5,0.0867,0.189,0.1735,0.1201,0.1542,0.0912,0.0464,0.1389,100,false
0.3,0.75,6,0.086,0.2044,0.1668,0.1159,0.152,0.0852,0.0417,0.148,100,false
0.3,0.75,7,0.0874,0.214,0.1577,0.1107,0.1476,0.0824,0.0384,0.1618,100,false
0.3,0.75,8,0.0824,0.226,0.1467,0.1095,0.143,0.0804,0.0349,0.1771,100,false
0.3,0.75,9,0.0811,0.2329,0.1345,0.1045,0.1426,0.077,0.0343,0.1931,100,false
0.3,0.75,10,0.0784,0.2394,0.1168,0.1027,0.1429,0.0776,0.0316,0.2106,100,false
0.3,0.75,50,0.0012,0.2997,0.0891,0.0952,0.104,0.0516,0.1064,0.2528,100,false
0.3,0.75,100,0.0005,0.4924,0.0535,0.0749,0.165,0.0323,0.0916,0.0898,100,false
0.3,0.75,1000,0.0233,0.0128,0,0.6501,0,0,0.3109,0.0029,100,true
0.3,0.75,5000,0.0233,0.0128,0,0.6501,0,0,0.3109,0.0029,100,true
0.3,0.75,10000,0.0233,0.0128,0,0.6501,0,0,0.3109,0.0029,100,true
0.3,0.75,20000,0.0233,0.0128,0,0.6501,0,0,0.3109,0.0029,100,true
0.3,0.75,30000,0.0233,0.0128,0,0.6501,0,0,0.3109,0.0029,100,true
0.3,0.75,40000,0.0233,0.0128,0,0.6501,0,0,0.3109,0.0029,100,true
0.3,0.75,50000,0.0233,0.0128,0,0.6501,0,0,0.3109,0.0029,100,true
0.3,0.75,60000,0.0233,0.0128,0,0.6501,0,0,0.3109,0.0029,100,true
0.3,0.75,70000,0.0233,0.0128,0,0.6501,0,0,0.3109,0.0029,100,true
0.3,0.75,80000,0.0233,0.0128,0,0.6501,0,0,0.3109,0.0029,100,true
0.3,0.75,90000,0.0233,0.0128,0,0.6501,0,0,0.3109,0.0029,100,true
0.3,0.75,100000,0.0233,0.0128,0,0.6501,0,0,0.3109,0.0029,100,true
0.3,0.8,0,0.1186,0.1308,0.1242,0.1258,0.1239,0.1307,0.1218,0.1242,100,false
0.3,0.8,1,0.1005,0.1335,0.1431,0.1232,0.1498,0.1227,0.1004,0.1268,100,false
0.3,0.8,2,0.0896,0.1432,0.1656,0.1193,0.1646,0.1165,0.0762,0.125,100,false
0.3,0.8,3,0.08,0.1571,0.1767,0.1203,0.1666,0.1061,0.0624,0.1308,100,false
0.3,0.8,4,0.0758,0.1771,0.185,0.1157,0.1648,0.0971,0.0509,0.1336,100,false
0.3,0.8,5,0.0752,0.1993,0.1795,0.1124,0.1619,0.0895,0.0414,0.1408,100,false
0.3,0.8,6,0.074,0.2131,0.177,0.1092,0.1572,0.0819,0.0398,0.1478,100,false
0.3,0.8,7,0.0758,0.2274,0.1724,0.1021,0.1525,0.0744,0.0345,0.1609,100,false
0.3,0.8,8,0.0741,0.2401,0.165,0.0903,0.1539,0.0678,0.0335,0.1753,100,false
0.3,0.8,9,0.0682,0.2521,0.1521,0.0822,0.1568,0.0639,0.0335,0.1912,100,false
0.3,0.8,10,0.0623,0.2587,0.1375,0.0808,0.1566,0.0606,0.0354,0.2081,100,false
0.3,0.8,50,0,0.2671,0.1,0.1496,0.1337,0.0445,0.0498,0.2553,100,false
0.3,0.8,100,0,0.3915,0.0386,0.1585,0.1904,0.0405,0.0949,0.0856,100,false
0.3,0.8,1000,0,0.6232,0,0.0774,0.0926,0.0746,0.0331,0.0991,100,false
0.3,0.8,5000,0,0.2336,0,0.268,0,0.2631,0,0.2353,100,false
0.3,0.8,10000,0,0.2424,0,0.1924,0,0.2546,0,0.3106,100,false
0.3,0.85,0,0.1258,0.1274,0.1229,0.1306,0.124,0.1234,0.1208,0.1251,100,false
0.3,0.85,1,0.1043,0.1325,0.1422,0.1344,0.1372,0.1198,0.1063,0.1233,100,false
0.3,0.85,2,0.0929,0.1409,0.1617,0.1358,0.1461,0.1109,0.0902,0.1215,100,false
0.3,0.85,3,0.0874,0.157,0.1742,0.135,0.1467,0.1045,0.0712,0.124,100,false
0.3,0.85,4,0.0853,0.1777,0.1776,0.1296,0.1483,0.0946,0.0594,0.1275,100,false
0.3,0.85,5,0.0838,0.1987,0.1758,0.1254,0.1473,0.0854,0.0504,0.1332,100,false
0.3,0.85,6,0.0839,0.215,0.1751,0.1153,0.1419,0.0828,0.044,0.142,100,false
0.3,0.85,7,0.0814,0.2336,0.1724,0.1027,0.1372,0.0796,0.039,0.1541,100,false
0.3,0.85,8,0.0831,0.2454,0.1577,0.0972,0.1334,0.0787,0.0361,0.1684,100,false
0.3,0.85,9,0.0811,0.2579,0.141,0.0913,0.1313,0.0798,0.0348,0.1828,100,false
0.3,0.85,10,0.0789,0.2644,0.1266,0.0862,0.1304,0.078,0.0347,0.2008,100,false
0.3,0.85,50,0.017,0.2643,0.0632,0.0944,0.1195,0.0504,0.1257,0.2655,100,false
0.3,0.85,100,0.0445,0.3853,0.0258,0.0744,0.1503,0.0524,0.098,0.1693,100,false
0.3,0.85,1000,0.066,0.2159,0.1144,0.0342,0.2714,0,0.1456,0.1525,100,false
0.3,0.85,5000,0,0.0817,0.0004,0,0.7297,0,0,0.1882,100,true
0.3,0.85,10000,0,0.0817,0.0004,0,0.7297,0,0,0.1882,100,true
0.3,0.85,20000,0,0.0817,0.0004,0,0.7297,0,0,0.1882,100,true
0.3,0.85,30000,0,0.0817,0.0004,0,0.7297,0,0,0.1882,100,true
0.3,0.85,40000,0,0.0817,0.0004,0,0.7297,0,0,0.1882,100,true
0.3,0.85,50000,0,0.0817,0.0004,0,0.7297,0,0,0.1882,100,true
0.3,0.85,60000,0,0.0817,0.0004,0,0.7297,0,0,0.1882,100,true
0.3,0.85,70000,0,0.0817,0.0004,0,0.7297,0,0,0.1882,100,true
0.3,0.85,80000,0,0.0817,0.0004,0,0.7297,0,0,0.1882,100,true
0.3,0.85,90000,0,0.0817,0.0004,0,0.7297,0,0,0.1882,100,true
0.3,0.85,100000,0,0.0817,0.0004,0,0.7297,0,0,0.1882,100,true
0.3,0.9,0,0.1221,0.1229,0.1262,0.1261,0.1253,0.125,0.1296,0.1228,100,false
0.3,0.9,1,0.101,0.1324,0.1529,0.1284,0.1376,0.1252,0.106,0.1165,100,false
0.3,0.9,2,0.0914,0.1432,0.1734,0.1241,0.1493,0.1185,0.082,0.1181,100,false
0.3,0.9,3,0.0847,0.1551,0.1907,0.1187,0.1545,0.1098,0.0637,0.1228,100,false
0.3,0.9,4,0.0822,0.1767,0.1987,0.1149,0.1475,0.1028,0.0503,0.1269,100,false
0.3,0.9,5,0.0763,0.1951,0.1997,0.1093,0.1465,0.0913,0.0438,0.138,100,false
0.3,0.9,6,0.0752,0.2165,0.1933,0.0994,0.1457,0.0856,0.0372,0.1471,100,false
0.3,0.9,7,0.0744,0.2378,0.1838,0.0891,0.1431,0.0805,0.0356,0.1557,100,false
0.3,0.9,8,0.0789,0.2488,0.1686,0.0841,0.1429,0.0752,0.0331,0.1684,100,false
0.3,0.9,9,0.0748,0.256,0.1552,0.0777,0.1489,0.0712,0.0309,0.1853,100,false
0.3,0.9,10,0.0733,0.2638,0.1409,0.0704,0.1497,0.071,0.0276,0.2033,100,false
0.3,0.9,50,0.0002,0.307,0.0757,0.11,0.1406,0.0426,0.0593,0.2646,100,false
0.3,0.9,100,0,0.5011,0.0258,0.0952,0.1192,0.0675,0.1039,0.0873,100,false
0.3,0.9,1000,0,0.3765,0,0.1598,0.0295,0.1952,0.0308,0.2082,100,false
0.3,0.9,5000,0,0.2559,0,0.232,0,0.2483,0,0.2638,100,false
0.3,0.9,10000,0,0.2434,0,0.2444,0,0.2516,0,0.2606,100,false
0.3,0.95,0,0.1263,0.1265,0.1263,0.1254,0.1248,0.1279,0.1227,0.1201,100,false
0.3,0.95,1,0.102,0.132,0.1527,0.1238,0.1445,0.1271,0.0967,0.1212,100,false
0.3,0.95,2,0.0861,0.1418,0.1718,0.1221,0.1585,0.1223,0.0735,0.1239,100,false
0.3,0.95,3,0.0796,0.1611,0.1774,0.1237,0.1628,0.1106,0.0596,0.1252,100,false
0.3,0.95,4,0.0747,0.1802,0.1822,0.1281,0.1562,0.1032,0.0451,0.1303,100,false
0.3,0.95,5,0.0705,0.1909,0.1887,0.1241,0.1564,0.0923,0.0381,0.139,100,false
0.3,0.95,6,0.0671,0.207,0.1886,0.1172,0.1502,0.0869,0.036,0.147,100,false
0.3,0.95,7,0.0695,0.226,0.1801,0.1096,0.1469,0.0822,0.0312,0.1545,100,false
0.3,0.95,8,0.0703,0.2348,0.1711,0.1083,0.1367,0.0793,0.028,0.1715,100,false
0.3,0.95,9,0.0663,0.2523,0.1583,0.0987,0.1349,0.0755,0.0262,0.1878,100,false
0.3,0.95,10,0.0633,0.2655,0.1447,0.0887,0.1373,0.0752,0.0231,0.2022,100,false
0.3,0.95,50,0.0062,0.2225,0.114,0.1258,0.1036,0.0679,0.073,0.287,100,false
0.3,0.95,100,0.0049,0.3941,0.0236,0.0996,0.2144,0.0676,0.1004,0.0954,100,false
0.3,0.95,1000,0.1222,0.2092,0.1148,0.1124,0.1203,0.0137,0.1178,0.1896,100,false
0.3,0.95,5000,0.0596,0.2548,0.0639,0.0939,0.2483,0,0.1613,0.1182,100,false
0.3,0.95,10000,0.2594,0.1552,0.2159,0.1767,0.1928,0,0,0,100,false
0.3,1,0,0.1233,0.1211,0.1269,0.1254,0.1285,0.1257,0.1297,0.1194,100,false
0.3,1,1,0.1021,0.127,0.153,0.1256,0.1529,0.1216,0.0969,0.1209,100,false
0.3,1,2,0.0887,0.1345,0.1746,0.129,0.1646,0.1104,0.0765,0.1217,100,false
0.3,1,3,0.0777,0.1472,0.1893,0.1309,0.1626,0.1003,0.0642,0.1278,100,false
0.3,1,4,0.0714,0.1615,0.2047,0.1257,0.1595,0.0905,0.0546,0.1321,100,false
0.3,1,5,0.0691,0.1818,0.2087,0.1182,0.1545,0.082,0.0475,0.1382,100,false
0.3,1,6,0.067,0.1976,0.2077,0.1135,0.1461,0.0779,0.0418,0.1484,100,false
0.3,1,7,0.0625,0.2197,0.2016,0.1091,0.1372,0.0717,0.0378,0.1604,100,false
0.3,1,8,0.0618,0.2433,0.1886,0.0986,0.1307,0.0691,0.0322,0.1757,100,false
0.3,1,9,0.0608,0.2581,0.1722,0.0904,0.1265,0.066,0.029,0.197,100,false
0.3,1,10,0.0588,0.2679,0.153,0.0857,0.1225,0.0643,0.0264,0.2214,100,false
0.3,1,50,0,0.304,0.0748,0.0603,0.1787,0.0442,0.0527,0.2853,100,false
0.3,1,100,0,0.4627,0.0077,0.0899,0.2041,0.0234,0.0811,0.1311,100,false
0.3,1,1000,0,0.3465,0,0.1587,0.0223,0.1777,0.0531,0.2417,100,false
0.3,1,5000,0,0.2547,0,0.222,0,0.2296,0,0.2937,100,false
0.3,1,10000,0,0.1864,0,0.3047,0,0.2983,0,0.2106,100,false
0.35,0,0,0.1289,0.1268,0.1245,0.1248,0.1223,0.1232,0.123,0.1265,100,false
0.35,0,1,0.1302,0.126,0.1239,0.1239,0.1184,0.1259,0.1219,0.1298,100,false
0.35,0,2,0.1285,0.1272,0.1211,0.1223,0.1232,0.124,0.123,0.1307,100,false
0.35,0,3,0.1285,0.1241,0.1203,0.1216,0.1273,0.1258,0.1248,0.1276,100,false
0.35,0,4,0.1236,0.1237,0.1198,0.12,0.1315,0.13,0.1223,0.1291,100,false
0.35,0,5,0.1225,0.1204,0.121,0.1206,0.1344,0.1279,0.1213,0.1319,100,false
0.35,0,6,0.1245,0.1224,0.1138,0.1247,0.1362,0.1261,0.1187,0.1336,100,false
0.35,0,7,0.122,0.1223,0.1142,0.1266,0.1363,0.1273,0.114,0.1373,100,false
0.35,0,8,0.1147,0.1229,0.1154,0.1261,0.1377,0.1295,0.1123,0.1414,100,false
0.35,0,9,0.1098,0.1229,0.1188,0.1309,0.1334,0.1333,0.1084,0.1425,100,false
0.35,0,10,0.1102,0.1228,0.1206,0.1319,0.134,0.1344,0.1041,0.142,100,false
0.35,0,50,0.1031,0.1527,0.1122,0.1551,0.1329,0.1262,0.1036,0.1142,100,false
0.35,0,100,0.0799,0.091,0.0909,0.2366,0.0942,0.1544,0.134,0.119,100,false
0.35,0,1000,0.1104,0.0325,0.0477,0.0834,0.0764,0.2221,0.3405,0.087,100,false
0.35,0,5000,0,0.2371,0,0.3698,0,0.1791,0,0.214,100,false
0.35,0,10000,0,0.2488,0,0.2555,0,0.3,0,0.1957,100,false
0.35,0.05,0,0.1192,0.1285,0.1218,0.1212,0.1306,0.1253,0.1244,0.129,100,false
0.35,0.05,1,0.1141,0.1289,0.1224,0.1243,0.1332,0.1253,0.1206,0.1312,100,false
0.35,0.05,2,0.1143,0.1303,0.1222,0.1264,0.1383,0.1217,0.1171,0.1297,100,false
0.35,0.05,3,0.1144,0.1291,0.1277,0.1247,0.1415,0.1145,0.1168,0.1313,100,false
0.35,0.05,4,0.109,0.1274,0.1304,0.128,0.1406,0.1124,0.1207,0.1315,100,false
0.35,0.05,5,0.1035,0.132,0.1302,0.1311,0.1417,0.1065,0.1219,0.1331,100,false
0.35,0.05,6,0.1021,0.1357,0.133,0.1291,0.1384,0.1074,0.1198,0.1345,100,false
0.35,0.05,7,0.1064,0.1361,0.1329,0.13,0.1358,0.1061,0.1157,0.137,100,false
0.35,0.05,8,0.1045,0.1421,0.131,0.1299,0.136,0.1053,0.1114,0.1398,100,false
0.35,0.05,9,0.106,0.1442,0.1283,0.1302,0.1361,0.1045,0.1093,0.1414,100,false
0.35,0.05,10,0.107,0.1438,0.128,0.1297,0.136,0.1012,0.1107,0.1436,100,false
0.35,0.05,50,0.0972,0.1575,0.1181,0.1556,0.1239,0.1104,0.1137,0.1236,100,false
0.35,0.05,100,0.1254,0.1769,0.1187,0.1344,0.0932,0.0891,0.0946,0.1677,100,false
0.35,0.05,1000,0.2071,0.1927,0.1598,0.0849,0.1019,0.0716,0.0941,0.0879,100,false
0.35,0.05,5000,0.0118,0.3313,0,0.2682,0.0019,0.2038,0.0696,0.1134,100,false
0.35,0.05,10000,0,0.3094,0,0.2877,0,0.1836,0,0.2193,100,false
0.35,0.1,0,0.1249,0.1281,0.125,0.1273,0.127,0.1222,0.1243,0.1212,100,false
0.35,0.1,1,0.1239,0.1295,0.1237,0.1289,0.1289,0.1195,0.1251,0.1205,100,false
0.35,0.1,2,0.1208,0.1302,0.1258,0.1293,0.1325,0.1198,0.1199,0.1217,100,false
0.35,0.1,3,0.1208,0.1355,0.1274,0.1363,0.1285,0.1134,0.1149,0.1232,100,false
0.35,0.1,4,0.1191,0.1372,0.1286,0.1367,0.1253,0.1137,0.1105,0.1289,100,false
0.35,0.1,5,0.1193,0.1408,0.1297,0.1323,0.1275,0.1135,0.1074,0.1295,100,false
0.35,0.1,6,0.1231,0.1431,0.1295,0.1302,0.1224,0.117,0.1053,0.1294,100,false
0.35,0.1,7,0.1267,0.1446,0.1267,0.1301,0.1223,0.1169,0.0992,0.1335,100,false
0.35,0.1,8,0.1298,0.1473,0.1226,0.1278,0.1225,0.1152,0.098,0.1368,100,false
0.35,0.1,9,0.1306,0.1461,0.1216,0.1246,0.1234,0.1159,0.0985,0.1393,100,false
0.35,0.1,10,0.1306,0.1423,0.1194,0.1294,0.1213,0.1097,0.0999,0.1474,100,false
0.35,0.1,50,0.1141,0.1702,0.0939,0.1139,0.1017,0.1673,0.0932,0.1457,100,false
0.35,0.1,100,0.1205,0.1943,0.0731,0.1207,0.0938,0.1368,0.1022,0.1586,100,false
0.35,0.1,1000,0.0178,0.0834,0.0904,0.0778,0.1596,0.2495,0.0518,0.2697,100,false
0.35,0.1,5000,0,0.2335,0,0.2468,0,0.2564,0,0.2633,100,false
0.35,0.1,10000,0,0.2309,0,0.3527,0,0.2351,0,0.1813,100,false
0.35,0.15,0,0.1244,0.1242,0.1295,0.1244,0.1219,0.1225,0.1199,0.1332,100,false
0.35,0.15,1,0.1154,0.1256,0.1322,0.1245,0.1238,0.1192,0.1223,0.137,100,false
0.35,0.15,2,0.1132,0.1304,0.138,0.1172,0.1286,0.1191,0.121,0.1325,100,false
0.35,0.15,3,0.1108,0.1328,0.1405,0.1162,0.1282,0.1178,0.1195,0.1342,100,false
0.35,0.15,4,0.1068,0.1357,0.1427,0.111,0.1312,0.1221,0.1133,0.1372,100,false
0.35,0.15,5,0.107,0.1389,0.146,0.1105,0.1324,0.1214,0.1072,0.1366,100,false
0.35,0.15,6,0.1085,0.1439,0.1477,0.1082,0.1323,0.1211,0.1038,0.1345,100,false
0.35,0.15,7,0.1046,0.1479,0.1477,0.1052,0.1363,0.1221,0.1015,0.1347,100,false
0.35,0.15,8,0.0975,0.157,0.1499,0.0995,0.1401,0.1177,0.1004,0.1379,100,false
0.35,0.15,9,0.1013,0.1611,0.149,0.0931,0.146,0.1145,0.0948,0.1402,100,false
0.35,0.15,10,0.104,0.1597,0.1506,0.0898,0.1496,0.1088,0.0931,0.1444,100,false
0.35,0.15,50,0.0749,0.1453,0.1225,0.125,0.1372,0.0758,0.1655,0.1538,100,false
0.35,0.15,100,0.0793,0.1584,0.1235,0.1836,0.1151,0.0766,0.1607,0.1028,100,false
0.35,0.15,1000,0.2283,0.1589,0.0847,0.0498,0.0519,0.2227,0.0597,0.144,100,false
0.35,0.15,5000,0,0.2313,0,0.235,0,0.304,0,0.2297,100,false
0.35,0.15,10000,0,0.1988,0,0.2606,0,0.2722,0,0.2684,100,false
0.35,0.2,0,0.1277,0.1183,0.1248,0.1283,0.1291,0.1221,0.1266,0.1231,100,false
0.35,0.2,1,0.1231,0.122,0.1316,0.1281,0.1351,0.1175,0.1235,0.1191,100,false
0.35,0.2,2,0.1159,0.127,0.1387,0.1301,0.1377,0.1136,0.1199,0.1171,100,false
0.35,0.2,3,0.1165,0.1305,0.146,0.1313,0.1338,0.1125,0.1115,0.1179,100,false
0.35,0.2,4,0.1175,0.1368,0.145,0.1313,0.1299,0.1098,0.1069,0.1228,100,false
0.35,0.2,5,0.1197,0.143,0.1471,0.1295,0.1277,0.1093,0.099,0.1247,100,false
0.35,0.2,6,0.1203,0.1469,0.1501,0.1241,0.1263,0.1072,0.0948,0.1303,100,false
0.35,0.2,7,0.1194,0.1467,0.1519,0.1193,0.1233,0.1081,0.0934,0.1379,100,false
0.35,0.2,8,0.1198,0.1558,0.1488,0.1148,0.1187,0.1097,0.0934,0.139,100,false
0.35,0.2,9,0.1203,0.1585,0.1446,0.1115,0.1171,0.1127,0.0929,0.1424,100,false
0.35,0.2,10,0.1192,0.1603,0.1409,0.1118,0.1146,0.1149,0.0907,0.1476,100,false
0.35,0.2,50,0.0728,0.2314,0.097,0.0627,0.1521,0.1035,0.1116,0.1689,100,false
0.35,0.2,100,0.1147,0.223,0.0573,0.0848,0.116,0.0518,0.1397,0.2127,100,false
0.35,0.2,1000,0,0.3773,0,0.1467,0.0865,0.1565,0.0383,0.1947,100,false
0.35,0.2,5000,0,0.2449,0,0.1793,0,0.2886,0,0.2872,100,false
0.35,0.2,10000,0,0.2739,0,0.258,0,0.2458,0,0.2223,100,false
0.35,0.25,0,0.1247,0.1226,0.1272,0.123,0.1243,0.1237,0.1279,0.1266,100,false
0.35,0.25,1,0.114,0.1231,0.1385,0.1229,0.1273,0.1253,0.117,0.1319,100,false
0.35,0.25,2,0.1096,0.127,0.1472,0.1213,0.1262,0.1296,0.1091,0.13,100,false
0.35,0.25,3,0.1056,0.129,0.1542,0.1192,0.132,0.1273,0.1006,0.1321,100,false
0.35,0.25,4,0.1028,0.1371,0.1615,0.111,0.135,0.1265,0.0966,0.1295,100,false
0.35,0.25,5,0.1041,0.1429,0.1652,0.1082,0.1385,0.1211,0.0915,0.1285,100,false
0.35,0.25,6,0.1057,0.1483,0.1678,0.106,0.1405,0.1177,0.083,0.131,100,false
0.35,0.25,7,0.1056,0.1524,0.1739,0.102,0.1428,0.1094,0.0777,0.1362,100,false
0.35,0.25,8,0.1072,0.1565,0.1749,0.1001,0.1436,0.1037,0.0701,0.1439,100,false
0.35,0.25,9,0.1069,0.1663,0.1673,0.0994,0.1385,0.1011,0.0689,0.1516,100,false
0.35,0.25,10,0.1049,0.1713,0.1666,0.0971,0.135,0.0977,0.0658,0.1616,100,false
0.35,0.25,50,0.0557,0.2859,0.078,0.0997,0.1228,0.0729,0.1239,0.1611,100,false
0.35,0.25,100,0.1013,0.2351,0.0493,0.1061,0.0988,0.052,0.2287,0.1287,100,false
0.35,0.25,1000,0.0689,0.1206,0.2244,0.1456,0.3666,0.029,0.0233,0.0216,100,false
0.35,0.25,5000,0,0.1095,0.0032,0,0.6481,0,0.0005,0.2387,100,true
0.35,0.25,10000,0,0.1095,0.0032,0,0.6481,0,0.0005,0.2387,100,true
0.35,0.25,20000,0,0.1095,0.0032,0,0.6481,0,0.0005,0.2387,100,true
0.35,0.25,30000,0,0.1095,0.0032,0,0.6481,0,0.0005,0.2387,100,true
0.35,0.25,40000,0,0.1095,0.0032,0,0.6481,0,0.0005,0.2387,100,true
0.35,0.25,50000,0,0.1095,0.0032,0,0.6481,0,0.0005,0.2387,100,true
0.35,0.25,60000,0,0.1095,0.0032,0,0.6481,0,0.0005,0.2387,100,true
0.35,0.25,70000,0,0.1095,0.0032,0,0.6481,0,0.0005,0.2387,100,true
0.35,0.25,80000,0,0.1095,0.0032,0,0.6481,0,0.0005,0.2387,100,true
0.35,0.25,90000,0,0.1095,0.0032,0,0.6481,0,0.0005,0.2387,100,true
0.35,0.25,100000,0,0.1095,0.0032,0,0.6481,0,0.0005,0.2387,100,true
0.35,0.3,0,0.1219,0.1298,0.1223,0.1227,0.1266,0.1213,0.1204,0.135,100,false
0.35,0.3,1,0.1124,0.1329,0.128,0.1216,0.1338,0.1136,0.1223,0.1354,100,false
0.35,0.3,2,0.107,0.1333,0.1371,0.1205,0.1393,0.1141,0.112,0.1367,100,false
0.35,0.3,3,0.0986,0.1385,0.1434,0.1213,0.1429,0.1147,0.1024,0.1382,100,false
0.35,0.3,4,0.1006,0.1403,0.1484,0.1235,0.1424,0.1109,0.096,0.1379,100,false
0.35,0.3,5,0.0947,0.1468,0.1525,0.1193,0.1439,0.1087,0.0933,0.1408,100,false
0.35,0.3,6,0.0931,0.1537,0.1548,0.1157,0.1425,0.1054,0.0904,0.1444,100,false
0.35,0.3,7,0.0927,0.1556,0.1577,0.1131,0.1398,0.1072,0.0869,0.147,100,false
0.35,0.3,8,0.0903,0.1642,0.1598,0.1085,0.1347,0.1035,0.0867,0.1523,100,false
0.35,0.3,9,0.0881,0.1712,0.1576,0.1023,0.1369,0.1007,0.0868,0.1564,100,false
0.35,0.3,10,0.0889,0.1728,0.1561,0.1,0.13,0.1061,0.087,0.1591,100,false
0.35,0.3,50,0.0455,0.2311,0.0612,0.1499,0.1476,0.0658,0.1292,0.1697,100,false
0.35,0.3,100,0.0704,0.2445,0.0967,0.1751,0.1129,0.0956,0.0684,0.1364,100,false
0.35,0.3,1000,0.2522,0.0544,0.1285,0.0623,0.1927,0.0074,0.1553,0.1472,100,false
0.35,0.3,5000,0,0.3023,0,0.2593,0,0.1958,0,0.2426,100,false
0.35,0.3,10000,0,0.1988,0,0.2224,0,0.2735,0,0.3053,100,false
0.35,0.35,0,0.126,0.1317,0.1229,0.1245,0.1225,0.124,0.1234,0.125,100,false
0.35,0.35,1,0.1116,0.1322,0.1288,0.1232,0.1367,0.1254,0.1096,0.1325,100,false
0.35,0.35,2,0.107,0.1352,0.1294,0.1264,0.1457,0.1213,0.1064,0.1286,100,false
0.35,0.35,3,0.1029,0.1395,0.1349,0.1264,0.1453,0.1168,0.1037,0.1305,100,false
0.35,0.35,4,0.1005,0.1414,0.1376,0.1294,0.1499,0.1113,0.0962,0.1337,100,false
0.35,0.35,5,0.0943,0.1494,0.1425,0.1301,0.1526,0.1041,0.0901,0.1369,100,false
0.35,0.35,6,0.0977,0.1589,0.1427,0.1311,0.1484,0.1004,0.0851,0.1357,100,false
0.35,0.35,7,0.0966,0.1641,0.1462,0.1309,0.1472,0.0951,0.0808,0.1391,100,false
0.35,0.35,8,0.0961,0.1724,0.1499,0.1252,0.1442,0.0921,0.0773,0.1428,100,false
0.35,0.35,9,0.0962,0.1804,0.1504,0.1223,0.1399,0.09,0.076,0.1448,100,false
0.35,0.35,10,0.0976,0.1871,0.1507,0.1184,0.1365,0.0864,0.0738,0.1495,100,false
0.35,0.35,50,0.0541,0.2936,0.0685,0.0833,0.1049,0.0919,0.0974,0.2063,100,false
0.35,0.35,100,0.073,0.2309,0.051,0.1197,0.1761,0.0823,0.1299,0.1371,100,false
0.35,0.35,1000,0.2065,0.1276,0.0927,0.0939,0.0842,0.0986,0.0958,0.2007,100,false
0.35,0.35,5000,0,0.2005,0,0.2441,0,0.2324,0,0.323,100,false
0.35,0.35,10000,0,0.2739,0,0.2623,0,0.2066,0,0.2572,100,false
0.35,0.4,0,0.1198,0.1261,0.1255,0.1269,0.1288,0.1255,0.1239,0.1235,100,false
0.35,0.4,1,0.112,0.1312,0.1383,0.1239,0.1371,0.1251,0.1144,0.118,100,false
0.35,0.4,2,0.1084,0.1353,0.1479,0.1225,0.1405,0.121,0.1041,0.1203,100,false
0.35,0.4,3,0.1011,0.1441,0.1519,0.1244,0.1429,0.1164,0.0944,0.1248,100,false
0.35,0.4,4,0.1012,0.1524,0.1533,0.1193,0.1467,0.1097,0.0889,0.1285,100,false
0.35,0.4,5,0.0945,0.1638,0.1561,0.115,0.1508,0.1031,0.0838,0.1329,100,false
0.35,0.4,6,0.0938,0.1772,0.156,0.1126,0.1513,0.0959,0.076,0.1372,100,false
0.35,0.4,7,0.0962,0.1833,0.1514,0.1087,0.1525,0.0938,0.0698,0.1443,100,false
0.35,0.4,8,0.1014,0.1891,0.1488,0.106,0.147,0.0928,0.0645,0.1504,100,false
0.35,0.4,9,0.1072,0.1877,0.1448,0.1056,0.1436,0.089,0.0643,0.1578,100,false
0.35,0.4,10,0.108,0.1893,0.1379,0.106,0.1424,0.0884,0.0644,0.1636,100,false
0.35,0.4,50,0.0215,0.2485,0.0855,0.084,0.1491,0.0859,0.1077,0.2178,100,false
0.35,0.4,100,0.0356,0.2411,0.0309,0.1573,0.1522,0.0642,0.1671,0.1516,100,false
0.35,0.4,1000,0.1292,0.191,0.1245,0.089,0.0854,0.1071,0.0169,0.2569,100,false
0.35,0.4,5000,0,0.2604,0,0.2311,0,0.2245,0,0.284,100,false
0.35,0.4,10000,0,0.2607,0,0.2319,0,0.2125,0,0.2949,100,false
0.35,0.45,0,0.1204,0.124,0.1234,0.1277,0.1234,0.1259,0.1286,0.1266,100,false
0.35,0.45,1,0.1075,0.1332,0.1321,0.1313,0.1366,0.122,0.1114,0.1259,100,false
0.35,0.45,2,0.103,0.1375,0.144,0.1305,0.1422,0.1167,0.0956,0.1305,100,false
0.35,0.45,3,0.1029,0.142,0.1508,0.1357,0.1406,0.1122,0.0834,0.1324,100,false
0.35,0.45,4,0.0992,0.1522,0.1557,0.1348,0.14,0.1051,0.076,0.137,100,false
0.35,0.45,5,0.0977,0.1632,0.159,0.1327,0.136,0.1028,0.0687,0.1399,100,false
0.35,0.45,6,0.0994,0.1749,0.1555,0.1264,0.1327,0.0973,0.0645,0.1493,100,false
0.35,0.45,7,0.1039,0.1789,0.1527,0.1185,0.1299,0.0943,0.0639,0.1579,100,false
0.35,0.45,8,0.1021,0.1893,0.1484,0.1088,0.1297,0.0929,0.061,0.1678,100,false
0.35,0.45,9,0.0969,0.1971,0.1442,0.1042,0.1271,0.0935,0.0599,0.1771,100,false
0.35,0.45,10,0.0937,0.2009,0.1337,0.1034,0.1266,0.0906,0.0602,0.1909,100,false
0.35,0.45,50,0.0424,0.2625,0.0634,0.0446,0.1837,0.0572,0.0833,0.2629,100,false
0.35,0.45,100,0.0338,0.3929,0.0104,0.126,0.0868,0.0193,0.1597,0.1711,100,false
0.35,0.45,1000,0.1156,0.1544,0.1168,0.141,0.0781,0.0811,0.2279,0.0851,100,false
0.35,0.45,5000,0,0.1119,0,0,0.7003,0,0.0007,0.1871,100,true
0.35,0.45,10000,0,0.1119,0,0,0.7003,0,0.0007,0.1871,100,true
0.35,0.45,20000,0,0.1119,0,0,0.7003,0,0.0007,0.1871,100,true
0.35,0.45,30000,0,0.1119,0,0,0.7003,0,0.0007,0.1871,100,true
0.35,0.45,40000,0,0.1119,0,0,0.7003,0,0.0007,0.1871,100,true
0.35,0.45,50000,0,0.1119,0,0,0.7003,0,0.0007,0.1871,100,true
0.35,0.45,60000,0,0.1119,0,0,0.7003,0,0.0007,0.1871,100,true
0.35,0.45,70000,0,0.1119,0,0,0.7003,0,0.0007,0.1871,100,true
0.35,0.45,80000,0,0.1119,0,0,0.7003,0,0.0007,0.1871,100,true
0.35,0.45,90000,0,0.1119,0,0,0.7003,0,0.0007,0.1871,100,true
0.35,0.45,100000,0,0.1119,0,0,0.7003,0,0.0007,0.1871,100,true
0.35,0.5,0,0.1296,0.1224,0.1266,0.1246,0.129,0.1183,0.1276,0.1219,100,false
0.35,0.5,1,0.1154,0.1205,0.1482,0.1197,0.1383,0.1215,0.1122,0.1242,100,false
0.35,0.5,2,0.11,0.1267,0.1642,0.1186,0.1456,0.1151,0.1007,0.1191,100,false
0.35,0.5,3,0.1023,0.1365,0.1749,0.1144,0.1495,0.1096,0.087,0.1258,100,false
0.35,0.5,4,0.0958,0.1487,0.1765,0.1165,0.151,0.104,0.0746,0.1329,100,false
0.35,0.5,5,0.0951,0.1605,0.1761,0.1143,0.1497,0.1011,0.0647,0.1385,100,false
0.35,0.5,6,0.0955,0.1686,0.1733,0.1133,0.1466,0.0971,0.055,0.1506,100,false
0.35,0.5,7,0.0952,0.1768,0.1728,0.1108,0.139,0.0965,0.0485,0.1604,100,false
0.35,0.5,8,0.0953,0.1813,0.1718,0.1078,0.1323,0.0914,0.0457,0.1744,100,false
0.35,0.5,9,0.0953,0.1818,0.1722,0.1037,0.128,0.0887,0.0406,0.1897,100,false
0.35,0.5,10,0.0918,0.186,0.1646,0.1018,0.1247,0.0878,0.0368,0.2065,100,false
0.35,0.5,50,0.0198,0.2606,0.096,0.0716,0.1661,0.0584,0.0917,0.2358,100,false
0.35,0.5,100,0.0278,0.3406,0.073,0.0917,0.2169,0.0325,0.1042,0.1133,100,false
0.35,0.5,1000,0.1067,0.106,0.1432,0.0614,0.2587,0.1034,0.106,0.1146,100,false
0.35,0.5,5000,0,0.2864,0,0.1909,0,0.2563,0,0.2664,100,false
0.35,0.5,10000,0,0.2781,0,0.2091,0,0.2923,0,0.2205,100,false
0.35,0.55,0,0.1254,0.1261,0.1277,0.1218,0.1203,0.1207,0.1315,0.1265,100,false
0.35,0.55,1,0.1083,0.1325,0.1448,0.1151,0.1325,0.1189,0.118,0.1299,100,false
0.35,0.55,2,0.0953,0.1404,0.1535,0.112,0.1467,0.1138,0.1082,0.1301,100,false
0.35,0.55,3,0.0914,0.1524,0.159,0.1107,0.1518,0.1099,0.0941,0.1307,100,false
0.35,0.55,4,0.0925,0.1607,0.1683,0.1062,0.1537,0.1063,0.0787,0.1336,100,false
0.35,0.55,5,0.0875,0.1723,0.1718,0.1021,0.1571,0.1013,0.0675,0.1404,100,false
0.35,0.55,6,0.083,0.1885,0.1714,0.0977,0.1558,0.0953,0.061,0.1473,100,false
0.35,0.55,7,0.0841,0.1954,0.1707,0.0907,0.1586,0.0893,0.0584,0.1528,100,false
0.35,0.55,8,0.0875,0.2041,0.1648,0.0875,0.1566,0.0874,0.0514,0.1607,100,false
0.35,0.55,9,0.0921,0.2099,0.16,0.0844,0.1497,0.0882,0.045,0.1707,100,false
0.35,0.55,10,0.0965,0.2141,0.1494,0.0808,0.15,0.0852,0.0429,0.1811,100,false
0.35,0.55,50,0.0178,0.2655,0.0814,0.0757,0.1451,0.0691,0.1197,0.2257,100,false
0.35,0.55,100,0.0315,0.3195,0.0338,0.0765,0.1908,0.0534,0.145,0.1495,100,false
0.35,0.55,1000,0.0751,0.2037,0.2117,0.0027,0.2247,0,0.1538,0.1283,100,false
0.35,0.55,5000,0.0887,0.142,0.152,0.0553,0.2409,0,0.1422,0.1789,100,false
0.35,0.55,10000,0,0.0555,0.0013,0,0.355,0,0.0049,0.5833,100,true
0.35,0.55,20000,0,0.0555,0.0013,0,0.355,0,0.0049,0.5833,100,true
0.35,0.55,30000,0,0.0555,0.0013,0,0.355,0,0.0049,0.5833,100,true
0.35,0.55,40000,0,0.0555,0.0013,0,0.355,0,0.0049,0.5833,100,true
0.35,0.55,50000,0,0.0555,0.0013,0,0.355,0,0.0049,0.5833,100,true
0.35,0.55,60000,0,0.0555,0.0013,0,0.355,0,0.0049,0.5833,100,true
0.35,0.55,70000,0,0.0555,0.0013,0,0.355,0,0.0049,0.5833,100,true
0.35,0.55,80000,0,0.0555,0.0013,0,0.355,0,0.0049,0.5833,100,true
0.35,0.55,90000,0,0.0555,0.0013,0,0.355,0,0.0049,0.5833,100,true
0.35,0.55,100000,0,0.0555,0.0013,0,0.355,0,0.0049,0.5833,100,true
0.35,0.6,0,0.121,0.1309,0.1264,0.1215,0.127,0.1175,0.1288,0.1269,100,false
0.35,0.6,1,0.1092,0.1364,0.1396,0.1203,0.1439,0.1182,0.1108,0.1216,100,false
0.35,0.6,2,0.102,0.1433,0.1487,0.1213,0.1532,0.1092,0.0957,0.1266,100,false
0.35,0.6,3,0.0945,0.1561,0.1586,0.1202,0.1594,0.1028,0.0825,0.1259,100,false
0.35,0.6,4,0.0899,0.1705,0.1628,0.1172,0.1599,0.0965,0.0731,0.1301,100,false
0.35,0.6,5,0.0818,0.1837,0.1665,0.1157,0.1619,0.0891,0.0653,0.136,100,false
0.35,0.6,6,0.0798,0.1951,0.1637,0.1137,0.1584,0.0839,0.0596,0.1458,100,false
0.35,0.6,7,0.0804,0.2024,0.1563,0.1177,0.15,0.0823,0.0564,0.1545,100,false
0.35,0.6,8,0.0761,0.2148,0.1493,0.115,0.1444,0.0796,0.0537,0.1671,100,false
0.35,0.6,9,0.0743,0.2244,0.1432,0.1072,0.1398,0.078,0.0522,0.1809,100,false
0.35,0.6,10,0.0697,0.2294,0.1422,0.0984,0.1378,0.0719,0.0552,0.1954,100,false
0.35,0.6,50,0.0294,0.3087,0.0616,0.0864,0.1202,0.0409,0.1132,0.2396,100,false
0.35,0.6,100,0.0031,0.4544,0.0143,0.0654,0.1477,0.0614,0.1271,0.1266,100,false
0.35,0.6,1000,0.0426,0.1523,0,0.3802,0,0.2401,0.0396,0.1452,100,false
0.35,0.6,5000,0,0.2572,0,0.3284,0,0.2525,0,0.1619,100,false
0.35,0.6,10000,0,0.2685,0,0.2612,0,0.2408,0,0.2295,100,false
0.35,0.65,0,0.1257,0.1283,0.1252,0.1213,0.1193,0.1274,0.1258,0.127,100,false
0.35,0.65,1,0.1097,0.1348,0.1365,0.1202,0.142,0.1223,0.1098,0.1247,100,false
0.35,0.65,2,0.1003,0.1439,0.1481,0.12,0.1509,0.1165,0.0955,0.1248,100,false
0.35,0.65,3,0.0917,0.1523,0.1622,0.1198,0.1582,0.1084,0.0822,0.1252,100,false
0.35,0.65,4,0.087,0.1676,0.1681,0.1185,0.1598,0.1006,0.0736,0.1248,100,false
0.35,0.65,5,0.0844,0.18,0.1731,0.1195,0.1535,0.0973,0.0618,0.1304,100,false
0.35,0.65,6,0.0835,0.1946,0.1761,0.1132,0.1474,0.0913,0.0524,0.1415,100,false
0.35,0.65,7,0.0824,0.2119,0.1685,0.1061,0.1445,0.0897,0.0471,0.1498,100,false
0.35,0.65,8,0.0808,0.2206,0.1629,0.0987,0.1409,0.0865,0.0458,0.1638,100,false
0.35,0.65,9,0.0845,0.2291,0.1526,0.0942,0.1369,0.0832,0.0452,0.1743,100,false
0.35,0.65,10,0.0821,0.236,0.1425,0.0893,0.1354,0.08,0.0439,0.1908,100,false
0.35,0.65,50,0.0102,0.2785,0.0902,0.0517,0.0988,0.0644,0.0582,0.348,100,false
0.35,0.65,100,0,0.529,0.0341,0.059,0.1431,0.0142,0.0523,0.1683,100,false
0.35,0.65,1000,0,0.6629,0,0.0003,0.2883,0.0028,0.0449,0.0008,100,true
0.35,0.65,5000,0,0.6629,0,0.0003,0.2883,0.0028,0.0449,0.0008,100,true
0.35,0.65,10000,0,0.6629,0,0.0003,0.2883,0.0028,0.0449,0.0008,100,true
0.35,0.65,20000,0,0.6629,0,0.0003,0.2883,0.0028,0.0449,0.0008,100,true
0.35,0.65,30000,0,0.6629,0,0.0003,0.2883,0.0028,0.0449,0.0008,100,true
0.35,0.65,40000,0,0.6629,0,0.0003,0.2883,0.0028,0.0449,0.0008,100,true
0.35,0.65,50000,0,0.6629,0,0.0003,0.2883,0.0028,0.0449,0.0008,100,true
0.35,0.65,60000,0,0.6629,0,0.0003,0.2883,0.0028,0.0449,0.0008,100,true
0.35,0.65,70000,0,0.6629,0,0.0003,0.2883,0.0028,0.0449,0.0008,100,true
0.35,0.65,80000,0,0.6629,0,0.0003,0.2883,0.0028,0.0449,0.0008,100,true
0.35,0.65,90000,0,0.6629,0,0.0003,0.2883,0.0028,0.0449,0.0008,100,true
0.35,0.65,100000,0,0.6629,0,0.0003,0.2883,0.0028,0.0449,0.0008,100,true
0.35,0.7,0,0.1267,0.1231,0.1244,0.1265,0.1229,0.1265,0.1221,0.1278,100,false
0.35,0.7,1,0.108,0.1283,0.145,0.1248,0.139,0.1267,0.0993,0.1289,100,false
0.35,0.7,2,0.0952,0.1357,0.1662,0.1219,0.1468,0.1182,0.0841,0.1319,100,false
0.35,0.7,3,0.0841,0.1467,0.1795,0.1211,0.1452,0.1149,0.0691,0.1394,100,false
0.35,0.7,4,0.0791,0.1568,0.191,0.1167,0.1421,0.1103,0.0595,0.1445,100,false
0.35,0.7,5,0.0762,0.1722,0.1958,0.1093,0.139,0.1049,0.0504,0.1522,100,false
0.35,0.7,6,0.0756,0.1878,0.1884,0.1049,0.1383,0.0999,0.0446,0.1605,100,false
0.35,0.7,7,0.0779,0.1976,0.1859,0.0951,0.1362,0.0951,0.0415,0.1707,100,false
0.35,0.7,8,0.0732,0.2135,0.1713,0.0929,0.1341,0.0905,0.0411,0.1834,100,false
0.35,0.7,9,0.0716,0.223,0.1587,0.0907,0.1333,0.0869,0.0402,0.1956,100,false
0.35,0.7,10,0.0719,0.2296,0.146,0.0841,0.1349,0.0847,0.0386,0.2102,100,false
0.35,0.7,50,0.0056,0.2097,0.0982,0.0705,0.1595,0.0537,0.1147,0.2881,100,false
0.35,0.7,100,0,0.3668,0.0277,0.0605,0.2083,0.0594,0.1224,0.1549,100,false
0.35,0.7,1000,0,0.3823,0,0.2419,0.0633,0.0734,0.0671,0.172,100,false
0.35,0.7,5000,0,0.2403,0,0.2644,0,0.2267,0,0.2686,100,false
0.35,0.7,10000,0,0.2028,0,0.3161,0,0.2698,0,0.2113,100,false
0.35,0.75,0,0.1214,0.1299,0.1295,0.1265,0.1189,0.1295,0.1231,0.1212,100,false
0.35,0.75,1,0.1062,0.1365,0.1476,0.1232,0.1358,0.1277,0.1007,0.1223,100,false
0.35,0.75,2,0.0952,0.146,0.1591,0.1248,0.1416,0.1224,0.0858,0.1251,100,false
0.35,0.75,3,0.0859,0.1597,0.1748,0.1212,0.1444,0.1132,0.0742,0.1266,100,false
0.35,0.75,4,0.0835,0.1738,0.1844,0.1193,0.1399,0.1061,0.0625,0.1305,100,false
0.35,0.75,5,0.0837,0.1865,0.1849,0.1158,0.1387,0.102,0.0525,0.1359,100,false
0.35,0.75,6,0.0836,0.1997,0.182,0.1103,0.1335,0.0981,0.0424,0.1504,100,false
0.35,0.75,7,0.0844,0.2118,0.1758,0.1005,0.1334,0.0966,0.0382,0.1593,100,false
0.35,0.75,8,0.0866,0.2169,0.1659,0.0968,0.1291,0.096,0.0357,0.173,100,false
0.35,0.75,9,0.0863,0.2245,0.1546,0.0887,0.1276,0.0971,0.0327,0.1885,100,false
0.35,0.75,10,0.0826,0.2263,0.1426,0.0853,0.1301,0.0985,0.0284,0.2062,100,false
0.35,0.75,50,0.0063,0.2413,0.0911,0.0993,0.1368,0.0985,0.0373,0.2894,100,false
0.35,0.75,100,0.0153,0.3205,0.0588,0.1366,0.1241,0.1039,0.0701,0.1707,100,false
0.35,0.75,1000,0.04,0.2201,0,0.3568,0,0.1247,0.1002,0.1582,100,false
0.35,0.75,5000,0,0.1996,0,0.2989,0,0.2667,0,0.2348,100,false
0.35,0.75,10000,0,0.2335,0,0.2621,0,0.286,0,0.2184,100,false
0.35,0.8,0,0.1193,0.126,0.1264,0.1255,0.1213,0.1242,0.1256,0.1317,100,false
0.35,0.8,1,0.1013,0.1319,0.1463,0.1263,0.1386,0.1208,0.1056,0.1292,100,false
0.35,0.8,2,0.0921,0.1381,0.1644,0.1225,0.1524,0.1103,0.0886,0.1316,100,false
0.35,0.8,3,0.081,0.1515,0.1807,0.1206,0.1555,0.1021,0.0742,0.1344,100,false
0.35,0.8,4,0.0737,0.1728,0.1826,0.1191,0.1535,0.0931,0.0639,0.1413,100,false
0.35,0.8,5,0.0692,0.1936,0.178,0.1155,0.1493,0.0883,0.0581,0.148,100,false
0.35,0.8,6,0.0665,0.2127,0.1717,0.107,0.147,0.0834,0.0515,0.1602,100,false
0.35,0.8,7,0.0655,0.2296,0.1622,0.1018,0.1433,0.0787,0.0448,0.1741,100,false
0.35,0.8,8,0.066,0.2366,0.1523,0.0976,0.1396,0.0762,0.0429,0.1888,100,false
0.35,0.8,9,0.0646,0.2404,0.1453,0.0946,0.1306,0.0769,0.0429,0.2047,100,false
0.35,0.8,10,0.0592,0.2467,0.1331,0.0949,0.1222,0.0822,0.0432,0.2185,100,false
0.35,0.8,50,0.0043,0.2678,0.0566,0.1066,0.1034,0.0624,0.0763,0.3226,100,false
0.35,0.8,100,0.0091,0.4387,0.022,0.112,0.1011,0.0593,0.0776,0.1802,100,false
0.35,0.8,1000,0,0.391,0,0.1887,0.0445,0.1243,0.063,0.1885,100,false
0.35,0.8,5000,0,0.2526,0,0.2893,0,0.1868,0,0.2713,100,false
0.35,0.8,10000,0,0.3001,0,0.2489,0,0.1908,0,0.2602,100,false
0.35,0.85,0,0.1232,0.1289,0.1215,0.1187,0.1288,0.1258,0.128,0.1251,100,false
0.35,0.85,1,0.099,0.1321,0.1391,0.1213,0.1513,0.1234,0.1075,0.1263,100,false
0.35,0.85,2,0.0837,0.1374,0.1576,0.1275,0.1667,0.115,0.0856,0.1265,100,false
0.35,0.85,3,0.0766,0.1509,0.1707,0.1276,0.1715,0.1033,0.0697,0.1297,100,false
0.35,0.85,4,0.0753,0.1618,0.1802,0.1309,0.1651,0.0934,0.0582,0.1351,100,false
0.35,0.85,5,0.0722,0.1789,0.1841,0.1284,0.1561,0.0846,0.049,0.1467,100,false
0.35,0.85,6,0.0716,0.1999,0.1778,0.1237,0.1467,0.0825,0.0437,0.1541,100,false
0.35,0.85,7,0.0713,0.2197,0.1691,0.1172,0.1367,0.0808,0.0416,0.1636,100,false
0.35,0.85,8,0.0766,0.2362,0.1548,0.1087,0.1298,0.0816,0.0384,0.1739,100,false
0.35,0.85,9,0.076,0.2452,0.1415,0.1023,0.1243,0.0815,0.0382,0.191,100,false
0.35,0.85,10,0.0709,0.2494,0.1269,0.0953,0.1235,0.0828,0.039,0.2122,100,false
0.35,0.85,50,0.0055,0.284,0.0593,0.0964,0.1201,0.0516,0.0751,0.308,100,false
0.35,0.85,100,0.0363,0.3936,0.0502,0.0896,0.1504,0.052,0.0913,0.1366,100,false
0.35,0.85,1000,0.0212,0.2579,0.1048,0.0266,0.3155,0.0048,0.1367,0.1325,100,false
0.35,0.85,5000,0.1759,0.1732,0.1357,0.029,0.1318,0,0.2044,0.15,100,false
0.35,0.85,10000,0.1051,0.2437,0.0557,0.0758,0.2334,0,0.1673,0.119,100,false
0.35,0.9,0,0.1295,0.1233,0.1221,0.117,0.1259,0.1271,0.1242,0.1309,100,false
0.35,0.9,1,0.1102,0.1249,0.1413,0.1185,0.1534,0.1223,0.0993,0.1301,100,false
0.35,0.9,2,0.0925,0.1344,0.1574,0.1234,0.1639,0.1172,0.0803,0.1309,100,false
0.35,0.9,3,0.0787,0.1495,0.1694,0.13,0.1657,0.1052,0.0674,0.1341,100,false
0.35,0.9,4,0.068,0.1688,0.1795,0.1242,0.167,0.0991,0.0527,0.1407,100,false
0.35,0.9,5,0.0622,0.1867,0.1849,0.1181,0.1658,0.0907,0.0451,0.1465,100,false
0.35,0.9,6,0.0524,0.2058,0.1896,0.1124,0.1575,0.0855,0.0393,0.1575,100,false
0.35,0.9,7,0.0479,0.2285,0.1871,0.1067,0.1481,0.0821,0.0343,0.1653,100,false
0.35,0.9,8,0.044,0.2477,0.1801,0.1016,0.1358,0.0822,0.0292,0.1794,100,false
0.35,0.9,9,0.0439,0.2672,0.1663,0.0939,0.1269,0.0834,0.0259,0.1925,100,false
0.35,0.9,10,0.041,0.2827,0.1527,0.0871,0.1205,0.0848,0.0244,0.2068,100,false
0.35,0.9,50,0.0051,0.2884,0.0702,0.1379,0.1146,0.0446,0.0793,0.2599,100,false
0.35,0.9,100,0.0094,0.396,0.0525,0.1325,0.0821,0.0759,0.0344,0.2172,100,false
0.35,0.9,1000,0,0.271,0,0.2872,0,0.1975,0,0.2443,100,false
0.35,0.9,5000,0,0.2355,0,0.2357,0,0.2447,0,0.2841,100,false
0.35,0.9,10000,0,0.2219,0,0.24,0,0.2516,0,0.2865,100,false
0.35,0.95,0,0.1264,0.1262,0.1235,0.1317,0.1214,0.1251,0.1295,0.1162,100,false
0.35,0.95,1,0.1044,0.1303,0.148,0.132,0.1471,0.1152,0.1033,0.1197,100,false
0.35,0.95,2,0.0915,0.1445,0.1707,0.1226,0.158,0.1083,0.0823,0.1221,100,false
0.35,0.95,3,0.0829,0.1592,0.1839,0.1174,0.1612,0.102,0.0645,0.1289,100,false
0.35,0.95,4,0.0742,0.1806,0.1936,0.1156,0.1555,0.092,0.0535,0.135,100,false
0.35,0.95,5,0.069,0.2025,0.2006,0.1048,0.1487,0.0844,0.0466,0.1434,100,false
0.35,0.95,6,0.0681,0.2209,0.1925,0.0959,0.1461,0.0784,0.0418,0.1563,100,false
0.35,0.95,7,0.0662,0.2397,0.1804,0.0883,0.1429,0.0739,0.0387,0.1699,100,false
0.35,0.95,8,0.0625,0.2548,0.1641,0.0835,0.1409,0.0705,0.0357,0.188,100,false
0.35,0.95,9,0.0551,0.2649,0.1495,0.0757,0.1387,0.0707,0.0349,0.2105,100,false
0.35,0.95,10,0.0467,0.2736,0.134,0.0709,0.1364,0.0711,0.0339,0.2334,100,false
0.35,0.95,50,0.0052,0.2576,0.0877,0.0932,0.1565,0.0404,0.0751,0.2843,100,false
0.35,0.95,100,0,0.4303,0.0329,0.0561,0.0957,0.0505,0.1269,0.2076,100,false
0.35,0.95,1000,0,0.3432,0,0.1413,0.0803,0.1069,0.0829,0.2454,100,false
0.35,0.95,5000,0,0.2478,0,0.1902,0,0.2933,0,0.2687,100,false
0.35,0.95,10000,0,0.2517,0,0.2341,0,0.2512,0,0.263,100,false
0.35,1,0,0.1227,0.1247,0.121,0.1232,0.1288,0.1223,0.1228,0.1345,100,false
0.35,1,1,0.0956,0.1282,0.1499,0.1266,0.1486,0.1194,0.0963,0.1354,100,false
0.35,1,2,0.0813,0.1373,0.1723,0.1291,0.1513,0.1156,0.0777,0.1354,100,false
0.35,1,3,0.0734,0.151,0.1888,0.129,0.1502,0.1053,0.0618,0.1405,100,false
0.35,1,4,0.0665,0.1716,0.196,0.1216,0.1487,0.0982,0.0556,0.1418,100,false
0.35,1,5,0.0602,0.1919,0.1975,0.1127,0.1463,0.0929,0.0471,0.1514,100,false
0.35,1,6,0.0587,0.211,0.1942,0.1066,0.1385,0.0871,0.0438,0.1601,100,false
0.35,1,7,0.0612,0.2291,0.1791,0.0961,0.1376,0.0866,0.0408,0.1695,100,false
0.35,1,8,0.0624,0.2528,0.1609,0.0875,0.136,0.0846,0.0383,0.1775,100,false
0.35,1,9,0.059,0.266,0.1448,0.0793,0.1353,0.0827,0.0366,0.1963,100,false
0.35,1,10,0.0581,0.2708,0.13,0.0732,0.1359,0.0854,0.0345,0.2121,100,false
0.35,1,50,0.0003,0.2574,0.0882,0.0619,0.1514,0.0531,0.0972,0.2905,100,false
0.35,1,100,0,0.3615,0.0493,0.0379,0.1586,0.0849,0.1012,0.2066,100,false
0.35,1,1000,0,0.4983,0,0.1522,0.0459,0.1388,0.0377,0.1271,100,false
0.35,1,5000,0,0.209,0,0.2232,0,0.2941,0,0.2737,100,false
0.35,1,10000,0,0.1828,0,0.2724,0,0.282,0,0.2628,100,false
0.4,0,0,0.1257,0.1276,0.1278,0.1231,0.1298,0.1241,0.1204,0.1215,100,false
0.4,0,1,0.1242,0.1257,0.1265,0.1209,0.1289,0.1262,0.1182,0.1294,100,false
0.4,0,2,0.1228,0.1275,0.1237,0.126,0.1277,0.1269,0.1166,0.1288,100,false
0.4,0,3,0.1232,0.1256,0.1267,0.1244,0.1279,0.1245,0.1152,0.1325,100,false
0.4,0,4,0.1223,0.1265,0.1288,0.1239,0.123,0.1228,0.1195,0.1332,100,false
0.4,0,5,0.1232,0.1271,0.1275,0.1223,0.1223,0.1251,0.1163,0.1362,100,false
0.4,0,6,0.1238,0.1263,0.1274,0.1213,0.1234,0.1265,0.1166,0.1347,100,false
0.4,0,7,0.1237,0.1235,0.1267,0.1208,0.127,0.1217,0.12,0.1366,100,false
0.4,0,8,0.1201,0.1218,0.126,0.1219,0.1309,0.1188,0.1212,0.1393,100,false
0.4,0,9,0.1207,0.1187,0.125,0.1268,0.1308,0.1174,0.1229,0.1377,100,false
0.4,0,10,0.1173,0.1184,0.1264,0.1296,0.1294,0.1136,0.1282,0.1371,100,false
0.4,0,50,0.1156,0.0789,0.1039,0.1357,0.1518,0.1639,0.122,0.1282,100,false
0.4,0,100,0.1033,0.1398,0.1124,0.1462,0.1365,0.1827,0.0708,0.1083,100,false
0.4,0,1000,0.1379,0.0415,0.1549,0.0903,0.1931,0.1204,0.1748,0.0871,100,false
0.4,0,5000,0.2732,0,0.2603,0,0.2009,0,0.2656,0,100,false
0.4,0,10000,0.2902,0,0.2838,0,0.2378,0,0.1882,0,100,false
0.4,0.05,0,0.127,0.1236,0.1244,0.1271,0.1225,0.1279,0.1181,0.1294,100,false
0.4,0.05,1,0.1246,0.1193,0.1304,0.1269,0.1247,0.125,0.115,0.1341,100,false
0.4,0.05,2,0.1221,0.122,0.1309,0.1277,0.1194,0.1269,0.1166,0.1344,100,false
0.4,0.05,3,0.1145,0.1253,0.1374,0.1265,0.117,0.1271,0.1151,0.1371,100,false
0.4,0.05,4,0.1154,0.1259,0.1413,0.1245,0.1152,0.1298,0.1092,0.1387,100,false
0.4,0.05,5,0.114,0.1296,0.1451,0.1248,0.1126,0.1291,0.107,0.1378,100,false
0.4,0.05,6,0.115,0.1324,0.1429,0.1225,0.1107,0.1307,0.1101,0.1357,100,false
0.4,0.05,7,0.1118,0.139,0.1382,0.1217,0.1094,0.1338,0.1109,0.1352,100,false
0.4,0.05,8,0.1074,0.1423,0.1369,0.1211,0.1079,0.1385,0.108,0.1379,100,false
0.4,0.05,9,0.1056,0.1467,0.1317,0.1162,0.1141,0.1377,0.107,0.141,100,false
0.4,0.05,10,0.1074,0.1469,0.1257,0.1142,0.1191,0.1345,0.1102,0.142,100,false
0.4,0.05,50,0.0725,0.1137,0.1141,0.0956,0.1865,0.1185,0.1196,0.1795,100,false
0.4,0.05,100,0.0326,0.1455,0.1051,0.1518,0.2356,0.0957,0.1194,0.1143,100,false
0.4,0.05,1000,0,0.2928,0,0.1962,0,0.2584,0,0.2526,100,false
0.4,0.05,5000,0,0.2349,0,0.2845,0,0.2345,0,0.2461,100,false
0.4,0.05,10000,0,0.261,0,0.2555,0,0.2258,0,0.2577,100,false
0.4,0.1,0,0.1259,0.1272,0.1242,0.1234,0.1269,0.1212,0.1234,0.1278,100,false
0.4,0.1,1,0.1241,0.1246,0.1272,0.125,0.1251,0.119,0.1255,0.1295,100,false
0.4,0.1,2,0.1164,0.1258,0.1322,0.1241,0.1331,0.1163,0.1177,0.1344,100,false
0.4,0.1,3,0.1092,0.1262,0.1344,0.1246,0.1335,0.1165,0.1178,0.1378,100,false
0.4,0.1,4,0.1054,0.1272,0.139,0.1223,0.1355,0.1164,0.1135,0.1407,100,false
0.4,0.1,5,0.1016,0.1258,0.1449,0.1183,0.1355,0.1156,0.114,0.1443,100,false
0.4,0.1,6,0.097,0.1328,0.1434,0.1186,0.1328,0.111,0.118,0.1464,100,false
0.4,0.1,7,0.0964,0.1358,0.141,0.1183,0.1354,0.1102,0.1196,0.1433,100,false
0.4,0.1,8,0.1008,0.1376,0.1418,0.118,0.1314,0.1145,0.1171,0.1388,100,false
0.4,0.1,9,0.102,0.1449,0.1384,0.1165,0.1328,0.1158,0.1126,0.137,100,false
0.4,0.1,10,0.0994,0.1472,0.139,0.1146,0.135,0.115,0.1125,0.1373,100,false
0.4,0.1,50,0.1054,0.1769,0.142,0.1327,0.0913,0.0951,0.1342,0.1224,100,false
0.4,0.1,100,0.1259,0.1419,0.0788,0.181,0.0963,0.1116,0.1488,0.1157,100,false
0.4,0.1,1000,0,0.2985,0,0.2352,0.1214,0.1488,0.0289,0.1672,100,false
0.4,0.1,5000,0,0.2455,0,0.2898,0,0.2187,0,0.246,100,false
0.4,0.1,10000,0,0.2051,0,0.3325,0,0.2587,0,0.2037,100,false
0.4,0.15,0,0.1239,0.1258,0.1236,0.1262,0.1233,0.1224,0.1219,0.1329,100,false
0.4,0.15,1,0.1184,0.1258,0.1294,0.1245,0.125,0.1308,0.1163,0.1298,100,false
0.4,0.15,2,0.1144,0.1309,0.1338,0.1232,0.1278,0.1295,0.1068,0.1336,100,false
0.4,0.15,3,0.1178,0.1255,0.1376,0.1238,0.1245,0.133,0.0996,0.1382,100,false
0.4,0.15,4,0.1158,0.1251,0.1404,0.1264,0.1227,0.1311,0.0997,0.1388,100,false
0.4,0.15,5,0.1146,0.1272,0.1403,0.1286,0.1203,0.1315,0.098,0.1395,100,false
0.4,0.15,6,0.1119,0.1284,0.1458,0.1294,0.119,0.1273,0.0995,0.1387,100,false
0.4,0.15,7,0.1104,0.1274,0.1499,0.127,0.1172,0.1303,0.0973,0.1405,100,false
0.4,0.15,8,0.1082,0.1338,0.1547,0.1239,0.1145,0.1299,0.0944,0.1406,100,false
0.4,0.15,9,0.1087,0.1392,0.1538,0.1198,0.1176,0.1266,0.0928,0.1415,100,false
0.4,0.15,10,0.1084,0.1442,0.1583,0.1114,0.1165,0.1267,0.0899,0.1446,100,false
0.4,0.15,50,0.0936,0.1763,0.1076,0.0911,0.1277,0.1338,0.0674,0.2025,100,false
0.4,0.15,100,0.0182,0.1781,0.0594,0.0999,0.1939,0.1358,0.1617,0.153,100,false
0.4,0.15,1000,0.0291,0.1525,0.0578,0.1614,0.0794,0.1829,0.0223,0.3146,100,false
0.4,0.15,5000,0,0.2564,0,0.2804,0,0.2397,0,0.2235,100,false
0,0,0,0.126,0.1209,0.1234,0.1235,0.1229,0.1263,0.1294,0.1276,100,false
0,0,1,0.1281,0.1167,0.1264,0.1224,0.1251,0.1268,0.1281,0.1264,100,false
0,0,2,0.1285,0.1126,0.1263,0.1251,0.128,0.126,0.1255,0.128,100,false
0,0,3,0.1258,0.1114,0.13,0.1246,0.1297,0.1271,0.1227,0.1287,100,false
0,0,4,0.1227,0.1102,0.1355,0.1238,0.1298,0.1291,0.1207,0.1282,100,false
0,0,5,0.1208,0.11,0.1375,0.1227,0.1297,0.1317,0.1184,0.1292,100,false
0,0,6,0.1189,0.1118,0.137,0.1222,0.1314,0.1286,0.1191,0.131,100,false
0,0,7,0.116,0.1177,0.136,0.1241,0.1276,0.1294,0.1197,0.1295,100,false
0,0,8,0.1136,0.12,0.1373,0.1227,0.1279,0.1281,0.1204,0.13,100,false
0,0,9,0.1132,0.1226,0.1356,0.1224,0.128,0.1279,0.1201,0.1302,100,false
0,0,10,0.1133,0.126,0.1332,0.1215,0.129,0.1264,0.1209,0.1297,100,false
0,0,50,0.1193,0.1273,0.1189,0.1307,0.1231,0.0964,0.1367,0.1476,100,false
0,0,100,0.1013,0.1107,0.1297,0.1283,0.1346,0.1348,0.1182,0.1424,100,false
0,0,1000,0.0482,0.0667,0.1331,0.2152,0.2088,0.1975,0.092,0.0385,100,false
0,0,5000,0.1246,0.1872,0.1427,0.0991,0.0863,0.143,0.0677,0.1494,100,false
0,0,10000,0.1011,0.2566,0.0976,0.127,0.1662,0.0429,0.0889,0.1197,100,false
0,0.05,0,0.1199,0.1238,0.1306,0.1244,0.124,0.1273,0.1255,0.1245,100,false
0,0.05,1,0.1215,0.1255,0.1327,0.1254,0.1226,0.1293,0.1194,0.1236,100,false
0,0.05,2,0.1188,0.1276,0.1335,0.1249,0.1266,0.1305,0.1157,0.1224,100,false
0,0.05,3,0.1169,0.1288,0.1349,0.1258,0.1273,0.1306,0.1126,0.1231,100,false
0,0.05,4,0.1179,0.1312,0.1316,0.1258,0.1281,0.1315,0.1119,0.122,100,false
0,0.05,5,0.1198,0.1305,0.1337,0.1217,0.1314,0.1284,0.1128,0.1217,100,false
0,0.05,6,0.1218,0.1308,0.1322,0.1218,0.1329,0.1269,0.1111,0.1225,100,false
0,0.05,7,0.1237,0.1319,0.1311,0.1218,0.1323,0.1264,0.1108,0.122,100,false
0,0.05,8,0.1223,0.1325,0.1299,0.122,0.1332,0.1239,0.1125,0.1237,100,false
0,0.05,9,0.1194,0.1353,0.1302,0.1209,0.1343,0.1217,0.1132,0.125,100,false
0,0.05,10,0.1183,0.1374,0.1316,0.1195,0.1371,0.1201,0.1112,0.1248,100,false
0,0.05,50,0.1114,0.1539,0.1152,0.1188,0.1468,0.1052,0.1106,0.1381,100,false
0,0.05,100,0.0924,0.1687,0.1368,0.1277,0.119,0.1117,0.1083,0.1354,100,false
0,0.05,1000,0.1241,0.0935,0.0707,0.1237,0.1018,0.1483,0.1858,0.1521,100,false
0,0.05,5000,0.1131,0.104,0.0549,0.2227,0.0936,0.0976,0.0649,0.2492,100,false
0,0.05,10000,0,0.0084,0.0047,0.0055,0.0027,0.0092,0,0.9695,100,true
0,0.05,20000,0,0.0084,0.0047,0.0055,0.0027,0.0092,0,0.9695,100,true
0,0.05,30000,0,0.0084,0.0047,0.0055,0.0027,0.0092,0,0.9695,100,true
0,0.05,40000,0,0.0084,0.0047,0.0055,0.0027,0.0092,0,0.9695,100,true
0,0.05,50000,0,0.0084,0.0047,0.0055,0.0027,0.0092,0,0.9695,100,true
0,0.05,60000,0,0.0084,0.0047,0.0055,0.0027,0.0092,0,0.9695,100,true
0,0.05,70000,0,0.0084,0.0047,0.0055,0.0027,0.0092,0,0.9695,100,true
0,0.05,80000,0,0.0084,0.0047,0.0055,0.0027,0.0092,0,0.9695,100,true
0,0.05,90000,0,0.0084,0.0047,0.0055,0.0027,0.0092,0,0.9695,100,true
0,0.05,100000,0,0.0084,0.0047,0.0055,0.0027,0.0092,0,0.9695,100,true
0,0.1,0,0.1301,0.1226,0.1253,0.1228,0.1282,0.126,0.1264,0.1186,100,false
0,0.1,1,0.1256,0.1221,0.1268,0.126,0.132,0.1274,0.1197,0.1204,100,false
0,0.1,2,0.1227,0.1226,0.1256,0.1318,0.1384,0.1227,0.1141,0.1221,100,false
0,0.1,3,0.121,0.1239,0.1295,0.1338,0.1408,0.1164,0.1144,0.1202,100,false
0,0.1,4,0.1198,0.126,0.1354,0.132,0.1415,0.1125,0.1142,0.1186,100,false
0,0.1,5,0.1188,0.1285,0.1381,0.1334,0.1385,0.1122,0.1125,0.118,100,false
0,0.1,6,0.1173,0.1319,0.1393,0.1341,0.1371,0.1107,0.1101,0.1195,100,false
0,0.1,7,0.1155,0.1361,0.1401,0.1331,0.1345,0.1116,0.1094,0.1197,100,false
0,0.1,8,0.1137,0.139,0.1452,0.128,0.1353,0.1126,0.106,0.1202,100,false
0,0.1,9,0.1107,0.1443,0.1469,0.1254,0.1359,0.1111,0.1035,0.1222,100,false
0,0.1,10,0.1088,0.1505,0.1464,0.1245,0.135,0.1109,0.1008,0.1231,100,false
0,0.1,50,0.1034,0.165,0.1255,0.1249,0.1513,0.1057,0.1046,0.1196,100,false
0,0.1,100,0.1049,0.1397,0.0766,0.1367,0.1344,0.0994,0.1423,0.166,100,false
0,0.1,1000,0.0488,0.1912,0.0695,0.3353,0.1171,0.0986,0.017,0.1225,100,false
0,0.1,5000,0,0.9764,0,0.0041,0,0.0048,0.0008,0.0139,100,true
0,0.1,10000,0,0.9764,0,0.0041,0,0.0048,0.0008,0.0139,100,true
0,0.1,20000,0,0.9764,0,0.0041,0,0.0048,0.0008,0.0139,100,true
0,0.1,30000,0,0.9764,0,0.0041,0,0.0048,0.0008,0.0139,100,true
0,0.1,40000,0,0.9764,0,0.0041,0,0.0048,0.0008,0.0139,100,true
0,0.1,50000,0,0.9764,0,0.0041,0,0.0048,0.0008,0.0139,100,true
0,0.1,60000,0,0.9764,0,0.0041,0,0.0048,0.0008,0.0139,100,true
0,0.1,70000,0,0.9764,0,0.0041,0,0.0048,0.0008,0.0139,100,true
0,0.1,80000,0,0.9764,0,0.0041,0,0.0048,0.0008,0.0139,100,true
0,0.1,90000,0,0.9764,0,0.0041,0,0.0048,0.0008,0.0139,100,true
0,0.1,100000,0,0.9764,0,0.0041,0,0.0048,0.0008,0.0139,100,true
0,0.15,0,0.1209,0.122,0.1257,0.1289,0.1243,0.1233,0.126,0.1289,100,false
0,0.15,1,0.1126,0.122,0.1345,0.1301,0.128,0.1198,0.1228,0.1302,100,false
0,0.15,2,0.1052,0.1265,0.136,0.1305,0.1336,0.1201,0.1185,0.1296,100,false
0,0.15,3,0.1,0.1326,0.138,0.1326,0.1357,0.1181,0.1129,0.1301,100,false
0,0.15,4,0.0966,0.1398,0.1376,0.1332,0.1392,0.1129,0.112,0.1287,100,false
0,0.15,5,0.0927,0.1472,0.1405,0.1322,0.1404,0.1095,0.1088,0.1287,100,false
0,0.15,6,0.0932,0.1552,0.1376,0.1325,0.139,0.1104,0.1053,0.1268,100,false
0,0.15,7,0.092,0.1589,0.1372,0.1353,0.1373,0.1083,0.1009,0.1301,100,false
0,0.15,8,0.0938,0.1614,0.1391,0.1374,0.1317,0.1075,0.0987,0.1304,100,false
0,0.15,9,0.0931,0.1642,0.1397,0.1383,0.1305,0.106,0.0976,0.1306,100,false
0,0.15,10,0.0937,0.1684,0.1416,0.1345,0.1308,0.1045,0.097,0.1295,100,false
0,0.15,50,0.0536,0.2128,0.0961,0.1433,0.1348,0.1123,0.0792,0.1679,100,false
0,0.15,100,0.0652,0.1795,0.0578,0.1918,0.1212,0.1561,0.0899,0.1385,100,false
0,0.15,1000,0.0581,0.221,0.0252,0.2131,0.0489,0.2281,0.0164,0.1892,100,false
0,0.15,5000,0.038,0.2712,0.0671,0.1729,0.0402,0.1057,0.038,0.2669,100,false
0,0.15,10000,0,0.0323,0.0018,0.0267,0.0137,0.0424,0,0.8831,100,true
0,0.15,20000,0,0.0323,0.0018,0.0267,0.0137,0.0424,0,0.8831,100,true
0,0.15,30000,0,0.0323,0.0018,0.0267,0.0137,0.0424,0,0.8831,100,true
0,0.15,40000,0,0.0323,0.0018,0.0267,0.0137,0.0424,0,0.8831,100,true
0,0.15,50000,0,0.0323,0.0018,0.0267,0.0137,0.0424,0,0.8831,100,true
0,0.15,60000,0,0.0323,0.0018,0.0267,0.0137,0.0424,0,0.8831,100,true
0,0.15,70000,0,0.0323,0.0018,0.0267,0.0137,0.0424,0,0.8831,100,true
0,0.15,80000,0,0.0323,0.0018,0.0267,0.0137,0.0424,0,0.8831,100,true
0,0.15,90000,0,0.0323,0.0018,0.0267,0.0137,0.0424,0,0.8831,100,true
0,0.15,100000,0,0.0323,0.0018,0.0267,0.0137,0.0424,0,0.8831,100,true
0,0.2,0,0.128,0.1293,0.1254,0.1226,0.1263,0.1198,0.1283,0.1203,100,false
0,0.2,1,0.1232,0.1277,0.1322,0.1243,0.1288,0.1185,0.1237,0.1216,100,false
0,0.2,2,0.117,0.1316,0.1364,0.1257,0.1333,0.1193,0.1153,0.1214,100,false
0,0.2,3,0.1108,0.1368,0.1433,0.1224,0.1388,0.1179,0.1076,0.1224,100,false
0,0.2,4,0.106,0.1409,0.1511,0.1208,0.1377,0.118,0.1001,0.1254,100,false
0,0.2,5,0.1009,0.1463,0.1542,0.1181,0.1398,0.1148,0.0983,0.1276,100,false
0,0.2,6,0.098,0.1541,0.1541,0.1161,0.1432,0.1147,0.092,0.1278,100,false
0,0.2,7,0.0936,0.1629,0.1542,0.1176,0.1395,0.1148,0.0866,0.1308,100,false
0,0.2,8,0.0919,0.1689,0.1539,0.1164,0.1422,0.1119,0.0822,0.1326,100,false
0,0.2,9,0.0917,0.1755,0.1525,0.1147,0.1442,0.1082,0.0794,0.1338,100,false
0,0.2,10,0.095,0.1807,0.1499,0.1127,0.147,0.1038,0.0757,0.1352,100,false
0,0.2,50,0.0408,0.2335,0.0739,0.1611,0.1082,0.0869,0.0918,0.2038,100,false
0,0.2,100,0.0402,0.2947,0.0374,0.1978,0.0728,0.116,0.0938,0.1473,100,false
0,0.2,1000,0.0002,0.0579,0.013,0.0335,0,0.3284,0.0447,0.5223,100,false
0,0.2,5000,0.0002,0.0585,0.0126,0.0335,0,0.8334,0,0.0618,100,true
0,0.2,10000,0.0002,0.0585,0.0126,0.0335,0,0.8334,0,0.0618,100,true
0,0.2,20000,0.0002,0.0585,0.0126,0.0335,0,0.8334,0,0.0618,100,true
0,0.2,30000,0.0002,0.0585,0.0126,0.0335,0,0.8334,0,0.0618,100,true
0,0.2,40000,0.0002,0.0585,0.0126,0.0335,0,0.8334,0,0.0618,100,true
0,0.2,50000,0.0002,0.0585,0.0126,0.0335,0,0.8334,0,0.0618,100,true
0,0.2,60000,0.0002,0.0585,0.0126,0.0335,0,0.8334,0,0.0618,100,true
0,0.2,70000,0.0002,0.0585,0.0126,0.0335,0,0.8334,0,0.0618,100,true
0,0.2,80000,0.0002,0.0585,0.0126,0.0335,0,0.8334,0,0.0618,100,true
0,0.2,90000,0.0002,0.0585,0.0126,0.0335,0,0.8334,0,0.0618,100,true
0,0.2,100000,0.0002,0.0585,0.0126,0.0335,0,0.8334,0,0.0618,100,true
0,0.25,0,0.1255,0.1242,0.1231,0.1315,0.1242,0.1295,0.1184,0.1236,100,false
0,0.25,1,0.1215,0.1259,0.1313,0.1355,0.1242,0.13,0.1113,0.1203,100,false
0,0.25,2,0.118,0.1235,0.1423,0.1372,0.1243,0.1319,0.1007,0.1221,100,false
0,0.25,3,0.1114,0.1272,0.1524,0.1345,0.13,0.1283,0.0921,0.1241,100,false
0,0.25,4,0.1041,0.1372,0.1573,0.1319,0.1308,0.1262,0.0886,0.1239,100,false
0,0.25,5,0.1016,0.1432,0.1573,0.1341,0.1348,0.1233,0.0811,0.1246,100,false
0,0.25,6,0.0992,0.1521,0.1539,0.1332,0.1382,0.1191,0.0763,0.128,100,false
0,0.25,7,0.0995,0.1581,0.1522,0.1321,0.14,0.1148,0.072,0.1313,100,false
0,0.25,8,0.0988,0.1628,0.1529,0.1309,0.1394,0.1124,0.0669,0.1359,100,false
0,0.25,9,0.0989,0.1661,0.1519,0.1289,0.1421,0.109,0.0652,0.1379,100,false
0,0.25,10,0.097,0.1678,0.1536,0.1293,0.1392,0.1081,0.0633,0.1417,100,false
0,0.25,50,0.0445,0.2774,0.0473,0.1463,0.1228,0.0932,0.0601,0.2084,100,false
0,0.25,100,0.0377,0.2981,0.0227,0.1674,0.0909,0.1331,0.0659,0.1842,100,false
0,0.25,1000,0.0017,0.1512,0.0015,0.3196,0.0119,0.1982,0.0046,0.3113,100,true
0,0.25,5000,0.0017,0.1512,0.0015,0.3196,0.0119,0.1982,0.0046,0.3113,100,true
0,0.25,10000,0.0017,0.1512,0.0015,0.3196,0.0119,0.1982,0.0046,0.3113,100,true
0,0.25,20000,0.0017,0.1512,0.0015,0.3196,0.0119,0.1982,0.0046,0.3113,100,true
0,0.25,30000,0.0017,0.1512,0.0015,0.3196,0.0119,0.1982,0.0046,0.3113,100,true
0,0.25,40000,0.0017,0.1512,0.0015,0.3196,0.0119,0.1982,0.0046,0.3113,100,true
0,0.25,50000,0.0017,0.1512,0.0015,0.3196,0.0119,0.1982,0.0046,0.3113,100,true
0,0.25,60000,0.0017,0.1512,0.0015,0.3196,0.0119,0.1982,0.0046,0.3113,100,true
0,0.25,70000,0.0017,0.1512,0.0015,0.3196,0.0119,0.1982,0.0046,0.3113,100,true
0,0.25,80000,0.0017,0.1512,0.0015,0.3196,0.0119,0.1982,0.0046,0.3113,100,true
0,0.25,90000,0.0017,0.1512,0.0015,0.3196,0.0119,0.1982,0.0046,0.3113,100,true
0,0.25,100000,0.0017,0.1512,0.0015,0.3196,0.0119,0.1982,0.0046,0.3113,100,true
0,0.3,0,0.1217,0.1248,0.1228,0.1262,0.1305,0.1244,0.1261,0.1235,100,false
0,0.3,1,0.1127,0.126,0.1324,0.1253,0.1412,0.1214,0.1185,0.1225,100,false
0,0.3,2,0.1037,0.1298,0.1429,0.127,0.1506,0.1125,0.1113,0.1222,100,false
0,0.3,3,0.0962,0.134,0.1538,0.1285,0.152,0.1087,0.1061,0.1207,100,false
0,0.3,4,0.0925,0.1426,0.1608,0.1275,0.1549,0.1055,0.0984,0.1178,100,false
0,0.3,5,0.087,0.1548,0.1632,0.1261,0.1607,0.0969,0.0924,0.1189,100,false
0,0.3,6,0.0834,0.1659,0.1636,0.127,0.161,0.0922,0.0889,0.118,100,false
0,0.3,7,0.0846,0.1773,0.1614,0.1278,0.1608,0.0865,0.0845,0.1171,100,false
0,0.3,8,0.0871,0.186,0.159,0.1285,0.1582,0.0836,0.082,0.1156,100,false
0,0.3,9,0.0855,0.1988,0.1567,0.1263,0.1584,0.082,0.0768,0.1155,100,false
0,0.3,10,0.0877,0.2094,0.1542,0.1245,0.1548,0.0807,0.0736,0.1151,100,false
0,0.3,50,0.048,0.2808,0.0573,0.1559,0.1187,0.0835,0.0917,0.1641,100,false
0,0.3,100,0.0552,0.2821,0.0269,0.2474,0.0603,0.0959,0.0741,0.1581,100,false
0,0.3,1000,0.0032,0.0872,0.0028,0.1121,0.0007,0.5299,0.0412,0.2229,100,false
0,0.3,5000,0.0017,0.0872,0.0028,0.1121,0.0007,0.7033,0.0016,0.0906,100,true
0,0.3,10000,0.0017,0.0872,0.0028,0.1121,0.0007,0.7033,0.0016,0.0906,100,true
0,0.3,20000,0.0017,0.0872,0.0028,0.1121,0.0007,0.7033,0.0016,0.0906,100,true
0,0.3,30000,0.0017,0.0872,0.0028,0.1121,0.0007,0.7033,0.0016,0.0906,100,true
0,0.3,40000,0.0017,0.0872,0.0028,0.1121,0.0007,0.7033,0.0016,0.0906,100,true
0,0.3,50000,0.0017,0.0872,0.0028,0.1121,0.0007,0.7033,0.0016,0.0906,100,true
0,0.3,60000,0.0017,0.0872,0.0028,0.1121,0.0007,0.7033,0.0016,0.0906,100,true
0,0.3,70000,0.0017,0.0872,0.0028,0.1121,0.0007,0.7033,0.0016,0.0906,100,true
0,0.3,80000,0.0017,0.0872,0.0028,0.1121,0.0007,0.7033,0.0016,0.0906,100,true
0,0.3,90000,0.0017,0.0872,0.0028,0.1121,0.0007,0.7033,0.0016,0.0906,100,true
0,0.3,100000,0.0017,0.0872,0.0028,0.1121,0.0007,0.7033,0.0016,0.0906,100,true
0,0.35,0,0.1298,0.1193,0.1271,0.1267,0.1189,0.1257,0.1259,0.1266,100,false
0,0.35,1,0.1178,0.1213,0.1378,0.1294,0.1236,0.1251,0.1149,0.1301,100,false
0,0.35,2,0.1066,0.1271,0.1452,0.1283,0.1346,0.1205,0.1045,0.1332,100,false
0,0.35,3,0.0973,0.1323,0.1524,0.1297,0.1394,0.1202,0.095,0.1337,100,false
0,0.35,4,0.09,0.1416,0.1561,0.128,0.1451,0.1141,0.0886,0.1365,100,false
0,0.35,5,0.0814,0.1493,0.1623,0.1269,0.148,0.1092,0.0818,0.1411,100,false
0,0.35,6,0.0773,0.1579,0.1643,0.1277,0.1494,0.1063,0.0729,0.1442,100,false
0,0.35,7,0.072,0.1683,0.1627,0.1282,0.1472,0.1036,0.0689,0.1491,100,false
0,0.35,8,0.0694,0.1833,0.1579,0.1288,0.1434,0.1011,0.0669,0.1492,100,false
0,0.35,9,0.0701,0.191,0.1563,0.1247,0.1429,0.0973,0.0646,0.1531,100,false
0,0.35,10,0.0705,0.2014,0.1531,0.1233,0.141,0.0944,0.0612,0.1551,100,false
0,0.35,50,0.0314,0.2791,0.0419,0.171,0.0941,0.1011,0.0561,0.2253,100,false
0,0.35,100,0.0093,0.3001,0.0236,0.2156,0.0619,0.1385,0.0403,0.2107,100,false
0,0.35,1000,0.0094,0.3217,0.0081,0.2832,0.0324,0.1677,0.0246,0.1529,100,true
0,0.35,5000,0.0094,0.3217,0.0081,0.2832,0.0324,0.1677,0.0246,0.1529,100,true
0,0.35,10000,0.0094,0.3217,0.0081,0.2832,0.0324,0.1677,0.0246,0.1529,100,true
0,0.35,20000,0.0094,0.3217,0.0081,0.2832,0.0324,0.1677,0.0246,0.1529,100,true
0,0.35,30000,0.0094,0.3217,0.0081,0.2832,0.0324,0.1677,0.0246,0.1529,100,true
0,0.35,40000,0.0094,0.3217,0.0081,0.2832,0.0324,0.1677,0.0246,0.1529,100,true
0,0.35,50000,0.0094,0.3217,0.0081,0.2832,0.0324,0.1677,0.0246,0.1529,100,true
0,0.35,60000,0.0094,0.3217,0.0081,0.2832,0.0324,0.1677,0.0246,0.1529,100,true
0,0.35,70000,0.0094,0.3217,0.0081,0.2832,0.0324,0.1677,0.0246,0.1529,100,true
0,0.35,80000,0.0094,0.3217,0.0081,0.2832,0.0324,0.1677,0.0246,0.1529,100,true
0,0.35,90000,0.0094,0.3217,0.0081,0.2832,0.0324,0.1677,0.0246,0.1529,100,true
0,0.35,100000,0.0094,0.3217,0.0081,0.2832,0.0324,0.1677,0.0246,0.1529,100,true
0,0.4,0,0.1304,0.1264,0.1209,0.1265,0.121,0.1208,0.1241,0.1299,100,false
0,0.4,1,0.1161,0.1276,0.1309,0.124,0.1404,0.1165,0.1159,0.1286,100,false
0,0.4,2,0.1077,0.131,0.1413,0.1251,0.1493,0.1119,0.1043,0.1294,100,false
0,0.4,3,0.0993,0.139,0.1499,0.1238,0.1551,0.1049,0.0972,0.1308,100,false
0,0.4,4,0.0944,0.1482,0.1527,0.1271,0.1561,0.0993,0.0903,0.1319,100,false
0,0.4,5,0.0896,0.1608,0.1574,0.1263,0.1553,0.0958,0.0847,0.1301,100,false
0,0.4,6,0.0876,0.1714,0.1572,0.1242,0.1562,0.0922,0.0794,0.1318,100,false
0,0.4,7,0.0886,0.183,0.1534,0.1223,0.1573,0.0897,0.073,0.1327,100,false
0,0.4,8,0.0887,0.1879,0.1505,0.1251,0.1582,0.0864,0.0677,0.1355,100,false
0,0.4,9,0.0854,0.1958,0.1497,0.1262,0.1568,0.0839,0.0624,0.1398,100,false
0,0.4,10,0.0847,0.2039,0.1437,0.1286,0.1543,0.0817,0.0612,0.1419,100,false
0,0.4,50,0.0256,0.3298,0.0274,0.1518,0.1268,0.0694,0.0651,0.2041,100,false
0,0.4,100,0.0119,0.3236,0.0149,0.2596,0.0538,0.1124,0.0595,0.1643,100,false
0,0.4,1000,0.0054,0.3425,0.0069,0.3099,0.0387,0.1068,0.0449,0.1449,100,true
0,0.4,5000,0.0054,0.3425,0.0069,0.3099,0.0387,0.1068,0.0449,0.1449,100,true
0,0.4,10000,0.0054,0.3425,0.0069,0.3099,0.0387,0.1068,0.0449,0.1449,100,true
0,0.4,20000,0.0054,0.3425,0.0069,0.3099,0.0387,0.1068,0.0449,0.1449,100,true
0,0.4,30000,0.0054,0.3425,0.0069,0.3099,0.0387,0.1068,0.0449,0.1449,100,true
0,0.4,40000,0.0054,0.3425,0.0069,0.3099,0.0387,0.1068,0.0449,0.1449,100,true
0,0.4,50000,0.0054,0.3425,0.0069,0.3099,0.0387,0.1068,0.0449,0.1449,100,true
0,0.4,60000,0.0054,0.3425,0.0069,0.3099,0.0387,0.1068,0.0449,0.1449,100,true
0,0.4,70000,0.0054,0.3425,0.0069,0.3099,0.0387,0.1068,0.0449,0.1449,100,true
0,0.4,80000,0.0054,0.3425,0.0069,0.3099,0.0387,0.1068,0.0449,0.1449,100,true
0,0.4,90000,0.0054,0.3425,0.0069,0.3099,0.0387,0.1068,0.0449,0.1449,100,true
0,0.4,100000,0.0054,0.3425,0.0069,0.3099,0.0387,0.1068,0.0449,0.1449,100,true
0,0.45,0,0.1305,0.1296,0.123,0.1263,0.1214,0.1231,0.1302,0.1159,100,false
0,0.45,1,0.1242,0.1283,0.1352,0.1255,0.1323,0.1283,0.116,0.1102,100,false
0,0.45,2,0.1158,0.1311,0.1421,0.1262,0.1472,0.1237,0.1032,0.1107,100,false
0,0.45,3,0.1064,0.136,0.1516,0.1274,0.1594,0.1157,0.0917,0.1118,100,false
0,0.45,4,0.0984,0.1461,0.1551,0.1287,0.1641,0.1098,0.0825,0.1153,100,false
0,0.45,5,0.0916,0.1574,0.1596,0.1331,0.1637,0.1013,0.0742,0.1191,100,false
0,0.45,6,0.0862,0.1695,0.1633,0.134,0.1626,0.094,0.0688,0.1216,100,false
0,0.45,7,0.0829,0.1794,0.1622,0.1371,0.1605,0.0887,0.0656,0.1236,100,false
0,0.45,8,0.0797,0.1887,0.1621,0.1385,0.1583,0.0846,0.0622,0.1259,100,false
0,0.45,9,0.0755,0.1988,0.1611,0.1358,0.1602,0.0817,0.0579,0.129,100,false
0,0.45,10,0.0753,0.2098,0.1552,0.1371,0.1537,0.0791,0.0566,0.1332,100,false
0,0.45,50,0.0277,0.3089,0.0366,0.177,0.0873,0.0815,0.0568,0.2242,100,false
0,0.45,100,0.0111,0.3325,0.0081,0.2372,0.0555,0.1298,0.0544,0.1714,100,false
0,0.45,1000,0.0051,0.3381,0.0048,0.2132,0.0391,0.1665,0.036,0.1972,100,true
0,0.45,5000,0.0051,0.3381,0.0048,0.2132,0.0391,0.1665,0.036,0.1972,100,true
0,0.45,10000,0.0051,0.3381,0.0048,0.2132,0.0391,0.1665,0.036,0.1972,100,true
0,0.45,20000,0.0051,0.3381,0.0048,0.2132,0.0391,0.1665,0.036,0.1972,100,true
0,0.45,30000,0.0051,0.3381,0.0048,0.2132,0.0391,0.1665,0.036,0.1972,100,true
0,0.45,40000,0.0051,0.3381,0.0048,0.2132,0.0391,0.1665,0.036,0.1972,100,true
0,0.45,50000,0.0051,0.3381,0.0048,0.2132,0.0391,0.1665,0.036,0.1972,100,true
0,0.45,60000,0.0051,0.3381,0.0048,0.2132,0.0391,0.1665,0.036,0.1972,100,true
0,0.45,70000,0.0051,0.3381,0.0048,0.2132,0.0391,0.1665,0.036,0.1972,100,true
0,0.45,80000,0.0051,0.3381,0.0048,0.2132,0.0391,0.1665,0.036,0.1972,100,true
0,0.45,90000,0.0051,0.3381,0.0048,0.2132,0.0391,0.1665,0.036,0.1972,100,true
0,0.45,100000,0.0051,0.3381,0.0048,0.2132,0.0391,0.1665,0.036,0.1972,100,true
0,0.5,0,0.1252,0.1261,0.1179,0.1245,0.1263,0.1247,0.1246,0.1307,100,false
0,0.5,1,0.1092,0.1287,0.1308,0.1285,0.1362,0.1247,0.1089,0.133,100,false
0,0.5,2,0.1002,0.1324,0.1401,0.1296,0.1467,0.1205,0.0974,0.1331,100,false
0,0.5,3,0.0908,0.1399,0.1516,0.1323,0.1485,0.1157,0.0868,0.1344,100,false
0,0.5,4,0.0872,0.1477,0.1559,0.1375,0.1514,0.1088,0.0781,0.1334,100,false
0,0.5,5,0.0827,0.16,0.1585,0.1369,0.1562,0.1023,0.0705,0.1329,100,false
0,0.5,6,0.0808,0.172,0.1563,0.1376,0.1571,0.097,0.0647,0.1345,100,false
0,0.5,7,0.0791,0.1847,0.157,0.1374,0.1519,0.0932,0.0606,0.1361,100,false
0,0.5,8,0.0766,0.1947,0.156,0.1353,0.1531,0.0885,0.056,0.1398,100,false
0,0.5,9,0.0749,0.2038,0.154,0.1357,0.1518,0.0854,0.0526,0.1418,100,false
0,0.5,10,0.0712,0.215,0.1479,0.1352,0.1536,0.0812,0.0509,0.145,100,false
0,0.5,50,0.0196,0.33,0.0237,0.1717,0.1219,0.0944,0.0397,0.199,100,false
0,0.5,100,0.0102,0.3733,0.0147,0.1708,0.0823,0.0936,0.0542,0.2009,100,false
0,0.5,1000,0.0071,0.2438,0.0048,0.2634,0.0283,0.1597,0.0147,0.2782,100,true
0,0.5,5000,0.0071,0.2438,0.0048,0.2634,0.0283,0.1597,0.0147,0.2782,100,true
0,0.5,10000,0.0071,0.2438,0.0048,0.2634,0.0283,0.1597,0.0147,0.2782,100,true
0,0.5,20000,0.0071,0.2438,0.0048,0.2634,0.0283,0.1597,0.0147,0.2782,100,true
0,0.5,30000,0.0071,0.2438,0.0048,0.2634,0.0283,0.1597,0.0147,0.2782,100,true
0,0.5,40000,0.0071,0.2438,0.0048,0.2634,0.0283,0.1597,0.0147,0.2782,100,true
0,0.5,50000,0.0071,0.2438,0.0048,0.2634,0.0283,0.1597,0.0147,0.2782,100,true
0,0.5,60000,0.0071,0.2438,0.0048,0.2634,0.0283,0.1597,0.0147,0.2782,100,true
0,0.5,70000,0.0071,0.2438,0.0048,0.2634,0.0283,0.1597,0.0147,0.2782,100,true
0,0.5,80000,0.0071,0.2438,0.0048,0.2634,0.0283,0.1597,0.0147,0.2782,100,true
0,0.5,90000,0.0071,0.2438,0.0048,0.2634,0.0283,0.1597,0.0147,0.2782,100,true
0,0.5,100000,0.0071,0.2438,0.0048,0.2634,0.0283,0.1597,0.0147,0.2782,100,true
0,0.55,0,0.1223,0.1178,0.1241,0.1249,0.1285,0.1277,0.1288,0.1259,100,false
0,0.55,1,0.1019,0.123,0.1425,0.1231,0.1431,0.1269,0.1115,0.128,100,false
0,0.55,2,0.0897,0.1317,0.1543,0.1238,0.1532,0.1205,0.1015,0.1253,100,false
0,0.55,3,0.0816,0.1433,0.1626,0.1235,0.1616,0.115,0.0887,0.1237,100,false
0,0.55,4,0.071,0.1571,0.1683,0.1239,0.168,0.1053,0.0813,0.1251,100,false
0,0.55,5,0.0651,0.1714,0.1671,0.129,0.1694,0.0994,0.074,0.1246,100,false
0,0.55,6,0.0625,0.1828,0.1667,0.1298,0.1693,0.095,0.0691,0.1248,100,false
0,0.55,7,0.0605,0.1972,0.1657,0.1297,0.1661,0.0908,0.0633,0.1267,100,false
0,0.55,8,0.0615,0.2095,0.164,0.1294,0.1642,0.0863,0.0581,0.127,100,false
0,0.55,9,0.0558,0.2254,0.1609,0.1286,0.1631,0.0834,0.0515,0.1313,100,false
0,0.55,10,0.0555,0.2416,0.148,0.1307,0.1644,0.0798,0.0494,0.1306,100,false
0,0.55,50,0.0128,0.3273,0.0262,0.2002,0.1005,0.0952,0.0519,0.1859,100,false
0,0.55,100,0.0063,0.3943,0.0109,0.2269,0.0593,0.1137,0.0366,0.152,100,false
0,0.55,1000,0.0045,0.3987,0.0113,0.2397,0.044,0.1239,0.0265,0.1514,100,true
0,0.55,5000,0.0045,0.3987,0.0113,0.2397,0.044,0.1239,0.0265,0.1514,100,true
0,0.55,10000,0.0045,0.3987,0.0113,0.2397,0.044,0.1239,0.0265,0.1514,100,true
0,0.55,20000,0.0045,0.3987,0.0113,0.2397,0.044,0.1239,0.0265,0.1514,100,true
0,0.55,30000,0.0045,0.3987,0.0113,0.2397,0.044,0.1239,0.0265,0.1514,100,true
0,0.55,40000,0.0045,0.3987,0.0113,0.2397,0.044,0.1239,0.0265,0.1514,100,true
0,0.55,50000,0.0045,0.3987,0.0113,0.2397,0.044,0.1239,0.0265,0.1514,100,true
0,0.55,60000,0.0045,0.3987,0.0113,0.2397,0.044,0.1239,0.0265,0.1514,100,true
0,0.55,70000,0.0045,0.3987,0.0113,0.2397,0.044,0.1239,0.0265,0.1514,100,true
0,0.55,80000,0.0045,0.3987,0.0113,0.2397,0.044,0.1239,0.0265,0.1514,100,true
0,0.55,90000,0.0045,0.3987,0.0113,0.2397,0.044,0.1239,0.0265,0.1514,100,true
0,0.55,100000,0.0045,0.3987,0.0113,0.2397,0.044,0.1239,0.0265,0.1514,100,true
0,0.6,0,0.1271,0.1234,0.1241,0.1242,0.1292,0.1226,0.1212,0.1282,100,false
0,0.6,1,0.1105,0.125,0.1448,0.1234,0.1473,0.1176,0.1048,0.1266,100,false
0,0.6,2,0.0975,0.1309,0.1566,0.1255,0.1608,0.1085,0.0933,0.1269,100,false
0,0.6,3,0.0854,0.1417,0.1657,0.1273,0.1676,0.1012,0.0836,0.1275,100,false
0,0.6,4,0.0743,0.1543,0.1753,0.1285,0.1728,0.0931,0.072,0.1297,100,false
0,0.6,5,0.0668,0.17,0.1785,0.1288,0.1735,0.086,0.0663,0.1301,100,false
0,0.6,6,0.0617,0.1876,0.1761,0.1316,0.1715,0.0789,0.0616,0.131,100,false
0,0.6,7,0.0575,0.2029,0.1747,0.1324,0.1672,0.0748,0.0559,0.1346,100,false
0,0.6,8,0.0529,0.2253,0.1662,0.1318,0.1634,0.0714,0.0525,0.1365,100,false
0,0.6,9,0.0532,0.24,0.1654,0.1293,0.1574,0.0695,0.0472,0.138,100,false
0,0.6,10,0.0533,0.2547,0.1607,0.1261,0.1516,0.0679,0.0442,0.1415,100,false
0,0.6,50,0.0093,0.3894,0.0193,0.1969,0.0748,0.0566,0.0444,0.2093,100,false
0,0.6,100,0.0069,0.3961,0.0084,0.1986,0.0705,0.0974,0.0389,0.1832,100,false
0,0.6,1000,0.0024,0.4311,0.0044,0.2101,0.0507,0.0906,0.0294,0.1813,100,true
0,0.6,5000,0.0024,0.4311,0.0044,0.2101,0.0507,0.0906,0.0294,0.1813,100,true
0,0.6,10000,0.0024,0.4311,0.0044,0.2101,0.0507,0.0906,0.0294,0.1813,100,true
0,0.6,20000,0.0024,0.4311,0.0044,0.2101,0.0507,0.0906,0.0294,0.1813,100,true
0,0.6,30000,0.0024,0.4311,0.0044,0.2101,0.0507,0.0906,0.0294,0.1813,100,true
0,0.6,40000,0.0024,0.4311,0.0044,0.2101,0.0507,0.0906,0.0294,0.1813,100,true
0,0.6,50000,0.0024,0.4311,0.0044,0.2101,0.0507,0.0906,0.0294,0.1813,100,true
0,0.6,60000,0.0024,0.4311,0.0044,0.2101,0.0507,0.0906,0.0294,0.1813,100,true
0,0.6,70000,0.0024,0.4311,0.0044,0.2101,0.0507,0.0906,0.0294,0.1813,100,true
0,0.6,80000,0.0024,0.4311,0.0044,0.2101,0.0507,0.0906,0.0294,0.1813,100,true
0,0.6,90000,0.0024,0.4311,0.0044,0.2101,0.0507,0.0906,0.0294,0.1813,100,true
0,0.6,100000,0.0024,0.4311,0.0044,0.2101,0.0507,0.0906,0.0294,0.1813,100,true
0,0.65,0,0.1276,0.1247,0.1264,0.1216,0.1237,0.1227,0.1258,0.1275,100,false
0,0.65,1,0.1104,0.1274,0.1466,0.1163,0.1415,0.1167,0.1109,0.1302,100,false
0,0.65,2,0.093,0.1399,0.1583,0.1149,0.1566,0.1127,0.0939,0.1307,100,false
0,0.65,3,0.0813,0.1557,0.1614,0.1174,0.1648,0.1031,0.0813,0.135,100,false
0,0.65,4,0.0756,0.1678,0.1644,0.1184,0.165,0.0986,0.0721,0.1381,100,false
0,0.65,5,0.0709,0.1782,0.1665,0.1226,0.1663,0.0923,0.0673,0.1359,100,false
0,0.65,6,0.0659,0.1931,0.1656,0.1222,0.1674,0.0867,0.0604,0.1387,100,false
0,0.65,7,0.0635,0.2078,0.1615,0.1238,0.1662,0.0827,0.0539,0.1406,100,false
0,0.65,8,0.0607,0.2246,0.1556,0.1244,0.1658,0.0773,0.0488,0.1428,100,false
0,0.65,9,0.0586,0.2433,0.1472,0.123,0.1654,0.0725,0.0459,0.1441,100,false
0,0.65,10,0.0614,0.2579,0.1381,0.1185,0.1655,0.0692,0.0446,0.1448,100,false
0,0.65,50,0.0138,0.3715,0.0092,0.1886,0.0821,0.0636,0.0595,0.2117,100,false
0,0.65,100,0.0078,0.3785,0.0115,0.2423,0.0552,0.0776,0.0404,0.1867,100,false
0,0.65,1000,0.0038,0.3824,0.0038,0.2362,0.0496,0.1156,0.0284,0.1802,100,true
0,0.65,5000,0.0038,0.3824,0.0038,0.2362,0.0496,0.1156,0.0284,0.1802,100,true
0,0.65,10000,0.0038,0.3824,0.0038,0.2362,0.0496,0.1156,0.0284,0.1802,100,true
0,0.65,20000,0.0038,0.3824,0.0038,0.2362,0.0496,0.1156,0.0284,0.1802,100,true
0,0.65,30000,0.0038,0.3824,0.0038,0.2362,0.0496,0.1156,0.0284,0.1802,100,true
0,0.65,40000,0.0038,0.3824,0.0038,0.2362,0.0496,0.1156,0.0284,0.1802,100,true
0,0.65,50000,0.0038,0.3824,0.0038,0.2362,0.0496,0.1156,0.0284,0.1802,100,true
0,0.65,60000,0.0038,0.3824,0.0038,0.2362,0.0496,0.1156,0.0284,0.1802,100,true
0,0.65,70000,0.0038,0.3824,0.0038,0.2362,0.0496,0.1156,0.0284,0.1802,100,true
0,0.65,80000,0.0038,0.3824,0.0038,0.2362,0.0496,0.1156,0.0284,0.1802,100,true
0,0.65,90000,0.0038,0.3824,0.0038,0.2362,0.0496,0.1156,0.0284,0.1802,100,true
0,0.65,100000,0.0038,0.3824,0.0038,0.2362,0.0496,0.1156,0.0284,0.1802,100,true
0,0.7,0,0.1204,0.1229,0.1254,0.133,0.122,0.1274,0.1265,0.1224,100,false
0,0.7,1,0.0981,0.1266,0.149,0.1362,0.135,0.1254,0.1023,0.1274,100,false
0,0.7,2,0.0851,0.1336,0.1678,0.1329,0.1442,0.123,0.0866,0.1268,100,false
0,0.7,3,0.0741,0.148,0.1778,0.1302,0.1536,0.1143,0.0729,0.1291,100,false
0,0.7,4,0.0649,0.1657,0.1813,0.1288,0.1586,0.1077,0.0613,0.1317,100,false
0,0.7,5,0.0583,0.1885,0.1778,0.1264,0.1609,0.1011,0.0541,0.1329,100,false
0,0.7,6,0.0571,0.2085,0.1683,0.1253,0.1644,0.0933,0.0498,0.1333,100,false
0,0.7,7,0.0579,0.2247,0.16,0.125,0.1635,0.0891,0.0446,0.1352,100,false
0,0.7,8,0.0556,0.2457,0.1443,0.1248,0.1643,0.0843,0.0428,0.1382,100,false
0,0.7,9,0.0545,0.2615,0.13,0.1257,0.1645,0.0831,0.0404,0.1403,100,false
0,0.7,10,0.0521,0.2787,0.1165,0.1306,0.1609,0.0803,0.0371,0.1438,100,false
0,0.7,50,0.0074,0.3918,0.012,0.1799,0.0967,0.0772,0.0342,0.2008,100,false
0,0.7,100,0.0034,0.4189,0.0082,0.191,0.0702,0.0835,0.0232,0.2016,100,true
0,0.7,1000,0.0034,0.4189,0.0082,0.191,0.0702,0.0835,0.0232,0.2016,100,true
0,0.7,5000,0.0034,0.4189,0.0082,0.191,0.0702,0.0835,0.0232,0.2016,100,true
0,0.7,10000,0.0034,0.4189,0.0082,0.191,0.0702,0.0835,0.0232,0.2016,100,true
0,0.7,20000,0.0034,0.4189,0.0082,0.191,0.0702,0.0835,0.0232,0.2016,100,true
0,0.7,30000,0.0034,0.4189,0.0082,0.191,0.0702,0.0835,0.0232,0.2016,100,true
0,0.7,40000,0.0034,0.4189,0.0082,0.191,0.0702,0.0835,0.0232,0.2016,100,true
0,0.7,50000,0.0034,0.4189,0.0082,0.191,0.0702,0.0835,0.0232,0.2016,100,true
0,0.7,60000,0.0034,0.4189,0.0082,0.191,0.0702,0.0835,0.0232,0.2016,100,true
0,0.7,70000,0.0034,0.4189,0.0082,0.191,0.0702,0.0835,0.0232,0.2016,100,true
0,0.7,80000,0.0034,0.4189,0.0082,0.191,0.0702,0.0835,0.0232,0.2016,100,true
0,0.7,90000,0.0034,0.4189,0.0082,0.191,0.0702,0.0835,0.0232,0.2016,100,true
0,0.7,100000,0.0034,0.4189,0.0082,0.191,0.0702,0.0835,0.0232,0.2016,100,true
0,0.75,0,0.1236,0.1292,0.1224,0.1241,0.1253,0.1239,0.1278,0.1237,100,false
0,0.75,1,0.1044,0.1331,0.1344,0.1299,0.1421,0.121,0.1121,0.123,100,false
0,0.75,2,0.0923,0.1374,0.1496,0.1336,0.1529,0.1161,0.0932,0.1249,100,false
0,0.75,3,0.0823,0.1454,0.1598,0.1382,0.1635,0.1038,0.082,0.125,100,false
0,0.75,4,0.0721,0.1603,0.1707,0.1377,0.1651,0.0967,0.0711,0.1263,100,false
0,0.75,5,0.0704,0.1747,0.1702,0.1429,0.1618,0.0906,0.0626,0.1268,100,false
0,0.75,6,0.0659,0.1886,0.1729,0.1431,0.1607,0.0849,0.0553,0.1286,100,false
0,0.75,7,0.0644,0.205,0.1705,0.1434,0.1527,0.0833,0.0505,0.1302,100,false
0,0.75,8,0.0636,0.2209,0.1688,0.1413,0.1457,0.0808,0.0467,0.1322,100,false
0,0.75,9,0.0607,0.2343,0.167,0.1371,0.1453,0.0759,0.0423,0.1374,100,false
0,0.75,10,0.0609,0.2499,0.1571,0.137,0.1404,0.0746,0.0387,0.1414,100,false
0,0.75,50,0.0108,0.3839,0.0262,0.1723,0.0812,0.0775,0.0321,0.216,100,false
0,0.75,100,0.0015,0.3985,0.0117,0.2222,0.0569,0.0961,0.0227,0.1904,100,false
0,0.75,1000,0.0018,0.3637,0.0057,0.2988,0.0423,0.0836,0.0239,0.1802,100,true
0,0.75,5000,0.0018,0.3637,0.0057,0.2988,0.0423,0.0836,0.0239,0.1802,100,true
0,0.75,10000,0.0018,0.3637,0.0057,0.2988,0.0423,0.0836,0.0239,0.1802,100,true
0,0.75,20000,0.0018,0.3637,0.0057,0.2988,0.0423,0.0836,0.0239,0.1802,100,true
0,0.75,30000,0.0018,0.3637,0.0057,0.2988,0.0423,0.0836,0.0239,0.1802,100,true
0,0.75,40000,0.0018,0.3637,0.0057,0.2988,0.0423,0.0836,0.0239,0.1802,100,true
0,0.75,50000,0.0018,0.3637,0.0057,0.2988,0.0423,0.0836,0.0239,0.1802,100,true
0,0.75,60000,0.0018,0.3637,0.0057,0.2988,0.0423,0.0836,0.0239,0.1802,100,true
0,0.75,70000,0.0018,0.3637,0.0057,0.2988,0.0423,0.0836,0.0239,0.1802,100,true
0,0.75,80000,0.0018,0.3637,0.0057,0.2988,0.0423,0.0836,0.0239,0.1802,100,true
0,0.75,90000,0.0018,0.3637,0.0057,0.2988,0.0423,0.0836,0.0239,0.1802,100,true
0,0.75,100000,0.0018,0.3637,0.0057,0.2988,0.0423,0.0836,0.0239,0.1802,100,true
0,0.8,0,0.1223,0.1258,0.1261,0.126,0.1255,0.1235,0.1276,0.1232,100,false
0,0.8,1,0.1032,0.1288,0.1467,0.1268,0.146,0.1174,0.1069,0.1242,100,false
0,0.8,2,0.0914,0.1397,0.1607,0.1274,0.1587,0.1098,0.0899,0.1224,100,false
0,0.8,3,0.079,0.152,0.1727,0.128,0.1654,0.1014,0.0767,0.1248,100,false
0,0.8,4,0.0684,0.1651,0.1777,0.1326,0.1714,0.0934,0.0643,0.1271,100,false
0,0.8,5,0.0628,0.1865,0.1757,0.1307,0.1746,0.0858,0.0566,0.1273,100,false
0,0.8,6,0.0599,0.206,0.171,0.1289,0.1761,0.0776,0.0516,0.1289,100,false
0,0.8,7,0.0576,0.2262,0.1668,0.1266,0.1749,0.0718,0.0451,0.131,100,false
0,0.8,8,0.0584,0.2459,0.154,0.1278,0.1724,0.0663,0.0414,0.1338,100,false
0,0.8,9,0.0565,0.2633,0.1421,0.1293,0.1705,0.062,0.0383,0.138,100,false
0,0.8,10,0.0573,0.2741,0.13,0.1338,0.1661,0.0589,0.0368,0.143,100,false
0,0.8,50,0.007,0.3912,0.0156,0.1917,0.0736,0.0716,0.0335,0.2158,100,false
0,0.8,100,0.0022,0.3944,0.0059,0.217,0.0569,0.0826,0.0295,0.2115,100,false
0,0.8,1000,0.0017,0.3947,0.0058,0.2172,0.0567,0.0835,0.0285,0.2119,100,true
0,0.8,5000,0.0017,0.3947,0.0058,0.2172,0.0567,0.0835,0.0285,0.2119,100,true
0,0.8,10000,0.0017,0.3947,0.0058,0.2172,0.0567,0.0835,0.0285,0.2119,100,true
0,0.8,20000,0.0017,0.3947,0.0058,0.2172,0.0567,0.0835,0.0285,0.2119,100,true
0,0.8,30000,0.0017,0.3947,0.0058,0.2172,0.0567,0.0835,0.0285,0.2119,100,true
0,0.8,40000,0.0017,0.3947,0.0058,0.2172,0.0567,0.0835,0.0285,0.2119,100,true
0,0.8,50000,0.0017,0.3947,0.0058,0.2172,0.0567,0.0835,0.0285,0.2119,100,true
0,0.8,60000,0.0017,0.3947,0.0058,0.2172,0.0567,0.0835,0.0285,0.2119,100,true
0,0.8,70000,0.0017,0.3947,0.0058,0.2172,0.0567,0.0835,0.0285,0.2119,100,true
0,0.8,80000,0.0017,0.3947,0.0058,0.2172,0.0567,0.0835,0.0285,0.2119,100,true
0,0.8,90000,0.0017,0.3947,0.0058,0.2172,0.0567,0.0835,0.0285,0.2119,100,true
0,0.8,100000,0.0017,0.3947,0.0058,0.2172,0.0567,0.0835,0.0285,0.2119,100,true
0,0.85,0,0.1259,0.1238,0.1238,0.1201,0.1312,0.1297,0.1263,0.1192,100,false
0,0.85,1,0.107,0.124,0.1504,0.121,0.1538,0.1234,0.1007,0.1197,100,false
0,0.85,2,0.0922,0.1366,0.1619,0.1258,0.1644,0.1155,0.0821,0.1215,100,false
0,0.85,3,0.0832,0.1472,0.174,0.1303,0.1723,0.103,0.0679,0.1221,100,false
0,0.85,4,0.0719,0.1617,0.1859,0.1252,0.1806,0.0934,0.0554,0.1259,100,false
0,0.85,5,0.0661,0.1801,0.1804,0.128,0.1854,0.0847,0.0495,0.1258,100,false
0,0.85,6,0.0611,0.1953,0.1793,0.1298,0.1861,0.0765,0.0434,0.1285,100,false
0,0.85,7,0.0575,0.2129,0.1735,0.1303,0.1871,0.0694,0.039,0.1303,100,false
0,0.85,8,0.0541,0.2265,0.1757,0.1258,0.1852,0.0645,0.0352,0.133,100,false
0,0.85,9,0.0515,0.2475,0.1647,0.1256,0.1806,0.062,0.0333,0.1348,100,false
0,0.85,10,0.0491,0.2661,0.1563,0.1205,0.1807,0.0587,0.0303,0.1383,100,false
0,0.85,50,0.0054,0.4181,0.008,0.1787,0.1112,0.0538,0.0212,0.2036,100,false
0,0.85,100,0.0011,0.4279,0.0061,0.1979,0.09,0.0531,0.0186,0.2053,100,true
0,0.85,1000,0.0011,0.4279,0.0061,0.1979,0.09,0.0531,0.0186,0.2053,100,true
0,0.85,5000,0.0011,0.4279,0.0061,0.1979,0.09,0.0531,0.0186,0.2053,100,true
0,0.85,10000,0.0011,0.4279,0.0061,0.1979,0.09,0.0531,0.0186,0.2053,100,true
0,0.85,20000,0.0011,0.4279,0.0061,0.1979,0.09,0.0531,0.0186,0.2053,100,true
0,0.85,30000,0.0011,0.4279,0.0061,0.1979,0.09,0.0531,0.0186,0.2053,100,true
0,0.85,40000,0.0011,0.4279,0.0061,0.1979,0.09,0.0531,0.0186,0.2053,100,true
0,0.85,50000,0.0011,0.4279,0.0061,0.1979,0.09,0.0531,0.0186,0.2053,100,true
0,0.85,60000,0.0011,0.4279,0.0061,0.1979,0.09,0.0531,0.0186,0.2053,100,true
0,0.85,70000,0.0011,0.4279,0.0061,0.1979,0.09,0.0531,0.0186,0.2053,100,true
0,0.85,80000,0.0011,0.4279,0.0061,0.1979,0.09,0.0531,0.0186,0.2053,100,true
0,0.85,90000,0.0011,0.4279,0.0061,0.1979,0.09,0.0531,0.0186,0.2053,100,true
0,0.85,100000,0.0011,0.4279,0.0061,0.1979,0.09,0.0531,0.0186,0.2053,100,true
0,0.9,0,0.1261,0.1237,0.1291,0.123,0.1264,0.1293,0.1185,0.1239,100,false
0,0.9,1,0.0978,0.1311,0.1545,0.1209,0.1516,0.1236,0.0935,0.127,100,false
0,0.9,2,0.0805,0.1422,0.1659,0.125,0.1699,0.1132,0.0745,0.1288,100,false
0,0.9,3,0.0688,0.158,0.1694,0.1312,0.1724,0.1058,0.0602,0.1342,100,false
0,0.9,4,0.0605,0.1784,0.1711,0.1349,0.1717,0.0969,0.0519,0.1346,100,false
0,0.9,5,0.0587,0.1919,0.1722,0.1362,0.1674,0.0896,0.0476,0.1364,100,false
0,0.9,6,0.0558,0.2123,0.1667,0.1384,0.163,0.083,0.0431,0.1377,100,false
0,0.9,7,0.0515,0.2342,0.1574,0.1354,0.1623,0.0795,0.0382,0.1415,100,false
0,0.9,8,0.0487,0.2535,0.1474,0.1338,0.1594,0.0787,0.0336,0.1449,100,false
0,0.9,9,0.0464,0.2701,0.1356,0.1316,0.1599,0.077,0.0303,0.1491,100,false
0,0.9,10,0.0466,0.284,0.1259,0.1306,0.1575,0.0754,0.0276,0.1524,100,false
0,0.9,50,0.0028,0.3763,0.015,0.1853,0.0858,0.0728,0.0137,0.2483,100,false
0,0.9,100,0.0012,0.3903,0.0108,0.1969,0.0733,0.0676,0.0126,0.2473,100,true
0,0.9,1000,0.0012,0.3903,0.0108,0.1969,0.0733,0.0676,0.0126,0.2473,100,true
0,0.9,5000,0.0012,0.3903,0.0108,0.1969,0.0733,0.0676,0.0126,0.2473,100,true
0,0.9,10000,0.0012,0.3903,0.0108,0.1969,0.0733,0.0676,0.0126,0.2473,100,true
0,0.9,20000,0.0012,0.3903,0.0108,0.1969,0.0733,0.0676,0.0126,0.2473,100,true
0,0.9,30000,0.0012,0.3903,0.0108,0.1969,0.0733,0.0676,0.0126,0.2473,100,true
0,0.9,40000,0.0012,0.3903,0.0108,0.1969,0.0733,0.0676,0.0126,0.2473,100,true
0,0.9,50000,0.0012,0.3903,0.0108,0.1969,0.0733,0.0676,0.0126,0.2473,100,true
0,0.9,60000,0.0012,0.3903,0.0108,0.1969,0.0733,0.0676,0.0126,0.2473,100,true
0,0.9,70000,0.0012,0.3903,0.0108,0.1969,0.0733,0.0676,0.0126,0.2473,100,true
0,0.9,80000,0.0012,0.3903,0.0108,0.1969,0.0733,0.0676,0.0126,0.2473,100,true
0,0.9,90000,0.0012,0.3903,0.0108,0.1969,0.0733,0.0676,0.0126,0.2473,100,true
0,0.9,100000,0.0012,0.3903,0.0108,0.1969,0.0733,0.0676,0.0126,0.2473,100,true
0,0.95,0,0.1203,0.1264,0.128,0.1244,0.1187,0.124,0.1285,0.1297,100,false
0,0.95,1,0.0994,0.1303,0.1544,0.1238,0.1389,0.1218,0.1033,0.1281,100,false
0,0.95,2,0.0825,0.145,0.1672,0.1258,0.1544,0.1101,0.0886,0.1264,100,false
0,0.95,3,0.0739,0.1646,0.1761,0.1222,0.1605,0.102,0.0771,0.1236,100,false
0,0.95,4,0.0689,0.1859,0.1736,0.1245,0.1593,0.0972,0.066,0.1246,100,false
0,0.95,5,0.0644,0.2099,0.1655,0.1241,0.1613,0.0919,0.0539,0.129,100,false
0,0.95,6,0.0643,0.229,0.1573,0.1212,0.1635,0.088,0.0472,0.1295,100,false
0,0.95,7,0.0614,0.2478,0.1453,0.1197,0.1652,0.086,0.0419,0.1327,100,false
0,0.95,8,0.0611,0.2663,0.1301,0.1206,0.1664,0.0823,0.0375,0.1357,100,false
0,0.95,9,0.0623,0.2785,0.1188,0.1188,0.169,0.0793,0.0343,0.139,100,false
0,0.95,10,0.0615,0.2847,0.1114,0.1195,0.1719,0.076,0.0321,0.1429,100,false
0,0.95,50,0.0036,0.4233,0.0072,0.1884,0.0813,0.0633,0.0229,0.21,100,false
0,0.95,100,0.0014,0.4266,0.0067,0.1957,0.074,0.0629,0.0204,0.2123,100,true
0,0.95,1000,0.0014,0.4266,0.0067,0.1957,0.074,0.0629,0.0204,0.2123,100,true
0,0.95,5000,0.0014,0.4266,0.0067,0.1957,0.074,0.0629,0.0204,0.2123,100,true
0,0.95,10000,0.0014,0.4266,0.0067,0.1957,0.074,0.0629,0.0204,0.2123,100,true
0,0.95,20000,0.0014,0.4266,0.0067,0.1957,0.074,0.0629,0.0204,0.2123,100,true
0,0.95,30000,0.0014,0.4266,0.0067,0.1957,0.074,0.0629,0.0204,0.2123,100,true
0,0.95,40000,0.0014,0.4266,0.0067,0.1957,0.074,0.0629,0.0204,0.2123,100,true
0,0.95,50000,0.0014,0.4266,0.0067,0.1957,0.074,0.0629,0.0204,0.2123,100,true
0,0.95,60000,0.0014,0.4266,0.0067,0.1957,0.074,0.0629,0.0204,0.2123,100,true
0,0.95,70000,0.0014,0.4266,0.0067,0.1957,0.074,0.0629,0.0204,0.2123,100,true
0,0.95,80000,0.0014,0.4266,0.0067,0.1957,0.074,0.0629,0.0204,0.2123,100,true
0,0.95,90000,0.0014,0.4266,0.0067,0.1957,0.074,0.0629,0.0204,0.2123,100,true
0,0.95,100000,0.0014,0.4266,0.0067,0.1957,0.074,0.0629,0.0204,0.2123,100,true
0,1,0,0.1259,0.123,0.124,0.1253,0.1259,0.1249,0.1265,0.1245,100,false
0,1,1,0.1042,0.124,0.1475,0.1251,0.1488,0.1231,0.1013,0.126,100,false
0,1,2,0.0884,0.1359,0.164,0.1289,0.1626,0.1124,0.0858,0.122,100,false
0,1,3,0.0762,0.151,0.1727,0.1301,0.1728,0.1034,0.0726,0.1212,100,false
0,1,4,0.0672,0.1654,0.1769,0.1351,0.1783,0.0925,0.0626,0.122,100,false
0,1,5,0.0619,0.1814,0.1789,0.1377,0.1751,0.0869,0.053,0.1251,100,false
0,1,6,0.0547,0.2036,0.1745,0.1428,0.1703,0.0815,0.0442,0.1284,100,false
0,1,7,0.0513,0.2246,0.1715,0.1407,0.1647,0.0775,0.0379,0.1318,100,false
0,1,8,0.0499,0.2452,0.1636,0.1402,0.1595,0.0717,0.0351,0.1348,100,false
0,1,9,0.0498,0.2649,0.1584,0.1345,0.1535,0.0687,0.0319,0.1383,100,false
0,1,10,0.0489,0.2901,0.15,0.1253,0.1487,0.0669,0.0279,0.1422,100,false
0,1,50,0.0027,0.4127,0.0175,0.1748,0.078,0.0565,0.0184,0.2394,100,false
0,1,100,0.0012,0.4329,0.008,0.1658,0.0769,0.0579,0.016,0.2413,100,true
0,1,1000,0.0012,0.4329,0.008,0.1658,0.0769,0.0579,0.016,0.2413,100,true
0,1,5000,0.0012,0.4329,0.008,0.1658,0.0769,0.0579,0.016,0.2413,100,true
0,1,10000,0.0012,0.4329,0.008,0.1658,0.0769,0.0579,0.016,0.2413,100,true
0,1,20000,0.0012,0.4329,0.008,0.1658,0.0769,0.0579,0.016,0.2413,100,true
0,1,30000,0.0012,0.4329,0.008,0.1658,0.0769,0.0579,0.016,0.2413,100,true
0,1,40000,0.0012,0.4329,0.008,0.1658,0.0769,0.0579,0.016,0.2413,100,true
0,1,50000,0.0012,0.4329,0.008,0.1658,0.0769,0.0579,0.016,0.2413,100,true
0,1,60000,0.0012,0.4329,0.008,0.1658,0.0769,0.0579,0.016,0.2413,100,true
0,1,70000,0.0012,0.4329,0.008,0.1658,0.0769,0.0579,0.016,0.2413,100,true
0,1,80000,0.0012,0.4329,0.008,0.1658,0.0769,0.0579,0.016,0.2413,100,true
0,1,90000,0.0012,0.4329,0.008,0.1658,0.0769,0.0579,0.016,0.2413,100,true
0,1,100000,0.0012,0.4329,0.008,0.1658,0.0769,0.0579,0.016,0.2413,100,true
0.05,0,0,0.1308,0.1215,0.1233,0.1203,0.1274,0.1225,0.128,0.1262,100,false
0.05,0,1,0.1309,0.1174,0.1216,0.1231,0.1245,0.128,0.129,0.1255,100,false
0.05,0,2,0.1263,0.1181,0.1232,0.1227,0.1259,0.1321,0.128,0.1237,100,false
0.05,0,3,0.1217,0.1171,0.1268,0.1221,0.1273,0.1293,0.1301,0.1256,100,false
0.05,0,4,0.1175,0.1183,0.13,0.1227,0.1271,0.1317,0.1258,0.1269,100,false
0.05,0,5,0.1161,0.1201,0.1332,0.1214,0.1303,0.1273,0.1285,0.1231,100,false
0.05,0,6,0.1152,0.1186,0.136,0.1233,0.1295,0.1284,0.1293,0.1197,100,false
0.05,0,7,0.1184,0.1178,0.1358,0.1252,0.1281,0.1275,0.1301,0.1171,100,false
0.05,0,8,0.1197,0.117,0.1393,0.1274,0.1262,0.1256,0.1291,0.1157,100,false
0.05,0,9,0.1186,0.1174,0.1436,0.1241,0.1271,0.1253,0.1282,0.1157,100,false
0.05,0,10,0.1183,0.1169,0.1453,0.1227,0.128,0.1241,0.1285,0.1162,100,false
0.05,0,50,0.1199,0.1319,0.1112,0.108,0.1191,0.1362,0.1565,0.1172,100,false
0.05,0,100,0.1147,0.1048,0.1188,0.1249,0.0988,0.1628,0.1374,0.1378,100,false
0.05,0,1000,0.1591,0.0838,0.0753,0.1077,0.1148,0.1402,0.1572,0.1619,100,false
0.05,0,5000,0.1135,0.0669,0.0914,0.2592,0.1118,0.1569,0.1198,0.0805,100,false
0.05,0,10000,0.114,0.0965,0.1663,0.0745,0.1073,0.1215,0.1586,0.1613,100,false
0.05,0.05,0,0.1269,0.1239,0.1196,0.127,0.1258,0.1254,0.1249,0.1265,100,false
0.05,0.05,1,0.1283,0.1179,0.1231,0.1279,0.1249,0.1261,0.1249,0.1269,100,false
0.05,0.05,2,0.1256,0.1161,0.1252,0.1321,0.1239,0.1258,0.1234,0.1279,100,false
0.05,0.05,3,0.1222,0.1158,0.13,0.1322,0.1226,0.1284,0.1208,0.128,100,false
0.05,0.05,4,0.1191,0.1195,0.1322,0.1334,0.1226,0.1259,0.119,0.1283,100,false
0.05,0.05,5,0.1164,0.1252,0.1327,0.1303,0.1231,0.1247,0.1173,0.1303,100,false
0.05,0.05,6,0.1149,0.1265,0.1339,0.1311,0.1237,0.1231,0.1164,0.1304,100,false
0.05,0.05,7,0.1114,0.1298,0.1367,0.1279,0.1243,0.1236,0.1152,0.1311,100,false
0.05,0.05,8,0.1127,0.1301,0.1376,0.1279,0.1281,0.1204,0.1144,0.1288,100,false
0.05,0.05,9,0.11,0.133,0.1365,0.129,0.127,0.1195,0.1139,0.1311,100,false
0.05,0.05,10,0.107,0.1378,0.14,0.1281,0.1296,0.1129,0.1125,0.1321,100,false
0.05,0.05,50,0.09,0.1837,0.0978,0.1466,0.1232,0.1273,0.0932,0.1382,100,false
0.05,0.05,100,0.1188,0.1517,0.1071,0.1765,0.0997,0.114,0.1115,0.1207,100,false
0.05,0.05,1000,0,0.2899,0,0.1479,0.1857,0.2951,0.0622,0.0192,100,false
0.05,0.05,5000,0,0.2382,0,0.2584,0,0.2916,0,0.2118,100,false
0.05,0.05,10000,0,0.1971,0,0.2689,0,0.2826,0,0.2514,100,false
0.05,0.1,0,0.1265,0.1304,0.128,0.1195,0.1243,0.1223,0.127,0.122,100,false
0.05,0.1,1,0.1252,0.1325,0.1272,0.1181,0.129,0.1203,0.128,0.1197,100,false
0.05,0.1,2,0.1264,0.1317,0.1244,0.1225,0.13,0.121,0.1228,0.1212,100,false
0.05,0.1,3,0.1226,0.1314,0.1249,0.1259,0.1344,0.1175,0.1201,0.1232,100,false
0.05,0.1,4,0.1205,0.1319,0.1261,0.1283,0.1369,0.1129,0.1222,0.1212,100,false
0.05,0.1,5,0.1174,0.1353,0.1278,0.1262,0.1396,0.1093,0.1225,0.1219,100,false
0.05,0.1,6,0.1152,0.1402,0.1303,0.1252,0.1372,0.1092,0.1219,0.1208,100,false
0.05,0.1,7,0.1143,0.1405,0.1323,0.125,0.1389,0.1067,0.1195,0.1228,100,false
0.05,0.1,8,0.1118,0.1415,0.138,0.1227,0.1375,0.1091,0.1169,0.1225,100,false
0.05,0.1,9,0.1107,0.1417,0.1405,0.1242,0.1369,0.1077,0.1145,0.1238,100,false
0.05,0.1,10,0.1091,0.1396,0.1434,0.1235,0.1353,0.1101,0.1126,0.1264,100,false
0.05,0.1,50,0.0911,0.1506,0.0962,0.1355,0.1321,0.1111,0.1214,0.162,100,false
0.05,0.1,100,0.1115,0.1619,0.0701,0.1273,0.1116,0.1052,0.1553,0.1571,100,false
0.05,0.1,1000,0.0857,0.3598,0.1435,0.1609,0.092,0.0228,0.039,0.0963,100,false
0.05,0.1,5000,0,0.8147,0,0.0314,0,0,0.1539,0,100,true
0.05,0.1,10000,0,0.8147,0,0.0314,0,0,0.1539,0,100,true
0.05,0.1,20000,0,0.8147,0,0.0314,0,0,0.1539,0,100,true
0.05,0.1,30000,0,0.8147,0,0.0314,0,0,0.1539,0,100,true
0.05,0.1,40000,0,0.8147,0,0.0314,0,0,0.1539,0,100,true
0.05,0.1,50000,0,0.8147,0,0.0314,0,0,0.1539,0,100,true
0.05,0.1,60000,0,0.8147,0,0.0314,0,0,0.1539,0,100,true
0.05,0.1,70000,0,0.8147,0,0.0314,0,0,0.1539,0,100,true
0.05,0.1,80000,0,0.8147,0,0.0314,0,0,0.1539,0,100,true
0.05,0.1,90000,0,0.8147,0,0.0314,0,0,0.1539,0,100,true
0.05,0.1,100000,0,0.8147,0,0.0314,0,0,0.1539,0,100,true
0.05,0.15,0,0.1239,0.1256,0.1222,0.1202,0.1288,0.1265,0.1292,0.1236,100,false
0.05,0.15,1,0.1207,0.128,0.1241,0.1209,0.1367,0.1254,0.1238,0.1204,100,false
0.05,0.15,2,0.1183,0.1279,0.1267,0.1237,0.1416,0.1219,0.1189,0.121,100,false
0.05,0.15,3,0.1165,0.1272,0.1292,0.1289,0.1431,0.1195,0.1116,0.124,100,false
0.05,0.15,4,0.115,0.1298,0.1311,0.1307,0.1436,0.1175,0.1061,0.1262,100,false
0.05,0.15,5,0.1091,0.1355,0.1279,0.136,0.144,0.1144,0.1026,0.1305,100,false
0.05,0.15,6,0.1058,0.1371,0.1318,0.1365,0.1447,0.1101,0.1012,0.1328,100,false
0.05,0.15,7,0.1023,0.14,0.1337,0.1403,0.1436,0.106,0.1015,0.1326,100,false
0.05,0.15,8,0.1019,0.1441,0.1352,0.1429,0.1399,0.1037,0.1,0.1323,100,false
0.05,0.15,9,0.1005,0.15,0.133,0.1432,0.1379,0.1017,0.0996,0.1341,100,false
0.05,0.15,10,0.0987,0.1549,0.1376,0.1398,0.137,0.1019,0.0982,0.1319,100,false
0.05,0.15,50,0.0619,0.1833,0.093,0.1449,0.1447,0.116,0.0937,0.1625,100,false
0.05,0.15,100,0.0573,0.2016,0.0767,0.1446,0.1024,0.1415,0.1399,0.136,100,false
0.05,0.15,1000,0.0607,0.1109,0.0688,0.2531,0.069,0.0913,0.0894,0.2568,100,false
0.05,0.15,5000,0.1043,0.2416,0.0915,0.2121,0.1275,0.0584,0.0672,0.0974,100,false
0.05,0.15,10000,0.0854,0.1751,0.0793,0.1307,0.1126,0.0876,0.1703,0.159,100,false
0.05,0.2,0,0.1275,0.128,0.1247,0.1161,0.1296,0.1203,0.128,0.1258,100,false
0.05,0.2,1,0.1226,0.1249,0.1331,0.1119,0.1417,0.1186,0.1207,0.1265,100,false
0.05,0.2,2,0.1145,0.128,0.136,0.1139,0.1475,0.1162,0.1171,0.1268,100,false
0.05,0.2,3,0.111,0.1309,0.1405,0.114,0.1537,0.1092,0.1161,0.1246,100,false
0.05,0.2,4,0.106,0.1384,0.1432,0.1149,0.1575,0.1053,0.1098,0.1249,100,false
0.05,0.2,5,0.1014,0.1454,0.1418,0.1192,0.1565,0.1037,0.1042,0.1278,100,false
0.05,0.2,6,0.0968,0.1522,0.1453,0.1168,0.1586,0.0992,0.1012,0.1299,100,false
0.05,0.2,7,0.0928,0.1572,0.1473,0.1161,0.1609,0.0953,0.098,0.1324,100,false
0.05,0.2,8,0.088,0.164,0.1506,0.1147,0.1581,0.0927,0.096,0.1359,100,false
0.05,0.2,9,0.0862,0.1671,0.1546,0.1105,0.1587,0.0907,0.0939,0.1383,100,false
0.05,0.2,10,0.0844,0.1723,0.1564,0.1123,0.1557,0.088,0.0916,0.1393,100,false
0.05,0.2,50,0.0595,0.2019,0.0938,0.1533,0.15,0.0788,0.1278,0.1349,100,false
0.05,0.2,100,0.0665,0.1903,0.0929,0.1759,0.106,0.1109,0.1586,0.0989,100,false
0.05,0.2,1000,0.0827,0.0809,0.0408,0.0763,0.1439,0.1076,0.2068,0.261,100,false
0.05,0.2,5000,0.0419,0.2155,0.1242,0.3957,0.0682,0.0111,0.0471,0.0963,100,false
0.05,0.2,10000,0.1497,0.1813,0.1614,0.1241,0.0901,0.1237,0.0707,0.099,100,false
0.05,0.25,0,0.1287,0.1246,0.126,0.1246,0.1247,0.124,0.1241,0.1233,100,false
0.05,0.25,1,0.1228,0.1272,0.1305,0.1286,0.126,0.1246,0.1195,0.1208,100,false
0.05,0.25,2,0.1155,0.1286,0.1409,0.1258,0.1327,0.1243,0.112,0.1202,100,false
0.05,0.25,3,0.11,0.1353,0.1453,0.1238,0.1386,0.1231,0.1036,0.1203,100,false
0.05,0.25,4,0.1096,0.1369,0.1476,0.124,0.1419,0.1219,0.0957,0.1224,100,false
0.05,0.25,5,0.1045,0.1449,0.1445,0.1221,0.1477,0.1175,0.0918,0.127,100,false
0.05,0.25,6,0.1002,0.1491,0.1447,0.1237,0.1527,0.1128,0.0863,0.1305,100,false
0.05,0.25,7,0.1041,0.1469,0.146,0.1253,0.1511,0.1114,0.0836,0.1316,100,false
0.05,0.25,8,0.1025,0.1507,0.1484,0.1252,0.1527,0.1076,0.0814,0.1315,100,false
0.05,0.25,9,0.1016,0.1542,0.1474,0.1254,0.1521,0.106,0.0793,0.134,100,false
0.05,0.25,10,0.0997,0.1611,0.15,0.1242,0.1495,0.104,0.0796,0.1319,100,false
0.05,0.25,50,0.0446,0.1674,0.1251,0.101,0.1541,0.1025,0.0926,0.2127,100,false
0.05,0.25,100,0.0416,0.2715,0.064,0.1872,0.1072,0.0812,0.0897,0.1576,100,false
0.05,0.25,1000,0.0361,0.1317,0.1723,0.2065,0.1119,0.1776,0.1184,0.0455,100,false
0.05,0.25,5000,0.0588,0.2941,0.164,0.2598,0.0408,0.0448,0.0363,0.1014,100,false
0.05,0.25,10000,0.0921,0.2206,0.104,0.1516,0.0884,0.1253,0.1105,0.1075,100,false
0.05,0.3,0,0.1221,0.1252,0.122,0.1281,0.1251,0.1249,0.1278,0.1248,100,false
0.05,0.3,1,0.114,0.1269,0.1335,0.1254,0.1362,0.1234,0.1158,0.1248,100,false
0.05,0.3,2,0.1041,0.1312,0.1421,0.1298,0.1395,0.1198,0.1082,0.1253,100,false
0.05,0.3,3,0.1008,0.1391,0.1465,0.1273,0.1425,0.1198,0.0992,0.1248,100,false
0.05,0.3,4,0.0958,0.1468,0.1501,0.1256,0.145,0.1177,0.0918,0.1272,100,false
0.05,0.3,5,0.0938,0.1554,0.1524,0.1246,0.1468,0.1121,0.0863,0.1286,100,false
0.05,0.3,6,0.0918,0.1615,0.155,0.1261,0.1475,0.1065,0.081,0.1306,100,false
0.05,0.3,7,0.0914,0.1682,0.1568,0.1253,0.1467,0.1042,0.0742,0.1332,100,false
0.05,0.3,8,0.0875,0.1754,0.1577,0.1229,0.148,0.1007,0.0703,0.1375,100,false
0.05,0.3,9,0.0845,0.1856,0.154,0.12,0.15,0.0969,0.0693,0.1397,100,false
0.05,0.3,10,0.0835,0.194,0.1467,0.1218,0.1489,0.0944,0.0667,0.144,100,false
0.05,0.3,50,0.0394,0.2518,0.064,0.145,0.1003,0.0996,0.1017,0.1982,100,false
0.05,0.3,100,0.0535,0.3188,0.0302,0.2096,0.0824,0.1116,0.0921,0.1018,100,false
0.05,0.3,1000,0.1113,0.2187,0.0531,0.1129,0.0775,0.1438,0.1244,0.1583,100,false
0.05,0.3,5000,0,0.0615,0,0,0.9304,0,0.0008,0.0073,100,true
0.05,0.3,10000,0,0.0615,0,0,0.9304,0,0.0008,0.0073,100,true
0.05,0.3,20000,0,0.0615,0,0,0.9304,0,0.0008,0.0073,100,true
0.05,0.3,30000,0,0.0615,0,0,0.9304,0,0.0008,0.0073,100,true
0.05,0.3,40000,0,0.0615,0,0,0.9304,0,0.0008,0.0073,100,true
0.05,0.3,50000,0,0.0615,0,0,0.9304,0,0.0008,0.0073,100,true
0.05,0.3,60000,0,0.0615,0,0,0.9304,0,0.0008,0.0073,100,true
0.05,0.3,70000,0,0.0615,0,0,0.9304,0,0.0008,0.0073,100,true
0.05,0.3,80000,0,0.0615,0,0,0.9304,0,0.0008,0.0073,100,true
0.05,0.3,90000,0,0.0615,0,0,0.9304,0,0.0008,0.0073,100,true
0.05,0.3,100000,0,0.0615,0,0,0.9304,0,0.0008,0.0073,100,true
0.05,0.35,0,0.125,0.1275,0.1201,0.1257,0.1231,0.1238,0.128,0.1268,100,false
0.05,0.35,1,0.1153,0.1242,0.1299,0.125,0.1406,0.1174,0.1212,0.1264,100,false
0.05,0.35,2,0.1048,0.1267,0.1382,0.1287,0.1499,0.1123,0.1103,0.1291,100,false
0.05,0.35,3,0.0965,0.1338,0.1429,0.1322,0.1542,0.1077,0.1049,0.1278,100,false
0.05,0.35,4,0.0887,0.1459,0.1489,0.1336,0.1532,0.1052,0.0992,0.1253,100,false
0.05,0.35,5,0.0842,0.1551,0.1556,0.133,0.1514,0.1018,0.0921,0.1268,100,false
0.05,0.35,6,0.0816,0.1682,0.1598,0.1333,0.1472,0.0975,0.0864,0.126,100,false
0.05,0.35,7,0.0801,0.1831,0.1609,0.1298,0.1423,0.0952,0.0816,0.127,100,false
0.05,0.35,8,0.0804,0.1951,0.1607,0.1271,0.14,0.0921,0.0743,0.1303,100,false
0.05,0.35,9,0.0845,0.2053,0.1578,0.1236,0.1361,0.0906,0.071,0.1311,100,false
0.05,0.35,10,0.0883,0.2196,0.146,0.1242,0.1292,0.0915,0.0662,0.135,100,false
0.05,0.35,50,0.0418,0.2853,0.0553,0.1197,0.1167,0.0887,0.072,0.2205,100,false
0.05,0.35,100,0.0295,0.2623,0.025,0.2506,0.077,0.1287,0.1371,0.0898,100,false
0.05,0.35,1000,0.0227,0.629,0.0951,0.0928,0.0105,0.0681,0.0302,0.0516,100,false
0.05,0.35,5000,0,0.0004,0.0002,0.0078,0.0038,0.0008,0,0.987,100,true
0.05,0.35,10000,0,0.0004,0.0002,0.0078,0.0038,0.0008,0,0.987,100,true
0.05,0.35,20000,0,0.0004,0.0002,0.0078,0.0038,0.0008,0,0.987,100,true
0.05,0.35,30000,0,0.0004,0.0002,0.0078,0.0038,0.0008,0,0.987,100,true
0.05,0.35,40000,0,0.0004,0.0002,0.0078,0.0038,0.0008,0,0.987,100,true
0.05,0.35,50000,0,0.0004,0.0002,0.0078,0.0038,0.0008,0,0.987,100,true
0.05,0.35,60000,0,0.0004,0.0002,0.0078,0.0038,0.0008,0,0.987,100,true
0.05,0.35,70000,0,0.0004,0.0002,0.0078,0.0038,0.0008,0,0.987,100,true
0.05,0.35,80000,0,0.0004,0.0002,0.0078,0.0038,0.0008,0,0.987,100,true
0.05,0.35,90000,0,0.0004,0.0002,0.0078,0.0038,0.0008,0,0.987,100,true
0.05,0.35,100000,0,0.0004,0.0002,0.0078,0.0038,0.0008,0,0.987,100,true
0.05,0.4,0,0.1219,0.1279,0.126,0.1229,0.1215,0.1283,0.1323,0.1192,100,false
0.05,0.4,1,0.1136,0.1309,0.1336,0.129,0.1324,0.1287,0.1154,0.1164,100,false
0.05,0.4,2,0.1045,0.1394,0.1405,0.1334,0.1384,0.1246,0.1037,0.1155,100,false
0.05,0.4,3,0.0963,0.147,0.1478,0.1341,0.1449,0.1193,0.0941,0.1165,100,false
0.05,0.4,4,0.0913,0.158,0.1483,0.136,0.1488,0.1131,0.0868,0.1177,100,false
0.05,0.4,5,0.0942,0.167,0.1545,0.1329,0.1477,0.1082,0.0781,0.1174,100,false
0.05,0.4,6,0.091,0.1789,0.1528,0.1339,0.1476,0.1025,0.0737,0.1196,100,false
0.05,0.4,7,0.089,0.188,0.1554,0.1279,0.151,0.0976,0.0678,0.1233,100,false
0.05,0.4,8,0.0878,0.2009,0.1528,0.125,0.1498,0.0915,0.0632,0.129,100,false
0.05,0.4,9,0.0857,0.2143,0.147,0.127,0.145,0.0868,0.059,0.1352,100,false
0.05,0.4,10,0.0854,0.224,0.1405,0.1288,0.1382,0.0859,0.0576,0.1396,100,false
0.05,0.4,50,0.0209,0.2531,0.0504,0.1974,0.1084,0.0956,0.0821,0.1921,100,false
0.05,0.4,100,0.0548,0.2759,0.0335,0.173,0.0623,0.1247,0.1118,0.164,100,false
0.05,0.4,1000,0.0502,0.193,0.2446,0.1741,0.0716,0.1233,0.0595,0.0837,100,false
0.05,0.4,5000,0,0.7627,0,0.0007,0.0427,0.0013,0.1922,0.0004,100,true
0.05,0.4,10000,0,0.7627,0,0.0007,0.0427,0.0013,0.1922,0.0004,100,true
0.05,0.4,20000,0,0.7627,0,0.0007,0.0427,0.0013,0.1922,0.0004,100,true
0.05,0.4,30000,0,0.7627,0,0.0007,0.0427,0.0013,0.1922,0.0004,100,true
0.05,0.4,40000,0,0.7627,0,0.0007,0.0427,0.0013,0.1922,0.0004,100,true
0.05,0.4,50000,0,0.7627,0,0.0007,0.0427,0.0013,0.1922,0.0004,100,true
0.05,0.4,60000,0,0.7627,0,0.0007,0.0427,0.0013,0.1922,0.0004,100,true
0.05,0.4,70000,0,0.7627,0,0.0007,0.0427,0.0013,0.1922,0.0004,100,true
0.05,0.4,80000,0,0.7627,0,0.0007,0.0427,0.0013,0.1922,0.0004,100,true
0.05,0.4,90000,0,0.7627,0,0.0007,0.0427,0.0013,0.1922,0.0004,100,true
0.05,0.4,100000,0,0.7627,0,0.0007,0.0427,0.0013,0.1922,0.0004,100,true
0.05,0.45,0,0.1238,0.1264,0.1253,0.1301,0.1183,0.1243,0.1299,0.1219,100,false
0.05,0.45,1,0.1122,0.1304,0.1388,0.1282,0.1319,0.1218,0.1168,0.1199,100,false
0.05,0.45,2,0.1034,0.1393,0.1451,0.1278,0.1406,0.1207,0.1047,0.1184,100,false
0.05,0.45,3,0.0986,0.1437,0.148,0.1327,0.1476,0.1151,0.0936,0.1207,100,false
0.05,0.45,4,0.087,0.1545,0.1539,0.1369,0.1527,0.1086,0.0827,0.1237,100,false
0.05,0.45,5,0.0811,0.1695,0.1543,0.1394,0.1537,0.1012,0.076,0.1248,100,false
0.05,0.45,6,0.0775,0.1821,0.1547,0.1399,0.1524,0.0959,0.0707,0.1268,100,false
0.05,0.45,7,0.0783,0.194,0.1571,0.1366,0.1446,0.0941,0.0669,0.1284,100,false
0.05,0.45,8,0.0806,0.2035,0.1579,0.1318,0.1416,0.0902,0.0637,0.1307,100,false
0.05,0.45,9,0.0795,0.2127,0.159,0.1307,0.1366,0.0875,0.0607,0.1333,100,false
0.05,0.45,10,0.0801,0.2196,0.1571,0.1289,0.1318,0.0867,0.0571,0.1387,100,false
0.05,0.45,50,0.0338,0.2784,0.0391,0.1697,0.0924,0.1021,0.067,0.2175,100,false
0.05,0.45,100,0.0262,0.3001,0.043,0.2265,0.0787,0.1084,0.0918,0.1253,100,false
0.05,0.45,1000,0.0975,0.1782,0.0939,0.2086,0.1358,0.0922,0.0691,0.1247,100,false
0.05,0.45,5000,0.1052,0.162,0.0312,0.0674,0.0554,0.1092,0.0995,0.3701,100,false
0.05,0.45,10000,0,0.6888,0,0.0121,0,0,0.2975,0.0016,100,true
0.05,0.45,20000,0,0.6888,0,0.0121,0,0,0.2975,0.0016,100,true
0.05,0.45,30000,0,0.6888,0,0.0121,0,0,0.2975,0.0016,100,true
0.05,0.45,40000,0,0.6888,0,0.0121,0,0,0.2975,0.0016,100,true
0.05,0.45,50000,0,0.6888,0,0.0121,0,0,0.2975,0.0016,100,true
0.05,0.45,60000,0,0.6888,0,0.0121,0,0,0.2975,0.0016,100,true
0.05,0.45,70000,0,0.6888,0,0.0121,0,0,0.2975,0.0016,100,true
0.05,0.45,80000,0,0.6888,0,0.0121,0,0,0.2975,0.0016,100,true
0.05,0.45,90000,0,0.6888,0,0.0121,0,0,0.2975,0.0016,100,true
0.05,0.45,100000,0,0.6888,0,0.0121,0,0,0.2975,0.0016,100,true
0.05,0.5,0,0.1263,0.1278,0.1197,0.125,0.1272,0.1234,0.1314,0.1192,100,false
0.05,0.5,1,0.1135,0.1302,0.1339,0.1259,0.1434,0.1208,0.1183,0.114,100,false
0.05,0.5,2,0.1039,0.1364,0.1444,0.128,0.1556,0.1114,0.1058,0.1145,100,false
0.05,0.5,3,0.0967,0.1416,0.152,0.1315,0.1619,0.1054,0.095,0.1159,100,false
0.05,0.5,4,0.0919,0.1496,0.1568,0.138,0.1614,0.0987,0.0867,0.1169,100,false
0.05,0.5,5,0.0886,0.16,0.1623,0.1414,0.1547,0.0955,0.0771,0.1204,100,false
0.05,0.5,6,0.0873,0.1702,0.1712,0.1394,0.1499,0.0925,0.0689,0.1206,100,false
0.05,0.5,7,0.086,0.1834,0.1735,0.1383,0.145,0.0885,0.0595,0.1258,100,false
0.05,0.5,8,0.0879,0.2023,0.1696,0.1297,0.1458,0.083,0.0539,0.1278,100,false
0.05,0.5,9,0.0873,0.2174,0.1637,0.1243,0.144,0.0807,0.0493,0.1333,100,false
0.05,0.5,10,0.0851,0.2358,0.153,0.1228,0.1425,0.0772,0.0444,0.1392,100,false
0.05,0.5,50,0.0248,0.2766,0.0276,0.1416,0.1148,0.094,0.0887,0.2319,100,false
0.05,0.5,100,0.0565,0.2678,0.0187,0.2193,0.0755,0.0602,0.1461,0.1559,100,false
0.05,0.5,1000,0.0405,0.0243,0.107,0.0533,0.1765,0.207,0.1514,0.24,100,false
0.05,0.5,5000,0.122,0.1581,0.0701,0.1509,0.1256,0.0847,0.1447,0.1439,100,false
0.05,0.5,10000,0.1244,0.2267,0.12,0.0776,0.1276,0.1047,0.0886,0.1304,100,false
0.05,0.55,0,0.1234,0.1256,0.1269,0.1227,0.1225,0.1236,0.1282,0.1271,100,false
0.05,0.55,1,0.1098,0.1316,0.1381,0.123,0.1359,0.1231,0.1106,0.1279,100,false
0.05,0.55,2,0.0956,0.1431,0.1473,0.1278,0.1422,0.118,0.096,0.13,100,false
0.05,0.55,3,0.0866,0.1531,0.1541,0.1286,0.1476,0.1126,0.0844,0.133,100,false
0.05,0.55,4,0.0827,0.1671,0.1531,0.1294,0.1506,0.1086,0.0776,0.1309,100,false
0.05,0.55,5,0.0801,0.1813,0.1516,0.1299,0.1511,0.1039,0.0698,0.1323,100,false
0.05,0.55,6,0.0807,0.1905,0.1516,0.1305,0.1523,0.097,0.0616,0.1358,100,false
0.05,0.55,7,0.0817,0.1994,0.1518,0.1299,0.1502,0.0905,0.057,0.1395,100,false
0.05,0.55,8,0.0813,0.2088,0.1494,0.1301,0.1469,0.0868,0.0534,0.1433,100,false
0.05,0.55,9,0.0788,0.2169,0.1466,0.128,0.1471,0.0808,0.0526,0.1492,100,false
0.05,0.55,10,0.0748,0.2277,0.1411,0.1264,0.1453,0.0776,0.0521,0.155,100,false
0.05,0.55,50,0.024,0.3,0.0199,0.1327,0.1188,0.1137,0.0673,0.2236,100,false
0.05,0.55,100,0.0378,0.3382,0.0178,0.2265,0.0522,0.0886,0.0803,0.1586,100,false
0.05,0.55,1000,0,0.2881,0,0.1114,0.0066,0.1608,0,0.4331,100,false
0.05,0.55,5000,0,0.1957,0,0.2385,0,0.3069,0,0.2589,100,false
0.05,0.55,10000,0,0.2784,0,0.2166,0,0.2141,0,0.2909,100,false
0.05,0.6,0,0.1224,0.1249,0.1262,0.1305,0.1228,0.1243,0.1224,0.1265,100,false
0.05,0.6,1,0.1053,0.1281,0.1435,0.1308,0.1393,0.1193,0.1101,0.1236,100,false
0.05,0.6,2,0.0923,0.1345,0.1602,0.1278,0.1509,0.1161,0.0935,0.1247,100,false
0.05,0.6,3,0.0797,0.1489,0.1677,0.1284,0.1572,0.1085,0.0821,0.1275,100,false
0.05,0.6,4,0.0747,0.1595,0.1731,0.1283,0.1614,0.1022,0.0718,0.129,100,false
0.05,0.6,5,0.071,0.1741,0.1784,0.1255,0.1607,0.0944,0.0648,0.1311,100,false
0.05,0.6,6,0.0649,0.1913,0.1766,0.1233,0.1623,0.0881,0.0587,0.1348,100,false
0.05,0.6,7,0.0582,0.2092,0.1715,0.1239,0.1629,0.0814,0.0539,0.139,100,false
0.05,0.6,8,0.0572,0.2267,0.164,0.1234,0.1579,0.0773,0.0512,0.1423,100,false
0.05,0.6,9,0.0563,0.2408,0.1572,0.1219,0.1531,0.076,0.0486,0.1461,100,false
0.05,0.6,10,0.0541,0.2585,0.1502,0.119,0.1482,0.0744,0.0427,0.1529,100,false
0.05,0.6,50,0.0054,0.285,0.0225,0.1299,0.0919,0.0978,0.0717,0.2958,100,false
0.05,0.6,100,0.0389,0.3145,0.0049,0.2419,0.058,0.0647,0.0973,0.1798,100,false
0.05,0.6,1000,0.0464,0.2845,0.0711,0.1085,0.0939,0.1512,0.0871,0.1573,100,false
0.05,0.6,5000,0.108,0.1872,0.1577,0.2158,0.1266,0.0408,0.0725,0.0914,100,false
0.05,0.6,10000,0,0.3241,0,0.1078,0.0001,0.4419,0.0038,0.1223,100,false
0.05,0.65,0,0.1268,0.1231,0.1322,0.1248,0.1266,0.1247,0.1218,0.12,100,false
0.05,0.65,1,0.1072,0.1332,0.1435,0.1265,0.1434,0.1201,0.105,0.1211,100,false
0.05,0.65,2,0.096,0.1409,0.1538,0.1275,0.1536,0.1154,0.0926,0.1202,100,false
0.05,0.65,3,0.083,0.1529,0.1616,0.1313,0.1576,0.1077,0.0812,0.1247,100,false
0.05,0.65,4,0.0746,0.1725,0.1623,0.1338,0.1568,0.1022,0.0704,0.1274,100,false
0.05,0.65,5,0.0701,0.1905,0.1598,0.1349,0.1596,0.0931,0.0607,0.1313,100,false
0.05,0.65,6,0.0654,0.2115,0.1578,0.1309,0.159,0.0838,0.0554,0.1362,100,false
0.05,0.65,7,0.0671,0.2277,0.1515,0.1288,0.1566,0.0771,0.0548,0.1364,100,false
0.05,0.65,8,0.0677,0.2461,0.1432,0.1245,0.1552,0.0728,0.0498,0.1407,100,false
0.05,0.65,9,0.0688,0.2593,0.1308,0.1244,0.1549,0.0697,0.0481,0.144,100,false
0.05,0.65,10,0.0727,0.2676,0.1199,0.1251,0.1517,0.0676,0.0453,0.1501,100,false
0.05,0.65,50,0.0065,0.2997,0.0304,0.1741,0.0895,0.0757,0.0791,0.245,100,false
0.05,0.65,100,0.0159,0.3234,0.004,0.2633,0.0633,0.0936,0.0856,0.1509,100,false
0.05,0.65,1000,0.0123,0.0707,0.0016,0.0275,0.0723,0.1829,0.1478,0.4849,100,false
0.05,0.65,5000,0,0.2577,0,0.3456,0,0.1882,0,0.2085,100,false
0.05,0.65,10000,0,0.3085,0,0.2249,0,0.248,0,0.2186,100,false
0.05,0.7,0,0.1263,0.124,0.1198,0.1238,0.1331,0.1206,0.1208,0.1316,100,false
0.05,0.7,1,0.1036,0.129,0.1434,0.1239,0.1554,0.1128,0.1057,0.1262,100,false
0.05,0.7,2,0.0875,0.1358,0.1644,0.1239,0.1651,0.1073,0.0921,0.1239,100,false
0.05,0.7,3,0.0773,0.1497,0.1697,0.1255,0.1719,0.1012,0.0815,0.1232,100,false
0.05,0.7,4,0.07,0.163,0.1737,0.1239,0.1801,0.0923,0.0723,0.1247,100,false
0.05,0.7,5,0.0667,0.1781,0.1775,0.125,0.1788,0.0831,0.0646,0.1262,100,false
0.05,0.7,6,0.0626,0.1926,0.1765,0.1255,0.1796,0.0774,0.0583,0.1275,100,false
0.05,0.7,7,0.0608,0.2086,0.1682,0.1284,0.1783,0.0713,0.0532,0.1312,100,false
0.05,0.7,8,0.0607,0.2226,0.1644,0.1242,0.176,0.0662,0.0488,0.1371,100,false
0.05,0.7,9,0.0572,0.2406,0.1584,0.1167,0.1788,0.0626,0.0444,0.1413,100,false
0.05,0.7,10,0.0525,0.2576,0.1451,0.1194,0.177,0.0598,0.0414,0.1472,100,false
0.05,0.7,50,0.0049,0.2883,0.0066,0.1169,0.1132,0.0861,0.0787,0.3053,100,false
0.05,0.7,100,0.0235,0.3139,0.0118,0.189,0.0864,0.1046,0.0901,0.1807,100,false
0.05,0.7,1000,0.0077,0.024,0.0509,0.1344,0.1025,0.2552,0.0937,0.3316,100,false
0.05,0.7,5000,0.0533,0.263,0.1176,0.1954,0.0775,0.1255,0.0576,0.1101,100,false
0.05,0.7,10000,0.2369,0.1455,0.1083,0.0867,0.1359,0,0.1584,0.1283,100,false
0.05,0.75,0,0.1291,0.1252,0.125,0.1189,0.1217,0.1236,0.1279,0.1286,100,false
0.05,0.75,1,0.109,0.1266,0.1437,0.119,0.1392,0.1245,0.108,0.13,100,false
0.05,0.75,2,0.0914,0.1351,0.1623,0.1179,0.1518,0.1226,0.0915,0.1274,100,false
0.05,0.75,3,0.0807,0.1506,0.1698,0.1189,0.1617,0.1154,0.0787,0.1242,100,false
0.05,0.75,4,0.0745,0.1636,0.1739,0.1183,0.1681,0.1061,0.069,0.1265,100,false
0.05,0.75,5,0.0702,0.1793,0.1767,0.116,0.1687,0.1026,0.0587,0.1278,100,false
0.05,0.75,6,0.0685,0.1921,0.1789,0.1134,0.1687,0.0954,0.0521,0.1309,100,false
0.05,0.75,7,0.0694,0.2053,0.1752,0.1097,0.1705,0.0901,0.0468,0.133,100,false
0.05,0.75,8,0.0636,0.2193,0.17,0.1106,0.1693,0.0835,0.0428,0.1409,100,false
0.05,0.75,9,0.0644,0.2355,0.1653,0.107,0.1654,0.0782,0.0403,0.1439,100,false
0.05,0.75,10,0.0601,0.2544,0.1554,0.1038,0.1647,0.0766,0.037,0.148,100,false
0.05,0.75,50,0.0042,0.3141,0.0155,0.1277,0.1321,0.0683,0.0639,0.2742,100,false
0.05,0.75,100,0.0029,0.3041,0.0177,0.1885,0.1112,0.0608,0.1107,0.2041,100,false
0.05,0.75,1000,0.0897,0.1705,0.1269,0.0907,0.1373,0.1289,0.0794,0.1766,100,false
0.05,0.75,5000,0.0408,0.1937,0.1718,0.1397,0.1034,0.033,0.1398,0.1778,100,false
0.05,0.75,10000,0.2555,0.2527,0.151,0.086,0.094,0,0.0616,0.0992,100,false
0,0,0,0.1199,0.125,0.1257,0.1257,0.1218,0.1302,0.1272,0.1245,100,false
0,0,1,0.1168,0.1303,0.1233,0.1252,0.1242,0.1308,0.1251,0.1243,100,false
0,0,2,0.1166,0.1313,0.1228,0.1291,0.1235,0.1307,0.1221,0.1239,100,false
0,0,3,0.1193,0.1293,0.1248,0.131,0.1245,0.1312,0.1172,0.1227,100,false
0,0,4,0.1226,0.1295,0.1229,0.1304,0.124,0.1322,0.1151,0.1233,100,false
0,0,5,0.1238,0.1289,0.1221,0.1309,0.1246,0.133,0.1118,0.1249,100,false
0,0,6,0.1215,0.1323,0.1215,0.1336,0.1226,0.1341,0.1102,0.1242,100,false
0,0,7,0.1207,0.1347,0.1201,0.1363,0.1213,0.1336,0.1091,0.1242,100,false
0,0,8,0.1211,0.1343,0.1213,0.1367,0.1213,0.1347,0.1063,0.1243,100,false
0,0,9,0.1194,0.1354,0.1214,0.139,0.1203,0.1332,0.1034,0.1279,100,false
0,0,10,0.1189,0.1345,0.1223,0.1403,0.1193,0.1311,0.1022,0.1314,100,false
0,0,50,0.1036,0.146,0.1029,0.1378,0.1183,0.1415,0.1113,0.1386,100,false
0,0,100,0.0941,0.155,0.1004,0.1795,0.1066,0.1364,0.0998,0.1282,100,false
0.05,0.8,0,0.1201,0.1292,0.1262,0.1239,0.1254,0.119,0.1307,0.1255,100,false
0.05,0.8,1,0.1023,0.1359,0.1476,0.121,0.1435,0.1154,0.1093,0.125,100,false
0.05,0.8,2,0.089,0.1494,0.1598,0.1212,0.151,0.1121,0.0931,0.1244,100,false
0.05,0.8,3,0.0788,0.1622,0.1676,0.1202,0.1662,0.1029,0.0791,0.123,100,false
0.05,0.8,4,0.0733,0.1794,0.1675,0.1254,0.1662,0.0937,0.0701,0.1244,100,false
0.05,0.8,5,0.0703,0.1941,0.1657,0.1292,0.166,0.087,0.061,0.1267,100,false
0.05,0.8,6,0.0664,0.209,0.1649,0.1314,0.1653,0.0791,0.0569,0.127,100,false
0.05,0.8,7,0.069,0.2226,0.1603,0.1333,0.1601,0.074,0.0505,0.1302,100,false
0.05,0.8,8,0.0694,0.2354,0.1534,0.1338,0.157,0.0701,0.0465,0.1344,100,false
0.05,0.8,9,0.0723,0.2432,0.147,0.1329,0.1539,0.0669,0.0407,0.1431,100,false
0.05,0.8,10,0.0713,0.2533,0.1393,0.1324,0.1532,0.0635,0.0361,0.1509,100,false
0.05,0.8,50,0.0065,0.3165,0.01,0.1345,0.0952,0.0754,0.0543,0.3076,100,false
0.05,0.8,100,0.0086,0.3219,0.0279,0.1713,0.0832,0.1,0.0953,0.1918,100,false
0,0,1000,0.198,0.2315,0.0503,0.1095,0.0647,0.1057,0.1445,0.0958,100,false
0.05,0.8,1000,0.0291,0.1432,0,0.4618,0,0.1177,0.0462,0.202,100,false
0,0,5000,0.0941,0.0408,0.0739,0.3494,0.1069,0.0896,0.0838,0.1615,100,false
0.05,0.8,5000,0,0.2277,0,0.2302,0,0.2135,0,0.3286,100,false
0,0,0,0.1259,0.1288,0.1255,0.1207,0.1248,0.129,0.1193,0.126,100,false
0,0,1,0.1254,0.1284,0.1265,0.1215,0.1258,0.1275,0.1158,0.1291,100,false
0,0,2,0.1276,0.1266,0.1243,0.1233,0.1247,0.1265,0.1169,0.1301,100,false
0,0,3,0.1283,0.1238,0.126,0.1222,0.1272,0.1247,0.1176,0.1302,100,false
0,0,4,0.1273,0.1229,0.123,0.1238,0.128,0.1238,0.1193,0.1319,100,false
0,0,5,0.1281,0.1195,0.1245,0.124,0.1276,0.1225,0.1218,0.132,100,false
0,0,6,0.1259,0.1205,0.123,0.1278,0.127,0.1216,0.1211,0.1331,100,false
0,0,7,0.1242,0.1215,0.1227,0.1289,0.1249,0.1253,0.1183,0.1342,100,false
0,0,8,0.1222,0.1212,0.123,0.1296,0.1254,0.1249,0.1182,0.1355,100,false
0,0,9,0.1234,0.12,0.1245,0.1283,0.1266,0.1241,0.118,0.1351,100,false
0,0,10,0.1249,0.1175,0.1275,0.1276,0.1274,0.1226,0.1188,0.1337,100,false
0,0,50,0.1283,0.1204,0.1326,0.1125,0.1255,0.1254,0.1264,0.1289,100,false
0,0,100,0.1201,0.1555,0.1283,0.1317,0.116,0.118,0.0974,0.133,100,false
0,0,1000,0.1501,0.2112,0.1766,0.1171,0.1411,0.0733,0.0629,0.0677,100,false
0,0,10000,0.182,0.0734,0.0443,0.1037,0.156,0.1394,0.1189,0.1823,100,false
0.05,0.8,10000,0,0.1921,0,0.281,0,0.3219,0,0.205,100,false
0,0,5000,0.11,0.1637,0.1203,0.1357,0.1052,0.1715,0.0832,0.1104,100,false
0,0,0,0.1277,0.122,0.1185,0.1266,0.1228,0.1264,0.1296,0.1264,100,false
0,0,1,0.1238,0.1217,0.1196,0.1252,0.1224,0.1315,0.1257,0.1301,100,false
0,0,2,0.1217,0.1213,0.1196,0.1324,0.1205,0.1296,0.1262,0.1287,100,false
0,0,3,0.1211,0.1226,0.1213,0.1329,0.1197,0.1306,0.1239,0.1279,100,false
0,0,4,0.1194,0.1264,0.1219,0.1316,0.1236,0.1275,0.1244,0.1252,100,false
0,0,5,0.1201,0.1259,0.1243,0.1309,0.1241,0.1273,0.1262,0.1212,100,false
0,0,6,0.1226,0.1268,0.1219,0.1328,0.1234,0.1289,0.124,0.1196,100,false
0,0,7,0.1258,0.1262,0.1202,0.1341,0.1208,0.1323,0.1207,0.1199,100,false
0,0,8,0.1272,0.1266,0.1193,0.1362,0.1217,0.1288,0.1194,0.1208,100,false
0,0,9,0.125,0.1266,0.1205,0.1357,0.124,0.1257,0.1191,0.1234,100,false
0,0,10,0.1272,0.126,0.1207,0.1372,0.1241,0.123,0.1179,0.1239,100,false
0,0,50,0.1347,0.1293,0.1139,0.1211,0.1233,0.1148,0.1385,0.1244,100,false
0,0,100,0.1259,0.1287,0.1116,0.1174,0.1243,0.1333,0.1349,0.1239,100,false
0,0.05,0,0.1316,0.1199,0.1268,0.1263,0.1212,0.1271,0.1201,0.127,100,false
0,0.05,1,0.1308,0.1193,0.1248,0.1278,0.1246,0.1281,0.1132,0.1314,100,false
0,0.05,2,0.1271,0.1169,0.1305,0.1243,0.1287,0.1256,0.1138,0.1331,100,false
0,0.05,3,0.1207,0.1177,0.1352,0.1222,0.1287,0.1268,0.1115,0.1372,100,false
0,0.05,4,0.1169,0.1206,0.1389,0.12,0.129,0.1266,0.1097,0.1383,100,false
0,0.05,5,0.1149,0.1234,0.1383,0.1193,0.1293,0.1251,0.1112,0.1385,100,false
0,0.05,6,0.1126,0.1268,0.1395,0.1174,0.1283,0.126,0.1105,0.1389,100,false
0,0.05,7,0.1141,0.125,0.1437,0.1138,0.1294,0.1259,0.1088,0.1393,100,false
0,0.05,8,0.1157,0.1242,0.1492,0.1096,0.132,0.1251,0.107,0.1372,100,false
0,0.05,9,0.1156,0.1259,0.1535,0.1056,0.1344,0.1209,0.1065,0.1376,100,false
0,0.05,10,0.1171,0.1273,0.1526,0.1045,0.1375,0.1175,0.1079,0.1356,100,false
0,0.05,50,0.0997,0.1525,0.1186,0.0961,0.155,0.1082,0.1114,0.1585,100,false
0,0.05,100,0.1064,0.1651,0.1086,0.1071,0.1333,0.121,0.1162,0.1423,100,false
0.05,0.85,0,0.1226,0.1224,0.1275,0.1264,0.1262,0.1259,0.1262,0.1228,100,false
0.05,0.85,1,0.0971,0.1242,0.1552,0.1232,0.1496,0.1241,0.1031,0.1235,100,false
0.05,0.85,2,0.0812,0.1389,0.1696,0.1225,0.1652,0.1142,0.0836,0.1248,100,false
0.05,0.85,3,0.0715,0.1539,0.1803,0.1265,0.1695,0.1064,0.0708,0.1211,100,false
0.05,0.85,4,0.067,0.1696,0.188,0.1282,0.1708,0.0952,0.0606,0.1206,100,false
0.05,0.85,5,0.0598,0.1912,0.1896,0.1265,0.1679,0.0885,0.053,0.1235,100,false
0.05,0.85,6,0.0562,0.2117,0.1881,0.1251,0.1658,0.0826,0.0438,0.1267,100,false
0.05,0.85,7,0.054,0.236,0.1816,0.1206,0.1618,0.0785,0.0386,0.1289,100,false
0.05,0.85,8,0.0528,0.2581,0.1711,0.1188,0.157,0.0748,0.0335,0.1339,100,false
0.05,0.85,9,0.0537,0.2798,0.1589,0.1172,0.1513,0.0713,0.0303,0.1375,100,false
0.05,0.85,10,0.0541,0.2982,0.1447,0.112,0.1524,0.0686,0.0272,0.1428,100,false
0.05,0.85,50,0.0004,0.3066,0.0124,0.1374,0.1237,0.065,0.0568,0.2977,100,false
0.05,0.85,100,0,0.3081,0.0117,0.1749,0.1073,0.0766,0.1448,0.1766,100,false
0,0,1000,0.0814,0.1256,0.1099,0.1187,0.159,0.2004,0.1463,0.0587,100,false
0,0.05,1000,0.1672,0.3675,0.22,0.0861,0.0002,0.0186,0.0001,0.1403,100,false
0,0.05,5000,0,0.9604,0,0.0111,0.0062,0.0063,0,0.016,100,true
0,0.05,10000,0,0.9604,0,0.0111,0.0062,0.0063,0,0.016,100,true
0,0.05,20000,0,0.9604,0,0.0111,0.0062,0.0063,0,0.016,100,true
0,0.05,30000,0,0.9604,0,0.0111,0.0062,0.0063,0,0.016,100,true
0,0.05,40000,0,0.9604,0,0.0111,0.0062,0.0063,0,0.016,100,true
0,0.05,50000,0,0.9604,0,0.0111,0.0062,0.0063,0,0.016,100,true
0,0.05,60000,0,0.9604,0,0.0111,0.0062,0.0063,0,0.016,100,true
0,0.05,70000,0,0.9604,0,0.0111,0.0062,0.0063,0,0.016,100,true
0,0.05,80000,0,0.9604,0,0.0111,0.0062,0.0063,0,0.016,100,true
0,0.05,90000,0,0.9604,0,0.0111,0.0062,0.0063,0,0.016,100,true
0,0.05,100000,0,0.9604,0,0.0111,0.0062,0.0063,0,0.016,100,true
0.05,0.85,1000,0,0.6256,0,0.1171,0.0066,0.1497,0.0636,0.0374,100,false
0,0,5000,0.0004,0.003,0,0.0011,0,0.995,0,0.0005,100,true
0,0,10000,0.0004,0.003,0,0.0011,0,0.995,0,0.0005,100,true
0,0,20000,0.0004,0.003,0,0.0011,0,0.995,0,0.0005,100,true
0,0,30000,0.0004,0.003,0,0.0011,0,0.995,0,0.0005,100,true
0,0,40000,0.0004,0.003,0,0.0011,0,0.995,0,0.0005,100,true
0,0,50000,0.0004,0.003,0,0.0011,0,0.995,0,0.0005,100,true
0,0,60000,0.0004,0.003,0,0.0011,0,0.995,0,0.0005,100,true
0,0,70000,0.0004,0.003,0,0.0011,0,0.995,0,0.0005,100,true
0,0,80000,0.0004,0.003,0,0.0011,0,0.995,0,0.0005,100,true
0,0,90000,0.0004,0.003,0,0.0011,0,0.995,0,0.0005,100,true
0,0,100000,0.0004,0.003,0,0.0011,0,0.995,0,0.0005,100,true
0,0.1,0,0.1213,0.123,0.1265,0.1271,0.1295,0.1239,0.126,0.1227,100,false
0,0.1,1,0.1148,0.124,0.1341,0.1271,0.13,0.1221,0.1248,0.1231,100,false
0,0.1,2,0.117,0.1221,0.1393,0.1274,0.1314,0.1204,0.1247,0.1177,100,false
0,0.1,3,0.1165,0.1242,0.1415,0.1256,0.1363,0.1202,0.1211,0.1146,100,false
0,0.1,4,0.1173,0.1274,0.144,0.1257,0.1378,0.1185,0.1165,0.1128,100,false
0,0.1,5,0.1144,0.1343,0.1453,0.1231,0.1402,0.1176,0.1131,0.112,100,false
0,0.1,6,0.1146,0.1362,0.147,0.1224,0.1428,0.1162,0.1093,0.1115,100,false
0,0.1,7,0.1096,0.1424,0.1475,0.1236,0.1386,0.1181,0.1038,0.1164,100,false
0,0.1,8,0.1089,0.1473,0.1477,0.1247,0.1345,0.1178,0.1008,0.1183,100,false
0,0.1,9,0.1121,0.1532,0.1449,0.1249,0.1317,0.1147,0.0987,0.1198,100,false
0,0.1,10,0.1106,0.156,0.1455,0.1256,0.1313,0.1136,0.096,0.1214,100,false
0,0.1,50,0.0653,0.1624,0.1192,0.1377,0.1551,0.1034,0.0843,0.1726,100,false
0,0.1,100,0.0468,0.2365,0.0999,0.158,0.1121,0.1106,0.075,0.1611,100,false
0,0.1,1000,0.0017,0.0682,0.0134,0.4669,0.1303,0.2506,0.0208,0.0481,100,false
0,0.05,0,0.1321,0.1248,0.1188,0.1226,0.1243,0.1232,0.1231,0.1311,100,false
0,0.05,1,0.1324,0.1202,0.1192,0.125,0.1252,0.1247,0.1227,0.1306,100,false
0,0.05,2,0.1288,0.1182,0.1214,0.1279,0.1271,0.1231,0.122,0.1315,100,false
0,0.05,3,0.1263,0.1156,0.1251,0.1284,0.1283,0.1215,0.1229,0.1319,100,false
0,0.05,4,0.1206,0.1194,0.1283,0.1277,0.1263,0.1236,0.1221,0.132,100,false
0,0.05,5,0.1157,0.122,0.1308,0.1268,0.1266,0.1261,0.1177,0.1343,100,false
0,0.05,6,0.1142,0.1252,0.1319,0.1266,0.1304,0.1209,0.1192,0.1316,100,false
0,0.05,7,0.111,0.1289,0.1344,0.1286,0.1291,0.1201,0.118,0.1299,100,false
0,0.05,8,0.1108,0.1311,0.1368,0.1286,0.1312,0.1163,0.1162,0.129,100,false
0,0.05,9,0.1109,0.1321,0.1393,0.1283,0.131,0.1156,0.1157,0.1271,100,false
0,0.05,10,0.1108,0.1337,0.1427,0.1272,0.1305,0.1144,0.1125,0.1282,100,false
0,0.05,50,0.0915,0.1396,0.1567,0.1442,0.1405,0.1096,0.0867,0.1312,100,false
0,0.05,100,0.0673,0.1339,0.1395,0.1833,0.1436,0.1158,0.0778,0.1388,100,false
0,0.1,5000,0.0001,0.0329,0.0013,0.0175,0.0059,0.0275,0,0.9148,100,true
0,0.1,10000,0.0001,0.0329,0.0013,0.0175,0.0059,0.0275,0,0.9148,100,true
0,0.1,20000,0.0001,0.0329,0.0013,0.0175,0.0059,0.0275,0,0.9148,100,true
0,0.1,30000,0.0001,0.0329,0.0013,0.0175,0.0059,0.0275,0,0.9148,100,true
0,0.1,40000,0.0001,0.0329,0.0013,0.0175,0.0059,0.0275,0,0.9148,100,true
0,0.1,50000,0.0001,0.0329,0.0013,0.0175,0.0059,0.0275,0,0.9148,100,true
0,0.1,60000,0.0001,0.0329,0.0013,0.0175,0.0059,0.0275,0,0.9148,100,true
0,0.1,70000,0.0001,0.0329,0.0013,0.0175,0.0059,0.0275,0,0.9148,100,true
0,0.1,80000,0.0001,0.0329,0.0013,0.0175,0.0059,0.0275,0,0.9148,100,true
0,0.1,90000,0.0001,0.0329,0.0013,0.0175,0.0059,0.0275,0,0.9148,100,true
0,0.1,100000,0.0001,0.0329,0.0013,0.0175,0.0059,0.0275,0,0.9148,100,true
0,0.05,1000,0.0003,0.012,0.0026,0.0127,0,0.9625,0,0.0099,100,true
0,0.05,5000,0.0003,0.012,0.0026,0.0127,0,0.9625,0,0.0099,100,true
0,0.05,10000,0.0003,0.012,0.0026,0.0127,0,0.9625,0,0.0099,100,true
0,0.05,20000,0.0003,0.012,0.0026,0.0127,0,0.9625,0,0.0099,100,true
0,0.05,30000,0.0003,0.012,0.0026,0.0127,0,0.9625,0,0.0099,100,true
0,0.05,40000,0.0003,0.012,0.0026,0.0127,0,0.9625,0,0.0099,100,true
0,0.05,50000,0.0003,0.012,0.0026,0.0127,0,0.9625,0,0.0099,100,true
0,0.05,60000,0.0003,0.012,0.0026,0.0127,0,0.9625,0,0.0099,100,true
0,0.05,70000,0.0003,0.012,0.0026,0.0127,0,0.9625,0,0.0099,100,true
0,0.05,80000,0.0003,0.012,0.0026,0.0127,0,0.9625,0,0.0099,100,true
0,0.05,90000,0.0003,0.012,0.0026,0.0127,0,0.9625,0,0.0099,100,true
0,0.05,100000,0.0003,0.012,0.0026,0.0127,0,0.9625,0,0.0099,100,true
0,0,10000,0.0999,0.1173,0.1568,0.2525,0.1285,0.1419,0.0416,0.0615,100,false
0.05,0.85,5000,0,0.3038,0,0.2165,0,0.3137,0,0.166,100,false
0,0.15,0,0.1304,0.1197,0.1209,0.1207,0.1294,0.1275,0.1296,0.1218,100,false
0,0.15,1,0.1231,0.1206,0.1243,0.1232,0.1368,0.1272,0.1219,0.1229,100,false
0,0.15,2,0.1167,0.1219,0.1288,0.1245,0.1434,0.1235,0.118,0.1232,100,false
0,0.15,3,0.1135,0.1246,0.133,0.1265,0.1448,0.1218,0.1106,0.1252,100,false
0,0.15,4,0.1102,0.1265,0.1364,0.1302,0.1449,0.1169,0.1085,0.1264,100,false
0,0.15,5,0.108,0.1328,0.1408,0.1314,0.1436,0.1125,0.1057,0.1252,100,false
0,0.15,6,0.1085,0.1347,0.1448,0.1287,0.145,0.1111,0.1024,0.1248,100,false
0,0.15,7,0.1066,0.1412,0.147,0.1286,0.1462,0.1063,0.0999,0.1242,100,false
0,0.15,8,0.1037,0.1486,0.146,0.1284,0.1476,0.1042,0.0975,0.124,100,false
0,0.15,9,0.1047,0.1519,0.1461,0.1292,0.1459,0.103,0.0948,0.1244,100,false
0,0.15,10,0.1021,0.1566,0.1435,0.1283,0.1459,0.101,0.0948,0.1278,100,false
0,0.15,50,0.0663,0.2072,0.0745,0.1731,0.1143,0.1094,0.0904,0.1648,100,false
0,0.1,0,0.1261,0.1229,0.1273,0.124,0.1236,0.1234,0.1293,0.1234,100,false
0,0.1,1,0.1227,0.124,0.1286,0.1224,0.1278,0.1267,0.1241,0.1237,100,false
0,0.1,2,0.12,0.123,0.1328,0.1262,0.1297,0.1234,0.1205,0.1244,100,false
0,0.1,3,0.1141,0.1278,0.1326,0.1257,0.1333,0.1233,0.1198,0.1234,100,false
0,0.1,4,0.1116,0.1284,0.1364,0.1247,0.1384,0.1197,0.1167,0.1241,100,false
0,0.15,100,0.0439,0.1965,0.0526,0.1884,0.0822,0.1769,0.0858,0.1737,100,false
0,0.1,5,0.1101,0.128,0.1428,0.1258,0.1362,0.1217,0.1155,0.1199,100,false
0,0.1,6,0.1106,0.1297,0.1475,0.1275,0.1364,0.1202,0.1115,0.1166,100,false
0,0.1,7,0.1116,0.1309,0.15,0.1316,0.1341,0.1193,0.1066,0.1159,100,false
0,0.1,8,0.1092,0.1328,0.1536,0.1315,0.1341,0.1166,0.1009,0.1213,100,false
0,0.1,9,0.1083,0.1376,0.1575,0.129,0.1347,0.1134,0.0947,0.1248,100,false
0,0.1,10,0.1064,0.1425,0.1616,0.1252,0.1366,0.109,0.0915,0.1272,100,false
0,0.1,50,0.0807,0.1638,0.1262,0.1329,0.1551,0.0903,0.109,0.142,100,false
0,0.1,100,0.0857,0.2018,0.0847,0.1649,0.1084,0.1047,0.1116,0.1382,100,false
0,0.05,0,0.1237,0.1244,0.1213,0.1237,0.1295,0.1251,0.1231,0.1292,100,false
0,0.05,1,0.1187,0.1258,0.1207,0.1257,0.1293,0.1256,0.121,0.1332,100,false
0,0.05,2,0.1163,0.1281,0.1194,0.1275,0.1307,0.1229,0.1204,0.1347,100,false
0,0.05,3,0.116,0.1292,0.1205,0.1284,0.1321,0.1198,0.1216,0.1324,100,false
0,0.05,4,0.1135,0.1307,0.1239,0.1296,0.1322,0.1172,0.1232,0.1297,100,false
0,0.05,5,0.1133,0.1311,0.1253,0.1317,0.1297,0.1191,0.1213,0.1285,100,false
0,0.05,6,0.114,0.133,0.1267,0.1307,0.1303,0.1177,0.1196,0.128,100,false
0,0.05,7,0.1166,0.1334,0.1282,0.1298,0.1291,0.1174,0.1193,0.1262,100,false
0,0.05,8,0.1158,0.1387,0.1258,0.129,0.1291,0.1163,0.117,0.1283,100,false
0,0.05,9,0.1158,0.1403,0.1234,0.1298,0.1299,0.114,0.1181,0.1287,100,false
0,0.05,10,0.1172,0.1431,0.1225,0.1286,0.1288,0.113,0.119,0.1278,100,false
0,0.05,50,0.1141,0.1551,0.1293,0.1463,0.1044,0.1312,0.1026,0.117,100,false
0,0.05,100,0.078,0.1903,0.0918,0.1423,0.1177,0.1316,0.1024,0.1459,100,false
0,0.15,1000,0.0471,0.2371,0.0154,0.0921,0.0294,0.0921,0.0957,0.3911,100,false
0,0.1,1000,0.0964,0.2298,0.0889,0.2971,0.0444,0.1136,0.0396,0.0902,100,false
0,0.05,1000,0.1221,0.1665,0.0897,0.1389,0.0611,0.1988,0.0645,0.1584,100,false
0,0.15,5000,0,0.0458,0.0014,0.0467,0.0087,0.0662,0,0.8312,100,true
0,0.15,10000,0,0.0458,0.0014,0.0467,0.0087,0.0662,0,0.8312,100,true
0,0.15,20000,0,0.0458,0.0014,0.0467,0.0087,0.0662,0,0.8312,100,true
0,0.15,30000,0,0.0458,0.0014,0.0467,0.0087,0.0662,0,0.8312,100,true
0,0.15,40000,0,0.0458,0.0014,0.0467,0.0087,0.0662,0,0.8312,100,true
0,0.15,50000,0,0.0458,0.0014,0.0467,0.0087,0.0662,0,0.8312,100,true
0,0.15,60000,0,0.0458,0.0014,0.0467,0.0087,0.0662,0,0.8312,100,true
0,0.15,70000,0,0.0458,0.0014,0.0467,0.0087,0.0662,0,0.8312,100,true
0,0.15,80000,0,0.0458,0.0014,0.0467,0.0087,0.0662,0,0.8312,100,true
0,0.15,90000,0,0.0458,0.0014,0.0467,0.0087,0.0662,0,0.8312,100,true
0,0.15,100000,0,0.0458,0.0014,0.0467,0.0087,0.0662,0,0.8312,100,true
0,0.05,5000,0,0.0099,0.0014,0.0096,0.0097,0.0126,0,0.9568,100,true
0,0.05,10000,0,0.0099,0.0014,0.0096,0.0097,0.0126,0,0.9568,100,true
0,0.05,20000,0,0.0099,0.0014,0.0096,0.0097,0.0126,0,0.9568,100,true
0,0.05,30000,0,0.0099,0.0014,0.0096,0.0097,0.0126,0,0.9568,100,true
0,0.05,40000,0,0.0099,0.0014,0.0096,0.0097,0.0126,0,0.9568,100,true
0,0.05,50000,0,0.0099,0.0014,0.0096,0.0097,0.0126,0,0.9568,100,true
0,0.05,60000,0,0.0099,0.0014,0.0096,0.0097,0.0126,0,0.9568,100,true
0,0.05,70000,0,0.0099,0.0014,0.0096,0.0097,0.0126,0,0.9568,100,true
0,0.05,80000,0,0.0099,0.0014,0.0096,0.0097,0.0126,0,0.9568,100,true
0,0.05,90000,0,0.0099,0.0014,0.0096,0.0097,0.0126,0,0.9568,100,true
0,0.05,100000,0,0.0099,0.0014,0.0096,0.0097,0.0126,0,0.9568,100,true
0,0.2,0,0.1248,0.125,0.1229,0.1238,0.1259,0.1217,0.1321,0.1238,100,false
0,0.2,1,0.1214,0.1256,0.1292,0.1234,0.1299,0.122,0.1296,0.1189,100,false
0,0.2,2,0.1195,0.126,0.1352,0.1245,0.1387,0.1192,0.1203,0.1166,100,false
0,0.2,3,0.1136,0.1324,0.1407,0.1228,0.1418,0.1163,0.1167,0.1157,100,false
0,0.2,4,0.1114,0.1398,0.1427,0.1206,0.1465,0.1116,0.1134,0.114,100,false
0,0.2,5,0.1093,0.1453,0.1432,0.1237,0.1501,0.1063,0.1089,0.1132,100,false
0,0.2,6,0.1085,0.1499,0.1449,0.126,0.1536,0.1024,0.1019,0.1128,100,false
0,0.2,7,0.1098,0.1519,0.1451,0.1286,0.1536,0.0999,0.0961,0.115,100,false
0,0.2,8,0.1069,0.1568,0.1435,0.1302,0.1547,0.0986,0.0903,0.119,100,false
0,0.2,9,0.1024,0.1623,0.1419,0.1304,0.1567,0.0951,0.088,0.1232,100,false
0,0.2,10,0.0986,0.1646,0.1445,0.1333,0.1561,0.0905,0.0873,0.1251,100,false
0,0.2,50,0.064,0.208,0.0956,0.146,0.1397,0.1012,0.089,0.1565,100,false
0,0.2,100,0.0658,0.1957,0.0572,0.1753,0.0896,0.1305,0.1274,0.1585,100,false
0,0.1,0,0.1214,0.1243,0.1266,0.1235,0.1294,0.1267,0.1249,0.1232,100,false
0,0.1,1,0.1143,0.1282,0.1291,0.1231,0.1348,0.1273,0.1212,0.122,100,false
0,0.1,2,0.1104,0.1311,0.132,0.1252,0.1393,0.1229,0.1176,0.1215,100,false
0,0.1,3,0.1065,0.134,0.138,0.1234,0.1447,0.118,0.1147,0.1207,100,false
0,0.1,4,0.1063,0.1387,0.14,0.1254,0.1434,0.1157,0.1126,0.1179,100,false
0,0.1,5,0.1026,0.1437,0.144,0.1249,0.1452,0.1106,0.1076,0.1214,100,false
0,0.1,6,0.1031,0.1478,0.1418,0.1268,0.1477,0.1061,0.1049,0.1218,100,false
0,0.1,7,0.1038,0.1551,0.1369,0.1259,0.1486,0.1041,0.101,0.1246,100,false
0,0.1,8,0.1061,0.1597,0.1347,0.1245,0.1478,0.1034,0.1013,0.1225,100,false
0,0.1,9,0.1078,0.1643,0.1331,0.121,0.1504,0.1016,0.1009,0.1209,100,false
0,0.1,10,0.1102,0.1667,0.1299,0.1219,0.1509,0.0994,0.0985,0.1225,100,false
0,0.1,50,0.095,0.1705,0.0986,0.1513,0.1356,0.1063,0.1207,0.122,100,false
0,0.1,100,0.0992,0.1779,0.1107,0.1458,0.1235,0.1208,0.0876,0.1345,100,false
0,0.2,1000,0.0735,0.4263,0.0019,0.0294,0.0032,0.0408,0.0001,0.4248,100,false
0,0.2,5000,0.0001,0.0326,0,0.8784,0.0001,0.0561,0.0025,0.0302,100,true
0,0.2,10000,0.0001,0.0326,0,0.8784,0.0001,0.0561,0.0025,0.0302,100,true
0,0.2,20000,0.0001,0.0326,0,0.8784,0.0001,0.0561,0.0025,0.0302,100,true
0,0.2,30000,0.0001,0.0326,0,0.8784,0.0001,0.0561,0.0025,0.0302,100,true
0,0.2,40000,0.0001,0.0326,0,0.8784,0.0001,0.0561,0.0025,0.0302,100,true
0,0.2,50000,0.0001,0.0326,0,0.8784,0.0001,0.0561,0.0025,0.0302,100,true
0,0.2,60000,0.0001,0.0326,0,0.8784,0.0001,0.0561,0.0025,0.0302,100,true
0,0.2,70000,0.0001,0.0326,0,0.8784,0.0001,0.0561,0.0025,0.0302,100,true
0,0.2,80000,0.0001,0.0326,0,0.8784,0.0001,0.0561,0.0025,0.0302,100,true
0,0.2,90000,0.0001,0.0326,0,0.8784,0.0001,0.0561,0.0025,0.0302,100,true
0,0.2,100000,0.0001,0.0326,0,0.8784,0.0001,0.0561,0.0025,0.0302,100,true
0,0.1,1000,0.0505,0.404,0.0229,0.1393,0.0528,0.0988,0.0362,0.1955,100,false
0.05,0.85,10000,0,0.2278,0,0.2333,0,0.2858,0,0.2531,100,false
0,0.1,5000,0,0.9541,0,0.0226,0.0001,0.0128,0.0002,0.0102,100,true
0,0.1,10000,0,0.9541,0,0.0226,0.0001,0.0128,0.0002,0.0102,100,true
0,0.1,20000,0,0.9541,0,0.0226,0.0001,0.0128,0.0002,0.0102,100,true
0,0.1,30000,0,0.9541,0,0.0226,0.0001,0.0128,0.0002,0.0102,100,true
0,0.1,40000,0,0.9541,0,0.0226,0.0001,0.0128,0.0002,0.0102,100,true
0,0.1,50000,0,0.9541,0,0.0226,0.0001,0.0128,0.0002,0.0102,100,true
0,0.1,60000,0,0.9541,0,0.0226,0.0001,0.0128,0.0002,0.0102,100,true
0,0.1,70000,0,0.9541,0,0.0226,0.0001,0.0128,0.0002,0.0102,100,true
0,0.1,80000,0,0.9541,0,0.0226,0.0001,0.0128,0.0002,0.0102,100,true
0,0.1,90000,0,0.9541,0,0.0226,0.0001,0.0128,0.0002,0.0102,100,true
0,0.1,100000,0,0.9541,0,0.0226,0.0001,0.0128,0.0002,0.0102,100,true
0,0.25,0,0.1229,0.1242,0.1241,0.1232,0.1191,0.1318,0.1274,0.1273,100,false
0,0.25,1,0.1134,0.1292,0.1279,0.1234,0.1251,0.1361,0.1152,0.1297,100,false
0,0.25,2,0.11,0.1332,0.1317,0.1228,0.1307,0.1333,0.1115,0.1268,100,false
0,0.25,3,0.1033,0.1392,0.135,0.1276,0.1309,0.1337,0.1015,0.1288,100,false
0,0.25,4,0.0996,0.1446,0.1379,0.1279,0.1332,0.1317,0.0947,0.1304,100,false
0,0.25,5,0.0966,0.1505,0.1394,0.1256,0.138,0.1284,0.0903,0.1312,100,false
0,0.25,6,0.0951,0.1547,0.1426,0.123,0.1413,0.126,0.0846,0.1327,100,false
0,0.25,7,0.0926,0.1586,0.1458,0.121,0.1422,0.1249,0.08,0.1349,100,false
0,0.25,8,0.09,0.1625,0.1457,0.1208,0.1456,0.1193,0.0769,0.1392,100,false
0,0.25,9,0.0854,0.172,0.1426,0.1209,0.1473,0.1146,0.0743,0.1429,100,false
0,0.25,10,0.0854,0.1784,0.1402,0.1225,0.1474,0.1106,0.0711,0.1444,100,false
0,0.25,50,0.0579,0.2671,0.0468,0.1568,0.1115,0.1139,0.0495,0.1965,100,false
0,0.25,100,0.0301,0.2612,0.0229,0.1935,0.0801,0.1177,0.0512,0.2433,100,false
0.05,0.9,0,0.1233,0.1308,0.1237,0.1221,0.1289,0.1272,0.1207,0.1233,100,false
0.05,0.9,1,0.1023,0.1307,0.1458,0.1259,0.1502,0.1247,0.0957,0.1247,100,false
0.05,0.9,2,0.0847,0.1393,0.1602,0.1308,0.1658,0.113,0.0783,0.1279,100,false
0.05,0.9,3,0.0723,0.1547,0.1667,0.1369,0.1677,0.1047,0.0661,0.1309,100,false
0.05,0.9,4,0.0651,0.1717,0.171,0.1389,0.1675,0.0957,0.0559,0.1342,100,false
0.05,0.9,5,0.0602,0.1922,0.1709,0.1376,0.1647,0.0879,0.0506,0.1359,100,false
0.05,0.9,6,0.0582,0.2094,0.1726,0.1297,0.1629,0.0812,0.0449,0.1411,100,false
0.05,0.9,7,0.0545,0.2313,0.1648,0.1284,0.1565,0.077,0.0389,0.1486,100,false
0.05,0.9,8,0.0525,0.2522,0.1553,0.1244,0.1515,0.0731,0.035,0.156,100,false
0.05,0.9,9,0.051,0.2708,0.1434,0.1181,0.1513,0.0711,0.0334,0.1609,100,false
0.05,0.9,10,0.0454,0.289,0.1314,0.1155,0.1502,0.0691,0.0311,0.1683,100,false
0.05,0.9,50,0.0004,0.3339,0.01,0.1003,0.1177,0.0714,0.0457,0.3206,100,false
0,0.15,0,0.1252,0.1259,0.1216,0.128,0.1263,0.1232,0.1273,0.1225,100,false
0,0.15,1,0.123,0.1275,0.1245,0.1326,0.1262,0.1237,0.1223,0.1202,100,false
0,0.15,2,0.1227,0.1281,0.1274,0.1307,0.1321,0.1215,0.1177,0.1198,100,false
0,0.15,3,0.119,0.1304,0.1295,0.1308,0.1365,0.1192,0.1136,0.121,100,false
0,0.15,4,0.1138,0.1341,0.1321,0.1346,0.1382,0.1156,0.1119,0.1197,100,false
0,0.15,5,0.1109,0.139,0.1303,0.1398,0.139,0.1167,0.1056,0.1187,100,false
0,0.15,6,0.1087,0.1436,0.1302,0.1438,0.1386,0.1129,0.1011,0.1211,100,false
0,0.15,7,0.1077,0.1461,0.1312,0.149,0.1352,0.1085,0.1008,0.1215,100,false
0,0.15,8,0.1044,0.1519,0.1311,0.1527,0.1319,0.1065,0.0986,0.1229,100,false
0,0.15,9,0.1034,0.1537,0.135,0.1549,0.1283,0.1039,0.0982,0.1226,100,false
0,0.15,10,0.105,0.1556,0.1361,0.1563,0.1238,0.1032,0.0973,0.1227,100,false
0.05,0.9,100,0.0004,0.3032,0.0026,0.1885,0.1029,0.0816,0.1071,0.2137,100,false
0,0.15,50,0.0662,0.1739,0.0864,0.206,0.115,0.1222,0.074,0.1563,100,false
0,0.25,1000,0.0031,0.3001,0.0025,0.4308,0.0109,0.1118,0.0167,0.1241,100,true
0,0.25,5000,0.0031,0.3001,0.0025,0.4308,0.0109,0.1118,0.0167,0.1241,100,true
0,0.25,10000,0.0031,0.3001,0.0025,0.4308,0.0109,0.1118,0.0167,0.1241,100,true
0,0.25,20000,0.0031,0.3001,0.0025,0.4308,0.0109,0.1118,0.0167,0.1241,100,true
0,0.25,30000,0.0031,0.3001,0.0025,0.4308,0.0109,0.1118,0.0167,0.1241,100,true
0,0.25,40000,0.0031,0.3001,0.0025,0.4308,0.0109,0.1118,0.0167,0.1241,100,true
0,0.25,50000,0.0031,0.3001,0.0025,0.4308,0.0109,0.1118,0.0167,0.1241,100,true
0,0.25,60000,0.0031,0.3001,0.0025,0.4308,0.0109,0.1118,0.0167,0.1241,100,true
0,0.25,70000,0.0031,0.3001,0.0025,0.4308,0.0109,0.1118,0.0167,0.1241,100,true
0,0.25,80000,0.0031,0.3001,0.0025,0.4308,0.0109,0.1118,0.0167,0.1241,100,true
0,0.25,90000,0.0031,0.3001,0.0025,0.4308,0.0109,0.1118,0.0167,0.1241,100,true
0,0.25,100000,0.0031,0.3001,0.0025,0.4308,0.0109,0.1118,0.0167,0.1241,100,true
0,0.15,100,0.0378,0.1746,0.0637,0.1974,0.0703,0.1702,0.0816,0.2044,100,false
0.05,0.9,1000,0.0554,0.1553,0.018,0.1026,0.0652,0.1235,0.0393,0.4407,100,false
0,0.15,1000,0.0015,0.214,0.0908,0.4644,0.0208,0.1401,0.0018,0.0666,100,false
0,0.3,0,0.1253,0.128,0.1223,0.1221,0.1313,0.1239,0.1192,0.1279,100,false
0,0.3,1,0.1133,0.1303,0.1262,0.1261,0.1427,0.116,0.1135,0.1319,100,false
0,0.3,2,0.1044,0.1306,0.1328,0.1304,0.1466,0.1123,0.1081,0.1348,100,false
0,0.3,3,0.0976,0.1377,0.1406,0.1307,0.147,0.1084,0.105,0.133,100,false
0,0.3,4,0.0933,0.1423,0.1486,0.1303,0.1484,0.1067,0.0996,0.1308,100,false
0,0.3,5,0.0892,0.151,0.1519,0.1306,0.1483,0.1048,0.0952,0.129,100,false
0,0.3,6,0.0853,0.1613,0.1523,0.1331,0.1449,0.1037,0.0899,0.1295,100,false
0,0.3,7,0.0832,0.172,0.1496,0.1352,0.1406,0.1021,0.0876,0.1297,100,false
0,0.3,8,0.0828,0.1855,0.1453,0.1354,0.1366,0.0995,0.0852,0.1297,100,false
0,0.3,9,0.0841,0.1934,0.1435,0.1336,0.1354,0.0979,0.0835,0.1286,100,false
0,0.3,10,0.0875,0.2,0.14,0.1321,0.1352,0.0951,0.0806,0.1295,100,false
0,0.3,50,0.0492,0.27,0.049,0.1625,0.1077,0.0928,0.0626,0.2062,100,false
0,0.3,100,0.0114,0.3128,0.0194,0.2649,0.0373,0.1286,0.0413,0.1843,100,false
0,0.15,5000,0.0022,0.0324,0,0.835,0,0.0775,0.0006,0.0523,100,true
0,0.15,10000,0.0022,0.0324,0,0.835,0,0.0775,0.0006,0.0523,100,true
0,0.15,20000,0.0022,0.0324,0,0.835,0,0.0775,0.0006,0.0523,100,true
0,0.15,30000,0.0022,0.0324,0,0.835,0,0.0775,0.0006,0.0523,100,true
0,0.15,40000,0.0022,0.0324,0,0.835,0,0.0775,0.0006,0.0523,100,true
0,0.15,50000,0.0022,0.0324,0,0.835,0,0.0775,0.0006,0.0523,100,true
0,0.15,60000,0.0022,0.0324,0,0.835,0,0.0775,0.0006,0.0523,100,true
0,0.15,70000,0.0022,0.0324,0,0.835,0,0.0775,0.0006,0.0523,100,true
0,0.15,80000,0.0022,0.0324,0,0.835,0,0.0775,0.0006,0.0523,100,true
0,0.15,90000,0.0022,0.0324,0,0.835,0,0.0775,0.0006,0.0523,100,true
0,0.15,100000,0.0022,0.0324,0,0.835,0,0.0775,0.0006,0.0523,100,true
0,0.3,1000,0.0049,0.2825,0.0079,0.2268,0.0142,0.2417,0.0214,0.2006,100,true
0,0.3,5000,0.0049,0.2825,0.0079,0.2268,0.0142,0.2417,0.0214,0.2006,100,true
0,0.3,10000,0.0049,0.2825,0.0079,0.2268,0.0142,0.2417,0.0214,0.2006,100,true
0,0.3,20000,0.0049,0.2825,0.0079,0.2268,0.0142,0.2417,0.0214,0.2006,100,true
0,0.3,30000,0.0049,0.2825,0.0079,0.2268,0.0142,0.2417,0.0214,0.2006,100,true
0,0.3,40000,0.0049,0.2825,0.0079,0.2268,0.0142,0.2417,0.0214,0.2006,100,true
0,0.3,50000,0.0049,0.2825,0.0079,0.2268,0.0142,0.2417,0.0214,0.2006,100,true
0,0.3,60000,0.0049,0.2825,0.0079,0.2268,0.0142,0.2417,0.0214,0.2006,100,true
0,0.3,70000,0.0049,0.2825,0.0079,0.2268,0.0142,0.2417,0.0214,0.2006,100,true
0,0.3,80000,0.0049,0.2825,0.0079,0.2268,0.0142,0.2417,0.0214,0.2006,100,true
0,0.3,90000,0.0049,0.2825,0.0079,0.2268,0.0142,0.2417,0.0214,0.2006,100,true
0,0.3,100000,0.0049,0.2825,0.0079,0.2268,0.0142,0.2417,0.0214,0.2006,100,true
0,0.1,5000,0.0462,0.3134,0.1889,0.2912,0.0257,0.0391,0.0128,0.0827,100,false
0,0.2,0,0.1234,0.123,0.1274,0.1186,0.1278,0.1284,0.1219,0.1295,100,false
0,0.2,1,0.1152,0.1243,0.1305,0.1214,0.1339,0.1246,0.1175,0.1326,100,false
0,0.2,2,0.1105,0.127,0.1323,0.1214,0.135,0.1261,0.1138,0.1339,100,false
0,0.2,3,0.1051,0.1315,0.1314,0.1236,0.1432,0.1194,0.1125,0.1333,100,false
0,0.2,4,0.1005,0.1364,0.1363,0.1261,0.1419,0.12,0.1075,0.1313,100,false
0,0.2,5,0.0962,0.1417,0.1406,0.1279,0.1414,0.1186,0.1024,0.1312,100,false
0,0.2,6,0.0928,0.1479,0.1419,0.1298,0.1416,0.1163,0.0958,0.1339,100,false
0,0.2,7,0.0921,0.1533,0.1425,0.1333,0.1395,0.1147,0.0895,0.1351,100,false
0,0.2,8,0.0907,0.1593,0.144,0.1314,0.1393,0.1111,0.0871,0.1371,100,false
0,0.2,9,0.0887,0.1658,0.1466,0.1292,0.139,0.1083,0.0846,0.1378,100,false
0,0.2,10,0.09,0.1711,0.148,0.126,0.139,0.107,0.0817,0.1372,100,false
0,0.2,50,0.0484,0.2603,0.0857,0.1202,0.1442,0.1161,0.0847,0.1404,100,false
0,0.35,0,0.1158,0.1257,0.1245,0.1302,0.1216,0.1274,0.1282,0.1266,100,false
0,0.35,1,0.1042,0.1321,0.1355,0.1287,0.1306,0.1262,0.1188,0.1239,100,false
0,0.35,2,0.0974,0.1408,0.1415,0.1316,0.1342,0.1255,0.1083,0.1207,100,false
0,0.35,3,0.0931,0.1469,0.1456,0.1356,0.1349,0.1257,0.0989,0.1193,100,false
0,0.2,100,0.0408,0.2791,0.0648,0.1998,0.0711,0.1096,0.0894,0.1454,100,false
0,0.35,4,0.0884,0.1562,0.1454,0.1401,0.1371,0.1214,0.09,0.1214,100,false
0,0.35,5,0.0885,0.1665,0.144,0.1418,0.1391,0.1143,0.0857,0.1201,100,false
0,0.35,6,0.0884,0.1764,0.144,0.1438,0.1353,0.1122,0.0808,0.1191,100,false
0,0.35,7,0.0871,0.1846,0.1459,0.143,0.1335,0.1092,0.0759,0.1208,100,false
0,0.35,8,0.0881,0.1942,0.1458,0.1433,0.1345,0.1031,0.07,0.121,100,false
0,0.35,9,0.0875,0.2048,0.1399,0.1441,0.1333,0.1002,0.0666,0.1236,100,false
0,0.35,10,0.0892,0.2165,0.1301,0.1455,0.1304,0.0995,0.0639,0.1249,100,false
0,0.35,50,0.048,0.252,0.0628,0.1703,0.0961,0.1024,0.0786,0.1898,100,false
0,0.35,100,0.0318,0.3165,0.049,0.2195,0.0371,0.1273,0.0604,0.1584,100,false
0,0.35,1000,0.0098,0.2443,0.0007,0.1988,0.0064,0.3526,0.004,0.1834,100,true
0,0.35,5000,0.0098,0.2443,0.0007,0.1988,0.0064,0.3526,0.004,0.1834,100,true
0,0.35,10000,0.0098,0.2443,0.0007,0.1988,0.0064,0.3526,0.004,0.1834,100,true
0,0.35,20000,0.0098,0.2443,0.0007,0.1988,0.0064,0.3526,0.004,0.1834,100,true
0,0.35,30000,0.0098,0.2443,0.0007,0.1988,0.0064,0.3526,0.004,0.1834,100,true
0,0.35,40000,0.0098,0.2443,0.0007,0.1988,0.0064,0.3526,0.004,0.1834,100,true
0,0.35,50000,0.0098,0.2443,0.0007,0.1988,0.0064,0.3526,0.004,0.1834,100,true
0,0.35,60000,0.0098,0.2443,0.0007,0.1988,0.0064,0.3526,0.004,0.1834,100,true
0,0.35,70000,0.0098,0.2443,0.0007,0.1988,0.0064,0.3526,0.004,0.1834,100,true
0,0.35,80000,0.0098,0.2443,0.0007,0.1988,0.0064,0.3526,0.004,0.1834,100,true
0,0.35,90000,0.0098,0.2443,0.0007,0.1988,0.0064,0.3526,0.004,0.1834,100,true
0,0.35,100000,0.0098,0.2443,0.0007,0.1988,0.0064,0.3526,0.004,0.1834,100,true
0,0.2,1000,0.0321,0.2502,0.003,0.0818,0.001,0.3109,0.0149,0.3061,100,false
0,0.2,5000,0.0001,0.0877,0,0.1243,0.0032,0.0737,0,0.711,100,true
0,0.2,10000,0.0001,0.0877,0,0.1243,0.0032,0.0737,0,0.711,100,true
0,0.2,20000,0.0001,0.0877,0,0.1243,0.0032,0.0737,0,0.711,100,true
0,0.2,30000,0.0001,0.0877,0,0.1243,0.0032,0.0737,0,0.711,100,true
0,0.2,40000,0.0001,0.0877,0,0.1243,0.0032,0.0737,0,0.711,100,true
0,0.2,50000,0.0001,0.0877,0,0.1243,0.0032,0.0737,0,0.711,100,true
0,0.2,60000,0.0001,0.0877,0,0.1243,0.0032,0.0737,0,0.711,100,true
0,0.2,70000,0.0001,0.0877,0,0.1243,0.0032,0.0737,0,0.711,100,true
0,0.2,80000,0.0001,0.0877,0,0.1243,0.0032,0.0737,0,0.711,100,true
0,0.2,90000,0.0001,0.0877,0,0.1243,0.0032,0.0737,0,0.711,100,true
0,0.2,100000,0.0001,0.0877,0,0.1243,0.0032,0.0737,0,0.711,100,true
0,0.4,0,0.1308,0.1265,0.1245,0.1215,0.1228,0.1209,0.1205,0.1325,100,false
0,0.4,1,0.1177,0.1252,0.1338,0.1191,0.1343,0.1189,0.1143,0.1367,100,false
0,0.4,2,0.1045,0.1288,0.1405,0.12,0.1463,0.1142,0.1118,0.1339,100,false
0,0.4,3,0.0953,0.1345,0.1468,0.125,0.1521,0.1128,0.1031,0.1304,100,false
0,0.4,4,0.0884,0.1435,0.1538,0.1246,0.1538,0.1099,0.0965,0.1295,100,false
0,0.4,5,0.0845,0.153,0.1558,0.1279,0.1544,0.1078,0.0871,0.1295,100,false
0,0.4,6,0.0799,0.1653,0.1566,0.1296,0.1531,0.1029,0.0832,0.1294,100,false
0,0.4,7,0.0785,0.1761,0.1584,0.1312,0.1493,0.0992,0.076,0.1313,100,false
0,0.4,8,0.08,0.1835,0.1595,0.1304,0.1476,0.0937,0.0721,0.1332,100,false
0,0.4,9,0.0764,0.1932,0.162,0.126,0.1464,0.0912,0.0653,0.1395,100,false
0,0.4,10,0.0748,0.2052,0.1606,0.1216,0.145,0.0885,0.0604,0.1439,100,false
0,0.4,50,0.0161,0.2796,0.0427,0.1734,0.1362,0.0981,0.0697,0.1842,100,false
0,0.4,100,0.023,0.3031,0.018,0.2243,0.0775,0.1146,0.0848,0.1547,100,false
0.05,0.9,5000,0.135,0.2299,0.141,0.0509,0.1867,0,0.1208,0.1357,100,false
0,0.4,1000,0.0055,0.2244,0.0017,0.3812,0.0104,0.2048,0.0185,0.1535,100,true
0,0.4,5000,0.0055,0.2244,0.0017,0.3812,0.0104,0.2048,0.0185,0.1535,100,true
0,0.4,10000,0.0055,0.2244,0.0017,0.3812,0.0104,0.2048,0.0185,0.1535,100,true
0,0.4,20000,0.0055,0.2244,0.0017,0.3812,0.0104,0.2048,0.0185,0.1535,100,true
0,0.4,30000,0.0055,0.2244,0.0017,0.3812,0.0104,0.2048,0.0185,0.1535,100,true
0,0.4,40000,0.0055,0.2244,0.0017,0.3812,0.0104,0.2048,0.0185,0.1535,100,true
0,0.4,50000,0.0055,0.2244,0.0017,0.3812,0.0104,0.2048,0.0185,0.1535,100,true
0,0.4,60000,0.0055,0.2244,0.0017,0.3812,0.0104,0.2048,0.0185,0.1535,100,true
0,0.4,70000,0.0055,0.2244,0.0017,0.3812,0.0104,0.2048,0.0185,0.1535,100,true
0,0.4,80000,0.0055,0.2244,0.0017,0.3812,0.0104,0.2048,0.0185,0.1535,100,true
0,0.4,90000,0.0055,0.2244,0.0017,0.3812,0.0104,0.2048,0.0185,0.1535,100,true
0,0.4,100000,0.0055,0.2244,0.0017,0.3812,0.0104,0.2048,0.0185,0.1535,100,true
0,0.25,0,0.129,0.131,0.125,0.1183,0.1232,0.1238,0.1253,0.1244,100,false
0,0.25,1,0.1206,0.1348,0.1328,0.1162,0.1331,0.1204,0.1181,0.124,100,false
0,0.25,2,0.1146,0.1363,0.1355,0.1179,0.1406,0.1164,0.1138,0.1249,100,false
0,0.25,3,0.1131,0.1351,0.1401,0.1203,0.1439,0.1135,0.1103,0.1237,100,false
0,0.25,4,0.1099,0.1383,0.1418,0.123,0.1461,0.1081,0.1109,0.1219,100,false
0,0.25,5,0.1075,0.1418,0.1449,0.1217,0.1516,0.1033,0.1054,0.1238,100,false
0,0.25,6,0.1027,0.1458,0.1449,0.1261,0.1514,0.1022,0.1004,0.1265,100,false
0,0.25,7,0.0985,0.1514,0.1452,0.1283,0.1515,0.0981,0.0956,0.1314,100,false
0,0.25,8,0.0957,0.1609,0.1419,0.1277,0.1521,0.0951,0.0931,0.1335,100,false
0,0.25,9,0.0943,0.166,0.1414,0.1278,0.1505,0.0954,0.0878,0.1368,100,false
0,0.25,10,0.0923,0.1704,0.1413,0.1268,0.1509,0.0942,0.0859,0.1382,100,false
0,0.25,50,0.0373,0.2412,0.0622,0.1488,0.1602,0.1018,0.0785,0.17,100,false
0,0.25,100,0.0473,0.2819,0.0339,0.1874,0.1033,0.1525,0.0627,0.131,100,false
0,0.25,1000,0.0005,0.0622,0,0.773,0.0006,0.0735,0.0002,0.09,100,true
0,0.25,5000,0.0005,0.0622,0,0.773,0.0006,0.0735,0.0002,0.09,100,true
0,0.25,10000,0.0005,0.0622,0,0.773,0.0006,0.0735,0.0002,0.09,100,true
0,0.25,20000,0.0005,0.0622,0,0.773,0.0006,0.0735,0.0002,0.09,100,true
0,0.25,30000,0.0005,0.0622,0,0.773,0.0006,0.0735,0.0002,0.09,100,true
0,0.25,40000,0.0005,0.0622,0,0.773,0.0006,0.0735,0.0002,0.09,100,true
0,0.25,50000,0.0005,0.0622,0,0.773,0.0006,0.0735,0.0002,0.09,100,true
0,0.25,60000,0.0005,0.0622,0,0.773,0.0006,0.0735,0.0002,0.09,100,true
0,0.25,70000,0.0005,0.0622,0,0.773,0.0006,0.0735,0.0002,0.09,100,true
0,0.25,80000,0.0005,0.0622,0,0.773,0.0006,0.0735,0.0002,0.09,100,true
0,0.25,90000,0.0005,0.0622,0,0.773,0.0006,0.0735,0.0002,0.09,100,true
0,0.25,100000,0.0005,0.0622,0,0.773,0.0006,0.0735,0.0002,0.09,100,true
0,0.45,0,0.1312,0.1255,0.1223,0.1216,0.132,0.1234,0.118,0.126,100,false
0,0.45,1,0.1164,0.1264,0.1309,0.1261,0.1457,0.1176,0.1077,0.1292,100,false
0,0.45,2,0.1048,0.1308,0.1408,0.1282,0.1525,0.1117,0.1,0.1312,100,false
0,0.45,3,0.0947,0.1355,0.1478,0.13,0.1602,0.1058,0.0946,0.1314,100,false
0,0.45,4,0.085,0.1439,0.1529,0.1344,0.1624,0.1016,0.0886,0.1312,100,false
0,0.45,5,0.0761,0.1573,0.1562,0.1361,0.1651,0.0953,0.0827,0.1312,100,false
0,0.45,6,0.0741,0.171,0.1556,0.1337,0.164,0.0922,0.0783,0.1311,100,false
0,0.45,7,0.0741,0.1816,0.1565,0.1331,0.1616,0.0906,0.0717,0.1308,100,false
0,0.45,8,0.0746,0.1928,0.1555,0.1314,0.158,0.0904,0.0649,0.1324,100,false
0,0.45,9,0.0747,0.2038,0.1479,0.1345,0.153,0.0896,0.0618,0.1347,100,false
0,0.45,10,0.0743,0.215,0.1462,0.1305,0.1507,0.0904,0.0566,0.1363,100,false
0,0.45,50,0.0196,0.305,0.0423,0.1789,0.1063,0.0929,0.0555,0.1995,100,false
0,0.45,100,0.0334,0.3029,0.0154,0.2592,0.0586,0.0785,0.0318,0.2202,100,false
0,0.45,1000,0.0032,0.3213,0.0087,0.2571,0.0414,0.1012,0.0233,0.2438,100,true
0,0.45,5000,0.0032,0.3213,0.0087,0.2571,0.0414,0.1012,0.0233,0.2438,100,true
0,0.45,10000,0.0032,0.3213,0.0087,0.2571,0.0414,0.1012,0.0233,0.2438,100,true
0,0.45,20000,0.0032,0.3213,0.0087,0.2571,0.0414,0.1012,0.0233,0.2438,100,true
0,0.45,30000,0.0032,0.3213,0.0087,0.2571,0.0414,0.1012,0.0233,0.2438,100,true
0,0.45,40000,0.0032,0.3213,0.0087,0.2571,0.0414,0.1012,0.0233,0.2438,100,true
0,0.45,50000,0.0032,0.3213,0.0087,0.2571,0.0414,0.1012,0.0233,0.2438,100,true
0,0.45,60000,0.0032,0.3213,0.0087,0.2571,0.0414,0.1012,0.0233,0.2438,100,true
0,0.45,70000,0.0032,0.3213,0.0087,0.2571,0.0414,0.1012,0.0233,0.2438,100,true
0,0.45,80000,0.0032,0.3213,0.0087,0.2571,0.0414,0.1012,0.0233,0.2438,100,true
0,0.45,90000,0.0032,0.3213,0.0087,0.2571,0.0414,0.1012,0.0233,0.2438,100,true
0,0.45,100000,0.0032,0.3213,0.0087,0.2571,0.0414,0.1012,0.0233,0.2438,100,true
0,0.1,10000,0.0754,0.1547,0.0471,0.3562,0.0351,0.0878,0.0753,0.1684,100,false
0,0.3,0,0.1251,0.124,0.1261,0.1231,0.1214,0.1263,0.1256,0.1284,100,false
0,0.3,1,0.1164,0.1246,0.1341,0.1237,0.1263,0.1274,0.1216,0.1259,100,false
0,0.3,2,0.1085,0.1303,0.1417,0.1166,0.1411,0.1248,0.1124,0.1246,100,false
0,0.3,3,0.1029,0.1357,0.1468,0.1157,0.1493,0.1227,0.1004,0.1265,100,false
0,0.3,4,0.0972,0.1437,0.1489,0.1187,0.1525,0.1201,0.0923,0.1266,100,false
0,0.3,5,0.0937,0.1506,0.1486,0.1235,0.1518,0.1157,0.0871,0.129,100,false
0,0.3,6,0.0902,0.1583,0.149,0.1263,0.1537,0.1092,0.0839,0.1294,100,false
0,0.3,7,0.0875,0.1684,0.148,0.128,0.1528,0.1054,0.0798,0.1301,100,false
0,0.3,8,0.0852,0.1773,0.147,0.1284,0.1521,0.1032,0.0761,0.1307,100,false
0,0.3,9,0.0834,0.1801,0.1492,0.1304,0.1504,0.102,0.0709,0.1336,100,false
0,0.3,10,0.0787,0.1879,0.1504,0.13,0.1505,0.0986,0.0675,0.1364,100,false
0,0.3,50,0.0318,0.2447,0.0585,0.1703,0.1137,0.0836,0.0859,0.2115,100,false
0,0.3,100,0.0354,0.3046,0.0512,0.1668,0.0748,0.1376,0.0559,0.1737,100,false
0,0.5,0,0.1245,0.1311,0.1284,0.1247,0.1263,0.1261,0.1216,0.1173,100,false
0,0.5,1,0.1154,0.1336,0.1381,0.1267,0.1397,0.1215,0.1069,0.1181,100,false
0,0.5,2,0.1078,0.1395,0.1463,0.1243,0.152,0.1172,0.095,0.1179,100,false
0,0.5,3,0.0983,0.1458,0.1545,0.1262,0.1619,0.1085,0.0851,0.1197,100,false
0,0.5,4,0.0889,0.1566,0.1602,0.1232,0.1692,0.1026,0.0776,0.1217,100,false
0,0.5,5,0.0813,0.1675,0.1619,0.1272,0.1692,0.0971,0.0718,0.124,100,false
0,0.5,6,0.0802,0.1759,0.1654,0.1278,0.1682,0.0922,0.067,0.1233,100,false
0,0.5,7,0.0753,0.1936,0.1609,0.1273,0.1658,0.09,0.0614,0.1257,100,false
0,0.5,8,0.0745,0.2069,0.1554,0.1241,0.1682,0.0862,0.0557,0.129,100,false
0,0.5,9,0.0776,0.2186,0.1452,0.1241,0.1683,0.0831,0.052,0.1311,100,false
0,0.5,10,0.0781,0.227,0.1397,0.1258,0.1651,0.0808,0.0488,0.1347,100,false
0,0.15,0,0.1248,0.1209,0.129,0.1253,0.1269,0.1252,0.1255,0.1224,100,false
0,0.15,1,0.1194,0.1228,0.1364,0.128,0.1288,0.1225,0.1203,0.1218,100,false
0,0.15,2,0.1147,0.1246,0.1415,0.1257,0.1334,0.1253,0.113,0.1218,100,false
0,0.15,3,0.1102,0.1319,0.1421,0.1247,0.1355,0.1257,0.1084,0.1215,100,false
0,0.15,4,0.1059,0.1415,0.1406,0.1232,0.1398,0.1213,0.1053,0.1224,100,false
0,0.15,5,0.1059,0.1492,0.1359,0.1243,0.1406,0.1197,0.1015,0.1229,100,false
0,0.15,6,0.104,0.1548,0.1327,0.1279,0.1399,0.1173,0.0989,0.1245,100,false
0,0.15,7,0.1037,0.1551,0.135,0.1274,0.1407,0.116,0.0968,0.1253,100,false
0,0.15,8,0.1065,0.1539,0.1362,0.1283,0.1414,0.1132,0.0934,0.1271,100,false
0,0.5,50,0.0176,0.3381,0.023,0.165,0.1,0.077,0.0477,0.2316,100,false
0,0.15,9,0.1066,0.1545,0.1396,0.1283,0.1414,0.1093,0.0909,0.1294,100,false
0,0.15,10,0.1053,0.1554,0.1437,0.1245,0.1412,0.1101,0.0885,0.1313,100,false
0,0.3,1000,0.0032,0.2252,0.0037,0.3413,0.0182,0.2009,0.0149,0.1926,100,true
0,0.3,5000,0.0032,0.2252,0.0037,0.3413,0.0182,0.2009,0.0149,0.1926,100,true
0,0.3,10000,0.0032,0.2252,0.0037,0.3413,0.0182,0.2009,0.0149,0.1926,100,true
0,0.3,20000,0.0032,0.2252,0.0037,0.3413,0.0182,0.2009,0.0149,0.1926,100,true
0,0.3,30000,0.0032,0.2252,0.0037,0.3413,0.0182,0.2009,0.0149,0.1926,100,true
0,0.3,40000,0.0032,0.2252,0.0037,0.3413,0.0182,0.2009,0.0149,0.1926,100,true
0,0.3,50000,0.0032,0.2252,0.0037,0.3413,0.0182,0.2009,0.0149,0.1926,100,true
0,0.3,60000,0.0032,0.2252,0.0037,0.3413,0.0182,0.2009,0.0149,0.1926,100,true
0,0.3,70000,0.0032,0.2252,0.0037,0.3413,0.0182,0.2009,0.0149,0.1926,100,true
0,0.3,80000,0.0032,0.2252,0.0037,0.3413,0.0182,0.2009,0.0149,0.1926,100,true
0,0.3,90000,0.0032,0.2252,0.0037,0.3413,0.0182,0.2009,0.0149,0.1926,100,true
0,0.3,100000,0.0032,0.2252,0.0037,0.3413,0.0182,0.2009,0.0149,0.1926,100,true
0,0.15,50,0.0581,0.2606,0.0794,0.1378,0.1171,0.1006,0.0814,0.165,100,false
0,0.5,100,0.0014,0.4052,0.0056,0.2021,0.0676,0.1024,0.0289,0.1868,100,false
0,0.5,1000,0.0014,0.4083,0.0035,0.215,0.0588,0.0999,0.0263,0.1868,100,true
0,0.5,5000,0.0014,0.4083,0.0035,0.215,0.0588,0.0999,0.0263,0.1868,100,true
0,0.5,10000,0.0014,0.4083,0.0035,0.215,0.0588,0.0999,0.0263,0.1868,100,true
0,0.5,20000,0.0014,0.4083,0.0035,0.215,0.0588,0.0999,0.0263,0.1868,100,true
0,0.5,30000,0.0014,0.4083,0.0035,0.215,0.0588,0.0999,0.0263,0.1868,100,true
0,0.5,40000,0.0014,0.4083,0.0035,0.215,0.0588,0.0999,0.0263,0.1868,100,true
0,0.5,50000,0.0014,0.4083,0.0035,0.215,0.0588,0.0999,0.0263,0.1868,100,true
0,0.5,60000,0.0014,0.4083,0.0035,0.215,0.0588,0.0999,0.0263,0.1868,100,true
0,0.5,70000,0.0014,0.4083,0.0035,0.215,0.0588,0.0999,0.0263,0.1868,100,true
0,0.5,80000,0.0014,0.4083,0.0035,0.215,0.0588,0.0999,0.0263,0.1868,100,true
0,0.5,90000,0.0014,0.4083,0.0035,0.215,0.0588,0.0999,0.0263,0.1868,100,true
0,0.5,100000,0.0014,0.4083,0.0035,0.215,0.0588,0.0999,0.0263,0.1868,100,true
0,0.15,100,0.0332,0.2807,0.0262,0.2083,0.1132,0.1314,0.0677,0.1393,100,false
0,0.15,1000,0.0144,0.3043,0.007,0.2126,0.0071,0.299,0.0177,0.1379,100,true
0,0.15,5000,0.0144,0.3043,0.007,0.2126,0.0071,0.299,0.0177,0.1379,100,true
0,0.15,10000,0.0144,0.3043,0.007,0.2126,0.0071,0.299,0.0177,0.1379,100,true
0,0.15,20000,0.0144,0.3043,0.007,0.2126,0.0071,0.299,0.0177,0.1379,100,true
0,0.15,30000,0.0144,0.3043,0.007,0.2126,0.0071,0.299,0.0177,0.1379,100,true
0,0.15,40000,0.0144,0.3043,0.007,0.2126,0.0071,0.299,0.0177,0.1379,100,true
0,0.15,50000,0.0144,0.3043,0.007,0.2126,0.0071,0.299,0.0177,0.1379,100,true
0,0.15,60000,0.0144,0.3043,0.007,0.2126,0.0071,0.299,0.0177,0.1379,100,true
0,0.15,70000,0.0144,0.3043,0.007,0.2126,0.0071,0.299,0.0177,0.1379,100,true
0,0.15,80000,0.0144,0.3043,0.007,0.2126,0.0071,0.299,0.0177,0.1379,100,true
0,0.15,90000,0.0144,0.3043,0.007,0.2126,0.0071,0.299,0.0177,0.1379,100,true
0,0.15,100000,0.0144,0.3043,0.007,0.2126,0.0071,0.299,0.0177,0.1379,100,true
0,0.55,0,0.1239,0.1237,0.1268,0.1234,0.1264,0.1264,0.1247,0.1247,100,false
0,0.35,0,0.1264,0.1312,0.1244,0.129,0.1219,0.121,0.1246,0.1215,100,false
0,0.55,1,0.1094,0.1254,0.1431,0.1233,0.1424,0.121,0.1098,0.1256,100,false
0,0.35,1,0.1198,0.1319,0.1354,0.1273,0.1276,0.1244,0.1129,0.1207,100,false
0,0.55,2,0.0954,0.1322,0.1521,0.1262,0.1518,0.1172,0.1,0.1251,100,false
0,0.35,2,0.1123,0.1364,0.1445,0.1238,0.1368,0.1234,0.0977,0.1251,100,false
0,0.55,3,0.0856,0.1442,0.1606,0.1286,0.1561,0.1142,0.088,0.1227,100,false
0,0.35,3,0.1046,0.143,0.1498,0.1226,0.1426,0.1185,0.0901,0.1288,100,false
0,0.55,4,0.0761,0.16,0.1641,0.1304,0.1592,0.11,0.0776,0.1226,100,false
0,0.35,4,0.1003,0.1466,0.1514,0.1236,0.1473,0.1137,0.0845,0.1326,100,false
0,0.55,5,0.0738,0.1708,0.1656,0.1352,0.159,0.1019,0.0713,0.1224,100,false
0,0.35,5,0.0952,0.1528,0.1531,0.1237,0.1495,0.11,0.0806,0.1351,100,false
0,0.55,6,0.0718,0.1857,0.1632,0.1352,0.1612,0.0959,0.0641,0.1229,100,false
0,0.35,6,0.0919,0.1612,0.1539,0.1244,0.1506,0.1051,0.0777,0.1352,100,false
0,0.55,7,0.0713,0.1972,0.1608,0.1364,0.1605,0.0896,0.0597,0.1245,100,false
0,0.35,7,0.0903,0.1695,0.1534,0.1254,0.1476,0.1026,0.076,0.1352,100,false
0,0.55,8,0.0708,0.2095,0.1583,0.1392,0.1563,0.0845,0.0538,0.1276,100,false
0,0.35,8,0.0883,0.1775,0.1537,0.1257,0.1449,0.1014,0.0731,0.1354,100,false
0,0.55,9,0.0705,0.221,0.1547,0.1396,0.153,0.082,0.049,0.1302,100,false
0,0.35,9,0.0874,0.1879,0.1508,0.1273,0.142,0.0994,0.0673,0.1379,100,false
0,0.55,10,0.0689,0.2348,0.1523,0.1359,0.1495,0.0786,0.0461,0.1339,100,false
0,0.35,10,0.0867,0.1961,0.147,0.1278,0.1402,0.0957,0.0655,0.141,100,false
0,0.55,50,0.0191,0.3076,0.0335,0.1779,0.1194,0.0607,0.0476,0.2342,100,false
0,0.35,50,0.0174,0.2625,0.0636,0.1752,0.0899,0.1123,0.0781,0.201,100,false
0,0.55,100,0.0113,0.3519,0.0212,0.2191,0.0599,0.0884,0.0408,0.2074,100,false
0,0.35,100,0.0286,0.2444,0.0248,0.242,0.0589,0.1191,0.0593,0.2229,100,false
0.05,0.9,10000,0.0722,0.2037,0.1394,0.1279,0.1696,0,0.1837,0.1035,100,false
0,0.35,1000,0.0039,0.2485,0.0099,0.2441,0.027,0.176,0.0182,0.2724,100,true
0,0.35,5000,0.0039,0.2485,0.0099,0.2441,0.027,0.176,0.0182,0.2724,100,true
0,0.35,10000,0.0039,0.2485,0.0099,0.2441,0.027,0.176,0.0182,0.2724,100,true
0,0.35,20000,0.0039,0.2485,0.0099,0.2441,0.027,0.176,0.0182,0.2724,100,true
0,0.35,30000,0.0039,0.2485,0.0099,0.2441,0.027,0.176,0.0182,0.2724,100,true
0,0.35,40000,0.0039,0.2485,0.0099,0.2441,0.027,0.176,0.0182,0.2724,100,true
0,0.35,50000,0.0039,0.2485,0.0099,0.2441,0.027,0.176,0.0182,0.2724,100,true
0,0.35,60000,0.0039,0.2485,0.0099,0.2441,0.027,0.176,0.0182,0.2724,100,true
0,0.35,70000,0.0039,0.2485,0.0099,0.2441,0.027,0.176,0.0182,0.2724,100,true
0,0.35,80000,0.0039,0.2485,0.0099,0.2441,0.027,0.176,0.0182,0.2724,100,true
0,0.35,90000,0.0039,0.2485,0.0099,0.2441,0.027,0.176,0.0182,0.2724,100,true
0,0.35,100000,0.0039,0.2485,0.0099,0.2441,0.027,0.176,0.0182,0.2724,100,true
0,0.55,1000,0.0014,0.5489,0.0015,0.1739,0.0241,0.0966,0.0168,0.1368,100,true
0,0.55,5000,0.0014,0.5489,0.0015,0.1739,0.0241,0.0966,0.0168,0.1368,100,true
0,0.55,10000,0.0014,0.5489,0.0015,0.1739,0.0241,0.0966,0.0168,0.1368,100,true
0,0.55,20000,0.0014,0.5489,0.0015,0.1739,0.0241,0.0966,0.0168,0.1368,100,true
0,0.55,30000,0.0014,0.5489,0.0015,0.1739,0.0241,0.0966,0.0168,0.1368,100,true
0,0.55,40000,0.0014,0.5489,0.0015,0.1739,0.0241,0.0966,0.0168,0.1368,100,true
0,0.55,50000,0.0014,0.5489,0.0015,0.1739,0.0241,0.0966,0.0168,0.1368,100,true
0,0.55,60000,0.0014,0.5489,0.0015,0.1739,0.0241,0.0966,0.0168,0.1368,100,true
0,0.55,70000,0.0014,0.5489,0.0015,0.1739,0.0241,0.0966,0.0168,0.1368,100,true
0,0.55,80000,0.0014,0.5489,0.0015,0.1739,0.0241,0.0966,0.0168,0.1368,100,true
0,0.55,90000,0.0014,0.5489,0.0015,0.1739,0.0241,0.0966,0.0168,0.1368,100,true
0,0.55,100000,0.0014,0.5489,0.0015,0.1739,0.0241,0.0966,0.0168,0.1368,100,true
0,0.2,0,0.1255,0.1267,0.1202,0.1253,0.1245,0.128,0.1246,0.1252,100,false
0,0.2,1,0.1175,0.1283,0.126,0.1238,0.1334,0.1259,0.1179,0.1272,100,false
0,0.2,2,0.1141,0.1258,0.1289,0.1287,0.136,0.1259,0.1132,0.1274,100,false
0,0.2,3,0.1104,0.1313,0.1291,0.1324,0.1362,0.1249,0.1075,0.1282,100,false
0,0.2,4,0.1052,0.1364,0.1311,0.1341,0.1388,0.12,0.1039,0.1305,100,false
0,0.2,5,0.098,0.1429,0.1371,0.1332,0.1422,0.1146,0.1019,0.1301,100,false
0,0.2,6,0.0954,0.1493,0.1444,0.1276,0.1444,0.1111,0.099,0.1288,100,false
0,0.2,7,0.0914,0.1566,0.1425,0.1281,0.1451,0.1092,0.097,0.1301,100,false
0,0.2,8,0.09,0.1644,0.1414,0.128,0.144,0.1063,0.0928,0.1331,100,false
0,0.2,9,0.0865,0.1706,0.1405,0.1318,0.1409,0.1051,0.09,0.1346,100,false
0,0.2,10,0.0851,0.181,0.1362,0.1323,0.1384,0.104,0.0884,0.1346,100,false
0,0.2,50,0.0429,0.2141,0.0685,0.1561,0.1118,0.1145,0.1124,0.1797,100,false
0,0.2,100,0.0715,0.1999,0.0242,0.2081,0.0826,0.1802,0.1006,0.1329,100,false
0.05,0.95,0,0.1312,0.1245,0.1317,0.1214,0.1268,0.1188,0.1226,0.123,100,false
0.05,0.95,1,0.1084,0.1284,0.1557,0.1223,0.1463,0.1137,0.1027,0.1225,100,false
0.05,0.95,2,0.0913,0.139,0.1721,0.1248,0.1582,0.1066,0.0858,0.1222,100,false
0.05,0.95,3,0.0793,0.1575,0.1821,0.1264,0.1639,0.1012,0.0696,0.12,100,false
0.05,0.95,4,0.0726,0.175,0.1843,0.1235,0.1701,0.0917,0.0616,0.1212,100,false
0.05,0.95,5,0.0656,0.1955,0.1839,0.1189,0.1755,0.0825,0.0537,0.1244,100,false
0.05,0.95,6,0.0602,0.2163,0.1794,0.1192,0.1756,0.0757,0.0466,0.127,100,false
0,0.4,0,0.1251,0.1275,0.1347,0.1161,0.1247,0.1217,0.1303,0.1199,100,false
0,0.2,1000,0.0025,0.0811,0.0104,0.5578,0.0164,0.2354,0.0013,0.0951,100,false
0.05,0.95,7,0.0585,0.2397,0.1685,0.1161,0.1753,0.0714,0.0415,0.129,100,false
0,0.4,1,0.1144,0.1336,0.1436,0.1123,0.1381,0.1205,0.1196,0.1179,100,false
0.05,0.95,8,0.0574,0.2626,0.1598,0.111,0.1719,0.0659,0.0391,0.1323,100,false
0,0.4,2,0.1059,0.1407,0.1478,0.1152,0.1462,0.118,0.1081,0.1181,100,false
0,0.4,3,0.1005,0.1498,0.1498,0.1205,0.1497,0.1141,0.0981,0.1175,100,false
0.05,0.95,9,0.0545,0.2804,0.1521,0.1058,0.1711,0.0639,0.0349,0.1373,100,false
0,0.4,4,0.0948,0.1586,0.1546,0.1197,0.156,0.1071,0.0899,0.1193,100,false
0.05,0.95,10,0.0524,0.302,0.137,0.1048,0.1687,0.0613,0.0307,0.1431,100,false
0,0.4,5,0.0904,0.1654,0.1585,0.1208,0.1598,0.1002,0.0861,0.1188,100,false
0,0.4,6,0.0901,0.1718,0.1584,0.1234,0.1606,0.0971,0.0796,0.119,100,false
0,0.4,7,0.0874,0.1831,0.1566,0.1228,0.1596,0.0942,0.0756,0.1207,100,false
0,0.4,8,0.0849,0.1908,0.1532,0.1212,0.1644,0.09,0.0704,0.1251,100,false
0,0.4,9,0.0834,0.2013,0.1457,0.1234,0.1628,0.0879,0.0693,0.1262,100,false
0,0.4,10,0.0846,0.2083,0.1421,0.1244,0.162,0.0844,0.0678,0.1264,100,false
0.05,0.95,50,0.0038,0.3627,0.0105,0.1039,0.1065,0.066,0.046,0.3006,100,false
0,0.4,50,0.0463,0.275,0.0363,0.1751,0.117,0.076,0.0859,0.1884,100,false
0.05,0.95,100,0.0123,0.3331,0.0052,0.1705,0.0956,0.0848,0.1332,0.1653,100,false
0,0.4,100,0.0362,0.2792,0.0461,0.2394,0.0704,0.1189,0.0603,0.1495,100,false
0,0.6,0,0.1225,0.1295,0.1249,0.1246,0.1231,0.1219,0.1276,0.1259,100,false
0,0.6,1,0.1057,0.1337,0.1388,0.1242,0.1404,0.12,0.1096,0.1276,100,false
0,0.6,2,0.0933,0.1425,0.1481,0.1251,0.1499,0.1179,0.0954,0.1278,100,false
0,0.6,3,0.0858,0.1558,0.1556,0.1235,0.1572,0.1113,0.0853,0.1255,100,false
0,0.6,4,0.0741,0.1672,0.1607,0.1231,0.1648,0.1048,0.0788,0.1265,100,false
0,0.6,5,0.0699,0.1818,0.1606,0.1228,0.1666,0.0989,0.0727,0.1267,100,false
0,0.6,6,0.0673,0.2002,0.1561,0.1245,0.165,0.0919,0.0685,0.1265,100,false
0,0.6,7,0.0672,0.2126,0.1546,0.1268,0.1604,0.0886,0.0633,0.1265,100,false
0,0.6,8,0.065,0.2284,0.147,0.1291,0.1568,0.0856,0.0594,0.1287,100,false
0,0.6,9,0.0631,0.2452,0.1387,0.13,0.1534,0.0823,0.0541,0.1332,100,false
0,0.6,10,0.0635,0.2583,0.1312,0.13,0.1481,0.0795,0.0515,0.1379,100,false
0,0.6,50,0.0169,0.3479,0.0198,0.2008,0.0931,0.0789,0.0533,0.1893,100,false
0,0.6,100,0.0173,0.3684,0.0072,0.2489,0.0647,0.0787,0.033,0.1818,100,false
0,0.6,1000,0.0072,0.3449,0.0065,0.264,0.0585,0.1106,0.0304,0.1779,100,true
0,0.6,5000,0.0072,0.3449,0.0065,0.264,0.0585,0.1106,0.0304,0.1779,100,true
0,0.6,10000,0.0072,0.3449,0.0065,0.264,0.0585,0.1106,0.0304,0.1779,100,true
0,0.6,20000,0.0072,0.3449,0.0065,0.264,0.0585,0.1106,0.0304,0.1779,100,true
0,0.6,30000,0.0072,0.3449,0.0065,0.264,0.0585,0.1106,0.0304,0.1779,100,true
0,0.6,40000,0.0072,0.3449,0.0065,0.264,0.0585,0.1106,0.0304,0.1779,100,true
0,0.6,50000,0.0072,0.3449,0.0065,0.264,0.0585,0.1106,0.0304,0.1779,100,true
0,0.6,60000,0.0072,0.3449,0.0065,0.264,0.0585,0.1106,0.0304,0.1779,100,true
0,0.6,70000,0.0072,0.3449,0.0065,0.264,0.0585,0.1106,0.0304,0.1779,100,true
0,0.6,80000,0.0072,0.3449,0.0065,0.264,0.0585,0.1106,0.0304,0.1779,100,true
0,0.6,90000,0.0072,0.3449,0.0065,0.264,0.0585,0.1106,0.0304,0.1779,100,true
0,0.6,100000,0.0072,0.3449,0.0065,0.264,0.0585,0.1106,0.0304,0.1779,100,true
0,0.2,5000,0.0008,0.0919,0.0001,0.776,0,0.0733,0.0047,0.0532,100,true
0,0.2,10000,0.0008,0.0919,0.0001,0.776,0,0.0733,0.0047,0.0532,100,true
0,0.2,20000,0.0008,0.0919,0.0001,0.776,0,0.0733,0.0047,0.0532,100,true
0,0.2,30000,0.0008,0.0919,0.0001,0.776,0,0.0733,0.0047,0.0532,100,true
0,0.2,40000,0.0008,0.0919,0.0001,0.776,0,0.0733,0.0047,0.0532,100,true
0,0.2,50000,0.0008,0.0919,0.0001,0.776,0,0.0733,0.0047,0.0532,100,true
0,0.2,60000,0.0008,0.0919,0.0001,0.776,0,0.0733,0.0047,0.0532,100,true
0,0.2,70000,0.0008,0.0919,0.0001,0.776,0,0.0733,0.0047,0.0532,100,true
0,0.2,80000,0.0008,0.0919,0.0001,0.776,0,0.0733,0.0047,0.0532,100,true
0,0.2,90000,0.0008,0.0919,0.0001,0.776,0,0.0733,0.0047,0.0532,100,true
0,0.2,100000,0.0008,0.0919,0.0001,0.776,0,0.0733,0.0047,0.0532,100,true
0,0.4,1000,0.0036,0.2018,0.0027,0.4675,0.0043,0.1577,0.0046,0.1578,100,true
0,0.4,5000,0.0036,0.2018,0.0027,0.4675,0.0043,0.1577,0.0046,0.1578,100,true
0,0.4,10000,0.0036,0.2018,0.0027,0.4675,0.0043,0.1577,0.0046,0.1578,100,true
0,0.4,20000,0.0036,0.2018,0.0027,0.4675,0.0043,0.1577,0.0046,0.1578,100,true
0,0.4,30000,0.0036,0.2018,0.0027,0.4675,0.0043,0.1577,0.0046,0.1578,100,true
0,0.4,40000,0.0036,0.2018,0.0027,0.4675,0.0043,0.1577,0.0046,0.1578,100,true
0,0.4,50000,0.0036,0.2018,0.0027,0.4675,0.0043,0.1577,0.0046,0.1578,100,true
0,0.4,60000,0.0036,0.2018,0.0027,0.4675,0.0043,0.1577,0.0046,0.1578,100,true
0,0.4,70000,0.0036,0.2018,0.0027,0.4675,0.0043,0.1577,0.0046,0.1578,100,true
0,0.4,80000,0.0036,0.2018,0.0027,0.4675,0.0043,0.1577,0.0046,0.1578,100,true
0,0.4,90000,0.0036,0.2018,0.0027,0.4675,0.0043,0.1577,0.0046,0.1578,100,true
0,0.4,100000,0.0036,0.2018,0.0027,0.4675,0.0043,0.1577,0.0046,0.1578,100,true
0.05,0.95,1000,0.1316,0.181,0.126,0.1402,0.0946,0.0276,0.0723,0.2267,100,false
0,0.65,0,0.1274,0.1249,0.1261,0.1262,0.1262,0.1239,0.1211,0.1242,100,false
0,0.65,1,0.1053,0.1288,0.1414,0.1286,0.1407,0.1197,0.1073,0.1282,100,false
0,0.65,2,0.0918,0.1393,0.1541,0.1275,0.1544,0.1125,0.091,0.1294,100,false
0,0.65,3,0.078,0.1475,0.1659,0.1286,0.1626,0.107,0.0788,0.1316,100,false
0,0.65,4,0.0689,0.162,0.1732,0.1273,0.1688,0.1002,0.0674,0.1322,100,false
0,0.65,5,0.0587,0.1799,0.1753,0.1275,0.1703,0.0928,0.0599,0.1356,100,false
0,0.65,6,0.055,0.1966,0.1712,0.1314,0.1674,0.0854,0.0573,0.1357,100,false
0,0.65,7,0.0532,0.2121,0.1684,0.1319,0.1647,0.0799,0.0545,0.1353,100,false
0,0.65,8,0.0539,0.2258,0.1636,0.1316,0.1624,0.0756,0.0528,0.1343,100,false
0,0.65,9,0.0536,0.2395,0.1577,0.1297,0.1611,0.0725,0.0487,0.1372,100,false
0,0.65,10,0.0546,0.2511,0.1501,0.129,0.1593,0.0702,0.0438,0.1419,100,false
0,0.65,50,0.0085,0.3763,0.0144,0.1908,0.0894,0.0856,0.0404,0.1946,100,false
0,0.65,100,0.0056,0.3941,0.01,0.2284,0.0649,0.0933,0.0349,0.1688,100,false
0,0.25,0,0.1268,0.1262,0.1258,0.1204,0.1209,0.129,0.1257,0.1252,100,false
0,0.25,1,0.1184,0.1297,0.1304,0.1191,0.1331,0.1278,0.1165,0.125,100,false
0,0.25,2,0.1138,0.1321,0.1368,0.1203,0.1395,0.126,0.1089,0.1226,100,false
0,0.25,3,0.109,0.1364,0.1397,0.1218,0.1465,0.1233,0.0999,0.1234,100,false
0,0.25,4,0.1016,0.1399,0.1424,0.1246,0.1522,0.1188,0.096,0.1245,100,false
0,0.25,5,0.093,0.1485,0.1442,0.1248,0.1551,0.1151,0.094,0.1253,100,false
0,0.25,6,0.0905,0.1562,0.1465,0.1252,0.1563,0.1121,0.0914,0.1218,100,false
0,0.45,0,0.1228,0.1274,0.1242,0.12,0.1277,0.1264,0.1276,0.1239,100,false
0,0.25,7,0.0831,0.1668,0.1474,0.1292,0.1542,0.1088,0.0876,0.1229,100,false
0,0.45,1,0.112,0.131,0.1362,0.1189,0.1425,0.122,0.1158,0.1216,100,false
0,0.25,8,0.0815,0.177,0.1449,0.1312,0.1528,0.1048,0.084,0.1238,100,false
0,0.45,2,0.0975,0.1362,0.1455,0.1221,0.152,0.1193,0.1016,0.1258,100,false
0,0.25,9,0.0827,0.1887,0.1396,0.1321,0.1496,0.1025,0.0801,0.1247,100,false
0,0.45,3,0.0904,0.1419,0.1523,0.1243,0.1591,0.1134,0.0933,0.1253,100,false
0,0.25,10,0.0844,0.1969,0.1343,0.1335,0.146,0.1025,0.0779,0.1245,100,false
0,0.45,4,0.0853,0.1488,0.1577,0.1273,0.1621,0.1081,0.0881,0.1226,100,false
0,0.45,5,0.0812,0.1645,0.1571,0.1294,0.1615,0.1039,0.083,0.1194,100,false
0,0.45,6,0.078,0.175,0.157,0.1334,0.1612,0.0981,0.0772,0.1201,100,false
0,0.45,7,0.0754,0.1875,0.1522,0.1378,0.1598,0.0931,0.072,0.1222,100,false
0,0.45,8,0.0745,0.2014,0.1492,0.1368,0.1588,0.0898,0.0675,0.122,100,false
0,0.45,9,0.0732,0.216,0.1421,0.138,0.1568,0.0863,0.0639,0.1237,100,false
0,0.45,10,0.0743,0.2266,0.1347,0.1385,0.1534,0.0837,0.0622,0.1266,100,false
0,0.25,50,0.0411,0.2075,0.0856,0.1632,0.1215,0.1121,0.081,0.188,100,false
0,0.45,50,0.0196,0.3066,0.0367,0.1745,0.0846,0.0843,0.058,0.2357,100,false
0,0.25,100,0.0335,0.2526,0.0338,0.212,0.0856,0.1513,0.0578,0.1734,100,false
0,0.45,100,0.024,0.2926,0.0202,0.2284,0.0555,0.1294,0.0527,0.1972,100,false
0,0.65,1000,0.0029,0.3738,0.0034,0.2361,0.0491,0.1015,0.026,0.2072,100,true
0,0.65,5000,0.0029,0.3738,0.0034,0.2361,0.0491,0.1015,0.026,0.2072,100,true
0,0.65,10000,0.0029,0.3738,0.0034,0.2361,0.0491,0.1015,0.026,0.2072,100,true
0,0.65,20000,0.0029,0.3738,0.0034,0.2361,0.0491,0.1015,0.026,0.2072,100,true
0,0.65,30000,0.0029,0.3738,0.0034,0.2361,0.0491,0.1015,0.026,0.2072,100,true
0,0.65,40000,0.0029,0.3738,0.0034,0.2361,0.0491,0.1015,0.026,0.2072,100,true
0,0.65,50000,0.0029,0.3738,0.0034,0.2361,0.0491,0.1015,0.026,0.2072,100,true
0,0.65,60000,0.0029,0.3738,0.0034,0.2361,0.0491,0.1015,0.026,0.2072,100,true
0,0.65,70000,0.0029,0.3738,0.0034,0.2361,0.0491,0.1015,0.026,0.2072,100,true
0,0.65,80000,0.0029,0.3738,0.0034,0.2361,0.0491,0.1015,0.026,0.2072,100,true
0,0.65,90000,0.0029,0.3738,0.0034,0.2361,0.0491,0.1015,0.026,0.2072,100,true
0,0.65,100000,0.0029,0.3738,0.0034,0.2361,0.0491,0.1015,0.026,0.2072,100,true
0,0.25,1000,0.0039,0.3011,0.0087,0.4004,0.0089,0.1254,0.0116,0.14,100,true
0,0.25,5000,0.0039,0.3011,0.0087,0.4004,0.0089,0.1254,0.0116,0.14,100,true
0,0.25,10000,0.0039,0.3011,0.0087,0.4004,0.0089,0.1254,0.0116,0.14,100,true
0,0.25,20000,0.0039,0.3011,0.0087,0.4004,0.0089,0.1254,0.0116,0.14,100,true
0,0.25,30000,0.0039,0.3011,0.0087,0.4004,0.0089,0.1254,0.0116,0.14,100,true
0,0.25,40000,0.0039,0.3011,0.0087,0.4004,0.0089,0.1254,0.0116,0.14,100,true
0,0.25,50000,0.0039,0.3011,0.0087,0.4004,0.0089,0.1254,0.0116,0.14,100,true
0,0.25,60000,0.0039,0.3011,0.0087,0.4004,0.0089,0.1254,0.0116,0.14,100,true
0,0.25,70000,0.0039,0.3011,0.0087,0.4004,0.0089,0.1254,0.0116,0.14,100,true
0,0.25,80000,0.0039,0.3011,0.0087,0.4004,0.0089,0.1254,0.0116,0.14,100,true
0,0.25,90000,0.0039,0.3011,0.0087,0.4004,0.0089,0.1254,0.0116,0.14,100,true
0,0.25,100000,0.0039,0.3011,0.0087,0.4004,0.0089,0.1254,0.0116,0.14,100,true
0,0.45,1000,0.0046,0.2562,0.0057,0.3675,0.0223,0.1447,0.0202,0.1788,100,true
0,0.45,5000,0.0046,0.2562,0.0057,0.3675,0.0223,0.1447,0.0202,0.1788,100,true
0,0.45,10000,0.0046,0.2562,0.0057,0.3675,0.0223,0.1447,0.0202,0.1788,100,true
0,0.45,20000,0.0046,0.2562,0.0057,0.3675,0.0223,0.1447,0.0202,0.1788,100,true
0,0.45,30000,0.0046,0.2562,0.0057,0.3675,0.0223,0.1447,0.0202,0.1788,100,true
0,0.45,40000,0.0046,0.2562,0.0057,0.3675,0.0223,0.1447,0.0202,0.1788,100,true
0,0.45,50000,0.0046,0.2562,0.0057,0.3675,0.0223,0.1447,0.0202,0.1788,100,true
0,0.45,60000,0.0046,0.2562,0.0057,0.3675,0.0223,0.1447,0.0202,0.1788,100,true
0,0.45,70000,0.0046,0.2562,0.0057,0.3675,0.0223,0.1447,0.0202,0.1788,100,true
0,0.45,80000,0.0046,0.2562,0.0057,0.3675,0.0223,0.1447,0.0202,0.1788,100,true
0,0.45,90000,0.0046,0.2562,0.0057,0.3675,0.0223,0.1447,0.0202,0.1788,100,true
0,0.45,100000,0.0046,0.2562,0.0057,0.3675,0.0223,0.1447,0.0202,0.1788,100,true
0,0.7,0,0.1244,0.1264,0.1231,0.1244,0.1254,0.1253,0.1266,0.1244,100,false
0,0.7,1,0.1046,0.131,0.1322,0.1289,0.1466,0.1226,0.1077,0.1264,100,false
0,0.7,2,0.0913,0.1387,0.1474,0.1303,0.1593,0.1167,0.0904,0.1259,100,false
0,0.7,3,0.0802,0.1465,0.1564,0.1356,0.1687,0.1058,0.0805,0.1263,100,false
0,0.7,4,0.0693,0.1594,0.1635,0.1397,0.1694,0.0977,0.073,0.128,100,false
0,0.7,5,0.0626,0.1744,0.168,0.1395,0.1704,0.0915,0.0664,0.1272,100,false
0,0.7,6,0.0599,0.189,0.1685,0.1407,0.1685,0.0873,0.0593,0.1268,100,false
0,0.7,7,0.0563,0.2032,0.169,0.1395,0.1657,0.0831,0.0543,0.1289,100,false
0,0.7,8,0.0561,0.2251,0.1591,0.1421,0.1574,0.0808,0.0486,0.1308,100,false
0,0.7,9,0.0586,0.2414,0.1512,0.1428,0.1535,0.0768,0.0429,0.1328,100,false
0,0.7,10,0.0579,0.2555,0.1439,0.1449,0.1484,0.0741,0.0392,0.1361,100,false
0,0.7,50,0.0068,0.3596,0.0072,0.2179,0.0735,0.0785,0.032,0.2245,100,false
0,0.7,100,0.003,0.3639,0.0034,0.2878,0.0465,0.0848,0.0221,0.1885,100,false
0,0.7,1000,0.003,0.3642,0.0031,0.2885,0.0458,0.0848,0.0221,0.1885,100,true
0,0.7,5000,0.003,0.3642,0.0031,0.2885,0.0458,0.0848,0.0221,0.1885,100,true
0,0.7,10000,0.003,0.3642,0.0031,0.2885,0.0458,0.0848,0.0221,0.1885,100,true
0,0.7,20000,0.003,0.3642,0.0031,0.2885,0.0458,0.0848,0.0221,0.1885,100,true
0,0.7,30000,0.003,0.3642,0.0031,0.2885,0.0458,0.0848,0.0221,0.1885,100,true
0,0.7,40000,0.003,0.3642,0.0031,0.2885,0.0458,0.0848,0.0221,0.1885,100,true
0,0.7,50000,0.003,0.3642,0.0031,0.2885,0.0458,0.0848,0.0221,0.1885,100,true
0,0.7,60000,0.003,0.3642,0.0031,0.2885,0.0458,0.0848,0.0221,0.1885,100,true
0,0.7,70000,0.003,0.3642,0.0031,0.2885,0.0458,0.0848,0.0221,0.1885,100,true
0,0.7,80000,0.003,0.3642,0.0031,0.2885,0.0458,0.0848,0.0221,0.1885,100,true
0,0.7,90000,0.003,0.3642,0.0031,0.2885,0.0458,0.0848,0.0221,0.1885,100,true
0,0.7,100000,0.003,0.3642,0.0031,0.2885,0.0458,0.0848,0.0221,0.1885,100,true
0,0.3,0,0.1219,0.1268,0.1268,0.1251,0.1262,0.1255,0.1252,0.1225,100,false
0,0.3,1,0.1193,0.1258,0.1335,0.1283,0.132,0.1255,0.1177,0.1179,100,false
0,0.3,2,0.1136,0.1252,0.1433,0.1266,0.1406,0.1228,0.11,0.1179,100,false
0,0.3,3,0.1039,0.129,0.1525,0.129,0.1437,0.1221,0.0984,0.1214,100,false
0,0.3,4,0.0971,0.1402,0.1535,0.1305,0.147,0.1168,0.0907,0.1242,100,false
0,0.3,5,0.0915,0.148,0.1572,0.1318,0.1459,0.1126,0.0876,0.1254,100,false
0,0.3,6,0.0859,0.1553,0.1631,0.1272,0.1478,0.1092,0.0834,0.1281,100,false
0,0.3,7,0.081,0.1648,0.164,0.1252,0.1517,0.1051,0.0773,0.1309,100,false
0,0.3,8,0.0795,0.1756,0.16,0.1256,0.1504,0.1027,0.0731,0.1331,100,false
0,0.3,9,0.0817,0.1846,0.1577,0.1246,0.15,0.1003,0.069,0.1321,100,false
0,0.3,10,0.082,0.1912,0.1557,0.1238,0.1498,0.0979,0.0656,0.134,100,false
0,0.5,0,0.1249,0.122,0.1234,0.1283,0.1235,0.1297,0.1251,0.1231,100,false
0,0.5,1,0.1141,0.1243,0.1374,0.1285,0.1371,0.129,0.1091,0.1205,100,false
0,0.5,2,0.1029,0.1299,0.1549,0.1258,0.1462,0.1274,0.0924,0.1205,100,false
0,0.5,3,0.0941,0.1375,0.1629,0.1261,0.153,0.1225,0.0791,0.1248,100,false
0,0.5,4,0.0897,0.1456,0.1697,0.1268,0.1542,0.1164,0.0697,0.1279,100,false
0,0.5,5,0.0836,0.1579,0.1749,0.1239,0.1581,0.1103,0.0618,0.1295,100,false
0,0.5,6,0.0778,0.1726,0.1721,0.1247,0.1597,0.1037,0.0571,0.1323,100,false
0,0.5,7,0.0751,0.1865,0.1691,0.1255,0.1592,0.097,0.0518,0.1358,100,false
0,0.5,8,0.0725,0.1992,0.1657,0.126,0.159,0.0924,0.0469,0.1383,100,false
0,0.5,9,0.0743,0.2076,0.1614,0.1255,0.1562,0.0894,0.0451,0.1405,100,false
0,0.5,10,0.0776,0.2151,0.1563,0.1251,0.1528,0.0887,0.0415,0.1429,100,false
0,0.3,50,0.0359,0.288,0.0535,0.1282,0.1433,0.0723,0.0669,0.2119,100,false
0,0.5,50,0.0258,0.3259,0.0387,0.1373,0.1124,0.0736,0.0373,0.249,100,false
0,0.3,100,0.0209,0.2901,0.033,0.2505,0.081,0.1074,0.0438,0.1733,100,false
0,0.5,100,0.0093,0.3812,0.0192,0.1622,0.0783,0.1075,0.023,0.2193,100,false
0,0.5,1000,0.002,0.4183,0.0072,0.174,0.0631,0.12,0.0164,0.199,100,true
0,0.5,5000,0.002,0.4183,0.0072,0.174,0.0631,0.12,0.0164,0.199,100,true
0,0.5,10000,0.002,0.4183,0.0072,0.174,0.0631,0.12,0.0164,0.199,100,true
0,0.5,20000,0.002,0.4183,0.0072,0.174,0.0631,0.12,0.0164,0.199,100,true
0,0.5,30000,0.002,0.4183,0.0072,0.174,0.0631,0.12,0.0164,0.199,100,true
0,0.5,40000,0.002,0.4183,0.0072,0.174,0.0631,0.12,0.0164,0.199,100,true
0,0.5,50000,0.002,0.4183,0.0072,0.174,0.0631,0.12,0.0164,0.199,100,true
0,0.5,60000,0.002,0.4183,0.0072,0.174,0.0631,0.12,0.0164,0.199,100,true
0,0.5,70000,0.002,0.4183,0.0072,0.174,0.0631,0.12,0.0164,0.199,100,true
0,0.5,80000,0.002,0.4183,0.0072,0.174,0.0631,0.12,0.0164,0.199,100,true
0,0.5,90000,0.002,0.4183,0.0072,0.174,0.0631,0.12,0.0164,0.199,100,true
0,0.5,100000,0.002,0.4183,0.0072,0.174,0.0631,0.12,0.0164,0.199,100,true
0,0.3,1000,0.0034,0.1116,0.0021,0.1516,0.0068,0.1233,0.0027,0.5985,100,true
0,0.3,5000,0.0034,0.1116,0.0021,0.1516,0.0068,0.1233,0.0027,0.5985,100,true
0,0.3,10000,0.0034,0.1116,0.0021,0.1516,0.0068,0.1233,0.0027,0.5985,100,true
0,0.3,20000,0.0034,0.1116,0.0021,0.1516,0.0068,0.1233,0.0027,0.5985,100,true
0,0.3,30000,0.0034,0.1116,0.0021,0.1516,0.0068,0.1233,0.0027,0.5985,100,true
0,0.3,40000,0.0034,0.1116,0.0021,0.1516,0.0068,0.1233,0.0027,0.5985,100,true
0,0.3,50000,0.0034,0.1116,0.0021,0.1516,0.0068,0.1233,0.0027,0.5985,100,true
0,0.3,60000,0.0034,0.1116,0.0021,0.1516,0.0068,0.1233,0.0027,0.5985,100,true
0,0.3,70000,0.0034,0.1116,0.0021,0.1516,0.0068,0.1233,0.0027,0.5985,100,true
0,0.3,80000,0.0034,0.1116,0.0021,0.1516,0.0068,0.1233,0.0027,0.5985,100,true
0,0.3,90000,0.0034,0.1116,0.0021,0.1516,0.0068,0.1233,0.0027,0.5985,100,true
0,0.3,100000,0.0034,0.1116,0.0021,0.1516,0.0068,0.1233,0.0027,0.5985,100,true
0,0.75,0,0.1241,0.1228,0.13,0.1254,0.1228,0.1189,0.1287,0.1273,100,false
0,0.75,1,0.1034,0.131,0.1496,0.1238,0.1451,0.1143,0.1083,0.1245,100,false
0,0.75,2,0.0895,0.1421,0.1659,0.126,0.1561,0.1025,0.0925,0.1254,100,false
0,0.75,3,0.083,0.1533,0.1748,0.1273,0.1603,0.0945,0.0814,0.1254,100,false
0,0.75,4,0.0753,0.1681,0.1827,0.1256,0.1591,0.0895,0.0736,0.1261,100,false
0,0.75,5,0.0689,0.1859,0.1843,0.13,0.153,0.0843,0.0646,0.129,100,false
0,0.75,6,0.0625,0.2035,0.1856,0.1247,0.1535,0.0813,0.0574,0.1315,100,false
0,0.75,7,0.0593,0.2234,0.181,0.1215,0.1513,0.0785,0.0519,0.1331,100,false
0,0.75,8,0.0567,0.247,0.1671,0.1227,0.1488,0.0762,0.0461,0.1354,100,false
0,0.75,9,0.0589,0.265,0.1535,0.1214,0.145,0.0738,0.0434,0.139,100,false
0,0.75,10,0.0548,0.2841,0.1424,0.1154,0.1457,0.07,0.0407,0.1469,100,false
0,0.75,50,0.0174,0.3511,0.0219,0.1612,0.086,0.0842,0.0326,0.2456,100,false
0,0.75,100,0.0041,0.3804,0.0058,0.1907,0.0743,0.13,0.0227,0.192,100,false
0,0.75,1000,0.003,0.3807,0.0055,0.2169,0.0685,0.1187,0.0173,0.1894,100,true
0,0.75,5000,0.003,0.3807,0.0055,0.2169,0.0685,0.1187,0.0173,0.1894,100,true
0,0.75,10000,0.003,0.3807,0.0055,0.2169,0.0685,0.1187,0.0173,0.1894,100,true
0,0.75,20000,0.003,0.3807,0.0055,0.2169,0.0685,0.1187,0.0173,0.1894,100,true
0,0.75,30000,0.003,0.3807,0.0055,0.2169,0.0685,0.1187,0.0173,0.1894,100,true
0,0.75,40000,0.003,0.3807,0.0055,0.2169,0.0685,0.1187,0.0173,0.1894,100,true
0,0.75,50000,0.003,0.3807,0.0055,0.2169,0.0685,0.1187,0.0173,0.1894,100,true
0,0.75,60000,0.003,0.3807,0.0055,0.2169,0.0685,0.1187,0.0173,0.1894,100,true
0,0.75,70000,0.003,0.3807,0.0055,0.2169,0.0685,0.1187,0.0173,0.1894,100,true
0,0.75,80000,0.003,0.3807,0.0055,0.2169,0.0685,0.1187,0.0173,0.1894,100,true
0,0.75,90000,0.003,0.3807,0.0055,0.2169,0.0685,0.1187,0.0173,0.1894,100,true
0,0.75,100000,0.003,0.3807,0.0055,0.2169,0.0685,0.1187,0.0173,0.1894,100,true
0.05,0.95,5000,0.0997,0.2117,0.1668,0.1613,0.1291,0,0.1057,0.1257,100,false
0,0.55,0,0.1267,0.1258,0.1232,0.1263,0.1281,0.127,0.12,0.1229,100,false
0,0.55,1,0.111,0.1303,0.1338,0.1282,0.1416,0.125,0.1054,0.1247,100,false
0,0.55,2,0.0978,0.1372,0.1436,0.1329,0.15,0.1179,0.0954,0.1252,100,false
0,0.55,3,0.0883,0.1457,0.1507,0.1328,0.1555,0.1145,0.0849,0.1276,100,false
0,0.55,4,0.0815,0.1584,0.1504,0.1367,0.1564,0.1086,0.0797,0.1283,100,false
0,0.55,5,0.0759,0.1693,0.1529,0.1393,0.1582,0.1031,0.0724,0.1289,100,false
0,0.55,6,0.0735,0.1786,0.1551,0.1404,0.1573,0.0976,0.065,0.1325,100,false
0,0.55,7,0.0709,0.19,0.1541,0.1433,0.1535,0.095,0.0592,0.134,100,false
0,0.55,8,0.071,0.2032,0.1509,0.1444,0.1498,0.0907,0.0527,0.1373,100,false
0,0.55,9,0.0737,0.2149,0.1456,0.1408,0.1481,0.0875,0.0488,0.1406,100,false
0,0.55,10,0.0721,0.2239,0.1402,0.1389,0.1488,0.0836,0.0466,0.1459,100,false
0,0.55,50,0.0143,0.3373,0.0141,0.1909,0.0728,0.0781,0.0589,0.2336,100,false
0,0.55,100,0.0082,0.3498,0.0074,0.2261,0.0433,0.1021,0.0475,0.2156,100,false
0,0.55,1000,0.0076,0.3094,0.0045,0.2918,0.0284,0.1557,0.0291,0.1735,100,true
0,0.55,5000,0.0076,0.3094,0.0045,0.2918,0.0284,0.1557,0.0291,0.1735,100,true
0,0.55,10000,0.0076,0.3094,0.0045,0.2918,0.0284,0.1557,0.0291,0.1735,100,true
0,0.55,20000,0.0076,0.3094,0.0045,0.2918,0.0284,0.1557,0.0291,0.1735,100,true
0,0.55,30000,0.0076,0.3094,0.0045,0.2918,0.0284,0.1557,0.0291,0.1735,100,true
0,0.55,40000,0.0076,0.3094,0.0045,0.2918,0.0284,0.1557,0.0291,0.1735,100,true
0,0.55,50000,0.0076,0.3094,0.0045,0.2918,0.0284,0.1557,0.0291,0.1735,100,true
0,0.55,60000,0.0076,0.3094,0.0045,0.2918,0.0284,0.1557,0.0291,0.1735,100,true
0,0.55,70000,0.0076,0.3094,0.0045,0.2918,0.0284,0.1557,0.0291,0.1735,100,true
0,0.55,80000,0.0076,0.3094,0.0045,0.2918,0.0284,0.1557,0.0291,0.1735,100,true
0,0.55,90000,0.0076,0.3094,0.0045,0.2918,0.0284,0.1557,0.0291,0.1735,100,true
0,0.55,100000,0.0076,0.3094,0.0045,0.2918,0.0284,0.1557,0.0291,0.1735,100,true
0,0.35,0,0.1224,0.1252,0.1179,0.1275,0.1262,0.1268,0.1281,0.1259,100,false
0,0.35,1,0.1126,0.1239,0.1273,0.1292,0.1389,0.1262,0.1162,0.1257,100,false
0,0.35,2,0.1032,0.1265,0.1382,0.1285,0.1493,0.1209,0.1093,0.1241,100,false
0,0.35,3,0.0947,0.1328,0.1487,0.133,0.1551,0.1118,0.1029,0.121,100,false
0,0.35,4,0.0887,0.1431,0.1519,0.1372,0.1578,0.1064,0.0969,0.118,100,false
0,0.35,5,0.083,0.1494,0.1564,0.1417,0.156,0.1032,0.0926,0.1177,100,false
0,0.35,6,0.0789,0.1602,0.1588,0.1414,0.1554,0.1004,0.0879,0.117,100,false
0,0.35,7,0.0753,0.1697,0.1619,0.1443,0.1506,0.0983,0.0832,0.1167,100,false
0,0.35,8,0.0728,0.1824,0.1614,0.145,0.147,0.0968,0.0754,0.1192,100,false
0,0.35,9,0.0723,0.196,0.1598,0.1441,0.1458,0.0917,0.0693,0.121,100,false
0,0.35,10,0.0724,0.2081,0.1594,0.142,0.1412,0.0886,0.0647,0.1236,100,false
0,0.35,50,0.0452,0.292,0.0537,0.1683,0.1049,0.088,0.0763,0.1716,100,false
0,0.35,100,0.0287,0.2663,0.0437,0.2663,0.0742,0.1129,0.0765,0.1314,100,false
0,0.8,0,0.1257,0.1216,0.1211,0.1268,0.1271,0.1267,0.1239,0.1271,100,false
0,0.8,1,0.1028,0.1258,0.1435,0.1277,0.1505,0.1215,0.1048,0.1234,100,false
0,0.8,2,0.0929,0.131,0.1566,0.1306,0.1632,0.1132,0.0891,0.1234,100,false
0,0.8,3,0.0791,0.1417,0.1669,0.1364,0.1702,0.1044,0.0753,0.126,100,false
0,0.8,4,0.0736,0.154,0.1763,0.1357,0.1729,0.0955,0.0654,0.1266,100,false
0,0.8,5,0.0663,0.1706,0.1779,0.1356,0.1747,0.0872,0.0586,0.1291,100,false
0,0.8,6,0.0616,0.1837,0.1859,0.1316,0.1727,0.0804,0.0531,0.131,100,false
0,0.8,7,0.0564,0.202,0.189,0.1292,0.1675,0.0761,0.0468,0.133,100,false
0,0.8,8,0.0505,0.2245,0.1841,0.125,0.1666,0.0716,0.0417,0.136,100,false
0,0.8,9,0.0473,0.2452,0.1753,0.1199,0.1662,0.0679,0.0381,0.1401,100,false
0,0.8,10,0.0457,0.2729,0.1545,0.1199,0.1638,0.0646,0.0346,0.144,100,false
0,0.8,50,0.0059,0.4014,0.0075,0.1666,0.0965,0.0517,0.0345,0.2359,100,false
0,0.8,100,0.0023,0.4157,0.0064,0.2043,0.0775,0.0571,0.0199,0.2168,100,false
0,0.8,1000,0.0023,0.4177,0.0053,0.2034,0.0775,0.0571,0.0199,0.2168,100,true
0,0.8,5000,0.0023,0.4177,0.0053,0.2034,0.0775,0.0571,0.0199,0.2168,100,true
0,0.8,10000,0.0023,0.4177,0.0053,0.2034,0.0775,0.0571,0.0199,0.2168,100,true
0,0.8,20000,0.0023,0.4177,0.0053,0.2034,0.0775,0.0571,0.0199,0.2168,100,true
0,0.8,30000,0.0023,0.4177,0.0053,0.2034,0.0775,0.0571,0.0199,0.2168,100,true
0,0.8,40000,0.0023,0.4177,0.0053,0.2034,0.0775,0.0571,0.0199,0.2168,100,true
0,0.8,50000,0.0023,0.4177,0.0053,0.2034,0.0775,0.0571,0.0199,0.2168,100,true
0,0.8,60000,0.0023,0.4177,0.0053,0.2034,0.0775,0.0571,0.0199,0.2168,100,true
0,0.8,70000,0.0023,0.4177,0.0053,0.2034,0.0775,0.0571,0.0199,0.2168,100,true
0,0.8,80000,0.0023,0.4177,0.0053,0.2034,0.0775,0.0571,0.0199,0.2168,100,true
0,0.8,90000,0.0023,0.4177,0.0053,0.2034,0.0775,0.0571,0.0199,0.2168,100,true
0,0.8,100000,0.0023,0.4177,0.0053,0.2034,0.0775,0.0571,0.0199,0.2168,100,true
0,0.35,1000,0.046,0.3882,0.0079,0.1291,0.0021,0.1368,0.0137,0.2762,100,false
0,0.6,0,0.1256,0.1298,0.1247,0.1217,0.1232,0.123,0.1238,0.1282,100,false
0,0.6,1,0.1096,0.1328,0.1381,0.1219,0.1385,0.1215,0.1091,0.1285,100,false
0,0.6,2,0.098,0.1409,0.144,0.1241,0.1503,0.1141,0.0998,0.1288,100,false
0,0.6,3,0.0879,0.1483,0.155,0.1236,0.161,0.1073,0.0891,0.1278,100,false
0,0.6,4,0.0775,0.1614,0.1616,0.1251,0.1694,0.099,0.0788,0.1272,100,false
0,0.6,5,0.0741,0.1737,0.1646,0.1257,0.1715,0.0939,0.0706,0.1259,100,false
0,0.6,6,0.0713,0.187,0.1653,0.1282,0.169,0.0902,0.063,0.126,100,false
0,0.6,7,0.0708,0.1958,0.166,0.1285,0.1688,0.0873,0.0563,0.1265,100,false
0,0.6,8,0.0696,0.2108,0.162,0.1263,0.1669,0.0844,0.0503,0.1297,100,false
0,0.6,9,0.0646,0.2266,0.1554,0.1234,0.169,0.0802,0.0473,0.1335,100,false
0,0.6,10,0.0625,0.2388,0.1504,0.1235,0.1659,0.0768,0.0452,0.1369,100,false
0,0.6,50,0.0204,0.3166,0.0226,0.2197,0.085,0.0659,0.033,0.2368,100,false
0,0.6,100,0.0155,0.3441,0.0213,0.2058,0.0715,0.0882,0.0359,0.2177,100,false
0,0.6,1000,0.0054,0.308,0.0046,0.2521,0.0489,0.1029,0.019,0.2591,100,true
0,0.6,5000,0.0054,0.308,0.0046,0.2521,0.0489,0.1029,0.019,0.2591,100,true
0,0.6,10000,0.0054,0.308,0.0046,0.2521,0.0489,0.1029,0.019,0.2591,100,true
0,0.6,20000,0.0054,0.308,0.0046,0.2521,0.0489,0.1029,0.019,0.2591,100,true
0,0.6,30000,0.0054,0.308,0.0046,0.2521,0.0489,0.1029,0.019,0.2591,100,true
0,0.6,40000,0.0054,0.308,0.0046,0.2521,0.0489,0.1029,0.019,0.2591,100,true
0,0.6,50000,0.0054,0.308,0.0046,0.2521,0.0489,0.1029,0.019,0.2591,100,true
0,0.6,60000,0.0054,0.308,0.0046,0.2521,0.0489,0.1029,0.019,0.2591,100,true
0,0.6,70000,0.0054,0.308,0.0046,0.2521,0.0489,0.1029,0.019,0.2591,100,true
0,0.6,80000,0.0054,0.308,0.0046,0.2521,0.0489,0.1029,0.019,0.2591,100,true
0,0.6,90000,0.0054,0.308,0.0046,0.2521,0.0489,0.1029,0.019,0.2591,100,true
0,0.6,100000,0.0054,0.308,0.0046,0.2521,0.0489,0.1029,0.019,0.2591,100,true
0,0.85,0,0.1295,0.1255,0.1267,0.1263,0.1255,0.1251,0.1227,0.1187,100,false
0,0.85,1,0.1089,0.1272,0.1494,0.1281,0.1467,0.1216,0.0958,0.1223,100,false
0,0.85,2,0.0885,0.1393,0.1653,0.1297,0.1624,0.1092,0.0805,0.1251,100,false
0,0.85,3,0.0756,0.1547,0.1724,0.1313,0.1701,0.0977,0.0723,0.1259,100,false
0,0.85,4,0.0673,0.1707,0.1766,0.1353,0.17,0.0902,0.0601,0.1298,100,false
0,0.85,5,0.0651,0.1895,0.1761,0.1347,0.1677,0.0855,0.0518,0.1296,100,false
0,0.85,6,0.0621,0.2073,0.1758,0.1332,0.1613,0.0824,0.0438,0.1341,100,false
0,0.85,7,0.0624,0.2224,0.1745,0.1309,0.1549,0.0781,0.0398,0.137,100,false
0,0.85,8,0.0611,0.2461,0.1631,0.1258,0.153,0.0747,0.0359,0.1403,100,false
0,0.85,9,0.0607,0.2658,0.1479,0.1212,0.1527,0.0724,0.0341,0.1452,100,false
0,0.85,10,0.0624,0.2802,0.1316,0.12,0.1523,0.0712,0.0309,0.1514,100,false
0,0.85,50,0.0057,0.3919,0.0149,0.1831,0.0883,0.0583,0.0237,0.2341,100,false
0,0.85,100,0.0023,0.4164,0.0064,0.2013,0.0715,0.0634,0.0186,0.2201,100,false
0,0.85,1000,0.0016,0.4164,0.0064,0.205,0.069,0.0629,0.0186,0.2201,100,true
0,0.85,5000,0.0016,0.4164,0.0064,0.205,0.069,0.0629,0.0186,0.2201,100,true
0,0.85,10000,0.0016,0.4164,0.0064,0.205,0.069,0.0629,0.0186,0.2201,100,true
0,0.85,20000,0.0016,0.4164,0.0064,0.205,0.069,0.0629,0.0186,0.2201,100,true
0,0.85,30000,0.0016,0.4164,0.0064,0.205,0.069,0.0629,0.0186,0.2201,100,true
0,0.85,40000,0.0016,0.4164,0.0064,0.205,0.069,0.0629,0.0186,0.2201,100,true
0,0.85,50000,0.0016,0.4164,0.0064,0.205,0.069,0.0629,0.0186,0.2201,100,true
0,0.85,60000,0.0016,0.4164,0.0064,0.205,0.069,0.0629,0.0186,0.2201,100,true
0,0.85,70000,0.0016,0.4164,0.0064,0.205,0.069,0.0629,0.0186,0.2201,100,true
0,0.85,80000,0.0016,0.4164,0.0064,0.205,0.069,0.0629,0.0186,0.2201,100,true
0,0.85,90000,0.0016,0.4164,0.0064,0.205,0.069,0.0629,0.0186,0.2201,100,true
0,0.85,100000,0.0016,0.4164,0.0064,0.205,0.069,0.0629,0.0186,0.2201,100,true
0,0.35,5000,0.0019,0.0941,0.0011,0.0975,0.0015,0.1165,0.002,0.6854,100,true
0,0.35,10000,0.0019,0.0941,0.0011,0.0975,0.0015,0.1165,0.002,0.6854,100,true
0,0.35,20000,0.0019,0.0941,0.0011,0.0975,0.0015,0.1165,0.002,0.6854,100,true
0,0.35,30000,0.0019,0.0941,0.0011,0.0975,0.0015,0.1165,0.002,0.6854,100,true
0,0.35,40000,0.0019,0.0941,0.0011,0.0975,0.0015,0.1165,0.002,0.6854,100,true
0,0.35,50000,0.0019,0.0941,0.0011,0.0975,0.0015,0.1165,0.002,0.6854,100,true
0,0.35,60000,0.0019,0.0941,0.0011,0.0975,0.0015,0.1165,0.002,0.6854,100,true
0,0.35,70000,0.0019,0.0941,0.0011,0.0975,0.0015,0.1165,0.002,0.6854,100,true
0,0.35,80000,0.0019,0.0941,0.0011,0.0975,0.0015,0.1165,0.002,0.6854,100,true
0,0.35,90000,0.0019,0.0941,0.0011,0.0975,0.0015,0.1165,0.002,0.6854,100,true
0,0.35,100000,0.0019,0.0941,0.0011,0.0975,0.0015,0.1165,0.002,0.6854,100,true
0,0.65,0,0.1274,0.1236,0.1254,0.1236,0.1313,0.1242,0.1198,0.1247,100,false
0,0.65,1,0.1089,0.1263,0.1418,0.125,0.1484,0.1185,0.1053,0.1258,100,false
0,0.65,2,0.0928,0.1329,0.1557,0.1258,0.1602,0.1117,0.0937,0.1272,100,false
0,0.65,3,0.0808,0.1448,0.1627,0.129,0.1681,0.1043,0.0813,0.129,100,false
0,0.65,4,0.072,0.1519,0.1757,0.1284,0.1723,0.0973,0.0719,0.1305,100,false
0,0.65,5,0.0636,0.1656,0.1849,0.1285,0.1738,0.0913,0.061,0.1313,100,false
0,0.65,6,0.0581,0.1837,0.1888,0.1267,0.1679,0.0869,0.0556,0.1323,100,false
0,0.65,7,0.0567,0.2004,0.1921,0.1186,0.1669,0.0828,0.0489,0.1336,100,false
0,0.65,8,0.0536,0.22,0.1883,0.1145,0.1655,0.0787,0.0452,0.1342,100,false
0,0.65,9,0.0538,0.2418,0.1763,0.1112,0.1647,0.0745,0.0412,0.1365,100,false
0,0.65,10,0.052,0.263,0.1662,0.1084,0.162,0.0713,0.0377,0.1394,100,false
0,0.65,50,0.0057,0.3701,0.0152,0.1654,0.1023,0.0743,0.038,0.229,100,false
0,0.65,100,0.0025,0.3911,0.0088,0.1763,0.0861,0.0913,0.0243,0.2196,100,false
0,0.65,1000,0.0012,0.3976,0.0056,0.2105,0.0856,0.0638,0.0259,0.2098,100,true
0,0.65,5000,0.0012,0.3976,0.0056,0.2105,0.0856,0.0638,0.0259,0.2098,100,true
0,0.65,10000,0.0012,0.3976,0.0056,0.2105,0.0856,0.0638,0.0259,0.2098,100,true
0,0.65,20000,0.0012,0.3976,0.0056,0.2105,0.0856,0.0638,0.0259,0.2098,100,true
0,0.65,30000,0.0012,0.3976,0.0056,0.2105,0.0856,0.0638,0.0259,0.2098,100,true
0,0.65,40000,0.0012,0.3976,0.0056,0.2105,0.0856,0.0638,0.0259,0.2098,100,true
0,0.65,50000,0.0012,0.3976,0.0056,0.2105,0.0856,0.0638,0.0259,0.2098,100,true
0,0.65,60000,0.0012,0.3976,0.0056,0.2105,0.0856,0.0638,0.0259,0.2098,100,true
0,0.65,70000,0.0012,0.3976,0.0056,0.2105,0.0856,0.0638,0.0259,0.2098,100,true
0,0.65,80000,0.0012,0.3976,0.0056,0.2105,0.0856,0.0638,0.0259,0.2098,100,true
0,0.65,90000,0.0012,0.3976,0.0056,0.2105,0.0856,0.0638,0.0259,0.2098,100,true
0,0.65,100000,0.0012,0.3976,0.0056,0.2105,0.0856,0.0638,0.0259,0.2098,100,true
0,0.9,0,0.1261,0.1253,0.1263,0.1266,0.1242,0.1257,0.1246,0.1212,100,false
0,0.9,1,0.1025,0.1321,0.1478,0.1244,0.1501,0.1236,0.0967,0.1228,100,false
0,0.9,2,0.089,0.1415,0.1619,0.1291,0.163,0.1134,0.0806,0.1215,100,false
0,0.9,3,0.0782,0.1574,0.1688,0.1311,0.1709,0.1042,0.0694,0.12,100,false
0,0.4,0,0.1281,0.1197,0.1281,0.119,0.1258,0.1291,0.1237,0.1265,100,false
0,0.9,4,0.0667,0.1749,0.1718,0.135,0.1756,0.0952,0.0581,0.1227,100,false
0,0.4,1,0.1147,0.1225,0.1385,0.1182,0.1402,0.1267,0.112,0.1272,100,false
0,0.9,5,0.064,0.1899,0.1711,0.1384,0.1734,0.0867,0.0523,0.1242,100,false
0,0.4,2,0.1043,0.1256,0.1455,0.1188,0.1536,0.1233,0.0992,0.1297,100,false
0,0.9,6,0.0605,0.2023,0.175,0.1377,0.1695,0.0811,0.0471,0.1268,100,false
0,0.4,3,0.0927,0.1323,0.1519,0.1197,0.1643,0.1166,0.0918,0.1307,100,false
0,0.9,7,0.0551,0.2194,0.1735,0.1377,0.1662,0.0751,0.0435,0.1295,100,false
0,0.4,4,0.0857,0.1399,0.1555,0.1228,0.1705,0.1114,0.0833,0.1309,100,false
0,0.9,8,0.0502,0.2385,0.1698,0.1357,0.1635,0.0711,0.0395,0.1317,100,false
0,0.4,5,0.0811,0.1487,0.1586,0.1294,0.1676,0.1052,0.0787,0.1307,100,false
0,0.9,9,0.0446,0.2637,0.1586,0.1332,0.1596,0.0677,0.0357,0.1369,100,false
0,0.4,6,0.0777,0.1564,0.1653,0.1291,0.1662,0.1001,0.0709,0.1343,100,false
0,0.9,10,0.043,0.2851,0.1481,0.1298,0.1566,0.0657,0.0317,0.14,100,false
0,0.4,7,0.0752,0.1662,0.1674,0.1274,0.1647,0.095,0.0687,0.1354,100,false
0,0.4,8,0.0699,0.1794,0.1674,0.1275,0.1658,0.0894,0.0652,0.1354,100,false
0,0.4,9,0.0679,0.1903,0.1695,0.1238,0.166,0.0839,0.0614,0.1372,100,false
0,0.4,10,0.066,0.2019,0.171,0.122,0.1638,0.0798,0.0566,0.1389,100,false
0,0.9,50,0.001,0.4162,0.01,0.1576,0.0906,0.065,0.0369,0.2227,100,false
0,0.4,50,0.0242,0.3236,0.0245,0.179,0.1097,0.0851,0.0591,0.1948,100,false
0,0.9,100,0.0007,0.4448,0.0081,0.1919,0.0705,0.0675,0.0229,0.1936,100,false
0,0.4,100,0.0028,0.3894,0.0058,0.2444,0.0584,0.0773,0.042,0.1799,100,false
0,0.9,1000,0.0007,0.4483,0.0058,0.1909,0.0703,0.0675,0.0229,0.1936,100,true
0,0.9,5000,0.0007,0.4483,0.0058,0.1909,0.0703,0.0675,0.0229,0.1936,100,true
0,0.9,10000,0.0007,0.4483,0.0058,0.1909,0.0703,0.0675,0.0229,0.1936,100,true
0,0.9,20000,0.0007,0.4483,0.0058,0.1909,0.0703,0.0675,0.0229,0.1936,100,true
0,0.9,30000,0.0007,0.4483,0.0058,0.1909,0.0703,0.0675,0.0229,0.1936,100,true
0,0.9,40000,0.0007,0.4483,0.0058,0.1909,0.0703,0.0675,0.0229,0.1936,100,true
0,0.9,50000,0.0007,0.4483,0.0058,0.1909,0.0703,0.0675,0.0229,0.1936,100,true
0,0.9,60000,0.0007,0.4483,0.0058,0.1909,0.0703,0.0675,0.0229,0.1936,100,true
0,0.9,70000,0.0007,0.4483,0.0058,0.1909,0.0703,0.0675,0.0229,0.1936,100,true
0,0.9,80000,0.0007,0.4483,0.0058,0.1909,0.0703,0.0675,0.0229,0.1936,100,true
0,0.9,90000,0.0007,0.4483,0.0058,0.1909,0.0703,0.0675,0.0229,0.1936,100,true
0,0.9,100000,0.0007,0.4483,0.0058,0.1909,0.0703,0.0675,0.0229,0.1936,100,true
0,0.4,1000,0.0028,0.3941,0.0051,0.2414,0.0577,0.0773,0.0417,0.1799,100,true
0,0.4,5000,0.0028,0.3941,0.0051,0.2414,0.0577,0.0773,0.0417,0.1799,100,true
0,0.4,10000,0.0028,0.3941,0.0051,0.2414,0.0577,0.0773,0.0417,0.1799,100,true
0,0.4,20000,0.0028,0.3941,0.0051,0.2414,0.0577,0.0773,0.0417,0.1799,100,true
0,0.4,30000,0.0028,0.3941,0.0051,0.2414,0.0577,0.0773,0.0417,0.1799,100,true
0,0.4,40000,0.0028,0.3941,0.0051,0.2414,0.0577,0.0773,0.0417,0.1799,100,true
0,0.4,50000,0.0028,0.3941,0.0051,0.2414,0.0577,0.0773,0.0417,0.1799,100,true
0,0.4,60000,0.0028,0.3941,0.0051,0.2414,0.0577,0.0773,0.0417,0.1799,100,true
0,0.4,70000,0.0028,0.3941,0.0051,0.2414,0.0577,0.0773,0.0417,0.1799,100,true
0,0.4,80000,0.0028,0.3941,0.0051,0.2414,0.0577,0.0773,0.0417,0.1799,100,true
0,0.4,90000,0.0028,0.3941,0.0051,0.2414,0.0577,0.0773,0.0417,0.1799,100,true
0,0.4,100000,0.0028,0.3941,0.0051,0.2414,0.0577,0.0773,0.0417,0.1799,100,true
0,0.7,0,0.126,0.1295,0.1279,0.1289,0.1174,0.1248,0.12,0.1255,100,false
0,0.7,1,0.1111,0.1317,0.1443,0.127,0.1352,0.1235,0.099,0.1282,100,false
0,0.7,2,0.0979,0.1412,0.1566,0.1251,0.1476,0.1176,0.0869,0.1271,100,false
0,0.7,3,0.0856,0.152,0.167,0.1238,0.1547,0.1114,0.0757,0.1298,100,false
0,0.7,4,0.0767,0.169,0.1707,0.1252,0.1595,0.1027,0.0647,0.1315,100,false
0,0.7,5,0.0735,0.1871,0.171,0.1243,0.1612,0.0941,0.056,0.1328,100,false
0,0.7,6,0.0719,0.2013,0.1668,0.1235,0.1606,0.0887,0.05,0.1372,100,false
0,0.7,7,0.0675,0.2182,0.1613,0.1213,0.1589,0.0838,0.0471,0.1419,100,false
0,0.7,8,0.065,0.231,0.1557,0.1205,0.1573,0.0784,0.0437,0.1484,100,false
0,0.7,9,0.0627,0.2458,0.1476,0.1209,0.1551,0.0752,0.0398,0.1529,100,false
0,0.7,10,0.0631,0.2586,0.1388,0.1182,0.1544,0.0705,0.0393,0.1571,100,false
0.05,0.95,10000,0.157,0.2021,0.1386,0.0822,0.1906,0,0.1252,0.1043,100,false
0,0.7,50,0.0035,0.4002,0.0148,0.1459,0.1079,0.0782,0.0307,0.2188,100,false
0,0.7,100,0.0011,0.4099,0.0066,0.2004,0.0813,0.0803,0.0172,0.2032,100,false
0,0.7,1000,0.0011,0.4104,0.0065,0.2011,0.0802,0.0803,0.0172,0.2032,100,true
0,0.7,5000,0.0011,0.4104,0.0065,0.2011,0.0802,0.0803,0.0172,0.2032,100,true
0,0.7,10000,0.0011,0.4104,0.0065,0.2011,0.0802,0.0803,0.0172,0.2032,100,true
0,0.7,20000,0.0011,0.4104,0.0065,0.2011,0.0802,0.0803,0.0172,0.2032,100,true
0,0.7,30000,0.0011,0.4104,0.0065,0.2011,0.0802,0.0803,0.0172,0.2032,100,true
0,0.7,40000,0.0011,0.4104,0.0065,0.2011,0.0802,0.0803,0.0172,0.2032,100,true
0,0.7,50000,0.0011,0.4104,0.0065,0.2011,0.0802,0.0803,0.0172,0.2032,100,true
0,0.7,60000,0.0011,0.4104,0.0065,0.2011,0.0802,0.0803,0.0172,0.2032,100,true
0,0.7,70000,0.0011,0.4104,0.0065,0.2011,0.0802,0.0803,0.0172,0.2032,100,true
0,0.7,80000,0.0011,0.4104,0.0065,0.2011,0.0802,0.0803,0.0172,0.2032,100,true
0,0.7,90000,0.0011,0.4104,0.0065,0.2011,0.0802,0.0803,0.0172,0.2032,100,true
0,0.7,100000,0.0011,0.4104,0.0065,0.2011,0.0802,0.0803,0.0172,0.2032,100,true
0,0.95,0,0.1256,0.1251,0.1306,0.1255,0.124,0.1244,0.123,0.1218,100,false
0,0.45,0,0.1236,0.1233,0.1283,0.1222,0.1183,0.1248,0.1319,0.1276,100,false
0,0.95,1,0.103,0.1318,0.1516,0.1243,0.1478,0.1216,0.0985,0.1214,100,false
0,0.45,1,0.1151,0.1262,0.1427,0.1164,0.1337,0.1237,0.1177,0.1245,100,false
0,0.95,2,0.0879,0.1423,0.1696,0.1258,0.161,0.1105,0.079,0.1239,100,false
0,0.45,2,0.1029,0.1367,0.1521,0.113,0.1464,0.1207,0.1055,0.1227,100,false
0,0.95,3,0.0774,0.1519,0.1809,0.1242,0.1709,0.101,0.0678,0.1259,100,false
0,0.45,3,0.092,0.1483,0.1549,0.1131,0.1543,0.1208,0.0925,0.1241,100,false
0,0.95,4,0.0668,0.1682,0.1837,0.1266,0.1766,0.093,0.0565,0.1286,100,false
0,0.45,4,0.0883,0.1581,0.156,0.116,0.1583,0.1159,0.085,0.1224,100,false
0,0.95,5,0.0607,0.1833,0.1883,0.1233,0.1782,0.0855,0.0472,0.1335,100,false
0,0.45,5,0.0853,0.1658,0.1536,0.1224,0.1615,0.1098,0.0774,0.1242,100,false
0,0.95,6,0.0538,0.2036,0.1877,0.1204,0.1784,0.081,0.0384,0.1367,100,false
0,0.45,6,0.0803,0.1741,0.1519,0.1251,0.1682,0.1031,0.0704,0.1269,100,false
0,0.95,7,0.0515,0.2206,0.1831,0.1186,0.1767,0.0757,0.0344,0.1394,100,false
0,0.45,7,0.0796,0.1828,0.1502,0.1267,0.1704,0.0984,0.0643,0.1276,100,false
0,0.95,8,0.0522,0.2448,0.1686,0.1147,0.1744,0.0726,0.0306,0.1421,100,false
0,0.45,8,0.0738,0.1936,0.1496,0.1261,0.1702,0.0945,0.0602,0.132,100,false
0,0.95,9,0.0531,0.2604,0.1555,0.1141,0.1726,0.0688,0.0277,0.1478,100,false
0,0.45,9,0.068,0.2046,0.1483,0.1261,0.1696,0.0891,0.0571,0.1372,100,false
0,0.95,10,0.0493,0.2792,0.1395,0.1126,0.1752,0.0649,0.0264,0.1529,100,false
0,0.45,10,0.0653,0.2201,0.139,0.1287,0.1674,0.0845,0.0548,0.1402,100,false
0,0.95,50,0.0016,0.4022,0.0157,0.1637,0.1047,0.0527,0.0191,0.2403,100,false
0,0.45,50,0.0196,0.3174,0.0315,0.1737,0.0876,0.0813,0.0461,0.2428,100,false
0,0.95,100,0.0007,0.4134,0.0093,0.1877,0.0886,0.0611,0.0116,0.2276,100,false
0,0.45,100,0.0085,0.3294,0.0146,0.2326,0.0607,0.1094,0.0346,0.2102,100,false
0,0.95,1000,0.0007,0.4146,0.0086,0.1877,0.0881,0.0611,0.0116,0.2276,100,true
0,0.95,5000,0.0007,0.4146,0.0086,0.1877,0.0881,0.0611,0.0116,0.2276,100,true
0,0.95,10000,0.0007,0.4146,0.0086,0.1877,0.0881,0.0611,0.0116,0.2276,100,true
0,0.95,20000,0.0007,0.4146,0.0086,0.1877,0.0881,0.0611,0.0116,0.2276,100,true
0,0.95,30000,0.0007,0.4146,0.0086,0.1877,0.0881,0.0611,0.0116,0.2276,100,true
0,0.95,40000,0.0007,0.4146,0.0086,0.1877,0.0881,0.0611,0.0116,0.2276,100,true
0,0.95,50000,0.0007,0.4146,0.0086,0.1877,0.0881,0.0611,0.0116,0.2276,100,true
0,0.95,60000,0.0007,0.4146,0.0086,0.1877,0.0881,0.0611,0.0116,0.2276,100,true
0,0.95,70000,0.0007,0.4146,0.0086,0.1877,0.0881,0.0611,0.0116,0.2276,100,true
0,0.95,80000,0.0007,0.4146,0.0086,0.1877,0.0881,0.0611,0.0116,0.2276,100,true
0,0.95,90000,0.0007,0.4146,0.0086,0.1877,0.0881,0.0611,0.0116,0.2276,100,true
0,0.95,100000,0.0007,0.4146,0.0086,0.1877,0.0881,0.0611,0.0116,0.2276,100,true
0,0.45,1000,0.0119,0.3161,0.0045,0.2619,0.0509,0.0997,0.0269,0.2281,100,true
0,0.45,5000,0.0119,0.3161,0.0045,0.2619,0.0509,0.0997,0.0269,0.2281,100,true
0,0.45,10000,0.0119,0.3161,0.0045,0.2619,0.0509,0.0997,0.0269,0.2281,100,true
0,0.45,20000,0.0119,0.3161,0.0045,0.2619,0.0509,0.0997,0.0269,0.2281,100,true
0,0.45,30000,0.0119,0.3161,0.0045,0.2619,0.0509,0.0997,0.0269,0.2281,100,true
0,0.45,40000,0.0119,0.3161,0.0045,0.2619,0.0509,0.0997,0.0269,0.2281,100,true
0,0.45,50000,0.0119,0.3161,0.0045,0.2619,0.0509,0.0997,0.0269,0.2281,100,true
0,0.45,60000,0.0119,0.3161,0.0045,0.2619,0.0509,0.0997,0.0269,0.2281,100,true
0,0.45,70000,0.0119,0.3161,0.0045,0.2619,0.0509,0.0997,0.0269,0.2281,100,true
0,0.45,80000,0.0119,0.3161,0.0045,0.2619,0.0509,0.0997,0.0269,0.2281,100,true
0,0.45,90000,0.0119,0.3161,0.0045,0.2619,0.0509,0.0997,0.0269,0.2281,100,true
0,0.45,100000,0.0119,0.3161,0.0045,0.2619,0.0509,0.0997,0.0269,0.2281,100,true
0.05,1,0,0.1277,0.1293,0.1284,0.1243,0.1202,0.1239,0.126,0.1202,100,false
0.05,1,1,0.1006,0.1362,0.1543,0.1228,0.1463,0.1185,0.1002,0.1211,100,false
0.05,1,2,0.0849,0.1495,0.1664,0.1223,0.1604,0.1123,0.081,0.1232,100,false
0.05,1,3,0.0766,0.1669,0.1678,0.1284,0.1615,0.107,0.0675,0.1243,100,false
0.05,1,4,0.0699,0.1774,0.1693,0.1352,0.1604,0.1003,0.0593,0.1282,100,false
0.05,1,5,0.0699,0.1885,0.1755,0.1354,0.1548,0.0952,0.0538,0.1269,100,false
0.05,1,6,0.0658,0.2031,0.1799,0.1314,0.1497,0.0909,0.048,0.1312,100,false
0.05,1,7,0.062,0.2191,0.1754,0.1326,0.1427,0.0888,0.0436,0.1358,100,false
0.05,1,8,0.0576,0.2397,0.1692,0.1268,0.1402,0.0873,0.0368,0.1424,100,false
0.05,1,9,0.0534,0.2602,0.1609,0.1187,0.1416,0.0849,0.0327,0.1476,100,false
0.05,1,10,0.0526,0.284,0.1406,0.1199,0.1382,0.0811,0.0309,0.1527,100,false
0.05,1,50,0.0028,0.2888,0.0084,0.1698,0.0741,0.08,0.0423,0.3338,100,false
0,0.75,0,0.1228,0.1232,0.1252,0.1291,0.1255,0.1216,0.1227,0.1299,100,false
0,0.75,1,0.1027,0.126,0.144,0.1318,0.142,0.1169,0.11,0.1266,100,false
0,0.75,2,0.0862,0.1387,0.1592,0.1283,0.1555,0.1114,0.0951,0.1256,100,false
0,0.75,3,0.0747,0.1555,0.1672,0.1311,0.1597,0.1045,0.0831,0.1242,100,false
0,0.75,4,0.0684,0.1678,0.1753,0.1297,0.1665,0.0968,0.0723,0.1232,100,false
0,0.75,5,0.0627,0.1833,0.1764,0.132,0.1662,0.0913,0.0643,0.1238,100,false
0,0.75,6,0.0637,0.1956,0.1787,0.1328,0.1637,0.0857,0.0534,0.1264,100,false
0,0.75,7,0.0594,0.2127,0.1786,0.1335,0.1576,0.0809,0.0483,0.129,100,false
0,0.75,8,0.0583,0.2365,0.1712,0.1282,0.1542,0.0765,0.0436,0.1315,100,false
0,0.75,9,0.0583,0.2559,0.1613,0.1236,0.1538,0.073,0.0388,0.1353,100,false
0,0.75,10,0.0577,0.2761,0.149,0.1189,0.1523,0.0707,0.0365,0.1388,100,false
0.05,1,100,0.0023,0.3169,0.0077,0.2194,0.0603,0.0945,0.0922,0.2067,100,false
0,0.75,50,0.0197,0.3741,0.0128,0.1626,0.0797,0.0868,0.0242,0.2401,100,false
0,0.75,100,0.0063,0.3637,0.009,0.2364,0.0582,0.0966,0.0232,0.2066,100,false
0,0.75,1000,0.0013,0.3862,0.0033,0.2465,0.0457,0.1089,0.0286,0.1795,100,true
0,0.75,5000,0.0013,0.3862,0.0033,0.2465,0.0457,0.1089,0.0286,0.1795,100,true
0,0.75,10000,0.0013,0.3862,0.0033,0.2465,0.0457,0.1089,0.0286,0.1795,100,true
0,0.75,20000,0.0013,0.3862,0.0033,0.2465,0.0457,0.1089,0.0286,0.1795,100,true
0,0.75,30000,0.0013,0.3862,0.0033,0.2465,0.0457,0.1089,0.0286,0.1795,100,true
0,0.75,40000,0.0013,0.3862,0.0033,0.2465,0.0457,0.1089,0.0286,0.1795,100,true
0,0.75,50000,0.0013,0.3862,0.0033,0.2465,0.0457,0.1089,0.0286,0.1795,100,true
0,0.75,60000,0.0013,0.3862,0.0033,0.2465,0.0457,0.1089,0.0286,0.1795,100,true
0,0.75,70000,0.0013,0.3862,0.0033,0.2465,0.0457,0.1089,0.0286,0.1795,100,true
0,0.75,80000,0.0013,0.3862,0.0033,0.2465,0.0457,0.1089,0.0286,0.1795,100,true
0,0.75,90000,0.0013,0.3862,0.0033,0.2465,0.0457,0.1089,0.0286,0.1795,100,true
0,0.75,100000,0.0013,0.3862,0.0033,0.2465,0.0457,0.1089,0.0286,0.1795,100,true
0,1,0,0.1212,0.1283,0.1264,0.1237,0.1288,0.124,0.1266,0.121,100,false
0,1,1,0.0953,0.1321,0.1538,0.1248,0.1518,0.1193,0.1011,0.1218,100,false
0,1,2,0.0773,0.1485,0.1673,0.1284,0.1623,0.1113,0.0846,0.1203,100,false
0,1,3,0.0673,0.1668,0.1746,0.1287,0.1654,0.1086,0.0674,0.1212,100,false
0,1,4,0.0591,0.1874,0.1739,0.1361,0.1643,0.1022,0.0565,0.1205,100,false
0,1,5,0.057,0.2124,0.1719,0.1345,0.1621,0.0944,0.0475,0.1202,100,false
0,1,6,0.0565,0.2349,0.1623,0.1331,0.16,0.0891,0.0423,0.1218,100,false
0,1,7,0.0538,0.2598,0.1454,0.135,0.1588,0.0838,0.0367,0.1267,100,false
0,1,8,0.0533,0.2753,0.1336,0.1372,0.158,0.0796,0.0327,0.1303,100,false
0,1,9,0.0531,0.2912,0.1211,0.1408,0.1534,0.0744,0.0297,0.1363,100,false
0,1,10,0.0475,0.3068,0.1137,0.1374,0.1556,0.0695,0.0272,0.1423,100,false
0,0.5,0,0.1189,0.1306,0.1225,0.1271,0.1207,0.1279,0.1233,0.129,100,false
0,0.5,1,0.1033,0.1376,0.1325,0.1272,0.1347,0.1243,0.1106,0.1298,100,false
0,0.5,2,0.0946,0.1485,0.1372,0.1294,0.146,0.1187,0.0984,0.1272,100,false
0,0.5,3,0.0866,0.1572,0.1394,0.1345,0.1507,0.1135,0.09,0.1281,100,false
0,0.5,4,0.0825,0.1662,0.145,0.1339,0.1534,0.1102,0.082,0.1268,100,false
0,0.5,5,0.0816,0.1725,0.1484,0.1347,0.1553,0.1039,0.0756,0.128,100,false
0,0.5,6,0.0791,0.1785,0.1506,0.1342,0.1604,0.0982,0.0696,0.1294,100,false
0,0.5,7,0.0776,0.1884,0.1511,0.1324,0.1618,0.094,0.0641,0.1306,100,false
0,0.5,8,0.0749,0.1942,0.1549,0.1302,0.1605,0.0919,0.0608,0.1326,100,false
0,0.5,9,0.0697,0.2064,0.1552,0.1322,0.1584,0.0873,0.0561,0.1347,100,false
0,0.5,10,0.0669,0.2225,0.1489,0.1324,0.1549,0.0838,0.0534,0.1372,100,false
0,1,50,0.0048,0.413,0.005,0.2222,0.0659,0.0743,0.0246,0.1902,100,false
0,0.5,50,0.0156,0.3582,0.0239,0.1788,0.1012,0.0743,0.0581,0.1899,100,false
0,1,100,0.0025,0.4117,0.0039,0.2457,0.0593,0.0863,0.0166,0.174,100,false
0,1,1000,0.0025,0.4117,0.0039,0.2519,0.0545,0.0854,0.0161,0.174,100,true
0,1,5000,0.0025,0.4117,0.0039,0.2519,0.0545,0.0854,0.0161,0.174,100,true
0,1,10000,0.0025,0.4117,0.0039,0.2519,0.0545,0.0854,0.0161,0.174,100,true
0,1,20000,0.0025,0.4117,0.0039,0.2519,0.0545,0.0854,0.0161,0.174,100,true
0,1,30000,0.0025,0.4117,0.0039,0.2519,0.0545,0.0854,0.0161,0.174,100,true
0,1,40000,0.0025,0.4117,0.0039,0.2519,0.0545,0.0854,0.0161,0.174,100,true
0,1,50000,0.0025,0.4117,0.0039,0.2519,0.0545,0.0854,0.0161,0.174,100,true
0,1,60000,0.0025,0.4117,0.0039,0.2519,0.0545,0.0854,0.0161,0.174,100,true
0,1,70000,0.0025,0.4117,0.0039,0.2519,0.0545,0.0854,0.0161,0.174,100,true
0,1,80000,0.0025,0.4117,0.0039,0.2519,0.0545,0.0854,0.0161,0.174,100,true
0,1,90000,0.0025,0.4117,0.0039,0.2519,0.0545,0.0854,0.0161,0.174,100,true
0,1,100000,0.0025,0.4117,0.0039,0.2519,0.0545,0.0854,0.0161,0.174,100,true
0,0.5,100,0.0092,0.3822,0.0075,0.2163,0.0656,0.0952,0.045,0.179,100,false
0,0.5,1000,0.0031,0.391,0.0061,0.2117,0.0634,0.1039,0.0386,0.1822,100,true
0,0.5,5000,0.0031,0.391,0.0061,0.2117,0.0634,0.1039,0.0386,0.1822,100,true
0,0.5,10000,0.0031,0.391,0.0061,0.2117,0.0634,0.1039,0.0386,0.1822,100,true
0,0.5,20000,0.0031,0.391,0.0061,0.2117,0.0634,0.1039,0.0386,0.1822,100,true
0,0.5,30000,0.0031,0.391,0.0061,0.2117,0.0634,0.1039,0.0386,0.1822,100,true
0,0.5,40000,0.0031,0.391,0.0061,0.2117,0.0634,0.1039,0.0386,0.1822,100,true
0,0.5,50000,0.0031,0.391,0.0061,0.2117,0.0634,0.1039,0.0386,0.1822,100,true
0,0.5,60000,0.0031,0.391,0.0061,0.2117,0.0634,0.1039,0.0386,0.1822,100,true
0,0.5,70000,0.0031,0.391,0.0061,0.2117,0.0634,0.1039,0.0386,0.1822,100,true
0,0.5,80000,0.0031,0.391,0.0061,0.2117,0.0634,0.1039,0.0386,0.1822,100,true
0,0.5,90000,0.0031,0.391,0.0061,0.2117,0.0634,0.1039,0.0386,0.1822,100,true
0,0.5,100000,0.0031,0.391,0.0061,0.2117,0.0634,0.1039,0.0386,0.1822,100,true
0.05,1,1000,0.0103,0.2109,0,0.3811,0,0.1533,0.0013,0.2431,100,false
0,0.8,0,0.1215,0.1306,0.123,0.1274,0.1219,0.1277,0.1244,0.1235,100,false
0,0.8,1,0.1007,0.1323,0.1416,0.1321,0.1389,0.122,0.109,0.1234,100,false
0,0.8,2,0.0831,0.146,0.1588,0.1325,0.1496,0.1147,0.0925,0.1228,100,false
0,0.8,3,0.0738,0.1642,0.1633,0.1317,0.1574,0.1077,0.0805,0.1214,100,false
0,0.8,4,0.0671,0.182,0.1613,0.132,0.1606,0.1006,0.0741,0.1223,100,false
0,0.8,5,0.0635,0.1967,0.1578,0.1384,0.1573,0.0979,0.0664,0.122,100,false
0,0.8,6,0.0615,0.2088,0.1546,0.1439,0.1516,0.0953,0.0604,0.1239,100,false
0,0.8,7,0.0579,0.225,0.151,0.1426,0.1504,0.0915,0.0541,0.1275,100,false
0,0.8,8,0.0572,0.2407,0.1442,0.1433,0.1478,0.0875,0.0492,0.1301,100,false
0,0.8,9,0.0576,0.2554,0.1343,0.1457,0.1446,0.0849,0.045,0.1325,100,false
0,0.8,10,0.0538,0.273,0.1238,0.1466,0.1426,0.0801,0.0426,0.1375,100,false
0,0.8,50,0.0177,0.3988,0.0092,0.1886,0.0638,0.0791,0.0393,0.2035,100,false
0,0.8,100,0.0134,0.3816,0.0055,0.2238,0.0549,0.0925,0.0185,0.2098,100,false
0,0.8,1000,0.0015,0.3702,0.0031,0.2682,0.0469,0.0923,0.0155,0.2023,100,true
0,0.8,5000,0.0015,0.3702,0.0031,0.2682,0.0469,0.0923,0.0155,0.2023,100,true
0,0.8,10000,0.0015,0.3702,0.0031,0.2682,0.0469,0.0923,0.0155,0.2023,100,true
0,0.8,20000,0.0015,0.3702,0.0031,0.2682,0.0469,0.0923,0.0155,0.2023,100,true
0,0.8,30000,0.0015,0.3702,0.0031,0.2682,0.0469,0.0923,0.0155,0.2023,100,true
0,0.8,40000,0.0015,0.3702,0.0031,0.2682,0.0469,0.0923,0.0155,0.2023,100,true
0,0.8,50000,0.0015,0.3702,0.0031,0.2682,0.0469,0.0923,0.0155,0.2023,100,true
0,0.8,60000,0.0015,0.3702,0.0031,0.2682,0.0469,0.0923,0.0155,0.2023,100,true
0,0.8,70000,0.0015,0.3702,0.0031,0.2682,0.0469,0.0923,0.0155,0.2023,100,true
0,0.8,80000,0.0015,0.3702,0.0031,0.2682,0.0469,0.0923,0.0155,0.2023,100,true
0,0.8,90000,0.0015,0.3702,0.0031,0.2682,0.0469,0.0923,0.0155,0.2023,100,true
0,0.8,100000,0.0015,0.3702,0.0031,0.2682,0.0469,0.0923,0.0155,0.2023,100,true
0.05,0,0,0.1221,0.1241,0.1294,0.1255,0.1274,0.121,0.1273,0.1232,100,false
0.05,0,1,0.1215,0.1252,0.1315,0.1275,0.1235,0.1196,0.1288,0.1224,100,false
0.05,0,2,0.1243,0.1242,0.1336,0.1273,0.1192,0.1229,0.13,0.1185,100,false
0.05,0,3,0.1283,0.1229,0.1364,0.1233,0.1208,0.1215,0.1313,0.1155,100,false
0,0.55,0,0.1264,0.1272,0.1235,0.1293,0.119,0.1244,0.1267,0.1235,100,false
0.05,0,4,0.1308,0.1223,0.138,0.1237,0.1197,0.1254,0.1278,0.1123,100,false
0,0.55,1,0.1147,0.1283,0.138,0.126,0.1346,0.1239,0.1071,0.1274,100,false
0.05,0,5,0.1307,0.1237,0.1389,0.1214,0.1217,0.1245,0.1287,0.1104,100,false
0,0.55,2,0.1011,0.1365,0.1452,0.1274,0.1447,0.1182,0.096,0.1309,100,false
0.05,0,6,0.1312,0.1263,0.1372,0.1214,0.1214,0.1246,0.1258,0.1121,100,false
0,0.55,3,0.0926,0.1449,0.1474,0.1266,0.1586,0.1106,0.0877,0.1316,100,false
0.05,0,7,0.1299,0.1258,0.1368,0.12,0.1223,0.1263,0.1259,0.113,100,false
0,0.55,4,0.0855,0.1571,0.1481,0.131,0.1604,0.1063,0.0791,0.1325,100,false
0.05,0,8,0.1312,0.1287,0.1341,0.1193,0.122,0.1261,0.1247,0.1139,100,false
0,0.55,5,0.0804,0.1664,0.1471,0.137,0.162,0.099,0.0738,0.1343,100,false
0,0.55,6,0.0765,0.175,0.1467,0.1449,0.1592,0.0942,0.0655,0.138,100,false
0.05,0,9,0.1312,0.1303,0.1321,0.1189,0.1251,0.1241,0.1211,0.1172,100,false
0,0.55,7,0.0734,0.1849,0.147,0.151,0.1542,0.0895,0.061,0.139,100,false
0.05,0,10,0.1325,0.1305,0.133,0.1164,0.1286,0.1225,0.1201,0.1164,100,false
0,0.55,8,0.069,0.1963,0.1491,0.1526,0.1496,0.0864,0.0539,0.1431,100,false
0,0.55,9,0.0643,0.2068,0.151,0.1509,0.1466,0.0848,0.0496,0.146,100,false
0,0.55,10,0.0596,0.218,0.1534,0.1467,0.1455,0.0827,0.0441,0.15,100,false
0,0.55,50,0.018,0.2956,0.0237,0.2075,0.0923,0.1037,0.0529,0.2063,100,false
0.05,0,50,0.1299,0.1124,0.1317,0.1101,0.1364,0.1185,0.1203,0.1407,100,false
0,0.55,100,0.0175,0.332,0.0097,0.2307,0.0488,0.1295,0.0283,0.2035,100,false
0.05,0,100,0.1131,0.124,0.1086,0.1031,0.1548,0.0992,0.1395,0.1577,100,false
0,0.55,1000,0.0041,0.2937,0.0064,0.2936,0.0421,0.1921,0.0184,0.1496,100,true
0,0.55,5000,0.0041,0.2937,0.0064,0.2936,0.0421,0.1921,0.0184,0.1496,100,true
0,0.55,10000,0.0041,0.2937,0.0064,0.2936,0.0421,0.1921,0.0184,0.1496,100,true
0,0.55,20000,0.0041,0.2937,0.0064,0.2936,0.0421,0.1921,0.0184,0.1496,100,true
0,0.55,30000,0.0041,0.2937,0.0064,0.2936,0.0421,0.1921,0.0184,0.1496,100,true
0,0.55,40000,0.0041,0.2937,0.0064,0.2936,0.0421,0.1921,0.0184,0.1496,100,true
0,0.55,50000,0.0041,0.2937,0.0064,0.2936,0.0421,0.1921,0.0184,0.1496,100,true
0,0.55,60000,0.0041,0.2937,0.0064,0.2936,0.0421,0.1921,0.0184,0.1496,100,true
0,0.55,70000,0.0041,0.2937,0.0064,0.2936,0.0421,0.1921,0.0184,0.1496,100,true
0,0.55,80000,0.0041,0.2937,0.0064,0.2936,0.0421,0.1921,0.0184,0.1496,100,true
0,0.55,90000,0.0041,0.2937,0.0064,0.2936,0.0421,0.1921,0.0184,0.1496,100,true
0,0.55,100000,0.0041,0.2937,0.0064,0.2936,0.0421,0.1921,0.0184,0.1496,100,true
0,0.85,0,0.1212,0.1242,0.1223,0.1318,0.1247,0.1257,0.1217,0.1284,100,false
0,0.85,1,0.0981,0.1298,0.1443,0.1331,0.1428,0.1236,0.0994,0.1289,100,false
0,0.85,2,0.085,0.1388,0.1636,0.1341,0.1493,0.1186,0.0839,0.1267,100,false
0,0.85,3,0.0769,0.1527,0.1744,0.1373,0.1546,0.1079,0.0676,0.1286,100,false
0,0.85,4,0.0707,0.1704,0.1766,0.1386,0.1564,0.0985,0.0579,0.1309,100,false
0,0.85,5,0.0653,0.1866,0.1779,0.1436,0.151,0.0923,0.0481,0.1352,100,false
0,0.85,6,0.0615,0.2055,0.1753,0.1413,0.1461,0.0902,0.0402,0.1399,100,false
0,0.85,7,0.0576,0.2198,0.1758,0.1385,0.1417,0.0866,0.0354,0.1446,100,false
0,0.85,8,0.0552,0.2373,0.1731,0.1332,0.1388,0.083,0.0297,0.1497,100,false
0,0.85,9,0.0504,0.261,0.1621,0.1286,0.135,0.0807,0.0275,0.1547,100,false
0,0.85,10,0.0502,0.2824,0.149,0.1254,0.1317,0.0782,0.0251,0.158,100,false
0.05,0,1000,0.1342,0.1506,0.0339,0.1572,0.1171,0.0693,0.2357,0.102,100,false
0,0.85,50,0.0029,0.3876,0.0135,0.1505,0.0902,0.0752,0.0159,0.2642,100,false
0,0.85,100,0.0019,0.397,0.0096,0.1673,0.0706,0.0761,0.0137,0.2638,100,true
0,0.85,1000,0.0019,0.397,0.0096,0.1673,0.0706,0.0761,0.0137,0.2638,100,true
0,0.85,5000,0.0019,0.397,0.0096,0.1673,0.0706,0.0761,0.0137,0.2638,100,true
0,0.85,10000,0.0019,0.397,0.0096,0.1673,0.0706,0.0761,0.0137,0.2638,100,true
0,0.85,20000,0.0019,0.397,0.0096,0.1673,0.0706,0.0761,0.0137,0.2638,100,true
0,0.85,30000,0.0019,0.397,0.0096,0.1673,0.0706,0.0761,0.0137,0.2638,100,true
0,0.85,40000,0.0019,0.397,0.0096,0.1673,0.0706,0.0761,0.0137,0.2638,100,true
0,0.85,50000,0.0019,0.397,0.0096,0.1673,0.0706,0.0761,0.0137,0.2638,100,true
0,0.85,60000,0.0019,0.397,0.0096,0.1673,0.0706,0.0761,0.0137,0.2638,100,true
0,0.85,70000,0.0019,0.397,0.0096,0.1673,0.0706,0.0761,0.0137,0.2638,100,true
0,0.85,80000,0.0019,0.397,0.0096,0.1673,0.0706,0.0761,0.0137,0.2638,100,true
0,0.85,90000,0.0019,0.397,0.0096,0.1673,0.0706,0.0761,0.0137,0.2638,100,true
0,0.85,100000,0.0019,0.397,0.0096,0.1673,0.0706,0.0761,0.0137,0.2638,100,true
0,0.6,0,0.1242,0.1285,0.1209,0.1232,0.1256,0.1271,0.12,0.1305,100,false
0,0.6,1,0.1077,0.134,0.1329,0.1253,0.1389,0.1239,0.1096,0.1277,100,false
0,0.6,2,0.0963,0.1379,0.1492,0.1242,0.1543,0.1149,0.0952,0.128,100,false
0,0.6,3,0.0894,0.1457,0.1569,0.1264,0.1617,0.1061,0.0887,0.1251,100,false
0,0.6,4,0.0808,0.1591,0.1574,0.1323,0.1622,0.1014,0.0804,0.1264,100,false
0,0.6,5,0.0744,0.1708,0.158,0.136,0.1638,0.0964,0.0715,0.1291,100,false
0,0.6,6,0.0718,0.1825,0.1593,0.1368,0.1623,0.0908,0.0654,0.1311,100,false
0,0.6,7,0.0674,0.1954,0.1598,0.1354,0.1619,0.0864,0.0595,0.1342,100,false
0,0.6,8,0.0625,0.2098,0.1605,0.1304,0.1581,0.0854,0.0535,0.1398,100,false
0,0.6,9,0.0637,0.2205,0.1548,0.1288,0.1577,0.0823,0.0503,0.1419,100,false
0,0.6,10,0.065,0.2303,0.1526,0.1269,0.1547,0.0789,0.0448,0.1468,100,false
0,0.6,50,0.0153,0.3477,0.0121,0.1958,0.0907,0.0914,0.0262,0.2208,100,false
0,0.6,100,0.0033,0.3668,0.0055,0.2235,0.0579,0.1119,0.0193,0.2118,100,true
0,0.6,1000,0.0033,0.3668,0.0055,0.2235,0.0579,0.1119,0.0193,0.2118,100,true
0,0.6,5000,0.0033,0.3668,0.0055,0.2235,0.0579,0.1119,0.0193,0.2118,100,true
0,0.6,10000,0.0033,0.3668,0.0055,0.2235,0.0579,0.1119,0.0193,0.2118,100,true
0,0.6,20000,0.0033,0.3668,0.0055,0.2235,0.0579,0.1119,0.0193,0.2118,100,true
0,0.6,30000,0.0033,0.3668,0.0055,0.2235,0.0579,0.1119,0.0193,0.2118,100,true
0,0.6,40000,0.0033,0.3668,0.0055,0.2235,0.0579,0.1119,0.0193,0.2118,100,true
0,0.6,50000,0.0033,0.3668,0.0055,0.2235,0.0579,0.1119,0.0193,0.2118,100,true
0,0.6,60000,0.0033,0.3668,0.0055,0.2235,0.0579,0.1119,0.0193,0.2118,100,true
0,0.6,70000,0.0033,0.3668,0.0055,0.2235,0.0579,0.1119,0.0193,0.2118,100,true
0,0.6,80000,0.0033,0.3668,0.0055,0.2235,0.0579,0.1119,0.0193,0.2118,100,true
0,0.6,90000,0.0033,0.3668,0.0055,0.2235,0.0579,0.1119,0.0193,0.2118,100,true
0,0.6,100000,0.0033,0.3668,0.0055,0.2235,0.0579,0.1119,0.0193,0.2118,100,true
0,0.9,0,0.1262,0.1227,0.1238,0.1272,0.1261,0.1219,0.1282,0.1239,100,false
0,0.9,1,0.1062,0.1239,0.1466,0.1297,0.151,0.118,0.1025,0.1221,100,false
0,0.9,2,0.0849,0.1316,0.161,0.1345,0.168,0.1075,0.0872,0.1253,100,false
0,0.9,3,0.0723,0.1424,0.1701,0.14,0.1721,0.1012,0.0744,0.1275,100,false
0,0.9,4,0.0649,0.1564,0.1761,0.1447,0.172,0.0924,0.0663,0.1272,100,false
0,0.9,5,0.0593,0.1736,0.1816,0.1453,0.1709,0.0851,0.0584,0.1258,100,false
0,0.9,6,0.0571,0.1885,0.1913,0.14,0.1665,0.0808,0.0487,0.1271,100,false
0,0.9,7,0.056,0.2072,0.1907,0.1357,0.1614,0.0772,0.0428,0.129,100,false
0,0.9,8,0.0526,0.2275,0.1904,0.1293,0.157,0.0734,0.0385,0.1313,100,false
0,0.9,9,0.0528,0.2457,0.1873,0.1225,0.1524,0.0698,0.035,0.1345,100,false
0,0.9,10,0.053,0.2616,0.1758,0.123,0.147,0.0689,0.0315,0.1392,100,false
0,0.9,50,0.0041,0.3691,0.0159,0.2056,0.0838,0.062,0.0242,0.2353,100,false
0,0.9,100,0.0016,0.4064,0.0033,0.2098,0.0712,0.0633,0.0183,0.2261,100,false
0,0.9,1000,0.0016,0.4064,0.0033,0.2104,0.0706,0.0636,0.018,0.2261,100,true
0,0.9,5000,0.0016,0.4064,0.0033,0.2104,0.0706,0.0636,0.018,0.2261,100,true
0,0.9,10000,0.0016,0.4064,0.0033,0.2104,0.0706,0.0636,0.018,0.2261,100,true
0,0.9,20000,0.0016,0.4064,0.0033,0.2104,0.0706,0.0636,0.018,0.2261,100,true
0,0.9,30000,0.0016,0.4064,0.0033,0.2104,0.0706,0.0636,0.018,0.2261,100,true
0,0.9,40000,0.0016,0.4064,0.0033,0.2104,0.0706,0.0636,0.018,0.2261,100,true
0,0.9,50000,0.0016,0.4064,0.0033,0.2104,0.0706,0.0636,0.018,0.2261,100,true
0,0.9,60000,0.0016,0.4064,0.0033,0.2104,0.0706,0.0636,0.018,0.2261,100,true
0,0.9,70000,0.0016,0.4064,0.0033,0.2104,0.0706,0.0636,0.018,0.2261,100,true
0,0.9,80000,0.0016,0.4064,0.0033,0.2104,0.0706,0.0636,0.018,0.2261,100,true
0,0.9,90000,0.0016,0.4064,0.0033,0.2104,0.0706,0.0636,0.018,0.2261,100,true
0,0.9,100000,0.0016,0.4064,0.0033,0.2104,0.0706,0.0636,0.018,0.2261,100,true
0.05,1,5000,0,0.2082,0,0.326,0,0.2216,0,0.2442,100,false
0,0.65,0,0.1227,0.1192,0.1257,0.1293,0.1211,0.1258,0.1283,0.1279,100,false
0,0.65,1,0.1009,0.1267,0.1462,0.1302,0.1358,0.1251,0.1069,0.1282,100,false
0,0.65,2,0.0834,0.1425,0.1591,0.1269,0.1507,0.1174,0.0921,0.1279,100,false
0,0.65,3,0.0744,0.1586,0.1682,0.1254,0.1552,0.1139,0.0784,0.1259,100,false
0,0.65,4,0.0691,0.1723,0.1732,0.1247,0.1576,0.1083,0.0696,0.1252,100,false
0,0.65,5,0.0703,0.1872,0.1722,0.1263,0.1612,0.1005,0.0589,0.1234,100,false
0,0.65,6,0.0686,0.2076,0.1676,0.1249,0.16,0.0951,0.0507,0.1255,100,false
0,0.65,7,0.0685,0.2247,0.1591,0.1239,0.1627,0.0887,0.0438,0.1286,100,false
0,0.65,8,0.0712,0.2365,0.153,0.1206,0.1624,0.0835,0.0386,0.1342,100,false
0,0.65,9,0.0703,0.2474,0.1482,0.1175,0.1634,0.0776,0.0352,0.1404,100,false
0,0.65,10,0.0697,0.2616,0.1375,0.12,0.1584,0.0749,0.0343,0.1436,100,false
0,0.65,50,0.0073,0.3423,0.0201,0.1489,0.1015,0.0867,0.0521,0.2411,100,false
0,0.65,100,0.0049,0.3871,0.0123,0.209,0.067,0.1038,0.0309,0.185,100,false
0,0.65,1000,0.0018,0.3884,0.009,0.2103,0.0638,0.1044,0.03,0.1923,100,true
0,0.65,5000,0.0018,0.3884,0.009,0.2103,0.0638,0.1044,0.03,0.1923,100,true
0,0.65,10000,0.0018,0.3884,0.009,0.2103,0.0638,0.1044,0.03,0.1923,100,true
0,0.65,20000,0.0018,0.3884,0.009,0.2103,0.0638,0.1044,0.03,0.1923,100,true
0,0.65,30000,0.0018,0.3884,0.009,0.2103,0.0638,0.1044,0.03,0.1923,100,true
0,0.65,40000,0.0018,0.3884,0.009,0.2103,0.0638,0.1044,0.03,0.1923,100,true
0,0.65,50000,0.0018,0.3884,0.009,0.2103,0.0638,0.1044,0.03,0.1923,100,true
0,0.65,60000,0.0018,0.3884,0.009,0.2103,0.0638,0.1044,0.03,0.1923,100,true
0,0.65,70000,0.0018,0.3884,0.009,0.2103,0.0638,0.1044,0.03,0.1923,100,true
0,0.65,80000,0.0018,0.3884,0.009,0.2103,0.0638,0.1044,0.03,0.1923,100,true
0,0.65,90000,0.0018,0.3884,0.009,0.2103,0.0638,0.1044,0.03,0.1923,100,true
0,0.65,100000,0.0018,0.3884,0.009,0.2103,0.0638,0.1044,0.03,0.1923,100,true
0,0.95,0,0.1285,0.1259,0.1298,0.1241,0.1268,0.1196,0.1181,0.1272,100,false
0,0.95,1,0.1041,0.1303,0.1539,0.1277,0.1466,0.1135,0.0926,0.1313,100,false
0,0.95,2,0.0864,0.1426,0.1694,0.1259,0.1631,0.105,0.0748,0.1328,100,false
0,0.95,3,0.0745,0.1609,0.1743,0.1257,0.1695,0.0969,0.064,0.1342,100,false
0,0.95,4,0.0651,0.1803,0.1769,0.1236,0.173,0.0891,0.0549,0.1371,100,false
0,0.95,5,0.0579,0.2027,0.1737,0.1199,0.1755,0.0841,0.0485,0.1377,100,false
0,0.95,6,0.0509,0.2252,0.167,0.1173,0.179,0.0765,0.0436,0.1405,100,false
0,0.95,7,0.0464,0.246,0.1548,0.1195,0.1775,0.0732,0.0395,0.1431,100,false
0,0.95,8,0.0433,0.2643,0.1464,0.1198,0.1738,0.0703,0.0352,0.1469,100,false
0,0.95,9,0.0415,0.2811,0.1354,0.1258,0.1653,0.0665,0.034,0.1504,100,false
0,0.95,10,0.039,0.2985,0.1238,0.1271,0.1598,0.0642,0.033,0.1546,100,false
0,0.95,50,0.0016,0.4269,0.0117,0.1587,0.0907,0.0622,0.0202,0.228,100,false
0,0.95,100,0.0015,0.4472,0.0082,0.1731,0.0738,0.0633,0.0205,0.2124,100,true
0,0.95,1000,0.0015,0.4472,0.0082,0.1731,0.0738,0.0633,0.0205,0.2124,100,true
0,0.95,5000,0.0015,0.4472,0.0082,0.1731,0.0738,0.0633,0.0205,0.2124,100,true
0,0.95,10000,0.0015,0.4472,0.0082,0.1731,0.0738,0.0633,0.0205,0.2124,100,true
0,0.95,20000,0.0015,0.4472,0.0082,0.1731,0.0738,0.0633,0.0205,0.2124,100,true
0,0.95,30000,0.0015,0.4472,0.0082,0.1731,0.0738,0.0633,0.0205,0.2124,100,true
0,0.95,40000,0.0015,0.4472,0.0082,0.1731,0.0738,0.0633,0.0205,0.2124,100,true
0,0.95,50000,0.0015,0.4472,0.0082,0.1731,0.0738,0.0633,0.0205,0.2124,100,true
0,0.95,60000,0.0015,0.4472,0.0082,0.1731,0.0738,0.0633,0.0205,0.2124,100,true
0,0.95,70000,0.0015,0.4472,0.0082,0.1731,0.0738,0.0633,0.0205,0.2124,100,true
0,0.95,80000,0.0015,0.4472,0.0082,0.1731,0.0738,0.0633,0.0205,0.2124,100,true
0,0.95,90000,0.0015,0.4472,0.0082,0.1731,0.0738,0.0633,0.0205,0.2124,100,true
0,0.95,100000,0.0015,0.4472,0.0082,0.1731,0.0738,0.0633,0.0205,0.2124,100,true
0,0.7,0,0.1256,0.1183,0.1236,0.1267,0.1235,0.1249,0.1312,0.1262,100,false
0,0.7,1,0.1069,0.1239,0.1469,0.125,0.1357,0.1265,0.112,0.1231,100,false
0,0.7,2,0.0961,0.1309,0.163,0.1225,0.1521,0.1193,0.0961,0.12,100,false
0,0.7,3,0.0847,0.1395,0.1779,0.1215,0.1599,0.115,0.0812,0.1203,100,false
0,0.7,4,0.0752,0.1481,0.185,0.1246,0.1656,0.1092,0.0697,0.1226,100,false
0,0.7,5,0.069,0.1637,0.187,0.1241,0.1669,0.1008,0.0628,0.1257,100,false
0,0.7,6,0.0652,0.1791,0.1882,0.1226,0.1682,0.0934,0.0564,0.1269,100,false
0,0.7,7,0.0625,0.1962,0.183,0.1256,0.1639,0.0877,0.0516,0.1295,100,false
0,0.7,8,0.0645,0.2099,0.1807,0.1208,0.1624,0.0821,0.0469,0.1327,100,false
0,0.7,9,0.0645,0.2272,0.1756,0.1179,0.1573,0.0792,0.0427,0.1356,100,false
0,0.7,10,0.0629,0.2435,0.1688,0.1136,0.1551,0.0759,0.0396,0.1406,100,false
0,0.7,50,0.0041,0.38,0.0184,0.1549,0.1026,0.0729,0.0351,0.232,100,false
0,0.7,100,0.0054,0.4077,0.0097,0.1954,0.0718,0.0699,0.0281,0.212,100,false
0,0.7,1000,0.0012,0.4002,0.0058,0.1996,0.0556,0.104,0.027,0.2066,100,true
0,0.7,5000,0.0012,0.4002,0.0058,0.1996,0.0556,0.104,0.027,0.2066,100,true
0,0.7,10000,0.0012,0.4002,0.0058,0.1996,0.0556,0.104,0.027,0.2066,100,true
0,0.7,20000,0.0012,0.4002,0.0058,0.1996,0.0556,0.104,0.027,0.2066,100,true
0,0.7,30000,0.0012,0.4002,0.0058,0.1996,0.0556,0.104,0.027,0.2066,100,true
0,0.7,40000,0.0012,0.4002,0.0058,0.1996,0.0556,0.104,0.027,0.2066,100,true
0,0.7,50000,0.0012,0.4002,0.0058,0.1996,0.0556,0.104,0.027,0.2066,100,true
0,0.7,60000,0.0012,0.4002,0.0058,0.1996,0.0556,0.104,0.027,0.2066,100,true
0,0.7,70000,0.0012,0.4002,0.0058,0.1996,0.0556,0.104,0.027,0.2066,100,true
0,0.7,80000,0.0012,0.4002,0.0058,0.1996,0.0556,0.104,0.027,0.2066,100,true
0,0.7,90000,0.0012,0.4002,0.0058,0.1996,0.0556,0.104,0.027,0.2066,100,true
0,0.7,100000,0.0012,0.4002,0.0058,0.1996,0.0556,0.104,0.027,0.2066,100,true
0.05,0,5000,0.1449,0.2228,0.1583,0.0959,0.0426,0.0878,0.1035,0.1442,100,false
0,1,0,0.1297,0.122,0.1261,0.1288,0.1237,0.1216,0.1266,0.1215,100,false
0,1,1,0.1029,0.1243,0.1557,0.1303,0.1476,0.1162,0.1013,0.1217,100,false
0,1,2,0.0856,0.1357,0.172,0.133,0.1567,0.1115,0.0866,0.1189,100,false
0,1,3,0.0726,0.1522,0.1824,0.1328,0.1651,0.1023,0.0722,0.1204,100,false
0,1,4,0.0636,0.1721,0.189,0.1296,0.168,0.0933,0.0632,0.1212,100,false
0,1,5,0.0561,0.1987,0.1879,0.1274,0.1699,0.0855,0.0521,0.1224,100,false
0,1,6,0.0527,0.2221,0.183,0.1215,0.1716,0.0801,0.0453,0.1237,100,false
0,1,7,0.0533,0.2394,0.1767,0.1172,0.1712,0.0773,0.0389,0.126,100,false
0,1,8,0.0501,0.2617,0.1655,0.115,0.1728,0.0716,0.0349,0.1284,100,false
0,1,9,0.047,0.2801,0.1531,0.1174,0.1697,0.0673,0.0304,0.135,100,false
0,1,10,0.0473,0.2971,0.1425,0.1185,0.166,0.0642,0.027,0.1374,100,false
0,1,50,0.0064,0.3931,0.0066,0.1859,0.0847,0.0589,0.0309,0.2335,100,false
0,1,100,0.0013,0.4033,0.0032,0.2335,0.066,0.0737,0.0241,0.1949,100,true
0,1,1000,0.0013,0.4033,0.0032,0.2335,0.066,0.0737,0.0241,0.1949,100,true
0,1,5000,0.0013,0.4033,0.0032,0.2335,0.066,0.0737,0.0241,0.1949,100,true
0,1,10000,0.0013,0.4033,0.0032,0.2335,0.066,0.0737,0.0241,0.1949,100,true
0,1,20000,0.0013,0.4033,0.0032,0.2335,0.066,0.0737,0.0241,0.1949,100,true
0,1,30000,0.0013,0.4033,0.0032,0.2335,0.066,0.0737,0.0241,0.1949,100,true
0,1,40000,0.0013,0.4033,0.0032,0.2335,0.066,0.0737,0.0241,0.1949,100,true
0,1,50000,0.0013,0.4033,0.0032,0.2335,0.066,0.0737,0.0241,0.1949,100,true
0,1,60000,0.0013,0.4033,0.0032,0.2335,0.066,0.0737,0.0241,0.1949,100,true
0,1,70000,0.0013,0.4033,0.0032,0.2335,0.066,0.0737,0.0241,0.1949,100,true
0,1,80000,0.0013,0.4033,0.0032,0.2335,0.066,0.0737,0.0241,0.1949,100,true
0,1,90000,0.0013,0.4033,0.0032,0.2335,0.066,0.0737,0.0241,0.1949,100,true
0,1,100000,0.0013,0.4033,0.0032,0.2335,0.066,0.0737,0.0241,0.1949,100,true
0,0.75,0,0.1267,0.1272,0.128,0.1252,0.1195,0.1209,0.1219,0.1306,100,false
0,0.75,1,0.1108,0.1293,0.148,0.1262,0.1291,0.1241,0.0985,0.134,100,false
0,0.75,2,0.0957,0.138,0.1602,0.1239,0.1434,0.1187,0.0828,0.1373,100,false
0,0.75,3,0.0829,0.1525,0.1614,0.1253,0.156,0.1082,0.0725,0.1412,100,false
0,0.75,4,0.0725,0.1671,0.1631,0.1252,0.1629,0.0993,0.064,0.1459,100,false
0,0.75,5,0.0684,0.184,0.1591,0.1257,0.1656,0.0918,0.0558,0.1496,100,false
0,0.75,6,0.0654,0.1957,0.1571,0.1273,0.1674,0.0859,0.0482,0.153,100,false
0,0.75,7,0.0589,0.2093,0.1532,0.1293,0.1676,0.0811,0.0433,0.1573,100,false
0,0.75,8,0.0575,0.2223,0.1487,0.1289,0.1645,0.0774,0.0405,0.1602,100,false
0,0.75,9,0.0549,0.2348,0.1427,0.1264,0.1635,0.0751,0.0389,0.1637,100,false
0,0.75,10,0.0537,0.2461,0.1372,0.1256,0.1607,0.0726,0.0357,0.1684,100,false
0,0.75,50,0.0017,0.4046,0.0179,0.1596,0.1036,0.0688,0.0255,0.2183,100,false
0,0.75,100,0.0011,0.421,0.0101,0.1712,0.0861,0.0666,0.0228,0.2211,100,true
0,0.75,1000,0.0011,0.421,0.0101,0.1712,0.0861,0.0666,0.0228,0.2211,100,true
0,0.75,5000,0.0011,0.421,0.0101,0.1712,0.0861,0.0666,0.0228,0.2211,100,true
0,0.75,10000,0.0011,0.421,0.0101,0.1712,0.0861,0.0666,0.0228,0.2211,100,true
0,0.75,20000,0.0011,0.421,0.0101,0.1712,0.0861,0.0666,0.0228,0.2211,100,true
0,0.75,30000,0.0011,0.421,0.0101,0.1712,0.0861,0.0666,0.0228,0.2211,100,true
0,0.75,40000,0.0011,0.421,0.0101,0.1712,0.0861,0.0666,0.0228,0.2211,100,true
0,0.75,50000,0.0011,0.421,0.0101,0.1712,0.0861,0.0666,0.0228,0.2211,100,true
0,0.75,60000,0.0011,0.421,0.0101,0.1712,0.0861,0.0666,0.0228,0.2211,100,true
0,0.75,70000,0.0011,0.421,0.0101,0.1712,0.0861,0.0666,0.0228,0.2211,100,true
0,0.75,80000,0.0011,0.421,0.0101,0.1712,0.0861,0.0666,0.0228,0.2211,100,true
0,0.75,90000,0.0011,0.421,0.0101,0.1712,0.0861,0.0666,0.0228,0.2211,100,true
0,0.75,100000,0.0011,0.421,0.0101,0.1712,0.0861,0.0666,0.0228,0.2211,100,true
0.05,0,0,0.1263,0.1269,0.1225,0.1252,0.1262,0.125,0.1219,0.126,100,false
0.05,0,1,0.1231,0.1254,0.1243,0.123,0.1279,0.1229,0.1231,0.1303,100,false
0.05,0,2,0.1245,0.1238,0.1254,0.1239,0.1261,0.1209,0.1254,0.13,100,false
0.05,0,3,0.1216,0.1238,0.1299,0.1221,0.1237,0.1216,0.1282,0.1291,100,false
0.05,0,4,0.1221,0.1269,0.1269,0.1219,0.1242,0.1231,0.1279,0.127,100,false
0.05,0,5,0.1223,0.1298,0.1236,0.1227,0.1223,0.1264,0.1254,0.1275,100,false
0.05,0,6,0.1206,0.1279,0.1245,0.1231,0.1233,0.1279,0.123,0.1297,100,false
0.05,0,7,0.1187,0.1288,0.1233,0.1223,0.1248,0.1305,0.1211,0.1305,100,false
0.05,0,8,0.1215,0.1267,0.1248,0.1219,0.1262,0.13,0.1191,0.1298,100,false
0.05,0,9,0.1218,0.1297,0.1225,0.1216,0.1291,0.1276,0.1191,0.1286,100,false
0.05,0,10,0.1205,0.1307,0.1234,0.1208,0.1282,0.1293,0.1204,0.1267,100,false
0.05,0,50,0.1376,0.1249,0.116,0.1217,0.1409,0.1194,0.1086,0.1309,100,false
0.05,0,100,0.1016,0.1164,0.1253,0.1236,0.1619,0.1277,0.1453,0.0982,100,false
0.05,0,1000,0,0,0.0001,0.0001,0,0,0.9998,0,100,true
0.05,0,5000,0,0,0.0001,0.0001,0,0,0.9998,0,100,true
0.05,0,10000,0,0,0.0001,0.0001,0,0,0.9998,0,100,true
0.05,0,20000,0,0,0.0001,0.0001,0,0,0.9998,0,100,true
0.05,0,30000,0,0,0.0001,0.0001,0,0,0.9998,0,100,true
0.05,0,40000,0,0,0.0001,0.0001,0,0,0.9998,0,100,true
0.05,0,50000,0,0,0.0001,0.0001,0,0,0.9998,0,100,true
0.05,0,60000,0,0,0.0001,0.0001,0,0,0.9998,0,100,true
0.05,0,70000,0,0,0.0001,0.0001,0,0,0.9998,0,100,true
0.05,0,80000,0,0,0.0001,0.0001,0,0,0.9998,0,100,true
0.05,0,90000,0,0,0.0001,0.0001,0,0,0.9998,0,100,true
0.05,0,100000,0,0,0.0001,0.0001,0,0,0.9998,0,100,true
0,0.8,0,0.1292,0.1266,0.1306,0.1247,0.1249,0.1193,0.1248,0.1199,100,false
0,0.8,1,0.1109,0.1283,0.1525,0.1245,0.1423,0.1157,0.1024,0.1234,100,false
0,0.8,2,0.0951,0.1408,0.1689,0.1207,0.1556,0.1089,0.0871,0.1229,100,false
0,0.8,3,0.0858,0.1527,0.1783,0.1228,0.1616,0.1027,0.0723,0.1238,100,false
0,0.8,4,0.0774,0.1718,0.1773,0.1198,0.168,0.0964,0.063,0.1263,100,false
0,0.8,5,0.072,0.1868,0.1779,0.1232,0.1674,0.0887,0.0561,0.1279,100,false
0,0.8,6,0.0682,0.2055,0.1712,0.1245,0.1659,0.0833,0.0508,0.1306,100,false
0,0.8,7,0.0679,0.2203,0.1631,0.1261,0.1653,0.0783,0.0458,0.1332,100,false
0,0.8,8,0.0649,0.2355,0.1561,0.125,0.1636,0.076,0.0434,0.1355,100,false
0,0.8,9,0.0607,0.2478,0.1555,0.1222,0.1616,0.0733,0.0387,0.1402,100,false
0,0.8,10,0.0565,0.2607,0.1506,0.1175,0.1621,0.0708,0.0352,0.1466,100,false
0,0.8,50,0.0034,0.4159,0.0143,0.1805,0.0778,0.0576,0.0226,0.2279,100,false
0,0.8,100,0.0024,0.4233,0.0053,0.2121,0.0767,0.0595,0.0154,0.2053,100,false
0.05,1,10000,0,0.2833,0,0.2015,0,0.2171,0,0.2981,100,false
0,0.8,1000,0.0024,0.4372,0.0042,0.2103,0.0664,0.0593,0.0149,0.2053,100,true
0,0.8,5000,0.0024,0.4372,0.0042,0.2103,0.0664,0.0593,0.0149,0.2053,100,true
0,0.8,10000,0.0024,0.4372,0.0042,0.2103,0.0664,0.0593,0.0149,0.2053,100,true
0,0.8,20000,0.0024,0.4372,0.0042,0.2103,0.0664,0.0593,0.0149,0.2053,100,true
0,0.8,30000,0.0024,0.4372,0.0042,0.2103,0.0664,0.0593,0.0149,0.2053,100,true
0,0.8,40000,0.0024,0.4372,0.0042,0.2103,0.0664,0.0593,0.0149,0.2053,100,true
0,0.8,50000,0.0024,0.4372,0.0042,0.2103,0.0664,0.0593,0.0149,0.2053,100,true
0,0.8,60000,0.0024,0.4372,0.0042,0.2103,0.0664,0.0593,0.0149,0.2053,100,true
0,0.8,70000,0.0024,0.4372,0.0042,0.2103,0.0664,0.0593,0.0149,0.2053,100,true
0,0.8,80000,0.0024,0.4372,0.0042,0.2103,0.0664,0.0593,0.0149,0.2053,100,true
0,0.8,90000,0.0024,0.4372,0.0042,0.2103,0.0664,0.0593,0.0149,0.2053,100,true
0,0.8,100000,0.0024,0.4372,0.0042,0.2103,0.0664,0.0593,0.0149,0.2053,100,true
0.05,0.05,0,0.1197,0.1252,0.1318,0.1241,0.1317,0.1207,0.1241,0.1227,100,false
0.05,0.05,1,0.1215,0.1263,0.133,0.1238,0.1312,0.1188,0.1269,0.1185,100,false
0.05,0.05,2,0.1185,0.1232,0.1392,0.1244,0.1317,0.1145,0.1248,0.1237,100,false
0.05,0.05,3,0.1176,0.1238,0.141,0.125,0.1319,0.111,0.1237,0.126,100,false
0.05,0.05,4,0.1159,0.1285,0.1438,0.1271,0.1272,0.1102,0.1219,0.1254,100,false
0.05,0.05,5,0.1144,0.1322,0.1476,0.1218,0.1265,0.1102,0.1238,0.1235,100,false
0.05,0.05,6,0.1128,0.1383,0.1465,0.1215,0.1232,0.1127,0.122,0.123,100,false
0.05,0.05,7,0.1135,0.1411,0.1449,0.1202,0.1217,0.1133,0.123,0.1223,100,false
0.05,0.05,8,0.113,0.1429,0.1474,0.1156,0.1225,0.1128,0.1223,0.1235,100,false
0.05,0.05,9,0.1105,0.1483,0.1462,0.1146,0.1243,0.1112,0.121,0.1239,100,false
0.05,0.05,10,0.111,0.1518,0.1441,0.1114,0.124,0.1127,0.1191,0.1259,100,false
0.05,0.05,50,0.1227,0.1406,0.1325,0.128,0.1375,0.1107,0.0982,0.1298,100,false
0.05,0.05,100,0.1148,0.142,0.111,0.1268,0.1005,0.133,0.1389,0.133,100,false
0,0.85,0,0.126,0.1235,0.1231,0.1217,0.1273,0.1252,0.1217,0.1315,100,false
0,0.85,1,0.101,0.1282,0.1476,0.1189,0.1489,0.1231,0.1004,0.1319,100,false
0,0.85,2,0.0848,0.138,0.1578,0.1206,0.1678,0.1128,0.0864,0.1318,100,false
0.1,0,0,0.124,0.1282,0.1251,0.1164,0.1307,0.1297,0.1231,0.1228,100,false
0,0.85,3,0.0702,0.1493,0.1694,0.1271,0.1764,0.102,0.0744,0.1312,100,false
0.1,0,1,0.1261,0.131,0.1217,0.1175,0.135,0.1247,0.122,0.122,100,false
0,0.85,4,0.0642,0.1665,0.1723,0.1294,0.1766,0.0934,0.0671,0.1305,100,false
0.1,0,2,0.1272,0.1271,0.1194,0.1227,0.135,0.1231,0.1229,0.1226,100,false
0,0.85,5,0.0589,0.1852,0.175,0.1289,0.1765,0.0852,0.059,0.1313,100,false
0,0.85,6,0.0542,0.2057,0.1711,0.1285,0.1773,0.0792,0.0522,0.1318,100,false
0.1,0,3,0.1272,0.1247,0.1181,0.1272,0.1347,0.1222,0.122,0.1239,100,false
0,0.85,7,0.0493,0.2253,0.1632,0.1312,0.1758,0.0744,0.0472,0.1336,100,false
0.1,0,4,0.1282,0.124,0.1142,0.1295,0.1372,0.118,0.1236,0.1253,100,false
0,0.85,8,0.0455,0.2456,0.1547,0.1305,0.1734,0.0684,0.0441,0.1378,100,false
0.1,0,5,0.1274,0.1229,0.1141,0.1323,0.1346,0.1195,0.1225,0.1267,100,false
0,0.85,9,0.0433,0.2635,0.1463,0.1319,0.1685,0.0643,0.0415,0.1407,100,false
0.1,0,6,0.1258,0.1237,0.1152,0.1333,0.1346,0.1183,0.1224,0.1267,100,false
0,0.85,10,0.0431,0.2786,0.138,0.1323,0.1649,0.061,0.0403,0.1418,100,false
0.1,0,7,0.126,0.1183,0.1184,0.1329,0.137,0.1151,0.124,0.1283,100,false
0.1,0,8,0.1251,0.1153,0.1209,0.133,0.1391,0.1127,0.1224,0.1315,100,false
0.1,0,9,0.1253,0.1124,0.1219,0.1334,0.1396,0.1115,0.1225,0.1334,100,false
0.1,0,10,0.1216,0.1151,0.1209,0.1326,0.1409,0.1104,0.1224,0.1361,100,false
0,0.85,50,0.0059,0.3894,0.0145,0.186,0.095,0.0496,0.024,0.2356,100,false
0.1,0,50,0.1237,0.1477,0.1131,0.1221,0.1162,0.1331,0.1186,0.1255,100,false
0,0.85,100,0.0023,0.3868,0.0115,0.1932,0.08,0.0647,0.0259,0.2356,100,false
0,0.85,1000,0.0023,0.3876,0.0116,0.1932,0.08,0.0686,0.0222,0.2345,100,true
0,0.85,5000,0.0023,0.3876,0.0116,0.1932,0.08,0.0686,0.0222,0.2345,100,true
0,0.85,10000,0.0023,0.3876,0.0116,0.1932,0.08,0.0686,0.0222,0.2345,100,true
0,0.85,20000,0.0023,0.3876,0.0116,0.1932,0.08,0.0686,0.0222,0.2345,100,true
0,0.85,30000,0.0023,0.3876,0.0116,0.1932,0.08,0.0686,0.0222,0.2345,100,true
0,0.85,40000,0.0023,0.3876,0.0116,0.1932,0.08,0.0686,0.0222,0.2345,100,true
0,0.85,50000,0.0023,0.3876,0.0116,0.1932,0.08,0.0686,0.0222,0.2345,100,true
0,0.85,60000,0.0023,0.3876,0.0116,0.1932,0.08,0.0686,0.0222,0.2345,100,true
0,0.85,70000,0.0023,0.3876,0.0116,0.1932,0.08,0.0686,0.0222,0.2345,100,true
0,0.85,80000,0.0023,0.3876,0.0116,0.1932,0.08,0.0686,0.0222,0.2345,100,true
0,0.85,90000,0.0023,0.3876,0.0116,0.1932,0.08,0.0686,0.0222,0.2345,100,true
0,0.85,100000,0.0023,0.3876,0.0116,0.1932,0.08,0.0686,0.0222,0.2345,100,true
0.1,0,100,0.1127,0.1083,0.1267,0.1743,0.096,0.0925,0.1344,0.1551,100,false
0.05,0,10000,0.0575,0.1017,0.1734,0.1497,0.0823,0.0727,0.0767,0.286,100,false
0.05,0.05,1000,0.1536,0.231,0.0575,0.0652,0.1831,0.1003,0.0764,0.1329,100,false
0.1,0,1000,0.1581,0.0307,0.0439,0.0323,0.0934,0.0749,0.116,0.4507,100,false
0,0.9,0,0.1226,0.1219,0.1239,0.1247,0.1246,0.1261,0.1298,0.1264,100,false
0,0.9,1,0.0969,0.1281,0.1466,0.1265,0.1451,0.1257,0.1034,0.1277,100,false
0,0.9,2,0.0791,0.1392,0.1644,0.1281,0.1601,0.1183,0.0847,0.1261,100,false
0,0.9,3,0.0683,0.1524,0.1754,0.1303,0.167,0.1125,0.0679,0.1262,100,false
0,0.9,4,0.0641,0.1674,0.1778,0.1324,0.1681,0.1048,0.059,0.1264,100,false
0,0.9,5,0.0586,0.1857,0.1787,0.1337,0.1697,0.0954,0.0482,0.13,100,false
0,0.9,6,0.0546,0.2044,0.1738,0.1344,0.1675,0.0914,0.0417,0.1322,100,false
0,0.9,7,0.0514,0.223,0.1702,0.1332,0.1645,0.0863,0.0363,0.1351,100,false
0,0.9,8,0.0486,0.2406,0.169,0.1297,0.1623,0.0801,0.0311,0.1386,100,false
0,0.9,9,0.0451,0.2626,0.1596,0.128,0.1588,0.0757,0.0272,0.143,100,false
0,0.9,10,0.0446,0.2814,0.1474,0.1283,0.1532,0.0729,0.0259,0.1463,100,false
0,0.9,50,0.0024,0.3949,0.0103,0.215,0.073,0.0675,0.0203,0.2166,100,false
0,0.9,100,0.0018,0.4099,0.0042,0.2313,0.0588,0.0705,0.0144,0.2091,100,true
0,0.9,1000,0.0018,0.4099,0.0042,0.2313,0.0588,0.0705,0.0144,0.2091,100,true
0,0.9,5000,0.0018,0.4099,0.0042,0.2313,0.0588,0.0705,0.0144,0.2091,100,true
0,0.9,10000,0.0018,0.4099,0.0042,0.2313,0.0588,0.0705,0.0144,0.2091,100,true
0,0.9,20000,0.0018,0.4099,0.0042,0.2313,0.0588,0.0705,0.0144,0.2091,100,true
0,0.9,30000,0.0018,0.4099,0.0042,0.2313,0.0588,0.0705,0.0144,0.2091,100,true
0,0.9,40000,0.0018,0.4099,0.0042,0.2313,0.0588,0.0705,0.0144,0.2091,100,true
0,0.9,50000,0.0018,0.4099,0.0042,0.2313,0.0588,0.0705,0.0144,0.2091,100,true
0,0.9,60000,0.0018,0.4099,0.0042,0.2313,0.0588,0.0705,0.0144,0.2091,100,true
0,0.9,70000,0.0018,0.4099,0.0042,0.2313,0.0588,0.0705,0.0144,0.2091,100,true
0,0.9,80000,0.0018,0.4099,0.0042,0.2313,0.0588,0.0705,0.0144,0.2091,100,true
0,0.9,90000,0.0018,0.4099,0.0042,0.2313,0.0588,0.0705,0.0144,0.2091,100,true
0,0.9,100000,0.0018,0.4099,0.0042,0.2313,0.0588,0.0705,0.0144,0.2091,100,true
0.05,0.05,0,0.1278,0.127,0.1177,0.1309,0.1215,0.1242,0.1257,0.1252,100,false
0.05,0.05,1,0.1242,0.1246,0.124,0.1308,0.1237,0.1228,0.1245,0.1254,100,false
0.05,0.05,2,0.123,0.1218,0.1299,0.1274,0.1248,0.1233,0.1242,0.1256,100,false
0.05,0.05,3,0.1211,0.1217,0.1327,0.1246,0.127,0.1252,0.124,0.1237,100,false
0.05,0.05,4,0.1208,0.1209,0.1339,0.1242,0.1277,0.126,0.1248,0.1217,100,false
0.05,0.05,5,0.1203,0.1237,0.1337,0.1242,0.1285,0.1256,0.125,0.119,100,false
0.05,0.05,6,0.1206,0.1275,0.132,0.1241,0.1281,0.1278,0.1221,0.1178,100,false
0.05,0.05,7,0.1198,0.1305,0.1335,0.1237,0.1267,0.1276,0.1176,0.1206,100,false
0.05,0.05,8,0.1169,0.1361,0.1334,0.1215,0.1306,0.125,0.114,0.1225,100,false
0.05,0.05,9,0.116,0.139,0.1346,0.1196,0.1343,0.1223,0.1106,0.1236,100,false
0.05,0.05,10,0.1173,0.1404,0.1367,0.1173,0.1332,0.1213,0.1111,0.1227,100,false
0.05,0.05,50,0.0982,0.1481,0.1272,0.1417,0.1209,0.1294,0.0948,0.1397,100,false
0.05,0.05,100,0.087,0.137,0.0653,0.1801,0.1153,0.1546,0.0768,0.1839,100,false
0.05,0.05,1000,0.0812,0.1423,0.1841,0.1918,0.1416,0.0942,0.0811,0.0837,100,false
0,0.95,0,0.1262,0.1246,0.1344,0.1184,0.1212,0.1227,0.1272,0.1253,100,false
0,0.95,1,0.1009,0.1311,0.157,0.1179,0.1432,0.1223,0.0995,0.1281,100,false
0,0.95,2,0.0814,0.1453,0.1714,0.12,0.1593,0.1141,0.077,0.1315,100,false
0,0.95,3,0.0702,0.1661,0.174,0.1199,0.1664,0.1046,0.066,0.1328,100,false
0,0.95,4,0.0638,0.19,0.1674,0.1203,0.1708,0.0972,0.058,0.1325,100,false
0,0.95,5,0.0583,0.2098,0.1604,0.1237,0.1732,0.0882,0.0529,0.1335,100,false
0,0.95,6,0.0559,0.229,0.1543,0.1284,0.1687,0.0818,0.0492,0.1327,100,false
0,0.95,7,0.0564,0.2443,0.1478,0.131,0.1638,0.0794,0.0426,0.1347,100,false
0,0.95,8,0.0523,0.2592,0.1424,0.1294,0.1628,0.0745,0.0406,0.1388,100,false
0,0.95,9,0.0501,0.2794,0.1328,0.1264,0.1627,0.0698,0.0375,0.1413,100,false
0,0.95,10,0.0526,0.2971,0.1201,0.1262,0.1589,0.0669,0.0366,0.1416,100,false
0,0.95,50,0.0033,0.4098,0.0092,0.2135,0.0741,0.0661,0.0289,0.1951,100,false
0,0.95,100,0.0018,0.4197,0.0052,0.2272,0.0613,0.0657,0.022,0.1971,100,true
0,0.95,1000,0.0018,0.4197,0.0052,0.2272,0.0613,0.0657,0.022,0.1971,100,true
0,0.95,5000,0.0018,0.4197,0.0052,0.2272,0.0613,0.0657,0.022,0.1971,100,true
0,0.95,10000,0.0018,0.4197,0.0052,0.2272,0.0613,0.0657,0.022,0.1971,100,true
0,0.95,20000,0.0018,0.4197,0.0052,0.2272,0.0613,0.0657,0.022,0.1971,100,true
0,0.95,30000,0.0018,0.4197,0.0052,0.2272,0.0613,0.0657,0.022,0.1971,100,true
0,0.95,40000,0.0018,0.4197,0.0052,0.2272,0.0613,0.0657,0.022,0.1971,100,true
0,0.95,50000,0.0018,0.4197,0.0052,0.2272,0.0613,0.0657,0.022,0.1971,100,true
0,0.95,60000,0.0018,0.4197,0.0052,0.2272,0.0613,0.0657,0.022,0.1971,100,true
0,0.95,70000,0.0018,0.4197,0.0052,0.2272,0.0613,0.0657,0.022,0.1971,100,true
0,0.95,80000,0.0018,0.4197,0.0052,0.2272,0.0613,0.0657,0.022,0.1971,100,true
0,0.95,90000,0.0018,0.4197,0.0052,0.2272,0.0613,0.0657,0.022,0.1971,100,true
0,0.95,100000,0.0018,0.4197,0.0052,0.2272,0.0613,0.0657,0.022,0.1971,100,true
0,1,0,0.1239,0.1258,0.1237,0.1253,0.123,0.1297,0.1266,0.122,100,false
0,1,1,0.1046,0.1277,0.146,0.1295,0.1466,0.1261,0.0981,0.1214,100,false
0,1,2,0.0866,0.1365,0.1663,0.1274,0.1611,0.1207,0.0823,0.1191,100,false
0,1,3,0.0689,0.1532,0.174,0.131,0.1739,0.1109,0.0688,0.1193,100,false
0,1,4,0.0605,0.1712,0.1787,0.1309,0.1808,0.1006,0.0582,0.1191,100,false
0,1,5,0.0542,0.1904,0.1823,0.1314,0.1829,0.0911,0.0481,0.1196,100,false
0,1,6,0.0484,0.2083,0.181,0.1325,0.1832,0.0839,0.0415,0.1212,100,false
0,1,7,0.0454,0.2332,0.1747,0.1279,0.1807,0.0789,0.0375,0.1217,100,false
0,1,8,0.0415,0.2571,0.167,0.1245,0.1782,0.0738,0.0331,0.1248,100,false
0,1,9,0.0413,0.2775,0.1556,0.124,0.1733,0.07,0.0302,0.1281,100,false
0,1,10,0.0437,0.2941,0.1396,0.1275,0.1679,0.0672,0.0275,0.1325,100,false
0,1,50,0.0071,0.3953,0.0069,0.2056,0.0645,0.0757,0.0312,0.2137,100,false
0,1,100,0.0013,0.4093,0.0048,0.2136,0.0554,0.0917,0.0166,0.2073,100,true
0,1,1000,0.0013,0.4093,0.0048,0.2136,0.0554,0.0917,0.0166,0.2073,100,true
0,1,5000,0.0013,0.4093,0.0048,0.2136,0.0554,0.0917,0.0166,0.2073,100,true
0,1,10000,0.0013,0.4093,0.0048,0.2136,0.0554,0.0917,0.0166,0.2073,100,true
0,1,20000,0.0013,0.4093,0.0048,0.2136,0.0554,0.0917,0.0166,0.2073,100,true
0,1,30000,0.0013,0.4093,0.0048,0.2136,0.0554,0.0917,0.0166,0.2073,100,true
0,1,40000,0.0013,0.4093,0.0048,0.2136,0.0554,0.0917,0.0166,0.2073,100,true
0,1,50000,0.0013,0.4093,0.0048,0.2136,0.0554,0.0917,0.0166,0.2073,100,true
0,1,60000,0.0013,0.4093,0.0048,0.2136,0.0554,0.0917,0.0166,0.2073,100,true
0,1,70000,0.0013,0.4093,0.0048,0.2136,0.0554,0.0917,0.0166,0.2073,100,true
0,1,80000,0.0013,0.4093,0.0048,0.2136,0.0554,0.0917,0.0166,0.2073,100,true
0,1,90000,0.0013,0.4093,0.0048,0.2136,0.0554,0.0917,0.0166,0.2073,100,true
0,1,100000,0.0013,0.4093,0.0048,0.2136,0.0554,0.0917,0.0166,0.2073,100,true
0.05,0.05,5000,0.0653,0.0648,0.0503,0.0949,0.0865,0.1254,0.28,0.2328,100,false
0.1,0,5000,0.167,0.1358,0.1398,0.1151,0.0938,0.1367,0.1175,0.0943,100,false
0.05,0,0,0.1272,0.1217,0.1186,0.1176,0.1229,0.1365,0.129,0.1265,100,false
0.05,0,1,0.1269,0.119,0.118,0.1179,0.1262,0.1401,0.1256,0.1263,100,false
0.05,0,2,0.1285,0.1176,0.1176,0.1198,0.1268,0.1417,0.12,0.128,100,false
0.05,0,3,0.1268,0.1185,0.1196,0.1164,0.1323,0.1392,0.1188,0.1284,100,false
0.05,0,4,0.1237,0.1186,0.1199,0.1177,0.1367,0.1342,0.1202,0.129,100,false
0.05,0,5,0.1237,0.1183,0.1169,0.1215,0.1362,0.1343,0.1206,0.1285,100,false
0.05,0,6,0.1232,0.1178,0.1166,0.124,0.1362,0.1338,0.1202,0.1282,100,false
0.05,0,7,0.1243,0.1149,0.1181,0.1261,0.1363,0.135,0.118,0.1273,100,false
0.05,0,8,0.1253,0.1129,0.1191,0.1306,0.1357,0.1331,0.1176,0.1257,100,false
0.05,0,9,0.1265,0.1113,0.1206,0.1307,0.1394,0.1316,0.1161,0.1238,100,false
0.05,0,10,0.1279,0.111,0.1203,0.1325,0.1405,0.1285,0.1165,0.1228,100,false
0.05,0,50,0.1259,0.1396,0.1163,0.1195,0.1411,0.1088,0.1225,0.1263,100,false
0.05,0,100,0.1267,0.1141,0.1071,0.1354,0.1359,0.1546,0.1186,0.1076,100,false
0.05,0,1000,0.1199,0.2636,0.1222,0.1528,0.0923,0.1169,0.0406,0.0917,100,false
0.05,0.05,5000,0.113,0.0519,0.0735,0.1379,0.1462,0.135,0.1882,0.1543,100,false
0.05,0.05,10000,0.5691,0.0154,0.0012,0.01,0,0.4043,0,0,100,true
0.05,0.05,20000,0.5691,0.0154,0.0012,0.01,0,0.4043,0,0,100,true
0.05,0.05,30000,0.5691,0.0154,0.0012,0.01,0,0.4043,0,0,100,true
0.05,0.05,40000,0.5691,0.0154,0.0012,0.01,0,0.4043,0,0,100,true
0.05,0.05,50000,0.5691,0.0154,0.0012,0.01,0,0.4043,0,0,100,true
0.05,0.05,60000,0.5691,0.0154,0.0012,0.01,0,0.4043,0,0,100,true
0.05,0.05,70000,0.5691,0.0154,0.0012,0.01,0,0.4043,0,0,100,true
0.05,0.05,80000,0.5691,0.0154,0.0012,0.01,0,0.4043,0,0,100,true
0.05,0.05,90000,0.5691,0.0154,0.0012,0.01,0,0.4043,0,0,100,true
0.05,0.05,100000,0.5691,0.0154,0.0012,0.01,0,0.4043,0,0,100,true
0.05,0.1,0,0.121,0.126,0.1247,0.1286,0.1282,0.1272,0.1211,0.1232,100,false
0.05,0.1,1,0.1165,0.1307,0.1245,0.131,0.1291,0.1264,0.1188,0.123,100,false
0.05,0.1,2,0.1171,0.1316,0.1272,0.1288,0.134,0.1229,0.1156,0.1228,100,false
0.05,0.1,3,0.1096,0.1347,0.1335,0.1302,0.1338,0.1174,0.1182,0.1226,100,false
0.05,0.1,4,0.1076,0.138,0.1369,0.1317,0.1334,0.115,0.116,0.1214,100,false
0.05,0.1,5,0.1093,0.1422,0.1386,0.1291,0.1308,0.115,0.1132,0.1218,100,false
0.05,0.1,6,0.1118,0.145,0.1393,0.1274,0.1305,0.1108,0.1124,0.1228,100,false
0.05,0.1,7,0.1123,0.1499,0.1407,0.1253,0.1299,0.1097,0.1097,0.1225,100,false
0.05,0.1,8,0.1109,0.1546,0.1391,0.1204,0.1325,0.1102,0.1086,0.1237,100,false
0.05,0.1,9,0.1092,0.1609,0.1361,0.1213,0.1333,0.1091,0.1051,0.125,100,false
0.05,0.1,10,0.109,0.1626,0.1331,0.1203,0.1363,0.1059,0.1019,0.1309,100,false
0.05,0.1,50,0.087,0.1609,0.105,0.161,0.1323,0.1226,0.1094,0.1218,100,false
0.05,0.1,100,0.0804,0.148,0.1029,0.2105,0.0916,0.1562,0.1112,0.0992,100,false
0.1,0,10000,0.1283,0.1293,0.1248,0.1295,0.1122,0.1337,0.1202,0.122,100,false
0.05,0.1,1000,0,0.657,0,0.0047,0,0.0227,0,0.3156,100,false
0.05,0,5000,0.0474,0.0977,0.2038,0.0799,0.07,0.1221,0.3101,0.069,100,false
0.1,0.05,0,0.1247,0.1281,0.124,0.126,0.1278,0.124,0.1198,0.1256,100,false
0.1,0.05,1,0.1225,0.1318,0.1211,0.1277,0.1271,0.1244,0.1185,0.1269,100,false
0.1,0.05,2,0.1219,0.1325,0.1193,0.1314,0.1288,0.1237,0.1146,0.1278,100,false
0.1,0.05,3,0.1166,0.1371,0.1172,0.1307,0.1297,0.1261,0.1106,0.132,100,false
0.1,0.05,4,0.1169,0.1345,0.1158,0.1343,0.1294,0.1233,0.1096,0.1362,100,false
0.1,0.05,5,0.1126,0.1346,0.1177,0.1361,0.1264,0.124,0.1098,0.1388,100,false
0.1,0.05,6,0.1104,0.1345,0.12,0.1382,0.1267,0.1237,0.108,0.1385,100,false
0.1,0.05,7,0.1087,0.1368,0.12,0.14,0.1255,0.1224,0.1086,0.138,100,false
0.1,0.05,8,0.1084,0.1363,0.1237,0.1389,0.1257,0.123,0.1068,0.1372,100,false
0.1,0.05,9,0.1081,0.137,0.1246,0.1403,0.1246,0.1211,0.1064,0.1379,100,false
0.1,0.05,10,0.108,0.1409,0.1254,0.1405,0.1221,0.1217,0.1025,0.1389,100,false
0.1,0.05,50,0.1191,0.1381,0.1412,0.1466,0.073,0.1543,0.1136,0.1141,100,false
0.1,0.05,100,0.1153,0.1182,0.1663,0.1756,0.1077,0.1178,0.0827,0.1164,100,false
0.05,0.05,10000,0.2017,0.3394,0.1143,0.0471,0.05,0.0395,0.0607,0.1473,100,false
0.1,0.05,1000,0.1533,0.143,0.0582,0.0832,0.1012,0.164,0.1112,0.1859,100,false
0.05,0.1,0,0.1263,0.123,0.132,0.1241,0.1252,0.127,0.122,0.1204,100,false
0.05,0.1,1,0.1254,0.1264,0.1304,0.1239,0.1287,0.1294,0.1143,0.1215,100,false
0.05,0.1,2,0.1237,0.1261,0.1351,0.1226,0.1341,0.1247,0.112,0.1217,100,false
0.05,0.1,3,0.1194,0.1279,0.1384,0.1241,0.137,0.119,0.108,0.1262,100,false
0.05,0.1,4,0.1179,0.1307,0.1412,0.1207,0.1385,0.1164,0.1069,0.1277,100,false
0.05,0.1,5,0.1135,0.1348,0.1391,0.1226,0.1402,0.1123,0.1068,0.1307,100,false
0.05,0.1,6,0.1118,0.1365,0.1389,0.1235,0.1409,0.1096,0.1055,0.1333,100,false
0.05,0.1,7,0.1074,0.1387,0.1394,0.1239,0.1412,0.1082,0.1062,0.135,100,false
0.05,0.1,8,0.1098,0.139,0.1413,0.123,0.1376,0.1068,0.1053,0.1372,100,false
0.05,0.1,9,0.109,0.1424,0.1398,0.1234,0.1359,0.1045,0.1078,0.1372,100,false
0.05,0.1,10,0.1059,0.1472,0.1407,0.122,0.1343,0.1044,0.1082,0.1373,100,false
0.05,0.1,50,0.1023,0.1561,0.1053,0.139,0.1453,0.0993,0.1124,0.1403,100,false
0.05,0.1,100,0.1065,0.1893,0.1046,0.1237,0.1311,0.1073,0.1242,0.1133,100,false
0.05,0.1,5000,0,0.2286,0,0.2684,0,0.2764,0,0.2266,100,false
0.05,0.1,1000,0.0768,0.3093,0.164,0.2178,0.0274,0.0956,0.0527,0.0564,100,false
0.05,0,10000,0.1643,0.1459,0.1223,0.124,0.1514,0.087,0.1237,0.0814,100,false
0.1,0.05,5000,0.1381,0.1179,0.0924,0.073,0.0967,0.1288,0.1691,0.184,100,false
0.1,0.05,10000,0,0.9904,0,0,0.0003,0.0009,0.0003,0.0081,100,true
0.1,0.05,20000,0,0.9904,0,0,0.0003,0.0009,0.0003,0.0081,100,true
0.1,0.05,30000,0,0.9904,0,0,0.0003,0.0009,0.0003,0.0081,100,true
0.1,0.05,40000,0,0.9904,0,0,0.0003,0.0009,0.0003,0.0081,100,true
0.1,0.05,50000,0,0.9904,0,0,0.0003,0.0009,0.0003,0.0081,100,true
0.1,0.05,60000,0,0.9904,0,0,0.0003,0.0009,0.0003,0.0081,100,true
0.1,0.05,70000,0,0.9904,0,0,0.0003,0.0009,0.0003,0.0081,100,true
0.1,0.05,80000,0,0.9904,0,0,0.0003,0.0009,0.0003,0.0081,100,true
0.1,0.05,90000,0,0.9904,0,0,0.0003,0.0009,0.0003,0.0081,100,true
0.1,0.05,100000,0,0.9904,0,0,0.0003,0.0009,0.0003,0.0081,100,true
0.05,0.05,0,0.1308,0.1214,0.1205,0.1273,0.1318,0.1262,0.1205,0.1215,100,false
0.05,0.05,1,0.131,0.121,0.1208,0.132,0.1332,0.1217,0.1156,0.1247,100,false
0.05,0.05,2,0.1268,0.1208,0.125,0.1341,0.1336,0.121,0.1117,0.127,100,false
0.05,0.05,3,0.127,0.1226,0.127,0.1347,0.1384,0.1147,0.1112,0.1244,100,false
0.05,0.05,4,0.1253,0.1252,0.1296,0.1349,0.1372,0.1135,0.1093,0.125,100,false
0.05,0.05,5,0.1239,0.1245,0.1311,0.1356,0.1369,0.1137,0.1072,0.1271,100,false
0.05,0.05,6,0.1214,0.1271,0.1327,0.1354,0.136,0.1103,0.1089,0.1282,100,false
0.05,0.05,7,0.1204,0.1287,0.1297,0.1407,0.1312,0.1101,0.1108,0.1284,100,false
0.05,0.05,8,0.1195,0.1318,0.1283,0.1421,0.1282,0.1088,0.1113,0.13,100,false
0.05,0.05,9,0.1149,0.1335,0.1303,0.1404,0.1292,0.1082,0.1095,0.134,100,false
0.05,0.05,10,0.1123,0.1371,0.1323,0.1371,0.1289,0.107,0.1106,0.1347,100,false
0.05,0.05,50,0.0891,0.1565,0.1223,0.1378,0.1495,0.1125,0.1089,0.1234,100,false
0.05,0.05,100,0.1134,0.123,0.0698,0.1756,0.1319,0.1125,0.1698,0.104,100,false
0.1,0.1,0,0.1287,0.1332,0.1226,0.1194,0.123,0.1267,0.1256,0.1208,100,false
0.1,0.1,1,0.1304,0.1285,0.1247,0.1201,0.1242,0.1271,0.1273,0.1177,100,false
0.1,0.1,2,0.1275,0.1282,0.1214,0.1228,0.1314,0.1262,0.1197,0.1228,100,false
0.05,0.05,1000,0.0758,0.1339,0.0899,0.143,0.1888,0.0868,0.0676,0.2142,100,false
0.1,0.1,3,0.1269,0.1282,0.1204,0.1251,0.1329,0.126,0.1183,0.1222,100,false
0.1,0.1,4,0.1211,0.1323,0.1188,0.1244,0.1398,0.1256,0.1161,0.1219,100,false
0.1,0.1,5,0.1185,0.1326,0.1205,0.1272,0.142,0.1254,0.1119,0.1219,100,false
0.1,0.1,6,0.1185,0.1324,0.1228,0.1289,0.1454,0.1238,0.1101,0.1181,100,false
0.1,0.1,7,0.1165,0.1344,0.1203,0.1362,0.1431,0.1212,0.1088,0.1195,100,false
0.1,0.1,8,0.1173,0.1316,0.1232,0.143,0.141,0.1168,0.1076,0.1195,100,false
0.1,0.1,9,0.1127,0.1355,0.1252,0.1457,0.1381,0.1139,0.1072,0.1217,100,false
0.1,0.1,10,0.1108,0.1385,0.1304,0.1452,0.1365,0.1121,0.1044,0.1221,100,false
0.1,0.1,50,0.0836,0.1564,0.1312,0.1091,0.1545,0.1457,0.1003,0.1192,100,false
0.1,0.1,100,0.0751,0.1384,0.1031,0.1436,0.2023,0.1157,0.0837,0.1381,100,false
0.05,0.1,5000,0.0891,0.171,0.1327,0.1448,0.1641,0.1554,0.0607,0.0822,100,false
0.1,0.1,1000,0.0526,0.0755,0.0675,0.109,0.1088,0.1868,0.286,0.1138,100,false
0.05,0.1,10000,0,0.2426,0,0.1749,0,0.2716,0,0.3109,100,false
0.1,0.1,5000,0,0.0051,0,0,0.0851,0,0,0.9098,100,true
0.1,0.1,10000,0,0.0051,0,0,0.0851,0,0,0.9098,100,true
0.1,0.1,20000,0,0.0051,0,0,0.0851,0,0,0.9098,100,true
0.1,0.1,30000,0,0.0051,0,0,0.0851,0,0,0.9098,100,true
0.1,0.1,40000,0,0.0051,0,0,0.0851,0,0,0.9098,100,true
0.1,0.1,50000,0,0.0051,0,0,0.0851,0,0,0.9098,100,true
0.1,0.1,60000,0,0.0051,0,0,0.0851,0,0,0.9098,100,true
0.1,0.1,70000,0,0.0051,0,0,0.0851,0,0,0.9098,100,true
0.1,0.1,80000,0,0.0051,0,0,0.0851,0,0,0.9098,100,true
0.1,0.1,90000,0,0.0051,0,0,0.0851,0,0,0.9098,100,true
0.1,0.1,100000,0,0.0051,0,0,0.0851,0,0,0.9098,100,true
0.05,0.15,0,0.1225,0.1242,0.1208,0.1315,0.1298,0.1227,0.1186,0.1299,100,false
0.05,0.15,1,0.1162,0.1259,0.1242,0.1326,0.1304,0.123,0.115,0.1327,100,false
0.05,0.15,2,0.1121,0.1266,0.1318,0.1322,0.1331,0.1206,0.1104,0.1332,100,false
0.05,0.15,3,0.1066,0.1313,0.1337,0.1345,0.1366,0.1152,0.109,0.1331,100,false
0.05,0.15,4,0.1043,0.1372,0.1356,0.1342,0.1407,0.1137,0.1048,0.1295,100,false
0.05,0.15,5,0.1029,0.1409,0.1398,0.1353,0.1403,0.1097,0.1018,0.1293,100,false
0.05,0.15,6,0.0998,0.1459,0.1409,0.1365,0.1447,0.1053,0.0964,0.1305,100,false
0.05,0.15,7,0.0969,0.1489,0.1471,0.136,0.1454,0.102,0.0938,0.1299,100,false
0.05,0.15,8,0.0928,0.158,0.1493,0.1381,0.1423,0.0993,0.0906,0.1296,100,false
0.05,0.15,9,0.0923,0.1645,0.1503,0.1395,0.1375,0.098,0.089,0.1289,100,false
0.05,0.15,10,0.0915,0.1717,0.1496,0.1407,0.1325,0.097,0.0857,0.1313,100,false
0.05,0.15,50,0.0655,0.1996,0.0783,0.1541,0.1437,0.1032,0.1011,0.1545,100,false
0.05,0.15,100,0.1015,0.1878,0.0744,0.2137,0.0735,0.1375,0.0877,0.1239,100,false
0.05,0.05,5000,0.1098,0.2281,0.0723,0.1494,0.1825,0.1158,0.0618,0.0803,100,false
0.1,0.15,0,0.1278,0.1252,0.1273,0.12,0.1256,0.1236,0.1307,0.1198,100,false
0.1,0.15,1,0.1262,0.1233,0.1338,0.1172,0.1307,0.1227,0.1277,0.1184,100,false
0.1,0.15,2,0.1213,0.1267,0.1375,0.1189,0.133,0.122,0.1198,0.1208,100,false
0.1,0.15,3,0.1199,0.13,0.1391,0.1222,0.1316,0.122,0.1176,0.1176,100,false
0.1,0.15,4,0.1194,0.1317,0.1436,0.1215,0.1351,0.121,0.1101,0.1176,100,false
0.1,0.15,5,0.1198,0.1333,0.1457,0.1218,0.139,0.1142,0.1051,0.1211,100,false
0.1,0.15,6,0.1214,0.1358,0.1447,0.1235,0.1377,0.113,0.1003,0.1236,100,false
0.1,0.15,7,0.1202,0.1382,0.1431,0.1225,0.1392,0.1105,0.1006,0.1257,100,false
0.1,0.15,8,0.1208,0.1371,0.1483,0.1193,0.1392,0.1077,0.0987,0.1289,100,false
0.1,0.15,9,0.1174,0.1373,0.1529,0.1189,0.1371,0.1062,0.0974,0.1328,100,false
0.1,0.15,10,0.114,0.1432,0.1539,0.1167,0.1358,0.1057,0.094,0.1367,100,false
0.05,0.15,1000,0.1,0.2506,0,0.6438,0,0.0002,0.0054,0,100,false
0.1,0.15,50,0.067,0.1966,0.0751,0.1238,0.1593,0.1119,0.1166,0.1497,100,false
0.1,0.15,100,0.0752,0.1673,0.0857,0.1797,0.1094,0.099,0.1907,0.093,100,false
0.05,0.15,5000,0.6329,0.0002,0,0.3649,0,0.002,0,0,100,true
0.05,0.15,10000,0.6329,0.0002,0,0.3649,0,0.002,0,0,100,true
0.05,0.15,20000,0.6329,0.0002,0,0.3649,0,0.002,0,0,100,true
0.05,0.15,30000,0.6329,0.0002,0,0.3649,0,0.002,0,0,100,true
0.05,0.15,40000,0.6329,0.0002,0,0.3649,0,0.002,0,0,100,true
0.05,0.15,50000,0.6329,0.0002,0,0.3649,0,0.002,0,0,100,true
0.05,0.15,60000,0.6329,0.0002,0,0.3649,0,0.002,0,0,100,true
0.05,0.15,70000,0.6329,0.0002,0,0.3649,0,0.002,0,0,100,true
0.05,0.15,80000,0.6329,0.0002,0,0.3649,0,0.002,0,0,100,true
0.05,0.15,90000,0.6329,0.0002,0,0.3649,0,0.002,0,0,100,true
0.05,0.15,100000,0.6329,0.0002,0,0.3649,0,0.002,0,0,100,true
0.1,0.15,1000,0.2818,0.1198,0.0808,0.0752,0.0713,0.0947,0.1201,0.1563,100,false
0.05,0.2,0,0.1239,0.1284,0.1257,0.1268,0.1259,0.1264,0.1219,0.121,100,false
0.05,0.2,1,0.1192,0.1298,0.1293,0.1289,0.1362,0.1214,0.11,0.1252,100,false
0.05,0.2,2,0.1156,0.134,0.1287,0.1331,0.1381,0.1183,0.106,0.1262,100,false
0.05,0.2,3,0.1088,0.1406,0.1345,0.1356,0.1386,0.1136,0.1015,0.1268,100,false
0.05,0.2,4,0.1043,0.1462,0.1412,0.1351,0.1385,0.1062,0.099,0.1295,100,false
0.05,0.2,5,0.0977,0.154,0.1425,0.1352,0.1388,0.1011,0.0985,0.1322,100,false
0.05,0.2,6,0.0947,0.1621,0.1447,0.1332,0.1358,0.0982,0.0975,0.1338,100,false
0.05,0.2,7,0.0947,0.1684,0.1422,0.131,0.1362,0.0968,0.0948,0.1359,100,false
0.05,0.2,8,0.0998,0.1712,0.1416,0.1286,0.1326,0.0952,0.0922,0.1388,100,false
0.05,0.2,9,0.0992,0.1767,0.1403,0.1281,0.1328,0.091,0.0885,0.1434,100,false
0.05,0.2,10,0.0989,0.1807,0.1394,0.1276,0.1291,0.0896,0.0869,0.1478,100,false
0.05,0.1,10000,0.0907,0.1924,0.1268,0.3065,0.0789,0.0488,0.056,0.0999,100,false
0.05,0.2,50,0.0468,0.208,0.0775,0.2034,0.123,0.106,0.1013,0.134,100,false
0.05,0.2,100,0.0724,0.2218,0.0498,0.2181,0.0806,0.171,0.0993,0.087,100,false
0.05,0.2,1000,0.0943,0.2234,0.0953,0.1139,0.0705,0.1436,0.0541,0.2049,100,false
0.05,0.15,0,0.1287,0.1303,0.1197,0.1253,0.1232,0.1225,0.1286,0.1217,100,false
0.05,0.15,1,0.1267,0.1311,0.1183,0.1287,0.1244,0.1259,0.1204,0.1245,100,false
0.05,0.15,2,0.124,0.1279,0.1227,0.1283,0.1265,0.128,0.1179,0.1247,100,false
0.05,0.15,3,0.1188,0.1284,0.1231,0.133,0.1276,0.1273,0.1135,0.1283,100,false
0.05,0.15,4,0.113,0.1294,0.1252,0.1325,0.1326,0.1271,0.1116,0.1286,100,false
0.05,0.15,5,0.1091,0.136,0.1263,0.1319,0.1347,0.1264,0.1111,0.1245,100,false
0.05,0.15,6,0.1027,0.1395,0.1318,0.1341,0.1324,0.1261,0.1062,0.1272,100,false
0.05,0.15,7,0.0999,0.1439,0.1358,0.1335,0.1317,0.1261,0.104,0.1251,100,false
0.05,0.15,8,0.0977,0.1468,0.1376,0.1326,0.1359,0.1223,0.1009,0.1262,100,false
0.05,0.15,9,0.0964,0.1524,0.1373,0.135,0.1344,0.1219,0.0978,0.1248,100,false
0.05,0.15,10,0.0971,0.1533,0.1388,0.1388,0.133,0.1211,0.0926,0.1253,100,false
0.05,0.15,50,0.056,0.206,0.1012,0.1195,0.1258,0.1159,0.1044,0.1712,100,false
0.05,0.15,100,0.0754,0.1958,0.0685,0.1863,0.0993,0.1134,0.0934,0.1679,100,false
0.05,0.15,1000,0.1823,0.0857,0.0311,0.0571,0.0491,0.1571,0.151,0.2866,100,false
0.05,0.05,10000,0.0917,0.1021,0.1261,0.1082,0.1014,0.2425,0.1304,0.0976,100,false
0.1,0.15,5000,0.0689,0.1247,0.0928,0.2437,0.1036,0.0874,0.1292,0.1497,100,false
0.05,0.1,0,0.1271,0.1238,0.1286,0.1257,0.1243,0.1205,0.1228,0.1272,100,false
0.05,0.1,1,0.1215,0.1239,0.1342,0.1213,0.13,0.1156,0.1223,0.1312,100,false
0.05,0.1,2,0.114,0.127,0.1375,0.12,0.1297,0.1174,0.1227,0.1317,100,false
0.05,0.1,3,0.1115,0.1316,0.1399,0.1178,0.1353,0.1175,0.1142,0.1322,100,false
0.05,0.1,4,0.1121,0.1338,0.1374,0.1188,0.1398,0.1156,0.1096,0.1329,100,false
0.05,0.1,5,0.1104,0.1366,0.1328,0.1215,0.1427,0.1143,0.108,0.1337,100,false
0.05,0.1,6,0.106,0.139,0.133,0.1226,0.1468,0.111,0.1052,0.1364,100,false
0.05,0.1,7,0.1039,0.1425,0.1354,0.1247,0.1463,0.1038,0.1045,0.1389,100,false
0.05,0.1,8,0.0991,0.1459,0.1402,0.1234,0.1447,0.1021,0.1022,0.1424,100,false
0.05,0.1,9,0.0987,0.1491,0.1434,0.1233,0.1411,0.1013,0.0997,0.1434,100,false
0.05,0.1,10,0.0966,0.1548,0.141,0.1228,0.1413,0.1004,0.0978,0.1453,100,false
0.05,0.1,50,0.0647,0.195,0.0786,0.1711,0.1338,0.1037,0.1063,0.1468,100,false
0.05,0.1,100,0.0732,0.1724,0.076,0.1804,0.1043,0.1385,0.1444,0.1108,100,false
0.05,0.2,5000,0.1021,0.1165,0.0911,0.2591,0.0889,0.0968,0.1628,0.0827,100,false
0.05,0.1,1000,0.1946,0.0754,0.0336,0.0786,0.082,0.147,0.0891,0.2997,100,false
0.05,0.15,5000,0.0652,0.1116,0.1229,0.1279,0.1776,0.1486,0.1197,0.1265,100,false
0.1,0.15,10000,0.1409,0.0818,0.1315,0.0842,0.0993,0.1692,0.098,0.1951,100,false
0.05,0.1,5000,0.1172,0.2478,0.1209,0.1111,0.0623,0.145,0.0851,0.1106,100,false
0.1,0.2,0,0.1227,0.1284,0.1247,0.1228,0.1246,0.1254,0.128,0.1234,100,false
0.1,0.2,1,0.1176,0.1346,0.1299,0.1197,0.1291,0.127,0.1181,0.124,100,false
0.1,0.2,2,0.1132,0.1358,0.1324,0.1193,0.1397,0.1242,0.1145,0.1209,100,false
0.1,0.2,3,0.111,0.1403,0.1353,0.1184,0.1418,0.126,0.1066,0.1206,100,false
0.1,0.2,4,0.1092,0.1451,0.1347,0.1209,0.1422,0.1248,0.1026,0.1205,100,false
0.1,0.2,5,0.1063,0.148,0.1378,0.1268,0.1412,0.121,0.096,0.1229,100,false
0.1,0.2,6,0.1032,0.1543,0.1367,0.1313,0.1397,0.1177,0.0917,0.1254,100,false
0.1,0.2,7,0.1008,0.1592,0.1434,0.1292,0.1383,0.1154,0.0871,0.1266,100,false
0.1,0.2,8,0.1027,0.1653,0.1435,0.1297,0.1334,0.1143,0.0822,0.1289,100,false
0.1,0.2,9,0.1063,0.168,0.1432,0.1291,0.131,0.1131,0.0778,0.1315,100,false
0.1,0.2,10,0.1064,0.1725,0.1409,0.1305,0.1282,0.1115,0.073,0.137,100,false
0.1,0.2,50,0.0461,0.2144,0.0791,0.1692,0.1111,0.0964,0.1097,0.174,100,false
0.1,0.2,100,0.0842,0.2084,0.0588,0.2626,0.064,0.0964,0.1474,0.0782,100,false
0.05,0.2,10000,0.1026,0.1248,0.0961,0.2629,0.0691,0.1338,0.0693,0.1414,100,false
0.1,0.2,1000,0.0548,0.1557,0.0829,0.1274,0.0948,0.127,0.0566,0.3008,100,false
0.05,0.25,0,0.1257,0.1257,0.1264,0.1278,0.1238,0.1223,0.1243,0.124,100,false
0.05,0.25,1,0.1202,0.1265,0.1323,0.1262,0.1299,0.1279,0.1106,0.1264,100,false
0.05,0.25,2,0.1138,0.1314,0.1368,0.1255,0.1382,0.1248,0.1008,0.1287,100,false
0.05,0.25,3,0.1052,0.1395,0.1399,0.1293,0.1424,0.1187,0.0962,0.1288,100,false
0.05,0.25,4,0.0971,0.149,0.1416,0.1306,0.1458,0.115,0.0928,0.1281,100,false
0.05,0.25,5,0.0958,0.1572,0.1431,0.1303,0.1441,0.1116,0.086,0.1319,100,false
0.05,0.25,6,0.095,0.1652,0.1403,0.1323,0.1461,0.1045,0.0846,0.132,100,false
0.05,0.25,7,0.0937,0.1723,0.1403,0.1348,0.1428,0.1016,0.0806,0.1339,100,false
0.05,0.25,8,0.0943,0.1766,0.1385,0.1361,0.1407,0.0971,0.0794,0.1373,100,false
0.05,0.25,9,0.0927,0.1867,0.1342,0.1398,0.1337,0.097,0.076,0.1399,100,false
0.05,0.25,10,0.0933,0.1931,0.1313,0.139,0.1301,0.095,0.0754,0.1428,100,false
0.05,0.25,50,0.0473,0.2341,0.0687,0.1743,0.1035,0.1312,0.075,0.1659,100,false
0.05,0.25,100,0.0961,0.2564,0.0519,0.1924,0.0486,0.1324,0.0606,0.1616,100,false
0.05,0.15,10000,0.0905,0.2115,0.0858,0.0787,0.1468,0.1148,0.0575,0.2144,100,false
0.05,0.25,1000,0.0489,0.2374,0.1305,0.0579,0.0876,0.1755,0.1039,0.1583,100,false
0.05,0.2,0,0.1256,0.1238,0.1231,0.1242,0.1204,0.1229,0.1294,0.1306,100,false
0.05,0.2,1,0.1144,0.1247,0.1278,0.1239,0.1291,0.1217,0.127,0.1314,100,false
0.05,0.2,2,0.1126,0.1277,0.1342,0.1235,0.1343,0.1194,0.1224,0.1259,100,false
0.05,0.2,3,0.1101,0.131,0.1415,0.1246,0.1353,0.1212,0.1137,0.1226,100,false
0.05,0.2,4,0.1074,0.1309,0.1506,0.1228,0.14,0.1175,0.1107,0.1201,100,false
0.05,0.2,5,0.1038,0.135,0.1581,0.1233,0.1374,0.1185,0.1028,0.1211,100,false
0.05,0.2,6,0.1031,0.1356,0.1608,0.1264,0.1378,0.1165,0.0992,0.1206,100,false
0.05,0.2,7,0.0988,0.1433,0.1652,0.124,0.1397,0.1131,0.0918,0.1241,100,false
0.05,0.2,8,0.0975,0.1508,0.1659,0.121,0.1385,0.1139,0.087,0.1254,100,false
0.05,0.2,9,0.0984,0.1557,0.1682,0.1192,0.1401,0.1109,0.081,0.1265,100,false
0.05,0.2,10,0.0986,0.1629,0.1671,0.1162,0.1415,0.1063,0.0802,0.1272,100,false
0.05,0.2,50,0.0512,0.2212,0.091,0.1722,0.1316,0.0767,0.0816,0.1745,100,false
0.05,0.2,100,0.0681,0.2321,0.0538,0.2125,0.0951,0.0752,0.1586,0.1046,100,false
0.05,0.2,1000,0.0162,0.0754,0.1165,0.1069,0.0583,0.1086,0.256,0.2621,100,false
0.05,0.1,10000,0.0625,0.1923,0.0826,0.1034,0.203,0.078,0.0786,0.1996,100,false
0.1,0.2,5000,0.0893,0.2564,0.0667,0.1505,0.1388,0.084,0.1266,0.0877,100,false
0.05,0.15,0,0.1267,0.126,0.1215,0.1213,0.1254,0.1276,0.1265,0.125,100,false
0.05,0.15,1,0.1219,0.1249,0.1237,0.1222,0.1331,0.1274,0.1247,0.1221,100,false
0.05,0.15,2,0.1194,0.1257,0.1229,0.1243,0.1389,0.1243,0.126,0.1185,100,false
0.05,0.15,3,0.1142,0.1279,0.1226,0.1268,0.1442,0.127,0.1195,0.1178,100,false
0.05,0.15,4,0.1118,0.1279,0.1268,0.1293,0.1469,0.126,0.1114,0.1199,100,false
0.05,0.15,5,0.1088,0.1281,0.1292,0.1344,0.1476,0.1215,0.1094,0.121,100,false
0.05,0.15,6,0.106,0.1289,0.1361,0.137,0.1438,0.1215,0.1051,0.1216,100,false
0.05,0.15,7,0.1044,0.131,0.1385,0.136,0.1459,0.1167,0.1049,0.1226,100,false
0.05,0.15,8,0.1018,0.1337,0.1447,0.1393,0.1401,0.1166,0.0996,0.1242,100,false
0.05,0.15,9,0.0962,0.1373,0.1525,0.1356,0.1437,0.1136,0.0944,0.1267,100,false
0.05,0.15,10,0.0965,0.141,0.1566,0.1353,0.1436,0.1095,0.0916,0.1259,100,false
0.05,0.15,50,0.0648,0.1963,0.0932,0.1399,0.1306,0.1149,0.0984,0.1619,100,false
0.05,0.15,100,0.0609,0.207,0.0748,0.2375,0.058,0.1394,0.0943,0.1281,100,false
0.05,0.25,5000,0.0702,0.1802,0.0884,0.1463,0.119,0.1163,0.0711,0.2085,100,false
0.05,0.15,1000,0.0664,0.1985,0.0945,0.1479,0.0613,0.1561,0.1053,0.17,100,false
0.05,0.2,5000,0.073,0.1543,0.0983,0.2509,0.1179,0.0767,0.1056,0.1233,100,false
0.1,0.2,10000,0.1152,0.1309,0.1118,0.1195,0.1465,0.1113,0.1915,0.0733,100,false
0.05,0.15,5000,0,0.0005,0,0,0,0.9694,0,0.0301,100,true
0.05,0.15,10000,0,0.0005,0,0,0,0.9694,0,0.0301,100,true
0.05,0.15,20000,0,0.0005,0,0,0,0.9694,0,0.0301,100,true
0.05,0.15,30000,0,0.0005,0,0,0,0.9694,0,0.0301,100,true
0.05,0.15,40000,0,0.0005,0,0,0,0.9694,0,0.0301,100,true
0.05,0.15,50000,0,0.0005,0,0,0,0.9694,0,0.0301,100,true
0.05,0.15,60000,0,0.0005,0,0,0,0.9694,0,0.0301,100,true
0.05,0.15,70000,0,0.0005,0,0,0,0.9694,0,0.0301,100,true
0.05,0.15,80000,0,0.0005,0,0,0,0.9694,0,0.0301,100,true
0.05,0.15,90000,0,0.0005,0,0,0,0.9694,0,0.0301,100,true
0.05,0.15,100000,0,0.0005,0,0,0,0.9694,0,0.0301,100,true
0.1,0.25,0,0.1183,0.1325,0.1308,0.1165,0.1295,0.1225,0.1221,0.1278,100,false
0.1,0.25,1,0.1111,0.1349,0.1399,0.1174,0.1328,0.1166,0.1198,0.1275,100,false
0.1,0.25,2,0.105,0.1436,0.1377,0.1197,0.1395,0.1146,0.112,0.1279,100,false
0.1,0.25,3,0.1,0.1519,0.1402,0.1201,0.1394,0.1118,0.1056,0.131,100,false
0.1,0.25,4,0.0998,0.161,0.1367,0.1211,0.139,0.1104,0.1016,0.1304,100,false
0.1,0.25,5,0.1008,0.1652,0.1357,0.1209,0.1422,0.1074,0.0974,0.1304,100,false
0.1,0.25,6,0.0988,0.17,0.1331,0.1241,0.1433,0.1076,0.0882,0.1349,100,false
0.1,0.25,7,0.0997,0.1724,0.1363,0.1227,0.1443,0.104,0.0831,0.1375,100,false
0.1,0.25,8,0.1034,0.1756,0.1346,0.1224,0.1436,0.1,0.0826,0.1378,100,false
0.1,0.25,9,0.1027,0.1795,0.1345,0.1192,0.1444,0.0977,0.0794,0.1426,100,false
0.1,0.25,10,0.1016,0.1822,0.1318,0.1152,0.1488,0.0933,0.079,0.1481,100,false
0.1,0.25,50,0.0567,0.2375,0.0516,0.1635,0.1283,0.0736,0.1269,0.1619,100,false
0.1,0.25,100,0.1356,0.1942,0.0527,0.1568,0.0653,0.1276,0.1589,0.1089,100,false
0.05,0.25,10000,0.0738,0.2038,0.224,0.1084,0.0641,0.1169,0.0878,0.1212,100,false
0.05,0.2,0,0.1265,0.1183,0.1284,0.1289,0.1282,0.1251,0.1271,0.1175,100,false
0.05,0.2,1,0.1186,0.1191,0.1398,0.1283,0.134,0.121,0.1205,0.1187,100,false
0.05,0.2,2,0.1127,0.1239,0.1491,0.127,0.1334,0.1213,0.1124,0.1202,100,false
0.05,0.2,3,0.1055,0.13,0.1575,0.1251,0.137,0.1204,0.1039,0.1206,100,false
0.1,0.25,1000,0.0772,0.1217,0.0724,0.1188,0.1689,0.164,0.0975,0.1795,100,false
0.05,0.2,4,0.1042,0.1411,0.1558,0.1257,0.1391,0.1165,0.0999,0.1177,100,false
0.05,0.2,5,0.102,0.1491,0.1589,0.1214,0.1435,0.1124,0.0965,0.1162,100,false
0.05,0.2,6,0.1049,0.1577,0.1563,0.122,0.1435,0.1065,0.0934,0.1157,100,false
0.05,0.2,7,0.1052,0.1651,0.1579,0.1193,0.1422,0.1061,0.0868,0.1174,100,false
0.05,0.2,8,0.1048,0.1724,0.154,0.1172,0.1437,0.1038,0.0858,0.1183,100,false
0.05,0.2,9,0.1075,0.179,0.1474,0.1177,0.1434,0.1019,0.0827,0.1204,100,false
0.05,0.2,10,0.11,0.1834,0.1413,0.119,0.1424,0.0997,0.0791,0.1251,100,false
0.05,0.2,50,0.0525,0.2303,0.0935,0.1419,0.1361,0.0854,0.0852,0.1751,100,false
0.05,0.2,100,0.0725,0.1738,0.0928,0.2551,0.1202,0.0935,0.0944,0.0977,100,false
0.05,0.3,0,0.1264,0.1271,0.121,0.1272,0.1215,0.1265,0.1223,0.128,100,false
0.05,0.3,1,0.1163,0.1268,0.1293,0.1238,0.1322,0.1261,0.1127,0.1328,100,false
0.05,0.3,2,0.111,0.1282,0.1385,0.1234,0.1382,0.1215,0.1109,0.1283,100,false
0.05,0.3,3,0.1086,0.1346,0.1398,0.1246,0.1407,0.1197,0.1039,0.1281,100,false
0.05,0.3,4,0.1056,0.1381,0.1468,0.1213,0.1454,0.1199,0.0956,0.1273,100,false
0.05,0.3,5,0.1043,0.1424,0.1499,0.1222,0.1504,0.113,0.0897,0.1281,100,false
0.05,0.3,6,0.1063,0.1466,0.1514,0.122,0.1512,0.1092,0.0847,0.1286,100,false
0.05,0.3,7,0.1017,0.1539,0.1525,0.1226,0.1503,0.1059,0.0837,0.1294,100,false
0.05,0.3,8,0.0988,0.1634,0.151,0.1235,0.1506,0.1012,0.0783,0.1332,100,false
0.05,0.3,9,0.0969,0.1692,0.1509,0.1227,0.1497,0.0981,0.0729,0.1396,100,false
0.05,0.3,10,0.0968,0.1764,0.1486,0.1224,0.1465,0.0963,0.0689,0.1441,100,false
0.05,0.3,50,0.0385,0.2864,0.0624,0.1453,0.0996,0.0792,0.0767,0.2119,100,false
0.05,0.3,100,0.0282,0.3236,0.0178,0.2678,0.0504,0.0761,0.1119,0.1242,100,false
0.05,0.2,1000,0.0671,0.3734,0.099,0.1674,0.0484,0.1026,0.0369,0.1052,100,false
0.05,0.2,10000,0.0729,0.119,0.0922,0.3347,0.0451,0.151,0.1053,0.0798,100,false
0.1,0.25,5000,0,0.5859,0,0,0.4129,0.001,0.0002,0,100,true
0.1,0.25,10000,0,0.5859,0,0,0.4129,0.001,0.0002,0,100,true
0.1,0.25,20000,0,0.5859,0,0,0.4129,0.001,0.0002,0,100,true
0.1,0.25,30000,0,0.5859,0,0,0.4129,0.001,0.0002,0,100,true
0.1,0.25,40000,0,0.5859,0,0,0.4129,0.001,0.0002,0,100,true
0.1,0.25,50000,0,0.5859,0,0,0.4129,0.001,0.0002,0,100,true
0.1,0.25,60000,0,0.5859,0,0,0.4129,0.001,0.0002,0,100,true
0.1,0.25,70000,0,0.5859,0,0,0.4129,0.001,0.0002,0,100,true
0.1,0.25,80000,0,0.5859,0,0,0.4129,0.001,0.0002,0,100,true
0.1,0.25,90000,0,0.5859,0,0,0.4129,0.001,0.0002,0,100,true
0.1,0.25,100000,0,0.5859,0,0,0.4129,0.001,0.0002,0,100,true
0.05,0.3,1000,0,0.6844,0,0.0065,0.0042,0.0578,0.1025,0.1446,100,false
0.05,0.25,0,0.1196,0.1304,0.1262,0.1227,0.1253,0.1255,0.1277,0.1226,100,false
0.05,0.25,1,0.1156,0.1283,0.1351,0.1231,0.1348,0.1255,0.1129,0.1247,100,false
0.05,0.25,2,0.1086,0.1353,0.1371,0.123,0.1435,0.1204,0.1095,0.1226,100,false
0.05,0.25,3,0.1049,0.1447,0.1377,0.1261,0.1451,0.1162,0.1045,0.1208,100,false
0.05,0.25,4,0.1037,0.1488,0.1408,0.1285,0.1459,0.1138,0.098,0.1205,100,false
0.05,0.25,5,0.0994,0.1547,0.1438,0.1292,0.1486,0.1076,0.0939,0.1228,100,false
0.05,0.25,6,0.0968,0.1617,0.1415,0.1331,0.1481,0.1049,0.0903,0.1236,100,false
0.05,0.25,7,0.0973,0.1706,0.1412,0.1335,0.1442,0.103,0.0854,0.1248,100,false
0.05,0.25,8,0.0981,0.1767,0.1369,0.1373,0.141,0.1012,0.0808,0.128,100,false
0.05,0.25,9,0.1003,0.1815,0.1367,0.1379,0.1366,0.0998,0.0759,0.1313,100,false
0.05,0.25,10,0.1019,0.1849,0.1365,0.137,0.1319,0.099,0.0719,0.1369,100,false
0.05,0.25,50,0.0493,0.2067,0.0845,0.1772,0.1129,0.0973,0.0827,0.1894,100,false
0.05,0.25,100,0.0459,0.2355,0.0631,0.2045,0.1091,0.1069,0.1047,0.1303,100,false
0.1,0.3,0,0.1261,0.1259,0.1234,0.1258,0.1278,0.1306,0.1192,0.1212,100,false
0.1,0.3,1,0.1158,0.1295,0.1314,0.1271,0.1405,0.123,0.11,0.1227,100,false
0.1,0.3,2,0.107,0.1347,0.1407,0.1279,0.144,0.119,0.1039,0.1228,100,false
0.1,0.3,3,0.1005,0.1455,0.1434,0.1268,0.1511,0.1138,0.0954,0.1235,100,false
0.1,0.3,4,0.0952,0.1536,0.1421,0.1288,0.1564,0.1097,0.0886,0.1256,100,false
0.1,0.3,5,0.0891,0.1607,0.1441,0.1336,0.1574,0.1048,0.0824,0.1279,100,false
0.1,0.3,6,0.0852,0.1705,0.1478,0.1351,0.1504,0.1029,0.0787,0.1294,100,false
0.1,0.3,7,0.083,0.1793,0.1517,0.134,0.1464,0.0999,0.0747,0.131,100,false
0.1,0.3,8,0.0836,0.1888,0.1495,0.1318,0.1424,0.0983,0.0699,0.1357,100,false
0.1,0.3,9,0.0851,0.1965,0.1468,0.1315,0.1392,0.096,0.0672,0.1377,100,false
0.1,0.3,10,0.0884,0.2007,0.1456,0.1305,0.1355,0.093,0.0649,0.1414,100,false
0.1,0.3,50,0.0532,0.2484,0.0847,0.1219,0.1139,0.101,0.0896,0.1873,100,false
0.1,0.3,100,0.0731,0.2647,0.0732,0.1906,0.0707,0.1129,0.1133,0.1015,100,false
0.05,0.25,1000,0.0624,0.1277,0,0.5189,0,0.0495,0.0047,0.2368,100,false
0.1,0.3,1000,0,0.667,0,0.0063,0.0062,0.1077,0.0183,0.1945,100,false
0.05,0.2,5000,0.0818,0.141,0.0841,0.1705,0.0867,0.1668,0.0672,0.2019,100,false
0.05,0.3,5000,0,0.229,0,0.2007,0,0.332,0,0.2383,100,false
0.05,0.25,5000,0,0.2614,0,0.2099,0,0.2434,0,0.2853,100,false
0.1,0.3,5000,0,0.2805,0,0.2165,0,0.2716,0,0.2314,100,false
0.05,0.2,10000,0.0895,0.2085,0.1658,0.1449,0.1101,0.1242,0.071,0.086,100,false
0.05,0.25,0,0.1264,0.1213,0.1225,0.1287,0.121,0.1252,0.1295,0.1254,100,false
0.05,0.25,1,0.1159,0.1218,0.1315,0.1254,0.1291,0.1274,0.1191,0.1298,100,false
0.05,0.25,2,0.1097,0.1253,0.1365,0.1246,0.1361,0.1269,0.1098,0.1311,100,false
0.05,0.25,3,0.1041,0.1297,0.1464,0.121,0.1414,0.1243,0.1023,0.1308,100,false
0.05,0.25,4,0.097,0.1363,0.1521,0.119,0.1459,0.1212,0.0982,0.1303,100,false
0.05,0.25,5,0.0942,0.1445,0.1513,0.1226,0.1475,0.1214,0.0886,0.1299,100,false
0.05,0.25,6,0.0929,0.1514,0.1514,0.1212,0.1514,0.1166,0.0859,0.1292,100,false
0.05,0.25,7,0.0903,0.1586,0.1509,0.1224,0.1532,0.1129,0.0814,0.1303,100,false
0.05,0.25,8,0.0866,0.1716,0.1465,0.1222,0.1551,0.1084,0.0767,0.1329,100,false
0.05,0.25,9,0.087,0.1798,0.1445,0.121,0.1558,0.1048,0.0726,0.1345,100,false
0.05,0.25,10,0.0901,0.1843,0.1419,0.1195,0.1588,0.1006,0.0691,0.1357,100,false
0.05,0.25,50,0.0665,0.2095,0.0688,0.1465,0.1256,0.0963,0.1097,0.1771,100,false
0.05,0.25,100,0.0527,0.2648,0.049,0.2535,0.0619,0.1337,0.0979,0.0865,100,false
0.05,0.3,10000,0,0.2175,0,0.2294,0,0.2942,0,0.2589,100,false
0.05,0.25,1000,0.1267,0.1151,0.0716,0.1842,0.1048,0.111,0.0679,0.2187,100,false
0.05,0.35,0,0.1242,0.1216,0.1296,0.1241,0.1231,0.1273,0.1225,0.1276,100,false
0.05,0.35,1,0.1125,0.1296,0.1376,0.1236,0.1342,0.1241,0.1092,0.1292,100,false
0.05,0.35,2,0.1049,0.1349,0.1421,0.1276,0.1376,0.121,0.1026,0.1293,100,false
0.05,0.35,3,0.1023,0.1432,0.146,0.1309,0.1386,0.1168,0.0971,0.1251,100,false
0.05,0.35,4,0.0999,0.1479,0.1509,0.1315,0.1403,0.1129,0.089,0.1276,100,false
0.05,0.35,5,0.0974,0.1566,0.1517,0.1347,0.1374,0.1118,0.0818,0.1286,100,false
0.05,0.35,6,0.093,0.164,0.157,0.1334,0.1374,0.1084,0.0758,0.131,100,false
0.05,0.35,7,0.0926,0.1698,0.1627,0.1263,0.1394,0.1047,0.0709,0.1336,100,false
0.05,0.35,8,0.0937,0.1776,0.162,0.1262,0.1367,0.1034,0.0671,0.1333,100,false
0.05,0.35,9,0.0888,0.1898,0.1605,0.1223,0.1365,0.1005,0.0631,0.1385,100,false
0.05,0.35,10,0.0869,0.1968,0.1607,0.1211,0.1359,0.0977,0.0578,0.1431,100,false
0.05,0.35,50,0.015,0.2777,0.0578,0.1548,0.1341,0.0904,0.0666,0.2036,100,false
0.05,0.35,100,0.0277,0.2818,0.0122,0.2285,0.0624,0.1031,0.1156,0.1687,100,false
0.05,0.25,10000,0,0.2602,0,0.2659,0,0.2472,0,0.2267,100,false
0.1,0.3,10000,0,0.2713,0,0.2292,0,0.2201,0,0.2794,100,false
0.05,0.35,1000,0.117,0.1416,0.1477,0.1699,0.0816,0.0664,0.0828,0.193,100,false
0.05,0.3,0,0.1297,0.1273,0.1276,0.1242,0.1209,0.127,0.121,0.1223,100,false
0.05,0.3,1,0.1197,0.1321,0.1329,0.1245,0.1287,0.1254,0.1115,0.1252,100,false
0.05,0.3,2,0.1145,0.1343,0.1358,0.1283,0.1345,0.1211,0.1036,0.1279,100,false
0.05,0.3,3,0.1126,0.1377,0.1395,0.1252,0.14,0.1183,0.0998,0.1269,100,false
0.05,0.3,4,0.1065,0.1438,0.1438,0.1262,0.1409,0.1147,0.0964,0.1277,100,false
0.05,0.3,5,0.1034,0.1482,0.1506,0.123,0.1464,0.1114,0.0903,0.1267,100,false
0.05,0.3,6,0.0954,0.1549,0.151,0.1226,0.1492,0.1109,0.0849,0.1311,100,false
0.05,0.3,7,0.0909,0.1595,0.1551,0.1222,0.1505,0.1072,0.0802,0.1344,100,false
0.05,0.3,8,0.0891,0.1676,0.1577,0.1181,0.1538,0.1041,0.0733,0.1363,100,false
0.05,0.3,9,0.0855,0.1795,0.1526,0.1175,0.1552,0.1025,0.0682,0.139,100,false
0.05,0.3,10,0.0819,0.1892,0.1459,0.1202,0.1557,0.1,0.0646,0.1425,100,false
0.05,0.3,50,0.0325,0.2627,0.0596,0.1494,0.1123,0.0878,0.1088,0.1869,100,false
0.05,0.3,100,0.0839,0.2905,0.0326,0.1973,0.0663,0.1145,0.1003,0.1146,100,false
0.1,0.35,0,0.1245,0.1219,0.1258,0.1273,0.1269,0.1267,0.1205,0.1264,100,false
0.1,0.35,1,0.1127,0.1247,0.137,0.1269,0.137,0.1246,0.1107,0.1264,100,false
0.1,0.35,2,0.1061,0.1298,0.1435,0.128,0.1412,0.124,0.1043,0.1231,100,false
0.1,0.35,3,0.1012,0.1344,0.1509,0.1303,0.1499,0.1135,0.098,0.1218,100,false
0.1,0.35,4,0.0977,0.1378,0.1595,0.1302,0.1534,0.1074,0.0916,0.1224,100,false
0.1,0.35,5,0.0959,0.1482,0.1606,0.1303,0.1559,0.102,0.0864,0.1207,100,false
0.1,0.35,6,0.0925,0.1564,0.1643,0.1315,0.1532,0.0971,0.0802,0.1248,100,false
0.1,0.35,7,0.0902,0.1678,0.1668,0.1283,0.1483,0.0938,0.0798,0.125,100,false
0.1,0.35,8,0.0903,0.1805,0.1687,0.1232,0.1472,0.0903,0.0716,0.1282,100,false
0.1,0.35,9,0.0896,0.1911,0.1707,0.1202,0.1444,0.0864,0.0681,0.1295,100,false
0.1,0.35,10,0.0868,0.2067,0.1645,0.1172,0.1425,0.0833,0.0664,0.1326,100,false
0.1,0.35,50,0.0279,0.2316,0.066,0.1946,0.1589,0.0901,0.1131,0.1178,100,false
0.1,0.35,100,0.0856,0.1649,0.0335,0.2101,0.0774,0.1843,0.174,0.0702,100,false
0.05,0.3,1000,0.0633,0.2884,0.0484,0.1798,0.107,0.053,0.0921,0.168,100,false
0.1,0.35,1000,0,0.8147,0,0.0137,0.0013,0.1065,0.0057,0.0581,100,false
0.05,0.25,5000,0.0675,0.1282,0.1468,0.1091,0.164,0.14,0.1052,0.1392,100,false
0.05,0.35,5000,0.1295,0.252,0.1655,0.0783,0.0644,0.08,0.0782,0.1521,100,false
0.05,0.3,5000,0.062,0.2183,0.069,0.1463,0.0924,0.0806,0.1351,0.1963,100,false
0.1,0.35,5000,0,0.2447,0,0.3244,0,0.2166,0,0.2143,100,false
0.05,0.25,10000,0.0891,0.1269,0.0887,0.2584,0.0821,0.0989,0.0799,0.176,100,false
0.05,0.3,0,0.1238,0.1271,0.1237,0.1259,0.1289,0.12,0.1264,0.1242,100,false
0.05,0.3,1,0.1136,0.1289,0.1296,0.1289,0.1355,0.1172,0.124,0.1223,100,false
0.05,0.3,2,0.1092,0.1315,0.139,0.129,0.139,0.1154,0.1151,0.1218,100,false
0.05,0.3,3,0.1008,0.1433,0.1423,0.1302,0.1424,0.1111,0.1054,0.1245,100,false
0.05,0.3,4,0.0961,0.1476,0.1452,0.1307,0.1468,0.1061,0.1013,0.1262,100,false
0.05,0.3,5,0.0919,0.1556,0.1438,0.1352,0.1475,0.1013,0.0959,0.1288,100,false
0.05,0.3,6,0.0908,0.1662,0.1465,0.1344,0.1458,0.0984,0.0902,0.1277,100,false
0.05,0.3,7,0.0879,0.1738,0.1496,0.1347,0.1441,0.0943,0.0866,0.129,100,false
0.05,0.3,8,0.0893,0.1779,0.1494,0.1343,0.1418,0.0922,0.0842,0.1309,100,false
0.05,0.3,9,0.0905,0.1846,0.1485,0.1316,0.1406,0.0899,0.0802,0.1341,100,false
0.05,0.3,10,0.0932,0.1895,0.1455,0.1295,0.1415,0.0863,0.0773,0.1372,100,false
0.05,0.3,50,0.0463,0.2352,0.0632,0.1709,0.089,0.1151,0.09,0.1903,100,false
0.05,0.3,100,0.0564,0.2232,0.0587,0.1958,0.0759,0.1562,0.0776,0.1562,100,false
0.05,0.35,10000,0.1193,0.1513,0.1438,0.1694,0.0762,0.1429,0.0545,0.1426,100,false
0.05,0.3,1000,0,0.4504,0,0,0.0023,0.0057,0.0004,0.5412,100,false
0.05,0.3,5000,0,0.3167,0,0,0.6807,0.0005,0.0016,0.0005,100,true
0.05,0.3,10000,0,0.3167,0,0,0.6807,0.0005,0.0016,0.0005,100,true
0.05,0.3,20000,0,0.3167,0,0,0.6807,0.0005,0.0016,0.0005,100,true
0.05,0.3,30000,0,0.3167,0,0,0.6807,0.0005,0.0016,0.0005,100,true
0.05,0.3,40000,0,0.3167,0,0,0.6807,0.0005,0.0016,0.0005,100,true
0.05,0.3,50000,0,0.3167,0,0,0.6807,0.0005,0.0016,0.0005,100,true
0.05,0.3,60000,0,0.3167,0,0,0.6807,0.0005,0.0016,0.0005,100,true
0.05,0.3,70000,0,0.3167,0,0,0.6807,0.0005,0.0016,0.0005,100,true
0.05,0.3,80000,0,0.3167,0,0,0.6807,0.0005,0.0016,0.0005,100,true
0.05,0.3,90000,0,0.3167,0,0,0.6807,0.0005,0.0016,0.0005,100,true
0.05,0.3,100000,0,0.3167,0,0,0.6807,0.0005,0.0016,0.0005,100,true
0.05,0.3,10000,0.109,0.1588,0.0932,0.219,0.0743,0.0868,0.1087,0.1502,100,false
0.05,0.4,0,0.1291,0.1252,0.1258,0.1201,0.1256,0.1224,0.1241,0.1277,100,false
0.05,0.4,1,0.1229,0.1251,0.1358,0.1176,0.1361,0.1259,0.1123,0.1243,100,false
0.05,0.4,2,0.1146,0.129,0.1434,0.1178,0.1433,0.1231,0.1021,0.1267,100,false
0.05,0.4,3,0.1066,0.133,0.1496,0.1184,0.1535,0.1168,0.0927,0.1294,100,false
0.05,0.4,4,0.1007,0.1408,0.1551,0.1161,0.1629,0.108,0.0868,0.1296,100,false
0.05,0.4,5,0.0927,0.1496,0.1585,0.1173,0.1699,0.099,0.0799,0.1331,100,false
0.05,0.4,6,0.0865,0.1596,0.1608,0.117,0.1716,0.0934,0.0743,0.1368,100,false
0.05,0.4,7,0.082,0.1697,0.1592,0.1195,0.1711,0.0866,0.0735,0.1384,100,false
0.05,0.4,8,0.0779,0.1779,0.159,0.1237,0.1674,0.0814,0.0702,0.1425,100,false
0.05,0.4,9,0.0782,0.1844,0.1599,0.1231,0.1638,0.0785,0.0683,0.1438,100,false
0.05,0.4,10,0.0774,0.1909,0.1584,0.1243,0.1602,0.0761,0.0669,0.1458,100,false
0.05,0.4,50,0.0302,0.2369,0.0426,0.1964,0.1008,0.0992,0.0784,0.2155,100,false
0.05,0.4,100,0.0534,0.2973,0.017,0.2836,0.0482,0.0941,0.0817,0.1247,100,false
0.05,0.35,0,0.1272,0.1247,0.1201,0.1276,0.1233,0.1246,0.1264,0.1261,100,false
0.05,0.35,1,0.1174,0.1263,0.1293,0.1289,0.1363,0.1174,0.1186,0.1258,100,false
0.05,0.35,2,0.1098,0.127,0.1387,0.1298,0.1448,0.1139,0.1086,0.1274,100,false
0.05,0.35,3,0.1065,0.1294,0.1488,0.1292,0.1474,0.1083,0.1014,0.129,100,false
0.05,0.35,4,0.0998,0.1363,0.1557,0.13,0.1474,0.1077,0.0915,0.1316,100,false
0.05,0.35,5,0.094,0.1438,0.1617,0.1339,0.1432,0.1031,0.0853,0.135,100,false
0.05,0.35,6,0.0868,0.1544,0.1691,0.1304,0.1431,0.0994,0.0781,0.1387,100,false
0.05,0.35,7,0.0832,0.1672,0.1701,0.1272,0.1416,0.0984,0.0729,0.1394,100,false
0.05,0.35,8,0.0816,0.1793,0.1669,0.1247,0.1412,0.0944,0.0691,0.1428,100,false
0.05,0.35,9,0.0825,0.1898,0.1614,0.1233,0.1402,0.0902,0.0665,0.1461,100,false
0.05,0.35,10,0.0855,0.1987,0.1554,0.1202,0.1384,0.0873,0.0637,0.1508,100,false
0.05,0.35,50,0.0422,0.2216,0.0671,0.1456,0.1464,0.0872,0.0583,0.2316,100,false
0.05,0.35,100,0.0332,0.3026,0.0144,0.2027,0.0702,0.1085,0.1429,0.1255,100,false
0.1,0.35,10000,0,0.2112,0,0.2672,0,0.2757,0,0.2459,100,false
0.05,0.35,0,0.1193,0.1274,0.1255,0.119,0.1317,0.1257,0.1269,0.1245,100,false
0.05,0.35,1,0.1164,0.1269,0.1361,0.1208,0.1403,0.1224,0.1179,0.1192,100,false
0.05,0.35,2,0.1086,0.1294,0.1471,0.1207,0.151,0.1184,0.108,0.1168,100,false
0.05,0.35,3,0.0984,0.1384,0.1546,0.1225,0.1552,0.1105,0.1007,0.1197,100,false
0.05,0.35,4,0.0922,0.1484,0.1577,0.1243,0.1591,0.1061,0.0931,0.1191,100,false
0.05,0.35,5,0.0859,0.1624,0.1587,0.1237,0.157,0.1043,0.0863,0.1217,100,false
0.05,0.35,6,0.0827,0.1758,0.1571,0.123,0.1576,0.1006,0.0804,0.1228,100,false
0.05,0.35,7,0.0789,0.1866,0.1578,0.121,0.1595,0.0967,0.0742,0.1253,100,false
0.05,0.35,8,0.0773,0.1981,0.1577,0.1196,0.1585,0.0926,0.0691,0.1271,100,false
0.05,0.35,9,0.0753,0.2098,0.1515,0.1204,0.1585,0.0892,0.0638,0.1315,100,false
0.05,0.35,10,0.0763,0.2179,0.1423,0.1237,0.1556,0.0853,0.0609,0.138,100,false
0.05,0.35,50,0.0199,0.2732,0.0475,0.1741,0.0958,0.1048,0.0886,0.1961,100,false
0.05,0.4,1000,0.0506,0.0894,0.0616,0.0808,0.1402,0.204,0.1532,0.2202,100,false
0.05,0.35,100,0.0291,0.3265,0.0333,0.2056,0.0469,0.1127,0.1,0.1459,100,false
0.05,0.35,1000,0.0287,0.099,0,0.8705,0.0002,0.0003,0.0004,0.0009,100,false
0.05,0.35,5000,0.13,0.013,0,0.8531,0,0,0.0033,0.0006,100,true
0.05,0.35,10000,0.13,0.013,0,0.8531,0,0,0.0033,0.0006,100,true
0.05,0.35,20000,0.13,0.013,0,0.8531,0,0,0.0033,0.0006,100,true
0.05,0.35,30000,0.13,0.013,0,0.8531,0,0,0.0033,0.0006,100,true
0.05,0.35,40000,0.13,0.013,0,0.8531,0,0,0.0033,0.0006,100,true
0.05,0.35,50000,0.13,0.013,0,0.8531,0,0,0.0033,0.0006,100,true
0.05,0.35,60000,0.13,0.013,0,0.8531,0,0,0.0033,0.0006,100,true
0.05,0.35,70000,0.13,0.013,0,0.8531,0,0,0.0033,0.0006,100,true
0.05,0.35,80000,0.13,0.013,0,0.8531,0,0,0.0033,0.0006,100,true
0.05,0.35,90000,0.13,0.013,0,0.8531,0,0,0.0033,0.0006,100,true
0.05,0.35,100000,0.13,0.013,0,0.8531,0,0,0.0033,0.0006,100,true
0.05,0.35,1000,0,0.434,0,0.1397,0.0002,0.3118,0.0019,0.1124,100,false
0.05,0.4,5000,0,0.0853,0,0,0.8703,0,0.0302,0.0142,100,true
0.05,0.4,10000,0,0.0853,0,0,0.8703,0,0.0302,0.0142,100,true
0.05,0.4,20000,0,0.0853,0,0,0.8703,0,0.0302,0.0142,100,true
0.05,0.4,30000,0,0.0853,0,0,0.8703,0,0.0302,0.0142,100,true
0.05,0.4,40000,0,0.0853,0,0,0.8703,0,0.0302,0.0142,100,true
0.05,0.4,50000,0,0.0853,0,0,0.8703,0,0.0302,0.0142,100,true
0.05,0.4,60000,0,0.0853,0,0,0.8703,0,0.0302,0.0142,100,true
0.05,0.4,70000,0,0.0853,0,0,0.8703,0,0.0302,0.0142,100,true
0.05,0.4,80000,0,0.0853,0,0,0.8703,0,0.0302,0.0142,100,true
0.05,0.4,90000,0,0.0853,0,0,0.8703,0,0.0302,0.0142,100,true
0.05,0.4,100000,0,0.0853,0,0,0.8703,0,0.0302,0.0142,100,true
0.1,0.4,0,0.1239,0.124,0.1298,0.1243,0.1249,0.1251,0.1259,0.1221,100,false
0.1,0.4,1,0.1147,0.1215,0.1482,0.1207,0.1357,0.1263,0.1114,0.1215,100,false
0.1,0.4,2,0.1028,0.1321,0.157,0.1232,0.1463,0.1171,0.1002,0.1213,100,false
0.1,0.4,3,0.0926,0.1402,0.1652,0.1249,0.1512,0.11,0.0939,0.122,100,false
0.1,0.4,4,0.0901,0.1522,0.1685,0.122,0.1547,0.1052,0.0821,0.1252,100,false
0.1,0.4,5,0.0887,0.1625,0.1691,0.1245,0.1513,0.1013,0.0753,0.1273,100,false
0.1,0.4,6,0.0851,0.172,0.1674,0.1236,0.1549,0.0961,0.0684,0.1325,100,false
0.1,0.4,7,0.0829,0.1849,0.1628,0.1197,0.1569,0.0925,0.0641,0.1362,100,false
0.1,0.4,8,0.0811,0.1954,0.1587,0.1215,0.1524,0.0886,0.0617,0.1406,100,false
0.1,0.4,9,0.0813,0.2033,0.1545,0.1205,0.1514,0.0852,0.0574,0.1464,100,false
0.1,0.4,10,0.083,0.2099,0.1503,0.1188,0.1493,0.084,0.0542,0.1505,100,false
0.1,0.4,50,0.014,0.2606,0.0389,0.1628,0.1612,0.0717,0.0816,0.2092,100,false
0.1,0.4,100,0.0449,0.319,0.0159,0.1319,0.0796,0.0724,0.1923,0.144,100,false
0.05,0.4,0,0.1243,0.1284,0.1228,0.1251,0.1261,0.1274,0.121,0.1249,100,false
0.05,0.4,1,0.1136,0.127,0.1356,0.1244,0.1393,0.1239,0.1116,0.1246,100,false
0.05,0.4,2,0.1051,0.1302,0.1453,0.1255,0.1472,0.1209,0.0967,0.1291,100,false
0.05,0.4,3,0.0962,0.1346,0.1539,0.1256,0.1558,0.115,0.0842,0.1347,100,false
0.05,0.4,4,0.0902,0.1426,0.1613,0.1274,0.1587,0.109,0.0723,0.1385,100,false
0.05,0.4,5,0.0867,0.1534,0.1639,0.1285,0.157,0.1023,0.0698,0.1384,100,false
0.05,0.4,6,0.0844,0.1663,0.1627,0.1308,0.1547,0.0978,0.0634,0.1399,100,false
0.05,0.4,7,0.079,0.1798,0.1592,0.1287,0.1582,0.09,0.0617,0.1434,100,false
0.05,0.4,8,0.0768,0.1897,0.1581,0.127,0.158,0.0857,0.0566,0.1481,100,false
0.05,0.4,9,0.0777,0.1997,0.1527,0.1269,0.1538,0.0825,0.0539,0.1528,100,false
0.05,0.4,10,0.0755,0.2081,0.1532,0.1216,0.1544,0.0783,0.0501,0.1588,100,false
0.05,0.4,50,0.0258,0.2792,0.0397,0.1492,0.1103,0.0825,0.0646,0.2487,100,false
0.05,0.4,100,0.0171,0.2607,0.0086,0.29,0.0675,0.1116,0.096,0.1485,100,false
0.1,0.4,1000,0,0.1045,0.0046,0.2056,0.0103,0.1271,0,0.5479,100,false
0.05,0.45,0,0.1261,0.126,0.1242,0.1323,0.1234,0.121,0.1246,0.1224,100,false
0.05,0.45,1,0.1121,0.1322,0.1327,0.1331,0.1346,0.1171,0.1128,0.1254,100,false
0.05,0.45,2,0.1033,0.1411,0.1435,0.1335,0.1407,0.1116,0.1023,0.124,100,false
0.05,0.45,3,0.0963,0.147,0.1509,0.1341,0.1408,0.111,0.0946,0.1253,100,false
0.05,0.45,4,0.0922,0.1572,0.1526,0.1323,0.1463,0.1052,0.0893,0.1249,100,false
0.05,0.45,5,0.0901,0.1652,0.1553,0.1312,0.1514,0.0971,0.082,0.1277,100,false
0.05,0.45,6,0.092,0.1722,0.1566,0.1305,0.1515,0.092,0.0743,0.1309,100,false
0.05,0.45,7,0.0879,0.1805,0.157,0.1353,0.1505,0.0863,0.0704,0.1321,100,false
0.05,0.45,8,0.0854,0.1911,0.156,0.1363,0.1461,0.0855,0.0638,0.1358,100,false
0.05,0.45,9,0.0832,0.2062,0.1501,0.1358,0.1427,0.0815,0.0594,0.1411,100,false
0.05,0.45,10,0.082,0.2152,0.1468,0.1341,0.1392,0.079,0.0565,0.1472,100,false
0.05,0.45,50,0.0352,0.263,0.0546,0.1091,0.1192,0.095,0.0833,0.2406,100,false
0.05,0.4,1000,0.1015,0.136,0.0241,0.1349,0,0.5863,0,0.0172,100,false
0.05,0.45,100,0.065,0.2935,0.0505,0.1811,0.0632,0.1043,0.0722,0.1702,100,false
0.05,0.45,1000,0.1078,0.3385,0.0651,0.0714,0.0359,0.1748,0.0993,0.1072,100,false
0.05,0.35,5000,0,0.3105,0,0.2034,0,0.1693,0,0.3168,100,false
0.1,0.4,5000,0,0.1696,0,0.2308,0,0.3457,0,0.2539,100,false
0.05,0.4,5000,0,0.3266,0,0.2396,0,0.2298,0,0.204,100,false
0.05,0.45,5000,0.0988,0.2615,0.1594,0.1416,0.0565,0.0419,0.1338,0.1065,100,false
0.05,0.35,10000,0,0.191,0,0.2478,0,0.2543,0,0.3069,100,false
0.05,0.45,10000,0,0.0003,0.0338,0.0888,0,0.8768,0,0.0003,100,true
0.05,0.45,20000,0,0.0003,0.0338,0.0888,0,0.8768,0,0.0003,100,true
0.05,0.45,30000,0,0.0003,0.0338,0.0888,0,0.8768,0,0.0003,100,true
0.05,0.45,40000,0,0.0003,0.0338,0.0888,0,0.8768,0,0.0003,100,true
0.05,0.45,50000,0,0.0003,0.0338,0.0888,0,0.8768,0,0.0003,100,true
0.05,0.45,60000,0,0.0003,0.0338,0.0888,0,0.8768,0,0.0003,100,true
0.05,0.45,70000,0,0.0003,0.0338,0.0888,0,0.8768,0,0.0003,100,true
0.05,0.45,80000,0,0.0003,0.0338,0.0888,0,0.8768,0,0.0003,100,true
0.05,0.45,90000,0,0.0003,0.0338,0.0888,0,0.8768,0,0.0003,100,true
0.05,0.45,100000,0,0.0003,0.0338,0.0888,0,0.8768,0,0.0003,100,true
0.05,0.4,10000,0,0.2791,0,0.2294,0,0.2365,0,0.255,100,false
0.1,0.4,10000,0,0.2452,0,0.267,0,0.2418,0,0.246,100,false
0.05,0.4,0,0.1267,0.1228,0.1271,0.1205,0.1322,0.1186,0.1278,0.1243,100,false
0.05,0.4,1,0.1161,0.1268,0.1356,0.1221,0.1432,0.1152,0.1174,0.1236,100,false
0.05,0.4,2,0.1046,0.1304,0.1444,0.1254,0.149,0.1133,0.1079,0.125,100,false
0.05,0.4,3,0.0947,0.1378,0.1493,0.1302,0.1536,0.1068,0.1002,0.1274,100,false
0.05,0.4,4,0.0906,0.1429,0.1579,0.1325,0.154,0.1008,0.0926,0.1287,100,false
0.05,0.4,5,0.0863,0.1511,0.1673,0.1277,0.1562,0.0986,0.0839,0.1289,100,false
0.05,0.4,6,0.0842,0.1603,0.1683,0.129,0.1546,0.0939,0.0788,0.1309,100,false
0.05,0.4,7,0.081,0.1715,0.1712,0.1262,0.1523,0.091,0.0718,0.135,100,false
0.05,0.4,8,0.0831,0.1799,0.1682,0.1279,0.1472,0.0864,0.069,0.1383,100,false
0.05,0.4,9,0.0798,0.1922,0.1654,0.1265,0.1452,0.0824,0.0649,0.1436,100,false
0.05,0.4,10,0.0777,0.2041,0.162,0.1222,0.1422,0.0799,0.0632,0.1487,100,false
0.05,0.4,50,0.019,0.2901,0.0326,0.1322,0.1132,0.1128,0.0705,0.2296,100,false
0.05,0.4,100,0.0085,0.3298,0.0156,0.27,0.0611,0.0985,0.0893,0.1272,100,false
0.05,0.5,0,0.1265,0.1238,0.1327,0.1248,0.123,0.121,0.126,0.1222,100,false
0.05,0.5,1,0.1094,0.1277,0.149,0.1199,0.1381,0.1231,0.1114,0.1214,100,false
0.05,0.5,2,0.098,0.1378,0.1559,0.1197,0.1486,0.116,0.1042,0.1198,100,false
0.05,0.5,3,0.0888,0.1464,0.1635,0.1187,0.1582,0.1124,0.09,0.122,100,false
0.05,0.5,4,0.081,0.1582,0.17,0.1201,0.1579,0.1124,0.0765,0.1239,100,false
0.05,0.5,5,0.0782,0.1715,0.1708,0.1188,0.1598,0.1069,0.0701,0.1239,100,false
0.05,0.5,6,0.0756,0.1815,0.1702,0.1164,0.164,0.1011,0.0645,0.1267,100,false
0.05,0.5,7,0.0734,0.1941,0.1686,0.1134,0.1677,0.0939,0.0571,0.1318,100,false
0.05,0.5,8,0.0736,0.2041,0.165,0.1132,0.1667,0.0902,0.0498,0.1374,100,false
0.05,0.5,9,0.0732,0.2134,0.1603,0.1142,0.1646,0.0861,0.0439,0.1443,100,false
0.05,0.5,10,0.0734,0.224,0.1522,0.1137,0.1632,0.0826,0.043,0.1479,100,false
0.05,0.5,50,0.0122,0.2801,0.0207,0.1247,0.1392,0.1112,0.0625,0.2494,100,false
0.05,0.5,100,0.009,0.3227,0.0111,0.2241,0.0675,0.0736,0.0978,0.1942,100,false
0.05,0.4,1000,0.0078,0.1838,0.002,0.2519,0,0.3438,0,0.2107,100,false
0.1,0.45,0,0.1169,0.1279,0.1207,0.1287,0.1236,0.133,0.1262,0.123,100,false
0.05,0.45,0,0.1239,0.1231,0.1235,0.1278,0.124,0.1228,0.1276,0.1273,100,false
0.1,0.45,1,0.1093,0.1293,0.1375,0.128,0.1355,0.1294,0.1136,0.1174,100,false
0.05,0.45,1,0.1132,0.1251,0.1372,0.128,0.1358,0.1194,0.1161,0.1252,100,false
0.1,0.45,2,0.1008,0.1399,0.1432,0.131,0.1448,0.1251,0.1012,0.114,100,false
0.05,0.45,2,0.1061,0.1251,0.1495,0.1307,0.1365,0.1164,0.1114,0.1243,100,false
0.1,0.45,3,0.0956,0.147,0.1529,0.1323,0.1463,0.1185,0.0925,0.1149,100,false
0.05,0.45,3,0.0977,0.1348,0.155,0.1315,0.1394,0.1165,0.0985,0.1266,100,false
0.1,0.45,4,0.0872,0.1571,0.1595,0.1315,0.1518,0.1123,0.0836,0.117,100,false
0.05,0.45,4,0.0918,0.1433,0.1584,0.1351,0.1433,0.1119,0.0884,0.1278,100,false
0.1,0.45,5,0.0813,0.1695,0.1633,0.1285,0.1534,0.1081,0.0753,0.1206,100,false
0.05,0.45,5,0.085,0.1506,0.1637,0.1369,0.1449,0.1073,0.0812,0.1304,100,false
0.1,0.45,6,0.0776,0.1786,0.1649,0.1283,0.1542,0.1063,0.0662,0.1239,100,false
0.05,0.45,6,0.083,0.1579,0.1668,0.1391,0.1424,0.1015,0.0783,0.131,100,false
0.1,0.45,7,0.0736,0.1936,0.1639,0.1277,0.1517,0.1013,0.0578,0.1304,100,false
0.05,0.45,7,0.0759,0.1683,0.1712,0.1372,0.1414,0.0982,0.0725,0.1353,100,false
0.1,0.45,8,0.0735,0.2034,0.1633,0.1213,0.1514,0.0983,0.0516,0.1372,100,false
0.05,0.45,8,0.0736,0.1799,0.1702,0.1362,0.1365,0.0971,0.0674,0.1391,100,false
0.1,0.45,9,0.069,0.2191,0.1579,0.1203,0.1471,0.0961,0.0481,0.1424,100,false
0.05,0.45,9,0.0737,0.1888,0.1698,0.1339,0.1345,0.0948,0.0626,0.1419,100,false
0.1,0.45,10,0.0704,0.2283,0.1514,0.1198,0.1432,0.091,0.0452,0.1507,100,false
0.05,0.45,10,0.072,0.1987,0.1696,0.1272,0.135,0.0924,0.0603,0.1448,100,false
0.1,0.45,50,0.018,0.2695,0.0335,0.1506,0.1154,0.101,0.1208,0.1912,100,false
0.05,0.45,50,0.0231,0.2873,0.028,0.1127,0.1163,0.1013,0.0822,0.2491,100,false
0.1,0.45,100,0.0631,0.3331,0.0099,0.1905,0.0763,0.0991,0.1393,0.0887,100,false
0.05,0.45,100,0.0444,0.3115,0.0219,0.2325,0.0533,0.0685,0.118,0.1499,100,false
0.05,0.5,1000,0.0775,0.0907,0.0808,0.0715,0.096,0.345,0.0846,0.1539,100,false
0.05,0.45,1000,0,0.1244,0.0089,0.2383,0.0117,0.1258,0,0.4909,100,false
0.1,0.45,1000,0.1573,0.1138,0.1586,0.33,0.167,0.0013,0.0193,0.0527,100,false
0.05,0.4,5000,0,0.2731,0,0.2996,0,0.2068,0,0.2205,100,false
0.05,0.5,5000,0,0.3265,0,0.4392,0,0.1033,0,0.131,100,false
0.1,0.45,5000,0.1574,0.1631,0.1057,0.1552,0.0692,0.0637,0.1854,0.1003,100,false
0.05,0.45,5000,0,0.2582,0,0.2409,0,0.2515,0,0.2494,100,false
0.05,0.5,10000,0,0.9777,0,0.0221,0,0.0002,0,0,100,true
0.05,0.5,20000,0,0.9777,0,0.0221,0,0.0002,0,0,100,true
0.05,0.5,30000,0,0.9777,0,0.0221,0,0.0002,0,0,100,true
0.05,0.5,40000,0,0.9777,0,0.0221,0,0.0002,0,0,100,true
0.05,0.5,50000,0,0.9777,0,0.0221,0,0.0002,0,0,100,true
0.05,0.5,60000,0,0.9777,0,0.0221,0,0.0002,0,0,100,true
0.05,0.5,70000,0,0.9777,0,0.0221,0,0.0002,0,0,100,true
0.05,0.5,80000,0,0.9777,0,0.0221,0,0.0002,0,0,100,true
0.05,0.5,90000,0,0.9777,0,0.0221,0,0.0002,0,0,100,true
0.05,0.5,100000,0,0.9777,0,0.0221,0,0.0002,0,0,100,true
0.05,0.4,10000,0,0.2686,0,0.3092,0,0.2039,0,0.2183,100,false
0.1,0.45,10000,0.1026,0.1316,0.0914,0.0949,0.2008,0.0887,0.1083,0.1817,100,false
0.05,0.55,0,0.1281,0.124,0.1216,0.1229,0.1261,0.1241,0.1267,0.1265,100,false
0.05,0.55,1,0.1157,0.122,0.1385,0.1207,0.1409,0.1237,0.1123,0.1262,100,false
0.05,0.55,2,0.1011,0.1277,0.1512,0.1234,0.1518,0.1163,0.0996,0.1289,100,false
0.05,0.55,3,0.0921,0.1341,0.1601,0.1271,0.1566,0.1096,0.0897,0.1307,100,false
0.05,0.55,4,0.0799,0.1465,0.1647,0.1267,0.1627,0.1081,0.0782,0.1332,100,false
0.05,0.55,5,0.0759,0.1608,0.1678,0.1245,0.1698,0.0988,0.0667,0.1357,100,false
0.05,0.55,6,0.0711,0.1709,0.172,0.1258,0.1691,0.0916,0.0624,0.1371,100,false
0.05,0.55,7,0.0683,0.1848,0.1698,0.1255,0.169,0.0857,0.0591,0.1378,100,false
0.05,0.55,8,0.0642,0.1997,0.1665,0.1261,0.1675,0.0806,0.0551,0.1403,100,false
0.05,0.55,9,0.0633,0.2132,0.1615,0.1282,0.1627,0.0755,0.0513,0.1443,100,false
0.05,0.55,10,0.0656,0.2256,0.1539,0.1279,0.157,0.0725,0.0473,0.1502,100,false
0.05,0.55,50,0.0199,0.3011,0.0262,0.1674,0.102,0.0902,0.0626,0.2306,100,false
0.05,0.55,100,0.0201,0.3238,0.0208,0.2481,0.051,0.1027,0.1053,0.1282,100,false
0.05,0.45,10000,0,0.3166,0,0.2146,0,0.2159,0,0.2529,100,false
0.05,0.45,0,0.1229,0.1209,0.1234,0.1232,0.1284,0.1246,0.1277,0.1289,100,false
0.05,0.45,1,0.1074,0.1247,0.1401,0.124,0.1415,0.1206,0.1174,0.1243,100,false
0.05,0.45,2,0.0939,0.1315,0.1522,0.1292,0.1491,0.1168,0.1032,0.1241,100,false
0.05,0.45,3,0.0829,0.146,0.1581,0.1291,0.1542,0.1117,0.0933,0.1247,100,false
0.05,0.45,4,0.0765,0.1596,0.1657,0.1268,0.1586,0.1073,0.0816,0.1239,100,false
0.05,0.45,5,0.075,0.1729,0.1712,0.1238,0.1569,0.1037,0.0732,0.1233,100,false
0.05,0.45,6,0.0743,0.1869,0.1739,0.1171,0.1596,0.0993,0.0649,0.124,100,false
0.05,0.45,7,0.0781,0.2015,0.1688,0.1157,0.1593,0.0936,0.0571,0.1259,100,false
0.05,0.45,8,0.0792,0.2167,0.1621,0.1156,0.1573,0.0887,0.0515,0.1289,100,false
0.05,0.45,9,0.0793,0.2323,0.1524,0.1153,0.1553,0.0845,0.0482,0.1327,100,false
0.05,0.45,10,0.0792,0.2465,0.1375,0.1161,0.1527,0.0809,0.0476,0.1395,100,false
0.05,0.45,50,0.0217,0.2817,0.0321,0.1392,0.1068,0.0763,0.1232,0.219,100,false
0.05,0.45,100,0.0605,0.2991,0.0317,0.2337,0.0519,0.0787,0.1119,0.1325,100,false
0.05,0.55,1000,0,0.3946,0,0.2991,0.0005,0.1433,0.0021,0.1604,100,false
0.1,0.5,0,0.1283,0.1195,0.1243,0.1235,0.1283,0.1249,0.1257,0.1255,100,false
0.1,0.5,1,0.1113,0.1202,0.1411,0.125,0.1395,0.1273,0.1092,0.1264,100,false
0.1,0.5,2,0.101,0.1243,0.1532,0.1252,0.1504,0.123,0.0948,0.1281,100,false
0.1,0.5,3,0.0921,0.1319,0.1603,0.1303,0.1574,0.1136,0.0826,0.1318,100,false
0.1,0.5,4,0.084,0.1375,0.1689,0.1336,0.1634,0.103,0.0728,0.1368,100,false
0.1,0.5,5,0.0787,0.1469,0.173,0.1354,0.1628,0.0957,0.0654,0.1421,100,false
0.1,0.5,6,0.0755,0.1593,0.1775,0.1382,0.1556,0.0874,0.0621,0.1444,100,false
0.1,0.5,7,0.0723,0.1769,0.1766,0.1338,0.1522,0.0849,0.0564,0.1469,100,false
0.1,0.5,8,0.071,0.1938,0.1733,0.1324,0.1463,0.0822,0.0524,0.1486,100,false
0.1,0.5,9,0.0682,0.2064,0.174,0.1268,0.1393,0.0818,0.0468,0.1567,100,false
0.1,0.5,10,0.0661,0.2176,0.172,0.1227,0.1355,0.0789,0.0439,0.1633,100,false
0.1,0.5,50,0.0102,0.2223,0.038,0.1202,0.1595,0.1005,0.1046,0.2447,100,false
0.1,0.5,100,0.001,0.475,0.0056,0.1661,0.0579,0.1008,0.1139,0.0797,100,false
0.05,0.45,1000,0.0405,0.164,0.0924,0.1253,0.186,0.2192,0.1005,0.0721,100,false
0.05,0.5,0,0.1209,0.1251,0.1284,0.1237,0.1304,0.1246,0.1177,0.1292,100,false
0.05,0.5,1,0.1053,0.1288,0.1418,0.1244,0.1395,0.1236,0.1072,0.1294,100,false
0.05,0.5,2,0.0902,0.1399,0.1505,0.127,0.1486,0.118,0.0931,0.1327,100,false
0.05,0.5,3,0.0829,0.1489,0.159,0.1288,0.1497,0.1115,0.0831,0.1361,100,false
0.05,0.5,4,0.0749,0.1643,0.1643,0.1256,0.1538,0.1053,0.0736,0.1382,100,false
0.05,0.5,5,0.0716,0.1749,0.1636,0.1264,0.1553,0.1007,0.0687,0.1388,100,false
0.05,0.5,6,0.0693,0.1918,0.1605,0.1244,0.1535,0.0961,0.0638,0.1406,100,false
0.05,0.5,7,0.0663,0.2077,0.1569,0.1245,0.1528,0.0896,0.0593,0.1429,100,false
0.05,0.5,8,0.0667,0.2177,0.1518,0.1272,0.1456,0.0876,0.0562,0.1472,100,false
0.05,0.5,9,0.0649,0.2292,0.1457,0.1263,0.1456,0.0848,0.0518,0.1517,100,false
0.05,0.5,10,0.0656,0.2422,0.1385,0.1253,0.1423,0.084,0.0464,0.1557,100,false
0.05,0.5,50,0.0138,0.2648,0.0372,0.1981,0.0902,0.1049,0.0761,0.2149,100,false
0.05,0.5,100,0.0233,0.33,0.0132,0.2039,0.0729,0.1022,0.0994,0.1551,100,false
0.1,0.5,1000,0.1458,0.1875,0.0939,0.0851,0.1445,0.17,0.0718,0.1014,100,false
0.05,0.5,1000,0.0849,0.2469,0.1052,0.1335,0.0659,0.0781,0.1587,0.1268,100,false
0.05,0.55,5000,0,0.2607,0,0.2563,0,0.2161,0,0.2669,100,false
0.05,0.45,5000,0.1056,0.1594,0.0909,0.1953,0.1123,0.0696,0.1326,0.1343,100,false
0.1,0.5,5000,0.0772,0.1552,0.1341,0.1241,0.1981,0.0561,0.1956,0.0596,100,false
0.05,0.5,5000,0.0211,0.1019,0.0681,0.1158,0.1393,0.2747,0.1242,0.1549,100,false
0.05,0.55,10000,0,0.2738,0,0.2301,0,0.2628,0,0.2333,100,false
0.05,0.45,10000,0.1824,0.1471,0.0958,0.053,0.1791,0.0548,0.1605,0.1273,100,false
0.1,0.5,10000,0.1038,0.1847,0.1593,0.0877,0.1088,0.0542,0.1414,0.1601,100,false
0.05,0.6,0,0.1308,0.1213,0.1259,0.1283,0.1197,0.1277,0.1231,0.1232,100,false
0.05,0.6,1,0.1162,0.1197,0.1452,0.1311,0.133,0.1283,0.1005,0.126,100,false
0.05,0.6,2,0.1041,0.127,0.159,0.1349,0.1403,0.1222,0.0861,0.1264,100,false
0.05,0.6,3,0.095,0.1367,0.1698,0.1322,0.1476,0.1145,0.0734,0.1308,100,false
0.05,0.6,4,0.0895,0.1447,0.1763,0.1322,0.1535,0.1071,0.0635,0.1332,100,false
0.05,0.6,5,0.0858,0.1563,0.1802,0.1325,0.1545,0.0986,0.057,0.1351,100,false
0.05,0.6,6,0.0824,0.1697,0.1814,0.1315,0.152,0.0949,0.0504,0.1377,100,false
0.05,0.6,7,0.0808,0.1801,0.1843,0.1289,0.149,0.0918,0.0428,0.1423,100,false
0.05,0.6,8,0.0801,0.1923,0.1837,0.1241,0.1449,0.0886,0.0384,0.1479,100,false
0.05,0.6,9,0.0798,0.2064,0.1795,0.1184,0.1422,0.0846,0.0332,0.1559,100,false
0.05,0.6,10,0.0757,0.2178,0.1724,0.1149,0.1414,0.0822,0.0311,0.1645,100,false
0.05,0.6,50,0.0097,0.2775,0.0384,0.0959,0.1346,0.083,0.0674,0.2935,100,false
0.05,0.6,100,0.022,0.3151,0.0116,0.1947,0.109,0.0685,0.0891,0.19,100,false
0.05,0.5,10000,0.1945,0.2268,0.1017,0.0664,0.2297,0.0648,0.0568,0.0593,100,false
0.05,0.5,0,0.1302,0.1227,0.1205,0.1252,0.1195,0.1279,0.1298,0.1242,100,false
0.05,0.5,1,0.1136,0.1275,0.1364,0.1246,0.1373,0.125,0.1117,0.1239,100,false
0.05,0.5,2,0.1023,0.1381,0.1471,0.1249,0.1451,0.1199,0.0965,0.1261,100,false
0.05,0.5,3,0.0984,0.1478,0.1481,0.126,0.1512,0.1122,0.0892,0.1271,100,false
0.05,0.5,4,0.0922,0.1553,0.1541,0.1301,0.1534,0.1057,0.0791,0.1301,100,false
0.05,0.5,5,0.0913,0.1612,0.1605,0.1285,0.1532,0.0998,0.0744,0.1311,100,false
0.05,0.5,6,0.0915,0.1682,0.1648,0.1234,0.1574,0.0924,0.0691,0.1332,100,false
0.05,0.5,7,0.0878,0.1836,0.1636,0.1173,0.1599,0.089,0.0628,0.136,100,false
0.05,0.5,8,0.0847,0.1918,0.167,0.1112,0.1616,0.0858,0.0568,0.1411,100,false
0.05,0.5,9,0.0828,0.2026,0.1653,0.1084,0.1601,0.082,0.053,0.1458,100,false
0.05,0.5,10,0.0827,0.2093,0.1631,0.1074,0.1577,0.0787,0.0496,0.1515,100,false
0.05,0.5,50,0.025,0.2635,0.0387,0.1679,0.0859,0.0951,0.0909,0.233,100,false
0.05,0.5,100,0.045,0.316,0.0221,0.1813,0.0505,0.1366,0.0946,0.1539,100,false
0.05,0.6,1000,0.2736,0.3537,0.1188,0.1231,0.0657,0.0034,0.0113,0.0504,100,false
0.1,0.55,0,0.1267,0.1223,0.1242,0.1278,0.1284,0.1209,0.1327,0.117,100,false
0.1,0.55,1,0.1139,0.1268,0.1431,0.1258,0.1423,0.1207,0.1114,0.116,100,false
0.1,0.55,2,0.1024,0.1348,0.1574,0.1271,0.1532,0.1163,0.0938,0.115,100,false
0.1,0.55,3,0.0975,0.1456,0.1652,0.1303,0.1575,0.1086,0.0798,0.1155,100,false
0.1,0.55,4,0.0922,0.1567,0.1716,0.1281,0.1598,0.1035,0.0708,0.1173,100,false
0.1,0.55,5,0.0871,0.1691,0.1766,0.1265,0.16,0.0961,0.0619,0.1227,100,false
0.1,0.55,6,0.0865,0.1826,0.1735,0.1258,0.157,0.0899,0.0552,0.1295,100,false
0.1,0.55,7,0.086,0.193,0.172,0.1251,0.1517,0.086,0.0497,0.1365,100,false
0.1,0.55,8,0.0867,0.2044,0.1653,0.1194,0.1508,0.0829,0.0475,0.143,100,false
0.1,0.55,9,0.0823,0.2125,0.1609,0.115,0.1483,0.0802,0.0453,0.1555,100,false
0.1,0.55,10,0.0794,0.224,0.154,0.1112,0.1472,0.0768,0.0451,0.1623,100,false
0.1,0.55,50,0.0115,0.2618,0.0294,0.1448,0.141,0.0967,0.0836,0.2312,100,false
0.1,0.55,100,0.0074,0.4008,0.0061,0.2122,0.027,0.0801,0.1179,0.1485,100,false
0.05,0.5,1000,0,0.8853,0,0.0068,0.001,0.0005,0.0449,0.0615,100,false
0.05,0.5,5000,0,0.7338,0,0.0004,0.0126,0.0611,0.1882,0.0039,100,true
0.05,0.5,10000,0,0.7338,0,0.0004,0.0126,0.0611,0.1882,0.0039,100,true
0.05,0.5,20000,0,0.7338,0,0.0004,0.0126,0.0611,0.1882,0.0039,100,true
0.05,0.5,30000,0,0.7338,0,0.0004,0.0126,0.0611,0.1882,0.0039,100,true
0.05,0.5,40000,0,0.7338,0,0.0004,0.0126,0.0611,0.1882,0.0039,100,true
0.05,0.5,50000,0,0.7338,0,0.0004,0.0126,0.0611,0.1882,0.0039,100,true
0.05,0.5,60000,0,0.7338,0,0.0004,0.0126,0.0611,0.1882,0.0039,100,true
0.05,0.5,70000,0,0.7338,0,0.0004,0.0126,0.0611,0.1882,0.0039,100,true
0.05,0.5,80000,0,0.7338,0,0.0004,0.0126,0.0611,0.1882,0.0039,100,true
0.05,0.5,90000,0,0.7338,0,0.0004,0.0126,0.0611,0.1882,0.0039,100,true
0.05,0.5,100000,0,0.7338,0,0.0004,0.0126,0.0611,0.1882,0.0039,100,true
0.05,0.55,0,0.1215,0.1299,0.1267,0.1257,0.122,0.1215,0.1271,0.1256,100,false
0.05,0.55,1,0.109,0.1328,0.1433,0.1234,0.1294,0.1214,0.1149,0.1258,100,false
0.05,0.55,2,0.099,0.1398,0.1539,0.1207,0.1423,0.1218,0.1016,0.1209,100,false
0.05,0.55,3,0.0898,0.1475,0.1616,0.1221,0.1542,0.1146,0.0861,0.1241,100,false
0.05,0.55,4,0.0796,0.161,0.1646,0.1239,0.1608,0.1051,0.0777,0.1273,100,false
0.05,0.55,5,0.0782,0.1714,0.1696,0.1236,0.1604,0.0998,0.0698,0.1272,100,false
0.05,0.55,6,0.0748,0.1864,0.1686,0.1254,0.1571,0.094,0.0648,0.1289,100,false
0.05,0.55,7,0.0743,0.1988,0.1642,0.1253,0.1567,0.0881,0.0595,0.1331,100,false
0.05,0.55,8,0.0749,0.2081,0.1629,0.1217,0.1522,0.0851,0.0581,0.137,100,false
0.05,0.55,9,0.0741,0.2188,0.1592,0.1232,0.1478,0.0808,0.0534,0.1427,100,false
0.05,0.55,10,0.0716,0.2356,0.1488,0.1181,0.1504,0.0772,0.0507,0.1476,100,false
0.05,0.55,50,0.0163,0.2646,0.0385,0.1591,0.0995,0.1106,0.0597,0.2517,100,false
0.05,0.55,100,0.0264,0.2432,0.0559,0.1766,0.0907,0.0984,0.1033,0.2055,100,false
0.1,0.55,1000,0.0062,0.1408,0.0233,0.1753,0,0.4867,0,0.1677,100,false
0.05,0.55,1000,0.1481,0.1534,0.1052,0.1187,0.091,0.0944,0.0942,0.195,100,false
0.05,0.55,0,0.1248,0.1265,0.1208,0.1249,0.1312,0.1205,0.1277,0.1236,100,false
0.05,0.55,1,0.1085,0.1303,0.1335,0.1254,0.1479,0.1196,0.1098,0.125,100,false
0.05,0.55,2,0.0931,0.1432,0.1389,0.1314,0.156,0.1107,0.0993,0.1274,100,false
0.05,0.55,3,0.0873,0.1519,0.1466,0.1321,0.1622,0.1032,0.091,0.1257,100,false
0.05,0.55,4,0.0841,0.1602,0.1506,0.1342,0.1641,0.097,0.0848,0.125,100,false
0.05,0.55,5,0.0795,0.1732,0.146,0.1372,0.1675,0.0926,0.0766,0.1274,100,false
0.05,0.55,6,0.0795,0.1826,0.1469,0.1361,0.167,0.0884,0.07,0.1295,100,false
0.05,0.55,7,0.0737,0.1946,0.1471,0.1343,0.1674,0.0858,0.0632,0.1339,100,false
0.05,0.55,8,0.0659,0.2098,0.1425,0.1402,0.1632,0.0799,0.0603,0.1382,100,false
0.05,0.55,9,0.0609,0.2257,0.1386,0.1446,0.1557,0.0761,0.0578,0.1406,100,false
0.05,0.55,10,0.0607,0.2408,0.132,0.147,0.1468,0.0715,0.0548,0.1464,100,false
0.05,0.55,50,0.0088,0.2973,0.0193,0.1234,0.1185,0.1195,0.0988,0.2144,100,false
0.05,0.55,100,0.0106,0.3886,0.006,0.2379,0.0451,0.0925,0.0642,0.1551,100,false
0.05,0.55,1000,0.117,0.2085,0.046,0.1524,0.1378,0.0718,0.059,0.2075,100,false
0.05,0.6,5000,0.1354,0.1606,0.1603,0.0724,0.2735,0,0.1267,0.0711,100,false
0.1,0.55,5000,0,0.3341,0,0.2518,0,0.203,0,0.2111,100,false
0.05,0.55,5000,0.1452,0.1957,0.0638,0.0667,0.0481,0.1215,0.0793,0.2797,100,false
0.05,0.55,5000,0.1753,0.091,0.1389,0.1418,0.0926,0.0835,0.0644,0.2125,100,false
0.05,0.6,10000,0.1551,0.1292,0.141,0.0716,0.3684,0,0.1211,0.0136,100,false
0.1,0.55,10000,0,0.2068,0,0.2599,0,0.3015,0,0.2318,100,false
0.05,0.55,10000,0.0355,0.0095,0,0.2079,0,0,0.747,0.0001,100,true
0.05,0.55,20000,0.0355,0.0095,0,0.2079,0,0,0.747,0.0001,100,true
0.05,0.55,30000,0.0355,0.0095,0,0.2079,0,0,0.747,0.0001,100,true
0.05,0.55,40000,0.0355,0.0095,0,0.2079,0,0,0.747,0.0001,100,true
0.05,0.55,50000,0.0355,0.0095,0,0.2079,0,0,0.747,0.0001,100,true
0.05,0.55,60000,0.0355,0.0095,0,0.2079,0,0,0.747,0.0001,100,true
0.05,0.55,70000,0.0355,0.0095,0,0.2079,0,0,0.747,0.0001,100,true
0.05,0.55,80000,0.0355,0.0095,0,0.2079,0,0,0.747,0.0001,100,true
0.05,0.55,90000,0.0355,0.0095,0,0.2079,0,0,0.747,0.0001,100,true
0.05,0.55,100000,0.0355,0.0095,0,0.2079,0,0,0.747,0.0001,100,true
0.05,0.65,0,0.1262,0.1262,0.127,0.1208,0.1228,0.1248,0.1298,0.1224,100,false
0.05,0.65,1,0.1114,0.127,0.1456,0.115,0.144,0.1262,0.1094,0.1214,100,false
0.05,0.65,2,0.0958,0.1379,0.1524,0.1168,0.1563,0.1223,0.0941,0.1244,100,false
0.05,0.65,3,0.0828,0.1524,0.1558,0.1191,0.1672,0.115,0.0835,0.1242,100,false
0.05,0.65,4,0.0779,0.1634,0.162,0.1178,0.171,0.108,0.0754,0.1245,100,false
0.05,0.65,5,0.0733,0.18,0.159,0.1203,0.171,0.1026,0.0682,0.1256,100,false
0.05,0.65,6,0.0682,0.1951,0.1622,0.118,0.1739,0.0933,0.0631,0.1262,100,false
0.05,0.65,7,0.0661,0.2075,0.1629,0.1192,0.174,0.0874,0.0551,0.1278,100,false
0.05,0.65,8,0.0656,0.2226,0.1582,0.1238,0.1684,0.0821,0.0493,0.13,100,false
0.05,0.65,9,0.0641,0.2376,0.1559,0.1191,0.1655,0.0796,0.0471,0.1311,100,false
0.05,0.65,10,0.0643,0.252,0.1449,0.1163,0.1658,0.0772,0.0461,0.1334,100,false
0.05,0.65,50,0.0103,0.3274,0.0435,0.1167,0.1086,0.0631,0.0571,0.2733,100,false
0.05,0.65,100,0.0204,0.2959,0.0088,0.1989,0.0881,0.0849,0.1075,0.1955,100,false
0.05,0.55,10000,0,0.2633,0,0.1977,0,0.296,0,0.243,100,false
0.1,0.6,0,0.1172,0.1222,0.1287,0.1261,0.1232,0.1298,0.1275,0.1253,100,false
0.1,0.6,1,0.1056,0.1301,0.1479,0.1208,0.1373,0.1271,0.1089,0.1223,100,false
0.1,0.6,2,0.0958,0.1386,0.155,0.1243,0.1474,0.1215,0.0929,0.1245,100,false
0.1,0.6,3,0.088,0.1496,0.1643,0.1175,0.1563,0.118,0.0799,0.1264,100,false
0.1,0.6,4,0.0825,0.1642,0.1644,0.1149,0.1665,0.109,0.0697,0.1288,100,false
0.1,0.6,5,0.0784,0.1749,0.1654,0.1186,0.1676,0.1028,0.0597,0.1326,100,false
0.1,0.6,6,0.0755,0.1852,0.1709,0.1166,0.1688,0.0947,0.0534,0.1349,100,false
0.1,0.6,7,0.0725,0.1998,0.1694,0.1141,0.1684,0.0884,0.0484,0.139,100,false
0.1,0.6,8,0.0697,0.2102,0.1642,0.1131,0.1699,0.0822,0.0434,0.1473,100,false
0.1,0.6,9,0.064,0.2259,0.1553,0.1102,0.1708,0.0792,0.0409,0.1537,100,false
0.1,0.6,10,0.0578,0.2411,0.1498,0.108,0.1696,0.0751,0.0379,0.1607,100,false
0.1,0.6,50,0.0046,0.2569,0.0172,0.1386,0.1556,0.0682,0.0918,0.2671,100,false
0.1,0.6,100,0.0275,0.3964,0.0059,0.146,0.0899,0.0875,0.1492,0.0976,100,false
0.05,0.65,1000,0.0648,0.2816,0.0614,0.1434,0.1001,0.096,0.0651,0.1876,100,false
0.05,0.6,0,0.1201,0.124,0.1277,0.1191,0.1228,0.1287,0.1277,0.1299,100,false
0.05,0.6,1,0.1015,0.1297,0.1441,0.1198,0.1393,0.1227,0.1155,0.1274,100,false
0.05,0.6,2,0.0887,0.1385,0.1607,0.1181,0.1512,0.1172,0.1031,0.1225,100,false
0.05,0.6,3,0.0853,0.1484,0.1705,0.1165,0.1594,0.1128,0.0884,0.1187,100,false
0.05,0.6,4,0.0776,0.1628,0.1728,0.1192,0.1643,0.1053,0.0751,0.1229,100,false
0.05,0.6,5,0.072,0.1819,0.1679,0.1255,0.1622,0.101,0.0641,0.1254,100,false
0.05,0.6,6,0.0707,0.1989,0.1665,0.1261,0.1606,0.0956,0.0532,0.1284,100,false
0.05,0.6,7,0.066,0.2093,0.1657,0.13,0.1581,0.0882,0.0492,0.1335,100,false
0.05,0.6,8,0.0619,0.2247,0.1631,0.1294,0.1543,0.082,0.0449,0.1397,100,false
0.05,0.6,9,0.0588,0.2378,0.1592,0.1284,0.1518,0.0752,0.0431,0.1457,100,false
0.05,0.6,10,0.0553,0.2553,0.1479,0.1279,0.1478,0.0711,0.0425,0.1522,100,false
0.05,0.6,50,0.0233,0.3129,0.0202,0.1298,0.121,0.0642,0.075,0.2536,100,false
0.05,0.6,100,0.0291,0.3101,0.029,0.239,0.0895,0.0697,0.0974,0.1362,100,false
0.05,0.6,0,0.132,0.1272,0.1239,0.1227,0.1287,0.1245,0.1179,0.1231,100,false
0.05,0.6,1,0.1161,0.1295,0.1353,0.1217,0.1464,0.1193,0.1054,0.1263,100,false
0.05,0.6,2,0.1015,0.1322,0.1479,0.1212,0.164,0.1103,0.0955,0.1274,100,false
0.05,0.6,3,0.088,0.1439,0.1553,0.1223,0.1725,0.102,0.0859,0.1301,100,false
0.05,0.6,4,0.076,0.1552,0.1608,0.13,0.1758,0.0947,0.0737,0.1338,100,false
0.05,0.6,5,0.0714,0.1664,0.1633,0.1338,0.1751,0.0884,0.0655,0.1361,100,false
0.05,0.6,6,0.0672,0.1762,0.1728,0.1335,0.1707,0.0822,0.0584,0.139,100,false
0.05,0.6,7,0.0625,0.1876,0.1777,0.1368,0.1602,0.0791,0.0528,0.1433,100,false
0.05,0.6,8,0.0617,0.2045,0.1772,0.1345,0.1514,0.0752,0.0489,0.1466,100,false
0.05,0.6,9,0.0577,0.2209,0.1751,0.1289,0.1483,0.0715,0.0454,0.1522,100,false
0.05,0.6,10,0.0578,0.2367,0.1701,0.1249,0.1434,0.0706,0.0393,0.1572,100,false
0.1,0.6,1000,0,0,0.1199,0.005,0.0773,0.1876,0,0.6102,100,false
0.05,0.6,50,0.0185,0.2787,0.0298,0.1386,0.0814,0.0764,0.0602,0.3164,100,false
0.05,0.6,100,0.0108,0.4018,0.0214,0.1845,0.055,0.0903,0.087,0.1492,100,false
0.05,0.6,1000,0.0001,0.0963,0.0616,0.3777,0.1211,0.224,0.0848,0.0344,100,false
0.1,0.6,5000,0,0,0.5985,0.0001,0.0083,0.2626,0,0.1305,100,true
0.1,0.6,10000,0,0,0.5985,0.0001,0.0083,0.2626,0,0.1305,100,true
0.1,0.6,20000,0,0,0.5985,0.0001,0.0083,0.2626,0,0.1305,100,true
0.1,0.6,30000,0,0,0.5985,0.0001,0.0083,0.2626,0,0.1305,100,true
0.1,0.6,40000,0,0,0.5985,0.0001,0.0083,0.2626,0,0.1305,100,true
0.1,0.6,50000,0,0,0.5985,0.0001,0.0083,0.2626,0,0.1305,100,true
0.1,0.6,60000,0,0,0.5985,0.0001,0.0083,0.2626,0,0.1305,100,true
0.1,0.6,70000,0,0,0.5985,0.0001,0.0083,0.2626,0,0.1305,100,true
0.1,0.6,80000,0,0,0.5985,0.0001,0.0083,0.2626,0,0.1305,100,true
0.1,0.6,90000,0,0,0.5985,0.0001,0.0083,0.2626,0,0.1305,100,true
0.1,0.6,100000,0,0,0.5985,0.0001,0.0083,0.2626,0,0.1305,100,true
0.05,0.6,1000,0.0841,0.1099,0.0924,0.1388,0.1685,0.1905,0.0804,0.1354,100,false
0.05,0.6,5000,0,0.0054,0,0.0066,0,0,0,0.988,100,true
0.05,0.6,10000,0,0.0054,0,0.0066,0,0,0,0.988,100,true
0.05,0.6,20000,0,0.0054,0,0.0066,0,0,0,0.988,100,true
0.05,0.6,30000,0,0.0054,0,0.0066,0,0,0,0.988,100,true
0.05,0.6,40000,0,0.0054,0,0.0066,0,0,0,0.988,100,true
0.05,0.6,50000,0,0.0054,0,0.0066,0,0,0,0.988,100,true
0.05,0.6,60000,0,0.0054,0,0.0066,0,0,0,0.988,100,true
0.05,0.6,70000,0,0.0054,0,0.0066,0,0,0,0.988,100,true
0.05,0.6,80000,0,0.0054,0,0.0066,0,0,0,0.988,100,true
0.05,0.6,90000,0,0.0054,0,0.0066,0,0,0,0.988,100,true
0.05,0.6,100000,0,0.0054,0,0.0066,0,0,0,0.988,100,true
0.1,0.65,0,0.1246,0.1208,0.126,0.1264,0.1292,0.12,0.1284,0.1246,100,false
0.1,0.65,1,0.1042,0.1244,0.1459,0.1263,0.145,0.1188,0.1144,0.121,100,false
0.1,0.65,2,0.0845,0.1397,0.1655,0.1225,0.1569,0.1154,0.0952,0.1203,100,false
0.1,0.65,3,0.0757,0.1538,0.1747,0.1238,0.1619,0.1092,0.0829,0.118,100,false
0.1,0.65,4,0.0712,0.1678,0.1819,0.1248,0.164,0.1001,0.0699,0.1203,100,false
0.1,0.65,5,0.0694,0.1846,0.1836,0.1237,0.1598,0.0933,0.0614,0.1242,100,false
0.1,0.65,6,0.0706,0.1973,0.1907,0.1218,0.1518,0.0905,0.0501,0.1272,100,false
0.1,0.65,7,0.0708,0.2132,0.1906,0.1134,0.1489,0.0849,0.0412,0.137,100,false
0.1,0.65,8,0.0711,0.2337,0.1817,0.108,0.1483,0.0786,0.0364,0.1422,100,false
0.1,0.65,9,0.072,0.248,0.1719,0.1013,0.1471,0.0757,0.034,0.15,100,false
0.1,0.65,10,0.0703,0.2664,0.1546,0.0992,0.1422,0.0734,0.0337,0.1602,100,false
0.1,0.65,50,0.0244,0.1974,0.0355,0.1449,0.1267,0.0968,0.0689,0.3054,100,false
0.1,0.65,100,0.0293,0.3622,0.0305,0.1393,0.0666,0.0542,0.1708,0.1471,100,false
0.1,0.65,1000,0.0649,0.147,0.2251,0.1382,0.2227,0.1447,0.025,0.0324,100,false
0.05,0.65,0,0.1219,0.1273,0.1292,0.1222,0.1238,0.1229,0.1301,0.1226,100,false
0.05,0.65,1,0.1004,0.1357,0.1444,0.1231,0.1385,0.1254,0.1088,0.1237,100,false
0.05,0.65,2,0.0926,0.1435,0.1566,0.1218,0.1504,0.12,0.0926,0.1225,100,false
0.05,0.65,3,0.0799,0.1558,0.165,0.1206,0.1614,0.1124,0.0811,0.1238,100,false
0.05,0.65,4,0.0753,0.1672,0.1719,0.1199,0.1654,0.1047,0.0702,0.1254,100,false
0.05,0.65,5,0.0687,0.1838,0.1759,0.1189,0.1676,0.097,0.0622,0.1259,100,false
0.05,0.65,6,0.0628,0.2016,0.1754,0.1164,0.1702,0.0897,0.0537,0.1302,100,false
0.05,0.65,7,0.0622,0.2209,0.1686,0.1166,0.1674,0.0837,0.0491,0.1315,100,false
0.05,0.65,8,0.0642,0.2353,0.1603,0.1172,0.1667,0.0789,0.0429,0.1345,100,false
0.05,0.65,9,0.0666,0.2492,0.1484,0.1149,0.1664,0.0753,0.0404,0.1388,100,false
0.05,0.65,10,0.0696,0.2604,0.1379,0.1152,0.1644,0.0717,0.0371,0.1437,100,false
0.05,0.65,50,0.0046,0.3332,0.0082,0.1302,0.1003,0.0869,0.0628,0.2738,100,false
0.05,0.65,100,0.0122,0.328,0.0052,0.2452,0.0583,0.0868,0.1071,0.1572,100,false
0.05,0.65,5000,0.1912,0.1644,0.109,0.1408,0.1221,0,0.1521,0.1204,100,false
0.05,0.65,1000,0.1534,0.1805,0.0924,0.0948,0.1141,0.0122,0.1233,0.2293,100,false
0.05,0.6,5000,0.1582,0.2077,0.0841,0.091,0.0629,0.0911,0.0802,0.2248,100,false
0.1,0.65,5000,0.1038,0.3987,0.1296,0.1055,0.1011,0.0124,0.0632,0.0857,100,false
0.05,0.65,5000,0.1462,0.1637,0.2298,0.0922,0.31,0,0.0461,0.012,100,false
0.05,0.65,10000,0.1968,0.1716,0.1452,0.0941,0.1945,0,0.097,0.1008,100,false
0.05,0.7,0,0.1234,0.1266,0.1272,0.1299,0.1267,0.1203,0.1193,0.1266,100,false
0.05,0.7,1,0.1041,0.1333,0.1404,0.1337,0.1419,0.1156,0.101,0.13,100,false
0.05,0.7,2,0.0909,0.1418,0.1548,0.1387,0.151,0.1098,0.0872,0.1258,100,false
0.05,0.7,3,0.0838,0.1495,0.1652,0.1408,0.1544,0.1002,0.0786,0.1275,100,false
0.05,0.7,4,0.0778,0.1646,0.1675,0.1429,0.1583,0.093,0.068,0.1279,100,false
0.05,0.7,5,0.0719,0.181,0.1702,0.1448,0.1545,0.0887,0.0575,0.1314,100,false
0.05,0.7,6,0.0669,0.199,0.171,0.1457,0.1475,0.0856,0.0508,0.1335,100,false
0.05,0.7,7,0.0664,0.2157,0.1712,0.1428,0.1391,0.085,0.0432,0.1366,100,false
0.05,0.7,8,0.0629,0.2427,0.1588,0.1413,0.1343,0.08,0.0396,0.1404,100,false
0.05,0.7,9,0.0643,0.2599,0.1471,0.1408,0.1292,0.0777,0.0351,0.1459,100,false
0.05,0.7,10,0.066,0.2791,0.1301,0.1394,0.1265,0.0739,0.033,0.152,100,false
0.05,0.7,50,0.0067,0.3024,0.0279,0.1505,0.0861,0.0999,0.0639,0.2626,100,false
0.05,0.7,100,0.018,0.299,0.0052,0.2236,0.0785,0.1148,0.0889,0.172,100,false
0.05,0.6,10000,0.0745,0.1145,0.1401,0.1537,0.1329,0.1295,0.0866,0.1682,100,false
0.05,0.7,1000,0.0028,0.2274,0,0.4412,0,0.098,0.0009,0.2297,100,false
0.05,0.65,0,0.1246,0.1217,0.1234,0.1257,0.1272,0.1201,0.1278,0.1295,100,false
0.05,0.65,1,0.1026,0.1275,0.1424,0.1273,0.1447,0.1182,0.1091,0.1282,100,false
0.05,0.65,2,0.0855,0.1389,0.1575,0.1288,0.1561,0.1142,0.0911,0.1279,100,false
0.05,0.65,3,0.076,0.1498,0.1654,0.1336,0.1607,0.1056,0.0801,0.1288,100,false
0.05,0.65,4,0.0735,0.1626,0.1701,0.1354,0.1603,0.0991,0.0671,0.1319,100,false
0.05,0.65,5,0.0718,0.1838,0.1667,0.136,0.1554,0.0916,0.0608,0.1339,100,false
0.05,0.65,6,0.0684,0.2056,0.1644,0.1343,0.1505,0.0868,0.056,0.134,100,false
0.05,0.65,7,0.0667,0.2245,0.1607,0.1289,0.1487,0.0832,0.051,0.1363,100,false
0.05,0.65,8,0.0645,0.2424,0.1514,0.1267,0.1498,0.0788,0.0465,0.1399,100,false
0.05,0.65,9,0.0641,0.2572,0.1428,0.1257,0.1476,0.0752,0.0426,0.1448,100,false
0.05,0.65,10,0.0621,0.27,0.1335,0.1251,0.1441,0.0734,0.0401,0.1517,100,false
0.05,0.65,50,0.018,0.2908,0.0215,0.1798,0.0924,0.0705,0.0621,0.2649,100,false
0.05,0.65,100,0.0157,0.3022,0.0028,0.2568,0.0634,0.0806,0.1088,0.1697,100,false
0.1,0.65,10000,0.1423,0.1619,0.1663,0.075,0.1564,0,0.1795,0.1186,100,false
0.05,0.65,1000,0.006,0.1092,0,0.4189,0,0.1636,0.0032,0.2991,100,false
0.05,0.65,10000,0.2069,0.1156,0.0911,0.0953,0.335,0,0.1191,0.037,100,false
0.1,0.7,0,0.1296,0.1284,0.1199,0.1275,0.1268,0.1242,0.12,0.1236,100,false
0.1,0.7,1,0.1106,0.1276,0.141,0.1302,0.1417,0.1194,0.1026,0.1269,100,false
0.1,0.7,2,0.0953,0.1359,0.1551,0.1322,0.151,0.1148,0.0882,0.1275,100,false
0.1,0.7,3,0.0861,0.144,0.1704,0.1304,0.1548,0.1108,0.0758,0.1277,100,false
0.1,0.7,4,0.0797,0.1556,0.175,0.132,0.1555,0.1037,0.0636,0.1349,100,false
0.1,0.7,5,0.0701,0.168,0.1827,0.1318,0.1524,0.099,0.0553,0.1407,100,false
0.1,0.7,6,0.0655,0.1846,0.1828,0.1298,0.1514,0.0926,0.0469,0.1464,100,false
0.1,0.7,7,0.0615,0.2063,0.175,0.1252,0.1454,0.0897,0.0439,0.153,100,false
0.1,0.7,8,0.0619,0.2252,0.1651,0.1221,0.1438,0.0828,0.041,0.1581,100,false
0.1,0.7,9,0.0603,0.2404,0.1579,0.1162,0.1413,0.0813,0.0371,0.1655,100,false
0.1,0.7,10,0.0638,0.2534,0.1442,0.1116,0.141,0.078,0.0344,0.1736,100,false
0.1,0.7,50,0.0014,0.2286,0.0266,0.163,0.1234,0.0778,0.0737,0.3055,100,false
0.1,0.7,100,0,0.4066,0.011,0.1317,0.0522,0.0714,0.1632,0.1639,100,false
0.1,0.7,1000,0,0.4011,0,0.1914,0.001,0.2037,0.0138,0.189,100,false
0.05,0.7,0,0.1248,0.1288,0.1229,0.1252,0.1244,0.1251,0.1211,0.1277,100,false
0.05,0.7,1,0.1085,0.1314,0.1362,0.1287,0.1385,0.1227,0.1069,0.1271,100,false
0.05,0.7,2,0.0938,0.1412,0.1466,0.1295,0.1519,0.1175,0.094,0.1255,100,false
0.05,0.7,3,0.0813,0.1521,0.1531,0.1344,0.1577,0.1129,0.0824,0.1261,100,false
0.05,0.7,4,0.0762,0.1682,0.1555,0.1365,0.1609,0.1055,0.0731,0.1241,100,false
0.05,0.7,5,0.0744,0.1787,0.1604,0.1358,0.1616,0.0994,0.0634,0.1263,100,false
0.05,0.7,6,0.0719,0.1935,0.1607,0.1338,0.1611,0.0927,0.0579,0.1284,100,false
0.05,0.7,7,0.0699,0.2063,0.1606,0.1338,0.1605,0.0867,0.0533,0.1289,100,false
0.05,0.7,8,0.0661,0.2197,0.1556,0.1361,0.1569,0.0817,0.0497,0.1342,100,false
0.05,0.7,9,0.0637,0.2357,0.1513,0.1332,0.1554,0.0759,0.0446,0.1402,100,false
0.05,0.7,10,0.0625,0.2519,0.1434,0.1312,0.1524,0.0735,0.0413,0.1438,100,false
0.05,0.7,50,0.0137,0.3089,0.0228,0.1419,0.076,0.0937,0.0621,0.2809,100,false
0.05,0.7,100,0.0131,0.3045,0.004,0.2456,0.0638,0.1105,0.1027,0.1558,100,false
0.05,0.7,5000,0,0.2484,0,0.2805,0,0.2492,0,0.2219,100,false
0.05,0.7,1000,0.0345,0.138,0.109,0.2128,0.2418,0.0847,0.1084,0.0708,100,false
0.05,0.65,5000,0,0.2837,0,0.2536,0,0.2023,0,0.2604,100,false
0.1,0.7,5000,0,0.2249,0,0.2353,0,0.2555,0,0.2843,100,false
0.05,0.7,5000,0.0238,0.1068,0,0.4025,0,0.139,0.0032,0.3247,100,false
0.05,0.7,10000,0,0.2148,0,0.229,0,0.2686,0,0.2876,100,false
0.05,0.75,0,0.1224,0.1259,0.1262,0.1194,0.1274,0.1283,0.1281,0.1223,100,false
0.05,0.75,1,0.1047,0.1282,0.1496,0.1176,0.1479,0.1266,0.1055,0.1199,100,false
0.05,0.75,2,0.0894,0.1378,0.1595,0.1209,0.1667,0.1156,0.0893,0.1208,100,false
0.05,0.75,3,0.0793,0.1513,0.1676,0.1249,0.1762,0.1086,0.0705,0.1216,100,false
0.05,0.75,4,0.0718,0.1669,0.1659,0.1329,0.1758,0.1008,0.0627,0.1232,100,false
0.05,0.75,5,0.0686,0.1793,0.1677,0.1388,0.1733,0.0923,0.0548,0.1252,100,false
0.05,0.75,6,0.0625,0.1945,0.1723,0.1386,0.173,0.0838,0.0464,0.1289,100,false
0.05,0.75,7,0.059,0.2133,0.1679,0.1338,0.1713,0.0789,0.0411,0.1347,100,false
0.05,0.75,8,0.056,0.2348,0.1584,0.1304,0.169,0.075,0.0362,0.1402,100,false
0.05,0.75,9,0.0501,0.2563,0.1491,0.1245,0.1669,0.0717,0.0355,0.1459,100,false
0.05,0.75,10,0.0422,0.2775,0.1372,0.1239,0.1669,0.0683,0.033,0.151,100,false
0.05,0.75,50,0.0087,0.2894,0.012,0.1469,0.0895,0.1071,0.0634,0.283,100,false
0.05,0.75,100,0.0106,0.3101,0.0037,0.2868,0.0464,0.1071,0.077,0.1583,100,false
0.05,0.65,10000,0,0.2118,0,0.2177,0,0.2945,0,0.276,100,false
0.05,0.75,1000,0.0753,0.1369,0.0839,0.0854,0.092,0.1215,0.1263,0.2787,100,false
0.05,0.7,0,0.1269,0.1276,0.1292,0.1207,0.1225,0.1251,0.126,0.122,100,false
0.05,0.7,1,0.1073,0.1322,0.1455,0.1232,0.1423,0.1194,0.1086,0.1215,100,false
0.05,0.7,2,0.0915,0.146,0.1576,0.1272,0.1521,0.1153,0.0917,0.1186,100,false
0.05,0.7,3,0.0844,0.1606,0.1672,0.1231,0.1596,0.1078,0.0781,0.1192,100,false
0.05,0.7,4,0.0765,0.1745,0.1709,0.1218,0.1663,0.103,0.0673,0.1197,100,false
0.05,0.7,5,0.0714,0.1939,0.1648,0.121,0.1709,0.0955,0.06,0.1225,100,false
0.05,0.7,6,0.068,0.2092,0.1621,0.1211,0.172,0.0877,0.0533,0.1266,100,false
0.05,0.7,7,0.065,0.2207,0.1616,0.122,0.1694,0.0843,0.0486,0.1284,100,false
0.05,0.7,8,0.0622,0.238,0.1552,0.1229,0.1661,0.0807,0.0438,0.1311,100,false
0.05,0.7,9,0.0621,0.2517,0.1469,0.1227,0.1627,0.079,0.0398,0.1351,100,false
0.05,0.7,10,0.0627,0.2646,0.1373,0.1262,0.1558,0.0751,0.037,0.1413,100,false
0.05,0.7,50,0.0087,0.2675,0.0186,0.1583,0.102,0.0894,0.0804,0.2751,100,false
0.05,0.7,100,0.0038,0.3408,0.0169,0.2188,0.0613,0.1005,0.0889,0.169,100,false
0.1,0.7,10000,0,0.2678,0,0.248,0,0.2362,0,0.248,100,false
0.05,0.7,1000,0,0.5373,0,0.0171,0.0318,0.1589,0.0494,0.2055,100,false
0.05,0.7,10000,0,0.2222,0,0.2374,0,0.2834,0,0.257,100,false
0.1,0.75,0,0.1304,0.1242,0.1225,0.131,0.1261,0.1254,0.1187,0.1217,100,false
0.1,0.75,1,0.1115,0.1237,0.1429,0.1362,0.1415,0.1197,0.0969,0.1276,100,false
0.1,0.75,2,0.0977,0.1311,0.1595,0.1354,0.152,0.1108,0.0834,0.1301,100,false
0.1,0.75,3,0.0884,0.1402,0.1695,0.1403,0.1585,0.098,0.0731,0.132,100,false
0.1,0.75,4,0.0822,0.1555,0.1785,0.1358,0.1609,0.091,0.0622,0.1339,100,false
0.1,0.75,5,0.0745,0.1686,0.1873,0.1352,0.1591,0.0834,0.055,0.1369,100,false
0.1,0.75,6,0.0671,0.1857,0.1921,0.1318,0.1539,0.0786,0.0506,0.1402,100,false
0.1,0.75,7,0.0655,0.2056,0.1903,0.1237,0.1517,0.0741,0.0469,0.1422,100,false
0.1,0.75,8,0.0651,0.2252,0.1826,0.1189,0.1477,0.0714,0.0426,0.1465,100,false
0.1,0.75,9,0.0667,0.2419,0.173,0.1151,0.1429,0.0683,0.0406,0.1515,100,false
0.1,0.75,10,0.0654,0.2585,0.1633,0.1094,0.1403,0.0673,0.0368,0.159,100,false
0.1,0.75,50,0.0235,0.2227,0.0237,0.16,0.1635,0.0693,0.1121,0.2252,100,false
0.1,0.75,100,0.0505,0.3968,0.0514,0.1546,0.0441,0.0696,0.1472,0.0858,100,false
0.1,0.75,1000,0.1113,0.1973,0.0865,0.0693,0.1595,0.0708,0.1527,0.1526,100,false
0.05,0.75,0,0.1212,0.1277,0.1267,0.128,0.1282,0.1179,0.1243,0.126,100,false
0.05,0.75,1,0.1058,0.1337,0.1446,0.1267,0.1441,0.1146,0.1054,0.1251,100,false
0.05,0.75,2,0.0878,0.1469,0.1552,0.1298,0.1574,0.1057,0.0905,0.1267,100,false
0.05,0.75,3,0.0796,0.1605,0.1658,0.1281,0.1618,0.0994,0.0803,0.1245,100,false
0.05,0.75,4,0.0725,0.1737,0.17,0.1275,0.1633,0.0968,0.0676,0.1286,100,false
0.05,0.75,5,0.0674,0.1902,0.1727,0.1274,0.1624,0.0903,0.0573,0.1323,100,false
0.05,0.75,6,0.0659,0.2084,0.1708,0.1245,0.1595,0.0854,0.051,0.1345,100,false
0.05,0.75,7,0.0657,0.2255,0.1668,0.1235,0.1534,0.0827,0.0474,0.135,100,false
0.05,0.75,8,0.0668,0.2426,0.1596,0.121,0.1504,0.0782,0.0436,0.1378,100,false
0.05,0.75,9,0.0696,0.2575,0.1488,0.1183,0.1481,0.0751,0.0399,0.1427,100,false
0.05,0.75,10,0.0712,0.2683,0.139,0.1165,0.1496,0.0715,0.0347,0.1492,100,false
0.05,0.75,50,0.0078,0.306,0.0335,0.1553,0.0719,0.0833,0.0621,0.2801,100,false
0.05,0.75,100,0.0088,0.2832,0.0034,0.2594,0.0854,0.09,0.0858,0.184,100,false
0.05,0.75,5000,0.0453,0.1034,0.0932,0.1265,0.0661,0.0532,0.1,0.4123,100,false
0.05,0.75,1000,0.0119,0.1221,0,0.4351,0,0.096,0.0027,0.3322,100,false
0.05,0.7,5000,0,0.2971,0,0.2596,0,0.218,0,0.2253,100,false
0.1,0.75,5000,0.1124,0.1654,0.126,0.1091,0.1118,0,0.1806,0.1947,100,false
0.05,0.75,5000,0,0.2971,0,0.2438,0,0.2,0,0.2591,100,false
0.05,0.75,10000,0.1371,0.1154,0.1423,0.1004,0.1785,0,0.1932,0.1331,100,false
0.05,0.7,10000,0,0.2569,0,0.3107,0,0.2387,0,0.1937,100,false
0.05,0.8,0,0.1208,0.1279,0.1254,0.1196,0.1273,0.1243,0.1315,0.1232,100,false
0.05,0.8,1,0.0981,0.132,0.1499,0.1156,0.1513,0.1169,0.11,0.1262,100,false
0.05,0.8,2,0.0832,0.1412,0.1685,0.1146,0.1631,0.1101,0.0955,0.1238,100,false
0.05,0.8,3,0.0732,0.1584,0.1742,0.116,0.1666,0.1072,0.0798,0.1246,100,false
0.05,0.8,4,0.0715,0.1751,0.1775,0.1181,0.1682,0.0994,0.0678,0.1224,100,false
0.05,0.8,5,0.0701,0.1946,0.1738,0.1181,0.1695,0.0921,0.0575,0.1243,100,false
0.05,0.8,6,0.0688,0.2131,0.1668,0.1185,0.1688,0.0857,0.0494,0.1289,100,false
0.05,0.8,7,0.0663,0.2308,0.1584,0.1189,0.1681,0.08,0.0434,0.1341,100,false
0.05,0.8,8,0.0609,0.2506,0.1469,0.1169,0.169,0.0747,0.04,0.141,100,false
0.05,0.8,9,0.0583,0.27,0.1349,0.1166,0.1664,0.0704,0.0369,0.1465,100,false
0.05,0.8,10,0.0558,0.2837,0.1242,0.1195,0.1608,0.066,0.0355,0.1545,100,false
0.05,0.8,50,0.0085,0.3182,0.01,0.1416,0.1025,0.0777,0.0698,0.2717,100,false
0.05,0.8,100,0.0063,0.3228,0.013,0.2441,0.0734,0.0992,0.0871,0.1541,100,false
0.05,0.8,1000,0.0688,0.1641,0.0779,0.2017,0.0898,0.1982,0.0883,0.1112,100,false
0.05,0.75,0,0.1232,0.1263,0.1219,0.1257,0.1275,0.1254,0.1259,0.1241,100,false
0.05,0.75,1,0.1057,0.1313,0.1364,0.1296,0.1457,0.1209,0.1086,0.1218,100,false
0.05,0.75,2,0.0905,0.137,0.1514,0.1357,0.1538,0.1156,0.0928,0.1232,100,false
0.05,0.75,3,0.0772,0.1508,0.1603,0.1362,0.16,0.1086,0.085,0.1219,100,false
0.05,0.75,4,0.0675,0.1676,0.1638,0.1393,0.1623,0.1012,0.0753,0.123,100,false
0.05,0.75,5,0.0614,0.1869,0.1634,0.1392,0.1611,0.0947,0.0658,0.1275,100,false
0.05,0.75,6,0.0642,0.2017,0.1603,0.1405,0.1559,0.0905,0.0595,0.1274,100,false
0.05,0.75,7,0.066,0.2148,0.1577,0.1407,0.1504,0.0873,0.0543,0.1288,100,false
0.05,0.75,8,0.0663,0.2324,0.1525,0.139,0.1433,0.0833,0.0502,0.133,100,false
0.05,0.75,9,0.0659,0.249,0.1459,0.1321,0.1433,0.0797,0.0463,0.1378,100,false
0.05,0.75,10,0.0615,0.266,0.138,0.127,0.1444,0.0766,0.0434,0.1431,100,false
0.05,0.75,50,0.0125,0.302,0.01,0.1369,0.0911,0.0998,0.0685,0.2792,100,false
0.05,0.75,100,0.02,0.3304,0.0113,0.228,0.056,0.0942,0.0677,0.1924,100,false
0.1,0.75,10000,0.2015,0.1895,0.1355,0.0646,0.2047,0,0.086,0.1182,100,false
0.05,0.75,1000,0.033,0.1116,0.1487,0.0708,0.0614,0.1861,0.0727,0.3157,100,false
0.05,0.75,10000,0,0.2811,0,0.225,0,0.2248,0,0.2691,100,false
0.1,0.8,0,0.1296,0.1221,0.1273,0.1279,0.1222,0.1229,0.1237,0.1243,100,false
0.1,0.8,1,0.106,0.1269,0.1489,0.1248,0.1431,0.1193,0.1072,0.1238,100,false
0.1,0.8,2,0.0902,0.1361,0.1684,0.1207,0.1602,0.1153,0.0864,0.1227,100,false
0.1,0.8,3,0.0773,0.1511,0.1769,0.1206,0.1709,0.1079,0.0727,0.1226,100,false
0.1,0.8,4,0.0715,0.1692,0.1812,0.1195,0.1704,0.1017,0.0614,0.1251,100,false
0.1,0.8,5,0.0682,0.1893,0.185,0.1198,0.1662,0.0941,0.0495,0.1279,100,false
0.1,0.8,6,0.0639,0.2091,0.18,0.1234,0.1586,0.0892,0.0416,0.1342,100,false
0.1,0.8,7,0.0614,0.2255,0.174,0.1244,0.1567,0.0812,0.0376,0.1392,100,false
0.1,0.8,8,0.0596,0.2477,0.1635,0.1182,0.151,0.0783,0.0346,0.1471,100,false
0.1,0.8,9,0.0607,0.2646,0.1538,0.1124,0.1465,0.0758,0.0329,0.1533,100,false
0.1,0.8,10,0.0622,0.2818,0.1407,0.1038,0.1475,0.0725,0.0314,0.1601,100,false
0.1,0.8,50,0.0045,0.2604,0.0244,0.1362,0.1058,0.0733,0.0893,0.3061,100,false
0.1,0.8,100,0.0037,0.4677,0.0324,0.1819,0.0488,0.0685,0.1064,0.0906,100,false
0.05,0.8,0,0.1226,0.1265,0.1229,0.1289,0.1245,0.1258,0.1248,0.124,100,false
0.05,0.8,1,0.1006,0.129,0.1472,0.1335,0.1349,0.1239,0.1065,0.1244,100,false
0.05,0.8,2,0.0892,0.1382,0.1619,0.1325,0.1446,0.1164,0.0922,0.125,100,false
0.05,0.8,3,0.0766,0.1537,0.1712,0.1334,0.1506,0.1117,0.0774,0.1254,100,false
0.05,0.8,4,0.0691,0.1732,0.1743,0.1337,0.1521,0.1065,0.0663,0.1248,100,false
0.05,0.8,5,0.0646,0.1917,0.1774,0.1315,0.1514,0.0991,0.0588,0.1255,100,false
0.05,0.8,6,0.0635,0.21,0.1766,0.1333,0.1432,0.0947,0.05,0.1287,100,false
0.05,0.8,7,0.064,0.2258,0.1762,0.128,0.1386,0.0918,0.043,0.1326,100,false
0.05,0.8,8,0.0664,0.2431,0.1682,0.1248,0.1346,0.0869,0.0401,0.1359,100,false
0.05,0.8,9,0.0682,0.2607,0.1553,0.1208,0.1336,0.0831,0.0374,0.1409,100,false
0.05,0.8,10,0.0698,0.274,0.1426,0.1188,0.1309,0.079,0.0338,0.1511,100,false
0.05,0.8,50,0.0246,0.2837,0.0183,0.1685,0.0999,0.0966,0.0566,0.2518,100,false
0.1,0.8,1000,0.0235,0.1863,0,0.5108,0,0.135,0.0092,0.1352,100,false
0.05,0.8,100,0.0434,0.3227,0.0048,0.2341,0.0465,0.0938,0.0805,0.1742,100,false
0.05,0.8,5000,0.1349,0.1448,0.1195,0.1707,0.1488,0.0346,0.0967,0.15,100,false
0.05,0.8,1000,0,0.3344,0,0.0756,0.0013,0.2988,0.0067,0.2832,100,false
0.05,0.75,5000,0.1263,0.1597,0.1809,0.0702,0.1711,0.1522,0.0464,0.0932,100,false
0.1,0.8,5000,0,0.3386,0,0.1376,0,0.2699,0,0.2539,100,false
0.05,0.8,5000,0,0.2437,0,0.2652,0,0.2139,0,0.2772,100,false
0.05,0.8,10000,0.1869,0.1589,0.0873,0.077,0.1577,0,0.1436,0.1886,100,false
0.05,0.75,10000,0.1315,0.1891,0.1098,0.0975,0.1189,0.0129,0.0979,0.2424,100,false
0.05,0.85,0,0.1316,0.1235,0.1263,0.1189,0.1265,0.1202,0.1243,0.1287,100,false
0.05,0.85,1,0.1061,0.1264,0.1464,0.1223,0.1507,0.1169,0.1029,0.1283,100,false
0.05,0.85,2,0.0907,0.1342,0.1635,0.1262,0.1607,0.1116,0.0858,0.1273,100,false
0.05,0.85,3,0.0814,0.1451,0.1758,0.1285,0.1689,0.1025,0.0704,0.1274,100,false
0.05,0.85,4,0.0729,0.1598,0.1827,0.1312,0.1702,0.0963,0.0591,0.1278,100,false
0.05,0.85,5,0.0634,0.1805,0.1853,0.1311,0.1699,0.0891,0.0496,0.1311,100,false
0.05,0.85,6,0.06,0.1958,0.1825,0.1311,0.169,0.083,0.0429,0.1357,100,false
0.05,0.85,7,0.0594,0.2137,0.1758,0.1291,0.1655,0.0784,0.0386,0.1395,100,false
0.05,0.85,8,0.0556,0.2337,0.166,0.1284,0.1626,0.0738,0.035,0.1449,100,false
0.05,0.85,9,0.0541,0.2529,0.1541,0.1265,0.1596,0.0696,0.0324,0.1508,100,false
0.05,0.85,10,0.0501,0.2715,0.1444,0.128,0.1529,0.0669,0.0293,0.1569,100,false
0.05,0.85,50,0.0104,0.3136,0.0163,0.1454,0.0893,0.0767,0.048,0.3003,100,false
0.05,0.85,100,0.0004,0.3793,0.0072,0.1931,0.0613,0.067,0.1024,0.1893,100,false
0.05,0.85,1000,0,0.6418,0,0.0724,0.0174,0.1428,0.056,0.0696,100,false
0.05,0.8,0,0.1286,0.1262,0.1208,0.1277,0.1217,0.1279,0.127,0.1201,100,false
0.05,0.8,1,0.106,0.1293,0.1396,0.1285,0.1404,0.1262,0.1043,0.1257,100,false
0.05,0.8,2,0.0893,0.1394,0.1552,0.1293,0.1572,0.1173,0.0841,0.1282,100,false
0.05,0.8,3,0.079,0.1557,0.1642,0.1302,0.1628,0.1096,0.0691,0.1294,100,false
0.05,0.8,4,0.0704,0.1685,0.1662,0.1349,0.1672,0.1017,0.0613,0.1298,100,false
0.05,0.8,5,0.0646,0.1847,0.1684,0.1356,0.1646,0.095,0.053,0.1341,100,false
0.05,0.8,6,0.0633,0.1959,0.1729,0.1354,0.1605,0.0895,0.0442,0.1383,100,false
0.05,0.8,7,0.0591,0.2112,0.1721,0.13,0.1604,0.0849,0.0394,0.1429,100,false
0.05,0.8,8,0.0533,0.2309,0.1652,0.1301,0.1562,0.0799,0.0358,0.1486,100,false
0.05,0.8,9,0.0542,0.2438,0.162,0.1277,0.1524,0.0735,0.0333,0.1531,100,false
0.05,0.8,10,0.0502,0.2598,0.1541,0.1253,0.1509,0.0691,0.0311,0.1595,100,false
0.05,0.8,50,0.018,0.3097,0.0082,0.1367,0.068,0.1007,0.0465,0.3122,100,false
0.05,0.8,100,0.0172,0.3326,0.0084,0.1891,0.1001,0.09,0.1106,0.152,100,false
0.1,0.8,10000,0,0.2457,0,0.2045,0,0.2832,0,0.2666,100,false
0.05,0.8,1000,0.0244,0.1128,0,0.5736,0,0.0796,0.0267,0.1829,100,false
0.05,0.8,10000,0,0.1867,0,0.2738,0,0.2597,0,0.2798,100,false
0.1,0.85,0,0.1212,0.1255,0.123,0.1298,0.1284,0.1215,0.1262,0.1244,100,false
0.1,0.85,1,0.1019,0.1299,0.1419,0.1366,0.1465,0.1157,0.1016,0.1259,100,false
0.1,0.85,2,0.0889,0.1392,0.1561,0.1405,0.1547,0.1097,0.0838,0.1271,100,false
0.1,0.85,3,0.0768,0.1507,0.1689,0.1466,0.1602,0.0952,0.0728,0.1288,100,false
0.1,0.85,4,0.0659,0.1673,0.1751,0.1439,0.1629,0.0871,0.0644,0.1334,100,false
0.1,0.85,5,0.0603,0.1857,0.1812,0.1413,0.1578,0.0805,0.0566,0.1366,100,false
0.1,0.85,6,0.0545,0.2088,0.1826,0.1326,0.155,0.0745,0.0512,0.1408,100,false
0.1,0.85,7,0.0555,0.2308,0.179,0.1267,0.1498,0.0677,0.045,0.1455,100,false
0.1,0.85,8,0.0528,0.2534,0.1718,0.12,0.1425,0.0661,0.0403,0.1531,100,false
0.1,0.85,9,0.052,0.2779,0.1595,0.1153,0.1379,0.062,0.0383,0.1571,100,false
0.1,0.85,10,0.0528,0.3003,0.1443,0.1102,0.1338,0.0599,0.0356,0.1631,100,false
0.1,0.85,50,0.0023,0.2875,0.009,0.1442,0.1572,0.0907,0.0994,0.2097,100,false
0.1,0.85,100,0.0285,0.4963,0.0052,0.1818,0.0184,0.0484,0.0903,0.1311,100,false
0.1,0.85,1000,0.0174,0.1688,0,0.4457,0,0.1801,0.0031,0.1849,100,false
0.05,0.85,0,0.1222,0.1281,0.1165,0.1252,0.1285,0.1268,0.1286,0.1241,100,false
0.05,0.85,1,0.1071,0.1265,0.1376,0.129,0.1498,0.1256,0.1028,0.1216,100,false
0.05,0.85,2,0.0871,0.1329,0.1535,0.1357,0.1668,0.1169,0.0839,0.1232,100,false
0.05,0.85,3,0.0805,0.1478,0.1615,0.1385,0.1715,0.1071,0.0734,0.1197,100,false
0.05,0.85,4,0.0727,0.1599,0.1731,0.1416,0.1698,0.099,0.0633,0.1206,100,false
0.05,0.85,5,0.0657,0.1769,0.1779,0.1387,0.1668,0.0925,0.057,0.1245,100,false
0.05,0.85,6,0.0636,0.1927,0.1806,0.1385,0.1616,0.0875,0.0479,0.1276,100,false
0.05,0.85,7,0.0605,0.2108,0.1807,0.1362,0.1555,0.0821,0.0428,0.1314,100,false
0.05,0.85,8,0.0582,0.2265,0.1781,0.1307,0.1577,0.0735,0.0388,0.1365,100,false
0.05,0.85,9,0.0565,0.2426,0.1723,0.1284,0.151,0.0702,0.0383,0.1407,100,false
0.05,0.85,10,0.0545,0.2657,0.1632,0.1217,0.1497,0.0663,0.0335,0.1454,100,false
0.05,0.85,50,0.0053,0.3061,0.0113,0.1274,0.0884,0.0804,0.0717,0.3094,100,false
0.05,0.85,100,0.0131,0.3465,0.0203,0.2121,0.075,0.0697,0.0985,0.1648,100,false
0.05,0.85,5000,0,0.2988,0,0.2043,0,0.2411,0,0.2558,100,false
0.05,0.85,1000,0.0479,0.0526,0,0.6161,0,0.0692,0.0441,0.1701,100,false
0.05,0.8,5000,0,0.2348,0,0.2348,0,0.2738,0,0.2566,100,false
0.1,0.85,5000,0,0.2147,0,0.2407,0,0.2296,0,0.315,100,false
0.05,0.85,5000,0,0.2302,0,0.2017,0,0.3103,0,0.2578,100,false
0.05,0.85,10000,0,0.2499,0,0.2183,0,0.2887,0,0.2431,100,false
0.05,0.8,10000,0,0.2497,0,0.2362,0,0.2819,0,0.2322,100,false
0.05,0.9,0,0.1285,0.1266,0.1211,0.126,0.1244,0.1179,0.1224,0.1331,100,false
0.05,0.9,1,0.104,0.1266,0.1437,0.1267,0.1489,0.1142,0.1,0.1359,100,false
0.05,0.9,2,0.0849,0.1356,0.1587,0.1265,0.1651,0.1056,0.0882,0.1354,100,false
0.05,0.9,3,0.0729,0.1505,0.1676,0.1306,0.171,0.0991,0.0723,0.136,100,false
0.05,0.9,4,0.0654,0.1629,0.1779,0.1319,0.1701,0.0951,0.0619,0.1348,100,false
0.05,0.9,5,0.0581,0.1776,0.1822,0.1306,0.17,0.0865,0.0547,0.1403,100,false
0.05,0.9,6,0.0529,0.1933,0.183,0.1366,0.1624,0.0806,0.0468,0.1444,100,false
0.05,0.9,7,0.0495,0.2146,0.1802,0.1339,0.1581,0.0755,0.0404,0.1478,100,false
0.05,0.9,8,0.048,0.233,0.1766,0.1294,0.1529,0.0733,0.0348,0.152,100,false
0.05,0.9,9,0.0447,0.2511,0.1728,0.1229,0.1493,0.069,0.0322,0.158,100,false
0.05,0.9,10,0.042,0.2738,0.1624,0.1167,0.1463,0.0668,0.0297,0.1623,100,false
0.05,0.9,50,0.0052,0.3038,0.0156,0.1333,0.1146,0.0689,0.0702,0.2884,100,false
0.05,0.9,100,0.0047,0.3329,0.0011,0.2114,0.0619,0.0564,0.1563,0.1753,100,false
0.1,0.85,10000,0,0.2507,0,0.2629,0,0.3131,0,0.1733,100,false
0.05,0.9,1000,0.086,0.2088,0.0822,0.1547,0.1166,0.1102,0.113,0.1285,100,false
0.05,0.85,0,0.1211,0.1328,0.1322,0.1212,0.1261,0.1233,0.1215,0.1218,100,false
0.05,0.85,1,0.0964,0.1412,0.1512,0.1211,0.1523,0.1168,0.0988,0.1222,100,false
0.05,0.85,2,0.0869,0.1545,0.1627,0.1189,0.1638,0.1075,0.0821,0.1236,100,false
0.05,0.85,3,0.0778,0.1743,0.165,0.1171,0.1707,0.0985,0.0709,0.1257,100,false
0.05,0.85,4,0.0709,0.186,0.1659,0.1156,0.1805,0.0892,0.0629,0.129,100,false
0.05,0.85,5,0.0668,0.2025,0.1656,0.1171,0.1764,0.081,0.0582,0.1324,100,false
0.05,0.85,6,0.062,0.2229,0.154,0.1224,0.1745,0.0747,0.0527,0.1368,100,false
0.05,0.85,7,0.0575,0.2425,0.1409,0.1248,0.1733,0.0692,0.051,0.1408,100,false
0.05,0.85,8,0.0535,0.2579,0.1323,0.1278,0.17,0.0657,0.0487,0.1441,100,false
0.05,0.85,9,0.0529,0.2704,0.1257,0.1318,0.1603,0.0627,0.0487,0.1475,100,false
0.05,0.85,10,0.0516,0.2815,0.1197,0.1324,0.1509,0.0627,0.0463,0.1549,100,false
0.05,0.85,50,0.0098,0.3087,0.0156,0.1191,0.1069,0.0764,0.0543,0.3092,100,false
0.05,0.85,100,0.0031,0.3161,0.0054,0.2385,0.085,0.0614,0.1164,0.1741,100,false
0.1,0.9,0,0.1238,0.1257,0.1191,0.1227,0.1299,0.1207,0.1359,0.1222,100,false
0.1,0.9,1,0.099,0.1276,0.1366,0.1295,0.1591,0.1182,0.1132,0.1168,100,false
0.1,0.9,2,0.0829,0.1393,0.1583,0.1336,0.1653,0.112,0.0915,0.1171,100,false
0.1,0.9,3,0.0697,0.1552,0.1679,0.1397,0.1663,0.1035,0.0796,0.1181,100,false
0.1,0.9,4,0.0622,0.174,0.1811,0.1389,0.1614,0.0963,0.068,0.1181,100,false
0.1,0.9,5,0.0556,0.1982,0.1858,0.1296,0.1644,0.0885,0.0568,0.1211,100,false
0.1,0.9,6,0.0556,0.2183,0.1874,0.1267,0.1601,0.0811,0.0489,0.1219,100,false
0.1,0.9,7,0.0531,0.244,0.1825,0.1201,0.1608,0.0744,0.0404,0.1247,100,false
0.1,0.9,8,0.0498,0.2755,0.1655,0.1127,0.1619,0.0702,0.0339,0.1305,100,false
0.1,0.9,9,0.0533,0.3006,0.1453,0.1106,0.1612,0.0642,0.0289,0.1359,100,false
0.1,0.9,10,0.054,0.3206,0.1287,0.1051,0.1617,0.0597,0.0263,0.1439,100,false
0.1,0.9,50,0.0097,0.2582,0.0184,0.1154,0.1044,0.0925,0.0652,0.3362,100,false
0.1,0.9,100,0.0079,0.4156,0.0194,0.251,0.0369,0.086,0.0806,0.1026,100,false
0.05,0.85,1000,0.0189,0.0601,0,0.5853,0,0.0816,0.0118,0.2423,100,false
0.05,0.85,10000,0,0.203,0,0.2772,0,0.2133,0,0.3065,100,false
0.1,0.9,1000,0.0344,0.2331,0,0.3498,0,0.0964,0.0167,0.2696,100,false
0.05,0.9,0,0.1257,0.1258,0.1214,0.1207,0.1228,0.1286,0.1266,0.1284,100,false
0.05,0.9,1,0.1023,0.1271,0.1436,0.1219,0.1466,0.127,0.1045,0.127,100,false
0.05,0.9,2,0.0844,0.1355,0.1633,0.1237,0.1636,0.117,0.0879,0.1246,100,false
0.05,0.9,3,0.0719,0.1493,0.1719,0.1254,0.1734,0.11,0.0731,0.125,100,false
0.05,0.9,4,0.0645,0.1655,0.1782,0.128,0.1745,0.1038,0.0581,0.1274,100,false
0.05,0.9,5,0.0575,0.1828,0.1813,0.1289,0.1727,0.0982,0.0482,0.1304,100,false
0.05,0.9,6,0.054,0.202,0.1802,0.1251,0.1713,0.0919,0.0437,0.1318,100,false
0.05,0.9,7,0.0529,0.2204,0.175,0.1237,0.1672,0.0852,0.0384,0.1372,100,false
0.05,0.9,8,0.054,0.2444,0.1666,0.1192,0.1626,0.0796,0.0334,0.1402,100,false
0.05,0.9,9,0.0529,0.2629,0.159,0.1144,0.1607,0.0737,0.0317,0.1447,100,false
0.05,0.9,10,0.0508,0.2896,0.1449,0.1083,0.1592,0.0686,0.0294,0.1492,100,false
0.05,0.9,50,0.0014,0.3286,0.0135,0.1317,0.102,0.0787,0.0355,0.3086,100,false
0.05,0.9,100,0.0005,0.2958,0.0045,0.1688,0.1004,0.0818,0.0848,0.2634,100,false
0.05,0.9,1000,0.0211,0.1613,0,0.5978,0,0.1221,0.0184,0.0793,100,false
0.05,0.9,5000,0.1066,0.2404,0.1511,0.0763,0.1733,0,0.1672,0.0851,100,false
0.05,0.85,5000,0,0.2347,0,0.2516,0,0.2476,0,0.2661,100,false
0.1,0.9,5000,0,0.2483,0,0.2217,0,0.2716,0,0.2584,100,false
0.05,0.9,5000,0,0.2851,0,0.2262,0,0.2174,0,0.2713,100,false
0.05,0.9,10000,0.1104,0.1385,0.1833,0.1149,0.1436,0,0.0935,0.2158,100,false
0.05,0.85,10000,0,0.2722,0,0.2492,0,0.2423,0,0.2363,100,false
0.05,0.95,0,0.1228,0.1245,0.1176,0.1256,0.1272,0.1234,0.1308,0.1281,100,false
0.05,0.95,1,0.0977,0.1262,0.1404,0.1312,0.1476,0.1225,0.1065,0.1279,100,false
0.05,0.95,2,0.0833,0.1359,0.1578,0.1338,0.1575,0.117,0.0895,0.1252,100,false
0.05,0.95,3,0.0711,0.1529,0.1705,0.1354,0.1673,0.1065,0.0729,0.1234,100,false
0.05,0.95,4,0.0658,0.1702,0.1809,0.1371,0.163,0.1004,0.0597,0.1229,100,false
0.05,0.95,5,0.0614,0.1915,0.1786,0.143,0.1567,0.0928,0.0478,0.1282,100,false
0.05,0.95,6,0.0586,0.2159,0.1742,0.1453,0.1478,0.0857,0.0413,0.1312,100,false
0.05,0.95,7,0.055,0.2332,0.1696,0.1418,0.1446,0.0828,0.0366,0.1364,100,false
0.05,0.95,8,0.0559,0.2512,0.1663,0.1375,0.1366,0.0788,0.0335,0.1402,100,false
0.05,0.95,9,0.0561,0.2714,0.1558,0.1336,0.1292,0.0767,0.0321,0.1451,100,false
0.05,0.95,10,0.0575,0.2902,0.1427,0.1292,0.1215,0.0739,0.0312,0.1538,100,false
0.05,0.95,50,0.0016,0.3322,0.0188,0.1233,0.0955,0.0747,0.0468,0.3071,100,false
0.05,0.95,100,0.0014,0.3266,0.0083,0.1899,0.0636,0.0775,0.0873,0.2454,100,false
0.1,0.9,10000,0,0.2152,0,0.2387,0,0.2489,0,0.2972,100,false
0.05,0.9,0,0.1304,0.1227,0.1251,0.1222,0.1213,0.128,0.1244,0.1259,100,false
0.05,0.9,1,0.106,0.1251,0.1468,0.1246,0.144,0.127,0.096,0.1305,100,false
0.05,0.9,2,0.0901,0.1344,0.1561,0.1259,0.1618,0.1197,0.0814,0.1306,100,false
0.05,0.9,3,0.0764,0.1482,0.1618,0.1294,0.169,0.1104,0.0709,0.1339,100,false
0.05,0.9,4,0.0658,0.1617,0.1721,0.1383,0.1673,0.1002,0.0601,0.1345,100,false
0.05,0.9,5,0.0586,0.1778,0.1781,0.1423,0.1624,0.0939,0.0511,0.1358,100,false
0.05,0.9,6,0.0526,0.1967,0.1781,0.1409,0.1594,0.0865,0.0474,0.1384,100,false
0.05,0.9,7,0.0447,0.2212,0.1747,0.1359,0.1579,0.0815,0.0427,0.1414,100,false
0.05,0.9,8,0.0392,0.2469,0.1681,0.1344,0.1506,0.0778,0.0372,0.1458,100,false
0.05,0.9,9,0.0385,0.2711,0.1584,0.1311,0.1434,0.0757,0.0333,0.1485,100,false
0.05,0.9,10,0.0378,0.2926,0.1499,0.1232,0.1414,0.0734,0.0282,0.1535,100,false
0.05,0.9,50,0.0064,0.3149,0.0048,0.1321,0.0879,0.1003,0.0749,0.2787,100,false
0.05,0.95,1000,0.0054,0.1147,0,0.3826,0,0.1117,0,0.3856,100,false
0.05,0.9,100,0.013,0.2715,0.0118,0.2621,0.0628,0.1029,0.0515,0.2244,100,false
0.1,0.95,0,0.1203,0.1275,0.1292,0.1225,0.1199,0.1279,0.127,0.1257,100,false
0.1,0.95,1,0.1002,0.1344,0.1547,0.1216,0.1404,0.1259,0.0969,0.1259,100,false
0.1,0.95,2,0.0852,0.144,0.1708,0.1265,0.1513,0.1177,0.0821,0.1224,100,false
0.1,0.95,3,0.0765,0.1616,0.1741,0.1305,0.1565,0.1097,0.0679,0.1232,100,false
0.1,0.95,4,0.0683,0.1777,0.1766,0.1303,0.1587,0.1017,0.0594,0.1273,100,false
0.1,0.95,5,0.0629,0.1988,0.175,0.1253,0.1611,0.0962,0.052,0.1287,100,false
0.1,0.95,6,0.0614,0.2197,0.1639,0.1274,0.1606,0.0895,0.0448,0.1327,100,false
0.1,0.95,7,0.0593,0.2424,0.1569,0.121,0.1579,0.0854,0.0398,0.1373,100,false
0.1,0.95,8,0.0558,0.2631,0.1487,0.1169,0.157,0.0795,0.0358,0.1432,100,false
0.1,0.95,9,0.052,0.2843,0.1354,0.1121,0.1567,0.0754,0.0325,0.1516,100,false
0.1,0.95,10,0.0496,0.3044,0.1169,0.1076,0.1608,0.0703,0.031,0.1594,100,false
0.1,0.95,50,0.0027,0.2529,0.0217,0.1057,0.123,0.072,0.0742,0.3478,100,false
0.05,0.9,1000,0.0029,0.2359,0,0.3273,0,0.2615,0,0.1724,100,false
0.1,0.95,100,0.0209,0.4234,0.018,0.2173,0.0591,0.0674,0.0965,0.0974,100,false
0.05,0.9,10000,0,0.2359,0,0.1962,0,0.3297,0,0.2382,100,false
0.1,0.95,1000,0.0782,0.2529,0.0895,0.2041,0.0981,0.0507,0.0808,0.1457,100,false
0.05,0.95,0,0.1328,0.1254,0.1261,0.1287,0.1236,0.1206,0.1231,0.1197,100,false
0.05,0.95,1,0.1052,0.1281,0.151,0.1291,0.1484,0.1131,0.1024,0.1227,100,false
0.05,0.95,2,0.0876,0.1357,0.1733,0.1268,0.1601,0.1078,0.083,0.1257,100,false
0.05,0.95,3,0.0748,0.149,0.1807,0.1291,0.1643,0.0982,0.0746,0.1293,100,false
0.05,0.95,4,0.0671,0.1617,0.1914,0.1317,0.1673,0.0881,0.063,0.1297,100,false
0.05,0.95,5,0.0606,0.1838,0.1908,0.1301,0.1672,0.0821,0.0567,0.1287,100,false
0.05,0.95,6,0.0558,0.2079,0.1894,0.1276,0.164,0.0774,0.0483,0.1296,100,false
0.05,0.95,7,0.0544,0.2312,0.1851,0.1233,0.1612,0.0728,0.0402,0.1318,100,false
0.05,0.95,8,0.0516,0.2568,0.1773,0.1174,0.1604,0.0664,0.0346,0.1355,100,false
0.05,0.95,9,0.0495,0.2821,0.1604,0.1166,0.1565,0.0633,0.0298,0.1418,100,false
0.05,0.95,10,0.0465,0.3083,0.142,0.1117,0.1589,0.0603,0.0271,0.1452,100,false
0.05,0.95,50,0.0102,0.3058,0.0134,0.1253,0.1034,0.0786,0.0732,0.2901,100,false
0.05,0.95,100,0.0277,0.335,0.0116,0.1876,0.0677,0.0815,0.124,0.1649,100,false
0.05,0.95,1000,0.0325,0.2225,0.0562,0.2837,0.0571,0.1908,0.0618,0.0954,100,false
0.05,0.95,5000,0,0.2429,0,0.2346,0,0.2393,0,0.2832,100,false
0.05,0.9,5000,0,0.1957,0,0.2855,0,0.3362,0,0.1826,100,false
0.1,0.95,5000,0.1412,0.1402,0.102,0.0629,0.2498,0,0.1502,0.1537,100,false
0.05,0.95,5000,0.1526,0.1529,0.1102,0.1149,0.2001,0,0.1227,0.1466,100,false
0.05,0.95,10000,0,0.225,0,0.2988,0,0.2555,0,0.2207,100,false
0.05,0.9,10000,0,0.2411,0,0.2374,0,0.3061,0,0.2154,100,false
0.05,1,0,0.1202,0.1249,0.1222,0.1287,0.1285,0.126,0.1218,0.1277,100,false
0.05,1,1,0.0932,0.1292,0.1457,0.131,0.1522,0.1202,0.0964,0.1321,100,false
0.05,1,2,0.0752,0.1422,0.1624,0.1382,0.1582,0.1122,0.08,0.1316,100,false
0.05,1,3,0.0675,0.1573,0.1766,0.1355,0.1621,0.1058,0.0661,0.1291,100,false
0.05,1,4,0.0629,0.1761,0.1801,0.1308,0.1667,0.0976,0.0567,0.1291,100,false
0.05,1,5,0.0556,0.1972,0.1775,0.1345,0.1672,0.0885,0.0481,0.1314,100,false
0.05,1,6,0.0516,0.2176,0.1731,0.1347,0.1622,0.0844,0.0418,0.1346,100,false
0.05,1,7,0.0468,0.2431,0.164,0.1345,0.1586,0.077,0.039,0.137,100,false
0.05,1,8,0.0411,0.2695,0.151,0.1339,0.1551,0.0737,0.0352,0.1405,100,false
0.05,1,9,0.0365,0.2902,0.1458,0.1311,0.1497,0.0704,0.0307,0.1456,100,false
0.05,1,10,0.0336,0.317,0.1302,0.1318,0.145,0.0665,0.0267,0.1492,100,false
0.05,1,50,0.0005,0.3561,0.0014,0.1121,0.0981,0.0859,0.0341,0.3118,100,false
0.05,1,100,0,0.3112,0.0057,0.1991,0.0991,0.0785,0.1259,0.1805,100,false
0.1,0.95,10000,0.1284,0.1988,0.1125,0.1081,0.2224,0,0.1333,0.0965,100,false
0.05,1,1000,0,0.7011,0,0.0129,0.0051,0.1892,0.0909,0.0008,100,false
0.05,0.95,0,0.1236,0.1274,0.1293,0.1251,0.1215,0.1265,0.1202,0.1264,100,false
0.05,0.95,1,0.0989,0.1304,0.1576,0.1216,0.1503,0.1171,0.0965,0.1276,100,false
0.05,0.95,2,0.0833,0.1424,0.1748,0.1247,0.162,0.1063,0.077,0.1295,100,false
0.05,0.95,3,0.0722,0.1644,0.1805,0.1235,0.1681,0.0985,0.0626,0.1302,100,false
0.05,0.95,4,0.0674,0.1847,0.1787,0.1233,0.1707,0.0891,0.054,0.1321,100,false
0.05,0.95,5,0.0633,0.2027,0.1749,0.1254,0.1701,0.0838,0.0459,0.1339,100,false
0.05,0.95,6,0.0593,0.2231,0.171,0.1235,0.1672,0.0794,0.0382,0.1383,100,false
0.05,0.95,7,0.0571,0.2445,0.1612,0.1204,0.1678,0.0734,0.0314,0.1442,100,false
0.05,0.95,8,0.0574,0.2615,0.1525,0.1171,0.1635,0.069,0.0275,0.1515,100,false
0.05,0.95,9,0.0589,0.2789,0.136,0.1165,0.1618,0.0638,0.0251,0.159,100,false
0.05,0.95,10,0.0599,0.2896,0.1231,0.1171,0.1602,0.0603,0.0238,0.166,100,false
0.05,1,5000,0,0.7232,0,0.0105,0.0051,0.1703,0.0909,0,100,true
0.05,1,10000,0,0.7232,0,0.0105,0.0051,0.1703,0.0909,0,100,true
0.05,1,20000,0,0.7232,0,0.0105,0.0051,0.1703,0.0909,0,100,true
0.05,1,30000,0,0.7232,0,0.0105,0.0051,0.1703,0.0909,0,100,true
0.05,1,40000,0,0.7232,0,0.0105,0.0051,0.1703,0.0909,0,100,true
0.05,1,50000,0,0.7232,0,0.0105,0.0051,0.1703,0.0909,0,100,true
0.05,1,60000,0,0.7232,0,0.0105,0.0051,0.1703,0.0909,0,100,true
0.05,1,70000,0,0.7232,0,0.0105,0.0051,0.1703,0.0909,0,100,true
0.05,1,80000,0,0.7232,0,0.0105,0.0051,0.1703,0.0909,0,100,true
0.05,1,90000,0,0.7232,0,0.0105,0.0051,0.1703,0.0909,0,100,true
0.05,1,100000,0,0.7232,0,0.0105,0.0051,0.1703,0.0909,0,100,true
0.05,0.95,50,0.0044,0.3251,0.0099,0.1409,0.0889,0.0626,0.0424,0.3258,100,false
0.05,0.95,100,0.0009,0.2811,0.0179,0.1595,0.0667,0.0744,0.1113,0.2882,100,false
0.05,0.95,1000,0.0386,0.0876,0,0.6117,0,0.0413,0.0236,0.1972,100,false
0.05,0.95,10000,0.0799,0.2229,0.1061,0.0539,0.1484,0,0.2663,0.1225,100,false
0.1,1,0,0.127,0.1261,0.1243,0.1249,0.1268,0.1246,0.1244,0.1219,100,false
0.1,1,1,0.1021,0.1281,0.1467,0.1267,0.1517,0.1232,0.0995,0.122,100,false
0.1,1,2,0.0855,0.1381,0.166,0.127,0.1663,0.1149,0.0797,0.1225,100,false
0.1,1,3,0.0743,0.1508,0.1756,0.1325,0.1718,0.1059,0.0656,0.1235,100,false
0.1,1,4,0.0624,0.1681,0.1831,0.1365,0.1719,0.0958,0.0562,0.126,100,false
0.1,1,5,0.056,0.185,0.1917,0.1406,0.164,0.0873,0.0471,0.1283,100,false
0.1,1,6,0.0516,0.2088,0.1931,0.1388,0.1544,0.0819,0.0383,0.1331,100,false
0.1,1,7,0.0502,0.2381,0.1829,0.135,0.1442,0.0796,0.0333,0.1367,100,false
0.1,1,8,0.0487,0.2639,0.1689,0.1286,0.1425,0.0755,0.0285,0.1434,100,false
0.1,1,9,0.0466,0.2873,0.157,0.1237,0.1346,0.0722,0.0268,0.1518,100,false
0.1,1,10,0.0475,0.3141,0.1375,0.1171,0.1263,0.0707,0.0257,0.1611,100,false
0.1,1,50,0,0.2282,0.0184,0.1298,0.1308,0.0787,0.0675,0.3466,100,false
0.1,1,100,0,0.4083,0.0101,0.1719,0.0589,0.088,0.1204,0.1424,100,false
0.1,0,0,0.1245,0.1262,0.1265,0.1243,0.1275,0.1216,0.125,0.1244,100,false
0.1,0,1,0.1245,0.1222,0.1287,0.1246,0.1247,0.1205,0.1312,0.1236,100,false
0.1,0,2,0.1257,0.1203,0.1278,0.1232,0.1245,0.1253,0.1282,0.125,100,false
0.1,0,3,0.1268,0.1182,0.1268,0.1262,0.1263,0.1248,0.1308,0.1201,100,false
0.1,0,4,0.1285,0.1178,0.128,0.1247,0.127,0.124,0.1316,0.1184,100,false
0.1,0,5,0.1268,0.1189,0.1292,0.1251,0.1252,0.1247,0.1328,0.1173,100,false
0.1,0,6,0.1302,0.1214,0.1264,0.1246,0.1269,0.1251,0.1323,0.1131,100,false
0.1,0,7,0.135,0.1212,0.1256,0.123,0.1301,0.1243,0.1293,0.1115,100,false
0.1,0,8,0.1397,0.1167,0.1274,0.12,0.1306,0.122,0.1321,0.1115,100,false
0.1,0,9,0.1409,0.1177,0.1266,0.1172,0.1304,0.1221,0.1335,0.1116,100,false
0.1,0,10,0.1411,0.1162,0.13,0.1116,0.1332,0.1207,0.1327,0.1145,100,false
0.1,0,50,0.1224,0.1146,0.139,0.1187,0.1209,0.1521,0.1264,0.1059,100,false
0.1,0,100,0.1496,0.0786,0.1478,0.1205,0.1417,0.1265,0.0986,0.1367,100,false
0.1,1,1000,0,0.4576,0,0.2464,0.0263,0.0929,0.0577,0.1191,100,false
0.1,0,1000,0.0744,0.115,0.1638,0.3167,0.0868,0.0627,0.0777,0.1029,100,false
0.05,1,0,0.126,0.1246,0.1229,0.1281,0.1243,0.1182,0.1247,0.1312,100,false
0.05,1,1,0.0997,0.1298,0.1488,0.1246,0.152,0.1167,0.1024,0.126,100,false
0.05,1,2,0.0854,0.1409,0.1653,0.1253,0.1665,0.11,0.083,0.1236,100,false
0.05,1,3,0.0748,0.1564,0.1783,0.1275,0.1693,0.1043,0.0646,0.1248,100,false
0.05,1,4,0.0653,0.1748,0.1867,0.1254,0.1721,0.0954,0.0496,0.1307,100,false
0.05,1,5,0.0601,0.1962,0.1839,0.1216,0.1732,0.0876,0.0423,0.1351,100,false
0.05,1,6,0.0554,0.218,0.1764,0.1224,0.1694,0.0813,0.0367,0.1404,100,false
0.05,1,7,0.0526,0.2399,0.1659,0.1214,0.1654,0.075,0.0323,0.1475,100,false
0.05,1,8,0.0484,0.2613,0.1521,0.1226,0.1611,0.0708,0.0305,0.1532,100,false
0.05,1,9,0.0439,0.2782,0.1397,0.1223,0.1588,0.0666,0.028,0.1625,100,false
0.05,1,10,0.0398,0.2923,0.1337,0.1178,0.1571,0.0637,0.0262,0.1694,100,false
0.05,1,50,0.0021,0.3209,0.0141,0.1137,0.1051,0.0703,0.034,0.3398,100,false
0.05,1,100,0.0011,0.2991,0.009,0.1591,0.0985,0.0597,0.0735,0.3,100,false
0.05,1,1000,0.0568,0.0917,0,0.5593,0,0.0822,0.0164,0.1936,100,false
0.05,0.95,5000,0,0.2085,0,0.3122,0,0.2795,0,0.1998,100,false
0.1,0,5000,0.1649,0.1034,0.0903,0.1089,0.137,0.1262,0.1627,0.1066,100,false
0.1,1,5000,0,0.18,0,0.1754,0,0.3057,0,0.3389,100,false
0.05,1,5000,0,0.2275,0,0.3043,0,0.2388,0,0.2294,100,false
0.05,0.95,10000,0,0.2804,0,0.2575,0,0.2151,0,0.247,100,false
0.1,0,10000,0.2322,0.0605,0.0866,0.1447,0.171,0.0724,0.0844,0.1482,100,false
0.05,1,0,0.1276,0.1237,0.1235,0.1211,0.1249,0.1279,0.1242,0.1271,100,false
0.05,1,1,0.1018,0.1273,0.1492,0.1238,0.1496,0.1212,0.0998,0.1273,100,false
0.05,1,2,0.0802,0.1415,0.1668,0.1228,0.1671,0.1137,0.0802,0.1277,100,false
0.05,1,3,0.0645,0.1584,0.1743,0.1297,0.1706,0.1034,0.0673,0.1318,100,false
0.05,1,4,0.0612,0.1771,0.1775,0.1283,0.1704,0.0967,0.0573,0.1315,100,false
0.05,1,5,0.0563,0.1944,0.182,0.1281,0.1662,0.093,0.0462,0.1338,100,false
0.05,1,6,0.0526,0.217,0.1792,0.1226,0.1624,0.0871,0.0398,0.1393,100,false
0.05,1,7,0.0493,0.2472,0.1658,0.1185,0.1588,0.0826,0.0353,0.1425,100,false
0.05,1,8,0.0503,0.2717,0.1527,0.1117,0.1556,0.0806,0.0311,0.1463,100,false
0.05,1,9,0.0511,0.2953,0.1372,0.1077,0.1531,0.0762,0.0283,0.1511,100,false
0.05,1,10,0.0508,0.3133,0.1247,0.1042,0.1512,0.0731,0.0259,0.1568,100,false
0.05,1,50,0.0049,0.2959,0.0119,0.122,0.1023,0.0788,0.0272,0.357,100,false
0.05,1,100,0.0003,0.259,0.0115,0.1456,0.0854,0.0843,0.0894,0.3245,100,false
0.1,1,10000,0,0.2221,0,0.2469,0,0.2285,0,0.3025,100,false
0.05,1,1000,0.0324,0.0732,0,0.5231,0,0.0821,0.0122,0.277,100,false
0.1,0.05,0,0.1248,0.1248,0.1297,0.125,0.1269,0.1227,0.1215,0.1246,100,false
0.1,0.05,1,0.1179,0.1275,0.1307,0.1283,0.1229,0.1217,0.1239,0.1271,100,false
0.1,0.05,2,0.1186,0.1285,0.1301,0.1276,0.1207,0.1237,0.1232,0.1276,100,false
0.1,0.05,3,0.1165,0.1303,0.1324,0.126,0.1214,0.1217,0.1235,0.1282,100,false
0.1,0.05,4,0.1177,0.1329,0.1331,0.1226,0.125,0.1215,0.1211,0.1261,100,false
0.1,0.05,5,0.1194,0.1334,0.1337,0.1197,0.1276,0.1198,0.122,0.1244,100,false
0.1,0.05,6,0.1205,0.1326,0.1349,0.1184,0.127,0.1207,0.1214,0.1245,100,false
0.1,0.05,7,0.1197,0.1368,0.1349,0.1163,0.1271,0.1195,0.12,0.1257,100,false
0.1,0.05,8,0.1201,0.1426,0.1315,0.1137,0.1301,0.118,0.1185,0.1255,100,false
0.1,0.05,9,0.1198,0.1397,0.1324,0.1152,0.1242,0.1205,0.119,0.1292,100,false
0.1,0.05,10,0.1213,0.1389,0.1312,0.1174,0.1235,0.1185,0.121,0.1282,100,false
0.1,0.05,50,0.1205,0.1486,0.1413,0.1048,0.1202,0.1102,0.1188,0.1356,100,false
0.1,0.05,100,0.1386,0.1592,0.1231,0.1208,0.1016,0.1222,0.133,0.1015,100,false
0.15,0,0,0.1253,0.1221,0.1275,0.1279,0.1236,0.1253,0.1239,0.1244,100,false
0.15,0,1,0.124,0.1249,0.1269,0.1282,0.1209,0.1279,0.1221,0.1251,100,false
0.15,0,2,0.1251,0.1245,0.1253,0.1277,0.1218,0.1278,0.1215,0.1263,100,false
0.15,0,3,0.125,0.1204,0.1279,0.1263,0.1223,0.1281,0.1232,0.1268,100,false
0.15,0,4,0.1247,0.1217,0.1278,0.124,0.1241,0.1242,0.1303,0.1232,100,false
0.15,0,5,0.1235,0.121,0.1283,0.1252,0.1256,0.1224,0.1339,0.1201,100,false
0.15,0,6,0.1235,0.121,0.1305,0.1238,0.1259,0.1206,0.1368,0.1179,100,false
0.15,0,7,0.1242,0.1235,0.1277,0.125,0.1244,0.1226,0.1325,0.1201,100,false
0.15,0,8,0.1277,0.1251,0.1224,0.1252,0.124,0.1254,0.1293,0.1209,100,false
0.15,0,9,0.1282,0.1239,0.1179,0.1278,0.1283,0.1257,0.1262,0.122,100,false
0.15,0,10,0.1321,0.1223,0.1173,0.1286,0.1276,0.1287,0.1232,0.1202,100,false
0.15,0,50,0.1195,0.1662,0.1264,0.126,0.1098,0.1203,0.0978,0.134,100,false
0.15,0,100,0.1308,0.1651,0.1623,0.1221,0.1301,0.0925,0.0904,0.1067,100,false
0.1,0.05,1000,0.0614,0.0813,0.1193,0.1016,0.1219,0.1382,0.0917,0.2846,100,false
0.05,1,10000,0,0.1867,0,0.2307,0,0.272,0,0.3106,100,false
0.15,0,1000,0.0547,0.0746,0.1496,0.1942,0.0929,0.2709,0.0547,0.1084,100,false
0.1,0,0,0.126,0.1315,0.1201,0.1273,0.1296,0.1192,0.1199,0.1264,100,false
0.1,0,1,0.1224,0.1308,0.1209,0.1283,0.129,0.1133,0.1252,0.1301,100,false
0.1,0,2,0.1216,0.129,0.1232,0.1311,0.1252,0.1141,0.1258,0.13,100,false
0.1,0,3,0.1212,0.1271,0.1272,0.1309,0.12,0.1167,0.1275,0.1294,100,false
0.1,0,4,0.117,0.1281,0.1262,0.1292,0.1216,0.1155,0.1295,0.1329,100,false
0.1,0,5,0.1169,0.1279,0.1286,0.1269,0.1189,0.1146,0.1327,0.1335,100,false
0.1,0,6,0.1142,0.1343,0.1252,0.1267,0.118,0.1142,0.1348,0.1326,100,false
0.1,0,7,0.114,0.1371,0.1243,0.1247,0.1189,0.1156,0.1391,0.1263,100,false
0.1,0,8,0.1119,0.1403,0.1231,0.1251,0.1152,0.12,0.1396,0.1248,100,false
0.1,0,9,0.1126,0.1393,0.1257,0.1222,0.1146,0.1226,0.1392,0.1238,100,false
0.1,0,10,0.1162,0.1367,0.1252,0.121,0.117,0.1243,0.1374,0.1222,100,false
0.1,0,50,0.1175,0.1244,0.126,0.1357,0.1415,0.1195,0.1253,0.1101,100,false
0.1,0,100,0.1014,0.1277,0.1119,0.1594,0.129,0.1096,0.1399,0.1211,100,false
0.1,0,1000,0.1196,0.0874,0.0608,0.1178,0.1079,0.1558,0.2095,0.1412,100,false
0.05,1,5000,0,0.2498,0,0.2643,0,0.234,0,0.2519,100,false
0.1,0.05,5000,0.2129,0.0919,0.1071,0.1518,0.0619,0.148,0.0955,0.1309,100,false
0.15,0,5000,0.113,0.0789,0.2278,0.1004,0.0954,0.13,0.1194,0.1351,100,false
0.1,0,5000,0.2048,0.1156,0.1327,0.2543,0.0697,0.0234,0.1135,0.086,100,false
0.05,1,10000,0,0.3034,0,0.2125,0,0.2314,0,0.2527,100,false
0.1,0.05,10000,0.03,0.1831,0.1219,0.1336,0.217,0.1765,0.0913,0.0466,100,false
0.15,0,10000,0.1255,0.0928,0.149,0.1212,0.144,0.0739,0.0898,0.2038,100,false
0.1,0,0,0.1285,0.1259,0.1184,0.124,0.1231,0.126,0.1273,0.1268,100,false
0.1,0,1,0.1273,0.1237,0.1183,0.1233,0.1233,0.1298,0.1265,0.1278,100,false
0.1,0,2,0.1267,0.1213,0.1201,0.1238,0.1284,0.1278,0.122,0.1299,100,false
0.1,0,3,0.1273,0.114,0.1224,0.1238,0.1313,0.1272,0.1236,0.1304,100,false
0.1,0,4,0.1263,0.1123,0.1245,0.1216,0.1318,0.131,0.1256,0.1269,100,false
0.1,0,5,0.1257,0.1129,0.1226,0.1231,0.1334,0.1296,0.1254,0.1273,100,false
0.1,0,6,0.1216,0.1115,0.1269,0.1233,0.1344,0.1275,0.1292,0.1256,100,false
0.1,0,7,0.1193,0.1126,0.1273,0.1213,0.1368,0.1278,0.1295,0.1254,100,false
0.1,0,8,0.12,0.1153,0.1253,0.1206,0.1393,0.1284,0.127,0.1241,100,false
0.1,0,9,0.1211,0.1144,0.124,0.1188,0.1424,0.1279,0.1294,0.122,100,false
0.1,0,10,0.1208,0.1116,0.1263,0.1177,0.1437,0.1274,0.1301,0.1224,100,false
0.1,0,50,0.1122,0.1174,0.1181,0.0928,0.1371,0.1366,0.1454,0.1404,100,false
0.1,0,100,0.1257,0.136,0.0875,0.0796,0.1309,0.0861,0.1432,0.211,100,false
0.1,0.1,0,0.1335,0.1259,0.1217,0.1253,0.1218,0.1259,0.12,0.1259,100,false
0.1,0.1,1,0.1298,0.1204,0.1229,0.129,0.1231,0.1301,0.1138,0.1309,100,false
0.1,0.1,2,0.1277,0.1214,0.1257,0.1295,0.1222,0.1321,0.1065,0.1349,100,false
0.1,0.1,3,0.1264,0.1191,0.1302,0.1294,0.1221,0.133,0.1026,0.1372,100,false
0.1,0.1,4,0.1225,0.1223,0.1335,0.1293,0.1261,0.1288,0.1002,0.1373,100,false
0.1,0.1,5,0.1159,0.1243,0.139,0.1265,0.127,0.1246,0.1033,0.1394,100,false
0.1,0.1,6,0.1157,0.1244,0.1411,0.1267,0.1289,0.1218,0.0992,0.1422,100,false
0.1,0.1,7,0.1138,0.1251,0.1447,0.1281,0.1269,0.1216,0.0961,0.1437,100,false
0.1,0.1,8,0.1124,0.1276,0.1441,0.128,0.1262,0.1201,0.0964,0.1452,100,false
0.1,0.1,9,0.1108,0.1289,0.1459,0.1265,0.1256,0.1198,0.0942,0.1483,100,false
0.1,0.1,10,0.1087,0.1318,0.1458,0.1253,0.1241,0.1204,0.0947,0.1492,100,false
0.1,0.1,50,0.0798,0.1756,0.1154,0.114,0.1385,0.1169,0.0961,0.1637,100,false
0.15,0.05,0,0.1269,0.129,0.1269,0.1219,0.1244,0.1211,0.1257,0.1241,100,false
0.15,0.05,1,0.1268,0.1319,0.128,0.1183,0.128,0.1141,0.1283,0.1246,100,false
0.15,0.05,2,0.1245,0.1317,0.1278,0.1148,0.127,0.1231,0.1258,0.1253,100,false
0.15,0.05,3,0.1236,0.1353,0.1279,0.1136,0.1281,0.1251,0.1205,0.1259,100,false
0.15,0.05,4,0.1214,0.134,0.1273,0.114,0.1309,0.1223,0.1187,0.1314,100,false
0.15,0.05,5,0.1201,0.1351,0.1289,0.1108,0.1335,0.1218,0.1195,0.1303,100,false
0.15,0.05,6,0.1194,0.1359,0.1292,0.1104,0.1346,0.1201,0.1205,0.1299,100,false
0.15,0.05,7,0.1197,0.1357,0.1294,0.1094,0.1349,0.1215,0.1211,0.1283,100,false
0.15,0.05,8,0.119,0.1346,0.131,0.1085,0.1359,0.1201,0.1211,0.1298,100,false
0.15,0.05,9,0.1191,0.1343,0.1287,0.1126,0.1363,0.1223,0.1202,0.1265,100,false
0.15,0.05,10,0.1193,0.1365,0.1286,0.1131,0.1339,0.1247,0.1185,0.1254,100,false
0.1,0.1,100,0.077,0.188,0.0547,0.1418,0.156,0.0726,0.1635,0.1464,100,false
0.15,0.05,50,0.1173,0.1449,0.1444,0.1052,0.0998,0.102,0.1513,0.1351,100,false
0.1,0,1000,0.1297,0.1239,0.11,0.113,0.0645,0.1738,0.1757,0.1094,100,false
0.15,0.05,100,0.2368,0.1529,0.0714,0.156,0.11,0.0909,0.0862,0.0958,100,false
0.1,0.1,1000,0.1582,0.1616,0.1151,0.0844,0.0612,0.1041,0.1036,0.2118,100,false
0.15,0.05,1000,0.1664,0.1557,0.159,0.1235,0.0489,0.0725,0.1088,0.1652,100,false
0.1,0,10000,0.1284,0.0751,0.149,0.1719,0.1165,0.1487,0.0869,0.1235,100,false
0.1,0.05,0,0.129,0.1241,0.1226,0.1254,0.1261,0.124,0.1288,0.12,100,false
0.1,0.05,1,0.1298,0.1214,0.125,0.1236,0.1269,0.1268,0.1266,0.1199,100,false
0.1,0.05,2,0.1269,0.124,0.1294,0.1234,0.1272,0.1277,0.1231,0.1183,100,false
0.1,0.05,3,0.1259,0.1228,0.1336,0.1181,0.1308,0.1272,0.1193,0.1223,100,false
0.1,0.05,4,0.1259,0.1267,0.1324,0.1185,0.1328,0.1258,0.1177,0.1202,100,false
0.1,0.05,5,0.1242,0.1263,0.1336,0.1213,0.1362,0.1224,0.1156,0.1204,100,false
0.1,0.05,6,0.128,0.1239,0.1373,0.1209,0.1378,0.1185,0.1161,0.1175,100,false
0.1,0.05,7,0.1275,0.1251,0.1399,0.12,0.1363,0.1192,0.1151,0.1169,100,false
0.1,0.05,8,0.126,0.1252,0.1451,0.12,0.1355,0.1194,0.1112,0.1176,100,false
0.1,0.05,9,0.127,0.1274,0.1431,0.119,0.1398,0.1186,0.1063,0.1188,100,false
0.1,0.05,10,0.125,0.1312,0.1443,0.1177,0.1407,0.1168,0.1033,0.121,100,false
0.1,0.05,50,0.0874,0.1491,0.1274,0.1504,0.1224,0.1114,0.1372,0.1147,100,false
0.1,0.05,100,0.1473,0.1184,0.1168,0.1616,0.1275,0.1333,0.1026,0.0925,100,false
0.1,0.05,1000,0.0554,0.0828,0.0404,0.0803,0.0628,0.342,0.1869,0.1494,100,false
0.1,0,5000,0.0673,0.0698,0.1118,0.0703,0.1969,0.1705,0.2341,0.0793,100,false
0.1,0.1,5000,0.0744,0.0729,0.1127,0.0909,0.1362,0.1919,0.1758,0.1452,100,false
0.15,0.05,5000,0.1482,0.0734,0.0869,0.0771,0.1147,0.1317,0.1666,0.2014,100,false
0.1,0.05,5000,0.1118,0.1341,0.0757,0.1074,0.1836,0.1113,0.1832,0.0929,100,false
0.1,0,10000,0.0518,0.1086,0.1377,0.3119,0.1565,0.1104,0.0696,0.0535,100,false
0.15,0.05,10000,0.1284,0.1672,0.0665,0.1398,0.1464,0.14,0.1168,0.0949,100,false
0.1,0.1,10000,0.1294,0.1391,0.118,0.2311,0.0994,0.1007,0.0877,0.0946,100,false
0.1,0.05,0,0.1248,0.1234,0.129,0.122,0.1254,0.1221,0.1247,0.1286,100,false
0.1,0.05,1,0.1229,0.1247,0.1286,0.1212,0.1268,0.1218,0.1227,0.1313,100,false
0.1,0.05,2,0.1193,0.1264,0.1276,0.1221,0.1288,0.1201,0.1242,0.1315,100,false
0.1,0.05,3,0.1202,0.1258,0.129,0.1238,0.1274,0.1215,0.1206,0.1317,100,false
0.1,0.05,4,0.1174,0.1257,0.13,0.1216,0.1315,0.1185,0.1235,0.1318,100,false
0.1,0.05,5,0.119,0.1261,0.1324,0.1195,0.1312,0.1181,0.1214,0.1323,100,false
0.1,0.05,6,0.1167,0.126,0.1367,0.1169,0.1326,0.1168,0.1235,0.1308,100,false
0.1,0.05,7,0.1172,0.1301,0.1327,0.1209,0.1319,0.1162,0.1199,0.1311,100,false
0.1,0.05,8,0.1184,0.1325,0.1294,0.1183,0.1338,0.1182,0.1159,0.1335,100,false
0.1,0.05,9,0.1163,0.1354,0.1291,0.1187,0.133,0.1175,0.1176,0.1324,100,false
0.1,0.05,10,0.1172,0.1396,0.1278,0.1172,0.1332,0.1172,0.1173,0.1305,100,false
0.1,0.05,50,0.1211,0.1307,0.1045,0.1454,0.1356,0.0986,0.1222,0.1419,100,false
0.1,0.05,100,0.1045,0.1869,0.1013,0.1953,0.0932,0.1354,0.1006,0.0828,100,false
0.15,0.1,0,0.1196,0.1294,0.1209,0.1261,0.1213,0.1334,0.1263,0.123,100,false
0.15,0.1,1,0.1177,0.126,0.1273,0.1232,0.1296,0.1319,0.1219,0.1224,100,false
0.15,0.1,2,0.1173,0.1293,0.1254,0.1251,0.1352,0.1313,0.1172,0.1192,100,false
0.15,0.1,3,0.1164,0.1311,0.13,0.1251,0.1384,0.1288,0.111,0.1192,100,false
0.15,0.1,4,0.1128,0.1349,0.1312,0.1279,0.1383,0.1283,0.1061,0.1205,100,false
0.15,0.1,5,0.1126,0.1368,0.1353,0.1278,0.1372,0.1244,0.1043,0.1216,100,false
0.15,0.1,6,0.116,0.1381,0.1353,0.1289,0.1375,0.1179,0.1047,0.1216,100,false
0.15,0.1,7,0.1185,0.1391,0.1366,0.128,0.1377,0.1138,0.1023,0.124,100,false
0.15,0.1,8,0.12,0.1408,0.1363,0.1301,0.1359,0.1117,0.0992,0.126,100,false
0.15,0.1,9,0.1235,0.1399,0.1366,0.1352,0.1304,0.111,0.097,0.1264,100,false
0.15,0.1,10,0.126,0.1402,0.136,0.1343,0.1292,0.1115,0.0973,0.1255,100,false
0.15,0.1,50,0.0592,0.1867,0.1309,0.1131,0.1434,0.1006,0.1078,0.1583,100,false
0.1,0.05,10000,0.1438,0.223,0.1259,0.0807,0.114,0.0982,0.1093,0.1051,100,false
0.15,0.1,100,0.1041,0.2434,0.1277,0.1774,0.1157,0.0539,0.0802,0.0976,100,false
0.1,0.15,0,0.1254,0.126,0.1281,0.1278,0.1228,0.1185,0.1206,0.1308,100,false
0.1,0.15,1,0.1204,0.1256,0.1361,0.1269,0.1266,0.1157,0.1192,0.1295,100,false
0.1,0.15,2,0.1178,0.1238,0.1384,0.1267,0.1302,0.1143,0.1165,0.1323,100,false
0.1,0.15,3,0.1143,0.1263,0.1438,0.1238,0.1329,0.1159,0.1105,0.1325,100,false
0.1,0.15,4,0.1132,0.1276,0.1478,0.1236,0.1298,0.1152,0.1076,0.1352,100,false
0.1,0.15,5,0.1128,0.1311,0.1499,0.1216,0.1314,0.1117,0.1029,0.1386,100,false
0.1,0.15,6,0.1107,0.138,0.1498,0.1197,0.1348,0.1109,0.1001,0.136,100,false
0.1,0.15,7,0.1081,0.1419,0.1507,0.1199,0.1357,0.1084,0.0996,0.1357,100,false
0.1,0.15,8,0.1067,0.1497,0.1516,0.1193,0.1357,0.1052,0.0943,0.1375,100,false
0.1,0.15,9,0.1054,0.1517,0.153,0.1186,0.134,0.1031,0.0917,0.1425,100,false
0.1,0.15,10,0.1032,0.1548,0.1553,0.1172,0.1307,0.1024,0.0875,0.1489,100,false
0.1,0.15,50,0.0728,0.2119,0.0703,0.1354,0.1334,0.1004,0.1076,0.1682,100,false
0.1,0.15,100,0.1151,0.1504,0.0641,0.1935,0.1139,0.1102,0.149,0.1038,100,false
0.1,0.05,1000,0.1004,0.1169,0.1131,0.1243,0.1655,0.1229,0.1393,0.1176,100,false
0.15,0.1,1000,0,0.0037,0,0,0.9876,0,0.0011,0.0076,100,true
0.15,0.1,5000,0,0.0037,0,0,0.9876,0,0.0011,0.0076,100,true
0.15,0.1,10000,0,0.0037,0,0,0.9876,0,0.0011,0.0076,100,true
0.15,0.1,20000,0,0.0037,0,0,0.9876,0,0.0011,0.0076,100,true
0.15,0.1,30000,0,0.0037,0,0,0.9876,0,0.0011,0.0076,100,true
0.15,0.1,40000,0,0.0037,0,0,0.9876,0,0.0011,0.0076,100,true
0.15,0.1,50000,0,0.0037,0,0,0.9876,0,0.0011,0.0076,100,true
0.15,0.1,60000,0,0.0037,0,0,0.9876,0,0.0011,0.0076,100,true
0.15,0.1,70000,0,0.0037,0,0,0.9876,0,0.0011,0.0076,100,true
0.15,0.1,80000,0,0.0037,0,0,0.9876,0,0.0011,0.0076,100,true
0.15,0.1,90000,0,0.0037,0,0,0.9876,0,0.0011,0.0076,100,true
0.15,0.1,100000,0,0.0037,0,0,0.9876,0,0.0011,0.0076,100,true
0.1,0.15,1000,0,0,0.0004,0.1216,0.1524,0.1417,0,0.5839,100,false
0.1,0.15,5000,0,0,0.4257,0,0.1309,0.0034,0,0.44,100,true
0.1,0.15,10000,0,0,0.4257,0,0.1309,0.0034,0,0.44,100,true
0.1,0.15,20000,0,0,0.4257,0,0.1309,0.0034,0,0.44,100,true
0.1,0.15,30000,0,0,0.4257,0,0.1309,0.0034,0,0.44,100,true
0.1,0.15,40000,0,0,0.4257,0,0.1309,0.0034,0,0.44,100,true
0.1,0.15,50000,0,0,0.4257,0,0.1309,0.0034,0,0.44,100,true
0.1,0.15,60000,0,0,0.4257,0,0.1309,0.0034,0,0.44,100,true
0.1,0.15,70000,0,0,0.4257,0,0.1309,0.0034,0,0.44,100,true
0.1,0.15,80000,0,0,0.4257,0,0.1309,0.0034,0,0.44,100,true
0.1,0.15,90000,0,0,0.4257,0,0.1309,0.0034,0,0.44,100,true
0.1,0.15,100000,0,0,0.4257,0,0.1309,0.0034,0,0.44,100,true
0.1,0.1,0,0.1297,0.13,0.117,0.1185,0.127,0.1288,0.126,0.123,100,false
0.1,0.1,1,0.1278,0.1296,0.1151,0.1203,0.1356,0.1251,0.1236,0.1229,100,false
0.1,0.1,2,0.1253,0.1283,0.1178,0.1214,0.1388,0.1227,0.1182,0.1275,100,false
0.1,0.1,3,0.1263,0.1243,0.1197,0.1261,0.1409,0.1205,0.1175,0.1247,100,false
0.1,0.1,4,0.1266,0.1225,0.1221,0.1309,0.1402,0.1163,0.1178,0.1236,100,false
0.1,0.1,5,0.1217,0.1259,0.1254,0.1326,0.1379,0.1158,0.1173,0.1234,100,false
0.1,0.1,6,0.1229,0.1251,0.1302,0.1348,0.1344,0.1134,0.1159,0.1233,100,false
0.1,0.1,7,0.124,0.124,0.1347,0.1363,0.1323,0.1145,0.1132,0.121,100,false
0.1,0.1,8,0.1221,0.1277,0.1398,0.1372,0.1301,0.1134,0.1092,0.1205,100,false
0.1,0.1,9,0.1211,0.1293,0.1457,0.1371,0.1274,0.1114,0.1086,0.1194,100,false
0.1,0.1,10,0.1204,0.1366,0.1464,0.1327,0.1291,0.1071,0.1086,0.1191,100,false
0.1,0.1,50,0.1016,0.1584,0.1609,0.1023,0.1216,0.1156,0.1244,0.1152,100,false
0.1,0.1,100,0.0963,0.1177,0.1775,0.1516,0.1138,0.0863,0.1691,0.0877,100,false
0.1,0.1,1000,0.1999,0.1807,0.0772,0.0556,0.0452,0.1095,0.179,0.1529,100,false
0.15,0.15,0,0.1271,0.119,0.127,0.1232,0.1272,0.1207,0.1267,0.1291,100,false
0.15,0.15,1,0.1201,0.1201,0.1284,0.1259,0.1332,0.1192,0.1237,0.1294,100,false
0.15,0.15,2,0.1122,0.123,0.1317,0.1289,0.1356,0.1167,0.1192,0.1327,100,false
0.15,0.15,3,0.1073,0.125,0.1353,0.1322,0.137,0.1129,0.1185,0.1318,100,false
0.15,0.15,4,0.104,0.1303,0.1411,0.1321,0.1366,0.1091,0.1155,0.1313,100,false
0.15,0.15,5,0.0965,0.1349,0.1516,0.1303,0.1405,0.1029,0.1107,0.1326,100,false
0.15,0.15,6,0.0942,0.1459,0.1553,0.1259,0.1383,0.1013,0.1088,0.1303,100,false
0.15,0.15,7,0.0906,0.1497,0.1579,0.1228,0.138,0.098,0.106,0.137,100,false
0.15,0.15,8,0.0894,0.1554,0.1602,0.1165,0.1371,0.0993,0.106,0.1361,100,false
0.15,0.15,9,0.0887,0.1627,0.1595,0.1133,0.1357,0.1,0.1005,0.1396,100,false
0.15,0.15,10,0.0865,0.1719,0.1564,0.1105,0.1344,0.0966,0.096,0.1477,100,false
0.15,0.15,50,0.0557,0.2337,0.0783,0.1541,0.1575,0.0829,0.0901,0.1477,100,false
0.15,0.15,100,0.0866,0.1671,0.0675,0.1837,0.1069,0.148,0.1511,0.0891,100,false
0.1,0.2,0,0.1244,0.1282,0.123,0.128,0.1206,0.1241,0.1265,0.1252,100,false
0.1,0.2,1,0.121,0.1301,0.1267,0.1284,0.1212,0.1277,0.122,0.1229,100,false
0.1,0.2,2,0.1176,0.1315,0.1312,0.1303,0.1226,0.1262,0.1189,0.1217,100,false
0.1,0.2,3,0.1159,0.1347,0.1306,0.132,0.1264,0.1255,0.1126,0.1223,100,false
0.1,0.2,4,0.1132,0.1354,0.1342,0.1285,0.1296,0.1236,0.1091,0.1264,100,false
0.1,0.2,5,0.1089,0.1365,0.1399,0.1308,0.1282,0.1207,0.1096,0.1254,100,false
0.1,0.2,6,0.1054,0.1414,0.1438,0.1306,0.1279,0.1168,0.1061,0.128,100,false
0.1,0.2,7,0.1022,0.1465,0.1482,0.1288,0.1249,0.1157,0.1023,0.1314,100,false
0.1,0.2,8,0.1002,0.149,0.1507,0.1261,0.1269,0.1136,0.1008,0.1327,100,false
0.1,0.2,9,0.0996,0.1589,0.1488,0.1205,0.1297,0.1088,0.1014,0.1323,100,false
0.1,0.2,10,0.101,0.1655,0.1502,0.1201,0.1286,0.1037,0.1,0.1309,100,false
0.1,0.2,50,0.102,0.212,0.0852,0.1256,0.1326,0.1045,0.0977,0.1404,100,false
0.1,0.2,100,0.1083,0.1274,0.0987,0.1567,0.1056,0.13,0.1455,0.1278,100,false
0.15,0.15,1000,0.0493,0.0604,0.063,0.2428,0.0959,0.28,0.1095,0.0991,100,false
0.1,0.2,1000,0.1686,0.0868,0.0742,0.0694,0.0599,0.0326,0.0935,0.415,100,false
0.1,0.05,5000,0.1506,0.1278,0.0558,0.0733,0.1476,0.1347,0.1459,0.1643,100,false
0.1,0.1,5000,0.1451,0.1325,0.0739,0.1636,0.1377,0.1302,0.0984,0.1186,100,false
0.15,0.15,5000,0.1161,0.2839,0.2156,0.1698,0.0167,0.0086,0.0138,0.1755,100,false
0.15,0.15,10000,0.0001,0,0,0.0031,0.0634,0,0,0.9334,100,true
0.15,0.15,20000,0.0001,0,0,0.0031,0.0634,0,0,0.9334,100,true
0.15,0.15,30000,0.0001,0,0,0.0031,0.0634,0,0,0.9334,100,true
0.15,0.15,40000,0.0001,0,0,0.0031,0.0634,0,0,0.9334,100,true
0.15,0.15,50000,0.0001,0,0,0.0031,0.0634,0,0,0.9334,100,true
0.15,0.15,60000,0.0001,0,0,0.0031,0.0634,0,0,0.9334,100,true
0.15,0.15,70000,0.0001,0,0,0.0031,0.0634,0,0,0.9334,100,true
0.15,0.15,80000,0.0001,0,0,0.0031,0.0634,0,0,0.9334,100,true
0.15,0.15,90000,0.0001,0,0,0.0031,0.0634,0,0,0.9334,100,true
0.15,0.15,100000,0.0001,0,0,0.0031,0.0634,0,0,0.9334,100,true
0.1,0.2,5000,0.1229,0.161,0.1195,0.1083,0.1334,0.1379,0.1287,0.0883,100,false
0.1,0.05,10000,0.1107,0.105,0.1316,0.14,0.1132,0.0963,0.1353,0.1679,100,false
0.15,0.2,0,0.1275,0.124,0.1261,0.1265,0.1182,0.1231,0.1274,0.1272,100,false
0.15,0.2,1,0.1204,0.1282,0.1316,0.1224,0.1209,0.1262,0.1227,0.1276,100,false
0.15,0.2,2,0.1177,0.1309,0.1342,0.1193,0.1272,0.1241,0.1174,0.1292,100,false
0.15,0.2,3,0.1128,0.1356,0.1364,0.1202,0.1322,0.1181,0.1143,0.1304,100,false
0.15,0.2,4,0.105,0.1398,0.1395,0.124,0.1363,0.1126,0.1097,0.1331,100,false
0.15,0.2,5,0.1042,0.1413,0.1403,0.1262,0.1347,0.1115,0.1099,0.1319,100,false
0.15,0.2,6,0.1034,0.148,0.1419,0.1284,0.1318,0.1111,0.1039,0.1315,100,false
0.15,0.2,7,0.1029,0.154,0.1446,0.1264,0.1309,0.1102,0.0989,0.1321,100,false
0.15,0.2,8,0.1064,0.1589,0.1471,0.1219,0.1313,0.11,0.0942,0.1302,100,false
0.15,0.2,9,0.1081,0.1668,0.1449,0.1176,0.1315,0.1094,0.0905,0.1312,100,false
0.15,0.2,10,0.1082,0.1751,0.1431,0.1157,0.1299,0.108,0.0887,0.1313,100,false
0.15,0.2,50,0.1147,0.199,0.0926,0.1241,0.1213,0.0968,0.0974,0.1541,100,false
0.15,0.2,100,0.155,0.1417,0.0951,0.1783,0.059,0.135,0.1201,0.1158,100,false
0.15,0.2,1000,0,0.2944,0,0,0.6959,0.0001,0.0096,0,100,true
0.15,0.2,5000,0,0.2944,0,0,0.6959,0.0001,0.0096,0,100,true
0.15,0.2,10000,0,0.2944,0,0,0.6959,0.0001,0.0096,0,100,true
0.15,0.2,20000,0,0.2944,0,0,0.6959,0.0001,0.0096,0,100,true
0.15,0.2,30000,0,0.2944,0,0,0.6959,0.0001,0.0096,0,100,true
0.15,0.2,40000,0,0.2944,0,0,0.6959,0.0001,0.0096,0,100,true
0.15,0.2,50000,0,0.2944,0,0,0.6959,0.0001,0.0096,0,100,true
0.15,0.2,60000,0,0.2944,0,0,0.6959,0.0001,0.0096,0,100,true
0.15,0.2,70000,0,0.2944,0,0,0.6959,0.0001,0.0096,0,100,true
0.15,0.2,80000,0,0.2944,0,0,0.6959,0.0001,0.0096,0,100,true
0.15,0.2,90000,0,0.2944,0,0,0.6959,0.0001,0.0096,0,100,true
0.15,0.2,100000,0,0.2944,0,0,0.6959,0.0001,0.0096,0,100,true
0.1,0.1,10000,0.0893,0.1246,0.1149,0.1738,0.1402,0.139,0.0935,0.1247,100,false
0.1,0.1,0,0.1264,0.1223,0.128,0.1267,0.1202,0.124,0.125,0.1274,100,false
0.1,0.1,1,0.1234,0.1233,0.1318,0.1213,0.1259,0.1276,0.1208,0.1259,100,false
0.1,0.1,2,0.1211,0.126,0.1327,0.1199,0.1288,0.126,0.1181,0.1274,100,false
0.1,0.1,3,0.1156,0.1274,0.1354,0.1184,0.1321,0.1202,0.1173,0.1336,100,false
0.1,0.1,4,0.1114,0.1279,0.1397,0.1175,0.1336,0.1193,0.1201,0.1305,100,false
0.1,0.1,5,0.1112,0.132,0.1432,0.1143,0.1338,0.1204,0.118,0.1271,100,false
0.1,0.1,6,0.1057,0.1382,0.143,0.116,0.1318,0.1217,0.1138,0.1298,100,false
0.1,0.1,7,0.1033,0.1429,0.1464,0.1124,0.1343,0.119,0.1099,0.1318,100,false
0.1,0.1,8,0.1065,0.1436,0.1466,0.1107,0.1367,0.1166,0.1099,0.1294,100,false
0.1,0.1,9,0.1108,0.1468,0.1437,0.1104,0.1385,0.1148,0.1092,0.1258,100,false
0.1,0.1,10,0.1085,0.1491,0.1431,0.1107,0.1376,0.1153,0.108,0.1277,100,false
0.1,0.1,50,0.0864,0.1374,0.1177,0.1314,0.1484,0.1112,0.1357,0.1318,100,false
0.1,0.1,100,0.11,0.0649,0.0788,0.1782,0.1551,0.1558,0.1529,0.1043,100,false
0.15,0.25,0,0.1236,0.1221,0.1271,0.1188,0.1317,0.1261,0.1249,0.1257,100,false
0.15,0.25,1,0.119,0.1247,0.1334,0.114,0.1417,0.1271,0.1197,0.1204,100,false
0.15,0.25,2,0.1118,0.1297,0.1355,0.1177,0.1492,0.1219,0.1147,0.1195,100,false
0.15,0.25,3,0.1038,0.1385,0.1364,0.1207,0.1589,0.1126,0.1082,0.1209,100,false
0.15,0.25,4,0.1012,0.1406,0.1404,0.1234,0.1629,0.1076,0.1006,0.1233,100,false
0.15,0.25,5,0.0979,0.1455,0.1453,0.1274,0.1625,0.1016,0.0978,0.122,100,false
0.15,0.25,6,0.0942,0.1531,0.1483,0.1307,0.158,0.0998,0.0905,0.1254,100,false
0.15,0.25,7,0.0947,0.1537,0.1563,0.131,0.1541,0.0938,0.0864,0.13,100,false
0.15,0.25,8,0.0971,0.1623,0.1561,0.1277,0.1506,0.0912,0.0826,0.1324,100,false
0.15,0.25,9,0.0957,0.1695,0.1592,0.1271,0.144,0.0874,0.0811,0.136,100,false
0.15,0.25,10,0.0939,0.1773,0.1609,0.1213,0.1419,0.084,0.0794,0.1413,100,false
0.15,0.25,50,0.0757,0.2316,0.0852,0.1357,0.144,0.0692,0.0863,0.1723,100,false
0.15,0.25,100,0.1476,0.2146,0.0958,0.2033,0.0868,0.0914,0.0952,0.0653,100,false
0.1,0.1,1000,0.0521,0.1911,0.1836,0.153,0.1191,0.1206,0.0554,0.1251,100,false
0.1,0.15,0,0.1217,0.1237,0.131,0.1256,0.1227,0.1237,0.1263,0.1253,100,false
0.1,0.15,1,0.1188,0.1269,0.1353,0.1236,0.1221,0.1306,0.1215,0.1212,100,false
0.1,0.15,2,0.1135,0.1315,0.1358,0.1283,0.121,0.1294,0.1173,0.1232,100,false
0.1,0.15,3,0.1102,0.1397,0.136,0.1254,0.1248,0.128,0.1123,0.1236,100,false
0.1,0.15,4,0.109,0.1422,0.1389,0.1215,0.1271,0.1252,0.1119,0.1242,100,false
0.1,0.15,5,0.1067,0.1463,0.139,0.1207,0.13,0.124,0.1072,0.1261,100,false
0.1,0.15,6,0.1067,0.1506,0.1382,0.1214,0.1307,0.1229,0.1013,0.1282,100,false
0.1,0.15,7,0.1066,0.1556,0.1416,0.1197,0.1317,0.1213,0.0965,0.127,100,false
0.1,0.15,8,0.1071,0.1603,0.1412,0.1192,0.1301,0.1216,0.093,0.1275,100,false
0.1,0.15,9,0.1089,0.165,0.1428,0.1153,0.1312,0.1186,0.0914,0.1268,100,false
0.1,0.15,10,0.1108,0.1666,0.1417,0.1148,0.1297,0.1192,0.0894,0.1278,100,false
0.1,0.15,50,0.0552,0.1578,0.1275,0.1796,0.1404,0.0903,0.0821,0.1671,100,false
0.1,0.15,100,0.086,0.1584,0.0933,0.2436,0.1253,0.1142,0.0993,0.0799,100,false
0.1,0.2,10000,0.0919,0.0958,0.0798,0.1701,0.0887,0.0992,0.0989,0.2756,100,false
0.15,0.25,1000,0.0832,0.1465,0.1527,0.2127,0.1257,0.1001,0.0879,0.0912,100,false
0.1,0.15,1000,0.0163,0.0797,0.0809,0.2268,0.1765,0.2979,0.0737,0.0482,100,false
0.1,0.25,0,0.1302,0.1235,0.125,0.1244,0.1215,0.1219,0.1299,0.1236,100,false
0.1,0.25,1,0.1228,0.1233,0.136,0.1185,0.1293,0.1248,0.1228,0.1225,100,false
0.1,0.25,2,0.1138,0.1278,0.1415,0.1174,0.1367,0.1222,0.1161,0.1245,100,false
0.1,0.25,3,0.1077,0.1331,0.1462,0.1204,0.1413,0.1194,0.1079,0.124,100,false
0.1,0.25,4,0.1058,0.1344,0.1514,0.1213,0.1468,0.1182,0.099,0.1231,100,false
0.1,0.25,5,0.1043,0.1407,0.16,0.123,0.1411,0.1136,0.0946,0.1227,100,false
0.1,0.25,6,0.0987,0.1457,0.1673,0.1226,0.1409,0.1099,0.0907,0.1242,100,false
0.1,0.25,7,0.0962,0.154,0.1713,0.1226,0.1374,0.107,0.0882,0.1233,100,false
0.1,0.25,8,0.095,0.1645,0.1703,0.1197,0.1355,0.1065,0.0853,0.1232,100,false
0.1,0.25,9,0.0961,0.1735,0.1705,0.1203,0.1309,0.105,0.0814,0.1223,100,false
0.1,0.25,10,0.0971,0.1827,0.1693,0.1194,0.1266,0.1016,0.0771,0.1262,100,false
0.1,0.25,50,0.0497,0.2167,0.1438,0.1148,0.1452,0.0921,0.1038,0.1339,100,false
0.1,0.25,100,0.0548,0.2081,0.0952,0.2282,0.1211,0.0713,0.1481,0.0732,100,false
0.1,0.25,1000,0.0373,0.0504,0.0522,0.0804,0.1628,0.2236,0.203,0.1903,100,false
0.1,0.1,5000,0.1055,0.2253,0.2328,0.1442,0.1218,0.0351,0.0719,0.0634,100,false
0.15,0.25,5000,0.1697,0.1183,0.1083,0.1704,0.0801,0.0841,0.1305,0.1386,100,false
0.1,0.15,5000,0.1314,0.1787,0.0665,0.1132,0.0792,0.1215,0.1008,0.2087,100,false
0.1,0.25,5000,0.0932,0.1749,0.1597,0.1562,0.1041,0.0853,0.0868,0.1398,100,false
0.1,0.1,10000,0.1034,0.185,0.1379,0.1317,0.0796,0.0453,0.0968,0.2203,100,false
0.15,0.25,10000,0.1108,0.0932,0.1834,0.0769,0.2366,0.135,0.079,0.0851,100,false
0.1,0.15,10000,0.0942,0.1657,0.1863,0.1624,0.1378,0.0816,0.0603,0.1117,100,false
0.1,0.15,0,0.125,0.1289,0.1297,0.1167,0.126,0.1261,0.1211,0.1265,100,false
0.1,0.15,1,0.1177,0.1349,0.1321,0.114,0.1308,0.1283,0.1167,0.1255,100,false
0.1,0.15,2,0.1141,0.1354,0.1383,0.1106,0.1376,0.1252,0.1118,0.127,100,false
0.1,0.15,3,0.1123,0.1409,0.1357,0.1123,0.1425,0.1258,0.1052,0.1253,100,false
0.1,0.15,4,0.1119,0.1422,0.136,0.1165,0.1428,0.1246,0.1029,0.1231,100,false
0.1,0.15,5,0.1107,0.1438,0.1365,0.1167,0.1429,0.1232,0.101,0.1252,100,false
0.1,0.15,6,0.1098,0.1456,0.1379,0.1181,0.1449,0.1192,0.0994,0.1251,100,false
0.1,0.15,7,0.111,0.1493,0.1359,0.1185,0.1483,0.1147,0.097,0.1253,100,false
0.1,0.15,8,0.1098,0.1509,0.1371,0.1208,0.1473,0.1117,0.0942,0.1282,100,false
0.1,0.15,9,0.1111,0.1551,0.1349,0.1209,0.1477,0.1081,0.0927,0.1295,100,false
0.1,0.15,10,0.1126,0.1548,0.1335,0.1212,0.1486,0.1055,0.089,0.1348,100,false
0.1,0.15,50,0.0688,0.217,0.0809,0.1307,0.1292,0.0985,0.1223,0.1526,100,false
0.1,0.15,100,0.0915,0.1479,0.0904,0.2315,0.0857,0.134,0.1113,0.1077,100,false
0.15,0.3,0,0.1243,0.1218,0.1257,0.1277,0.1241,0.1268,0.1246,0.125,100,false
0.15,0.3,1,0.1145,0.1242,0.1363,0.128,0.1311,0.126,0.1149,0.125,100,false
0.15,0.3,2,0.1074,0.1286,0.1441,0.1244,0.1425,0.1237,0.1051,0.1242,100,false
0.15,0.3,3,0.1016,0.136,0.152,0.1217,0.1463,0.1166,0.1001,0.1257,100,false
0.15,0.3,4,0.0935,0.1444,0.1539,0.1233,0.1471,0.1109,0.0963,0.1306,100,false
0.15,0.3,5,0.0927,0.1505,0.1588,0.1232,0.1475,0.1047,0.0908,0.1318,100,false
0.15,0.3,6,0.0913,0.1596,0.1606,0.1243,0.1433,0.1015,0.0857,0.1337,100,false
0.15,0.3,7,0.0906,0.168,0.16,0.1231,0.1406,0.1001,0.0813,0.1363,100,false
0.15,0.3,8,0.0912,0.1778,0.1609,0.1197,0.1376,0.098,0.0752,0.1396,100,false
0.15,0.3,9,0.0909,0.1841,0.1613,0.1175,0.1332,0.0968,0.0726,0.1436,100,false
0.15,0.3,10,0.0903,0.1917,0.1609,0.1111,0.1317,0.0971,0.0676,0.1496,100,false
0.15,0.3,50,0.0191,0.2318,0.0882,0.1642,0.1448,0.0825,0.0885,0.1809,100,false
0.15,0.3,100,0.0334,0.2126,0.1166,0.1765,0.107,0.1517,0.1391,0.0631,100,false
0.1,0.25,10000,0.1026,0.1425,0.1121,0.0902,0.114,0.1296,0.0799,0.2291,100,false
0.1,0.15,1000,0.1329,0.2482,0.077,0.098,0.0908,0.0449,0.1033,0.2049,100,false
0.15,0.3,1000,0.037,0.1189,0.055,0.016,0.35,0.1051,0.219,0.099,100,false
0.1,0.2,0,0.1215,0.1254,0.1239,0.128,0.1232,0.1272,0.1279,0.1229,100,false
0.1,0.2,1,0.1162,0.1291,0.1285,0.1321,0.1253,0.133,0.1155,0.1203,100,false
0.1,0.2,2,0.1134,0.1309,0.1343,0.1296,0.1283,0.1307,0.1097,0.1231,100,false
0.1,0.2,3,0.11,0.1367,0.1386,0.1296,0.1313,0.1303,0.1006,0.1229,100,false
0.1,0.2,4,0.11,0.1395,0.144,0.131,0.1308,0.1269,0.093,0.1248,100,false
0.1,0.2,5,0.1107,0.1411,0.1483,0.132,0.1298,0.1246,0.0879,0.1256,100,false
0.1,0.2,6,0.1065,0.1433,0.1553,0.1296,0.1312,0.1198,0.0842,0.1301,100,false
0.1,0.2,7,0.1046,0.1499,0.1567,0.1267,0.1307,0.1167,0.0803,0.1344,100,false
0.1,0.2,8,0.1026,0.1584,0.156,0.1259,0.1273,0.1144,0.0805,0.1349,100,false
0.1,0.2,9,0.1002,0.1663,0.1529,0.12,0.1278,0.1114,0.0804,0.141,100,false
0.1,0.2,10,0.101,0.1766,0.1498,0.1143,0.1284,0.1092,0.079,0.1417,100,false
0.1,0.2,50,0.0631,0.2158,0.0854,0.1107,0.161,0.0822,0.1178,0.164,100,false
0.1,0.2,100,0.1137,0.1734,0.0502,0.2193,0.127,0.0884,0.1401,0.0879,100,false
0.1,0.2,1000,0,0.0007,0.0703,0.0034,0.2489,0.0423,0,0.6344,100,false
0.1,0.3,0,0.1214,0.1288,0.1276,0.1234,0.1206,0.1292,0.126,0.123,100,false
0.1,0.3,1,0.118,0.1292,0.1341,0.1239,0.1279,0.1305,0.117,0.1194,100,false
0.1,0.3,2,0.1144,0.1332,0.1376,0.1291,0.1334,0.1262,0.1032,0.1229,100,false
0.1,0.3,3,0.1086,0.137,0.1416,0.1308,0.1359,0.1246,0.0983,0.1232,100,false
0.1,0.3,4,0.1033,0.145,0.143,0.1306,0.1407,0.1214,0.0923,0.1237,100,false
0.1,0.3,5,0.0968,0.1493,0.1498,0.1288,0.1459,0.1173,0.0867,0.1254,100,false
0.1,0.3,6,0.0919,0.1555,0.1535,0.1273,0.1481,0.1129,0.0816,0.1292,100,false
0.1,0.3,7,0.0939,0.161,0.1551,0.1249,0.1505,0.11,0.077,0.1276,100,false
0.1,0.3,8,0.0918,0.1671,0.1534,0.1288,0.1487,0.1059,0.0732,0.1311,100,false
0.1,0.3,9,0.0894,0.1789,0.1456,0.1296,0.1523,0.1,0.0684,0.1358,100,false
0.1,0.3,10,0.0902,0.186,0.1405,0.1323,0.153,0.0926,0.0666,0.1388,100,false
0.1,0.3,50,0.0331,0.2134,0.0825,0.1456,0.1441,0.093,0.1042,0.1841,100,false
0.1,0.2,5000,0,0.0005,0.1693,0.0004,0.2371,0.0065,0,0.5862,100,true
0.1,0.2,10000,0,0.0005,0.1693,0.0004,0.2371,0.0065,0,0.5862,100,true
0.1,0.2,20000,0,0.0005,0.1693,0.0004,0.2371,0.0065,0,0.5862,100,true
0.1,0.2,30000,0,0.0005,0.1693,0.0004,0.2371,0.0065,0,0.5862,100,true
0.1,0.2,40000,0,0.0005,0.1693,0.0004,0.2371,0.0065,0,0.5862,100,true
0.1,0.2,50000,0,0.0005,0.1693,0.0004,0.2371,0.0065,0,0.5862,100,true
0.1,0.2,60000,0,0.0005,0.1693,0.0004,0.2371,0.0065,0,0.5862,100,true
0.1,0.2,70000,0,0.0005,0.1693,0.0004,0.2371,0.0065,0,0.5862,100,true
0.1,0.2,80000,0,0.0005,0.1693,0.0004,0.2371,0.0065,0,0.5862,100,true
0.1,0.2,90000,0,0.0005,0.1693,0.0004,0.2371,0.0065,0,0.5862,100,true
0.1,0.2,100000,0,0.0005,0.1693,0.0004,0.2371,0.0065,0,0.5862,100,true
0.1,0.3,100,0.0547,0.1467,0.0505,0.2192,0.1435,0.1102,0.1718,0.1034,100,false
0.1,0.3,1000,0.1319,0.1735,0.1461,0.1405,0.139,0.1045,0.0615,0.103,100,false
0.1,0.25,0,0.12,0.1215,0.1331,0.1253,0.1282,0.1189,0.1234,0.1296,100,false
0.1,0.25,1,0.1097,0.1309,0.1416,0.1243,0.1277,0.1197,0.1172,0.1289,100,false
0.1,0.25,2,0.1061,0.1374,0.1451,0.1234,0.1317,0.119,0.1079,0.1294,100,false
0.1,0.25,3,0.1021,0.145,0.149,0.1232,0.1362,0.1161,0.1009,0.1275,100,false
0.1,0.25,4,0.1013,0.1489,0.1511,0.1227,0.1382,0.1138,0.0935,0.1305,100,false
0.1,0.25,5,0.1008,0.1546,0.1522,0.1211,0.1406,0.1094,0.0909,0.1304,100,false
0.1,0.25,6,0.0998,0.1643,0.1468,0.1195,0.1461,0.1077,0.0846,0.1312,100,false
0.1,0.25,7,0.0978,0.1712,0.1423,0.1197,0.15,0.1031,0.0805,0.1354,100,false
0.1,0.25,8,0.0969,0.1742,0.1423,0.1228,0.1458,0.1009,0.078,0.1391,100,false
0.1,0.25,9,0.0999,0.177,0.1432,0.1228,0.143,0.0967,0.075,0.1424,100,false
0.1,0.25,10,0.1021,0.1805,0.1435,0.1196,0.1417,0.0952,0.071,0.1464,100,false
0.1,0.25,50,0.0371,0.2553,0.0715,0.1514,0.1107,0.1012,0.1226,0.1502,100,false
0.1,0.25,100,0.1003,0.2536,0.0575,0.198,0.0671,0.0762,0.1542,0.0931,100,false
0.1,0.15,5000,0.0417,0.1517,0.1694,0.1382,0.1103,0.1248,0.1129,0.151,100,false
0.1,0.25,1000,0.1369,0.2728,0.1415,0.0838,0.0555,0.0557,0.0605,0.1933,100,false
0.15,0.3,5000,0.0281,0.1937,0.1239,0.1717,0.1373,0.1644,0.1504,0.0305,100,false
0.1,0.3,5000,0.1412,0.1874,0.1032,0.1256,0.097,0.1349,0.1015,0.1092,100,false
0.15,0.3,10000,0,0.0029,0,0,0.9794,0,0,0.0177,100,true
0.15,0.3,20000,0,0.0029,0,0,0.9794,0,0,0.0177,100,true
0.15,0.3,30000,0,0.0029,0,0,0.9794,0,0,0.0177,100,true
0.15,0.3,40000,0,0.0029,0,0,0.9794,0,0,0.0177,100,true
0.15,0.3,50000,0,0.0029,0,0,0.9794,0,0,0.0177,100,true
0.15,0.3,60000,0,0.0029,0,0,0.9794,0,0,0.0177,100,true
0.15,0.3,70000,0,0.0029,0,0,0.9794,0,0,0.0177,100,true
0.15,0.3,80000,0,0.0029,0,0,0.9794,0,0,0.0177,100,true
0.15,0.3,90000,0,0.0029,0,0,0.9794,0,0,0.0177,100,true
0.15,0.3,100000,0,0.0029,0,0,0.9794,0,0,0.0177,100,true
0.1,0.25,5000,0,0.4834,0,0,0.2913,0.0003,0.1006,0.1244,100,false
0.1,0.25,10000,0,0.3664,0,0,0.6265,0.0003,0.0053,0.0015,100,true
0.1,0.25,20000,0,0.3664,0,0,0.6265,0.0003,0.0053,0.0015,100,true
0.1,0.25,30000,0,0.3664,0,0,0.6265,0.0003,0.0053,0.0015,100,true
0.1,0.25,40000,0,0.3664,0,0,0.6265,0.0003,0.0053,0.0015,100,true
0.1,0.25,50000,0,0.3664,0,0,0.6265,0.0003,0.0053,0.0015,100,true
0.1,0.25,60000,0,0.3664,0,0,0.6265,0.0003,0.0053,0.0015,100,true
0.1,0.25,70000,0,0.3664,0,0,0.6265,0.0003,0.0053,0.0015,100,true
0.1,0.25,80000,0,0.3664,0,0,0.6265,0.0003,0.0053,0.0015,100,true
0.1,0.25,90000,0,0.3664,0,0,0.6265,0.0003,0.0053,0.0015,100,true
0.1,0.25,100000,0,0.3664,0,0,0.6265,0.0003,0.0053,0.0015,100,true
0.1,0.15,10000,0.0937,0.2149,0.1282,0.0793,0.0981,0.1963,0.0672,0.1223,100,false
0.15,0.35,0,0.1247,0.1275,0.1245,0.1257,0.1222,0.1205,0.129,0.1259,100,false
0.15,0.35,1,0.1144,0.1275,0.136,0.1253,0.1321,0.1196,0.1222,0.1229,100,false
0.15,0.35,2,0.1071,0.132,0.145,0.1217,0.143,0.1164,0.1126,0.1222,100,false
0.15,0.35,3,0.1034,0.1361,0.1516,0.1223,0.1483,0.1142,0.106,0.1181,100,false
0.15,0.35,4,0.0985,0.1438,0.1552,0.1214,0.1553,0.1099,0.0982,0.1177,100,false
0.15,0.35,5,0.0954,0.1543,0.1546,0.1229,0.156,0.1063,0.0919,0.1186,100,false
0.15,0.35,6,0.0946,0.1607,0.1634,0.122,0.1547,0.1,0.0873,0.1173,100,false
0.15,0.35,7,0.0941,0.1683,0.1645,0.1218,0.1542,0.0929,0.0813,0.1229,100,false
0.15,0.35,8,0.0959,0.1708,0.1659,0.1271,0.1489,0.0886,0.0781,0.1247,100,false
0.15,0.35,9,0.0947,0.1789,0.1667,0.1231,0.1453,0.0863,0.0752,0.1298,100,false
0.15,0.35,10,0.0943,0.1858,0.1641,0.1225,0.1432,0.0836,0.0729,0.1336,100,false
0.15,0.35,50,0.036,0.222,0.0853,0.1542,0.1799,0.0854,0.1086,0.1286,100,false
0.15,0.35,100,0.0486,0.21,0.0434,0.2345,0.1229,0.1402,0.137,0.0634,100,false
0.1,0.3,0,0.1255,0.1278,0.1307,0.1199,0.1241,0.1241,0.1229,0.125,100,false
0.1,0.3,1,0.1179,0.1305,0.1339,0.1228,0.1313,0.1183,0.1182,0.1271,100,false
0.1,0.3,2,0.1124,0.1349,0.1389,0.1225,0.1407,0.116,0.1099,0.1247,100,false
0.1,0.3,3,0.103,0.1404,0.1428,0.1249,0.1455,0.112,0.1035,0.1279,100,false
0.1,0.3,4,0.0931,0.1509,0.1449,0.1253,0.1503,0.1072,0.0962,0.1321,100,false
0.1,0.3,5,0.0938,0.1569,0.1434,0.1274,0.1539,0.1004,0.091,0.1332,100,false
0.1,0.3,6,0.0914,0.1621,0.1437,0.1298,0.1514,0.0969,0.0883,0.1364,100,false
0.1,0.3,7,0.0899,0.1663,0.1489,0.1287,0.1504,0.0908,0.0848,0.1402,100,false
0.1,0.3,8,0.0908,0.1718,0.1533,0.1247,0.1479,0.0888,0.081,0.1417,100,false
0.1,0.3,9,0.0863,0.1839,0.1518,0.1236,0.1465,0.0874,0.0773,0.1432,100,false
0.1,0.3,10,0.0854,0.1973,0.1437,0.1223,0.147,0.0827,0.0749,0.1467,100,false
0.1,0.3,50,0.0359,0.2467,0.0733,0.1277,0.1234,0.0998,0.1082,0.185,100,false
0.1,0.3,100,0.1069,0.1998,0.0434,0.2114,0.1163,0.1052,0.1195,0.0975,100,false
0.1,0.2,0,0.125,0.1193,0.1159,0.1302,0.1283,0.128,0.1313,0.122,100,false
0.1,0.2,1,0.1166,0.119,0.1224,0.1341,0.1344,0.1286,0.1245,0.1204,100,false
0.1,0.2,2,0.1106,0.1213,0.1281,0.1381,0.1421,0.1237,0.118,0.1181,100,false
0.1,0.2,3,0.1071,0.1239,0.1358,0.1393,0.1432,0.1199,0.111,0.1198,100,false
0.1,0.2,4,0.1026,0.1276,0.1473,0.1381,0.1437,0.1173,0.1047,0.1187,100,false
0.1,0.2,5,0.1026,0.133,0.1526,0.1375,0.1434,0.1132,0.1004,0.1173,100,false
0.1,0.2,6,0.1005,0.1376,0.1587,0.1391,0.1408,0.1089,0.0957,0.1187,100,false
0.1,0.2,7,0.1012,0.1443,0.1633,0.1351,0.1368,0.1069,0.0919,0.1205,100,false
0.1,0.2,8,0.101,0.1546,0.162,0.1314,0.136,0.1038,0.0874,0.1238,100,false
0.1,0.2,9,0.1007,0.1629,0.1608,0.1309,0.1348,0.0984,0.0821,0.1294,100,false
0.1,0.2,10,0.1004,0.1711,0.1597,0.1293,0.1319,0.0973,0.0789,0.1314,100,false
0.1,0.2,50,0.0786,0.1878,0.1107,0.1547,0.1353,0.1086,0.1069,0.1174,100,false
0.1,0.2,100,0.1052,0.18,0.1074,0.1631,0.1304,0.09,0.1521,0.0718,100,false
0.15,0.35,1000,0.2729,0.116,0.0893,0.2115,0.0665,0.0551,0.0286,0.1601,100,false
0.1,0.3,1000,0.1036,0.2143,0.0848,0.2701,0.0704,0.0753,0.1179,0.0636,100,false
0.1,0.2,1000,0.0466,0.1648,0.0922,0.1171,0.2255,0.1481,0.1109,0.0948,100,false
0.1,0.3,10000,0.1067,0.2039,0.1256,0.0762,0.1484,0.0789,0.1121,0.1482,100,false
0.1,0.35,0,0.1292,0.1288,0.1224,0.1199,0.1249,0.1236,0.1243,0.1269,100,false
0.1,0.35,1,0.12,0.1263,0.1367,0.1175,0.1391,0.1191,0.1151,0.1262,100,false
0.1,0.35,2,0.1128,0.1326,0.1435,0.1192,0.147,0.1141,0.1066,0.1242,100,false
0.1,0.35,3,0.1063,0.1408,0.1472,0.1203,0.1511,0.1085,0.0977,0.1281,100,false
0.1,0.35,4,0.1005,0.1485,0.1492,0.1261,0.1532,0.1014,0.0939,0.1272,100,false
0.1,0.35,5,0.0979,0.1549,0.1526,0.1241,0.1535,0.0976,0.0901,0.1293,100,false
0.1,0.35,6,0.0969,0.1639,0.1555,0.1248,0.1482,0.0961,0.0821,0.1325,100,false
0.1,0.35,7,0.0963,0.1718,0.1575,0.1199,0.1458,0.0928,0.0772,0.1387,100,false
0.1,0.35,8,0.0958,0.1793,0.1567,0.1188,0.1426,0.0879,0.0759,0.143,100,false
0.1,0.35,9,0.0953,0.1805,0.1597,0.1157,0.1416,0.0858,0.0717,0.1497,100,false
0.1,0.35,10,0.0929,0.1855,0.1622,0.1136,0.1367,0.0839,0.0722,0.153,100,false
0.1,0.35,50,0.0487,0.2786,0.0772,0.1557,0.1035,0.0686,0.1274,0.1403,100,false
0.1,0.35,100,0.1079,0.2012,0.0528,0.2185,0.082,0.1298,0.1415,0.0663,100,false
0.15,0.35,5000,0.1288,0.0923,0.1505,0.0874,0.1582,0.0902,0.1249,0.1677,100,false
0.1,0.3,5000,0.107,0.136,0.1855,0.1348,0.0802,0.1154,0.1359,0.1052,100,false
0.1,0.35,1000,0.1499,0.4507,0.1721,0.0916,0.0235,0.0166,0.0086,0.087,100,false
0.1,0.35,5000,0,0,0.2098,0.0031,0.0076,0.0001,0,0.7794,100,true
0.1,0.35,10000,0,0,0.2098,0.0031,0.0076,0.0001,0,0.7794,100,true
0.1,0.35,20000,0,0,0.2098,0.0031,0.0076,0.0001,0,0.7794,100,true
0.1,0.35,30000,0,0,0.2098,0.0031,0.0076,0.0001,0,0.7794,100,true
0.1,0.35,40000,0,0,0.2098,0.0031,0.0076,0.0001,0,0.7794,100,true
0.1,0.35,50000,0,0,0.2098,0.0031,0.0076,0.0001,0,0.7794,100,true
0.1,0.35,60000,0,0,0.2098,0.0031,0.0076,0.0001,0,0.7794,100,true
0.1,0.35,70000,0,0,0.2098,0.0031,0.0076,0.0001,0,0.7794,100,true
0.1,0.35,80000,0,0,0.2098,0.0031,0.0076,0.0001,0,0.7794,100,true
0.1,0.35,90000,0,0,0.2098,0.0031,0.0076,0.0001,0,0.7794,100,true
0.1,0.35,100000,0,0,0.2098,0.0031,0.0076,0.0001,0,0.7794,100,true
0.1,0.2,5000,0.0704,0.0776,0.1148,0.1361,0.1118,0.359,0.0442,0.0861,100,false
0.1,0.4,0,0.1288,0.1284,0.1244,0.1214,0.1232,0.1211,0.1234,0.1293,100,false
0.1,0.4,1,0.118,0.1328,0.1326,0.1181,0.1337,0.1193,0.1133,0.1322,100,false
0.1,0.4,2,0.1103,0.136,0.1407,0.1179,0.1412,0.1166,0.105,0.1323,100,false
0.1,0.4,3,0.0977,0.1422,0.1457,0.1217,0.1474,0.1108,0.0998,0.1347,100,false
0.1,0.4,4,0.0895,0.1508,0.1498,0.1289,0.1463,0.1054,0.0954,0.1339,100,false
0.1,0.4,5,0.0862,0.1605,0.1526,0.1306,0.1434,0.1015,0.0899,0.1353,100,false
0.1,0.4,6,0.0807,0.17,0.1588,0.1313,0.1434,0.0958,0.0832,0.1368,100,false
0.1,0.4,7,0.0786,0.1819,0.1619,0.1296,0.1437,0.0917,0.0752,0.1374,100,false
0.1,0.4,8,0.0758,0.1927,0.1634,0.127,0.1417,0.0872,0.0708,0.1414,100,false
0.1,0.4,9,0.0742,0.2067,0.1632,0.1209,0.1381,0.0868,0.0684,0.1417,100,false
0.1,0.4,10,0.0767,0.2162,0.1607,0.1186,0.1334,0.0853,0.0641,0.145,100,false
0.1,0.4,50,0.0403,0.2736,0.0396,0.1427,0.1184,0.1327,0.0993,0.1534,100,false
0.1,0.4,100,0.0866,0.2913,0.0311,0.1577,0.0477,0.1089,0.134,0.1427,100,false
0.1,0.4,1000,0.0872,0.0613,0.2144,0.2605,0.3376,0.0266,0.0097,0.0027,100,false
0.1,0.4,5000,0,0.8549,0,0.0009,0.0439,0.0006,0.0996,0.0001,100,true
0.1,0.4,10000,0,0.8549,0,0.0009,0.0439,0.0006,0.0996,0.0001,100,true
0.1,0.4,20000,0,0.8549,0,0.0009,0.0439,0.0006,0.0996,0.0001,100,true
0.1,0.4,30000,0,0.8549,0,0.0009,0.0439,0.0006,0.0996,0.0001,100,true
0.1,0.4,40000,0,0.8549,0,0.0009,0.0439,0.0006,0.0996,0.0001,100,true
0.1,0.4,50000,0,0.8549,0,0.0009,0.0439,0.0006,0.0996,0.0001,100,true
0.1,0.4,60000,0,0.8549,0,0.0009,0.0439,0.0006,0.0996,0.0001,100,true
0.1,0.4,70000,0,0.8549,0,0.0009,0.0439,0.0006,0.0996,0.0001,100,true
0.1,0.4,80000,0,0.8549,0,0.0009,0.0439,0.0006,0.0996,0.0001,100,true
0.1,0.4,90000,0,0.8549,0,0.0009,0.0439,0.0006,0.0996,0.0001,100,true
0.1,0.4,100000,0,0.8549,0,0.0009,0.0439,0.0006,0.0996,0.0001,100,true
0.15,0.35,10000,0.141,0.1103,0.1173,0.1727,0.0975,0.0938,0.1459,0.1215,100,false
0.1,0.3,10000,0.117,0.1206,0.1358,0.0818,0.1876,0.0713,0.1647,0.1212,100,false
0.1,0.45,0,0.1261,0.1262,0.1269,0.1264,0.1214,0.1249,0.1227,0.1254,100,false
0.1,0.45,1,0.1096,0.1282,0.1391,0.1283,0.1363,0.117,0.1115,0.13,100,false
0.1,0.45,2,0.0992,0.1352,0.1445,0.1327,0.1416,0.1119,0.105,0.1299,100,false
0.1,0.45,3,0.0895,0.1439,0.151,0.1342,0.1436,0.1098,0.0976,0.1304,100,false
0.1,0.45,4,0.0821,0.1538,0.1587,0.1321,0.144,0.1058,0.0899,0.1336,100,false
0.1,0.45,5,0.0767,0.1689,0.1596,0.1345,0.144,0.1023,0.079,0.135,100,false
0.1,0.45,6,0.0794,0.1803,0.1622,0.1337,0.1391,0.0994,0.0726,0.1333,100,false
0.1,0.45,7,0.0821,0.1949,0.1596,0.1311,0.1358,0.0957,0.0669,0.1339,100,false
0.1,0.45,8,0.0826,0.2074,0.159,0.1263,0.1337,0.0933,0.061,0.1367,100,false
0.1,0.45,9,0.0874,0.2203,0.1542,0.1218,0.1309,0.0893,0.0563,0.1398,100,false
0.1,0.45,10,0.0873,0.2357,0.1424,0.1166,0.1312,0.087,0.0529,0.1469,100,false
0.1,0.45,50,0.0209,0.3086,0.0414,0.1649,0.1245,0.0763,0.0973,0.1661,100,false
0.1,0.45,100,0.0923,0.2504,0.0367,0.1831,0.1057,0.0977,0.1407,0.0934,100,false
0.15,0.4,0,0.1268,0.1284,0.124,0.1243,0.1296,0.1212,0.1267,0.119,100,false
0.15,0.4,1,0.121,0.1307,0.1349,0.1246,0.1388,0.1205,0.1145,0.115,100,false
0.15,0.4,2,0.1181,0.1333,0.1448,0.1292,0.1451,0.114,0.1002,0.1153,100,false
0.15,0.4,3,0.1112,0.1387,0.1561,0.1338,0.1454,0.106,0.0918,0.117,100,false
0.15,0.4,4,0.1079,0.1459,0.1621,0.1358,0.1439,0.1035,0.0831,0.1178,100,false
0.15,0.4,5,0.1039,0.1556,0.1649,0.1335,0.1444,0.0979,0.0779,0.1219,100,false
0.15,0.4,6,0.1002,0.1657,0.1662,0.1266,0.1463,0.0936,0.0746,0.1268,100,false
0.15,0.4,7,0.097,0.1834,0.1562,0.1227,0.1487,0.0917,0.0689,0.1314,100,false
0.15,0.4,8,0.0949,0.1939,0.1541,0.1152,0.1509,0.0888,0.0665,0.1357,100,false
0.15,0.4,9,0.0898,0.2064,0.1462,0.1132,0.1534,0.0841,0.0642,0.1427,100,false
0.15,0.4,10,0.0885,0.2127,0.1384,0.1111,0.1547,0.0817,0.0624,0.1505,100,false
0.15,0.4,50,0.0369,0.2254,0.0722,0.1171,0.1467,0.0794,0.1651,0.1572,100,false
0.15,0.4,100,0.1071,0.2214,0.0327,0.1484,0.139,0.1357,0.1303,0.0854,100,false
0.1,0.2,10000,0.0861,0.1475,0.0906,0.1289,0.0906,0.1041,0.2105,0.1417,100,false
0.1,0.45,1000,0.045,0.1371,0.0594,0.1228,0.1193,0.2337,0.077,0.2057,100,false
0.1,0.35,0,0.1225,0.1275,0.1242,0.1298,0.1253,0.1282,0.1218,0.1207,100,false
0.1,0.35,1,0.1158,0.1286,0.1351,0.1309,0.1298,0.1251,0.1125,0.1222,100,false
0.1,0.35,2,0.1111,0.1339,0.1432,0.1287,0.1355,0.1231,0.1044,0.1201,100,false
0.1,0.35,3,0.1074,0.1377,0.1521,0.1293,0.1417,0.1163,0.0952,0.1203,100,false
0.1,0.35,4,0.1045,0.1458,0.1559,0.1289,0.1455,0.1104,0.0901,0.1189,100,false
0.1,0.35,5,0.1007,0.157,0.155,0.1309,0.1481,0.1039,0.085,0.1194,100,false
0.1,0.35,6,0.0976,0.1667,0.1536,0.1364,0.1438,0.0989,0.0831,0.1199,100,false
0.1,0.35,7,0.0976,0.1715,0.1572,0.1371,0.1406,0.0934,0.0813,0.1213,100,false
0.1,0.35,8,0.1027,0.1769,0.1584,0.14,0.1325,0.092,0.0769,0.1206,100,false
0.1,0.35,9,0.1045,0.1871,0.1573,0.1332,0.1317,0.0914,0.074,0.1208,100,false
0.1,0.35,10,0.1065,0.1947,0.1552,0.1314,0.1295,0.0897,0.0693,0.1237,100,false
0.1,0.35,50,0.0511,0.2616,0.0602,0.1422,0.1355,0.0906,0.0932,0.1656,100,false
0.1,0.35,100,0.1121,0.278,0.0718,0.1243,0.058,0.14,0.1014,0.1144,100,false
0.15,0.4,1000,0.0685,0.1176,0.1279,0.0616,0.0991,0.1767,0.1548,0.1938,100,false
0.1,0.25,0,0.117,0.1297,0.126,0.1247,0.125,0.1269,0.1254,0.1253,100,false
0.1,0.25,1,0.1101,0.1353,0.1346,0.1178,0.1379,0.124,0.1167,0.1236,100,false
0.1,0.25,2,0.1064,0.1398,0.1375,0.1158,0.1487,0.1206,0.1109,0.1203,100,false
0.1,0.25,3,0.1002,0.1475,0.135,0.1194,0.1577,0.1138,0.1045,0.1219,100,false
0.1,0.25,4,0.0972,0.1516,0.1381,0.1257,0.1556,0.108,0.0991,0.1247,100,false
0.1,0.25,5,0.0945,0.1599,0.1404,0.1264,0.1565,0.1023,0.0953,0.1247,100,false
0.1,0.25,6,0.0892,0.1707,0.1382,0.1269,0.1549,0.0983,0.0921,0.1297,100,false
0.1,0.25,7,0.085,0.1799,0.1387,0.127,0.1517,0.0951,0.0897,0.1329,100,false
0.1,0.25,8,0.0831,0.1888,0.1378,0.1259,0.1509,0.0912,0.0874,0.1349,100,false
0.1,0.25,9,0.0826,0.197,0.1369,0.1268,0.1448,0.0886,0.0863,0.137,100,false
0.1,0.25,10,0.0828,0.2055,0.1348,0.1243,0.1416,0.0894,0.085,0.1366,100,false
0.1,0.35,1000,0,0.2563,0.0372,0.144,0.0245,0.0759,0,0.4621,100,false
0.1,0.25,50,0.0687,0.2475,0.047,0.1519,0.1155,0.0776,0.1351,0.1567,100,false
0.1,0.25,100,0.126,0.2125,0.0896,0.1275,0.0381,0.1217,0.1609,0.1237,100,false
0.1,0.25,1000,0.2132,0.1671,0.0275,0.0699,0.0578,0.0992,0.0902,0.2751,100,false
0.1,0.25,5000,0,0.0511,0,0,0.9,0,0.0023,0.0466,100,true
0.1,0.25,10000,0,0.0511,0,0,0.9,0,0.0023,0.0466,100,true
0.1,0.25,20000,0,0.0511,0,0,0.9,0,0.0023,0.0466,100,true
0.1,0.25,30000,0,0.0511,0,0,0.9,0,0.0023,0.0466,100,true
0.1,0.25,40000,0,0.0511,0,0,0.9,0,0.0023,0.0466,100,true
0.1,0.25,50000,0,0.0511,0,0,0.9,0,0.0023,0.0466,100,true
0.1,0.25,60000,0,0.0511,0,0,0.9,0,0.0023,0.0466,100,true
0.1,0.25,70000,0,0.0511,0,0,0.9,0,0.0023,0.0466,100,true
0.1,0.25,80000,0,0.0511,0,0,0.9,0,0.0023,0.0466,100,true
0.1,0.25,90000,0,0.0511,0,0,0.9,0,0.0023,0.0466,100,true
0.1,0.25,100000,0,0.0511,0,0,0.9,0,0.0023,0.0466,100,true
0.1,0.45,5000,0.181,0.1089,0.1566,0.0544,0.1474,0.0758,0.1164,0.1595,100,false
0.15,0.4,5000,0.1236,0.3908,0.0894,0.058,0.027,0.0096,0.0837,0.2179,100,false
0.1,0.35,5000,0,0.2332,0,0.2411,0,0.2422,0,0.2835,100,false
0.1,0.3,0,0.1265,0.1236,0.126,0.1308,0.1291,0.1219,0.1203,0.1218,100,false
0.1,0.3,1,0.1217,0.1239,0.1346,0.1356,0.1277,0.1203,0.1129,0.1233,100,false
0.1,0.3,2,0.1166,0.1261,0.1468,0.136,0.1309,0.1164,0.1048,0.1224,100,false
0.1,0.3,3,0.111,0.1338,0.1566,0.1329,0.1323,0.1127,0.096,0.1247,100,false
0.1,0.3,4,0.1043,0.1407,0.1603,0.132,0.132,0.1105,0.0925,0.1277,100,false
0.1,0.3,5,0.1006,0.1452,0.1654,0.1294,0.1297,0.1083,0.0897,0.1317,100,false
0.1,0.3,6,0.0973,0.1543,0.1695,0.1232,0.1332,0.1022,0.0828,0.1375,100,false
0.1,0.3,7,0.0959,0.1614,0.1716,0.122,0.1317,0.0989,0.0774,0.1411,100,false
0.1,0.3,8,0.0925,0.1727,0.1716,0.1163,0.1301,0.098,0.0722,0.1466,100,false
0.1,0.3,9,0.0929,0.179,0.1691,0.1126,0.1279,0.096,0.0691,0.1534,100,false
0.1,0.3,10,0.0895,0.1901,0.1623,0.1098,0.1258,0.0971,0.0681,0.1573,100,false
0.1,0.3,50,0.0357,0.2297,0.0726,0.1402,0.1492,0.0999,0.0837,0.189,100,false
0.1,0.3,100,0.0287,0.3272,0.0265,0.2365,0.1018,0.045,0.1292,0.1051,100,false
0.1,0.3,1000,0,0.0028,0.0184,0.0001,0.1235,0,0,0.8552,100,true
0.1,0.3,5000,0,0.0028,0.0184,0.0001,0.1235,0,0,0.8552,100,true
0.1,0.3,10000,0,0.0028,0.0184,0.0001,0.1235,0,0,0.8552,100,true
0.1,0.3,20000,0,0.0028,0.0184,0.0001,0.1235,0,0,0.8552,100,true
0.1,0.3,30000,0,0.0028,0.0184,0.0001,0.1235,0,0,0.8552,100,true
0.1,0.3,40000,0,0.0028,0.0184,0.0001,0.1235,0,0,0.8552,100,true
0.1,0.3,50000,0,0.0028,0.0184,0.0001,0.1235,0,0,0.8552,100,true
0.1,0.3,60000,0,0.0028,0.0184,0.0001,0.1235,0,0,0.8552,100,true
0.1,0.3,70000,0,0.0028,0.0184,0.0001,0.1235,0,0,0.8552,100,true
0.1,0.3,80000,0,0.0028,0.0184,0.0001,0.1235,0,0,0.8552,100,true
0.1,0.3,90000,0,0.0028,0.0184,0.0001,0.1235,0,0,0.8552,100,true
0.1,0.3,100000,0,0.0028,0.0184,0.0001,0.1235,0,0,0.8552,100,true
0.1,0.35,0,0.1248,0.1291,0.1194,0.1254,0.1286,0.1246,0.1192,0.1289,100,false
0.1,0.35,1,0.114,0.1295,0.1261,0.1304,0.1357,0.1191,0.1155,0.1297,100,false
0.1,0.35,2,0.1101,0.1318,0.1342,0.1292,0.1426,0.1176,0.1089,0.1256,100,false
0.1,0.35,3,0.1043,0.1362,0.1424,0.1303,0.1488,0.114,0.0996,0.1244,100,false
0.1,0.35,4,0.099,0.14,0.1494,0.1303,0.1516,0.1107,0.0906,0.1284,100,false
0.1,0.35,5,0.0981,0.1473,0.1457,0.1359,0.1526,0.1037,0.0878,0.1289,100,false
0.1,0.35,6,0.0956,0.154,0.1461,0.1413,0.1476,0.1002,0.0811,0.1341,100,false
0.1,0.35,7,0.0934,0.1593,0.1511,0.1379,0.1447,0.0969,0.0768,0.1399,100,false
0.1,0.35,8,0.0924,0.1613,0.1541,0.1415,0.1396,0.0922,0.0721,0.1468,100,false
0.1,0.35,9,0.0907,0.1724,0.1522,0.1405,0.1356,0.0895,0.0675,0.1516,100,false
0.1,0.35,10,0.0898,0.1855,0.1478,0.1388,0.1274,0.0897,0.0697,0.1513,100,false
0.1,0.35,50,0.0324,0.2441,0.0597,0.146,0.1263,0.1065,0.0999,0.1851,100,false
0.1,0.35,100,0.0718,0.2103,0.0592,0.1889,0.0545,0.1215,0.143,0.1508,100,false
0.1,0.35,1000,0.0106,0.0337,0.0804,0.0463,0.0502,0.0912,0.0878,0.5998,100,false
0.1,0.45,10000,0.1133,0.2442,0.1457,0.0959,0.0942,0.0182,0.14,0.1485,100,false
0.15,0.4,10000,0.0923,0.2205,0.1171,0.0405,0.1219,0.1413,0.1295,0.1369,100,false
0.1,0.35,5000,0,0.0003,0,0,0.626,0.0001,0,0.3736,100,true
0.1,0.35,10000,0,0.0003,0,0,0.626,0.0001,0,0.3736,100,true
0.1,0.35,20000,0,0.0003,0,0,0.626,0.0001,0,0.3736,100,true
0.1,0.35,30000,0,0.0003,0,0,0.626,0.0001,0,0.3736,100,true
0.1,0.35,40000,0,0.0003,0,0,0.626,0.0001,0,0.3736,100,true
0.1,0.35,50000,0,0.0003,0,0,0.626,0.0001,0,0.3736,100,true
0.1,0.35,60000,0,0.0003,0,0,0.626,0.0001,0,0.3736,100,true
0.1,0.35,70000,0,0.0003,0,0,0.626,0.0001,0,0.3736,100,true
0.1,0.35,80000,0,0.0003,0,0,0.626,0.0001,0,0.3736,100,true
0.1,0.35,90000,0,0.0003,0,0,0.626,0.0001,0,0.3736,100,true
0.1,0.35,100000,0,0.0003,0,0,0.626,0.0001,0,0.3736,100,true
0.1,0.35,10000,0,0.2515,0,0.2346,0,0.2818,0,0.2321,100,false
0.1,0.5,0,0.1276,0.1179,0.1257,0.1284,0.1249,0.1252,0.1244,0.1259,100,false
0.1,0.5,1,0.1139,0.1173,0.1459,0.1263,0.1345,0.1224,0.1131,0.1266,100,false
0.1,0.5,2,0.0977,0.1234,0.1596,0.1237,0.1502,0.116,0.0999,0.1295,100,false
0.1,0.5,3,0.0901,0.1322,0.1699,0.1244,0.1578,0.109,0.088,0.1286,100,false
0.1,0.5,4,0.0861,0.1392,0.1788,0.1265,0.1566,0.1039,0.0784,0.1305,100,false
0.1,0.5,5,0.0837,0.1521,0.183,0.1242,0.1589,0.0992,0.0696,0.1293,100,false
0.1,0.5,6,0.0793,0.1687,0.1842,0.1223,0.1536,0.0968,0.0633,0.1318,100,false
0.1,0.5,7,0.0793,0.1805,0.1849,0.1232,0.1504,0.0925,0.0541,0.1351,100,false
0.1,0.5,8,0.0759,0.1905,0.1871,0.1212,0.1497,0.0855,0.0489,0.1412,100,false
0.1,0.5,9,0.0748,0.2046,0.185,0.1162,0.1489,0.079,0.045,0.1465,100,false
0.1,0.5,10,0.0698,0.221,0.178,0.114,0.1484,0.0743,0.0414,0.1531,100,false
0.15,0.45,0,0.1226,0.126,0.1233,0.1243,0.1262,0.1237,0.1297,0.1242,100,false
0.15,0.45,1,0.1105,0.1274,0.138,0.1236,0.1366,0.1243,0.1233,0.1163,100,false
0.15,0.45,2,0.1075,0.1287,0.1516,0.1229,0.1409,0.1264,0.106,0.116,100,false
0.15,0.45,3,0.0993,0.137,0.162,0.122,0.1455,0.1262,0.0918,0.1162,100,false
0.15,0.45,4,0.0956,0.1481,0.1696,0.1194,0.1463,0.1233,0.0796,0.1181,100,false
0.15,0.45,5,0.0933,0.1583,0.175,0.1174,0.1491,0.117,0.0695,0.1204,100,false
0.15,0.45,6,0.0963,0.1693,0.1721,0.1161,0.1517,0.1106,0.0611,0.1228,100,false
0.15,0.45,7,0.0988,0.1822,0.168,0.1156,0.1519,0.1075,0.0506,0.1254,100,false
0.15,0.45,8,0.0989,0.1944,0.1619,0.1167,0.1502,0.1011,0.0463,0.1305,100,false
0.15,0.45,9,0.1005,0.2022,0.156,0.1174,0.1489,0.0969,0.0419,0.1362,100,false
0.15,0.45,10,0.1006,0.2101,0.148,0.1157,0.1492,0.0908,0.0406,0.145,100,false
0.1,0.5,50,0.0064,0.2599,0.0348,0.1356,0.1508,0.0819,0.1019,0.2287,100,false
0.15,0.45,50,0.0135,0.3073,0.0793,0.1173,0.1246,0.0727,0.117,0.1683,100,false
0.1,0.5,100,0.0265,0.401,0.0187,0.1728,0.0591,0.059,0.154,0.1089,100,false
0.15,0.45,100,0.0485,0.3403,0.0031,0.2829,0.1065,0.0536,0.1051,0.06,100,false
0.1,0.4,0,0.1248,0.1257,0.1257,0.1288,0.1212,0.1267,0.1204,0.1267,100,false
0.1,0.4,1,0.1169,0.1278,0.134,0.1288,0.1292,0.1278,0.1061,0.1294,100,false
0.1,0.4,2,0.11,0.1318,0.1431,0.1273,0.1386,0.1221,0.0983,0.1288,100,false
0.1,0.4,3,0.1014,0.1413,0.1465,0.1296,0.1389,0.1192,0.0922,0.1309,100,false
0.1,0.4,4,0.0981,0.1456,0.154,0.13,0.1424,0.1165,0.0825,0.1309,100,false
0.1,0.4,5,0.0958,0.1506,0.1637,0.1254,0.1426,0.1127,0.0761,0.1331,100,false
0.1,0.4,6,0.0922,0.1594,0.1696,0.1263,0.1399,0.1091,0.0691,0.1344,100,false
0.1,0.4,7,0.0909,0.1678,0.1676,0.1239,0.141,0.1064,0.0641,0.1383,100,false
0.1,0.4,8,0.0859,0.182,0.1645,0.1228,0.1384,0.1032,0.0596,0.1436,100,false
0.1,0.4,9,0.083,0.1935,0.1588,0.1212,0.1365,0.102,0.0533,0.1517,100,false
0.1,0.4,10,0.0805,0.207,0.1516,0.1185,0.1374,0.0964,0.0501,0.1585,100,false
0.15,0.45,1000,0.133,0.0174,0,0.6195,0,0.0001,0.2062,0.0238,100,true
0.15,0.45,5000,0.133,0.0174,0,0.6195,0,0.0001,0.2062,0.0238,100,true
0.15,0.45,10000,0.133,0.0174,0,0.6195,0,0.0001,0.2062,0.0238,100,true
0.15,0.45,20000,0.133,0.0174,0,0.6195,0,0.0001,0.2062,0.0238,100,true
0.15,0.45,30000,0.133,0.0174,0,0.6195,0,0.0001,0.2062,0.0238,100,true
0.15,0.45,40000,0.133,0.0174,0,0.6195,0,0.0001,0.2062,0.0238,100,true
0.15,0.45,50000,0.133,0.0174,0,0.6195,0,0.0001,0.2062,0.0238,100,true
0.15,0.45,60000,0.133,0.0174,0,0.6195,0,0.0001,0.2062,0.0238,100,true
0.15,0.45,70000,0.133,0.0174,0,0.6195,0,0.0001,0.2062,0.0238,100,true
0.15,0.45,80000,0.133,0.0174,0,0.6195,0,0.0001,0.2062,0.0238,100,true
0.15,0.45,90000,0.133,0.0174,0,0.6195,0,0.0001,0.2062,0.0238,100,true
0.15,0.45,100000,0.133,0.0174,0,0.6195,0,0.0001,0.2062,0.0238,100,true
0.1,0.4,50,0.0319,0.26,0.0524,0.1802,0.0995,0.0974,0.0843,0.1943,100,false
0.1,0.4,100,0.0854,0.2665,0.0227,0.2032,0.0838,0.1532,0.1089,0.0763,100,false
0.1,0.5,1000,0.0905,0.1955,0.1946,0.1683,0.0598,0.1141,0.0876,0.0896,100,false
0.1,0.4,0,0.1252,0.1242,0.1291,0.1227,0.121,0.1237,0.1282,0.1259,100,false
0.1,0.4,1,0.1159,0.1282,0.1394,0.1195,0.1331,0.1224,0.1118,0.1297,100,false
0.1,0.4,2,0.1097,0.1327,0.1458,0.1231,0.139,0.1196,0.1025,0.1276,100,false
0.1,0.4,3,0.1005,0.1399,0.1574,0.1231,0.1439,0.1104,0.095,0.1298,100,false
0.1,0.4,4,0.0968,0.1503,0.1643,0.121,0.1419,0.1075,0.0868,0.1314,100,false
0.1,0.4,5,0.0912,0.1606,0.1679,0.1227,0.1357,0.1049,0.0804,0.1366,100,false
0.1,0.4,6,0.0864,0.1729,0.1724,0.1194,0.1338,0.1012,0.0753,0.1386,100,false
0.1,0.4,7,0.0839,0.189,0.1686,0.1128,0.1367,0.0987,0.0671,0.1432,100,false
0.1,0.4,8,0.0852,0.197,0.1633,0.1103,0.1375,0.095,0.0628,0.1489,100,false
0.1,0.4,9,0.0873,0.2079,0.1538,0.1099,0.1356,0.0929,0.0574,0.1552,100,false
0.1,0.4,10,0.0866,0.2134,0.1491,0.1132,0.1303,0.0916,0.0529,0.1629,100,false
0.1,0.4,50,0.0149,0.2947,0.0615,0.1627,0.1074,0.0827,0.0788,0.1973,100,false
0.1,0.4,100,0.0325,0.2856,0.0069,0.1942,0.1009,0.1814,0.1085,0.09,100,false
0.1,0.4,1000,0.2146,0.2168,0.0638,0.1292,0.181,0.0525,0.0532,0.0889,100,false
0.1,0.4,1000,0,0,0.3574,0.0126,0,0.3251,0,0.3049,100,false
0.15,0.5,0,0.1249,0.1272,0.1213,0.1251,0.1234,0.1275,0.1281,0.1225,100,false
0.15,0.5,1,0.1146,0.1266,0.136,0.1263,0.1367,0.1228,0.1156,0.1214,100,false
0.15,0.5,2,0.1063,0.1308,0.1458,0.1298,0.1467,0.1166,0.1035,0.1205,100,false
0.15,0.5,3,0.1002,0.1399,0.15,0.136,0.1469,0.1125,0.0955,0.119,100,false
0.15,0.5,4,0.0931,0.1525,0.1619,0.1352,0.1455,0.109,0.0853,0.1175,100,false
0.15,0.5,5,0.0921,0.1598,0.1736,0.1324,0.1421,0.1063,0.073,0.1207,100,false
0.15,0.5,6,0.0907,0.1768,0.1738,0.1304,0.14,0.1035,0.0601,0.1247,100,false
0.15,0.5,7,0.0895,0.194,0.1718,0.1264,0.14,0.0965,0.0527,0.1291,100,false
0.15,0.5,8,0.0855,0.2105,0.1619,0.1278,0.1383,0.0923,0.0489,0.1348,100,false
0.15,0.5,9,0.0883,0.2237,0.1557,0.1232,0.1338,0.0886,0.0454,0.1413,100,false
0.15,0.5,10,0.0885,0.2337,0.1454,0.1216,0.1291,0.0859,0.0435,0.1523,100,false
0.15,0.5,50,0.0106,0.2731,0.049,0.1881,0.1359,0.0514,0.1043,0.1876,100,false
0.1,0.4,5000,0,0,0.4447,0.0001,0,0.5369,0,0.0183,100,true
0.1,0.4,10000,0,0,0.4447,0.0001,0,0.5369,0,0.0183,100,true
0.1,0.4,20000,0,0,0.4447,0.0001,0,0.5369,0,0.0183,100,true
0.1,0.4,30000,0,0,0.4447,0.0001,0,0.5369,0,0.0183,100,true
0.1,0.4,40000,0,0,0.4447,0.0001,0,0.5369,0,0.0183,100,true
0.1,0.4,50000,0,0,0.4447,0.0001,0,0.5369,0,0.0183,100,true
0.1,0.4,60000,0,0,0.4447,0.0001,0,0.5369,0,0.0183,100,true
0.1,0.4,70000,0,0,0.4447,0.0001,0,0.5369,0,0.0183,100,true
0.1,0.4,80000,0,0,0.4447,0.0001,0,0.5369,0,0.0183,100,true
0.1,0.4,90000,0,0,0.4447,0.0001,0,0.5369,0,0.0183,100,true
0.1,0.4,100000,0,0,0.4447,0.0001,0,0.5369,0,0.0183,100,true
0.15,0.5,100,0.0525,0.3092,0.0563,0.1554,0.0888,0.1655,0.1082,0.0641,100,false
0.15,0.5,1000,0.0536,0.1691,0.0962,0.0638,0.126,0.0667,0.1057,0.3189,100,false
0.1,0.45,0,0.1259,0.128,0.128,0.1219,0.1259,0.1277,0.121,0.1216,100,false
0.1,0.45,1,0.1158,0.1299,0.1395,0.123,0.141,0.1203,0.1051,0.1254,100,false
0.1,0.45,2,0.1059,0.1358,0.1463,0.125,0.1528,0.1119,0.0967,0.1256,100,false
0.1,0.45,3,0.0965,0.1481,0.1506,0.1284,0.1566,0.1067,0.0862,0.1269,100,false
0.1,0.45,4,0.0881,0.1635,0.1499,0.1317,0.1542,0.1057,0.0768,0.1301,100,false
0.1,0.45,5,0.0814,0.1775,0.1528,0.1315,0.1548,0.1003,0.0696,0.1321,100,false
0.1,0.45,6,0.0786,0.1906,0.1496,0.1338,0.1547,0.0955,0.0624,0.1348,100,false
0.1,0.45,7,0.076,0.2025,0.1493,0.1314,0.153,0.0907,0.0564,0.1407,100,false
0.1,0.45,8,0.0774,0.2124,0.1453,0.1292,0.1518,0.0844,0.0515,0.148,100,false
0.1,0.45,9,0.0766,0.2213,0.1394,0.1287,0.1528,0.0766,0.0498,0.1548,100,false
0.1,0.45,10,0.0759,0.2299,0.1359,0.1258,0.1504,0.0729,0.0479,0.1613,100,false
0.1,0.45,50,0.023,0.2363,0.0431,0.1665,0.1297,0.0993,0.1142,0.1879,100,false
0.1,0.45,100,0.0862,0.2301,0.01,0.246,0.0629,0.1033,0.136,0.1255,100,false
0.1,0.45,1000,0.0721,0.0694,0.1367,0.2376,0.1056,0.0486,0.0882,0.2418,100,false
0.1,0.5,5000,0.0948,0.1814,0.1731,0.0925,0.1953,0.004,0.1775,0.0814,100,false
0.1,0.45,5000,0,0.9952,0,0,0.0005,0,0,0.0043,100,true
0.1,0.45,10000,0,0.9952,0,0,0.0005,0,0,0.0043,100,true
0.1,0.45,20000,0,0.9952,0,0,0.0005,0,0,0.0043,100,true
0.1,0.45,30000,0,0.9952,0,0,0.0005,0,0,0.0043,100,true
0.1,0.45,40000,0,0.9952,0,0,0.0005,0,0,0.0043,100,true
0.1,0.45,50000,0,0.9952,0,0,0.0005,0,0,0.0043,100,true
0.1,0.45,60000,0,0.9952,0,0,0.0005,0,0,0.0043,100,true
0.1,0.45,70000,0,0.9952,0,0,0.0005,0,0,0.0043,100,true
0.1,0.45,80000,0,0.9952,0,0,0.0005,0,0,0.0043,100,true
0.1,0.45,90000,0,0.9952,0,0,0.0005,0,0,0.0043,100,true
0.1,0.45,100000,0,0.9952,0,0,0.0005,0,0,0.0043,100,true
0.1,0.4,5000,0.1115,0.1071,0.0925,0.0901,0.1151,0.0978,0.1678,0.2181,100,false
0.1,0.5,0,0.1263,0.1232,0.125,0.1269,0.1222,0.1294,0.1236,0.1234,100,false
0.1,0.5,1,0.1118,0.1274,0.1406,0.124,0.137,0.1284,0.109,0.1218,100,false
0.1,0.5,2,0.1019,0.135,0.1506,0.1245,0.1454,0.1259,0.0919,0.1248,100,false
0.1,0.5,3,0.0951,0.1424,0.1602,0.1265,0.1468,0.12,0.0804,0.1286,100,false
0.1,0.5,4,0.0882,0.1521,0.1674,0.1283,0.1493,0.1128,0.0703,0.1316,100,false
0.1,0.5,5,0.0847,0.161,0.176,0.1264,0.1494,0.1057,0.0629,0.1339,100,false
0.1,0.5,6,0.0837,0.1749,0.1774,0.1232,0.1494,0.0984,0.0585,0.1345,100,false
0.1,0.5,7,0.0856,0.1836,0.1787,0.1212,0.147,0.0952,0.0526,0.1361,100,false
0.1,0.5,8,0.0843,0.1978,0.1706,0.1132,0.151,0.0906,0.0527,0.1398,100,false
0.1,0.5,9,0.0877,0.2071,0.1617,0.1091,0.1514,0.0871,0.0514,0.1445,100,false
0.1,0.5,10,0.0876,0.2212,0.1535,0.1045,0.1525,0.0836,0.0517,0.1454,100,false
0.1,0.5,50,0.0208,0.2664,0.0442,0.1439,0.1341,0.0915,0.0931,0.206,100,false
0.1,0.5,100,0.058,0.3154,0.0303,0.1981,0.0713,0.124,0.0855,0.1174,100,false
0.15,0.5,5000,0.1663,0.0954,0.1837,0.1713,0.1691,0,0.085,0.1292,100,false
0.1,0.5,1000,0.0887,0.1788,0.1726,0.1567,0.1325,0.1413,0.0892,0.0402,100,false
0.15,0.5,10000,0.0029,0.1684,0,0.1243,0,0,0.7037,0.0007,100,true
0.15,0.5,20000,0.0029,0.1684,0,0.1243,0,0,0.7037,0.0007,100,true
0.15,0.5,30000,0.0029,0.1684,0,0.1243,0,0,0.7037,0.0007,100,true
0.15,0.5,40000,0.0029,0.1684,0,0.1243,0,0,0.7037,0.0007,100,true
0.15,0.5,50000,0.0029,0.1684,0,0.1243,0,0,0.7037,0.0007,100,true
0.15,0.5,60000,0.0029,0.1684,0,0.1243,0,0,0.7037,0.0007,100,true
0.15,0.5,70000,0.0029,0.1684,0,0.1243,0,0,0.7037,0.0007,100,true
0.15,0.5,80000,0.0029,0.1684,0,0.1243,0,0,0.7037,0.0007,100,true
0.15,0.5,90000,0.0029,0.1684,0,0.1243,0,0,0.7037,0.0007,100,true
0.15,0.5,100000,0.0029,0.1684,0,0.1243,0,0,0.7037,0.0007,100,true
0.1,0.4,10000,0.1635,0.1316,0.1141,0.1295,0.153,0.117,0.0875,0.1038,100,false
0.1,0.5,10000,0.0491,0.1566,0.1253,0.0912,0.1137,0.0705,0.2749,0.1187,100,false
0.15,0.55,0,0.1232,0.1234,0.1242,0.1261,0.1265,0.1237,0.1273,0.1256,100,false
0.15,0.55,1,0.1081,0.1244,0.1412,0.1267,0.1401,0.1198,0.1151,0.1246,100,false
0.15,0.55,2,0.0951,0.1371,0.1526,0.1285,0.1508,0.1131,0.0986,0.1242,100,false
0.15,0.55,3,0.0886,0.1481,0.1608,0.1281,0.1575,0.1065,0.0848,0.1256,100,false
0.15,0.55,4,0.0796,0.1651,0.164,0.1296,0.1593,0.1017,0.0709,0.1298,100,false
0.15,0.55,5,0.0764,0.1812,0.1642,0.1278,0.1603,0.0968,0.0611,0.1322,100,false
0.15,0.55,6,0.0772,0.1933,0.1628,0.1285,0.1558,0.0927,0.0533,0.1364,100,false
0.15,0.55,7,0.0806,0.2057,0.1569,0.1291,0.1482,0.088,0.0481,0.1434,100,false
0.15,0.55,8,0.0837,0.2167,0.1507,0.1283,0.1426,0.0837,0.0434,0.1509,100,false
0.15,0.55,9,0.0828,0.2281,0.1395,0.1266,0.14,0.0797,0.0418,0.1615,100,false
0.15,0.55,10,0.0829,0.2377,0.1265,0.1252,0.1352,0.0778,0.0416,0.1731,100,false
0.15,0.55,50,0.0088,0.2361,0.0535,0.1677,0.1245,0.1024,0.1023,0.2047,100,false
0.15,0.55,100,0.0407,0.3342,0.0169,0.1499,0.082,0.0799,0.0895,0.2069,100,false
0.1,0.45,0,0.1286,0.1278,0.1262,0.121,0.1294,0.1236,0.1217,0.1217,100,false
0.1,0.45,1,0.1153,0.1331,0.137,0.1192,0.1436,0.1214,0.1071,0.1233,100,false
0.1,0.45,2,0.1098,0.1401,0.147,0.1183,0.152,0.1138,0.0955,0.1235,100,false
0.1,0.45,3,0.1011,0.1485,0.1523,0.12,0.1597,0.1053,0.0875,0.1256,100,false
0.1,0.45,4,0.0938,0.1596,0.156,0.1193,0.1642,0.1017,0.0791,0.1263,100,false
0.1,0.45,5,0.0917,0.1708,0.154,0.1206,0.1621,0.0993,0.073,0.1285,100,false
0.1,0.45,6,0.0857,0.1834,0.1522,0.1212,0.1622,0.0963,0.067,0.132,100,false
0.1,0.45,7,0.0804,0.1954,0.1479,0.1235,0.1636,0.0893,0.0638,0.1361,100,false
0.1,0.45,8,0.0789,0.2034,0.1465,0.1254,0.1607,0.0872,0.0601,0.1378,100,false
0.1,0.45,9,0.0741,0.2131,0.1451,0.1226,0.16,0.0847,0.0583,0.1421,100,false
0.1,0.45,10,0.0699,0.2265,0.1354,0.1213,0.1594,0.0831,0.057,0.1474,100,false
0.1,0.55,0,0.1243,0.1274,0.1225,0.1321,0.1254,0.126,0.1228,0.1195,100,false
0.1,0.55,1,0.1092,0.1313,0.1376,0.1316,0.1412,0.1187,0.1112,0.1192,100,false
0.1,0.55,2,0.0966,0.1394,0.1499,0.132,0.1527,0.1118,0.0989,0.1187,100,false
0.1,0.55,3,0.0908,0.1511,0.1591,0.1306,0.1569,0.1033,0.0891,0.1191,100,false
0.1,0.55,4,0.0832,0.162,0.1689,0.1296,0.1559,0.0976,0.0816,0.1212,100,false
0.1,0.55,5,0.0755,0.1778,0.1703,0.128,0.1577,0.0926,0.0735,0.1246,100,false
0.1,0.55,6,0.0694,0.1942,0.17,0.1303,0.1527,0.086,0.0667,0.1307,100,false
0.1,0.55,7,0.0703,0.2107,0.1698,0.127,0.1444,0.0824,0.0607,0.1347,100,false
0.1,0.55,8,0.071,0.2282,0.1611,0.122,0.1403,0.0823,0.055,0.1401,100,false
0.1,0.55,9,0.071,0.2418,0.1526,0.1161,0.1385,0.0815,0.0532,0.1453,100,false
0.1,0.55,10,0.0744,0.252,0.1387,0.116,0.1341,0.0807,0.0519,0.1522,100,false
0.1,0.45,50,0.0163,0.2645,0.0226,0.176,0.1645,0.0806,0.111,0.1645,100,false
0.1,0.55,50,0.0204,0.2546,0.0317,0.1747,0.1129,0.0964,0.0813,0.228,100,false
0.1,0.45,100,0.0409,0.4066,0.0145,0.133,0.0642,0.0789,0.1248,0.1371,100,false
0.1,0.55,100,0.0536,0.2685,0.042,0.237,0.0544,0.1384,0.1202,0.0859,100,false
0.15,0.55,1000,0.0406,0.2931,0.0892,0.1621,0.2117,0.0535,0.0493,0.1005,100,false
0.1,0.5,5000,0.1367,0.1273,0.073,0.109,0.1617,0.1471,0.1071,0.1381,100,false
0.1,0.45,1000,0.1609,0.2415,0.0187,0.0572,0.0713,0.0295,0.0335,0.3874,100,false
0.1,0.55,1000,0.0524,0.2052,0.2188,0.143,0.1197,0.0313,0.1032,0.1264,100,false
0.1,0.45,5000,0,0.1465,0,0,0.7388,0,0.0035,0.1112,100,true
0.1,0.45,10000,0,0.1465,0,0,0.7388,0,0.0035,0.1112,100,true
0.1,0.45,20000,0,0.1465,0,0,0.7388,0,0.0035,0.1112,100,true
0.1,0.45,30000,0,0.1465,0,0,0.7388,0,0.0035,0.1112,100,true
0.1,0.45,40000,0,0.1465,0,0,0.7388,0,0.0035,0.1112,100,true
0.1,0.45,50000,0,0.1465,0,0,0.7388,0,0.0035,0.1112,100,true
0.1,0.45,60000,0,0.1465,0,0,0.7388,0,0.0035,0.1112,100,true
0.1,0.45,70000,0,0.1465,0,0,0.7388,0,0.0035,0.1112,100,true
0.1,0.45,80000,0,0.1465,0,0,0.7388,0,0.0035,0.1112,100,true
0.1,0.45,90000,0,0.1465,0,0,0.7388,0,0.0035,0.1112,100,true
0.1,0.45,100000,0,0.1465,0,0,0.7388,0,0.0035,0.1112,100,true
0.1,0.5,0,0.1182,0.1237,0.1245,0.1223,0.1275,0.1293,0.1303,0.1242,100,false
0.1,0.5,1,0.1043,0.1285,0.1406,0.1229,0.1392,0.1273,0.115,0.1222,100,false
0.1,0.5,2,0.0953,0.1338,0.1523,0.1275,0.1465,0.1203,0.1011,0.1232,100,false
0.1,0.5,3,0.0864,0.1431,0.1635,0.1273,0.1503,0.1154,0.0904,0.1236,100,false
0.1,0.5,4,0.0808,0.1545,0.1751,0.127,0.1542,0.1073,0.0797,0.1214,100,false
0.1,0.5,5,0.0767,0.1688,0.1782,0.1292,0.1499,0.1038,0.0688,0.1246,100,false
0.1,0.5,6,0.0797,0.1793,0.1824,0.1237,0.1484,0.0987,0.0623,0.1255,100,false
0.1,0.5,7,0.0785,0.1922,0.1838,0.119,0.1463,0.0937,0.0562,0.1303,100,false
0.1,0.5,8,0.0723,0.21,0.183,0.1089,0.1489,0.0912,0.0497,0.136,100,false
0.1,0.5,9,0.0711,0.23,0.1691,0.1067,0.1474,0.0889,0.046,0.1408,100,false
0.1,0.5,10,0.0718,0.2466,0.1562,0.1047,0.1448,0.0879,0.0415,0.1465,100,false
0.1,0.5,50,0.0163,0.2459,0.0293,0.1605,0.1107,0.0843,0.0816,0.2714,100,false
0.1,0.5,100,0.076,0.2871,0.0479,0.2125,0.0562,0.0906,0.1186,0.1111,100,false
0.1,0.5,1000,0.1934,0.2277,0.1075,0.0834,0.1514,0.0383,0.0907,0.1076,100,false
0.15,0.55,5000,0,0.4276,0,0.1305,0.006,0.2523,0.018,0.1656,100,false
0.1,0.55,5000,0.1179,0.0782,0.1815,0.0529,0.1655,0,0.2091,0.1949,100,false
0.1,0.5,10000,0.2007,0.0382,0.0778,0.2479,0.1827,0.139,0.0647,0.049,100,false
0.1,0.55,0,0.1238,0.129,0.1227,0.1278,0.1208,0.129,0.1249,0.122,100,false
0.1,0.55,1,0.1132,0.131,0.1407,0.1246,0.1376,0.1261,0.1056,0.1212,100,false
0.1,0.55,2,0.1005,0.1415,0.1475,0.1267,0.1473,0.123,0.088,0.1255,100,false
0.1,0.55,3,0.0931,0.1509,0.151,0.1296,0.156,0.1129,0.0784,0.1281,100,false
0.1,0.55,4,0.0866,0.1587,0.1568,0.1317,0.1635,0.1009,0.0727,0.1291,100,false
0.1,0.55,5,0.0843,0.1702,0.1589,0.1362,0.1579,0.0941,0.0698,0.1286,100,false
0.1,0.55,6,0.0797,0.1819,0.161,0.137,0.1542,0.0913,0.0643,0.1306,100,false
0.1,0.55,7,0.0792,0.1923,0.1624,0.1336,0.1515,0.0886,0.0578,0.1346,100,false
0.1,0.55,8,0.076,0.2034,0.1648,0.1315,0.1457,0.0859,0.0534,0.1393,100,false
0.1,0.55,9,0.0732,0.2161,0.1634,0.1275,0.1432,0.0833,0.0489,0.1444,100,false
0.1,0.55,10,0.07,0.2294,0.1552,0.1229,0.1418,0.083,0.0452,0.1525,100,false
0.1,0.55,50,0.0117,0.2427,0.0287,0.1727,0.1327,0.0848,0.1112,0.2155,100,false
0.1,0.55,100,0.0378,0.3031,0.025,0.2028,0.0716,0.1023,0.1137,0.1437,100,false
0.1,0.55,10000,0,0.0033,0.0913,0.0408,0.0083,0,0,0.8563,100,true
0.1,0.55,20000,0,0.0033,0.0913,0.0408,0.0083,0,0,0.8563,100,true
0.1,0.55,30000,0,0.0033,0.0913,0.0408,0.0083,0,0,0.8563,100,true
0.1,0.55,40000,0,0.0033,0.0913,0.0408,0.0083,0,0,0.8563,100,true
0.1,0.55,50000,0,0.0033,0.0913,0.0408,0.0083,0,0,0.8563,100,true
0.1,0.55,60000,0,0.0033,0.0913,0.0408,0.0083,0,0,0.8563,100,true
0.1,0.55,70000,0,0.0033,0.0913,0.0408,0.0083,0,0,0.8563,100,true
0.1,0.55,80000,0,0.0033,0.0913,0.0408,0.0083,0,0,0.8563,100,true
0.1,0.55,90000,0,0.0033,0.0913,0.0408,0.0083,0,0,0.8563,100,true
0.1,0.55,100000,0,0.0033,0.0913,0.0408,0.0083,0,0,0.8563,100,true
0.1,0.55,1000,0.0588,0.1426,0.1287,0.1773,0.0703,0.13,0.1069,0.1854,100,false
0.1,0.5,5000,0.2081,0.1333,0.1124,0.0667,0.1201,0.0684,0.1572,0.1338,100,false
0.1,0.6,0,0.1272,0.1209,0.1257,0.1274,0.1262,0.1217,0.1248,0.1261,100,false
0.1,0.6,1,0.1077,0.1264,0.1407,0.1265,0.1422,0.1155,0.111,0.13,100,false
0.1,0.6,2,0.0947,0.1358,0.1485,0.1318,0.1511,0.1133,0.0952,0.1296,100,false
0.1,0.6,3,0.0839,0.1438,0.1623,0.1324,0.1556,0.1095,0.0824,0.1301,100,false
0.1,0.6,4,0.0801,0.1524,0.1771,0.1293,0.1547,0.1035,0.0706,0.1323,100,false
0.1,0.6,5,0.0762,0.1667,0.1826,0.1253,0.1513,0.0998,0.0602,0.1379,100,false
0.1,0.6,6,0.0729,0.1831,0.1815,0.1249,0.1485,0.0951,0.055,0.139,100,false
0.1,0.6,7,0.0694,0.198,0.1812,0.1198,0.1487,0.0891,0.0495,0.1443,100,false
0.1,0.6,8,0.0655,0.2156,0.1742,0.1171,0.1485,0.0857,0.046,0.1474,100,false
0.1,0.6,9,0.0613,0.2344,0.1642,0.1133,0.147,0.0835,0.0432,0.1531,100,false
0.1,0.6,10,0.0608,0.2523,0.1529,0.1094,0.144,0.0799,0.0397,0.161,100,false
0.1,0.6,50,0.0066,0.2755,0.0418,0.1471,0.121,0.0663,0.0819,0.2598,100,false
0.1,0.6,100,0.0157,0.346,0.021,0.1825,0.0646,0.0813,0.1249,0.164,100,false
0.15,0.55,10000,0,0.2184,0,0.2752,0,0.268,0,0.2384,100,false
0.1,0.6,1000,0.1168,0.1313,0.0916,0.1179,0.1581,0.0472,0.2175,0.1196,100,false
0.1,0.55,5000,0,0.1739,0.0001,0,0.7536,0,0,0.0724,100,true
0.1,0.55,10000,0,0.1739,0.0001,0,0.7536,0,0,0.0724,100,true
0.1,0.55,20000,0,0.1739,0.0001,0,0.7536,0,0,0.0724,100,true
0.1,0.55,30000,0,0.1739,0.0001,0,0.7536,0,0,0.0724,100,true
0.1,0.55,40000,0,0.1739,0.0001,0,0.7536,0,0,0.0724,100,true
0.1,0.55,50000,0,0.1739,0.0001,0,0.7536,0,0,0.0724,100,true
0.1,0.55,60000,0,0.1739,0.0001,0,0.7536,0,0,0.0724,100,true
0.1,0.55,70000,0,0.1739,0.0001,0,0.7536,0,0,0.0724,100,true
0.1,0.55,80000,0,0.1739,0.0001,0,0.7536,0,0,0.0724,100,true
0.1,0.55,90000,0,0.1739,0.0001,0,0.7536,0,0,0.0724,100,true
0.1,0.55,100000,0,0.1739,0.0001,0,0.7536,0,0,0.0724,100,true
0.15,0.6,0,0.1288,0.1274,0.1284,0.1217,0.1244,0.1264,0.1185,0.1244,100,false
0.15,0.6,1,0.1149,0.1272,0.1405,0.1233,0.1358,0.1287,0.1034,0.1262,100,false
0.15,0.6,2,0.103,0.1319,0.1524,0.1227,0.1535,0.1176,0.0929,0.126,100,false
0.15,0.6,3,0.0932,0.1396,0.1633,0.1284,0.1589,0.1118,0.0785,0.1263,100,false
0.15,0.6,4,0.0904,0.1485,0.1681,0.1295,0.1595,0.1034,0.0716,0.129,100,false
0.15,0.6,5,0.0836,0.1595,0.1764,0.1254,0.1605,0.0968,0.0642,0.1336,100,false
0.15,0.6,6,0.0776,0.1764,0.1771,0.1234,0.1596,0.0899,0.0581,0.1379,100,false
0.15,0.6,7,0.0765,0.1874,0.1826,0.1172,0.1548,0.086,0.0513,0.1442,100,false
0.15,0.6,8,0.0758,0.2014,0.1825,0.1105,0.1519,0.081,0.0454,0.1515,100,false
0.15,0.6,9,0.07,0.2166,0.1787,0.1001,0.1538,0.0764,0.0442,0.1602,100,false
0.15,0.6,10,0.0677,0.234,0.1654,0.0928,0.1582,0.0701,0.0441,0.1677,100,false
0.15,0.6,50,0.0154,0.2708,0.0385,0.1397,0.1586,0.062,0.1105,0.2045,100,false
0.15,0.6,100,0.0541,0.3423,0.0108,0.1963,0.0724,0.0979,0.1311,0.0951,100,false
0.1,0.6,0,0.1293,0.1238,0.1278,0.116,0.1305,0.1245,0.1268,0.1213,100,false
0.1,0.6,1,0.1147,0.1225,0.1464,0.118,0.1457,0.1224,0.1097,0.1206,100,false
0.1,0.6,2,0.1009,0.1307,0.1554,0.1206,0.1573,0.1163,0.0951,0.1237,100,false
0.1,0.6,3,0.0896,0.1389,0.1642,0.1236,0.1653,0.1097,0.0837,0.125,100,false
0.1,0.6,4,0.0825,0.1509,0.1711,0.1238,0.1711,0.0993,0.075,0.1263,100,false
0.1,0.6,5,0.0806,0.1611,0.1769,0.1238,0.171,0.0919,0.0683,0.1264,100,false
0.1,0.6,6,0.0826,0.1724,0.1792,0.1247,0.168,0.0868,0.0606,0.1257,100,false
0.1,0.6,7,0.0836,0.1865,0.1775,0.1259,0.1652,0.0791,0.0546,0.1276,100,false
0.1,0.6,8,0.0841,0.2015,0.1701,0.1276,0.1617,0.0731,0.0511,0.1308,100,false
0.1,0.6,9,0.0822,0.2171,0.1652,0.1237,0.1575,0.0706,0.0472,0.1365,100,false
0.1,0.6,10,0.0799,0.233,0.1593,0.1173,0.1573,0.066,0.0427,0.1445,100,false
0.1,0.6,50,0.0234,0.2519,0.049,0.1475,0.1137,0.0679,0.1075,0.2391,100,false
0.1,0.6,100,0.0592,0.3826,0.0464,0.1586,0.0765,0.0797,0.0919,0.1051,100,false
0.15,0.6,1000,0,0.6753,0,0.0457,0.0032,0.1791,0.0896,0.0071,100,false
0.1,0.6,1000,0.1061,0.1609,0.0973,0.1477,0.2002,0.0546,0.0793,0.1539,100,false
0.1,0.5,10000,0.1119,0.1985,0.1676,0.114,0.2098,0.0362,0.0976,0.0644,100,false
0.1,0.6,5000,0.1838,0.1941,0.0754,0.0278,0.3248,0,0.1478,0.0463,100,false
0.1,0.55,0,0.1265,0.1211,0.1243,0.1294,0.1256,0.1267,0.1247,0.1217,100,false
0.1,0.55,1,0.1074,0.1207,0.1377,0.1328,0.1424,0.1241,0.1094,0.1255,100,false
0.1,0.55,2,0.0977,0.1291,0.1547,0.1348,0.1543,0.1134,0.0948,0.1212,100,false
0.1,0.55,3,0.0857,0.142,0.17,0.1346,0.1505,0.1122,0.0809,0.1241,100,false
0.1,0.55,4,0.0807,0.1562,0.1797,0.1292,0.1531,0.106,0.0704,0.1247,100,false
0.1,0.55,5,0.0773,0.1714,0.1843,0.1303,0.1505,0.0977,0.0622,0.1263,100,false
0.1,0.55,6,0.0772,0.1856,0.1854,0.1272,0.1508,0.0901,0.0539,0.1298,100,false
0.1,0.55,7,0.0749,0.2054,0.1787,0.1257,0.1473,0.0841,0.0491,0.1348,100,false
0.1,0.55,8,0.0747,0.2209,0.1736,0.1226,0.145,0.079,0.0456,0.1386,100,false
0.1,0.55,9,0.0728,0.2362,0.1684,0.1191,0.14,0.0783,0.0417,0.1435,100,false
0.1,0.55,10,0.0756,0.2533,0.155,0.1156,0.138,0.0755,0.038,0.149,100,false
0.1,0.55,50,0.0143,0.2682,0.042,0.1405,0.1542,0.104,0.0973,0.1795,100,false
0.1,0.55,100,0.0803,0.2841,0.0275,0.1616,0.0411,0.1131,0.1446,0.1477,100,false
0.15,0.6,5000,0,0.2488,0,0.2007,0,0.24,0,0.3105,100,false
0.1,0.55,1000,0.0325,0.239,0.1458,0.2142,0.0982,0.1739,0.069,0.0274,100,false
0.1,0.6,5000,0.1534,0.1366,0.2056,0.0643,0.1562,0,0.1273,0.1566,100,false
0.1,0.6,10000,0,0.1906,0,0,0.7624,0,0.0008,0.0462,100,true
0.1,0.6,20000,0,0.1906,0,0,0.7624,0,0.0008,0.0462,100,true
0.1,0.6,30000,0,0.1906,0,0,0.7624,0,0.0008,0.0462,100,true
0.1,0.6,40000,0,0.1906,0,0,0.7624,0,0.0008,0.0462,100,true
0.1,0.6,50000,0,0.1906,0,0,0.7624,0,0.0008,0.0462,100,true
0.1,0.6,60000,0,0.1906,0,0,0.7624,0,0.0008,0.0462,100,true
0.1,0.6,70000,0,0.1906,0,0,0.7624,0,0.0008,0.0462,100,true
0.1,0.6,80000,0,0.1906,0,0,0.7624,0,0.0008,0.0462,100,true
0.1,0.6,90000,0,0.1906,0,0,0.7624,0,0.0008,0.0462,100,true
0.1,0.6,100000,0,0.1906,0,0,0.7624,0,0.0008,0.0462,100,true
0.1,0.6,10000,0.239,0.0794,0.1978,0.0887,0.0677,0,0.2174,0.11,100,false
0.1,0.55,5000,0.2305,0.172,0.1237,0.0797,0.1121,0.0517,0.0624,0.1679,100,false
0.1,0.65,0,0.1265,0.1289,0.1243,0.1277,0.1261,0.1284,0.1189,0.1192,100,false
0.1,0.65,1,0.1107,0.1305,0.1399,0.1308,0.1456,0.1173,0.103,0.1222,100,false
0.1,0.65,2,0.0942,0.1402,0.1505,0.1364,0.1529,0.109,0.0901,0.1267,100,false
0.1,0.65,3,0.0884,0.1501,0.1628,0.1363,0.1526,0.1045,0.0803,0.125,100,false
0.1,0.65,4,0.0788,0.1651,0.1677,0.1349,0.1563,0.0984,0.0721,0.1267,100,false
0.1,0.65,5,0.0707,0.1808,0.1711,0.1333,0.1564,0.0932,0.0661,0.1284,100,false
0.1,0.65,6,0.0673,0.1954,0.1744,0.1321,0.1517,0.09,0.0569,0.1322,100,false
0.1,0.65,7,0.0627,0.2143,0.1716,0.1305,0.1488,0.0837,0.0515,0.1369,100,false
0.1,0.65,8,0.0628,0.2326,0.1632,0.1276,0.1448,0.0794,0.0468,0.1428,100,false
0.1,0.65,9,0.0587,0.2586,0.1531,0.1228,0.1409,0.0765,0.0421,0.1473,100,false
0.1,0.65,10,0.0565,0.2744,0.1462,0.1159,0.1397,0.0736,0.0382,0.1555,100,false
0.1,0.65,50,0.0073,0.2639,0.021,0.1618,0.1394,0.0917,0.105,0.2099,100,false
0.1,0.65,100,0.0098,0.5178,0.0144,0.1307,0.0445,0.0436,0.1277,0.1115,100,false
0.1,0.65,0,0.1222,0.1208,0.125,0.1218,0.1278,0.1333,0.1271,0.122,100,false
0.1,0.65,1,0.1024,0.1287,0.1442,0.119,0.1483,0.1303,0.1066,0.1205,100,false
0.1,0.65,2,0.0911,0.1345,0.1592,0.1208,0.1596,0.1221,0.0952,0.1175,100,false
0.1,0.65,3,0.0773,0.1463,0.1737,0.1222,0.1681,0.1124,0.0823,0.1177,100,false
0.1,0.65,4,0.0752,0.1644,0.1784,0.1237,0.1676,0.1064,0.0669,0.1174,100,false
0.1,0.65,5,0.0738,0.1828,0.1795,0.1186,0.1699,0.1006,0.0545,0.1203,100,false
0.1,0.65,6,0.0726,0.2053,0.1714,0.1154,0.1713,0.0895,0.0495,0.125,100,false
0.1,0.65,7,0.0742,0.2229,0.1609,0.1147,0.169,0.0831,0.0449,0.1303,100,false
0.1,0.65,8,0.0744,0.2371,0.151,0.1135,0.1681,0.0776,0.0407,0.1376,100,false
0.1,0.65,9,0.0731,0.2502,0.1415,0.1092,0.1704,0.074,0.0382,0.1434,100,false
0.1,0.65,10,0.073,0.2622,0.1341,0.1053,0.1702,0.0678,0.0363,0.1511,100,false
0.1,0.65,50,0.0107,0.254,0.0342,0.1334,0.1184,0.0621,0.0984,0.2888,100,false
0.1,0.65,100,0.0389,0.4253,0.0282,0.1742,0.0618,0.0921,0.1253,0.0542,100,false
0.15,0.6,10000,0,0.2642,0,0.1873,0,0.2378,0,0.3107,100,false
0.1,0.65,1000,0.0633,0.2619,0.1055,0.1552,0.1434,0.0964,0.0604,0.1139,100,false
0.1,0.65,1000,0.1597,0.2504,0.1003,0.1693,0.1231,0.0181,0.1158,0.0633,100,false
0.15,0.65,0,0.1268,0.1254,0.1254,0.1285,0.1296,0.1214,0.1202,0.1227,100,false
0.15,0.65,1,0.1133,0.1266,0.138,0.1335,0.1385,0.1182,0.1058,0.1261,100,false
0.15,0.65,2,0.1018,0.1325,0.1495,0.1381,0.1452,0.1138,0.0904,0.1287,100,false
0.15,0.65,3,0.0896,0.1414,0.1583,0.143,0.1542,0.1032,0.08,0.1303,100,false
0.15,0.65,4,0.0808,0.1542,0.1658,0.1445,0.1557,0.0945,0.0712,0.1333,100,false
0.15,0.65,5,0.0749,0.1686,0.1684,0.1456,0.1499,0.0881,0.0656,0.1389,100,false
0.15,0.65,6,0.0696,0.184,0.1728,0.1401,0.1471,0.0793,0.0621,0.145,100,false
0.15,0.65,7,0.0664,0.2063,0.1701,0.1344,0.1423,0.0761,0.0578,0.1466,100,false
0.15,0.65,8,0.0655,0.2231,0.1663,0.1301,0.137,0.0724,0.056,0.1496,100,false
0.15,0.65,9,0.0655,0.2388,0.158,0.1253,0.134,0.0702,0.0522,0.156,100,false
0.15,0.65,10,0.0694,0.2575,0.1447,0.1206,0.1267,0.0701,0.0485,0.1625,100,false
0.15,0.65,50,0.0211,0.2973,0.0551,0.1759,0.1166,0.0706,0.1025,0.1609,100,false
0.15,0.65,100,0.0563,0.4119,0.0144,0.1762,0.0812,0.0856,0.1139,0.0605,100,false
0.15,0.65,1000,0,0.3119,0,0.1908,0.0104,0.3136,0.0007,0.1726,100,false
0.1,0.55,10000,0.1828,0.2952,0.0749,0.0094,0.1557,0,0.2012,0.0808,100,false
0.1,0.65,5000,0,0.211,0,0,0.7612,0,0.0053,0.0225,100,true
0.1,0.65,10000,0,0.211,0,0,0.7612,0,0.0053,0.0225,100,true
0.1,0.65,20000,0,0.211,0,0,0.7612,0,0.0053,0.0225,100,true
0.1,0.65,30000,0,0.211,0,0,0.7612,0,0.0053,0.0225,100,true
0.1,0.65,40000,0,0.211,0,0,0.7612,0,0.0053,0.0225,100,true
0.1,0.65,50000,0,0.211,0,0,0.7612,0,0.0053,0.0225,100,true
0.1,0.65,60000,0,0.211,0,0,0.7612,0,0.0053,0.0225,100,true
0.1,0.65,70000,0,0.211,0,0,0.7612,0,0.0053,0.0225,100,true
0.1,0.65,80000,0,0.211,0,0,0.7612,0,0.0053,0.0225,100,true
0.1,0.65,90000,0,0.211,0,0,0.7612,0,0.0053,0.0225,100,true
0.1,0.65,100000,0,0.211,0,0,0.7612,0,0.0053,0.0225,100,true
0.1,0.65,5000,0.069,0.0545,0.0715,0.0887,0.0585,0.1869,0.1773,0.2936,100,false
0.1,0.6,0,0.1262,0.1286,0.1255,0.1221,0.1291,0.123,0.1215,0.124,100,false
0.1,0.6,1,0.114,0.1309,0.1353,0.1274,0.146,0.117,0.1082,0.1212,100,false
0.1,0.6,2,0.0982,0.1355,0.1481,0.1272,0.1635,0.1089,0.0971,0.1215,100,false
0.1,0.6,3,0.0876,0.148,0.1567,0.1282,0.1659,0.1017,0.0848,0.1271,100,false
0.1,0.6,4,0.0823,0.1602,0.1602,0.1348,0.1643,0.0941,0.0756,0.1285,100,false
0.1,0.6,5,0.076,0.1742,0.1648,0.1345,0.1605,0.0867,0.0691,0.1342,100,false
0.1,0.6,6,0.0719,0.1873,0.1666,0.132,0.1583,0.0815,0.0638,0.1386,100,false
0.1,0.6,7,0.0697,0.2025,0.1681,0.1308,0.1532,0.0768,0.0568,0.1421,100,false
0.1,0.6,8,0.067,0.22,0.1638,0.1279,0.1484,0.0745,0.051,0.1474,100,false
0.1,0.6,9,0.0649,0.2354,0.161,0.1207,0.1467,0.0715,0.0466,0.1532,100,false
0.1,0.6,10,0.064,0.2525,0.1525,0.1143,0.1442,0.07,0.0438,0.1587,100,false
0.1,0.6,50,0.0241,0.2825,0.0326,0.1614,0.1047,0.0631,0.1359,0.1957,100,false
0.1,0.6,100,0.0618,0.3242,0.0043,0.2547,0.0624,0.088,0.1529,0.0517,100,false
0.1,0.7,0,0.1192,0.1319,0.1209,0.1225,0.1293,0.1223,0.1245,0.1294,100,false
0.1,0.7,1,0.0983,0.1387,0.1404,0.122,0.1488,0.1197,0.1078,0.1243,100,false
0.1,0.7,2,0.0862,0.1481,0.1519,0.1265,0.1596,0.1141,0.0912,0.1224,100,false
0.1,0.7,3,0.0768,0.1602,0.1606,0.1296,0.1641,0.1075,0.078,0.1232,100,false
0.1,0.7,4,0.0692,0.1767,0.169,0.1294,0.1636,0.1009,0.0645,0.1267,100,false
0.1,0.7,5,0.0663,0.1955,0.1677,0.1292,0.1629,0.0964,0.0523,0.1297,100,false
0.1,0.7,6,0.0639,0.2136,0.1671,0.1257,0.1574,0.0916,0.0459,0.1348,100,false
0.1,0.7,7,0.0647,0.2301,0.1633,0.1248,0.1521,0.0865,0.0404,0.1381,100,false
0.1,0.7,8,0.0644,0.249,0.1514,0.1213,0.1491,0.0819,0.0395,0.1434,100,false
0.1,0.7,9,0.0627,0.2623,0.1418,0.12,0.1455,0.0794,0.0374,0.1509,100,false
0.1,0.7,10,0.0652,0.275,0.1325,0.1149,0.1423,0.079,0.0346,0.1565,100,false
0.1,0.7,50,0.0053,0.2635,0.0166,0.1651,0.1052,0.0818,0.0713,0.2912,100,false
0.1,0.7,100,0.0077,0.4398,0.0154,0.1836,0.0317,0.0807,0.1046,0.1365,100,false
0.15,0.65,5000,0,0.3247,0,0.2369,0,0.2261,0,0.2123,100,false
0.1,0.6,1000,0.0754,0.1857,0.1737,0.0256,0.159,0.0346,0.2029,0.1431,100,false
0.1,0.7,1000,0.0356,0.1844,0,0.376,0,0.1398,0.01,0.2542,100,false
0.1,0.6,5000,0,0.1527,0.0001,0,0.7472,0,0.0024,0.0976,100,true
0.1,0.6,10000,0,0.1527,0.0001,0,0.7472,0,0.0024,0.0976,100,true
0.1,0.6,20000,0,0.1527,0.0001,0,0.7472,0,0.0024,0.0976,100,true
0.1,0.6,30000,0,0.1527,0.0001,0,0.7472,0,0.0024,0.0976,100,true
0.1,0.6,40000,0,0.1527,0.0001,0,0.7472,0,0.0024,0.0976,100,true
0.1,0.6,50000,0,0.1527,0.0001,0,0.7472,0,0.0024,0.0976,100,true
0.1,0.6,60000,0,0.1527,0.0001,0,0.7472,0,0.0024,0.0976,100,true
0.1,0.6,70000,0,0.1527,0.0001,0,0.7472,0,0.0024,0.0976,100,true
0.1,0.6,80000,0,0.1527,0.0001,0,0.7472,0,0.0024,0.0976,100,true
0.1,0.6,90000,0,0.1527,0.0001,0,0.7472,0,0.0024,0.0976,100,true
0.1,0.6,100000,0,0.1527,0.0001,0,0.7472,0,0.0024,0.0976,100,true
0.1,0.65,0,0.1256,0.1203,0.1267,0.1301,0.128,0.1213,0.1235,0.1245,100,false
0.1,0.65,1,0.1083,0.1216,0.1478,0.131,0.1461,0.1146,0.1094,0.1212,100,false
0.1,0.65,2,0.095,0.1317,0.1631,0.131,0.156,0.1085,0.0944,0.1203,100,false
0.1,0.65,3,0.0848,0.1461,0.1759,0.128,0.1586,0.1043,0.0818,0.1205,100,false
0.1,0.65,4,0.083,0.1613,0.1821,0.1262,0.1587,0.0957,0.0694,0.1236,100,false
0.1,0.65,5,0.0759,0.1783,0.1857,0.1248,0.158,0.0915,0.0599,0.1259,100,false
0.1,0.65,6,0.0733,0.2001,0.1792,0.1184,0.1603,0.0874,0.0539,0.1274,100,false
0.1,0.65,7,0.0762,0.2159,0.171,0.1151,0.1606,0.0845,0.0444,0.1323,100,false
0.1,0.65,8,0.0783,0.2284,0.161,0.1123,0.1591,0.0801,0.0416,0.1392,100,false
0.1,0.65,9,0.0792,0.2402,0.1528,0.1137,0.1548,0.0746,0.0381,0.1466,100,false
0.1,0.65,10,0.0777,0.2536,0.1418,0.1119,0.1499,0.0734,0.0348,0.1569,100,false
0.1,0.65,50,0.0097,0.2244,0.0387,0.1538,0.1414,0.0678,0.1164,0.2478,100,false
0.1,0.65,100,0.0416,0.3607,0.0167,0.2217,0.0551,0.0835,0.1127,0.108,100,false
0.1,0.65,10000,0.3088,0.1914,0.0987,0.1428,0.1177,0.0172,0.0075,0.1159,100,false
0.1,0.65,1000,0.0771,0.1221,0.0552,0.155,0.1203,0.0494,0.1217,0.2992,100,false
0.1,0.7,5000,0,0.2408,0,0.1797,0,0.2939,0,0.2856,100,false
0.1,0.7,0,0.1274,0.1287,0.1253,0.1273,0.12,0.1255,0.1206,0.1252,100,false
0.1,0.7,1,0.1109,0.13,0.1465,0.1266,0.139,0.1219,0.0995,0.1256,100,false
0.1,0.7,2,0.0983,0.1406,0.1592,0.1244,0.1513,0.1144,0.0841,0.1277,100,false
0.1,0.7,3,0.0872,0.1518,0.1671,0.1271,0.1586,0.1055,0.071,0.1317,100,false
0.1,0.7,4,0.0839,0.1625,0.1743,0.125,0.1592,0.0985,0.0616,0.135,100,false
0.1,0.7,5,0.0784,0.1752,0.1785,0.1223,0.1587,0.0921,0.0553,0.1395,100,false
0.1,0.7,6,0.0733,0.1906,0.1776,0.1207,0.1588,0.086,0.0486,0.1444,100,false
0.1,0.7,7,0.0679,0.2074,0.1727,0.1183,0.1594,0.0822,0.0432,0.1489,100,false
0.1,0.7,8,0.0667,0.2256,0.1672,0.113,0.1526,0.0805,0.0385,0.1559,100,false
0.1,0.7,9,0.063,0.2425,0.1592,0.1095,0.1483,0.0765,0.0363,0.1647,100,false
0.1,0.7,10,0.0649,0.2518,0.1494,0.1085,0.1417,0.0764,0.0336,0.1737,100,false
0.1,0.7,50,0.0025,0.2144,0.0318,0.147,0.132,0.1016,0.0845,0.2862,100,false
0.1,0.7,100,0.0072,0.4597,0.0104,0.1335,0.0459,0.0692,0.0948,0.1793,100,false
0.15,0.65,10000,0,0.226,0,0.2487,0,0.2832,0,0.2421,100,false
0.1,0.7,1000,0.0304,0.1709,0,0.4008,0,0.1664,0.0087,0.2228,100,false
0.15,0.7,0,0.1285,0.1262,0.1276,0.1207,0.1259,0.1279,0.1217,0.1215,100,false
0.15,0.7,1,0.1101,0.1258,0.1443,0.1191,0.1479,0.122,0.1075,0.1233,100,false
0.15,0.7,2,0.0946,0.1344,0.1598,0.1209,0.1637,0.1127,0.0904,0.1235,100,false
0.15,0.7,3,0.0882,0.1377,0.1698,0.1252,0.1709,0.1048,0.0769,0.1265,100,false
0.15,0.7,4,0.079,0.1477,0.1844,0.1248,0.1751,0.097,0.0643,0.1277,100,false
0.15,0.7,5,0.0722,0.1669,0.184,0.1261,0.1763,0.0879,0.0549,0.1317,100,false
0.15,0.7,6,0.0683,0.184,0.1886,0.125,0.173,0.0787,0.0437,0.1387,100,false
0.15,0.7,7,0.0686,0.2006,0.1871,0.1205,0.1676,0.073,0.0389,0.1437,100,false
0.15,0.7,8,0.0641,0.2209,0.1825,0.1146,0.1639,0.0681,0.0333,0.1526,100,false
0.15,0.7,9,0.0593,0.2405,0.1759,0.1069,0.1609,0.0649,0.0302,0.1614,100,false
0.15,0.7,10,0.0566,0.2578,0.1673,0.099,0.1583,0.0635,0.0269,0.1706,100,false
0.15,0.7,50,0.0019,0.2218,0.0436,0.1117,0.1679,0.0701,0.1248,0.2582,100,false
0.15,0.7,100,0.0449,0.4336,0.0104,0.0606,0.0741,0.0791,0.1688,0.1285,100,false
0.15,0.7,1000,0.1221,0.1653,0.2377,0.1505,0.1364,0.0051,0.0902,0.0927,100,false
0.1,0.65,5000,0.2008,0.14,0.129,0.0629,0.1366,0.081,0.1124,0.1373,100,false
0.1,0.7,10000,0,0.2633,0,0.2819,0,0.2606,0,0.1942,100,false
0.1,0.7,5000,0,0.2698,0,0.2213,0,0.2345,0,0.2744,100,false
0.1,0.75,0,0.1233,0.121,0.1249,0.13,0.1219,0.1294,0.1282,0.1213,100,false
0.1,0.75,1,0.1041,0.1265,0.1499,0.1257,0.1431,0.1287,0.1055,0.1165,100,false
0.1,0.75,2,0.0935,0.1371,0.1591,0.1268,0.1581,0.1188,0.09,0.1166,100,false
0.1,0.75,3,0.0838,0.1474,0.1739,0.1285,0.1632,0.1115,0.0748,0.1169,100,false
0.1,0.75,4,0.079,0.1563,0.1911,0.1266,0.1598,0.1071,0.0592,0.1209,100,false
0.1,0.75,5,0.0718,0.1724,0.1968,0.125,0.1607,0.0975,0.0512,0.1246,100,false
0.1,0.75,6,0.0634,0.1935,0.1955,0.1235,0.1603,0.0915,0.044,0.1283,100,false
0.1,0.75,7,0.0621,0.2166,0.1909,0.1201,0.1546,0.0861,0.0371,0.1325,100,false
0.1,0.75,8,0.0591,0.2367,0.1829,0.1204,0.1486,0.0816,0.0344,0.1363,100,false
0.1,0.75,9,0.0573,0.2593,0.168,0.1215,0.1426,0.0777,0.0319,0.1417,100,false
0.1,0.75,10,0.0582,0.2822,0.1506,0.1223,0.1362,0.0731,0.0289,0.1485,100,false
0.1,0.75,50,0.0108,0.2075,0.0282,0.1183,0.1202,0.1006,0.0938,0.3206,100,false
0.1,0.75,100,0.0023,0.3944,0.0149,0.1685,0.0579,0.0789,0.0894,0.1937,100,false
0.15,0.7,5000,0.0988,0.1361,0.1004,0.1429,0.1807,0,0.1768,0.1643,100,false
0.1,0.75,1000,0.1354,0.1786,0.1387,0.1078,0.1354,0.039,0.1065,0.1586,100,false
0.1,0.65,10000,0.1857,0.179,0.1243,0.071,0.1488,0,0.1476,0.1436,100,false
0.1,0.7,0,0.1237,0.129,0.1277,0.1238,0.1234,0.1222,0.1225,0.1277,100,false
0.1,0.7,1,0.1073,0.1325,0.1468,0.1216,0.1421,0.1166,0.106,0.1271,100,false
0.1,0.7,2,0.097,0.1462,0.1508,0.1248,0.1548,0.1063,0.0893,0.1308,100,false
0.1,0.7,3,0.0833,0.1631,0.1503,0.1282,0.1589,0.1005,0.0789,0.1368,100,false
0.1,0.7,4,0.0763,0.1744,0.1541,0.1294,0.164,0.0907,0.072,0.1391,100,false
0.1,0.7,5,0.0689,0.1885,0.1597,0.1272,0.1645,0.0831,0.0624,0.1457,100,false
0.1,0.7,6,0.0642,0.2056,0.1552,0.1265,0.1644,0.0767,0.0582,0.1492,100,false
0.1,0.7,7,0.0632,0.22,0.1478,0.129,0.1569,0.0745,0.0537,0.1549,100,false
0.1,0.7,8,0.0618,0.232,0.1394,0.1308,0.1529,0.0716,0.0515,0.16,100,false
0.1,0.7,9,0.058,0.2436,0.1363,0.1294,0.1464,0.0692,0.0494,0.1677,100,false
0.1,0.7,10,0.0541,0.2543,0.1306,0.1258,0.1442,0.0665,0.0467,0.1778,100,false
0.1,0.7,50,0.0131,0.2357,0.0235,0.1576,0.1427,0.0888,0.0982,0.2404,100,false
0.1,0.7,100,0.0222,0.364,0.0126,0.2126,0.0295,0.0836,0.1357,0.1398,100,false
0.1,0.7,10000,0,0.2413,0,0.2185,0,0.2452,0,0.295,100,false
0.15,0.7,10000,0,0.1984,0,0,0.7031,0,0.0007,0.0978,100,true
0.15,0.7,20000,0,0.1984,0,0,0.7031,0,0.0007,0.0978,100,true
0.15,0.7,30000,0,0.1984,0,0,0.7031,0,0.0007,0.0978,100,true
0.15,0.7,40000,0,0.1984,0,0,0.7031,0,0.0007,0.0978,100,true
0.15,0.7,50000,0,0.1984,0,0,0.7031,0,0.0007,0.0978,100,true
0.15,0.7,60000,0,0.1984,0,0,0.7031,0,0.0007,0.0978,100,true
0.15,0.7,70000,0,0.1984,0,0,0.7031,0,0.0007,0.0978,100,true
0.15,0.7,80000,0,0.1984,0,0,0.7031,0,0.0007,0.0978,100,true
0.15,0.7,90000,0,0.1984,0,0,0.7031,0,0.0007,0.0978,100,true
0.15,0.7,100000,0,0.1984,0,0,0.7031,0,0.0007,0.0978,100,true
0.1,0.7,1000,0.088,0.1885,0.0964,0.1448,0.1794,0.0968,0.1294,0.0767,100,false
0.1,0.75,5000,0.1751,0.1582,0.154,0.071,0.1987,0,0.0898,0.1532,100,false
0.1,0.75,0,0.1265,0.1268,0.1218,0.1254,0.1262,0.1208,0.1255,0.127,100,false
0.1,0.75,1,0.1058,0.1315,0.1404,0.1259,0.1462,0.1189,0.1044,0.1269,100,false
0.1,0.75,2,0.0903,0.1363,0.1575,0.1277,0.1583,0.1094,0.0926,0.1279,100,false
0.1,0.75,3,0.0783,0.1531,0.1671,0.1305,0.1605,0.1003,0.0821,0.1281,100,false
0.1,0.75,4,0.0716,0.1661,0.1785,0.1275,0.1617,0.0935,0.0708,0.1303,100,false
0.1,0.75,5,0.0655,0.1846,0.1801,0.1252,0.1628,0.0858,0.0642,0.1318,100,false
0.1,0.75,6,0.0628,0.206,0.1742,0.1269,0.1579,0.0826,0.0537,0.1359,100,false
0.1,0.75,7,0.0578,0.227,0.1764,0.1191,0.1535,0.0793,0.0469,0.14,100,false
0.1,0.75,8,0.0542,0.2494,0.1659,0.1121,0.1507,0.0767,0.0445,0.1465,100,false
0.1,0.75,9,0.0512,0.2688,0.1564,0.1074,0.1476,0.0713,0.0436,0.1537,100,false
0.1,0.75,10,0.0538,0.2882,0.1433,0.1018,0.1439,0.0686,0.0418,0.1586,100,false
0.1,0.75,50,0.0051,0.2249,0.0142,0.1903,0.1174,0.077,0.0844,0.2867,100,false
0.1,0.75,100,0.0185,0.3832,0.0043,0.257,0.0572,0.0577,0.1174,0.1047,100,false
0.15,0.75,0,0.1188,0.1243,0.1269,0.1316,0.1268,0.1244,0.1245,0.1227,100,false
0.15,0.75,1,0.097,0.1319,0.1467,0.1306,0.1489,0.1199,0.1045,0.1205,100,false
0.15,0.75,2,0.0848,0.1439,0.1643,0.1334,0.1555,0.1122,0.0849,0.121,100,false
0.15,0.75,3,0.0743,0.1632,0.1746,0.1306,0.1584,0.1037,0.0735,0.1217,100,false
0.15,0.75,4,0.0655,0.181,0.1804,0.1297,0.164,0.0935,0.0636,0.1223,100,false
0.15,0.75,5,0.0625,0.2026,0.1783,0.1297,0.1595,0.0885,0.0532,0.1257,100,false
0.15,0.75,6,0.0616,0.2185,0.1765,0.1267,0.156,0.0835,0.0447,0.1325,100,false
0.15,0.75,7,0.0612,0.2405,0.169,0.1193,0.1514,0.0778,0.0396,0.1412,100,false
0.15,0.75,8,0.0605,0.2646,0.1546,0.1149,0.1444,0.0741,0.0355,0.1514,100,false
0.15,0.75,9,0.0602,0.2785,0.1422,0.1108,0.1423,0.0711,0.0339,0.161,100,false
0.15,0.75,10,0.0594,0.2935,0.1281,0.108,0.1378,0.0685,0.0343,0.1704,100,false
0.15,0.75,50,0.0093,0.2516,0.0276,0.2096,0.1203,0.0788,0.1224,0.1804,100,false
0.15,0.75,100,0.0078,0.4826,0.0146,0.1383,0.0529,0.1259,0.0983,0.0796,100,false
0.1,0.75,1000,0.0127,0.1335,0,0.4035,0,0.1566,0.0129,0.2808,100,false
0.15,0.75,1000,0.1085,0.1753,0.1437,0.1347,0.0996,0.0038,0.172,0.1624,100,false
0.1,0.7,5000,0.2629,0.2,0.1389,0.0891,0.1609,0,0.0404,0.1078,100,false
