MCS,ROCK,PAPER,SCISSORS,LIZARD,SPOCK
0,19.9,19.9575,20.2,20.2225,19.72
1,15.81,15.7925,18.9325,16.0675,16.0275
2,14.55,14.62,20.345,14.955,15.41
3,14.075,13.91,22.01,14.3975,15.225
4,13.7875,13.335,23.8925,14.08,15.3575
5,13.715,12.9925,25.6,13.7625,15.7975
6,13.51,12.3975,27.1425,13.3525,16.235
7,13.2425,11.9025,28.5575,13.0425,16.8525
8,13.1275,11.3825,30.11,12.4875,17.3575
9,12.6225,10.71,31.4025,12.1025,17.9525
10,12.585,10.325,32.41,11.62,18.71
11,12.27,9.8475,33.1675,11.245,19.51
12,11.8925,9.3325,33.83,10.8825,20.365
13,11.5875,8.815,34.6,10.6425,21.2925
14,11.32,8.4225,34.895,10.3675,22.225
15,10.9325,7.9725,35.3075,10.0975,23.3675
16,10.7575,7.6575,35.5375,9.8425,24.415
17,10.425,7.2625,35.43,9.5625,25.4825
18,10.1125,7,35.365,9.4225,26.7275
19,9.775,6.75,35.045,9.2075,27.615
20,9.5725,6.4825,34.87,9,28.965
21,9.1375,6.2475,34.4925,8.9975,30.2725
22,8.9175,6.03,34.1475,8.98,31.5975
23,8.5625,5.755,33.575,9.0125,32.7325
24,8.2,5.5675,32.875,9.0725,34.0775
25,7.835,5.39,32.0975,9.18,35.3575
26,7.5525,5.4425,31.1875,9.3075,36.5725
27,7.1375,5.41,30.3525,9.3225,37.805
28,6.87,5.3325,29.515,9.5575,39.1125
29,6.625,5.3375,28.71,9.615,40.39
30,6.3525,5.265,27.72,9.6725,41.4525
31,6.0875,5.33,26.7275,9.88,42.6875
32,5.6675,5.3475,25.83,10.0725,43.8675
33,5.3875,5.3225,25.13,10.25,44.79
34,5.0175,5.3375,24.19,10.525,45.8225
35,4.7325,5.36,23.18,10.73,46.805
36,4.505,5.37,22.3025,10.91,47.8525
37,4.3075,5.49,21.415,11.3025,48.7625
38,4.075,5.6125,20.515,11.6275,49.525
39,3.9,5.615,19.635,11.985,50.265
40,3.6525,5.725,18.965,12.4775,50.76
41,3.465,5.87,18.1625,12.93,51.28
42,3.26,5.985,17.4275,13.335,51.6225
43,3.09,6.1825,16.8175,13.745,51.8775
44,2.93,6.4325,16.2925,14.1975,52.03
45,2.755,6.5675,15.8325,14.6625,52.0975
46,2.615,6.8225,15.145,15.1975,52.195
47,2.46,7,14.69,15.7025,52.25
48,2.3725,7.085,14.3075,16.26,52.2925
49,2.3,7.3125,13.8525,16.81,51.985
50,2.1875,7.485,13.495,17.4475,51.635
51,2.0975,7.665,13.2025,18.12,51.4025
52,2.045,7.745,13.0425,18.755,50.85
53,2.0275,7.97,12.61,19.585,50.3975
54,2.02,8.125,12.335,20.155,49.9125
55,1.935,8.2375,12.1525,20.8,49.4225
56,1.8925,8.3875,12.0225,21.4975,48.7925
57,1.8625,8.55,11.8775,22.17,48.24
58,1.845,8.5875,11.8075,22.8525,47.66
59,1.7825,8.7925,11.775,23.5375,46.955
60,1.745,8.8675,11.665,24.235,46.02
61,1.7075,9.0075,11.6975,24.945,45.355
62,1.7025,9.0925,11.6475,25.7825,44.5275
63,1.7475,9.1575,11.6575,26.5,43.57
64,1.7475,9.2375,11.74,27.24,42.6025
65,1.7775,9.385,11.815,28.0525,41.7025
66,1.7675,9.435,11.8425,28.74,40.86
67,1.7775,9.4825,12.025,29.445,39.7075
68,1.8125,9.5425,12.24,30.17,38.7525
69,1.8425,9.495,12.3375,31.0875,37.7175
70,1.8525,9.4825,12.5725,31.7325,36.93
71,1.875,9.5275,12.7775,32.43,35.99
72,1.915,9.5325,13.125,33.0925,35.06
73,1.9675,9.4525,13.2525,33.8975,34.165
74,2.0325,9.475,13.4525,34.6125,33.1875
75,2.0675,9.4075,13.7875,35.2175,32.21
76,2.0875,9.32,14.1225,35.695,31.3025
77,2.1525,9.345,14.4475,36.315,30.4125
78,2.1925,9.2225,14.8375,36.945,29.62
79,2.2275,9.12,15.1825,37.5575,28.8025
80,2.2375,8.9725,15.6625,37.8175,28.015
81,2.2925,8.8225,16.06,38.42,27.2775
82,2.35,8.7075,16.435,38.9825,26.44
83,2.3725,8.6,16.8925,39.4,25.67
84,2.4075,8.355,17.315,39.86,25.035
85,2.4425,8.195,17.7325,40.24,24.32
86,2.435,8.04,18.2675,40.495,23.65
87,2.5525,7.9075,18.6775,40.8275,22.975
88,2.6075,7.7275,19.1725,41.305,22.2625
89,2.6675,7.5625,19.695,41.4475,21.62
90,2.74,7.355,20.1425,41.5075,21.0275
91,2.775,7.195,20.5425,41.81,20.585
92,2.86,7.035,21.1025,41.935,20.035
93,2.9175,6.92,21.51,42.0075,19.7375
94,3.03,6.72,22.0825,41.9475,19.2475
95,3.105,6.565,22.56,41.7775,18.76
96,3.1925,6.4375,23.165,41.9025,18.3275
97,3.285,6.14,23.7425,41.8125,17.9625
98,3.35,6,24.3875,41.675,17.7025
99,3.3875,5.775,24.985,41.775,17.3575
100,3.445,5.565,25.2925,41.51,17.155
101,3.5525,5.32,25.805,41.34,17.025
102,3.6225,5.1,26.3875,41.065,16.8825
103,3.725,4.8375,26.9625,40.8525,16.81
104,3.815,4.62,27.4525,40.5575,16.6375
105,3.9225,4.4475,28.0175,40.385,16.485
106,3.9925,4.265,28.5575,39.945,16.4675
107,4.06,4.055,28.9975,39.705,16.355
108,4.1025,3.8575,29.5075,39.2075,16.395
109,4.165,3.6425,30.1725,38.755,16.4
110,4.2125,3.5,30.62,38.545,16.4025
111,4.165,3.2975,31.1525,37.9375,16.4875
112,4.27,3.1275,31.5625,37.4125,16.7475
113,4.365,2.98,32.03,36.835,16.8875
114,4.4425,2.8075,32.5475,36.235,17.1
115,4.495,2.665,32.9725,35.765,17.4225
116,4.525,2.6075,33.3175,35.12,17.6525
117,4.565,2.4675,33.79,34.62,17.8625
118,4.625,2.3475,34.305,34.015,18.19
119,4.6225,2.295,34.69,33.3025,18.39
120,4.66,2.1825,35.045,32.8925,18.685
121,4.7425,2.0975,35.42,32.205,19.0125
122,4.7525,2.01,35.6625,31.6025,19.475
123,4.7775,1.8575,35.7975,31.13,19.8025
124,4.7025,1.79,36.17,30.495,20.2575
125,4.7175,1.7225,36.2075,29.9525,20.8075
126,4.725,1.6375,36.4975,29.32,21.3925
127,4.7325,1.4925,36.8075,28.7475,21.9575
128,4.7875,1.455,36.9225,28.145,22.38
129,4.7875,1.3875,37.0625,27.5425,22.8175
130,4.77,1.2925,37.2425,26.8625,23.5125
131,4.7425,1.23,37.26,26.405,24.15
132,4.7475,1.2275,37.175,25.8075,24.6625
133,4.7475,1.1525,37.0725,25.1675,25.195
134,4.745,1.1025,37.155,24.6525,25.825
135,4.755,1.045,37.09,24.22,26.4325
136,4.72,0.9575,36.9475,23.665,27.2025
137,4.695,0.9675,36.88,23.17,27.805
138,4.665,0.9125,36.755,22.8475,28.5025
139,4.6125,0.8575,36.7,22.4575,28.9825
140,4.5875,0.79,36.51,22.16,29.53
141,4.565,0.7525,36.365,21.895,30.235
142,4.5975,0.735,36.1625,21.3575,30.845
143,4.6025,0.695,35.765,21.0425,31.485
144,4.585,0.65,35.5425,20.7825,32.0475
145,4.6,0.6175,35.3575,20.5425,32.555
146,4.5725,0.6225,35.1725,20.485,33.1275
147,4.545,0.595,34.835,20.28,33.6075
148,4.535,0.58,34.47,20.195,34.06
149,4.4925,0.575,34.3175,19.9775,34.51
150,4.4625,0.5925,34.015,19.95,34.925
151,4.3975,0.595,33.61,19.815,35.5625
152,4.355,0.575,33.28,19.8325,35.97
153,4.35,0.5725,32.9125,19.67,36.44
154,4.305,0.57,32.5875,19.65,36.9225
155,4.2825,0.575,32.2275,19.6275,37.415
156,4.2175,0.5775,31.7975,19.645,37.7275
157,4.2075,0.5775,31.46,19.7275,38.085
158,4.135,0.585,31.07,19.7625,38.5025
159,4.075,0.5925,30.7625,19.79,38.8975
160,3.98,0.605,30.3075,19.9825,39.0775
161,3.925,0.635,30.0725,19.9775,39.4725
162,3.835,0.64,29.4975,20.065,39.8075
163,3.745,0.655,29.13,20.2925,40.1425
164,3.6625,0.6575,28.77,20.3775,40.4575
165,3.625,0.67,28.3,20.6475,40.7825
166,3.4975,0.6825,27.82,20.8325,41.1175
167,3.4475,0.72,27.475,21.035,41.2375
168,3.375,0.7675,27.1825,21.1825,41.425
169,3.32,0.7825,26.79,21.4875,41.5375
170,3.2575,0.795,26.43,21.765,41.7225
171,3.1725,0.7775,25.9375,21.9975,41.92
172,3.1225,0.7925,25.4425,22.28,42.2525
173,3.0725,0.825,25,22.685,42.415
174,2.9625,0.8025,24.7,22.9825,42.4975
175,2.895,0.785,24.305,23.2675,42.5525
176,2.8425,0.7925,23.925,23.66,42.645
177,2.7325,0.8125,23.59,24.0425,43
178,2.5925,0.8125,23.2825,24.2725,42.9575
179,2.5375,0.815,22.845,24.5675,42.9925
180,2.4675,0.795,22.58,24.985,43.0625
181,2.3575,0.83,22.4375,25.3175,43.0875
182,2.3225,0.8575,22.025,25.7375,43.0625
183,2.28,0.85,21.855,26.1125,43
184,2.235,0.8575,21.6075,26.4975,42.8375
185,2.1775,0.855,21.435,26.8975,42.8925
186,2.12,0.86,21.2525,27.2625,42.7325
187,2.055,0.8625,20.9875,27.6175,42.5725
188,2.035,0.875,20.805,28.045,42.4725
189,1.995,0.8775,20.6725,28.38,42.3425
190,1.925,0.845,20.52,28.735,42.1975
191,1.9,0.8525,20.33,29.135,42.0875
192,1.8625,0.85,20.215,29.4275,41.805
193,1.8525,0.8675,20.13,29.9575,41.325
194,1.7875,0.8725,20,30.2725,41.0925
195,1.76,0.8175,20.0225,30.83,40.74
196,1.715,0.7675,20.0625,31.2025,40.415
197,1.6825,0.7675,19.99,31.6175,40.1575
198,1.635,0.765,19.9825,32.06,39.8575
199,1.61,0.7625,20.1275,32.3775,39.47
200,1.6225,0.7325,20.13,32.615,39.0525
201,1.665,0.7375,20.125,33.0275,38.7675
202,1.69,0.7325,20.1625,33.31,38.36
203,1.6975,0.6875,20.31,33.7,37.8875
204,1.6875,0.695,20.3825,34.0575,37.5525
205,1.705,0.715,20.345,34.28,37.1375
206,1.6775,0.7025,20.52,34.6525,36.605
207,1.6625,0.6925,20.56,34.9825,36.065
208,1.6975,0.6975,20.65,35.405,35.6775
209,1.7275,0.705,20.72,35.8175,35.085
210,1.7525,0.6925,20.87,36.135,34.765
211,1.7625,0.7075,20.9025,36.3425,34.2525
212,1.7975,0.6875,21.1,36.6575,33.845
213,1.8275,0.6825,21.255,37.1075,33.3525
214,1.92,0.6675,21.42,37.3575,32.87
215,1.9525,0.6425,21.545,37.475,32.39
216,1.945,0.6325,21.7475,37.75,31.965
217,1.9725,0.65,21.835,38,31.45
218,1.99,0.6425,22.04,38.295,30.9375
219,2.0175,0.6175,22.3075,38.5025,30.6
220,2.055,0.63,22.4675,38.8275,30.075
221,2.0825,0.6125,22.685,39.0575,29.7825
222,2.1125,0.6,22.8525,39.3,29.5325
223,2.1425,0.6,22.895,39.5575,28.9675
224,2.1725,0.565,23.1075,39.695,28.4675
225,2.195,0.54,23.39,39.805,28.0825
226,2.1925,0.5075,23.6225,40.03,27.6875
227,2.2075,0.4875,23.855,40.2,27.295
228,2.3025,0.45,24.1175,40.2325,27.0225
229,2.3375,0.4425,24.235,40.38,26.705
230,2.395,0.43,24.445,40.49,26.5625
231,2.44,0.42,24.475,40.5,26.155
232,2.5025,0.3925,24.6125,40.735,25.9775
233,2.5575,0.38,24.8075,40.735,25.7
234,2.6375,0.3775,24.9825,40.8075,25.345
235,2.695,0.365,25.2775,40.765,25.1025
236,2.7225,0.375,25.4125,40.77,24.87
237,2.7625,0.335,25.675,40.69,24.6575
238,2.825,0.3175,25.9775,40.655,24.43
239,2.8975,0.2925,26.2575,40.555,24.11
240,2.9925,0.2875,26.5475,40.44,23.7925
241,3.0125,0.2625,26.7975,40.5275,23.6475
242,3.035,0.245,27.0125,40.305,23.425
243,3.1175,0.235,27.36,40.225,23.1825
244,3.1475,0.23,27.7,40.0625,22.9875
245,3.1975,0.22,27.9125,39.8275,22.9725
246,3.27,0.2325,28.17,39.7175,22.87
247,3.315,0.235,28.49,39.465,22.7025
248,3.3475,0.245,28.66,39.4725,22.5375
249,3.3975,0.225,28.89,39.2,22.485
250,3.4675,0.235,29.1075,38.89,22.485
251,3.495,0.22,29.485,38.5625,22.495
252,3.5,0.21,29.7675,38.49,22.4325
253,3.5525,0.1975,30.055,38.235,22.305
254,3.5825,0.2,30.2225,37.855,22.275
255,3.6275,0.1825,30.465,37.6875,22.2275
256,3.68,0.18,30.7375,37.355,22.1875
257,3.7225,0.1625,31.1,36.98,22.325
258,3.75,0.165,31.4225,36.635,22.18
259,3.7325,0.165,31.565,36.345,22.27
260,3.7975,0.1625,31.905,36.04,22.4525
261,3.8425,0.1525,32.0325,35.7275,22.525
262,3.9025,0.155,32.2775,35.265,22.505
263,3.93,0.145,32.5625,34.8425,22.58
264,3.9325,0.14,32.8625,34.5325,22.715
265,3.975,0.1375,33.1075,34.0625,22.845
266,4.02,0.135,33.2475,33.6975,23.045
267,4.0375,0.145,33.4425,33.5,23.1725
268,4.115,0.1375,33.7375,33.12,23.295
269,4.155,0.1425,33.885,32.74,23.2075
270,4.1725,0.145,34.0325,32.38,23.435
271,4.2325,0.15,34.16,31.995,23.6375
272,4.2675,0.1525,34.3725,31.535,23.8
273,4.33,0.16,34.4825,31.27,23.975
274,4.34,0.1625,34.63,30.82,24.0975
275,4.39,0.175,34.735,30.4975,24.3425
276,4.445,0.19,34.85,30.2475,24.5475
277,4.465,0.1975,34.93,30.0075,24.6975
278,4.49,0.2025,34.975,29.65,24.8825
279,4.4875,0.1925,35.065,29.43,25.125
280,4.52,0.1925,35.0275,29.025,25.4625
281,4.53,0.21,35.14,28.7425,25.715
282,4.5625,0.2175,35.2025,28.355,26.04
283,4.585,0.2275,35.2175,28,26.27
284,4.58,0.2375,35.3275,27.665,26.4475
285,4.585,0.24,35.335,27.365,26.6025
286,4.605,0.25,35.295,27.23,26.9225
287,4.6125,0.2725,35.08,26.9225,27.2375
288,4.5875,0.3025,35.1575,26.7425,27.495
289,4.565,0.315,35.0975,26.6275,27.7625
290,4.58,0.315,34.995,26.385,27.9975
291,4.56,0.3175,34.9725,26.14,28.315
292,4.5125,0.325,35,25.975,28.555
293,4.5175,0.3325,34.85,25.8425,28.8125
294,4.5025,0.335,34.665,25.695,29.105
295,4.4625,0.3375,34.6075,25.5275,29.4875
296,4.43,0.3425,34.525,25.385,29.6825
297,4.4025,0.3425,34.4375,25.3,29.88
298,4.3625,0.35,34.31,25.27,29.9725
299,4.3875,0.36,34.065,25.13,30.1775
300,4.39,0.3825,33.9275,25.09,30.4
301,4.3875,0.3725,33.715,25.11,30.8075
302,4.375,0.3575,33.47,25.09,31.0075
303,4.3675,0.375,33.3,24.8725,31.3875
304,4.33,0.3825,33.28,24.83,31.695
305,4.32,0.3725,33.0525,24.765,31.8075
306,4.3025,0.365,32.87,24.7375,32.07
307,4.295,0.375,32.675,24.8775,32.32
308,4.2925,0.38,32.465,24.8325,32.45
309,4.2675,0.385,32.1925,24.755,32.6225
310,4.225,0.365,32.0875,24.845,32.765
311,4.2025,0.3775,31.8325,24.73,33.05
312,4.2,0.3925,31.7725,24.85,33.215
313,4.1875,0.375,31.4525,24.82,33.3875
314,4.1525,0.36,31.3025,24.9325,33.515
315,4.11,0.35,31.11,24.925,33.7425
316,4.065,0.35,30.81,24.995,33.9925
317,4.0075,0.3575,30.605,25.0675,34.21
318,3.9325,0.3475,30.3325,25.22,34.345
319,3.895,0.3325,30.09,25.4275,34.5725
320,3.85,0.3375,29.9575,25.475,34.7575
321,3.8125,0.34,29.71,25.535,34.9675
322,3.7975,0.3325,29.375,25.665,35.0575
323,3.7075,0.32,29.1725,25.9025,35.265
324,3.69,0.325,28.975,25.9275,35.41
325,3.66,0.33,28.795,26.0625,35.62
326,3.615,0.315,28.6025,26.215,35.725
327,3.525,0.2975,28.385,26.2775,35.79
328,3.4825,0.2875,28.095,26.4475,35.99
329,3.425,0.2775,28.025,26.475,36
330,3.3575,0.2775,27.8775,26.5475,36.2325
331,3.3425,0.285,27.7875,26.695,36.24
332,3.2875,0.2925,27.775,26.995,36.0025
333,3.225,0.295,27.6125,27.03,36.0725
334,3.17,0.295,27.49,27.23,36.19
335,3.145,0.2825,27.415,27.36,36.0225
336,3.1575,0.2825,27.1075,27.48,35.95
337,3.0925,0.27,27.0975,27.6,35.95
338,3.0775,0.265,27.0125,27.8975,35.975
339,3.055,0.2525,27.0075,28.155,35.905
340,3.0275,0.25,26.905,28.3,35.875
341,2.945,0.2475,26.815,28.4525,35.8025
342,2.875,0.24,26.6825,28.5775,35.765
343,2.8425,0.235,26.56,28.84,35.7875
344,2.785,0.2125,26.4925,28.9825,35.7575
345,2.74,0.22,26.515,29.2025,35.6675
346,2.715,0.2175,26.4275,29.2875,35.45
347,2.685,0.22,26.52,29.3525,35.375
348,2.6575,0.2175,26.51,29.41,35.205
349,2.5675,0.2025,26.505,29.56,35.2375
350,2.57,0.195,26.465,29.66,35.14
351,2.5675,0.18,26.5575,29.7525,35.0025
352,2.5225,0.165,26.48,30.0725,34.7475
353,2.4375,0.165,26.515,30.375,34.6575
354,2.3775,0.15,26.3725,30.5475,34.7575
355,2.31,0.1475,26.355,30.5125,34.6175
356,2.275,0.1425,26.4075,30.7175,34.37
357,2.305,0.1575,26.285,31.0525,34.335
358,2.235,0.13,26.1925,31.29,34.075
359,2.2125,0.12,26.1525,31.535,33.9175
360,2.1975,0.095,26.1175,31.6775,33.8575
361,2.1925,0.095,26.105,31.84,33.7325
362,2.1975,0.0925,26.14,31.9125,33.6075
363,2.17,0.09,26.1125,32.11,33.5775
364,2.1375,0.0875,26.155,32.17,33.3875
365,2.1425,0.0725,26.2975,32.2825,33.2475
366,2.125,0.0725,26.1525,32.57,33.1
367,2.115,0.0625,26.115,32.71,33.04
368,2.0875,0.0575,26.1625,32.9325,32.9275
369,2.0975,0.0475,26.23,33.095,32.805
370,2.11,0.05,26.2125,33.375,32.6475
371,2.11,0.0425,26.165,33.4025,32.445
372,2.0975,0.0375,26.015,33.4625,32.4775
373,2.0925,0.035,26.015,33.515,32.4475
374,2.08,0.035,26.0975,33.485,32.32
375,2.05,0.035,26.0925,33.6525,32.285
376,2.05,0.035,26.06,33.7525,32.1225
377,2.0675,0.0375,26.18,33.8425,31.95
378,2.075,0.0375,26.1775,33.88,31.8525
379,2.035,0.0475,26.215,33.975,31.8525
380,2.0475,0.0475,26.435,34.0375,31.57
381,2.0675,0.055,26.555,34.0375,31.3325
382,2.0925,0.0575,26.6575,34.0225,31.165
383,2.1075,0.0575,26.66,34.12,31.0325
384,2.135,0.055,26.78,34.26,30.88
385,2.15,0.055,26.8325,34.24,30.58
386,2.2,0.0525,26.97,34.3075,30.455
387,2.205,0.0525,27.1125,34.305,30.0925
388,2.2275,0.05,27.2625,34.3375,29.9975
389,2.2825,0.04,27.51,34.28,29.845
390,2.34,0.035,27.68,34.2725,29.74
391,2.3875,0.0475,27.805,34.14,29.5175
392,2.4,0.0425,28.015,34.1175,29.385
393,2.47,0.0525,28.2275,34.0525,29.2225
394,2.5175,0.0575,28.3325,33.9075,29.03
395,2.5525,0.065,28.675,33.9325,28.8975
396,2.595,0.0675,28.7225,33.7525,28.7575
397,2.63,0.07,28.9575,33.6425,28.71
398,2.68,0.0675,29.115,33.655,28.465
399,2.745,0.0675,29.3,33.42,28.315
400,2.775,0.0725,29.4375,33.36,28.3875
401,2.7975,0.075,29.5525,33.29,28.33
402,2.825,0.0725,29.695,33.18,28.2
403,2.835,0.0775,29.815,33.0975,28.0425
404,2.87,0.07,29.925,33.1425,27.955
405,2.905,0.0675,30.29,33.2425,27.7175
406,2.9525,0.0675,30.2825,32.9525,27.7875
407,2.98,0.0775,30.375,32.8375,27.775
408,3.0425,0.08,30.4875,32.7375,27.815
409,3.0925,0.0775,30.575,32.5875,27.77
410,3.18,0.0775,30.585,32.1525,27.72
411,3.205,0.0775,30.82,32.075,27.775
412,3.2425,0.08,30.935,31.875,27.815
413,3.2675,0.085,31.09,31.55,27.935
414,3.325,0.085,31.235,31.41,28.0575
415,3.38,0.09,31.335,31.315,27.945
416,3.435,0.0875,31.315,31.205,28.0875
417,3.515,0.085,31.33,30.98,28.2125
418,3.58,0.0775,31.42,30.635,28.4275
419,3.62,0.0775,31.515,30.5225,28.3175
420,3.68,0.075,31.5825,30.3825,28.38
421,3.7325,0.0675,31.5875,30.42,28.4425
422,3.7525,0.0675,31.7575,30.365,28.31
423,3.8275,0.05,31.8925,30.165,28.425
424,3.8275,0.0525,31.8875,29.935,28.485
425,3.84,0.055,31.9275,29.7575,28.5825
426,3.85,0.055,32.055,29.5375,28.66
427,3.8725,0.0575,32.2,29.4225,28.8825
428,3.915,0.0625,32.055,29.2675,29.0375
429,3.8925,0.0675,32.17,29.15,29.0775
430,3.9175,0.065,32.095,29.0425,29.1325
431,3.94,0.08,32.1175,28.935,29.1825
432,3.9,0.0725,32.165,28.7675,29.3
433,3.88,0.08,32.2375,28.615,29.3
434,3.9025,0.0775,32.2175,28.51,29.3575
435,3.9325,0.0875,32.1575,28.3775,29.5075
436,3.8875,0.0825,32.2325,28.255,29.65
437,3.875,0.0825,32.2775,28.195,29.765
438,3.875,0.0875,32.205,28.0925,29.8625
439,3.8875,0.0875,32.11,28.08,29.935
440,3.815,0.09,32.08,27.9675,30.06
441,3.8375,0.09,32.065,27.82,30.185
442,3.8425,0.1025,31.9825,27.8775,30.33
443,3.7725,0.1,32.0125,27.97,30.26
444,3.775,0.1,32.1,27.95,30.2575
445,3.75,0.1,32.195,27.9525,30.255
446,3.7,0.1,32.0925,27.8675,30.3075
447,3.73,0.0975,31.9075,27.875,30.3575
448,3.71,0.085,31.7825,27.8775,30.425
449,3.6925,0.08,31.675,27.995,30.5975
450,3.595,0.0725,31.465,28.0425,30.7375
451,3.5825,0.075,31.335,28.035,30.88
452,3.5375,0.0775,31.2275,28.0775,30.9475
453,3.5075,0.0725,31.1075,28.0625,31.0925
454,3.47,0.0625,30.9575,28.1625,31.1725
455,3.44,0.065,30.975,28.18,31.235
456,3.4075,0.065,30.8725,28.395,31.3225
457,3.3825,0.07,30.7025,28.375,31.5325
458,3.3375,0.0625,30.515,28.3575,31.7
459,3.27,0.0625,30.4825,28.37,31.64
460,3.235,0.06,30.4,28.45,31.7775
461,3.22,0.055,30.27,28.5075,31.905
462,3.18,0.0525,30.1725,28.6,31.9575
463,3.14,0.05,30.145,28.6,31.9825
464,3.085,0.0525,30.0725,28.695,32.095
465,3.0925,0.05,29.8975,28.68,32.125
466,3.0625,0.04,29.73,28.8425,32.1
467,3.04,0.04,29.6825,28.8725,32.1625
468,3.0275,0.03,29.72,28.96,32.1475
469,3.025,0.0275,29.7025,29.0625,32.23
470,2.9875,0.0325,29.6525,29.045,32.365
471,3.025,0.0325,29.48,29.065,32.5075
472,2.965,0.0275,29.475,29.2775,32.4075
473,2.93,0.0225,29.3225,29.42,32.545
474,2.93,0.0225,29.31,29.5025,32.485
475,2.9225,0.0225,29.265,29.6175,32.6325
476,2.8475,0.0225,29.0675,29.6675,32.655
477,2.86,0.0225,28.98,29.6175,32.695
478,2.8525,0.02,28.9775,29.72,32.6975
479,2.87,0.02,28.965,29.695,32.725
480,2.8275,0.015,28.975,29.825,32.7225
481,2.81,0.02,29.0225,29.7675,32.5675
482,2.8175,0.0175,28.855,29.97,32.595
483,2.7975,0.015,28.75,30.02,32.58
484,2.825,0.015,28.765,29.96,32.5475
485,2.845,0.02,28.7575,30.1625,32.465
486,2.85,0.02,28.855,30.2025,32.3575
487,2.87,0.0175,28.7725,30.3325,32.2725
488,2.8825,0.02,28.795,30.43,32.285
489,2.8275,0.015,28.615,30.5775,32.285
490,2.8625,0.0175,28.585,30.53,32.275
491,2.915,0.015,28.6325,30.5925,32.1875
492,2.9175,0.0125,28.6,30.5575,32.055
493,2.93,0.015,28.605,30.7025,31.995
494,2.935,0.02,28.56,30.7525,31.9775
495,2.9525,0.015,28.6475,30.8075,31.9725
496,2.9575,0.0175,28.6425,30.8575,31.84
497,3.0075,0.02,28.665,30.8875,31.7825
498,3.045,0.0175,28.63,30.815,31.7875
499,3.04,0.0225,28.5525,30.8125,31.7725
500,3.095,0.0225,28.58,30.9175,31.7375
501,3.1525,0.0275,28.5,30.9475,31.64
502,3.1875,0.025,28.5475,30.98,31.66
503,3.1675,0.0325,28.6125,30.9875,31.59
504,3.2425,0.035,28.64,31.0725,31.48
505,3.25,0.045,28.58,30.915,31.4325
506,3.2375,0.0475,28.695,31.0375,31.355
507,3.2225,0.0525,28.735,31.0325,31.33
508,3.2575,0.055,28.78,31.075,31.0625
509,3.2925,0.0575,28.8225,31.0275,31.11
510,3.345,0.055,28.8925,31.1825,30.9275
511,3.375,0.055,28.9475,31.255,30.89
512,3.3625,0.0575,28.965,31.2875,30.775
513,3.3425,0.065,28.9875,31.24,30.675
514,3.38,0.075,29.0025,31.2925,30.6275
515,3.3925,0.0775,28.94,31.2975,30.5925
516,3.42,0.08,29.07,31.395,30.53
517,3.4675,0.085,29.0325,31.46,30.4825
518,3.5025,0.0825,29.06,31.33,30.52
519,3.5025,0.09,29.035,31.335,30.4
520,3.5475,0.105,29.035,31.43,30.265
521,3.5275,0.1125,29.03,31.66,30.13
522,3.5575,0.115,29.08,31.66,30.06
523,3.57,0.1125,29.1075,31.6525,29.8125
524,3.5775,0.1225,29.25,31.6075,29.8225
525,3.615,0.1225,29.165,31.6475,29.8275
526,3.655,0.1375,29.1,31.715,29.8175
527,3.6925,0.13,29.0025,31.7975,29.63
528,3.7125,0.1275,29.0375,31.76,29.495
529,3.71,0.13,29.1975,31.6475,29.58
530,3.71,0.1325,29.2475,31.69,29.4225
531,3.8125,0.125,29.18,31.735,29.495
532,3.8625,0.1275,29.2025,31.7575,29.29
533,3.88,0.125,29.125,31.8175,29.2775
534,3.92,0.1225,29.04,31.975,29.1825
535,3.9575,0.1275,28.9375,31.9375,29.075
536,4.015,0.1275,29.025,32.0275,29.18
537,4.0275,0.115,29.1475,31.9775,29.14
538,4.0475,0.12,29.0975,32.0075,28.93
539,4.0725,0.1225,29.15,31.91,28.7975
540,4.1,0.1175,29.2875,31.8625,28.7375
541,4.1525,0.1,29.425,31.9725,28.6625
542,4.18,0.105,29.315,31.985,28.6275
543,4.18,0.1,29.41,31.8825,28.68
544,4.2025,0.0825,29.35,31.8325,28.65
545,4.2825,0.085,29.26,31.785,28.6375
546,4.29,0.085,29.27,31.8775,28.73
547,4.3525,0.075,29.3025,31.84,28.6425
548,4.39,0.075,29.235,31.6475,28.6175
549,4.3675,0.0675,29.1975,31.69,28.8575
550,4.405,0.0575,29.18,31.595,28.9775
551,4.415,0.0575,29.22,31.5075,29.0775
552,4.415,0.045,29.2025,31.4925,28.93
553,4.425,0.035,29.2,31.4975,28.9325
554,4.4825,0.0325,29.24,31.4775,28.9725
555,4.495,0.0225,29.2375,31.32,28.9775
556,4.4875,0.025,29.3075,31.24,29.06
557,4.505,0.02,29.2575,31.1925,29.1325
558,4.53,0.015,29.33,31.0425,29.25
559,4.555,0.01,29.3325,30.955,29.37
560,4.525,0,29.3225,31.12,29.3875
561,4.5325,0,29.295,31.07,29.5175
562,4.545,0,29.2625,30.9975,29.675
563,4.55,0,29.185,30.87,29.695
564,4.515,0,29.24,30.69,29.68
565,4.51,0,29.36,30.7425,29.645
566,4.5625,0,29.3575,30.4725,29.7925
567,4.6075,0,29.525,30.5,29.835
568,4.6025,0,29.5575,30.3525,29.86
569,4.6175,0,29.5025,30.3275,29.9625
570,4.5875,0,29.4825,30.285,30
571,4.6325,0,29.4475,30.2125,30.0975
572,4.645,0,29.5375,30.0775,30.005
573,4.6725,0,29.6575,29.96,30.05
574,4.6275,0,29.67,29.93,29.97
575,4.655,0,29.6475,29.8275,29.9775
576,4.6725,0,29.7025,29.6725,30.055
577,4.655,0,29.665,29.5225,30.1325
578,4.6425,0,29.675,29.4075,30.22
579,4.645,0,29.6275,29.4375,30.1975
580,4.6025,0,29.7825,29.395,30.2725
581,4.625,0,29.695,29.3275,30.38
582,4.5875,0,29.8,29.4025,30.395
583,4.5575,0,29.755,29.3175,30.29
584,4.6,0,29.725,29.2075,30.4
585,4.5625,0,29.7275,29.1575,30.56
586,4.5275,0,29.69,29.195,30.63
587,4.545,0,29.65,29.125,30.5725
588,4.505,0,29.71,29.1675,30.5425
589,4.5,0,29.7625,28.96,30.645
590,4.4475,0,29.755,29,30.8025
591,4.4225,0,29.785,28.9675,30.87
592,4.3725,0,29.82,29.0575,30.9475
593,4.375,0,29.7875,29.025,30.8475
594,4.3675,0,29.875,28.9225,30.6525
595,4.315,0,29.8475,29.065,30.7375
596,4.295,0,29.8925,29.0825,30.7
597,4.2975,0,29.8325,29.0825,30.4725
598,4.265,0,29.85,29.18,30.6025
599,4.2625,0,30.0575,29.2475,30.5725
600,4.24,0,30.115,29.2325,30.5475
601,4.28,0,30.0175,29.265,30.6175
602,4.24,0,29.995,29.4275,30.5425
603,4.27,0,29.855,29.525,30.5375
604,4.295,0,29.7575,29.61,30.4225
605,4.3,0,29.785,29.6025,30.3125
606,4.265,0,29.635,29.5525,30.32
607,4.27,0,29.58,29.705,30.3725
608,4.2875,0,29.5075,29.8575,30.3675
609,4.29,0,29.4925,29.9275,30.3525
610,4.3175,0,29.445,30.0275,30.3625
611,4.32,0,29.265,30.0375,30.4
612,4.2925,0,29.1975,30.1825,30.4725
613,4.3225,0,29.06,30.2675,30.4725
614,4.315,0,28.93,30.335,30.505
615,4.28,0,28.885,30.44,30.4875
616,4.3425,0,28.775,30.3675,30.3925
617,4.3775,0,28.6325,30.4225,30.4675
618,4.3775,0,28.4525,30.51,30.53
619,4.3875,0,28.355,30.72,30.6075
620,4.39,0,28.2025,30.7125,30.515
621,4.395,0,28.1275,30.8175,30.6975
622,4.415,0,28.06,30.76,30.7125
623,4.4075,0,28.025,30.7575,30.64
624,4.4075,0,27.9075,30.86,30.825
625,4.375,0,27.77,30.6975,30.8525
626,4.365,0,27.6675,30.7275,30.8775
627,4.395,0,27.7475,30.73,30.9075
628,4.425,0,27.7375,30.805,30.84
629,4.4125,0,27.8025,30.7775,30.955
630,4.4075,0,27.8325,30.6625,31.015
631,4.3975,0,27.7925,30.56,31.0925
632,4.4175,0,27.83,30.485,30.9675
633,4.3675,0,27.7825,30.49,31.0825
634,4.3475,0,27.835,30.54,31.2175
635,4.34,0,27.7825,30.415,31.0875
636,4.375,0,27.8975,30.465,31.0125
637,4.32,0,27.895,30.2675,31.1375
638,4.315,0,28.0175,30.3175,31.1125
639,4.285,0,27.9975,30.415,31.005
640,4.265,0,28.16,30.325,31.02
641,4.175,0,28.2025,30.295,30.98
642,4.1475,0,28.2075,30.265,31.005
643,4.145,0,28.2525,30.43,31.0575
644,4.0775,0,28.205,30.4725,30.9975
645,4.0275,0,28.29,30.515,30.9725
646,4.045,0,28.25,30.605,31.0475
647,3.99,0,28.245,30.6725,31.085
648,3.97,0,28.235,30.5775,31.04
649,3.9725,0,28.2675,30.63,30.8075
650,3.93,0,28.205,30.6625,30.8925
651,3.935,0,28.165,30.655,30.97
652,3.8975,0,28.135,30.6975,31
653,3.895,0,28.22,30.5825,30.94
654,3.925,0,28.27,30.5325,30.9225
655,3.9125,0,28.3775,30.55,30.8875
656,3.945,0,28.3975,30.5,30.8425
657,3.93,0,28.3375,30.515,30.9475
658,3.92,0,28.3475,30.4775,30.9025
659,3.93,0,28.3625,30.465,30.8975
660,3.98,0,28.5325,30.38,30.7275
661,3.9125,0,28.5325,30.3875,30.785
662,3.8825,0,28.565,30.3225,30.7025
663,3.885,0,28.6075,30.32,30.72
664,3.915,0,28.7025,30.2575,30.685
665,3.905,0,28.725,30.235,30.7625
666,3.925,0,28.7825,30.1525,30.7575
667,3.895,0,28.8425,30.165,30.635
668,3.845,0,28.845,30.22,30.775
669,3.8075,0,28.8575,30.2575,30.825
670,3.7775,0,28.88,30.07,30.7825
671,3.7475,0,28.9275,30.2125,30.8625
672,3.76,0,28.8625,30.1925,30.82
673,3.72,0,28.8825,30.1875,30.8875
674,3.7175,0,28.94,30.15,30.915
675,3.73,0,28.98,30.29,30.85
676,3.7325,0,29.0375,30.16,30.8
677,3.725,0,28.9575,30.1675,30.67
678,3.72,0,29.05,30.13,30.8325
679,3.705,0,29.0825,30.0575,30.76
680,3.6875,0,28.99,30.0175,30.775
681,3.6625,0,29.0225,30.105,30.9
682,3.615,0,29.0875,30.1425,30.895
683,3.625,0,29.205,30.115,30.99
684,3.595,0,29.1775,30.22,30.83
685,3.565,0,29.2425,30.155,30.64
686,3.525,0,29.365,30.2075,30.7325
687,3.5375,0,29.445,30.3075,30.7125
688,3.5325,0,29.315,30.13,30.62
689,3.5225,0,29.275,30.1775,30.6525
690,3.515,0,29.2325,30.1875,30.7525
691,3.47,0,29.43,30.1575,30.62
692,3.4875,0,29.5125,30.0975,30.5725
693,3.51,0,29.61,29.895,30.565
694,3.4375,0,29.585,29.8925,30.62
695,3.445,0,29.605,30.005,30.7125
696,3.445,0,29.735,29.98,30.85
697,3.4275,0,29.65,29.9775,30.77
698,3.4225,0,29.675,29.91,30.7675
699,3.425,0,29.6325,29.735,30.835
700,3.4275,0,29.6625,29.6625,30.8675
701,3.3775,0,29.81,29.6525,30.8775
702,3.3775,0,29.98,29.55,31.0275
703,3.37,0,30.0025,29.5225,30.9575
704,3.3675,0,30.18,29.605,30.8975
705,3.3625,0,30.1575,29.4725,30.83
706,3.3675,0,30.2625,29.2875,30.7675
707,3.3775,0,30.1775,29.315,30.805
708,3.335,0,30.055,29.2075,30.985
709,3.3725,0,30.165,29.1775,31.1525
710,3.41,0,30.08,29.07,31.08
711,3.425,0,30.05,29.0725,31.2575
712,3.4425,0,30.19,28.9775,31.3775
713,3.44,0,30.27,28.86,31.4075
714,3.4525,0,30.23,28.7725,31.525
715,3.455,0,30.1,28.75,31.68
716,3.435,0,30.1175,28.685,31.7425
717,3.415,0,30.1075,28.6375,31.8875
718,3.3625,0,30.0375,28.6725,31.9325
719,3.3475,0,29.96,28.81,31.9775
720,3.35,0,29.8175,28.8225,31.975
721,3.3825,0,29.73,28.7125,31.9475
722,3.33,0,29.695,28.7625,32.085
723,3.31,0,29.6625,28.855,32.13
724,3.2425,0,29.705,28.9475,32.18
725,3.1725,0,29.635,28.875,32.285
726,3.1375,0,29.6525,28.71,32.51
727,3.155,0,29.595,28.7025,32.475
728,3.105,0,29.4225,28.7675,32.6125
729,3.095,0,29.4375,28.7375,32.7325
730,3.0725,0,29.2525,28.8325,32.7525
731,3.02,0,29.1375,28.78,32.8825
732,3.0275,0,29.105,28.8175,33.0375
733,3.025,0,29.06,28.625,33.105
734,2.9575,0,29.005,28.6975,33.3125
735,2.92,0,29.0075,28.7025,33.4025
736,2.85,0,28.7875,28.7625,33.5575
737,2.8275,0,28.79,28.8175,33.5225
738,2.795,0,28.8325,28.635,33.6425
739,2.775,0,28.81,28.7725,33.79
740,2.715,0,28.77,28.9,33.7225
741,2.6975,0,28.7925,28.755,33.77
742,2.67,0,28.8375,28.6775,33.8125
743,2.6675,0,28.8775,28.7275,33.8525
744,2.6775,0,28.95,28.675,33.7925
745,2.675,0,28.8925,28.7,33.8375
746,2.6525,0,28.8425,28.7725,33.8275
747,2.6025,0,28.775,28.82,33.8475
748,2.53,0,28.735,28.91,33.865
749,2.535,0,28.7275,28.855,33.88
750,2.4825,0,28.73,29.0225,33.75
751,2.4575,0,28.81,29.12,33.67
752,2.46,0,28.72,29.2475,33.7
753,2.4,0,28.655,29.27,33.7075
754,2.395,0,28.7225,29.28,33.585
755,2.4175,0,28.665,29.3275,33.51
756,2.405,0,28.635,29.51,33.45
757,2.3625,0,28.4575,29.495,33.4875
758,2.3675,0,28.4875,29.635,33.4125
759,2.37,0,28.3875,29.7125,33.4375
760,2.3425,0,28.3525,29.7425,33.4425
761,2.355,0,28.285,29.8725,33.4575
762,2.3125,0,28.0725,29.9575,33.3825
763,2.32,0,28.0675,30.1375,33.2625
764,2.3325,0,28.0575,30.22,33.1825
765,2.3075,0,28.065,30.415,33.25
766,2.2925,0,27.9875,30.4625,33.2125
767,2.3025,0,27.9425,30.62,33.205
768,2.305,0,27.885,30.6425,33.125
769,2.295,0,27.8575,30.6825,33.11
770,2.2925,0,27.8825,30.655,33.1025
771,2.275,0,27.8625,30.66,33.11
772,2.27,0,27.805,30.7625,33.155
773,2.22,0,27.8325,30.75,33.0025
774,2.2,0,27.8575,30.9425,33.0875
775,2.2175,0,27.9325,31,33.1525
776,2.2125,0,27.8875,31.0025,33.0575
777,2.1975,0,27.76,31.0975,33.0325
778,2.21,0,27.7875,31.1125,32.965
779,2.195,0,27.8775,31.125,33.1025
780,2.2175,0,27.77,31.17,32.9575
781,2.225,0,27.87,31.25,32.9125
782,2.245,0,27.78,31.285,32.91
783,2.2425,0,27.8625,31.325,32.8275
784,2.24,0,27.825,31.355,32.675
785,2.245,0,27.885,31.4225,32.68
786,2.23,0,27.92,31.4325,32.4675
787,2.29,0,27.91,31.5475,32.35
788,2.3075,0,27.805,31.7525,32.2525
789,2.3075,0,27.845,31.87,32.0575
790,2.27,0,27.915,32.0725,32.005
791,2.245,0,27.8525,32.0475,31.9625
792,2.24,0,27.785,32.2025,31.7775
793,2.255,0,27.7525,32.3875,31.5975
794,2.27,0,27.77,32.5,31.46
795,2.2875,0,27.7275,32.4575,31.425
796,2.2725,0,27.8625,32.61,31.38
797,2.3175,0,27.7025,32.725,31.31
798,2.3,0,27.71,32.7675,31.24
799,2.3225,0,27.7,32.87,31.035
800,2.3225,0,27.5825,33.0125,31.075
801,2.3675,0,27.565,33.085,30.7725
802,2.4075,0,27.6,33.145,30.6725
803,2.44,0,27.6175,33.2075,30.52
804,2.4725,0,27.65,33.3475,30.56
805,2.47,0,27.6425,33.3475,30.5175
806,2.4975,0,27.5075,33.1975,30.5625
807,2.5225,0,27.58,33.325,30.41
808,2.5125,0,27.63,33.3975,30.29
809,2.5175,0,27.7775,33.535,30.245
810,2.5625,0,27.8275,33.4675,30.095
811,2.575,0,27.9975,33.53,29.935
812,2.5525,0,28.0275,33.495,29.965
813,2.605,0,28.0975,33.5125,29.965
814,2.61,0,28.1725,33.4575,29.7875
815,2.6175,0,28.2975,33.43,29.67
816,2.6375,0,28.3475,33.3425,29.7275
817,2.65,0,28.48,33.16,29.77
818,2.68,0,28.615,33.1775,29.5475
819,2.6875,0,28.7225,33.1825,29.395
820,2.705,0,28.885,33.1525,29.3375
821,2.72,0,28.995,32.97,29.3875
822,2.72,0,28.9575,33.02,29.36
823,2.7725,0,29.03,32.9875,29.2575
824,2.7875,0,29.065,32.87,29.2175
825,2.8425,0,29.06,32.6825,29.2575
826,2.8575,0,29.165,32.425,29.4125
827,2.9,0,29.395,32.2825,29.505
828,2.9175,0,29.3825,32.235,29.57
829,2.9325,0,29.51,32.0225,29.5875
830,2.9875,0,29.44,31.9975,29.6025
831,3.0225,0,29.545,31.875,29.6025
832,3,0,29.7225,31.73,29.5975
833,2.995,0,29.8325,31.6075,29.66
834,2.975,0,29.895,31.345,29.8175
835,2.99,0,29.92,31.1775,29.8475
836,3.0125,0,30.055,31.145,29.9475
837,3.025,0,30.0625,30.8475,30.005
838,3.0925,0,30.12,30.8,30.1025
839,3.1075,0,30.2775,30.625,30.1125
840,3.08,0,30.245,30.54,30.1875
841,3.1025,0,30.2,30.4125,30.3325
842,3.1075,0,30.285,30.0975,30.5225
843,3.1225,0,30.315,30.0375,30.495
844,3.12,0,30.3875,29.8675,30.61
845,3.1,0,30.465,29.735,30.7325
846,3.0925,0,30.5025,29.55,30.705
847,3.0825,0,30.56,29.44,30.81
848,3.075,0,30.5825,29.305,30.905
849,3.0675,0,30.5075,29.2775,31.02
850,3.0725,0,30.3225,29.2125,31.12
851,3.1025,0,30.3225,29.0075,31.33
852,3.085,0,30.485,28.9125,31.5125
853,3.0625,0,30.425,28.785,31.5975
854,3.055,0,30.3825,28.73,31.66
855,3.0575,0,30.5025,28.595,31.8725
856,3.0725,0,30.5,28.4725,31.9325
857,3.0875,0,30.3425,28.48,32.02
858,3.0625,0,30.38,28.405,32.07
859,3.0775,0,30.4325,28.29,32.0475
860,3.085,0,30.405,28.385,32.11
861,3.06,0,30.4675,28.2625,32.1975
862,3.0375,0,30.5025,28.145,32.315
863,3.0125,0,30.3425,28.0475,32.5225
864,3.0225,0,30.34,27.965,32.5425
865,3.02,0,30.35,27.825,32.7775
866,3.0375,0,30.3375,27.705,32.885
867,3.015,0,30.26,27.5925,32.88
868,3.015,0,30.2525,27.47,33.1825
869,2.975,0,30.23,27.44,33.275
870,2.9475,0,30.295,27.38,33.44
871,2.9275,0,30.245,27.2425,33.515
872,2.9225,0,30.0575,27.1925,33.76
873,2.9,0,30.11,27.015,34.0925
874,2.88,0,29.8,27.015,34.1075
875,2.87,0,29.665,26.93,34.2775
876,2.79,0,29.5025,26.9975,34.4075
877,2.795,0,29.58,26.93,34.4925
878,2.7875,0,29.46,26.9225,34.6525
879,2.7875,0,29.39,26.85,34.71
880,2.775,0,29.2775,26.875,34.8925
881,2.78,0,29.1,26.9225,35.07
882,2.7525,0,28.925,27.115,35.1375
883,2.7175,0,28.8925,27.055,35.1375
884,2.725,0,28.8375,27.0825,35.215
885,2.675,0,28.8275,27.1075,35.2425
886,2.6825,0,28.88,27.0675,35.45
887,2.6825,0,28.73,27.16,35.455
888,2.6825,0,28.6475,27.06,35.5425
889,2.675,0,28.4975,27.2025,35.6975
890,2.6675,0,28.4325,27.1825,35.7375
891,2.65,0,28.325,27.27,35.85
892,2.68,0,28.2425,27.3525,35.82
893,2.635,0,28.1625,27.4725,35.8725
894,2.6575,0,27.9925,27.5525,35.965
895,2.63,0,27.885,27.6425,36.0025
896,2.59,0,27.74,27.89,35.8875
897,2.5825,0,27.7175,28.0125,35.8275
898,2.585,0,27.6525,28.165,35.77
899,2.57,0,27.58,28.3825,35.78
900,2.54,0,27.5475,28.4925,35.5825
901,2.53,0,27.46,28.5225,35.76
902,2.56,0,27.3375,28.6425,35.6475
903,2.525,0,27.215,28.7225,35.4025
904,2.555,0,27.16,28.99,35.2375
905,2.5525,0,27.095,29.125,35.2025
906,2.53,0,26.97,29.1675,35.03
907,2.53,0,26.99,29.4375,34.98
908,2.565,0,26.7725,29.705,34.9925
909,2.5325,0,26.6975,29.7975,34.9025
910,2.5225,0,26.73,30.055,34.825
911,2.5325,0,26.7025,30.105,34.6525
912,2.54,0,26.68,30.315,34.5425
913,2.565,0,26.5225,30.5125,34.4175
914,2.5775,0,26.5,30.5875,34.21
915,2.63,0,26.52,30.7875,34.1
916,2.6475,0,26.395,30.89,34.02
917,2.6775,0,26.3725,31.1125,33.815
918,2.7025,0,26.2175,31.285,33.725
919,2.7025,0,26.29,31.53,33.4075
920,2.74,0,26.055,31.715,33.305
921,2.755,0,26.105,31.7275,33.215
922,2.7825,0,25.9425,32.06,33.0425
923,2.79,0,25.9825,32.17,32.8925
924,2.7975,0,25.89,32.33,32.815
925,2.8325,0,25.7375,32.6525,32.58
926,2.8325,0,25.71,32.865,32.5175
927,2.8925,0,25.665,32.9125,32.4625
928,2.9,0,25.665,33.055,32.2525
929,2.995,0,25.5975,33.2375,32.055
930,3.035,0,25.65,33.4125,31.81
931,3.1075,0,25.58,33.415,31.72
932,3.16,0,25.49,33.64,31.8025
933,3.21,0,25.255,33.7775,31.5475
934,3.205,0,25.3425,33.9225,31.395
935,3.2825,0,25.2875,34.0825,31.3175
936,3.31,0,25.18,34.37,31.1375
937,3.3075,0,25.065,34.535,30.9975
938,3.35,0,25.16,34.87,30.905
939,3.385,0,25.1625,34.9375,30.745
940,3.4125,0,25.025,34.9975,30.5175
941,3.445,0,25.0425,35.1025,30.475
942,3.4725,0,24.9525,35.2375,30.3525
943,3.4675,0,24.865,35.4175,30.2325
944,3.5425,0,24.9025,35.475,30.12
945,3.575,0,24.8025,35.545,30.0775
946,3.6275,0,24.8825,35.5675,29.9775
947,3.67,0,25.025,35.63,29.9075
948,3.655,0,25.055,35.695,29.755
949,3.685,0,25.25,35.795,29.4725
950,3.7025,0,25.2925,35.8175,29.3325
951,3.68,0,25.4425,35.8325,29.12
952,3.6975,0,25.565,35.985,28.9
953,3.65,0,25.6975,36.0525,28.8275
954,3.61,0,25.705,35.9575,28.8
955,3.625,0,25.7725,35.9075,28.73
956,3.5975,0,25.9375,35.88,28.5975
957,3.615,0,25.93,35.78,28.51
958,3.68,0,26.095,35.865,28.3475
959,3.6375,0,26.215,35.8825,28.2075
960,3.6275,0,26.2825,35.895,28.075
961,3.6325,0,26.5225,35.7925,28.0625
962,3.6175,0,26.715,35.705,27.9925
963,3.605,0,26.7925,35.675,27.8675
964,3.63,0,26.985,35.6325,27.7075
965,3.6075,0,27.135,35.5175,27.675
966,3.5875,0,27.2625,35.6025,27.6525
967,3.5625,0,27.245,35.415,27.6075
968,3.5575,0,27.49,35.18,27.65
969,3.535,0,27.75,34.945,27.6525
970,3.535,0,27.815,34.8775,27.7175
971,3.575,0,28.04,34.7675,27.5725
972,3.5625,0,28.15,34.645,27.535
973,3.56,0,28.4225,34.5025,27.4
974,3.54,0,28.745,34.4975,27.1875
975,3.52,0,28.8725,34.315,27.1325
976,3.5675,0,29.195,33.9475,27.0425
977,3.5675,0,29.37,33.855,27.03
978,3.5075,0,29.6325,33.73,27.1275
979,3.4775,0,29.895,33.67,27.0525
980,3.4775,0,29.9225,33.6625,26.915
981,3.4225,0,30.0125,33.645,26.9525
982,3.4375,0,30.2475,33.65,26.91
983,3.4175,0,30.3175,33.4325,26.8675
984,3.435,0,30.355,33.4375,26.875
985,3.4575,0,30.5275,33.25,26.8175
986,3.455,0,30.585,33.1475,26.8925
987,3.4525,0,30.8575,32.995,26.7875
988,3.4425,0,30.8775,32.9575,26.6875
989,3.4275,0,31.0375,32.87,26.785
990,3.465,0,31.18,32.7725,26.6975
991,3.505,0,31.365,32.545,26.755
992,3.525,0,31.5525,32.3,26.76
993,3.545,0,31.5625,32.2125,26.865
994,3.505,0,31.695,32.1525,26.9025
995,3.4625,0,31.7425,31.945,26.87
996,3.475,0,31.8325,31.9025,26.7675
997,3.4975,0,31.8425,31.9075,26.7375
998,3.4075,0,31.9725,31.795,26.885
999,3.3875,0,31.9325,31.6325,26.9225
1000,3.3175,0,31.8975,31.485,27.095
1001,3.3425,0,31.9175,31.32,27.1425
1002,3.325,0,31.8075,31.34,27.275
1003,3.37,0,31.8375,31.1325,27.1875
1004,3.3825,0,31.88,31.03,27.3025
1005,3.365,0,32.005,30.9875,27.36
1006,3.36,0,31.975,30.85,27.47
1007,3.32,0,32.06,30.8125,27.5125
1008,3.3125,0,32.0825,30.63,27.575
1009,3.3225,0,31.9775,30.575,27.835
1010,3.325,0,32.06,30.395,27.9575
1011,3.3375,0,32.0425,30.4075,28.04
1012,3.35,0,31.87,30.1875,28.3625
1013,3.31,0,31.8125,30.12,28.5325
1014,3.3075,0,31.775,29.985,28.63
1015,3.275,0,31.6425,30.0975,28.8
1016,3.2475,0,31.72,30.01,28.815
1017,3.205,0,31.77,29.9725,29.03
1018,3.1725,0,31.745,29.835,29.0575
1019,3.1025,0,31.8025,29.59,29.2225
1020,3.08,0,31.8025,29.52,29.4075
1021,3.0725,0,31.7775,29.495,29.4375
1022,3.045,0,31.8075,29.5275,29.465
1023,3.0525,0,31.6675,29.505,29.5225
1024,3.065,0,31.7175,29.5475,29.6125
1025,3.0175,0,31.8275,29.4575,29.69
1026,2.975,0,31.665,29.4375,29.71
1027,2.925,0,31.7525,29.3975,29.88
1028,2.9475,0,31.75,29.28,29.9575
1029,2.935,0,31.6975,29.4875,29.9825
1030,2.9125,0,31.615,29.405,29.995
1031,2.91,0,31.5925,29.39,30.095
1032,2.9375,0,31.5975,29.4275,30.04
1033,2.845,0,31.4075,29.545,30.1775
1034,2.8675,0,31.2625,29.5925,30.15
1035,2.9075,0,31.16,29.545,30.2725
1036,2.925,0,31.075,29.605,30.3675
1037,2.865,0,30.87,29.725,30.535
1038,2.885,0,30.6875,29.7425,30.7725
1039,2.85,0,30.6525,29.7375,30.735
1040,2.8625,0,30.5275,29.695,30.6725
1041,2.8825,0,30.3775,29.68,30.8825
1042,2.9125,0,30.295,29.755,30.9825
1043,2.8775,0,30.1525,29.8,31.0375
1044,2.89,0,30.135,29.8175,31.135
1045,2.895,0,30.0275,29.835,31.145
1046,2.8925,0,29.96,29.78,31.29
1047,2.9275,0,29.925,29.9675,31.355
1048,2.915,0,29.89,30.03,31.2925
1049,2.9325,0,29.75,30.18,31.2075
1050,2.955,0,29.745,30.3375,31.1875
1051,2.9475,0,29.535,30.3225,31.1775
1052,2.9375,0,29.36,30.4,31.2575
1053,2.95,0,29.2925,30.4075,31.37
1054,2.975,0,29.185,30.5275,31.2325
1055,2.9475,0,29.14,30.675,31.2475
1056,2.9425,0,28.97,30.76,31.2575
1057,2.975,0,28.8425,30.785,31.31
1058,2.9425,0,28.7675,30.89,31.4875
1059,2.93,0,28.53,30.8,31.675
1060,2.9375,0,28.51,30.94,31.64
1061,2.96,0,28.3825,30.8275,31.7225
1062,2.9525,0,28.3575,30.9675,31.7975
1063,2.9925,0,28.155,31.11,31.7725
1064,2.995,0,28.195,31.1975,31.81
1065,3.0225,0,28.04,31.2825,31.7375
1066,3.055,0,27.895,31.465,31.5925
1067,3.065,0,27.7125,31.515,31.52
1068,3.085,0,27.6925,31.6575,31.55
1069,3.115,0,27.455,31.75,31.5725
1070,3.1425,0,27.2475,31.935,31.6225
1071,3.0975,0,27.1675,32.0025,31.4475
1072,3.075,0,27.125,32.0625,31.4175
1073,3.125,0,27.0225,32.1325,31.405
1074,3.1075,0,26.85,32.2375,31.49
1075,3.13,0,26.6625,32.4475,31.5075
1076,3.1075,0,26.6675,32.4525,31.385
1077,3.0825,0,26.555,32.595,31.54
1078,3.0925,0,26.5225,32.5525,31.6375
1079,3.0875,0,26.3875,32.575,31.6825
1080,3.1,0,26.3475,32.685,31.7475
1081,3.0825,0,26.15,32.775,31.805
1082,3.115,0,26.095,32.8025,31.7075
1083,3.075,0,26.07,32.895,31.705
1084,3.0825,0,26,32.985,31.76
1085,3.075,0,25.9625,33.04,31.7325
1086,3.0775,0,25.89,33.1275,31.5825
1087,3.0525,0,26.015,33.1125,31.655
1088,3.08,0,26.0175,32.985,31.52
1089,3.125,0,26.085,33.1,31.4975
1090,3.125,0,25.9475,33.2725,31.455
1091,3.095,0,25.96,33.265,31.565
1092,3.08,0,26.085,33.185,31.4475
1093,3.1225,0,26.115,33.185,31.375
1094,3.1,0,26.07,33.1875,31.4625
1095,3.0975,0,26.1925,33.0225,31.5125
1096,3.12,0,26.2425,32.9125,31.3625
1097,3.135,0,26.245,32.9475,31.3025
1098,3.1525,0,26.3175,32.9125,31.2975
1099,3.125,0,26.4525,32.9775,31.2025
1100,3.1425,0,26.535,32.825,31.2375
1101,3.1525,0,26.6575,32.955,31.0975
1102,3.1425,0,26.705,32.93,30.92
1103,3.1675,0,26.835,32.9575,30.8475
1104,3.2225,0,26.9225,32.9875,30.8025
1105,3.2075,0,26.9675,32.9925,30.7075
1106,3.2275,0,27.0225,33.04,30.5275
1107,3.26,0,27.0775,32.8925,30.6575
1108,3.245,0,27.1525,32.9675,30.65
1109,3.275,0,27.065,32.9675,30.5375
1110,3.28,0,27.08,33.0275,30.565
1111,3.245,0,27.135,33.065,30.44
1112,3.3,0,27.2,32.96,30.5125
1113,3.285,0,27.235,33.025,30.3975
1114,3.2675,0,27.4325,32.8975,30.39
1115,3.2825,0,27.485,32.96,30.435
1116,3.2425,0,27.4675,33.1525,30.205
1117,3.2375,0,27.6625,32.955,30.1225
1118,3.23,0,27.7325,32.8875,30
1119,3.2125,0,27.6625,32.92,29.8875
1120,3.1825,0,27.8125,32.955,29.755
1121,3.1625,0,27.9375,33.1125,29.6425
1122,3.1225,0,28.1575,33.08,29.565
1123,3.0975,0,28.295,33.045,29.6025
1124,3.0375,0,28.44,33.1125,29.53
1125,3.0075,0,28.51,33.065,29.415
1126,3.005,0,28.4675,33.0175,29.18
1127,2.94,0,28.5975,32.8,29.2525
1128,2.92,0,28.8525,32.8125,29.215
1129,2.875,0,29.08,32.6725,29.165
1130,2.8875,0,29.1675,32.6,29.0925
1131,2.8825,0,29.2425,32.5425,29.135
1132,2.87,0,29.375,32.45,29.1575
1133,2.875,0,29.3875,32.3725,29.1575
1134,2.835,0,29.5175,32.1725,29.195
1135,2.81,0,29.6175,32.1025,29.1275
1136,2.7575,0,29.58,32.0825,29.175
1137,2.7575,0,29.7075,32.0075,29.1475
1138,2.7425,0,29.9225,31.8775,29.095
1139,2.7425,0,29.955,31.745,29.17
1140,2.7325,0,30.0975,31.6,29.2325
1141,2.7075,0,30.2975,31.5425,29.285
1142,2.68,0,30.3325,31.3525,29.295
1143,2.6425,0,30.4475,31.1,29.4325
1144,2.6,0,30.655,31.0375,29.2775
1145,2.5775,0,30.7925,30.985,29.1825
1146,2.5075,0,30.875,30.8675,29.285
1147,2.5175,0,31.18,30.6775,29.1625
1148,2.4775,0,31.1825,30.5875,29.2875
1149,2.445,0,31.265,30.5825,29.4875
1150,2.395,0,31.4125,30.4675,29.42
1151,2.3675,0,31.69,30.3075,29.505
1152,2.35,0,31.6125,30.1175,29.405
1153,2.3,0,31.755,30.2025,29.595
1154,2.3275,0,31.785,30.0925,29.73
1155,2.3,0,31.8575,29.83,29.8325
1156,2.27,0,31.8875,29.665,29.83
1157,2.2075,0,31.8625,29.64,29.9375
1158,2.185,0,31.885,29.47,30.015
1159,2.2225,0,31.975,29.37,30.085
1160,2.2175,0,32.0125,29.445,30.1025
1161,2.1475,0,32.01,29.465,30.1975
1162,2.1125,0,32.0175,29.38,30.27
1163,2.115,0,32.0225,29.405,30.2325
1164,2.0925,0,32.0725,29.3225,30.3575
1165,2.095,0,31.995,29.245,30.5275
1166,2.11,0,31.915,29.2,30.5925
1167,2.0525,0,31.795,29.13,30.7025
1168,2.0675,0,31.5975,29.0925,30.755
1169,2.105,0,31.535,29.155,30.8775
1170,2.0875,0,31.3325,29.2125,30.9975
1171,2.07,0,31.3325,29.225,31.1825
1172,2.075,0,31.2775,29.18,31.3125
1173,2.08,0,31.2925,29.225,31.2775
1174,2.05,0,31.1775,29.2075,31.25
1175,2.095,0,31.14,29.2225,31.1725
1176,2.075,0,30.9875,29.505,31.3125
1177,2.0425,0,30.7925,29.5075,31.4475
1178,2.0475,0,30.765,29.4625,31.5825
1179,2.0275,0,30.7475,29.455,31.5225
1180,2.05,0,30.6875,29.5825,31.5525
1181,2.0425,0,30.725,29.595,31.6025
1182,2.0575,0,30.6475,29.63,31.5025
1183,2.05,0,30.63,29.705,31.4825
1184,2.045,0,30.52,29.705,31.5375
1185,2.06,0,30.5275,29.86,31.565
1186,2.09,0,30.4275,29.8125,31.4275
1187,2.1025,0,30.46,29.875,31.405
1188,2.0875,0,30.2875,29.9475,31.45
1189,2.0975,0,30.2925,29.8975,31.49
1190,2.09,0,30.3375,29.95,31.4475
1191,2.0675,0,30.135,30.15,31.4925
1192,2.055,0,30.03,30.245,31.5125
1193,2.055,0,29.9225,30.355,31.5225
1194,2.0425,0,29.7775,30.535,31.43
1195,2.0475,0,29.7475,30.62,31.4375
1196,2.0425,0,29.6075,30.715,31.535
1197,2.0825,0,29.5725,30.7575,31.5125
1198,2.0925,0,29.34,31.0725,31.6175
1199,2.1,0,29.0825,31.085,31.6225
1200,2.1325,0,28.96,31.2575,31.5825
1201,2.16,0,28.905,31.14,31.6825
1202,2.18,0,28.7375,31.2225,31.715
1203,2.2,0,28.63,31.1175,31.8925
1204,2.2425,0,28.69,31.2525,31.7175
1205,2.24,0,28.6075,31.39,31.7675
1206,2.2525,0,28.53,31.33,31.735
1207,2.3,0,28.475,31.41,31.6075
1208,2.3575,0,28.3075,31.22,31.7125
1209,2.375,0,28.4475,31.25,31.7725
1210,2.3825,0,28.29,31.2425,31.73
1211,2.445,0,28.1875,31.265,31.83
1212,2.46,0,28.1375,31.3025,31.855
1213,2.55,0,28.11,31.335,31.795
1214,2.605,0,28.0475,31.33,31.8375
1215,2.6475,0,27.8725,31.17,31.89
1216,2.7125,0,27.89,31.37,31.8725
1217,2.755,0,27.8075,31.555,31.765
1218,2.8375,0,27.61,31.8075,31.5725
1219,2.88,0,27.4725,31.9825,31.42
1220,2.9225,0,27.48,31.8825,31.39
1221,2.9525,0,27.445,32,31.2175
1222,3.045,0,27.535,32.0125,31.3675
1223,3.09,0,27.3925,32.0875,31.175
1224,3.1225,0,27.335,31.97,31.03
1225,3.1825,0,27.3775,31.9825,31.0375
1226,3.1975,0,27.365,32.11,31.0775
1227,3.2625,0,27.395,32.0175,30.9275
1228,3.2675,0,27.3575,32.1225,30.855
1229,3.305,0,27.35,32.1975,30.8175
1230,3.3125,0,27.305,32.2,30.7075
1231,3.3525,0,27.2975,32.3,30.755
1232,3.4025,0,27.39,32.3075,30.7175
1233,3.445,0,27.2125,32.2375,30.725
1234,3.4725,0,27.2275,32.18,30.7175
1235,3.515,0,27.3,32.16,30.6225
1236,3.555,0,27.2475,32.275,30.61
1237,3.6075,0,27.1175,32.235,30.6525
1238,3.69,0,27.2,32.26,30.48
1239,3.6875,0,27.32,32.29,30.3625
1240,3.6725,0,27.3575,32.3375,30.4375
1241,3.73,0,27.33,32.4325,30.2675
1242,3.735,0,27.385,32.3475,30.15
1243,3.7125,0,27.5325,32.215,29.9925
1244,3.7575,0,27.57,32.3,29.875
1245,3.7975,0,27.585,32.44,29.85
1246,3.7925,0,27.7975,32.475,29.63
1247,3.815,0,27.7825,32.63,29.585
1248,3.81,0,27.7525,32.6375,29.53
1249,3.8075,0,27.9125,32.6925,29.3575
1250,3.79,0,27.8675,32.7875,29.175
1251,3.8125,0,27.8625,32.895,29.14
1252,3.78,0,27.87,32.9075,29.0425
1253,3.7725,0,27.775,32.9825,28.9225
1254,3.7375,0,27.89,32.9875,29.12
1255,3.77,0,27.98,32.9875,29.1025
1256,3.795,0,28.015,32.8925,29.1425
1257,3.785,0,28.1275,32.815,29.175
1258,3.8225,0,28.13,32.6875,28.9725
1259,3.8325,0,28.2775,32.74,29.0175
1260,3.7925,0,28.2375,32.8975,29.0225
1261,3.795,0,28.27,32.7925,28.9625
1262,3.7625,0,28.185,32.7725,28.8825
1263,3.765,0,28.3325,32.7975,28.9675
1264,3.7625,0,28.375,32.6975,28.865
1265,3.7575,0,28.385,32.7925,28.91
1266,3.7275,0,28.53,32.62,28.835
1267,3.6925,0,28.56,32.64,28.8175
1268,3.7025,0,28.6425,32.3175,28.7675
1269,3.7125,0,28.6725,32.475,28.785
1270,3.6875,0,28.685,32.405,28.8025
1271,3.6375,0,28.56,32.5575,28.84
1272,3.5825,0,28.675,32.5225,28.9275
1273,3.6175,0,28.8425,32.55,28.795
1274,3.59,0,28.9,32.5675,28.745
1275,3.5325,0,28.9125,32.4875,28.7075
1276,3.5125,0,29.035,32.4975,28.7725
1277,3.45,0,29.095,32.49,28.7775
1278,3.4225,0,29.15,32.41,28.8625
1279,3.3725,0,29.22,32.245,28.9975
1280,3.3575,0,29.34,32.2425,29.0325
1281,3.3275,0,29.4425,32.19,28.9925
1282,3.2825,0,29.5875,32.0975,29.12
1283,3.2725,0,29.59,31.875,29.095
1284,3.2525,0,29.7775,31.995,29.045
1285,3.2275,0,29.7525,31.915,28.9725
1286,3.185,0,29.705,31.77,29.28
1287,3.155,0,29.7075,31.4425,29.53
1288,3.18,0,29.87,31.23,29.51
1289,3.1975,0,29.98,31.115,29.58
1290,3.165,0,29.9425,31.11,29.755
1291,3.1575,0,29.99,30.975,29.87
1292,3.16,0,30.035,30.965,29.815
1293,3.17,0,30.1,30.945,29.8975
1294,3.1325,0,30.055,30.74,30.105
1295,3.1025,0,30.0225,30.6575,30.29
1296,3.0525,0,29.865,30.56,30.47
1297,3.08,0,29.7225,30.31,30.525
1298,3.0475,0,29.745,30.1875,30.6525
1299,3.045,0,29.775,30.1525,30.805
1300,3.0275,0,29.7375,30.0275,30.935
1301,2.9975,0,29.6875,30.015,31.22
1302,2.9875,0,29.6125,29.91,31.28
1303,2.9675,0,29.7075,29.935,31.3175
1304,2.9375,0,29.54,29.7825,31.5
1305,2.915,0,29.58,29.65,31.485
1306,2.915,0,29.5225,29.6225,31.5175
1307,2.8925,0,29.675,29.5925,31.58
1308,2.8675,0,29.6425,29.675,31.6275
1309,2.8875,0,29.565,29.6675,31.5875
1310,2.875,0,29.5325,29.61,31.73
1311,2.82,0,29.59,29.69,31.705
1312,2.795,0,29.5525,29.6375,31.7175
1313,2.7925,0,29.515,29.61,31.86
1314,2.8125,0,29.44,29.64,31.86
1315,2.825,0,29.2975,29.6125,32.02
1316,2.815,0,29.2975,29.7,32.05
1317,2.785,0,29.36,29.665,32.2225
1318,2.8,0,29.2475,29.575,31.9925
1319,2.8,0,29.195,29.55,32.1025
1320,2.7625,0,29.14,29.585,32.3275
1321,2.7425,0,29.1375,29.575,32.32
1322,2.7,0,29.115,29.5525,32.3625
1323,2.67,0,28.9825,29.5525,32.4575
1324,2.65,0,29.0025,29.525,32.595
1325,2.63,0,28.92,29.6575,32.4975
1326,2.615,0,28.895,29.725,32.42
1327,2.635,0,28.8325,29.8875,32.43
1328,2.59,0,28.6475,30.01,32.3575
1329,2.5975,0,28.6725,29.9,32.4975
1330,2.5675,0,28.55,29.815,32.6725
1331,2.545,0,28.525,29.775,32.735
1332,2.5625,0,28.555,29.9025,32.7925
1333,2.5575,0,28.5175,29.87,32.7925
1334,2.5675,0,28.39,29.9225,32.7025
1335,2.535,0,28.4325,29.955,32.6175
1336,2.5375,0,28.4875,29.875,32.7625
1337,2.51,0,28.4825,29.71,32.875
1338,2.51,0,28.52,29.7125,32.7725
1339,2.49,0,28.465,29.6425,32.975
1340,2.4825,0,28.3525,29.735,32.9775
1341,2.4625,0,28.2475,29.785,32.8975
1342,2.4375,0,28.2175,29.83,32.86
1343,2.4125,0,28.215,29.94,32.71
1344,2.4175,0,28.215,30.1725,32.725
1345,2.415,0,28.275,30.24,32.695
1346,2.415,0,28.1675,30.24,32.665
1347,2.4325,0,28.2575,30.4325,32.655
1348,2.4275,0,28.1675,30.5425,32.59
1349,2.4525,0,28.1175,30.6625,32.3525
1350,2.4325,0,28.0775,30.775,32.3925
1351,2.45,0,27.97,30.7825,32.3225
1352,2.4475,0,27.97,30.8,32.28
1353,2.42,0,27.9675,31.055,32.28
1354,2.415,0,27.9325,31.065,32.1375
1355,2.4425,0,27.8825,31.1425,32.0775
1356,2.4375,0,27.74,31.3675,32.0325
1357,2.415,0,27.71,31.4925,32.025
1358,2.4275,0,27.64,31.555,31.9275
1359,2.4475,0,27.535,31.755,31.87
1360,2.42,0,27.55,31.715,31.77
1361,2.45,0,27.61,31.7625,31.79
1362,2.4825,0,27.565,31.75,31.82
1363,2.4975,0,27.52,31.69,31.785
1364,2.5175,0,27.5925,31.83,31.7975
1365,2.5475,0,27.6025,31.8125,31.785
1366,2.575,0,27.475,31.87,31.8025
1367,2.52,0,27.495,31.9175,31.8675
1368,2.52,0,27.4225,31.7275,31.8025
1369,2.5275,0,27.365,31.8475,31.815
1370,2.525,0,27.345,31.7875,31.9725
1371,2.53,0,27.3975,31.8425,31.93
1372,2.605,0,27.3575,31.715,31.9475
1373,2.585,0,27.4225,31.71,32.0425
1374,2.6225,0,27.3725,31.57,31.97
1375,2.655,0,27.3525,31.715,31.975
1376,2.72,0,27.335,31.715,31.9775
1377,2.775,0,27.3575,31.7325,32.065
1378,2.7775,0,27.3,31.645,31.8825
1379,2.815,0,27.395,31.545,32.0125
1380,2.8025,0,27.345,31.4575,32.02
1381,2.855,0,27.435,31.43,31.945
1382,2.9225,0,27.4225,31.45,31.8
1383,2.98,0,27.515,31.4275,31.81
1384,3.05,0,27.4775,31.535,31.6825
1385,3.0775,0,27.5525,31.4425,31.6175
1386,3.1,0,27.51,31.34,31.6625
1387,3.1225,0,27.58,31.4275,31.5025
1388,3.1725,0,27.47,31.4,31.36
1389,3.2225,0,27.3775,31.47,31.4525
1390,3.2675,0,27.24,31.6625,31.355
1391,3.34,0,27.3325,31.67,31.365
1392,3.365,0,27.1575,31.615,31.4275
1393,3.435,0,27.065,31.66,31.4325
1394,3.4725,0,27.0725,31.69,31.4075
1395,3.53,0,26.995,31.785,31.33
1396,3.585,0,26.81,31.8025,31.2875
1397,3.6,0,26.6875,31.885,31.195
1398,3.6125,0,26.78,31.9175,31.2575
1399,3.6125,0,26.74,32.0675,31.07
1400,3.6325,0,26.73,32.0025,31.28
1401,3.6425,0,26.7075,31.9975,31.29
1402,3.66,0,26.645,32.095,31.235
1403,3.7,0,26.635,32.0725,31.1275
1404,3.7025,0,26.5725,32.14,31.0575
1405,3.7475,0,26.4175,32.1925,31.065
1406,3.725,0,26.375,32.2425,31.0975
1407,3.745,0,26.2925,32.305,31.14
1408,3.7525,0,26.21,32.2825,31.26
1409,3.7425,0,26.1275,32.3425,31.3575
1410,3.735,0,26.155,32.3575,31.3525
1411,3.685,0,26.14,32.4775,31.49
1412,3.6875,0,26.09,32.6,31.345
1413,3.6825,0,26.025,32.595,31.2825
1414,3.65,0,26.0175,32.5675,31.2475
1415,3.6525,0,25.935,32.4475,31.395
1416,3.7025,0,25.9875,32.285,31.4825
1417,3.72,0,25.945,32.445,31.56
1418,3.6925,0,25.8925,32.3625,31.575
1419,3.7225,0,25.915,32.305,31.485
1420,3.7425,0,25.96,32.31,31.635
1421,3.7275,0,26.05,32.31,31.5575
1422,3.7725,0,25.97,32.345,31.575
1423,3.79,0,25.8975,32.28,31.5325
1424,3.795,0,25.99,32.3475,31.53
1425,3.775,0,26.0975,32.1825,31.425
1426,3.7925,0,26.1075,32.245,31.34
1427,3.785,0,26.095,32.2975,31.305
1428,3.76,0,26.1925,32.335,31.19
1429,3.7575,0,26.17,32.5675,31.1325
1430,3.7175,0,26.21,32.7075,31.0275
1431,3.6925,0,26.1075,32.87,30.9025
1432,3.675,0,26.225,32.9225,30.81
1433,3.6875,0,26.1975,32.9025,30.825
1434,3.685,0,26.255,32.92,30.65
1435,3.665,0,26.395,32.96,30.54
1436,3.6125,0,26.3475,32.94,30.515
1437,3.6,0,26.4425,33.1325,30.4
1438,3.6025,0,26.495,33.205,30.4175
1439,3.605,0,26.585,33.085,30.3875
1440,3.5825,0,26.635,33.1875,30.2225
1441,3.585,0,26.735,33.325,30.3125
1442,3.5325,0,26.79,33.275,30.2175
1443,3.48,0,26.755,33.255,30.345
1444,3.455,0,26.9075,33.29,30.2725
1445,3.4375,0,26.815,33.2075,30.23
1446,3.3975,0,27.02,33.18,30.135
1447,3.3575,0,27.185,33.2125,30.115
1448,3.375,0,27.36,33.1475,30.015
1449,3.36,0,27.575,33.0625,29.9025
1450,3.34,0,27.6725,32.9375,29.8225
1451,3.345,0,27.7725,32.915,29.8
1452,3.275,0,27.755,32.7275,29.72
1453,3.2475,0,27.8325,32.7775,29.725
1454,3.17,0,27.9325,32.81,29.79
1455,3.1325,0,28.1125,32.89,29.6825
1456,3.0775,0,28.1225,32.6925,29.7775
1457,3.0175,0,28.215,32.6525,29.835
1458,3.005,0,28.3525,32.5275,29.94
1459,2.9225,0,28.515,32.425,29.845
1460,2.895,0,28.5175,32.3425,29.8025
1461,2.8625,0,28.6,32.1675,29.8825
1462,2.8125,0,28.6575,32.3025,29.825
1463,2.8325,0,28.8825,32.2025,29.9125
1464,2.7725,0,28.8625,32.2,29.945
1465,2.725,0,29.0075,32.0525,29.95
1466,2.7,0,29.0975,31.9475,29.8975
1467,2.6425,0,29.1725,31.8175,29.855
1468,2.615,0,29.19,31.7975,29.99
1469,2.615,0,29.375,31.8175,29.9825
1470,2.55,0,29.425,31.795,29.745
1471,2.5425,0,29.5575,31.6,29.8475
1472,2.4925,0,29.64,31.5125,29.8925
1473,2.525,0,29.66,31.3425,29.945
1474,2.4625,0,29.7825,31.3775,29.9225
1475,2.44,0,29.7175,31.295,29.8875
1476,2.3775,0,29.7825,31.3675,30.085
1477,2.365,0,29.795,31.195,30.1175
1478,2.39,0,29.8225,31.165,30.215
1479,2.3775,0,29.8675,31.0575,30.1375
1480,2.4175,0,29.8,31.01,30.28
1481,2.3725,0,29.9225,30.9275,30.3375
1482,2.38,0,29.89,30.8725,30.365
1483,2.3725,0,29.9,30.8625,30.46
1484,2.3675,0,29.9525,30.94,30.4675
1485,2.335,0,29.8325,30.96,30.54
1486,2.3825,0,29.705,31.0475,30.585
1487,2.36,0,29.6375,31.0325,30.745
1488,2.375,0,29.62,31.0925,30.7775
1489,2.395,0,29.415,31.0275,30.805
1490,2.41,0,29.4175,31.03,30.785
1491,2.4925,0,29.36,31.0025,30.895
1492,2.5525,0,29.295,30.9775,30.91
1493,2.585,0,29.1925,30.9475,31.055
1494,2.6375,0,29.1825,30.9175,30.8925
1495,2.6375,0,29.27,30.9275,30.81
1496,2.6275,0,29.15,30.8625,31.0125
1497,2.7,0,29.1175,30.805,31.0975
1498,2.7075,0,29.1425,30.7125,31.2725
1499,2.7525,0,29.165,30.6375,31.39
1500,2.7875,0,29.195,30.765,31.34
1501,2.8325,0,29.095,30.63,31.365
1502,2.8625,0,28.9275,30.62,31.4375
1503,2.9175,0,28.9575,30.4625,31.41
1504,2.94,0,28.9075,30.495,31.44
1505,3.0425,0,28.84,30.4325,31.4025
1506,3.085,0,28.795,30.4075,31.4425
1507,3.13,0,28.76,30.5225,31.4725
1508,3.1675,0,28.53,30.6825,31.32
1509,3.22,0,28.5025,30.72,31.2575
1510,3.265,0,28.445,30.7375,31.29
1511,3.2925,0,28.4075,30.8325,31.255
1512,3.3075,0,28.3075,30.8525,31.1875
1513,3.3575,0,28.1975,30.9275,31.295
1514,3.425,0,28.055,31.0325,31.1975
1515,3.4675,0,27.9975,30.92,31.1025
1516,3.4775,0,28.0475,31.04,31.0275
1517,3.525,0,28.1375,31.0625,30.87
1518,3.56,0,28.2125,30.9925,30.79
1519,3.61,0,28.1975,31.18,30.78
1520,3.68,0,28.19,31.095,30.7975
1521,3.685,0,28.165,31.1,30.6975
1522,3.7075,0,28.1175,31.1475,30.65
1523,3.755,0,28.18,31.235,30.755
1524,3.79,0,28.14,31.23,30.7
1525,3.8025,0,28.135,31.2225,30.71
1526,3.815,0,28.205,31.355,30.6475
1527,3.825,0,28.1075,31.3925,30.6075
1528,3.83,0,28.1225,31.335,30.595
1529,3.8825,0,28.025,31.365,30.615
1530,3.905,0,27.9475,31.5325,30.5225
1531,3.915,0,27.8825,31.68,30.44
1532,3.9,0,27.9,31.7375,30.36
1533,3.92,0,27.9775,31.8525,30.345
1534,3.9325,0,27.88,31.77,30.385
1535,3.94,0,27.8725,31.8475,30.2125
1536,3.9425,0,27.8625,31.98,30.0925
1537,3.97,0,28.1175,32.06,30.0225
1538,3.925,0,27.9075,32.195,29.8725
1539,3.955,0,28.0325,32.135,29.8125
1540,3.975,0,27.9675,32.18,29.7425
1541,3.99,0,28.0925,32.195,29.8575
1542,3.9625,0,28.2475,32.085,29.7575
1543,3.9175,0,28.185,32.1125,29.74
1544,3.9225,0,28.3,32.14,29.7275
1545,3.8925,0,28.07,32.315,29.66
1546,3.885,0,28.0775,32.1425,29.745
1547,3.875,0,28.1725,32.125,29.775
1548,3.89,0,28.27,32.0075,29.575
1549,3.9375,0,28.33,31.9425,29.6325
1550,3.94,0,28.335,31.9,29.675
1551,3.9575,0,28.395,31.695,29.6425
1552,4.005,0,28.39,31.85,29.5175
1553,4.01,0,28.45,31.9,29.5525
1554,4,0,28.5875,31.8375,29.455
1555,4.065,0,28.6825,31.75,29.475
1556,4.0775,0,28.8025,31.6875,29.32
1557,4.05,0,28.7875,31.535,29.4425
1558,4.075,0,28.7325,31.3875,29.385
1559,4.0975,0,28.885,31.39,29.5425
1560,4.145,0,28.92,31.2825,29.51
1561,4.11,0,29.04,31.29,29.445
1562,4.1275,0,29.1375,31.215,29.385
1563,4.0975,0,29.2625,31.0175,29.505
1564,4.1225,0,29.28,30.6675,29.64
1565,4.1425,0,29.3775,30.6,29.6275
1566,4.1275,0,29.485,30.395,29.765
1567,4.13,0,29.615,30.295,29.7125
1568,4.12,0,29.645,30.28,29.715
1569,4.11,0,29.6875,30.195,29.84
1570,4.0375,0,29.8,30.005,29.865
1571,4.0825,0,30.0375,29.805,29.86
1572,4.065,0,30.17,29.845,29.9775
1573,3.9775,0,30.1525,29.6875,29.9875
1574,3.965,0,30.16,29.6325,30.075
1575,4.0125,0,30.1525,29.5,30.265
1576,4.005,0,30.0925,29.445,30.4275
1577,3.9975,0,30.06,29.175,30.53
1578,4.0225,0,30.0225,29.1,30.7275
1579,4.0325,0,30.065,29.005,30.825
1580,4.02,0,30.175,28.8075,30.82
1581,4.025,0,30.07,28.865,30.935
1582,4.025,0,30.1225,28.715,31.1225
1583,4.0725,0,30.0975,28.5675,31.1775
1584,4.075,0,29.9875,28.5075,31.355
1585,4.085,0,29.84,28.3375,31.51
1586,4.0975,0,29.9125,28.37,31.575
1587,4.0775,0,29.8525,28.3475,31.6425
1588,4.09,0,29.71,28.3875,31.6275
1589,4.0775,0,29.7,28.1625,31.74
1590,4.0475,0,29.745,28.105,31.86
1591,4.0825,0,29.8175,28.065,31.9575
1592,4.05,0,29.7025,27.9225,32.11
1593,4.055,0,29.62,27.9225,32.285
1594,4.03,0,29.57,27.8225,32.2975
1595,4.05,0,29.475,27.7375,32.2325
1596,4.02,0,29.44,27.8925,32.3775
1597,4.02,0,29.5375,27.9775,32.305
1598,4.0225,0,29.375,27.965,32.315
1599,3.9925,0,29.2375,28.0775,32.5525
1600,3.9675,0,29.2075,28.0425,32.705
1601,4.0075,0,29.13,28.155,32.6
1602,4.0275,0,29.005,28.295,32.605
1603,4.0125,0,29,28.305,32.7
1604,4.02,0,28.8,28.38,32.715
1605,4,0,28.605,28.5325,32.8175
1606,3.9575,0,28.43,28.63,32.945
1607,3.915,0,28.2825,28.5525,32.9675
1608,3.89,0,28.14,28.71,32.9275
1609,3.85,0,28.0375,28.8425,33.1575
1610,3.8825,0,27.8525,28.915,33.1525
1611,3.84,0,27.715,29.08,33.225
1612,3.825,0,27.5375,29.1,33.425
1613,3.75,0,27.545,29.155,33.415
1614,3.7675,0,27.3925,29.2825,33.3775
1615,3.7625,0,27.2825,29.1775,33.3275
1616,3.75,0,27.195,29.24,33.5325
1617,3.74,0,27.0425,29.3175,33.635
1618,3.7325,0,26.705,29.4775,33.755
1619,3.705,0,26.5675,29.495,33.8575
1620,3.6925,0,26.54,29.6425,33.99
1621,3.6425,0,26.435,29.6075,34.015
1622,3.57,0,26.34,29.5675,34.35
1623,3.5875,0,26.2975,29.655,34.3425
1624,3.65,0,26.1425,29.665,34.4875
1625,3.665,0,25.8975,29.7625,34.46
1626,3.6,0,25.8275,29.7625,34.5875
1627,3.66,0,25.7025,29.865,34.7225
1628,3.58,0,25.495,29.84,34.66
1629,3.61,0,25.395,29.9125,34.72
1630,3.6225,0,25.2925,30.0725,34.78
1631,3.63,0,25.2925,30.1275,34.7725
1632,3.64,0,25.1675,30.22,34.8775
1633,3.6275,0,25.1125,30.2825,34.895
1634,3.6925,0,24.98,30.2825,35.01
1635,3.7325,0,24.8875,30.1525,35.0925
1636,3.725,0,24.795,30.14,35.15
1637,3.745,0,24.6925,30.2,35.1375
1638,3.71,0,24.5675,30.295,35.2475
1639,3.76,0,24.515,30.355,35.16
1640,3.7625,0,24.46,30.2975,35.1025
1641,3.79,0,24.455,30.325,35.095
1642,3.835,0,24.455,30.3775,35.21
1643,3.86,0,24.4575,30.5275,35.1025
1644,3.9,0,24.4375,30.72,35.085
1645,3.9375,0,24.49,30.915,34.7975
1646,3.975,0,24.2525,31.03,34.55
1647,3.97,0,24.2725,31.165,34.4025
1648,3.9875,0,24.4425,31.23,34.2925
1649,3.9675,0,24.3425,31.2075,34.1775
1650,3.9925,0,24.4275,31.385,34
1651,4.0475,0,24.46,31.4225,33.93
1652,4.095,0,24.37,31.5575,33.815
1653,4.1525,0,24.3,31.52,33.8525
1654,4.205,0,24.2075,31.49,33.91
1655,4.195,0,24.26,31.485,33.895
1656,4.2475,0,24.2675,31.4725,33.9275
1657,4.2425,0,24.2725,31.595,33.9175
1658,4.2775,0,24.295,31.585,33.8275
1659,4.365,0,24.26,31.63,33.6775
1660,4.365,0,24.2475,31.735,33.5475
1661,4.365,0,24.1875,31.8525,33.475
1662,4.3825,0,24.25,31.8925,33.3775
1663,4.41,0,24.2075,31.7825,33.3275
1664,4.4275,0,24.25,31.8925,33.29
1665,4.4325,0,24.36,31.8725,33.145
1666,4.39,0,24.35,31.9975,32.9825
1667,4.425,0,24.415,32.035,32.8675
1668,4.4475,0,24.6175,32.0725,32.7275
1669,4.4875,0,24.6625,32.0575,32.64
1670,4.505,0,24.8575,32.0125,32.53
1671,4.53,0,24.8325,31.99,32.3575
1672,4.54,0,24.8125,32.1075,32.25
1673,4.605,0,24.9075,32.045,32.1175
1674,4.605,0,24.875,32.19,32.05
1675,4.6375,0,24.89,32.52,31.955
1676,4.64,0,25.1225,32.4575,31.8825
1677,4.6175,0,25.02,32.495,31.6725
1678,4.61,0,25.0225,32.5825,31.7425
1679,4.61,0,24.9975,32.715,31.6625
1680,4.5375,0,25.0175,32.7275,31.7275
1681,4.5475,0,25.065,32.7125,31.515
1682,4.55,0,25.1975,32.67,31.445
1683,4.5725,0,25.215,32.68,31.21
1684,4.6375,0,25.3425,32.7725,31.1475
1685,4.56,0,25.22,32.9,31.045
1686,4.4625,0,25.3525,32.97,30.975
1687,4.4625,0,25.38,33.0325,30.86
1688,4.45,0,25.3725,33.195,30.8475
1689,4.4275,0,25.395,33.31,30.7975
1690,4.4075,0,25.52,33.2975,30.705
1691,4.4,0,25.695,33.18,30.4525
1692,4.385,0,25.725,33.4,30.395
1693,4.3175,0,25.9075,33.44,30.42
1694,4.305,0,25.92,33.35,30.2775
1695,4.2975,0,26.0775,33.475,30.2525
1696,4.22,0,26.095,33.5,30.0625
1697,4.155,0,26.1625,33.735,30.05
1698,4.15,0,26.105,33.8475,29.955
1699,4.0875,0,26.21,33.805,29.8525
1700,4.0625,0,26.2325,33.94,29.7
1701,4.0425,0,26.235,33.9925,29.6425
1702,4.0175,0,26.3725,33.9625,29.6275
1703,3.975,0,26.355,33.9325,29.725
1704,3.9125,0,26.3525,33.77,29.75
1705,3.8725,0,26.5625,33.7225,29.74
1706,3.8325,0,26.6925,33.75,29.71
1707,3.825,0,26.7175,33.805,29.6325
1708,3.8275,0,26.84,33.635,29.5325
1709,3.83,0,26.855,33.66,29.53
1710,3.82,0,26.9425,33.58,29.4825
1711,3.7725,0,27.0475,33.495,29.5525
1712,3.7175,0,27.235,33.4275,29.605
1713,3.7,0,27.1825,33.4425,29.5525
1714,3.6775,0,27.26,33.045,29.645
1715,3.72,0,27.41,32.9675,29.6225
1716,3.655,0,27.525,33.03,29.5775
1717,3.6175,0,27.685,33.02,29.565
1718,3.64,0,27.71,32.885,29.55
1719,3.6425,0,27.9425,32.7325,29.535
1720,3.605,0,28.1625,32.56,29.32
1721,3.5925,0,28.2725,32.3425,29.32
1722,3.6325,0,28.5575,32.1975,29.2925
1723,3.6225,0,28.655,32.1825,29.2075
1724,3.63,0,28.785,32.1375,29.21
1725,3.66,0,28.91,31.935,29.175
1726,3.6975,0,29.1075,31.8325,29.1525
1727,3.665,0,29.25,31.72,29.2375
1728,3.63,0,29.3175,31.765,29.185
1729,3.665,0,29.34,31.6175,29.145
1730,3.72,0,29.4475,31.7275,29.16
1731,3.715,0,29.365,31.6175,29.1575
1732,3.7375,0,29.3925,31.4925,29.15
1733,3.7325,0,29.33,31.4175,29.2575
1734,3.6875,0,29.4225,31.255,29.3675
1735,3.6175,0,29.495,31.0825,29.4775
1736,3.68,0,29.4225,31.1275,29.58
1737,3.6875,0,29.4475,30.9225,29.6675
1738,3.6525,0,29.495,30.82,29.6975
1739,3.7,0,29.5725,30.7275,29.785
1740,3.695,0,29.71,30.4925,29.87
1741,3.69,0,29.695,30.5025,29.9775
1742,3.715,0,29.675,30.305,30.0575
1743,3.74,0,29.67,30.1025,30.1425
1744,3.7175,0,29.7375,29.95,30.3125
1745,3.71,0,29.77,29.8975,30.3425
1746,3.6975,0,29.7825,29.77,30.4325
1747,3.685,0,29.675,29.76,30.5575
1748,3.6875,0,29.75,29.7,30.6675
1749,3.68,0,29.64,29.7425,30.6875
1750,3.685,0,29.78,29.5875,30.8275
1751,3.74,0,29.6475,29.45,30.8575
1752,3.73,0,29.715,29.36,31
1753,3.73,0,29.6525,29.3675,31.075
1754,3.7225,0,29.6925,29.2425,31.315
1755,3.7025,0,29.6,29.1,31.3175
1756,3.74,0,29.4575,29.12,31.3825
1757,3.785,0,29.41,28.935,31.49
1758,3.85,0,29.4475,28.855,31.4825
1759,3.89,0,29.4725,28.9125,31.5475
1760,3.9125,0,29.3725,28.805,31.615
1761,3.9625,0,29.4275,28.7925,31.8175
1762,3.9975,0,29.32,28.6725,31.8725
1763,3.9625,0,29.395,28.665,31.9225
1764,4.015,0,29.32,28.4975,31.85
1765,4.0575,0,29.2,28.615,31.9175
1766,4.075,0,29.1475,28.7,32.0025
1767,4.095,0,29.1525,28.71,32.0775
1768,4.1,0,29.115,28.63,32.035
1769,4.13,0,28.9525,28.5975,32.16
1770,4.1575,0,28.88,28.7075,32.1775
1771,4.2025,0,28.885,28.5925,32.2375
1772,4.19,0,28.875,28.665,32.3775
1773,4.2075,0,28.7775,28.4875,32.44
1774,4.2275,0,28.8475,28.435,32.53
1775,4.235,0,28.8025,28.33,32.5825
1776,4.285,0,28.7925,28.165,32.51
1777,4.2525,0,28.73,28.1575,32.605
1778,4.2975,0,28.8425,28.25,32.5625
1779,4.2775,0,28.78,28.2325,32.575
1780,4.325,0,28.7075,28.15,32.7525
1781,4.3725,0,28.6075,28.1675,32.7375
1782,4.3475,0,28.4575,28.2275,32.815
1783,4.355,0,28.3825,28.23,32.925
1784,4.3725,0,28.2075,28.3175,32.99
1785,4.3275,0,28.0475,28.435,33.12
1786,4.3,0,27.9575,28.5475,33.0525
1787,4.265,0,27.9675,28.5775,33.0825
1788,4.3,0,27.885,28.6425,33.1025
1789,4.2775,0,27.665,28.88,33.2075
1790,4.265,0,27.4325,28.7825,33.245
1791,4.23,0,27.465,28.8575,33.1775
1792,4.265,0,27.2975,28.7975,33.33
1793,4.2775,0,27.12,29.0475,33.435
1794,4.2225,0,26.9475,29.0225,33.5975
1795,4.2075,0,26.85,29.065,33.5375
1796,4.1975,0,26.72,29.1325,33.7575
1797,4.1775,0,26.6025,29.1825,33.76
1798,4.14,0,26.4775,29.3325,33.7425
1799,4.0975,0,26.435,29.43,33.9275
1800,4.09,0,26.35,29.545,33.785
1801,4.0725,0,26.1425,29.6675,33.8025
1802,4.095,0,26.0975,29.665,33.9075
1803,4.07,0,25.9525,29.86,33.99
1804,4.0475,0,25.9675,29.8725,34.085
1805,4.0025,0,25.89,29.8675,33.945
1806,4.0375,0,25.7575,29.905,33.9675
1807,4.035,0,25.74,29.945,33.9975
1808,4,0,25.65,30.04,33.9725
1809,4.0125,0,25.6625,29.9775,34.06
1810,3.97,0,25.58,30.155,34.15
1811,3.95,0,25.48,30.28,34.175
1812,3.91,0,25.39,30.2775,34.24
1813,3.94,0,25.3525,30.3275,34.25
1814,3.9025,0,25.3225,30.5,34.08
1815,3.91,0,25.2475,30.59,34.115
1816,3.8875,0,25.295,30.52,34.03
1817,3.9225,0,25.255,30.62,34.1925
1818,3.9275,0,25.15,30.4925,34.3325
1819,3.9425,0,25.2325,30.5125,34.2525
1820,3.9275,0,25.1525,30.4825,34.2475
1821,3.915,0,25.245,30.52,34.16
1822,3.985,0,25.315,30.7575,33.845
1823,3.965,0,25.3375,30.7825,33.61
1824,3.9925,0,25.285,30.845,33.66
1825,4.0125,0,25.2275,31.06,33.5575
1826,3.975,0,25.2075,31.03,33.4925
1827,3.9575,0,25.2725,31.12,33.3
1828,3.9675,0,25.41,31.2825,33.1775
1829,3.9925,0,25.4475,31.33,33.1875
1830,3.9725,0,25.39,31.5125,32.9825
1831,3.995,0,25.3675,31.695,32.8625
1832,4.045,0,25.395,31.82,32.69
1833,4.0775,0,25.435,31.945,32.5725
1834,4.115,0,25.4575,32.0475,32.2425
1835,4.1225,0,25.4575,32.325,32.2875
1836,4.05,0,25.4825,32.3425,32.09
1837,4.095,0,25.485,32.435,31.7875
1838,4.1375,0,25.5075,32.3725,31.6875
1839,4.1875,0,25.7525,32.515,31.585
1840,4.1875,0,25.6875,32.455,31.285
1841,4.2375,0,25.6475,32.6375,31.3025
1842,4.2525,0,25.785,32.6775,31.185
1843,4.295,0,25.8925,32.76,31.0075
1844,4.305,0,25.8575,32.92,30.8325
1845,4.345,0,25.7975,33.035,30.7275
1846,4.3975,0,25.765,33.1025,30.6125
1847,4.43,0,25.96,32.945,30.5375
1848,4.48,0,25.935,32.965,30.4125
1849,4.5225,0,26.0025,32.9275,30.315
1850,4.5425,0,26.04,33.0275,30.205
1851,4.55,0,26.05,32.9875,30.0075
1852,4.5575,0,26.155,32.83,30.0575
1853,4.6225,0,26.26,32.7275,30.17
1854,4.6625,0,26.285,32.8175,30.06
1855,4.6775,0,26.39,32.8675,29.91
1856,4.6975,0,26.48,32.7475,29.9425
1857,4.76,0,26.55,32.66,29.8725
1858,4.8025,0,26.7875,32.4625,29.885
1859,4.83,0,26.8075,32.41,29.795
1860,4.8375,0,26.865,32.22,29.8625
1861,4.83,0,26.9675,32.165,29.8
1862,4.8825,0,27,32.1,29.88
1863,4.9,0,26.9425,32.195,29.855
1864,4.9325,0,27.1125,32.025,29.72
1865,4.9425,0,27.1975,31.955,29.7175
1866,4.9575,0,27.2675,31.8525,29.585
1867,5.02,0,27.4275,31.8325,29.605
1868,4.9825,0,27.55,31.7725,29.435
1869,4.9875,0,27.7675,31.5475,29.5
1870,4.985,0,27.86,31.43,29.405
1871,4.9875,0,28.0525,31.36,29.455
1872,4.9825,0,28.095,31.105,29.475
1873,4.97,0,28.3475,30.945,29.5325
1874,5.0025,0,28.4925,30.7125,29.385
1875,4.93,0,28.5425,30.6575,29.63
1876,4.9225,0,28.64,30.56,29.715
1877,4.89,0,28.6625,30.2975,29.93
1878,4.89,0,28.705,30.095,29.8375
1879,4.8725,0,28.7625,30.11,29.815
1880,4.865,0,28.8875,29.97,29.9375
1881,4.9075,0,29.0025,29.915,30.1225
1882,4.8675,0,29.08,29.8,30.195
1883,4.8425,0,29.125,29.58,30.2625
1884,4.8725,0,29.3175,29.455,30.155
1885,4.88,0,29.4475,29.305,30.205
1886,4.87,0,29.4675,29.2075,30.4075
1887,4.88,0,29.375,29.0925,30.5375
1888,4.815,0,29.375,29.105,30.3875
1889,4.8025,0,29.415,28.9675,30.4775
1890,4.74,0,29.585,28.93,30.5725
1891,4.7275,0,29.485,28.9,30.56
1892,4.69,0,29.6,28.82,30.815
1893,4.6725,0,29.6025,28.6725,30.9025
1894,4.6925,0,29.6175,28.55,31.005
1895,4.64,0,29.6125,28.425,31.0875
1896,4.5775,0,29.525,28.44,31.13
1897,4.53,0,29.485,28.5375,31.1775
1898,4.5075,0,29.485,28.58,31.2925
1899,4.5,0,29.6,28.49,31.4375
1900,4.4225,0,29.52,28.4775,31.5775
1901,4.45,0,29.535,28.4075,31.5225
1902,4.37,0,29.4775,28.32,31.46
1903,4.34,0,29.4525,28.4475,31.525
1904,4.295,0,29.3375,28.3775,31.6925
1905,4.25,0,29.3625,28.1625,31.8275
1906,4.1225,0,29.3475,28.135,31.9675
1907,4.095,0,29.4825,28.2225,31.9025
1908,4.0725,0,29.4875,28.34,32.0375
1909,3.9975,0,29.425,28.295,32.0675
1910,3.9875,0,29.4175,28.265,32.14
1911,3.9575,0,29.3425,28.3225,32.3975
1912,3.9,0,29.43,28.37,32.285
1913,3.8525,0,29.36,28.29,32.4875
1914,3.8475,0,29.3375,27.9425,32.535
1915,3.7575,0,29.425,27.885,32.595
1916,3.7775,0,29.375,27.8425,32.81
1917,3.6925,0,29.4175,27.7775,32.88
1918,3.71,0,29.4425,27.7175,33.0575
1919,3.675,0,29.335,27.775,33.0675
1920,3.605,0,29.42,27.6875,33.055
1921,3.635,0,29.3925,27.705,33.075
1922,3.5775,0,29.3625,27.5,33.2225
1923,3.5325,0,29.2525,27.63,33.3425
1924,3.485,0,29.25,27.555,33.3725
1925,3.45,0,29.265,27.555,33.4975
1926,3.455,0,29.355,27.55,33.5425
1927,3.43,0,29.12,27.7025,33.3625
1928,3.445,0,29.0625,27.755,33.4325
1929,3.4075,0,29.0425,27.815,33.4275
1930,3.3725,0,28.98,27.8,33.6275
1931,3.3725,0,28.9675,27.94,33.615
1932,3.31,0,28.92,28.0575,33.7375
1933,3.32,0,28.77,28.1175,33.8225
1934,3.255,0,28.6675,28.1875,33.8225
1935,3.195,0,28.62,28.3325,33.75
1936,3.185,0,28.61,28.45,33.785
1937,3.1575,0,28.5125,28.615,33.71
1938,3.1625,0,28.465,28.65,33.6425
1939,3.185,0,28.425,28.88,33.57
1940,3.1975,0,28.3125,28.8525,33.3325
1941,3.22,0,28.1125,29.0325,33.435
1942,3.2125,0,27.85,29.215,33.4475
1943,3.2075,0,27.865,29.41,33.415
1944,3.2025,0,27.7225,29.51,33.4575
1945,3.1875,0,27.5975,29.64,33.38
1946,3.235,0,27.4325,29.705,33.3425
1947,3.23,0,27.2825,29.8925,33.4275
1948,3.2375,0,27.1925,30.065,33.4525
1949,3.2225,0,27.035,30.2375,33.44
1950,3.265,0,26.905,30.325,33.265
1951,3.2,0,26.91,30.6375,33.1
1952,3.1875,0,26.815,30.725,33.1125
1953,3.18,0,26.6425,30.9425,33.145
1954,3.1525,0,26.3525,30.9725,33.185
1955,3.12,0,26.3325,31.1225,33.26
1956,3.1425,0,26.22,31.315,33.175
1957,3.2,0,26.1175,31.58,33.0125
1958,3.1475,0,26.01,31.6175,32.7375
1959,3.1525,0,25.8125,31.9425,32.6625
1960,3.095,0,25.9075,32.14,32.5725
1961,3.0975,0,25.8525,32.2275,32.375
1962,3.15,0,25.8725,32.1625,32.3875
1963,3.145,0,25.8875,32.1225,32.26
1964,3.1425,0,25.88,32.235,32.215
1965,3.13,0,25.995,32.3925,32.095
1966,3.165,0,25.915,32.475,32.0075
1967,3.17,0,26.005,32.52,31.9725
1968,3.2025,0,26.0025,32.535,31.925
1969,3.195,0,26.0025,32.525,31.885
1970,3.2125,0,26.0775,32.46,31.73
1971,3.215,0,26.2275,32.35,31.7475
1972,3.185,0,26.2325,32.49,31.675
1973,3.2075,0,26.33,32.4675,31.54
1974,3.275,0,26.4375,32.535,31.2925
1975,3.2775,0,26.605,32.5875,31.055
1976,3.2975,0,26.6175,32.865,30.8325
1977,3.36,0,26.81,32.8475,30.83
1978,3.43,0,26.7625,32.855,30.6925
1979,3.4475,0,26.9125,32.74,30.645
1980,3.4925,0,27.045,32.68,30.435
1981,3.525,0,27.2225,32.665,30.2425
1982,3.55,0,27.3875,32.6125,30.085
1983,3.5475,0,27.495,32.47,29.9475
1984,3.61,0,27.685,32.41,29.715
1985,3.625,0,27.8475,32.495,29.6875
1986,3.665,0,27.9675,32.465,29.65
1987,3.705,0,28.04,32.3875,29.465
1988,3.745,0,28.085,32.25,29.455
1989,3.81,0,28.2525,32.1925,29.4675
1990,3.865,0,28.445,32.1,29.3675
1991,3.9025,0,28.4325,32.0725,29.3625
1992,3.975,0,28.54,31.9825,29.3025
1993,4,0,28.6525,31.715,29.1875
1994,4.02,0,28.9,31.6525,29.235
1995,4.09,0,28.9725,31.4125,29.1825
1996,4.155,0,29.105,31.215,29.16
1997,4.2425,0,29.1525,31.1325,29.2075
1998,4.2575,0,29.15,31.1825,29.055
1999,4.31,0,29.25,31.17,29.1175
2000,4.33,0,29.33,30.8175,29.1525
2001,4.3475,0,29.4025,30.7075,29.1125
2002,4.395,0,29.515,30.6425,29.1375
2003,4.395,0,29.585,30.545,29.155
2004,4.425,0,29.575,30.4,29.15
2005,4.4075,0,29.73,30.2375,29.22
2006,4.4725,0,29.6575,30.2325,29.345
2007,4.4575,0,29.7875,30.215,29.385
2008,4.4925,0,29.805,30.0825,29.4325
2009,4.545,0,29.945,30.0175,29.395
2010,4.5725,0,29.8025,29.7575,29.3875
2011,4.5525,0,29.8075,29.625,29.5075
2012,4.61,0,30.0575,29.5725,29.67
2013,4.6475,0,29.9725,29.4175,29.7
2014,4.7225,0,30.0325,29.3075,29.735
2015,4.7275,0,30.0375,29.1875,29.7625
2016,4.7675,0,29.9925,29.16,29.7525
2017,4.7725,0,30.11,29.0825,29.8325
2018,4.7525,0,30.075,28.92,29.9725
2019,4.7675,0,30.0675,28.9325,29.9425
2020,4.7375,0,29.9475,28.915,30.15
2021,4.74,0,29.89,28.88,30.21
2022,4.7575,0,30.0125,28.785,30.36
2023,4.7825,0,30.0175,28.84,30.305
2024,4.7125,0,29.9425,28.77,30.365
2025,4.725,0,29.93,28.795,30.4425
2026,4.6725,0,29.8975,28.7975,30.44
2027,4.695,0,29.8525,28.6075,30.645
2028,4.715,0,29.8625,28.6675,30.5375
2029,4.685,0,29.9725,28.6775,30.585
2030,4.685,0,29.835,28.475,30.6075
2031,4.6775,0,29.855,28.5375,30.73
2032,4.63,0,29.8675,28.5475,30.7575
2033,4.63,0,29.815,28.44,30.815
2034,4.575,0,29.7275,28.3475,31.085
2035,4.5375,0,29.585,28.245,31.155
2036,4.5125,0,29.5275,28.4025,31.2025
2037,4.52,0,29.38,28.435,31.3225
2038,4.475,0,29.2025,28.6125,31.215
2039,4.4425,0,29.1275,28.54,31.4175
2040,4.465,0,28.935,28.665,31.5725
2041,4.48,0,28.835,28.6175,31.72
2042,4.4275,0,28.9375,28.6675,31.6525
2043,4.4125,0,28.745,28.745,31.83
2044,4.375,0,28.6925,28.76,31.82
2045,4.3625,0,28.6825,28.79,31.76
2046,4.325,0,28.64,28.7475,31.93
2047,4.3675,0,28.605,28.5525,31.88
2048,4.3675,0,28.5275,28.61,32.08
2049,4.3275,0,28.45,28.73,32.295
2050,4.3025,0,28.405,28.64,32.4825
2051,4.2975,0,28.28,28.5775,32.4675
2052,4.275,0,28.2725,28.6275,32.585
2053,4.2775,0,28.1075,28.645,32.585
2054,4.2775,0,28.105,28.62,32.8325
2055,4.295,0,27.85,28.5675,32.9025
2056,4.26,0,27.8525,28.6575,32.9625
2057,4.2675,0,27.6825,28.7325,33.045
2058,4.265,0,27.745,28.7675,32.9175
2059,4.2625,0,27.51,28.8525,32.855
2060,4.3025,0,27.41,28.9025,33.01
2061,4.2625,0,27.4475,29.075,32.9625
2062,4.2,0,27.2775,29.17,33.0275
2063,4.145,0,27.2475,29.0575,33.1825
2064,4.14,0,26.975,29.23,33.4
2065,4.0875,0,26.7625,29.115,33.395
2066,4.0575,0,26.89,29.3,33.4125
2067,3.9725,0,26.8375,29.4275,33.4225
2068,3.91,0,26.71,29.6325,33.4175
2069,3.895,0,26.62,29.71,33.3675
2070,3.8525,0,26.3775,29.8175,33.535
2071,3.7375,0,26.3275,30.02,33.57
2072,3.6625,0,26.335,30.105,33.54
2073,3.6175,0,26.26,30.1075,33.515
2074,3.5775,0,26.2475,30.2475,33.455
2075,3.57,0,26.135,30.4325,33.4425
2076,3.585,0,26.2275,30.535,33.2975
2077,3.4925,0,26.0525,30.525,33.3925
2078,3.49,0,26.1375,30.46,33.4275
2079,3.49,0,26.2325,30.4825,33.4575
2080,3.5275,0,26.1275,30.5975,33.395
2081,3.525,0,26.095,30.7575,33.2725
2082,3.4575,0,26.035,30.86,33.21
2083,3.465,0,26.0475,30.875,33.1675
2084,3.53,0,26.045,31.0075,33.1175
2085,3.5325,0,26.1,31.12,33.02
2086,3.51,0,25.9025,31.2725,33.145
2087,3.53,0,25.915,31.3375,33.05
2088,3.5075,0,25.82,31.52,33.0475
2089,3.5075,0,25.825,31.5475,32.88
2090,3.535,0,25.755,31.5775,32.765
2091,3.4975,0,25.63,31.7475,32.7575
2092,3.4825,0,25.7225,31.82,32.66
2093,3.4525,0,25.63,32.035,32.765
2094,3.42,0,25.54,32.1775,32.6225
2095,3.4025,0,25.455,32.345,32.575
2096,3.415,0,25.4325,32.485,32.445
2097,3.3975,0,25.42,32.7175,32.39
2098,3.3875,0,25.52,32.74,32.2375
2099,3.3575,0,25.4125,32.88,32.1175
2100,3.3625,0,25.42,33.03,31.8825
2101,3.345,0,25.4,33.2625,31.9725
2102,3.3125,0,25.3675,33.3375,31.7575
2103,3.3225,0,25.2275,33.4125,31.6475
2104,3.3175,0,25.315,33.4775,31.7225
2105,3.31,0,25.18,33.5625,31.635
2106,3.35,0,25.1525,33.7025,31.635
2107,3.3375,0,25.2,33.74,31.515
2108,3.3175,0,25.3475,33.8125,31.45
2109,3.2875,0,25.3,33.8325,31.365
2110,3.31,0,25.4725,33.8875,31.1525
2111,3.3075,0,25.575,33.835,31.0675
2112,3.29,0,25.6425,33.945,30.9275
2113,3.37,0,25.7625,34.035,30.7275
2114,3.36,0,25.9225,34.16,30.5325
2115,3.405,0,26.07,34.1975,30.34
2116,3.3775,0,26.195,34.275,30.0025
2117,3.435,0,26.2225,34.36,29.88
2118,3.4575,0,26.4025,34.2425,29.8375
2119,3.4525,0,26.5075,34.2975,29.505
2120,3.4925,0,26.7025,34.2,29.4325
2121,3.52,0,26.915,34.1725,29.1825
2122,3.5375,0,27.1075,34.1575,29.1275
2123,3.59,0,27.32,34.02,29.005
2124,3.565,0,27.55,34.005,28.73
2125,3.635,0,27.645,33.9475,28.585
2126,3.705,0,27.815,33.8225,28.42
2127,3.74,0,28.0525,33.785,28.1775
2128,3.79,0,28.18,33.7725,28.145
2129,3.88,0,28.3175,33.7025,28.0275
2130,3.94,0,28.42,33.645,27.9125
2131,4.0275,0,28.5825,33.4125,27.7775
2132,4.095,0,28.7725,33.3375,27.72
2133,4.2225,0,28.935,33.3225,27.52
2134,4.3075,0,28.9025,33.27,27.2275
2135,4.4175,0,28.995,33.165,27.18
2136,4.505,0,29.1025,33.1875,27.055
2137,4.5625,0,29.0925,33.14,26.9525
2138,4.6575,0,29.2575,33.1775,26.78
2139,4.7475,0,29.42,32.9925,26.58
2140,4.82,0,29.42,32.845,26.4725
2141,4.88,0,29.535,32.89,26.36
2142,4.9325,0,29.6475,32.8175,26.3025
2143,5.04,0,29.8075,32.62,26.425
2144,5.05,0,29.9925,32.47,26.2475
2145,5.085,0,30.1225,32.2875,26.27
2146,5.1225,0,30.2775,32.0625,26.2125
2147,5.21,0,30.4625,31.84,26.115
2148,5.245,0,30.67,31.91,26.1025
2149,5.3175,0,30.8375,31.86,26.1275
2150,5.355,0,30.8175,31.535,26.08
2151,5.4025,0,30.815,31.495,26.28
2152,5.4225,0,31.0575,31.22,26.18
2153,5.42,0,30.9975,31.1375,26.2575
2154,5.4525,0,31.0775,31.055,26.355
2155,5.5425,0,31.1375,30.87,26.4225
2156,5.485,0,31.245,30.72,26.6475
2157,5.4875,0,31.245,30.4225,26.8175
2158,5.475,0,31.3375,30.2475,26.935
2159,5.455,0,31.385,30.1675,27.0775
2160,5.44,0,31.47,29.9775,27.28
2161,5.51,0,31.52,29.715,27.245
2162,5.4725,0,31.4575,29.53,27.605
2163,5.44,0,31.3025,29.375,27.745
2164,5.4625,0,31.0825,29.225,28.1175
2165,5.525,0,31.1725,29.075,28.2475
2166,5.535,0,31.255,28.96,28.28
2167,5.52,0,31.115,28.76,28.625
2168,5.5,0,31.005,28.4575,28.835
2169,5.5175,0,30.9275,28.4375,28.9225
2170,5.48,0,30.735,28.3425,29.1275
2171,5.455,0,30.675,28.335,29.3425
2172,5.485,0,30.7175,28.1475,29.585
2173,5.475,0,30.615,28.0925,29.68
2174,5.45,0,30.52,28.0275,29.885
2175,5.425,0,30.2425,27.9975,30.0675
2176,5.38,0,30.15,27.915,30.295
2177,5.3025,0,30.1525,27.68,30.4625
2178,5.2325,0,29.9775,27.7225,30.73
2179,5.215,0,29.89,27.615,30.97
2180,5.18,0,29.8475,27.515,31.1825
2181,5.17,0,29.7625,27.31,31.4925
2182,5.08,0,29.7325,27.3325,31.63
2183,4.9975,0,29.695,27.3225,31.775
2184,4.9375,0,29.5275,27.22,32.04
2185,4.855,0,29.3575,27.175,32.2
2186,4.765,0,29.2225,27.3075,32.4175
2187,4.7275,0,29.24,27.185,32.6175
2188,4.695,0,29.19,27.25,32.795
2189,4.63,0,29.1025,27.205,32.8225
2190,4.56,0,28.9825,27.09,33.0075
2191,4.5225,0,28.8175,27.155,33.2075
2192,4.4925,0,28.7125,27.135,33.4675
2193,4.4775,0,28.78,27.11,33.6525
2194,4.385,0,28.835,27.0325,33.76
2195,4.3375,0,28.49,26.985,33.89
2196,4.3175,0,28.47,26.945,33.78
2197,4.27,0,28.2725,27.045,34.085
2198,4.25,0,28.11,27.105,34.2775
2199,4.2025,0,27.925,27.1875,34.2475
2200,4.18,0,27.7825,27.3625,34.255
2201,4.1775,0,27.6075,27.55,34.35
2202,4.145,0,27.5,27.7475,34.44
2203,4.075,0,27.4175,27.97,34.32
2204,4.0325,0,27.3325,28.0175,34.475
2205,3.9725,0,27.19,28.245,34.4375
2206,4.0075,0,27.035,28.32,34.5275
2207,3.9775,0,26.97,28.4775,34.4875
2208,3.935,0,26.9525,28.63,34.55
2209,3.8625,0,26.9225,28.8825,34.46
2210,3.8175,0,26.7875,28.9525,34.4825
2211,3.7775,0,26.6025,29.115,34.56
2212,3.725,0,26.4825,29.415,34.41
2213,3.6975,0,26.395,29.5225,34.3675
2214,3.675,0,26.2925,29.575,34.3725
2215,3.62,0,26.25,29.7775,34.525
2216,3.5675,0,26.125,29.7375,34.53
2217,3.53,0,25.975,29.71,34.455
2218,3.46,0,25.9975,29.73,34.4925
2219,3.4575,0,26.0075,29.8025,34.5025
2220,3.4125,0,25.9475,29.7575,34.4425
2221,3.435,0,25.9925,29.885,34.4225
2222,3.4025,0,26.0725,30.0075,34.4475
2223,3.3775,0,25.905,30.05,34.365
2224,3.3925,0,25.8475,30.095,34.395
2225,3.335,0,25.7425,30.3925,34.28
2226,3.3125,0,25.655,30.57,34.12
2227,3.2875,0,25.63,30.77,34.04
2228,3.295,0,25.5725,30.995,34.2075
2229,3.3075,0,25.3875,31.145,34.0875
2230,3.2425,0,25.4425,31.2975,33.9475
2231,3.22,0,25.465,31.4375,33.8125
2232,3.2125,0,25.46,31.555,33.6925
2233,3.24,0,25.33,31.735,33.51
2234,3.2475,0,25.3875,31.8475,33.3175
2235,3.2675,0,25.2725,31.875,33.2225
2236,3.355,0,25.345,31.96,32.96
2237,3.3375,0,25.43,32.1325,32.7975
2238,3.3725,0,25.4525,32.245,32.5575
2239,3.37,0,25.4625,32.3825,32.43
2240,3.4175,0,25.5575,32.4325,32.365
2241,3.4775,0,25.5525,32.5525,32.22
2242,3.5275,0,25.635,32.48,32.115
2243,3.585,0,25.685,32.495,31.975
2244,3.605,0,25.4525,32.745,31.7725
2245,3.6375,0,25.585,32.77,31.685
2246,3.635,0,25.555,32.9675,31.5725
2247,3.6875,0,25.785,32.89,31.44
2248,3.7525,0,25.89,32.925,31.2025
2249,3.8625,0,25.845,33.0675,31.0375
2250,3.8975,0,25.8825,33.1875,31.0475
2251,3.9175,0,26.0025,33.2075,30.8975
2252,3.9825,0,25.8425,33.215,30.86
2253,4.0025,0,25.975,33.25,30.7175
2254,4.0475,0,26.0775,33.2225,30.505
2255,4.1,0,26.055,33.3825,30.23
2256,4.17,0,26.065,33.3275,30.1025
2257,4.2725,0,26.1425,33.435,29.9925
2258,4.335,0,26.1025,33.42,29.8925
2259,4.3975,0,26.2125,33.4875,29.7575
2260,4.44,0,26.2475,33.495,29.73
2261,4.525,0,26.3375,33.4025,29.5075
2262,4.6125,0,26.27,33.515,29.3425
2263,4.6925,0,26.3525,33.6125,29.17
2264,4.7675,0,26.565,33.5525,28.955
2265,4.8525,0,26.5375,33.4875,28.9675
2266,4.875,0,26.67,33.41,28.96
2267,4.9225,0,26.6575,33.335,28.84
2268,5.0275,0,26.7925,33.395,28.6775
2269,5.0225,0,26.8375,33.4525,28.3825
2270,5.07,0,26.9025,33.4,28.2825
2271,5.1,0,26.8725,33.3525,28.455
2272,5.1925,0,26.8425,33.3975,28.395
2273,5.24,0,26.935,33.4625,28.2525
2274,5.3125,0,26.985,33.3875,28.1325
2275,5.295,0,27.1725,33.3975,28.1475
2276,5.3325,0,27.205,33.345,27.93
2277,5.385,0,27.1725,33.31,27.98
2278,5.395,0,27.33,33.15,27.875
2279,5.4475,0,27.395,33.1025,27.93
2280,5.46,0,27.4525,33.03,27.9525
2281,5.505,0,27.46,32.9175,27.935
2282,5.5025,0,27.4925,32.895,27.87
2283,5.5525,0,27.5575,32.765,27.9575
2284,5.6175,0,27.5725,32.675,27.9375
2285,5.5975,0,27.575,32.6375,27.945
2286,5.595,0,27.6475,32.635,28.07
2287,5.6125,0,27.6775,32.525,28.0425
2288,5.6375,0,27.675,32.425,27.9625
2289,5.675,0,27.8425,32.3325,27.905
2290,5.7025,0,27.8425,32.32,28.01
2291,5.7375,0,27.895,32.1425,28.02
2292,5.73,0,28.0525,31.9325,27.96
2293,5.7375,0,28.115,31.8025,28.07
2294,5.765,0,28.2375,31.575,28.1875
2295,5.76,0,28.15,31.5625,28.2175
2296,5.805,0,28.4475,31.4925,28.3025
2297,5.77,0,28.415,31.3625,28.2925
2298,5.7825,0,28.4375,31.11,28.4725
2299,5.765,0,28.5525,30.9925,28.515
2300,5.8175,0,28.5325,30.8475,28.5125
2301,5.8175,0,28.76,30.665,28.6075
2302,5.8075,0,28.75,30.5,28.685
2303,5.7625,0,28.7375,30.4375,28.88
2304,5.7175,0,28.7025,30.48,28.915
2305,5.645,0,28.655,30.4525,28.96
2306,5.55,0,28.7275,30.3025,29.12
2307,5.545,0,28.7025,30.37,29.2025
2308,5.42,0,28.785,30.2525,29.3325
2309,5.29,0,28.7675,30.33,29.36
2310,5.2375,0,28.825,30.2625,29.5475
2311,5.165,0,28.92,30.195,29.4775
2312,5.175,0,28.8775,30.11,29.635
2313,5.1025,0,28.73,30.0575,29.8125
2314,5.04,0,28.6925,30.0475,29.845
2315,5.005,0,28.7975,29.995,29.92
2316,4.875,0,28.8075,29.85,30.1775
2317,4.785,0,28.875,29.88,30.3675
2318,4.675,0,28.8425,29.785,30.3725
2319,4.6275,0,28.765,29.71,30.62
2320,4.58,0,28.7825,29.6375,30.7925
2321,4.52,0,28.7825,29.5725,31.0625
2322,4.3975,0,28.7425,29.4275,31.3
2323,4.3425,0,28.6825,29.385,31.4025
2324,4.2675,0,28.605,29.305,31.52
2325,4.2575,0,28.57,29.285,31.675
2326,4.2225,0,28.5125,29.33,31.8625
2327,4.1525,0,28.5875,29.275,31.9125
2328,4.11,0,28.53,29.2375,32.0675
2329,4.035,0,28.635,29.1075,32.1125
2330,3.995,0,28.465,29.0525,32.49
2331,3.98,0,28.3925,28.915,32.705
2332,3.9775,0,28.3275,28.77,32.8525
2333,3.89,0,28.3225,28.58,32.9425
2334,3.87,0,28.2625,28.545,33.1925
2335,3.8525,0,28.255,28.5625,33.3275
2336,3.8375,0,28.0425,28.46,33.55
2337,3.8475,0,28.0375,28.3575,33.5225
2338,3.8275,0,27.88,28.4125,33.7125
2339,3.8125,0,27.86,28.455,33.675
2340,3.7675,0,27.825,28.5125,33.7325
2341,3.765,0,27.76,28.47,33.865
2342,3.78,0,27.7575,28.465,33.95
2343,3.7,0,27.72,28.6925,33.935
2344,3.675,0,27.6725,28.7225,33.9675
2345,3.685,0,27.7,28.69,33.985
2346,3.6625,0,27.6325,28.585,34.02
2347,3.665,0,27.4725,28.715,34.05
2348,3.6975,0,27.38,28.595,34.2375
2349,3.735,0,27.3725,28.525,34.2425
2350,3.73,0,27.4025,28.5575,34.24
2351,3.7325,0,27.395,28.495,34.345
2352,3.7925,0,27.4425,28.575,34.2925
2353,3.8175,0,27.2325,28.605,34.2875
2354,3.8375,0,27.105,28.525,34.4
2355,3.84,0,27.06,28.4925,34.445
2356,3.8325,0,27.06,28.625,34.4425
2357,3.83,0,26.9525,28.5925,34.4475
2358,3.8075,0,26.9675,28.6225,34.6
2359,3.8025,0,26.865,28.5675,34.6675
2360,3.78,0,26.7975,28.7325,34.6325
2361,3.8475,0,26.7425,28.8125,34.6375
2362,3.825,0,26.5975,28.8875,34.6575
2363,3.8575,0,26.59,28.99,34.6525
2364,3.875,0,26.42,29.0425,34.6375
2365,3.9025,0,26.2925,29.25,34.5675
2366,3.9075,0,26.1925,29.355,34.575
2367,3.9525,0,26.04,29.415,34.6325
2368,3.945,0,25.9025,29.45,34.5775
2369,3.9575,0,25.8575,29.7025,34.4875
2370,4.005,0,25.7775,29.8175,34.535
2371,4.02,0,25.5975,29.8,34.4575
2372,4.01,0,25.555,29.8125,34.4925
2373,3.9725,0,25.4225,29.9325,34.455
2374,3.975,0,25.355,30.1125,34.4275
2375,3.995,0,25.3,30.15,34.425
2376,3.9575,0,25.0975,30.105,34.46
2377,3.96,0,25.0425,30.3525,34.4875
2378,4.0025,0,25.0425,30.375,34.4975
2379,3.9875,0,24.8425,30.5425,34.445
2380,3.97,0,24.905,30.4075,34.4625
2381,3.9875,0,24.875,30.485,34.6225
2382,3.95,0,24.7075,30.5,34.5525
2383,3.915,0,24.73,30.6025,34.53
2384,3.89,0,24.7675,30.77,34.3125
2385,3.9225,0,24.78,30.9575,34.2475
2386,3.92,0,24.805,31.015,34.1225
2387,3.905,0,24.715,31.1575,33.9625
2388,3.925,0,24.64,31.175,33.9625
2389,3.8475,0,24.725,31.21,33.9075
2390,3.8525,0,24.6125,31.165,33.905
2391,3.8875,0,24.645,31.245,33.9075
2392,3.9575,0,24.515,31.1675,34.0425
2393,3.9675,0,24.5525,31.4075,34.1775
2394,3.97,0,24.5425,31.48,33.9525
2395,3.93,0,24.43,31.595,33.9875
2396,3.9225,0,24.3975,31.6825,33.895
2397,3.8925,0,24.41,31.715,33.795
2398,3.9175,0,24.355,31.7325,33.795
2399,3.94,0,24.43,31.7075,33.785
2400,3.97,0,24.465,31.785,33.75
2401,3.9725,0,24.5175,31.785,33.6375
2402,3.9925,0,24.3825,32.08,33.5925
2403,3.99,0,24.265,32.0925,33.6125
2404,3.97,0,24.365,32.0075,33.6375
2405,3.9775,0,24.3525,31.9575,33.5425
2406,3.9425,0,24.3275,31.975,33.575
2407,3.8775,0,24.335,32.165,33.5225
2408,3.805,0,24.31,32.21,33.52
2409,3.81,0,24.2575,32.165,33.4975
2410,3.8125,0,24.2325,32.3825,33.3425
2411,3.725,0,24.0975,32.385,33.26
2412,3.7325,0,24.27,32.3225,33.29
2413,3.76,0,24.2425,32.4,33.345
2414,3.7125,0,24.2975,32.495,33.2525
2415,3.71,0,24.33,32.5425,33.335
2416,3.6425,0,24.245,32.3925,33.3
2417,3.6675,0,24.1625,32.4025,33.34
2418,3.6975,0,24.19,32.39,33.4925
2419,3.685,0,24.16,32.4375,33.4975
2420,3.61,0,24.1975,32.495,33.4675
2421,3.63,0,24.1675,32.515,33.5175
2422,3.655,0,24.1425,32.5225,33.48
2423,3.6775,0,24.2075,32.6125,33.34
2424,3.595,0,24.225,32.585,33.35
2425,3.65,0,24.1825,32.66,33.27
2426,3.6675,0,24.2325,32.705,33.2075
2427,3.72,0,24.4025,32.725,33.0375
2428,3.6775,0,24.5025,32.7275,33.04
2429,3.71,0,24.495,32.5825,32.9475
2430,3.74,0,24.4975,32.505,33.0725
2431,3.715,0,24.66,32.415,32.9825
2432,3.765,0,24.8225,32.42,32.965
2433,3.7525,0,24.93,32.3575,32.7825
2434,3.73,0,24.9,32.375,32.79
2435,3.6975,0,24.89,32.4475,32.8225
2436,3.6175,0,24.7975,32.52,32.875
2437,3.64,0,24.815,32.375,32.965
2438,3.6275,0,24.8575,32.385,32.9425
2439,3.5825,0,24.9125,32.345,32.8575
2440,3.555,0,25.0575,32.2475,32.715
2441,3.5725,0,25.2725,32.2125,32.69
2442,3.545,0,25.3,32.18,32.74
2443,3.5375,0,25.33,32.29,32.5325
2444,3.475,0,25.4575,32.1525,32.615
2445,3.48,0,25.59,32.305,32.4875
2446,3.4775,0,25.5475,32.07,32.4975
2447,3.48,0,25.5425,32.1475,32.3725
2448,3.4775,0,25.6,32.2225,32.265
2449,3.415,0,25.625,32.2475,32.2125
2450,3.385,0,25.6225,32.335,32.0375
2451,3.355,0,25.6925,32.4175,32.11
2452,3.3625,0,25.8425,32.3825,32.0125
2453,3.3225,0,25.91,32.385,31.895
2454,3.325,0,25.9125,32.5375,31.8625
2455,3.3575,0,25.905,32.5975,31.6875
2456,3.35,0,25.9575,32.3875,31.7225
2457,3.3675,0,26.0325,32.55,31.645
2458,3.3725,0,26.0825,32.5875,31.5125
2459,3.395,0,26.08,32.7225,31.435
2460,3.46,0,25.99,32.5475,31.52
2461,3.42,0,25.96,32.5925,31.5325
2462,3.4225,0,26.045,32.53,31.505
2463,3.4075,0,26.01,32.67,31.5475
2464,3.415,0,25.945,32.525,31.63
2465,3.4175,0,25.9425,32.65,31.5525
2466,3.465,0,26.05,32.585,31.395
2467,3.46,0,26.0725,32.56,31.38
2468,3.4925,0,26.175,32.6575,31.4325
2469,3.505,0,26.0825,32.665,31.33
2470,3.5225,0,26.01,32.59,31.2725
2471,3.5225,0,26.065,32.595,31.2675
2472,3.545,0,26.06,32.5925,31.2125
2473,3.64,0,26.13,32.52,31.32
2474,3.66,0,26.155,32.485,31.2175
2475,3.725,0,26.17,32.51,31.21
2476,3.7075,0,26.0975,32.38,31.1675
2477,3.7275,0,26.0475,32.6675,31.0775
2478,3.735,0,26.0575,32.87,30.8875
2479,3.7975,0,25.98,32.96,30.8975
2480,3.795,0,26.1075,32.835,30.7325
2481,3.81,0,25.9775,32.975,30.7225
2482,3.8025,0,25.98,32.9725,30.4775
2483,3.83,0,26.1,33.1375,30.315
2484,3.88,0,26.3125,33.09,30.3175
2485,3.8775,0,26.405,33.165,30.11
2486,3.9475,0,26.4,33.36,29.9825
2487,3.945,0,26.5075,33.37,29.84
2488,4.01,0,26.545,33.4,29.7
2489,4.105,0,26.6,33.475,29.5575
2490,4.165,0,26.5925,33.5025,29.3675
2491,4.2025,0,26.505,33.4325,29.4275
2492,4.2575,0,26.69,33.3675,29.3275
2493,4.3425,0,26.7025,33.1925,29.285
2494,4.355,0,26.805,33.035,29.315
2495,4.4325,0,26.835,32.955,29.4225
2496,4.46,0,26.9,32.86,29.5175
2497,4.4675,0,26.9025,32.9725,29.4125
2498,4.49,0,26.95,32.8975,29.3625
2499,4.535,0,26.7825,32.945,29.31
2500,4.5575,0,26.7625,32.9475,29.4025
2501,4.595,0,26.745,32.8725,29.4175
2502,4.6675,0,26.825,32.825,29.4
2503,4.6775,0,26.935,32.7325,29.4225
2504,4.7,0,26.9225,32.6725,29.3525
2505,4.775,0,26.78,32.4625,29.49
2506,4.8,0,26.915,32.265,29.5325
2507,4.8375,0,26.93,32.055,29.47
2508,4.9225,0,26.915,32.095,29.5575
2509,4.965,0,26.95,32.045,29.43
2510,5.05,0,26.94,31.97,29.3125
2511,5.14,0,27.145,32.0225,29.345
2512,5.155,0,27.1425,32.025,29.3275
2513,5.2475,0,27.05,31.8975,29.3875
2514,5.3175,0,27.055,31.885,29.495
2515,5.31,0,27.0825,31.745,29.4425
2516,5.3575,0,27.145,31.5575,29.47
2517,5.4275,0,27.28,31.4125,29.4825
2518,5.4825,0,27.2075,31.375,29.5325
2519,5.52,0,27.1675,31.3725,29.5075
2520,5.6075,0,27.235,31.315,29.525
2521,5.6525,0,27.19,31.13,29.64
2522,5.7225,0,27.16,31.1525,29.685
2523,5.7225,0,27.11,30.9025,29.7575
2524,5.755,0,27.16,30.9775,29.7875
2525,5.81,0,27.09,30.885,29.8325
2526,5.8625,0,26.9975,30.9875,29.71
2527,5.8475,0,26.965,31.045,29.9275
2528,5.8525,0,26.8625,31.04,29.99
2529,5.88,0,26.835,31.0275,30.02
2530,5.825,0,26.7225,30.975,30.015
2531,5.8175,0,26.8625,30.995,30.1725
2532,5.835,0,26.855,31.13,30.1425
2533,5.895,0,26.685,31.0525,30.0825
2534,5.88,0,26.6925,30.965,30.14
2535,5.8925,0,26.6525,30.9025,30.2375
2536,5.88,0,26.565,30.93,30.3475
2537,5.85,0,26.5925,30.9175,30.4175
2538,5.8525,0,26.5525,30.9975,30.53
2539,5.86,0,26.5675,30.8075,30.425
2540,5.83,0,26.535,30.77,30.605
2541,5.8225,0,26.43,30.835,30.735
2542,5.81,0,26.4,30.7525,30.7225
2543,5.795,0,26.3275,30.8675,30.8075
2544,5.7775,0,26.3375,30.82,30.8325
2545,5.735,0,26.2,30.9275,30.9
2546,5.7675,0,26.0925,30.9425,30.79
2547,5.7525,0,26.0775,30.9825,30.8025
2548,5.735,0,26.1,31.105,30.7525
2549,5.645,0,26.08,31.095,30.7375
2550,5.625,0,26.165,31.215,30.675
2551,5.6025,0,26.195,31.3375,30.7425
2552,5.6025,0,26.0825,31.39,30.6375
2553,5.54,0,26.1225,31.3925,30.5725
2554,5.54,0,26.1475,31.4825,30.6125
2555,5.53,0,26.1,31.57,30.575
2556,5.5125,0,26.0575,31.5875,30.6825
2557,5.4775,0,26.1875,31.555,30.7125
2558,5.4425,0,26.2075,31.5275,30.5625
2559,5.4,0,26.075,31.76,30.7325
2560,5.3875,0,26.1525,31.5875,30.7425
2561,5.3,0,26.205,31.6975,30.6475
2562,5.24,0,26.16,31.68,30.7175
2563,5.21,0,26.2275,31.795,30.6875
2564,5.1275,0,26.2375,32.0175,30.43
2565,5.11,0,26.3175,32.15,30.32
2566,5.0225,0,26.3725,32.24,30.265
2567,5.0175,0,26.4825,32.225,30.2075
2568,4.9575,0,26.4375,32.32,30.05
2569,4.895,0,26.615,32.285,30.03
2570,4.88,0,26.7925,32.3,29.985
2571,4.8275,0,26.8,32.3275,29.7925
2572,4.785,0,26.83,32.46,29.57
2573,4.7675,0,26.885,32.5725,29.6125
2574,4.7375,0,26.9475,32.675,29.59
2575,4.685,0,26.96,32.58,29.46
2576,4.6675,0,27.1475,32.5575,29.4575
2577,4.605,0,27.315,32.5875,29.375
2578,4.5575,0,27.4025,32.7625,29.3075
2579,4.515,0,27.4075,32.6975,29.2875
2580,4.465,0,27.355,32.8225,29.365
2581,4.34,0,27.41,32.9225,29.155
2582,4.3325,0,27.4325,32.97,29.13
2583,4.235,0,27.5525,32.9675,29.06
2584,4.1775,0,27.88,33.0025,29
2585,4.1225,0,27.8625,33.01,29.045
2586,4.085,0,27.8525,33.0575,28.8325
2587,4.045,0,28.04,33.175,28.8575
2588,4.005,0,27.965,33.0675,28.8475
2589,3.9375,0,28.1525,32.9525,28.8175
2590,3.9225,0,28.2225,32.97,28.8
2591,3.8625,0,28.335,32.9375,28.9
2592,3.8075,0,28.41,32.9075,28.875
2593,3.7525,0,28.4075,32.885,28.97
2594,3.715,0,28.53,32.9075,28.98
2595,3.625,0,28.6425,32.9075,29.0575
2596,3.565,0,28.56,32.8475,28.9225
2597,3.5475,0,28.5925,32.9375,28.8625
2598,3.4825,0,28.7925,32.8925,28.7475
2599,3.425,0,28.96,32.8125,28.685
2600,3.4175,0,29.02,32.8175,28.7425
2601,3.375,0,29.04,32.68,28.73
2602,3.4,0,29.1,32.5975,28.795
2603,3.44,0,29.22,32.515,28.79
2604,3.395,0,29.3125,32.485,28.755
2605,3.405,0,29.3425,32.3225,28.8075
2606,3.3725,0,29.36,32.43,28.7025
2607,3.375,0,29.48,32.305,28.6425
2608,3.345,0,29.6,32.3325,28.6225
2609,3.36,0,29.5675,32.355,28.7
2610,3.365,0,29.5525,32.235,28.805
2611,3.3675,0,29.7525,32.2075,28.865
2612,3.3775,0,29.5775,31.995,28.875
2613,3.3625,0,29.6075,32.01,29.0325
2614,3.3,0,29.4175,31.8925,29.18
2615,3.2975,0,29.31,31.78,29.365
2616,3.29,0,29.2325,31.6525,29.5975
2617,3.2975,0,29.2725,31.67,29.7625
2618,3.3775,0,29.3225,31.44,29.8825
2619,3.4375,0,29.1975,31.265,30.0125
2620,3.42,0,29.0525,31.3,30.1275
2621,3.4625,0,28.97,31.1925,30.24
2622,3.52,0,29.005,31.04,30.4125
2623,3.53,0,28.98,30.9325,30.465
2624,3.5325,0,28.93,30.9175,30.71
2625,3.57,0,28.825,30.745,30.6975
2626,3.6125,0,28.915,30.5625,30.8825
2627,3.665,0,28.805,30.5925,30.92
2628,3.705,0,28.8275,30.505,30.9325
2629,3.785,0,28.7075,30.465,31.0275
2630,3.825,0,28.6225,30.3075,30.975
2631,3.895,0,28.5925,30.36,31.095
2632,3.92,0,28.6725,30.3025,31.1025
2633,3.98,0,28.5675,30.27,31.0525
2634,4.06,0,28.6375,29.985,31.2375
2635,4.0825,0,28.56,30.0025,31.3075
2636,4.12,0,28.6125,29.85,31.4475
2637,4.1775,0,28.53,29.8275,31.425
2638,4.235,0,28.655,29.8775,31.5375
2639,4.2625,0,28.5475,29.7825,31.525
2640,4.2575,0,28.5225,29.7475,31.545
2641,4.3075,0,28.505,29.5875,31.4225
2642,4.335,0,28.4475,29.6075,31.55
2643,4.3725,0,28.4175,29.565,31.4675
2644,4.3825,0,28.32,29.53,31.4925
2645,4.46,0,28.4025,29.4825,31.695
2646,4.5525,0,28.405,29.4375,31.555
2647,4.54,0,28.29,29.465,31.4825
2648,4.57,0,28.2725,29.4725,31.5075
2649,4.5925,0,28.4425,29.5025,31.5375
2650,4.5875,0,28.38,29.405,31.42
2651,4.62,0,28.355,29.5025,31.4275
2652,4.6575,0,28.3175,29.4825,31.3525
2653,4.65,0,28.3275,29.5025,31.38
2654,4.6825,0,28.37,29.5075,31.3025
2655,4.7175,0,28.4025,29.6725,31.205
2656,4.7575,0,28.3775,29.765,31.1825
2657,4.735,0,28.26,29.7525,31.1075
2658,4.71,0,28.2825,29.76,31.0925
2659,4.7025,0,28.1875,29.8625,30.98
2660,4.65,0,28.055,30.05,31.0525
2661,4.63,0,28.0525,30.16,31.1075
2662,4.5875,0,28.055,30.2025,30.975
2663,4.5475,0,27.9425,30.2525,30.955
2664,4.565,0,28.0575,30.2375,30.85
2665,4.5575,0,27.9275,30.3725,30.7725
2666,4.5175,0,27.89,30.395,30.765
2667,4.4925,0,27.775,30.72,30.79
2668,4.48,0,27.87,30.6625,30.6975
2669,4.4125,0,27.88,30.6875,30.7375
2670,4.4425,0,27.9425,30.6775,30.755
2671,4.4125,0,28,30.8275,30.69
2672,4.365,0,28.0225,30.6825,30.8075
2673,4.3175,0,27.8625,30.81,30.75
2674,4.2475,0,27.8525,30.8525,30.735
2675,4.18,0,27.8325,30.8125,30.87
2676,4.1225,0,27.7325,30.9475,30.9425
2677,4.0625,0,27.705,30.925,31.0575
2678,4.0375,0,27.5125,31.045,31.0325
2679,4.0275,0,27.605,31.015,31.0875
2680,3.9825,0,27.5225,31.2225,31.0275
2681,3.9825,0,27.595,31.275,31.0525
2682,3.9525,0,27.4625,31.21,31.225
2683,3.855,0,27.55,31.1525,31.2875
2684,3.8675,0,27.4925,31.0825,31.4375
2685,3.825,0,27.4325,31.015,31.5875
2686,3.79,0,27.415,30.94,31.6575
2687,3.735,0,27.5225,30.905,31.8425
2688,3.685,0,27.455,30.9025,31.8525
2689,3.6725,0,27.4775,30.8375,31.8725
2690,3.655,0,27.51,30.79,31.905
2691,3.6475,0,27.505,30.74,31.8025
2692,3.6425,0,27.725,30.69,31.795
2693,3.645,0,27.65,30.4775,31.9125
2694,3.575,0,27.82,30.4975,31.9025
2695,3.5475,0,27.99,30.275,31.7375
2696,3.54,0,28.1075,30.2125,31.8375
2697,3.52,0,28.09,30.29,32.0425
2698,3.515,0,28.1575,30.1075,31.9325
2699,3.425,0,28.14,30.0575,31.99
2700,3.375,0,28.1925,30.0525,32.0125
2701,3.3625,0,28.33,30.1275,31.99
2702,3.3275,0,28.285,30.19,31.9625
2703,3.295,0,28.2975,30.245,32.03
2704,3.3075,0,28.2825,30.2125,32.09
2705,3.295,0,28.295,30.3625,32.2
2706,3.32,0,28.1775,30.32,32.0425
2707,3.2975,0,28.1825,30.32,31.905
2708,3.3075,0,28.235,30.2975,31.815
2709,3.2825,0,28.295,30.2925,31.6575
2710,3.235,0,28.515,30.2525,31.58
2711,3.225,0,28.6475,30.35,31.5875
2712,3.1975,0,28.705,30.285,31.58
2713,3.2375,0,28.8075,30.2675,31.5025
2714,3.2625,0,28.645,30.2475,31.5875
2715,3.265,0,28.815,30.2,31.49
2716,3.2275,0,28.765,30.1975,31.4225
2717,3.2575,0,28.8225,30.1325,31.565
2718,3.2725,0,28.93,30.035,31.605
2719,3.29,0,28.975,29.915,31.6525
2720,3.3525,0,28.925,29.91,31.6375
2721,3.3875,0,29.09,29.82,31.5775
2722,3.4175,0,29.1825,29.83,31.5325
2723,3.3875,0,29.1525,29.7325,31.455
2724,3.415,0,29.2,29.68,31.34
2725,3.42,0,29.2425,29.6475,31.31
2726,3.42,0,29.39,29.7225,31.2575
2727,3.36,0,29.4675,29.665,31.0625
2728,3.3775,0,29.6325,29.575,31.025
2729,3.4275,0,29.6275,29.7075,30.89
2730,3.455,0,29.67,29.655,30.9425
2731,3.43,0,29.7225,29.4775,30.9375
2732,3.4975,0,29.7225,29.4575,30.8475
2733,3.555,0,29.68,29.4225,30.8275
2734,3.55,0,29.7375,29.4975,30.74
2735,3.515,0,29.6975,29.5425,30.7175
2736,3.4975,0,29.69,29.45,30.715
2737,3.5025,0,29.6875,29.3775,30.82
2738,3.5175,0,29.67,29.3775,30.8875
2739,3.47,0,29.6025,29.395,30.955
2740,3.4675,0,29.6775,29.3925,30.95
2741,3.4975,0,29.62,29.2725,31.0325
2742,3.455,0,29.635,29.25,31.165
2743,3.4925,0,29.6675,29.0575,31.25
2744,3.5275,0,29.57,28.9075,31.2475
2745,3.5325,0,29.6725,29,31.3425
2746,3.5175,0,29.6225,28.82,31.355
2747,3.515,0,29.5225,28.835,31.4525
2748,3.485,0,29.4625,28.855,31.535
2749,3.4975,0,29.37,28.8625,31.705
2750,3.5025,0,29.325,28.755,31.9175
2751,3.5125,0,29.5075,28.7225,31.8475
2752,3.555,0,29.3475,28.77,31.9675
2753,3.5325,0,29.35,28.7,31.995
2754,3.565,0,29.34,28.625,32.0975
2755,3.565,0,29.1725,28.68,32.05
2756,3.525,0,29.245,28.6725,32.02
2757,3.53,0,29.23,28.665,32.1775
2758,3.5025,0,29.0875,28.67,32.295
2759,3.51,0,28.9125,28.7275,32.3675
2760,3.49,0,28.8025,28.8425,32.4625
2761,3.475,0,28.6975,28.7375,32.66
2762,3.405,0,28.645,28.755,32.7525
2763,3.3825,0,28.5225,28.795,32.7
2764,3.375,0,28.6,28.98,32.835
2765,3.4075,0,28.4875,28.965,32.875
2766,3.375,0,28.495,29.0575,33.02
2767,3.3225,0,28.365,29.09,33.05
2768,3.3075,0,28.3425,29.0975,33
2769,3.2875,0,28.235,29.2225,33.0825
2770,3.32,0,28.1125,29.2575,33.14
2771,3.2775,0,28.0275,29.255,33.06
2772,3.31,0,27.9275,29.345,33.195
2773,3.26,0,27.82,29.2775,33.3
2774,3.2575,0,27.7525,29.385,33.3575
2775,3.235,0,27.6325,29.37,33.4975
2776,3.195,0,27.625,29.4675,33.48
2777,3.2425,0,27.505,29.5775,33.4725
2778,3.1575,0,27.41,29.5125,33.52
2779,3.1575,0,27.3925,29.6,33.51
2780,3.16,0,27.255,29.7125,33.6075
2781,3.145,0,27.0175,29.895,33.605
2782,3.1475,0,26.9675,29.965,33.71
2783,3.1575,0,26.825,29.9425,33.82
2784,3.165,0,26.8125,30.035,33.74
2785,3.21,0,26.615,30.0275,33.7075
2786,3.225,0,26.575,30.0325,33.7425
2787,3.265,0,26.6125,30.075,33.6425
2788,3.2825,0,26.57,30.2475,33.58
2789,3.2825,0,26.22,30.37,33.51
2790,3.245,0,26.2675,30.58,33.4925
2791,3.3275,0,26.0325,30.66,33.4025
2792,3.305,0,26.0225,30.91,33.4475
2793,3.3375,0,25.99,31.03,33.3325
2794,3.35,0,25.955,31.14,33.3375
2795,3.3225,0,25.93,31.175,33.3325
2796,3.335,0,25.83,31.275,33.365
2797,3.325,0,25.98,31.395,33.205
2798,3.3325,0,26.02,31.36,33.1625
2799,3.36,0,26.0075,31.2375,33.0125
2800,3.42,0,26.0375,31.2475,32.9675
2801,3.51,0,25.9175,31.3875,32.815
2802,3.4875,0,25.84,31.3725,32.81
2803,3.445,0,25.815,31.36,32.855
2804,3.4475,0,25.8075,31.6075,32.8975
2805,3.4325,0,25.68,31.6125,33
2806,3.4125,0,25.73,31.59,33.06
2807,3.38,0,25.82,31.5875,32.92
2808,3.3825,0,25.815,31.5525,32.89
2809,3.32,0,25.7275,31.6775,32.9575
2810,3.2775,0,25.5775,31.7775,32.9675
2811,3.305,0,25.575,31.795,33.075
2812,3.2475,0,25.555,31.74,33.1175
2813,3.24,0,25.52,31.89,33.15
2814,3.23,0,25.54,31.8975,33.0975
2815,3.165,0,25.47,32.03,33.1375
2816,3.125,0,25.555,32.1475,33.165
2817,3.085,0,25.4925,32.165,33.0625
2818,3.0225,0,25.4675,32.27,33.1075
2819,3.0275,0,25.3625,32.2425,33.1375
2820,3.0075,0,25.5025,32.225,33.0775
2821,2.9575,0,25.5575,32.3475,33.1725
2822,2.9175,0,25.4825,32.395,32.97
2823,2.9,0,25.55,32.5575,32.915
2824,2.905,0,25.55,32.5375,32.63
2825,2.8475,0,25.4275,32.7225,32.63
2826,2.86,0,25.465,32.805,32.4825
2827,2.8325,0,25.5375,32.95,32.475
2828,2.835,0,25.5075,33.025,32.4075
2829,2.8175,0,25.5575,33.27,32.235
2830,2.785,0,25.4625,33.3775,32.1425
2831,2.82,0,25.615,33.4,31.95
2832,2.7925,0,25.7375,33.5575,31.8075
2833,2.745,0,25.6775,33.5925,31.795
2834,2.74,0,25.605,33.5925,31.795
2835,2.755,0,25.635,33.6025,31.8075
2836,2.815,0,25.7225,33.745,31.7025
2837,2.84,0,25.6,33.86,31.655
2838,2.805,0,25.7625,33.865,31.4225
2839,2.825,0,25.685,33.9375,31.44
2840,2.8425,0,25.7025,33.9325,31.425
2841,2.8975,0,25.7025,34.13,31.2025
2842,2.8525,0,25.545,34.1425,31.23
2843,2.8325,0,25.7925,34.005,31.1875
2844,2.8275,0,25.785,34.09,31.1675
2845,2.825,0,25.93,34.135,31.1125
2846,2.855,0,26.0525,33.965,31.14
2847,2.905,0,26.125,33.9725,31.0425
2848,2.9425,0,26.0325,33.925,30.9325
2849,2.955,0,26.29,34.0175,30.8325
2850,2.94,0,26.25,33.925,30.6725
2851,2.9525,0,26.4225,33.9175,30.615
2852,2.9525,0,26.5475,33.8075,30.495
2853,2.955,0,26.6525,33.8775,30.3475
2854,2.995,0,26.6675,33.9575,30.385
2855,3.0625,0,26.635,33.9525,30.3125
2856,3.07,0,26.7375,34.0275,30.225
2857,3.11,0,26.82,34.01,30.035
2858,3.1325,0,26.7875,34.0475,29.9625
2859,3.1475,0,26.89,33.995,29.87
2860,3.17,0,26.8425,33.9025,29.87
2861,3.165,0,26.9925,33.955,29.87
2862,3.1725,0,26.9725,33.935,29.705
2863,3.205,0,27.0575,33.8625,29.6775
2864,3.225,0,27.1475,33.9275,29.69
2865,3.275,0,27.0175,33.9075,29.665
2866,3.3025,0,27.0875,33.8675,29.73
2867,3.3125,0,27.16,33.67,29.815
2868,3.3325,0,27.0125,33.6675,29.7225
2869,3.3475,0,27.1175,33.6025,29.7525
2870,3.3375,0,27.15,33.5025,29.825
2871,3.33,0,27.315,33.4725,29.8575
2872,3.3325,0,27.2475,33.54,29.94
2873,3.365,0,27.2675,33.37,30.0525
2874,3.355,0,27.375,33.29,30.0525
2875,3.375,0,27.2775,33.36,30.0225
2876,3.44,0,27.365,33.2625,29.94
2877,3.42,0,27.4375,33.1625,30.0425
2878,3.475,0,27.4025,33.0575,29.9925
2879,3.4925,0,27.25,32.975,30.125
2880,3.575,0,27.26,32.935,30.2725
2881,3.59,0,27.265,32.8925,30.2675
2882,3.6075,0,27.17,32.85,30.31
2883,3.595,0,27.1575,32.8225,30.37
2884,3.6275,0,27.2625,32.7,30.335
2885,3.655,0,27.2275,32.6975,30.5425
2886,3.6775,0,27.16,32.44,30.5375
2887,3.6875,0,27.2325,32.4875,30.6375
2888,3.74,0,27.1875,32.405,30.66
2889,3.7175,0,27.145,32.3775,30.715
2890,3.705,0,27.2975,32.005,30.795
2891,3.685,0,27.435,31.995,30.9225
2892,3.7175,0,27.43,31.975,30.83
2893,3.7625,0,27.445,31.875,30.965
2894,3.81,0,27.5275,31.81,30.9925
2895,3.79,0,27.4575,31.7075,31.1
2896,3.77,0,27.44,31.665,31.1175
2897,3.77,0,27.4375,31.715,31.0725
2898,3.79,0,27.4125,31.685,31.08
2899,3.8,0,27.515,31.595,31.0675
2900,3.83,0,27.55,31.535,31.055
2901,3.855,0,27.45,31.475,31.245
2902,3.8725,0,27.3725,31.4275,31.195
2903,3.88,0,27.4,31.4175,31.2625
2904,3.9175,0,27.425,31.41,31.1375
2905,4,0,27.4125,31.4125,31.16
2906,4.0375,0,27.455,31.4125,31.2275
2907,4.0125,0,27.6275,31.26,31.155
2908,4.045,0,27.54,31.2225,31.1725
2909,4.0925,0,27.6075,31.29,31.19
2910,4.075,0,27.58,31.3875,31.1625
2911,4.1325,0,27.6425,31.3075,31.01
2912,4.1025,0,27.54,31.265,31.0725
2913,4.1025,0,27.6675,31.2375,30.9875
2914,4.1175,0,27.6275,31.3425,30.99
2915,4.1675,0,27.6925,31.3525,30.805
2916,4.15,0,27.6975,31.29,30.8425
2917,4.145,0,27.7525,31.33,30.9125
2918,4.1375,0,27.6425,31.495,30.9275
2919,4.145,0,27.555,31.445,30.9625
2920,4.1575,0,27.6075,31.4225,30.93
2921,4.17,0,27.675,31.3575,30.85
2922,4.1475,0,27.69,31.2575,31.0175
2923,4.0975,0,27.7025,31.3425,30.8075
2924,4.07,0,27.6825,31.4475,30.8925
2925,4.0475,0,27.775,31.36,30.9975
2926,4.0425,0,27.7225,31.41,30.9575
2927,4.045,0,27.7225,31.3525,31.005
2928,4.01,0,27.7925,31.425,31
2929,3.9675,0,27.7525,31.4025,30.975
2930,3.95,0,27.7325,31.395,30.98
2931,3.9275,0,27.7475,31.47,30.9475
2932,3.8975,0,27.7475,31.5625,30.8525
2933,3.8825,0,27.7575,31.5275,31.0025
2934,3.87,0,27.7975,31.525,30.9925
2935,3.86,0,27.8125,31.7025,30.9025
2936,3.79,0,27.8775,31.595,30.835
2937,3.7725,0,27.87,31.625,30.7925
2938,3.755,0,27.96,31.6725,30.7525
2939,3.735,0,28.01,31.64,30.7825
2940,3.7075,0,27.9125,31.7725,30.805
2941,3.695,0,27.875,31.7975,30.74
2942,3.67,0,27.925,31.8575,30.6825
2943,3.5925,0,27.865,31.95,30.6975
2944,3.5525,0,27.83,31.835,30.5325
2945,3.5025,0,27.7925,32.055,30.63
2946,3.4325,0,27.91,31.9575,30.84
2947,3.38,0,27.9475,32.0075,30.825
2948,3.395,0,27.945,31.835,30.9025
2949,3.3,0,28.1025,31.9425,30.8175
2950,3.225,0,27.93,32.0225,30.905
2951,3.2475,0,28.01,31.9725,30.9075
2952,3.1625,0,27.8625,31.965,30.98
2953,3.085,0,27.955,31.9,31.06
2954,3.0275,0,28.0375,31.96,31.0575
2955,3.04,0,28.015,31.89,31.055
2956,2.97,0,28.08,31.94,31.035
2957,2.9175,0,28.0425,31.7375,31.0425
2958,2.8725,0,28.0575,31.735,31.1325
2959,2.865,0,27.9975,31.8375,31.19
2960,2.85,0,28.06,31.7325,31.27
2961,2.835,0,28.085,31.85,31.31
2962,2.7925,0,27.91,31.8475,31.355
2963,2.785,0,27.815,31.8975,31.285
2964,2.74,0,27.9325,31.795,31.3425
2965,2.7375,0,28.0225,31.865,31.455
2966,2.695,0,27.9675,31.9,31.355
2967,2.665,0,28.055,31.75,31.4025
2968,2.6275,0,28.05,31.82,31.435
2969,2.5625,0,28.1975,31.78,31.245
2970,2.5675,0,28.24,31.79,31.1825
2971,2.56,0,28.335,31.9475,30.91
2972,2.5875,0,28.3125,32.1125,30.9775
2973,2.57,0,28.2275,32.235,30.9425
2974,2.5725,0,28.16,32.1,31.0675
2975,2.555,0,28.1825,32.1325,30.9475
2976,2.5375,0,28.2425,32.26,30.9625
2977,2.5075,0,28.2625,32.2,30.87
2978,2.5075,0,28.2925,32.315,30.76
2979,2.5275,0,28.375,32.4625,30.59
2980,2.59,0,28.3925,32.5025,30.5975
2981,2.5775,0,28.465,32.6,30.4775
2982,2.5525,0,28.46,32.6725,30.3825
2983,2.525,0,28.56,32.81,30.3075
2984,2.5325,0,28.54,32.8375,30.1825
2985,2.5275,0,28.43,32.8975,30.15
2986,2.475,0,28.46,33.0125,30.0225
2987,2.5225,0,28.605,33.055,29.8675
2988,2.52,0,28.7225,32.97,29.7625
2989,2.55,0,28.765,33.05,29.6575
2990,2.5775,0,28.7775,33.045,29.7275
2991,2.585,0,28.9,32.9425,29.6
2992,2.6325,0,28.965,33.015,29.5525
2993,2.635,0,29.0375,32.89,29.5325
2994,2.7025,0,29.22,32.7825,29.355
2995,2.76,0,29.255,32.895,29.195
2996,2.78,0,29.21,32.8175,29.0525
2997,2.805,0,29.2725,32.885,28.85
2998,2.86,0,29.465,32.8675,28.825
2999,2.9225,0,29.6,32.7175,28.825
3000,2.9625,0,29.6925,32.5575,28.895
3001,3,0,29.695,32.38,28.78
3002,3.0575,0,29.875,32.2975,28.875
3003,3.105,0,29.9925,32.1325,28.89
3004,3.145,0,30.035,32.135,28.6975
3005,3.22,0,30.115,31.9425,28.5325
3006,3.295,0,30.1625,31.83,28.4125
3007,3.4075,0,30.21,31.8325,28.33
3008,3.3825,0,30.31,31.765,28.425
3009,3.4075,0,30.405,31.64,28.425
3010,3.505,0,30.4475,31.53,28.4275
3011,3.5475,0,30.3325,31.535,28.4175
3012,3.595,0,30.515,31.345,28.4775
3013,3.6625,0,30.4575,31.295,28.56
3014,3.7125,0,30.655,31.25,28.4875
3015,3.6975,0,30.595,31.1075,28.6825
3016,3.7075,0,30.615,31.01,28.78
3017,3.775,0,30.68,30.82,28.7975
3018,3.8375,0,30.675,30.6475,28.7075
3019,3.83,0,30.8,30.665,28.6975
3020,3.8425,0,30.86,30.7125,28.74
3021,3.87,0,30.9825,30.5725,28.865
3022,3.8775,0,30.7925,30.395,28.8225
3023,3.905,0,30.825,30.285,28.8975
3024,3.905,0,30.8625,30.2425,29.015
3025,3.9025,0,30.84,30.26,28.9675
3026,3.965,0,30.925,30.195,29.05
3027,3.9975,0,30.8675,30.24,29.13
3028,4,0,30.7125,30.0225,29.155
3029,4.05,0,30.52,29.9175,29.225
3030,4.095,0,30.53,29.88,29.3875
3031,4.1475,0,30.4775,29.755,29.58
3032,4.1625,0,30.2125,29.6075,29.74
3033,4.165,0,30.1875,29.615,30.01
3034,4.2625,0,30.065,29.645,29.92
3035,4.265,0,29.9825,29.58,30.155
3036,4.28,0,29.8775,29.6,30.265
3037,4.245,0,29.7075,29.55,30.3975
3038,4.2325,0,29.545,29.54,30.675
3039,4.2125,0,29.5625,29.495,30.8525
3040,4.2475,0,29.3775,29.3775,30.925
3041,4.26,0,29.3425,29.345,31.025
3042,4.2575,0,29.25,29.37,31.1925
3043,4.2525,0,29.245,29.375,31.26
3044,4.2825,0,29.045,29.37,31.32
3045,4.275,0,28.9575,29.36,31.425
3046,4.29,0,28.885,29.4075,31.43
3047,4.33,0,28.6975,29.3675,31.5875
3048,4.365,0,28.61,29.3775,31.8275
3049,4.425,0,28.4025,29.3225,31.9825
3050,4.385,0,28.135,29.2575,32.1625
3051,4.42,0,27.89,29.3425,32.445
3052,4.4625,0,27.735,29.42,32.52
3053,4.45,0,27.5,29.5025,32.74
3054,4.46,0,27.365,29.385,32.8775
3055,4.5275,0,27.04,29.4175,33.0325
3056,4.59,0,26.9675,29.5625,33.0025
3057,4.6475,0,26.675,29.6625,33.07
3058,4.6525,0,26.4575,29.7825,33.05
3059,4.6575,0,26.375,29.78,32.965
3060,4.68,0,26.2,29.915,33.0575
3061,4.6625,0,26.135,30.1075,33.1275
3062,4.675,0,25.9975,30.1775,33.1525
3063,4.665,0,25.7275,30.4075,33.2425
3064,4.6575,0,25.61,30.4875,33.3025
3065,4.6325,0,25.5025,30.57,33.3475
3066,4.5825,0,25.1675,30.615,33.4625
3067,4.5475,0,24.975,30.7875,33.48
3068,4.555,0,24.9275,30.8875,33.6375
3069,4.495,0,24.8325,30.9025,33.6575
3070,4.48,0,24.5925,31.015,33.7675
3071,4.4475,0,24.59,31.1525,33.78
3072,4.455,0,24.585,31.22,33.9125
3073,4.38,0,24.5825,31.375,33.82
3074,4.3375,0,24.445,31.4275,33.8375
3075,4.2425,0,24.315,31.5175,33.915
3076,4.195,0,24.16,31.65,33.91
3077,4.12,0,24.18,31.6275,33.8875
3078,4.0825,0,24.0925,31.865,33.9375
3079,4.07,0,24.08,32.01,33.9425
3080,4.0125,0,23.9575,32.0175,33.815
3081,4.0025,0,24.0275,32.3,33.7475
3082,3.9375,0,23.9775,32.37,33.6425
3083,3.905,0,23.9175,32.6325,33.6325
3084,3.87,0,23.8275,32.5675,33.5925
3085,3.8075,0,23.8425,32.715,33.455
3086,3.7825,0,23.8425,32.935,33.445
3087,3.8325,0,23.915,33.065,33.3125
3088,3.7675,0,23.87,33.1925,33.23
3089,3.73,0,23.79,33.3525,33.135
3090,3.64,0,23.85,33.4425,33.0575
3091,3.635,0,23.915,33.605,32.9225
3092,3.585,0,23.9375,33.6175,32.805
3093,3.5625,0,24.0125,33.525,32.6725
3094,3.51,0,24.045,33.6125,32.64
3095,3.49,0,24.1175,33.645,32.6125
3096,3.5225,0,24.2725,33.72,32.41
3097,3.4375,0,24.29,33.7775,32.265
3098,3.3875,0,24.4075,33.95,32.205
3099,3.435,0,24.4375,33.9675,32.06
3100,3.435,0,24.605,34.005,31.8625
3101,3.4375,0,24.6975,34.215,31.7375
3102,3.4175,0,24.8475,34.32,31.3575
3103,3.4025,0,24.9,34.3525,31.275
3104,3.41,0,25.0225,34.3775,31.18
3105,3.3825,0,25.045,34.4,31.11
3106,3.4075,0,25.215,34.32,30.9225
3107,3.3675,0,25.2925,34.43,30.825
3108,3.3825,0,25.3275,34.405,30.8425
3109,3.4,0,25.465,34.44,30.735
3110,3.385,0,25.495,34.45,30.5125
3111,3.3875,0,25.62,34.5425,30.32
3112,3.38,0,25.6625,34.645,30.0975
3113,3.3575,0,25.8,34.5975,29.995
3114,3.4275,0,25.8525,34.5925,29.9675
3115,3.4325,0,26.045,34.75,29.895
3116,3.385,0,26.0225,34.78,29.7475
3117,3.355,0,26.0925,34.9525,29.655
3118,3.3025,0,26.185,35.0175,29.4625
3119,3.3225,0,26.3325,35.0425,29.1425
3120,3.3325,0,26.4025,35.12,29.0575
3121,3.3575,0,26.45,35.1675,28.935
3122,3.345,0,26.5025,35.1175,28.9475
3123,3.29,0,26.63,35.125,28.815
3124,3.2925,0,26.795,35.14,28.73
3125,3.3125,0,26.8425,35.3,28.6925
3126,3.325,0,26.885,35.1175,28.51
3127,3.3325,0,27.0425,35.0975,28.5225
3128,3.34,0,27.0225,35.1825,28.395
3129,3.2975,0,27.0875,35.1975,28.395
3130,3.295,0,27.23,35.1275,28.365
3131,3.31,0,27.3725,35.0925,28.255
3132,3.3225,0,27.3975,35.015,28.1675
3133,3.33,0,27.555,34.885,28.2525
3134,3.33,0,27.6625,34.8175,28.2925
3135,3.37,0,27.76,34.615,28.3025
3136,3.3525,0,28.0325,34.4775,28.345
3137,3.32,0,28.105,34.235,28.41
3138,3.385,0,28.18,34.1625,28.4925
3139,3.35,0,28.245,33.95,28.625
3140,3.3625,0,28.325,33.7375,28.625
3141,3.3325,0,28.3525,33.6725,28.7575
3142,3.3425,0,28.4625,33.5425,28.8425
3143,3.3225,0,28.56,33.2425,28.98
3144,3.3275,0,28.6125,33.0375,29.1125
3145,3.3425,0,28.915,32.7625,29.0725
3146,3.3475,0,29.035,32.585,29.1925
3147,3.315,0,29.095,32.2775,29.235
3148,3.325,0,29.22,32.1625,29.32
3149,3.3725,0,29.295,32.0375,29.1875
3150,3.3875,0,29.34,31.82,29.3675
3151,3.4,0,29.3675,31.6075,29.4825
3152,3.45,0,29.4575,31.4475,29.705
3153,3.435,0,29.5525,31.145,29.835
3154,3.4575,0,29.74,30.9075,29.9875
3155,3.4675,0,29.8975,30.5575,30.1475
3156,3.5125,0,29.7475,30.495,30.2475
3157,3.54,0,29.9,30.2375,30.3975
3158,3.5575,0,29.8975,30.075,30.5575
3159,3.565,0,29.93,29.88,30.7425
3160,3.64,0,29.795,29.775,30.8325
3161,3.6625,0,29.8075,29.58,30.89
3162,3.6875,0,29.905,29.435,31.0925
3163,3.725,0,29.795,29.385,31.2175
3164,3.7375,0,29.8475,29.3075,31.2725
3165,3.7525,0,29.9475,29.115,31.42
3166,3.79,0,29.855,28.92,31.43
3167,3.79,0,29.7625,28.985,31.4475
3168,3.8025,0,29.6075,28.8725,31.595
3169,3.8275,0,29.4675,28.7825,31.7725
3170,3.8675,0,29.3975,28.56,31.925
3171,3.9225,0,29.3875,28.5225,32.08
3172,3.96,0,29.285,28.4425,32.43
3173,4.015,0,29.2425,28.2875,32.6375
3174,4,0,29.08,28.255,32.6875
3175,3.9725,0,28.86,27.9825,32.895
3176,3.9875,0,28.7525,27.935,33.005
3177,4.01,0,28.7475,27.93,33.2525
3178,4.0625,0,28.6325,27.8025,33.425
3179,4.06,0,28.4775,27.7675,33.685
3180,4.0275,0,28.2725,27.6425,33.8875
3181,4.09,0,28.205,27.7775,33.9175
3182,4.12,0,28.0975,27.8375,34.0175
3183,4.1225,0,27.9975,27.8,34.14
3184,4.1,0,27.82,27.88,34.4225
3185,4.1175,0,27.6975,27.8375,34.51
3186,4.1175,0,27.395,27.7175,34.7825
3187,4.1375,0,27.315,27.69,34.965
3188,4.2025,0,27.1125,27.6525,35.1175
3189,4.215,0,27.0525,27.575,35.195
3190,4.245,0,26.87,27.705,35.3225
3191,4.2925,0,26.77,27.68,35.5125
3192,4.3025,0,26.59,27.92,35.6125
3193,4.3725,0,26.3175,27.9675,35.67
3194,4.3025,0,26.1575,28.0125,35.835
3195,4.2775,0,26.0125,28.1575,35.785
3196,4.2725,0,25.91,28.285,35.7
3197,4.245,0,25.7875,28.3375,35.8075
3198,4.2325,0,25.525,28.36,35.7925
3199,4.195,0,25.2625,28.4575,35.9425
3200,4.2125,0,25.04,28.7775,36.09
3201,4.2275,0,24.9325,28.9725,36.1025
3202,4.25,0,24.8675,28.985,36.18
3203,4.255,0,24.81,29.0725,36.0125
3204,4.2325,0,24.6375,29.0725,36.1625
3205,4.2825,0,24.3325,29.045,36.0675
3206,4.285,0,24.265,29.165,36.115
3207,4.2575,0,24.2275,29.2825,36.17
3208,4.2175,0,24.1625,29.4675,36.17
3209,4.1775,0,24.0775,29.64,36.1675
3210,4.1925,0,24.1125,29.7375,36.0975
3211,4.1075,0,23.99,29.8075,36.055
3212,4.1975,0,24.005,29.9775,35.9675
3213,4.185,0,24.0025,30.05,35.97
3214,4.11,0,23.9325,30.2275,35.965
3215,4.085,0,23.98,30.29,35.8025
3216,4.0375,0,23.9075,30.3575,35.76
3217,4.0175,0,23.9425,30.5125,35.5875
3218,3.9875,0,23.84,30.6975,35.5175
3219,3.9425,0,23.7825,30.955,35.3025
3220,3.9325,0,23.8125,31.07,35.2575
3221,3.8925,0,23.67,31.3475,35.2975
3222,3.8425,0,23.6625,31.48,35.0825
3223,3.7325,0,23.6975,31.5725,35.05
3224,3.66,0,23.8425,31.6825,34.91
3225,3.6125,0,23.7825,31.8375,34.695
3226,3.56,0,23.9775,31.8375,34.6725
3227,3.54,0,24.0975,31.815,34.5275
3228,3.5075,0,24.1175,31.96,34.27
3229,3.49,0,24.23,32.0975,34.125
3230,3.5125,0,24.445,32.0325,33.925
3231,3.515,0,24.4625,32.265,33.71
3232,3.4975,0,24.65,32.465,33.495
3233,3.525,0,24.7925,32.59,33.3225
3234,3.5125,0,24.875,32.6575,33.0525
3235,3.5475,0,24.8875,32.6525,32.8825
3236,3.5075,0,25.12,32.85,32.7825
3237,3.4875,0,25.2675,32.8775,32.5775
3238,3.4625,0,25.335,32.88,32.4125
3239,3.4875,0,25.4725,33.1675,32.1925
3240,3.4425,0,25.585,33.1625,31.8
3241,3.4275,0,25.7225,33.3575,31.66
3242,3.375,0,25.755,33.54,31.43
3243,3.3675,0,25.9175,33.57,31.2775
3244,3.3275,0,25.9025,33.6675,31.025
3245,3.3325,0,26.115,33.7725,30.815
3246,3.3225,0,26.3075,33.83,30.7425
3247,3.2875,0,26.4625,33.7975,30.595
3248,3.2325,0,26.695,33.695,30.5375
3249,3.17,0,26.95,33.5725,30.255
3250,3.1525,0,27.1675,33.6375,30.0425
3251,3.16,0,27.3975,33.5875,29.87
3252,3.11,0,27.6275,33.605,29.765
3253,3.1025,0,27.74,33.6225,29.7075
3254,3.085,0,27.9075,33.6875,29.5325
3255,3.09,0,28.05,33.5175,29.4125
3256,3.03,0,28.2975,33.4725,29.39
3257,3.0425,0,28.4925,33.455,29.225
3258,3.0225,0,28.5625,33.475,29.1525
3259,2.96,0,28.7475,33.27,29.145
3260,2.9225,0,28.9825,33.0275,29.2075
3261,2.8925,0,29.1025,32.925,29.125
3262,2.82,0,29.255,32.8275,29.005
3263,2.8075,0,29.5,32.675,28.855
3264,2.7275,0,29.7775,32.5875,28.84
3265,2.7075,0,30,32.555,28.845
3266,2.7125,0,30.0275,32.435,28.85
3267,2.6425,0,30.3625,32.27,28.745
3268,2.6375,0,30.58,32.325,28.69
3269,2.5675,0,30.78,31.9625,28.6925
3270,2.5375,0,31.015,31.84,28.655
3271,2.53,0,31.14,31.83,28.715
3272,2.4775,0,31.3,31.5825,28.6425
3273,2.4825,0,31.4675,31.3175,28.71
3274,2.48,0,31.5625,31.1225,28.9025
3275,2.435,0,31.83,31.02,28.905
3276,2.425,0,31.89,30.7175,28.96
3277,2.42,0,32.005,30.4175,29.1075
3278,2.435,0,32.0675,30.3375,29.1225
3279,2.4175,0,32.1475,30.2975,29.195
3280,2.395,0,32.185,30.175,29.3125
3281,2.4175,0,32.3075,30.1425,29.4375
3282,2.43,0,32.3025,29.8875,29.57
3283,2.3825,0,32.3075,29.7725,29.71
3284,2.36,0,32.3175,29.5825,29.8175
3285,2.3725,0,32.35,29.405,29.9325
3286,2.4,0,32.3675,29.3525,30.16
3287,2.3875,0,32.4525,29.01,30.265
3288,2.3875,0,32.59,28.85,30.4275
3289,2.445,0,32.6,28.6575,30.5725
3290,2.45,0,32.5675,28.46,30.7975
3291,2.4725,0,32.5375,28.265,30.9325
3292,2.49,0,32.53,28.13,31.1025
3293,2.515,0,32.4825,28.0975,31.28
3294,2.52,0,32.4825,27.8925,31.3625
3295,2.54,0,32.4725,27.865,31.45
3296,2.5375,0,32.46,27.89,31.5775
3297,2.595,0,32.47,27.6975,31.6225
3298,2.6175,0,32.55,27.4375,31.8375
3299,2.5925,0,32.36,27.3825,31.97
3300,2.61,0,32.245,27.305,32.06
3301,2.61,0,32.2425,27.29,32.3075
3302,2.61,0,32.125,27.12,32.4975
3303,2.6525,0,32.01,27.035,32.725
3304,2.6425,0,31.9175,27.01,32.8675
3305,2.6375,0,31.8675,26.98,33.0325
3306,2.6375,0,31.63,26.885,33.2725
3307,2.66,0,31.415,26.8775,33.55
3308,2.62,0,31.2825,26.85,33.56
3309,2.645,0,31.135,26.6425,33.66
3310,2.6575,0,31.07,26.5725,33.845
3311,2.695,0,31.0375,26.495,33.89
3312,2.7125,0,30.8925,26.6275,34.0525
3313,2.7,0,31.01,26.69,34.1875
3314,2.74,0,30.8325,26.645,34.2375
3315,2.7325,0,30.65,26.5775,34.3775
3316,2.76,0,30.5225,26.5575,34.5025
3317,2.7975,0,30.33,26.61,34.655
3318,2.81,0,30.27,26.5425,34.7575
3319,2.8525,0,30.205,26.4175,34.7225
3320,2.9025,0,30.175,26.39,34.8425
3321,2.9525,0,30.1375,26.2375,35.02
3322,2.965,0,29.9525,26.3025,35.135
3323,3.0025,0,29.815,26.2625,35.265
3324,3.0475,0,29.7825,26.185,35.4075
3325,3.0425,0,29.5675,26.21,35.5025
3326,3.1075,0,29.345,26.2225,35.62
3327,3.0925,0,29.38,26.1825,35.665
3328,3.12,0,29.335,26.2025,35.7325
3329,3.135,0,29.165,26.275,35.7125
3330,3.1625,0,29.0475,26.3475,35.765
3331,3.2475,0,28.7725,26.325,35.915
3332,3.2975,0,28.6375,26.3975,35.945
3333,3.3275,0,28.48,26.4225,36.0025
3334,3.355,0,28.27,26.645,36.035
3335,3.3675,0,28.1475,26.7625,35.9925
3336,3.395,0,27.9725,26.6425,36.05
3337,3.4425,0,27.945,26.745,36.225
3338,3.5,0,27.765,26.795,36.1925
3339,3.515,0,27.775,26.8575,36.135
3340,3.5525,0,27.695,26.975,36.1675
3341,3.6125,0,27.62,26.9275,36.185
3342,3.615,0,27.5775,26.8525,35.965
3343,3.6525,0,27.515,27.125,36.005
3344,3.6575,0,27.3325,27.32,36.1075
3345,3.6625,0,27.165,27.49,36.105
3346,3.6375,0,27.0275,27.705,36.03
3347,3.675,0,26.8075,27.9325,36.0325
3348,3.67,0,26.615,28.0975,35.985
3349,3.6675,0,26.5175,28.255,35.8525
3350,3.6625,0,26.4775,28.3925,35.7825
3351,3.685,0,26.3725,28.5075,35.73
3352,3.645,0,26.3375,28.8075,35.5075
3353,3.725,0,26.2175,29.025,35.5075
3354,3.6575,0,26.085,29.1225,35.395
3355,3.65,0,26.085,29.23,35.3875
3356,3.61,0,25.9575,29.3625,35.405
3357,3.5975,0,25.8575,29.5275,35.4625
3358,3.595,0,25.74,29.605,35.3075
3359,3.5625,0,25.5725,29.8625,35.24
3360,3.535,0,25.4325,30.085,35.1975
3361,3.5875,0,25.285,30.39,35.22
3362,3.5575,0,25.0725,30.435,35.3
3363,3.4875,0,25.0725,30.5825,35.1825
3364,3.46,0,24.8625,30.765,35.19
3365,3.43,0,24.73,30.97,35.0175
3366,3.4225,0,24.6775,31.065,35.0325
3367,3.4175,0,24.6525,31.2675,34.905
3368,3.375,0,24.625,31.465,34.94
3369,3.3475,0,24.6025,31.665,34.7875
3370,3.2975,0,24.535,31.6575,34.625
3371,3.215,0,24.585,31.875,34.56
3372,3.215,0,24.6475,31.98,34.38
3373,3.225,0,24.6525,32.08,34.2775
3374,3.2075,0,24.7775,32.0175,34.2125
3375,3.1775,0,24.8425,32.13,34.105
3376,3.1525,0,24.78,32.2825,33.965
3377,3.1475,0,24.8525,32.3525,33.79
3378,3.1425,0,24.8375,32.4475,33.6625
3379,3.1425,0,24.86,32.4825,33.6325
3380,3.13,0,25.1775,32.5975,33.48
3381,3.1275,0,25.29,32.615,33.3375
3382,3.1125,0,25.495,32.7075,32.9
3383,3.075,0,25.5775,32.7425,32.795
3384,3.0925,0,25.615,32.8175,32.6175
3385,3.065,0,25.7525,32.8,32.5125
3386,3.0225,0,25.885,32.805,32.35
3387,3.045,0,25.9775,32.91,32.2225
3388,2.9925,0,26.185,32.9575,32.01
3389,2.9325,0,26.195,33.1675,31.8925
3390,2.93,0,26.2275,33.1475,31.8375
3391,2.8825,0,26.3875,33.2575,31.645
3392,2.905,0,26.55,33.2075,31.605
3393,2.86,0,26.5975,33.225,31.39
3394,2.8825,0,26.71,33.2525,31.3375
3395,2.83,0,26.8975,33.2,31.2725
3396,2.8525,0,27.0625,33.0675,31.135
3397,2.8025,0,27.205,33.02,31.0675
3398,2.7925,0,27.3975,33.1325,30.83
3399,2.77,0,27.4575,33.285,30.7425
3400,2.7525,0,27.5975,33.295,30.6225
3401,2.775,0,27.7475,33.32,30.4525
3402,2.7325,0,28.0475,33.115,30.2825
3403,2.75,0,28.2625,33.135,30.165
3404,2.73,0,28.3725,32.9975,30.095
3405,2.7275,0,28.5675,33.0825,29.79
3406,2.7225,0,28.7425,33.1075,29.8125
3407,2.685,0,28.86,32.96,29.7825
3408,2.6975,0,28.9175,32.925,29.635
3409,2.695,0,29.14,32.855,29.4875
3410,2.6875,0,29.27,32.7725,29.39
3411,2.725,0,29.4225,32.705,29.2925
3412,2.71,0,29.5425,32.6725,29.195
3413,2.7,0,29.8275,32.54,29.0025
3414,2.7325,0,30.0475,32.535,28.995
3415,2.685,0,30.1725,32.3525,29.0325
3416,2.7025,0,30.355,32.1425,29.01
3417,2.715,0,30.505,32.005,28.8475
3418,2.7175,0,30.7275,31.9675,28.7775
3419,2.7075,0,30.865,31.73,28.7925
3420,2.695,0,31.0975,31.5725,28.7875
3421,2.69,0,31.2225,31.4625,28.73
3422,2.655,0,31.3775,31.28,28.7675
3423,2.6675,0,31.685,31.01,28.725
3424,2.63,0,31.825,30.8575,28.81
3425,2.6,0,32.0275,30.8075,28.6975
3426,2.59,0,32.1175,30.61,28.655
3427,2.59,0,32.2325,30.5725,28.6025
3428,2.605,0,32.26,30.435,28.6675
3429,2.59,0,32.47,30.43,28.705
3430,2.5525,0,32.5475,30.3925,28.7825
3431,2.5775,0,32.48,30.375,28.71
3432,2.56,0,32.6025,30.11,28.8125
3433,2.555,0,32.69,29.9675,28.8575
3434,2.57,0,32.7,29.895,28.845
3435,2.545,0,32.755,29.785,28.915
3436,2.56,0,32.6575,29.765,29.0975
3437,2.595,0,32.7475,29.71,29.185
3438,2.595,0,32.715,29.615,29.2825
3439,2.6025,0,32.4925,29.465,29.34
3440,2.6175,0,32.6325,29.495,29.5525
3441,2.5875,0,32.4825,29.4275,29.735
3442,2.615,0,32.5225,29.335,29.7475
3443,2.575,0,32.505,29.2225,29.935
3444,2.61,0,32.5375,29.0525,29.9725
3445,2.625,0,32.465,28.8975,30.1825
3446,2.6325,0,32.425,28.8225,30.305
3447,2.6275,0,32.5325,28.7525,30.3325
3448,2.635,0,32.385,28.8,30.4075
3449,2.645,0,32.35,28.855,30.475
3450,2.605,0,32.2375,28.7175,30.5775
3451,2.605,0,32.33,28.5625,30.73
3452,2.5525,0,32.31,28.6325,30.9325
3453,2.55,0,32.345,28.3475,31.0725
3454,2.52,0,32.3175,28.3125,31.4175
3455,2.4975,0,32.265,28.11,31.545
3456,2.5075,0,32.3575,28.09,31.625
3457,2.505,0,32.3875,27.97,31.6875
3458,2.48,0,32.3125,27.8625,31.895
3459,2.4525,0,32.19,27.7425,31.97
3460,2.47,0,32.16,27.6875,32.165
3461,2.4475,0,32.085,27.4925,32.275
3462,2.42,0,32.1675,27.4225,32.4175
3463,2.3675,0,32.1825,27.3025,32.5725
3464,2.3825,0,32.1225,27.215,32.7525
3465,2.3275,0,32.0875,27.105,32.9325
3466,2.3075,0,31.915,27,32.9375
3467,2.3,0,31.9,27.0525,33.005
3468,2.29,0,31.8725,26.92,33.2775
3469,2.2325,0,31.97,26.8125,33.395
3470,2.2475,0,31.86,26.725,33.535
3471,2.2175,0,31.8375,26.665,33.5275
3472,2.2275,0,31.695,26.6925,33.6525
3473,2.255,0,31.5925,26.64,33.755
3474,2.215,0,31.46,26.72,33.945
3475,2.1925,0,31.5025,26.69,34
3476,2.1575,0,31.3975,26.765,34.0625
3477,2.1575,0,31.315,26.79,34.1675
3478,2.16,0,31.135,26.6675,34.255
3479,2.1625,0,31.155,26.725,34.255
3480,2.1375,0,31.015,26.8425,34.31
3481,2.0775,0,31.0675,26.9675,34.18
3482,2.0575,0,31.0075,27.015,34.1625
3483,2.02,0,30.93,27.0375,34.215
3484,1.995,0,30.9725,27.065,34.105
3485,1.975,0,30.9075,27.2225,34.145
3486,1.945,0,30.8525,27.3825,34.1125
3487,1.9425,0,30.615,27.43,34.0975
3488,1.9875,0,30.38,27.505,34.23
3489,1.94,0,30.41,27.59,34.255
3490,1.9325,0,30.1125,27.7875,34.2675
3491,1.91,0,29.9925,28.0975,34.2075
3492,1.91,0,29.8025,28.19,34.2275
3493,1.905,0,29.7525,28.35,34.26
3494,1.915,0,29.455,28.45,34.21
3495,1.91,0,29.24,28.59,34.2625
3496,1.9025,0,29.1425,28.89,34.3
3497,1.875,0,28.9225,28.8925,34.35
3498,1.8675,0,28.7925,29.105,34.2825
3499,1.87,0,28.675,29.1425,34.2075
3500,1.845,0,28.5775,29.3225,34.3675
3501,1.865,0,28.3725,29.565,34.3575
3502,1.84,0,28.325,29.7225,34.3325
3503,1.82,0,28.0225,29.935,34.3225
3504,1.7825,0,27.8325,30.2,34.28
3505,1.7675,0,27.7625,30.4625,34.14
3506,1.7775,0,27.65,30.6,34.0125
3507,1.7575,0,27.535,30.6525,33.9775
3508,1.745,0,27.5525,30.7975,34.035
3509,1.75,0,27.4825,30.9775,34.1075
3510,1.715,0,27.3325,31.0775,34.195
3511,1.7575,0,27.13,31.315,34.1225
3512,1.74,0,27.045,31.4425,33.9475
3513,1.735,0,26.91,31.5825,33.905
3514,1.725,0,26.7525,31.8225,33.7175
3515,1.73,0,26.795,31.98,33.87
3516,1.7575,0,26.71,32.015,33.7325
3517,1.7625,0,26.6975,32.1025,33.67
3518,1.7825,0,26.53,32.205,33.655
3519,1.76,0,26.54,32.3225,33.6225
3520,1.7725,0,26.5475,32.33,33.655
3521,1.7325,0,26.5175,32.2875,33.6375
3522,1.75,0,26.4625,32.38,33.615
3523,1.7575,0,26.4025,32.45,33.465
3524,1.74,0,26.3475,32.6175,33.335
3525,1.76,0,26.2475,32.7425,33.46
3526,1.765,0,26.165,32.86,33.2675
3527,1.7575,0,26.26,33.02,33.185
3528,1.76,0,26.2325,33.0425,33.14
3529,1.7175,0,26.16,33.145,33.13
3530,1.74,0,26.185,33.2725,33.045
3531,1.7325,0,26.405,33.2525,32.965
3532,1.7375,0,26.38,33.2125,32.875
3533,1.735,0,26.34,33.29,32.6325
3534,1.76,0,26.5275,33.4725,32.5325
3535,1.745,0,26.555,33.4725,32.2775
3536,1.7725,0,26.48,33.57,32.175
3537,1.7675,0,26.52,33.6175,32.1975
3538,1.7775,0,26.6225,33.635,32.155
3539,1.7575,0,26.74,33.62,32.0725
3540,1.76,0,26.685,33.665,31.89
3541,1.7225,0,26.775,33.8825,31.775
3542,1.725,0,26.8575,33.915,31.5975
3543,1.7275,0,26.82,34.035,31.4575
3544,1.755,0,26.955,34.04,31.4275
3545,1.795,0,27.0325,34.155,31.065
3546,1.8025,0,27.1625,34.2175,30.94
3547,1.815,0,27.3725,34.145,30.82
3548,1.8425,0,27.3575,34.265,30.7575
3549,1.82,0,27.4175,34.265,30.61
3550,1.845,0,27.425,34.2875,30.5475
3551,1.85,0,27.705,34.2325,30.23
3552,1.88,0,27.9225,34.225,30.1525
3553,1.9025,0,28.0625,34.1675,30.005
3554,1.9075,0,28.235,34.1675,29.7175
3555,1.945,0,28.515,33.8775,29.645
3556,1.9825,0,28.64,33.8325,29.525
3557,1.99,0,28.82,33.8525,29.4525
3558,1.98,0,28.9975,33.6825,29.3225
3559,2.0075,0,29.0875,33.6775,29.2025
3560,2.025,0,29.3925,33.5725,29.125
3561,2.0625,0,29.485,33.4025,29.125
3562,2.06,0,29.6375,33.3125,29.13
3563,2.0825,0,29.735,33.215,29.03
3564,2.095,0,29.755,33.0475,29.075
3565,2.0875,0,29.8525,33,29.075
3566,2.1075,0,29.9475,32.8625,29.05
3567,2.1125,0,30.125,32.6975,28.97
3568,2.085,0,30.1925,32.545,28.9625
3569,2.12,0,30.3225,32.435,29.1825
3570,2.125,0,30.44,32.365,29.12
3571,2.165,0,30.5625,32.2475,29.1325
3572,2.17,0,30.565,32.11,29.035
3573,2.195,0,30.6175,31.9875,29.1425
3574,2.1825,0,30.5975,31.875,29.2775
3575,2.205,0,30.6175,31.8275,29.47
3576,2.23,0,30.745,31.7675,29.4175
3577,2.245,0,30.73,31.725,29.4475
3578,2.245,0,30.7675,31.5375,29.455
3579,2.24,0,30.9625,31.4525,29.42
3580,2.2375,0,31.1225,31.3325,29.5075
3581,2.26,0,31.2,31.28,29.4875
3582,2.29,0,31.1975,31.245,29.5175
3583,2.3375,0,31.3425,31.1075,29.4975
3584,2.3875,0,31.3275,30.95,29.555
3585,2.3825,0,31.405,30.795,29.4875
3586,2.3825,0,31.26,30.66,29.5475
3587,2.42,0,31.1775,30.52,29.695
3588,2.4375,0,31.305,30.3575,29.74
3589,2.4225,0,31.285,30.365,29.7575
3590,2.43,0,31.435,30.3375,29.685
3591,2.4725,0,31.4275,30.315,29.7625
3592,2.465,0,31.45,30.2375,29.8275
3593,2.45,0,31.49,30.19,29.85
3594,2.48,0,31.5425,30.1625,29.8475
3595,2.515,0,31.535,30.055,29.7875
3596,2.5475,0,31.73,29.885,29.85
3597,2.56,0,31.865,29.7825,29.925
3598,2.575,0,31.7875,29.6775,29.9875
3599,2.575,0,31.76,29.64,30.0425
3600,2.575,0,31.8725,29.415,30.0275
3601,2.585,0,31.9875,29.27,30.1275
3602,2.6575,0,31.975,29.245,30.235
3603,2.6975,0,31.8325,29.1075,30.29
3604,2.7325,0,31.8475,29.0025,30.2525
3605,2.72,0,31.85,28.845,30.375
3606,2.7375,0,31.765,28.8825,30.41
3607,2.74,0,31.835,28.7875,30.44
3608,2.765,0,31.93,28.7325,30.4325
3609,2.775,0,31.835,28.575,30.605
3610,2.82,0,31.915,28.605,30.685
3611,2.82,0,31.8375,28.475,30.885
3612,2.77,0,31.8175,28.495,30.975
3613,2.755,0,31.93,28.42,31.015
3614,2.7675,0,31.8025,28.4075,31.1025
3615,2.73,0,31.71,28.34,31.1675
3616,2.73,0,31.71,28.285,31.2175
3617,2.74,0,31.5875,28.245,31.2625
3618,2.7525,0,31.5825,28.2825,31.3475
3619,2.7325,0,31.415,28.2775,31.325
3620,2.745,0,31.33,28.2525,31.35
3621,2.79,0,31.405,28.2825,31.52
3622,2.77,0,31.205,28.2375,31.535
3623,2.77,0,31.16,28.4525,31.605
3624,2.785,0,31.04,28.38,31.7575
3625,2.8025,0,30.9125,28.53,31.8025
3626,2.8025,0,30.9,28.435,31.835
3627,2.83,0,30.7025,28.495,31.955
3628,2.795,0,30.5725,28.63,32.035
3629,2.7575,0,30.39,28.69,32.2225
3630,2.725,0,30.1675,28.7725,32.195
3631,2.7,0,29.9825,28.9525,32.2675
3632,2.6825,0,29.875,28.97,32.3275
3633,2.6925,0,29.8475,29.055,32.4225
3634,2.67,0,29.5425,29.1375,32.45
3635,2.6775,0,29.4325,29.155,32.6775
3636,2.675,0,29.055,29.2925,32.8
3637,2.695,0,28.88,29.3725,32.9
3638,2.68,0,28.7875,29.44,33.005
3639,2.655,0,28.6075,29.5375,33.0625
3640,2.66,0,28.3125,29.68,33.32
3641,2.6725,0,28.1975,29.5875,33.5
3642,2.6525,0,28.0475,29.565,33.6
3643,2.665,0,27.9325,29.52,33.79
3644,2.6325,0,27.705,29.5875,33.8125
3645,2.66,0,27.635,29.7425,33.8725
3646,2.6275,0,27.565,29.9425,33.92
3647,2.62,0,27.275,30.0425,33.8325
3648,2.635,0,27.105,30.165,33.9725
3649,2.6375,0,26.975,30.2975,34.0975
3650,2.605,0,26.85,30.3375,34.17
3651,2.625,0,26.7225,30.305,34.14
3652,2.59,0,26.6375,30.3625,34.2475
3653,2.5675,0,26.6625,30.3475,34.265
3654,2.56,0,26.65,30.505,34.2
3655,2.5325,0,26.49,30.59,34.1975
3656,2.505,0,26.4275,30.6,34.2025
3657,2.5,0,26.36,30.6375,34.07
3658,2.515,0,26.3125,30.6075,34.0725
3659,2.4975,0,26.2825,30.7225,34.2125
3660,2.4725,0,26.2025,30.535,34.075
3661,2.4575,0,26.2675,30.725,34.12
3662,2.4375,0,26.195,30.8575,34.0075
3663,2.4675,0,26.3625,30.9625,33.795
3664,2.445,0,26.3525,31.105,33.6875
3665,2.3825,0,26.4125,31.075,33.6875
3666,2.39,0,26.5075,31.09,33.65
3667,2.3675,0,26.335,31.34,33.535
3668,2.335,0,26.385,31.4225,33.5
3669,2.2925,0,26.43,31.6025,33.4075
3670,2.265,0,26.48,31.845,33.385
3671,2.2375,0,26.5375,31.96,33.1575
3672,2.1825,0,26.48,32.225,33.065
3673,2.1475,0,26.435,32.3125,32.9075
3674,2.11,0,26.61,32.4325,32.76
3675,2.1225,0,26.5775,32.6575,32.56
3676,2.0575,0,26.565,32.7525,32.37
3677,2.0375,0,26.74,32.84,32.27
3678,2.0325,0,26.705,32.9675,32.035
3679,2.0175,0,26.755,33.2125,31.895
3680,2,0,26.7925,33.3275,31.705
3681,1.98,0,26.9225,33.3825,31.495
3682,1.9525,0,26.9325,33.495,31.2825
3683,1.9525,0,26.9925,33.635,31.015
3684,1.915,0,27.1025,33.865,30.845
3685,1.88,0,27.1625,33.955,30.6
3686,1.855,0,27.035,34.1,30.57
3687,1.8675,0,27.1675,34.2575,30.485
3688,1.8525,0,27.33,34.355,30.3025
3689,1.82,0,27.515,34.205,30.33
3690,1.8075,0,27.615,34.1625,30.1675
3691,1.8225,0,27.63,34.2575,30.0925
3692,1.7625,0,27.81,34.265,29.94
3693,1.745,0,27.8625,34.31,29.97
3694,1.765,0,27.9675,34.4375,29.96
3695,1.7,0,28.0125,34.4725,29.94
3696,1.7,0,28.1575,34.2525,29.7725
3697,1.6625,0,28.2025,34.3025,29.8125
3698,1.65,0,28.32,34.2625,29.755
3699,1.6525,0,28.46,34.285,29.73
3700,1.66,0,28.7025,34.2225,29.59
3701,1.6475,0,28.86,33.9425,29.4975
3702,1.665,0,28.9925,33.85,29.51
3703,1.705,0,29.1225,33.745,29.48
3704,1.6975,0,29.2775,33.54,29.5925
3705,1.695,0,29.3275,33.355,29.48
3706,1.7225,0,29.405,33.1875,29.4875
3707,1.7425,0,29.635,33.125,29.61
3708,1.735,0,29.7375,33.015,29.6525
3709,1.7575,0,29.7475,32.955,29.5625
3710,1.815,0,29.785,32.8375,29.5
3711,1.8525,0,29.92,32.8625,29.4525
3712,1.8875,0,30.06,32.7475,29.4675
3713,1.9125,0,30.0075,32.665,29.3475
3714,1.9225,0,30.195,32.5875,29.2875
3715,1.9375,0,30.47,32.41,29.1575
3716,1.9725,0,30.6325,32.215,29.0925
3717,2,0,30.9025,32.0225,29.155
3718,2.015,0,30.9775,31.8975,29.0675
3719,2.005,0,31.13,31.745,29.2
3720,2.025,0,31.275,31.6625,29.2475
3721,2.035,0,31.3375,31.4675,29.35
3722,2.0625,0,31.435,31.2775,29.215
3723,2.0425,0,31.58,31.05,29.225
3724,2.045,0,31.7775,30.7575,29.285
3725,2.0825,0,31.9825,30.7525,29.2975
3726,2.07,0,32.1175,30.52,29.3075
3727,2.1025,0,32.2875,30.1875,29.3225
3728,2.11,0,32.555,30.115,29.3225
3729,2.125,0,32.5875,29.9375,29.4125
3730,2.1725,0,32.755,29.6275,29.44
3731,2.19,0,32.93,29.3625,29.605
3732,2.2225,0,32.9,29.27,29.6675
3733,2.265,0,33.02,29.1025,29.6025
3734,2.285,0,33.05,28.92,29.765
3735,2.285,0,33.0475,28.8525,29.815
3736,2.325,0,33.25,28.755,29.9
3737,2.3125,0,33.315,28.57,29.855
3738,2.3175,0,33.3375,28.455,29.8275
3739,2.34,0,33.53,28.3425,29.8275
3740,2.365,0,33.6125,28.2925,29.84
3741,2.41,0,33.725,28.13,29.9875
3742,2.435,0,33.8025,27.8225,30.055
3743,2.4175,0,33.81,27.805,30.02
3744,2.425,0,33.7925,27.7425,30.15
3745,2.4075,0,33.8325,27.6675,30.16
3746,2.435,0,33.8725,27.4875,30.2275
3747,2.4525,0,33.865,27.4025,30.25
3748,2.515,0,33.7825,27.295,30.485
3749,2.5125,0,33.71,27.235,30.565
3750,2.5225,0,33.6575,27.065,30.6775
3751,2.5275,0,33.635,27.0625,30.875
3752,2.56,0,33.64,26.9775,30.8775
3753,2.595,0,33.595,26.965,30.9275
3754,2.6275,0,33.56,26.94,31.0525
3755,2.6775,0,33.4875,26.7775,31.0425
3756,2.7125,0,33.4425,26.845,31.105
3757,2.77,0,33.425,26.7975,31.165
3758,2.765,0,33.3,26.9,31.0925
3759,2.8275,0,33.245,26.81,31.27
3760,2.925,0,33.1325,26.8175,31.33
3761,2.995,0,32.975,26.805,31.53
3762,3.035,0,32.735,26.8325,31.5125
3763,3.0425,0,32.5,26.8825,31.6425
3764,3.0425,0,32.385,26.92,31.795
3765,3.07,0,32.1025,27.0225,31.845
3766,3.1075,0,31.995,27.235,31.925
3767,3.1025,0,31.8275,27.2675,31.9275
3768,3.1275,0,31.665,27.23,31.925
3769,3.12,0,31.6225,27.39,32.08
3770,3.0975,0,31.325,27.5275,32.0825
3771,3.0925,0,31.105,27.585,32.3375
3772,3.1,0,30.745,27.74,32.3175
3773,3.12,0,30.565,27.9175,32.4075
3774,3.1075,0,30.585,27.91,32.5275
3775,3.1275,0,30.3975,28.0475,32.635
3776,3.125,0,30.16,28.1125,32.625
3777,3.06,0,29.9575,28.275,32.78
3778,3.02,0,29.9175,28.335,32.825
3779,3.035,0,29.66,28.51,32.825
3780,3.0525,0,29.525,28.8125,32.9525
3781,3.0525,0,29.385,28.88,32.9675
3782,3.0375,0,29.2475,28.945,33.0025
3783,2.995,0,29.09,28.98,33.0875
3784,2.9725,0,28.87,29.0275,33.28
3785,2.9625,0,28.5925,29.2225,33.3725
3786,2.9075,0,28.4825,29.3625,33.3975
3787,2.8575,0,28.2,29.46,33.5575
3788,2.845,0,27.9125,29.71,33.6025
3789,2.8275,0,27.87,29.8475,33.585
3790,2.805,0,27.675,29.9325,33.8525
3791,2.785,0,27.3,30.2075,33.795
3792,2.79,0,27.275,30.3,33.775
3793,2.7675,0,27.19,30.38,33.715
3794,2.775,0,27.0025,30.54,33.8625
3795,2.7425,0,26.795,30.6475,33.9975
3796,2.7025,0,26.5375,30.855,33.9025
3797,2.7075,0,26.505,31.03,33.8675
3798,2.6675,0,26.4,31.2125,33.9625
3799,2.66,0,26.2025,31.3575,34.025
3800,2.7,0,26.1875,31.3025,33.89
3801,2.6975,0,26.08,31.4975,33.77
3802,2.6625,0,26.1275,31.6425,33.7575
3803,2.665,0,26.15,31.7375,33.7675
3804,2.6425,0,26.1875,31.77,33.745
3805,2.6025,0,26.125,31.94,33.61
3806,2.59,0,26.065,31.9575,33.4625
3807,2.5875,0,26.0825,31.95,33.395
3808,2.58,0,26.1175,32.0425,33.5025
3809,2.5575,0,26.1375,32.1125,33.3325
3810,2.5375,0,26.3025,32.1175,33.3175
3811,2.5225,0,26.4075,32.15,33.1825
3812,2.56,0,26.3725,32.22,33.2025
3813,2.58,0,26.39,32.155,33.1425
3814,2.555,0,26.52,32.225,33.0575
3815,2.5225,0,26.5,32.215,32.8925
3816,2.525,0,26.56,32.1225,32.795
3817,2.485,0,26.6475,32.1925,32.68
3818,2.4875,0,26.775,32.22,32.67
3819,2.465,0,26.855,32.2975,32.6275
3820,2.465,0,27.005,32.2025,32.4775
3821,2.4275,0,27.105,32.2325,32.3975
3822,2.41,0,27.2075,32.24,32.2525
3823,2.3675,0,27.3775,32.3,32.075
3824,2.365,0,27.4325,32.17,31.9825
3825,2.345,0,27.5125,32.2925,31.8875
3826,2.3375,0,27.6625,32.4025,31.7475
3827,2.3475,0,27.7175,32.4825,31.4975
3828,2.34,0,27.6825,32.59,31.38
3829,2.325,0,27.7125,32.745,31.2275
3830,2.2925,0,27.785,32.9,30.9575
3831,2.305,0,27.8725,33.03,30.9325
3832,2.2775,0,27.9325,33.05,30.7575
3833,2.2825,0,27.845,33.04,30.755
3834,2.31,0,27.9175,33.065,30.6925
3835,2.29,0,28.2075,33.12,30.58
3836,2.3,0,28.2325,33.0725,30.4425
3837,2.29,0,28.3175,33.1375,30.3075
3838,2.265,0,28.335,33.2275,30.245
3839,2.2625,0,28.3425,33.3425,30.2825
3840,2.2275,0,28.4575,33.28,30.195
3841,2.24,0,28.49,33.3375,30.1
3842,2.2125,0,28.485,33.325,30.1825
3843,2.175,0,28.4525,33.4225,30.1825
3844,2.16,0,28.57,33.2775,30.2525
3845,2.13,0,28.735,33.2775,30.2425
3846,2.085,0,28.6075,33.225,30.3575
3847,2.07,0,28.615,33.195,30.3025
3848,2.045,0,28.68,33.2,30.37
3849,2.0225,0,28.69,33.29,30.305
3850,2.035,0,28.6575,33.3175,30.42
3851,2.01,0,28.6775,33.37,30.2675
3852,2,0,28.795,33.3125,30.1825
3853,1.9525,0,28.7425,33.2675,30.2025
3854,1.9225,0,28.79,33.3575,30.115
3855,1.955,0,28.785,33.3725,30.11
3856,1.9125,0,28.945,33.29,30.1675
3857,1.87,0,28.9375,33.235,30.2525
3858,1.87,0,28.9875,33.125,30.38
3859,1.8375,0,29.1075,33.0875,30.4075
3860,1.815,0,29.0875,33.0025,30.365
3861,1.815,0,29.2375,32.7675,30.405
3862,1.7875,0,29.2425,32.7725,30.4075
3863,1.7925,0,29.3775,32.765,30.4475
3864,1.7825,0,29.4225,32.5575,30.48
3865,1.8025,0,29.445,32.4725,30.4875
3866,1.83,0,29.5725,32.3775,30.4625
3867,1.8575,0,29.61,32.165,30.48
3868,1.8525,0,29.77,32.0475,30.4775
3869,1.8425,0,29.905,32.045,30.4225
3870,1.79,0,30.19,31.8675,30.455
3871,1.7575,0,30.3525,31.705,30.435
3872,1.7575,0,30.5425,31.4775,30.5125
3873,1.75,0,30.59,31.42,30.625
3874,1.75,0,30.5975,31.415,30.4125
3875,1.7575,0,30.79,31.1725,30.5325
3876,1.765,0,30.9475,30.98,30.6775
3877,1.76,0,30.94,30.9925,30.6875
3878,1.745,0,30.9875,30.8725,30.5525
3879,1.7975,0,31.08,30.7325,30.54
3880,1.8325,0,31.2275,30.6125,30.395
3881,1.8425,0,31.37,30.54,30.365
3882,1.865,0,31.4175,30.5175,30.3825
3883,1.865,0,31.4775,30.4575,30.51
3884,1.86,0,31.5275,30.48,30.4375
3885,1.8875,0,31.675,30.3925,30.3725
3886,1.925,0,31.665,30.315,30.3175
3887,1.91,0,31.6875,30.25,30.345
3888,1.9325,0,31.7175,30.1875,30.2975
3889,1.9625,0,31.83,30.1725,30.39
3890,1.98,0,31.91,30.0225,30.3625
3891,1.9475,0,31.94,29.9475,30.35
3892,1.9775,0,32.0125,29.86,30.375
3893,1.9525,0,32.11,29.7575,30.5275
3894,1.985,0,32.0925,29.7575,30.5125
3895,2,0,32.1675,29.6375,30.5175
3896,2.035,0,32.19,29.6175,30.565
3897,2.055,0,32.195,29.585,30.595
3898,2.075,0,32.14,29.4475,30.53
3899,2.105,0,32.155,29.4475,30.625
3900,2.1275,0,32.04,29.405,30.615
3901,2.1625,0,32.1475,29.3675,30.7075
3902,2.1725,0,32.2475,29.1625,30.7475
3903,2.2075,0,32.1975,29.205,30.8025
3904,2.245,0,32.2225,29.0925,30.8025
3905,2.28,0,32.1775,29.1125,30.8425
3906,2.27,0,32.09,29.1175,30.8725
3907,2.295,0,32.06,29.02,30.97
3908,2.3225,0,32.0475,28.785,31.0325
3909,2.3625,0,31.925,28.82,31.105
3910,2.3975,0,31.8325,28.6025,31.2625
3911,2.41,0,31.75,28.6025,31.3025
3912,2.4,0,31.83,28.645,31.4225
3913,2.3925,0,31.7625,28.53,31.36
3914,2.445,0,31.7725,28.4775,31.465
3915,2.4525,0,31.675,28.6075,31.4825
3916,2.475,0,31.6575,28.7025,31.43
3917,2.5,0,31.6875,28.6775,31.4475
3918,2.4925,0,31.485,28.57,31.485
3919,2.4975,0,31.5075,28.5225,31.505
3920,2.525,0,31.46,28.555,31.61
3921,2.5475,0,31.3775,28.5825,31.785
3922,2.5525,0,31.21,28.575,31.8075
3923,2.5575,0,31.17,28.5975,31.8675
3924,2.585,0,31.11,28.57,31.93
3925,2.58,0,31.085,28.605,31.89
3926,2.5875,0,30.925,28.6075,31.965
3927,2.5925,0,30.86,28.74,31.88
3928,2.5925,0,30.7925,28.6875,32.0325
3929,2.585,0,30.785,28.6825,32.155
3930,2.5625,0,30.7175,28.695,32.2925
3931,2.545,0,30.645,28.61,32.39
3932,2.5525,0,30.5325,28.4875,32.535
3933,2.565,0,30.4825,28.515,32.65
3934,2.5975,0,30.2825,28.4875,32.775
3935,2.6025,0,30.315,28.44,32.8475
3936,2.6075,0,30.33,28.2225,32.8875
3937,2.615,0,30.3825,28.225,32.89
3938,2.615,0,30.25,28.4275,32.8875
3939,2.615,0,30.125,28.5125,32.92
3940,2.6225,0,30.065,28.5175,32.9375
3941,2.64,0,29.9875,28.4225,32.975
3942,2.6575,0,30.0325,28.4025,33.0425
3943,2.6725,0,29.8475,28.4675,33.15
3944,2.685,0,29.77,28.495,33.235
3945,2.725,0,29.73,28.5675,33.25
3946,2.6625,0,29.535,28.71,33.3
3947,2.685,0,29.4025,28.6375,33.44
3948,2.66,0,29.3475,28.6325,33.5325
3949,2.6325,0,29.28,28.7325,33.64
3950,2.645,0,29.275,28.765,33.6425
3951,2.6825,0,29.08,28.92,33.5675
3952,2.7025,0,28.92,28.825,33.7075
3953,2.71,0,28.795,29,33.73
3954,2.715,0,28.6875,29.015,33.7975
3955,2.71,0,28.555,29.115,33.91
3956,2.725,0,28.495,29.0525,33.945
3957,2.7125,0,28.5725,29.0725,33.92
3958,2.6925,0,28.4625,29.06,33.97
3959,2.71,0,28.4325,29.185,33.8875
3960,2.705,0,28.32,29.2625,33.85
3961,2.715,0,28.155,29.4175,33.8375
3962,2.7125,0,28.11,29.43,33.8525
3963,2.715,0,28.035,29.5025,33.915
3964,2.7125,0,27.955,29.6925,33.84
3965,2.6825,0,27.7175,29.7675,33.8575
3966,2.625,0,27.8025,29.955,33.8475
3967,2.595,0,27.705,29.9625,33.9075
3968,2.6,0,27.625,29.8225,33.9525
3969,2.56,0,27.6625,30.0475,33.955
3970,2.525,0,27.485,30.0875,33.9125
3971,2.49,0,27.385,30.2125,34.0025
3972,2.4325,0,27.355,30.2575,34.0525
3973,2.41,0,27.2775,30.4275,33.9925
3974,2.4075,0,27.1875,30.49,34.025
3975,2.3975,0,27.085,30.4625,34.1675
3976,2.33,0,27.0275,30.515,34.225
3977,2.315,0,27.115,30.4425,34.26
3978,2.285,0,27.0675,30.505,34.1575
3979,2.2875,0,27.015,30.7,34.305
3980,2.22,0,27.1175,30.67,34.18
3981,2.2025,0,27.085,30.7475,34.1125
3982,2.23,0,27.1225,30.8025,34.085
3983,2.2,0,27.0925,30.9425,34.0625
3984,2.2075,0,27.12,30.97,33.8325
3985,2.215,0,27.2725,30.885,33.865
3986,2.22,0,27.33,30.95,33.8025
3987,2.25,0,27.225,31.1575,33.6625
3988,2.225,0,27.38,30.95,33.6825
3989,2.2325,0,27.5775,30.9325,33.6
3990,2.225,0,27.4925,30.905,33.475
3991,2.25,0,27.6175,30.9125,33.2725
3992,2.27,0,27.65,30.96,33.2
3993,2.2625,0,27.72,31.1125,33.0975
3994,2.2875,0,27.65,31.24,33.13
3995,2.2825,0,27.71,31.175,33.085
3996,2.2675,0,27.8725,31.0725,32.955
3997,2.2875,0,27.9725,31.2225,32.8325
3998,2.2875,0,28.0525,31.3125,32.715
3999,2.275,0,28.075,31.395,32.6875
4000,2.3125,0,28.2475,31.3225,32.5825
4001,2.3325,0,28.325,31.355,32.4675
4002,2.3575,0,28.385,31.2575,32.36
4003,2.33,0,28.4975,31.1375,32.31
4004,2.3125,0,28.5575,31.0975,32.1525
4005,2.32,0,28.6625,31.15,32.2175
4006,2.3025,0,28.5375,31.205,32.0925
4007,2.335,0,28.6475,31.135,32.03
4008,2.36,0,28.535,31.2825,31.9925
4009,2.335,0,28.575,31.4725,31.82
4010,2.3275,0,28.53,31.485,31.6475
4011,2.3225,0,28.6025,31.5925,31.55
4012,2.3225,0,28.58,31.7475,31.55
4013,2.295,0,28.695,31.8025,31.5675
4014,2.3,0,28.7175,31.835,31.3125
4015,2.3075,0,28.79,31.785,31.3125
4016,2.3025,0,28.8375,31.8875,31.18
4017,2.325,0,28.9225,31.9825,31.015
4018,2.3,0,29.0475,32.08,30.8975
4019,2.285,0,29.0175,32.1775,30.9375
4020,2.2575,0,29.02,32.2425,30.7825
4021,2.2775,0,29.03,32.16,30.59
4022,2.275,0,29.0925,32.205,30.5775
4023,2.255,0,29.045,32.3025,30.4675
4024,2.2475,0,29.215,32.4125,30.5425
4025,2.27,0,29.28,32.365,30.345
4026,2.25,0,29.2875,32.37,30.2325
4027,2.2525,0,29.2725,32.3925,30.0825
4028,2.225,0,29.2525,32.415,30.1175
4029,2.2625,0,29.3425,32.5975,29.98
4030,2.2675,0,29.355,32.775,29.8825
4031,2.265,0,29.3375,32.7925,29.9175
4032,2.27,0,29.425,32.77,29.72
4033,2.28,0,29.2575,32.79,29.7325
4034,2.275,0,29.2925,32.775,29.7775
4035,2.275,0,29.2525,32.7425,29.8125
4036,2.2375,0,29.2875,32.8025,29.735
4037,2.225,0,29.26,32.9575,29.665
4038,2.23,0,29.1425,32.9775,29.7025
4039,2.2125,0,29.1825,33.1425,29.695
4040,2.2175,0,29.085,33.13,29.6875
4041,2.2775,0,29.08,33.15,29.7575
4042,2.2825,0,29.08,33.2225,29.685
4043,2.2925,0,29.0375,33.1725,29.69
4044,2.27,0,28.95,33.185,29.6
4045,2.3025,0,28.94,33.2825,29.575
4046,2.285,0,28.8725,33.24,29.6225
4047,2.265,0,28.775,33.165,29.6675
4048,2.2925,0,28.78,33.1875,29.7325
4049,2.31,0,28.7425,33.2575,29.73
4050,2.33,0,28.595,33.2575,29.755
4051,2.35,0,28.625,33.21,29.9375
4052,2.38,0,28.57,33.14,30.0325
4053,2.3975,0,28.425,33.0525,30.095
4054,2.4025,0,28.4975,33.0025,30.15
4055,2.45,0,28.42,33.005,30.0525
4056,2.46,0,28.455,32.995,30.1725
4057,2.4925,0,28.4825,32.9625,30.1225
4058,2.49,0,28.42,32.795,30.21
4059,2.5175,0,28.3925,32.7775,30.2525
4060,2.545,0,28.4975,32.6775,30.31
4061,2.59,0,28.4525,32.64,30.5125
4062,2.6125,0,28.385,32.49,30.4925
4063,2.6375,0,28.315,32.435,30.38
4064,2.6675,0,28.5375,32.3925,30.32
4065,2.7025,0,28.575,32.325,30.285
4066,2.76,0,28.65,32.185,30.3125
4067,2.8175,0,28.6425,32.165,30.39
4068,2.8575,0,28.72,32.1125,30.3025
4069,2.89,0,28.815,32.035,30.3775
4070,2.915,0,28.995,31.865,30.26
4071,2.9275,0,29.0825,31.6425,30.1825
4072,2.98,0,29.1,31.605,30.2375
4073,3,0,29.35,31.475,30.2175
4074,3.0425,0,29.49,31.415,30.095
4075,3.0925,0,29.59,31.1875,30.085
4076,3.0975,0,29.6525,31.11,30.0875
4077,3.0975,0,29.7875,30.88,30.0625
4078,3.0825,0,29.8375,30.88,30.11
4079,3.135,0,29.77,30.7875,30.03
4080,3.14,0,29.7275,30.6975,30.22
4081,3.14,0,29.7675,30.7075,30.0675
4082,3.14,0,29.785,30.655,30.105
4083,3.1875,0,29.89,30.6925,30.02
4084,3.195,0,29.855,30.7475,29.935
4085,3.1825,0,29.8325,30.7625,30.0175
4086,3.175,0,29.905,30.58,30.08
4087,3.155,0,29.8475,30.455,30.015
4088,3.135,0,29.9225,30.395,30.0675
4089,3.1325,0,29.965,30.45,30.18
4090,3.145,0,29.9525,30.4875,30.2125
4091,3.1325,0,29.9225,30.375,30.3225
4092,3.0975,0,29.9975,30.2725,30.4925
4093,3.0525,0,30.0075,30.1875,30.5225
4094,3.055,0,29.8875,30.1875,30.66
4095,3.0625,0,29.835,30.05,30.7825
4096,3.0225,0,29.9025,30.01,30.8575
4097,3.0225,0,29.735,30.0875,30.9225
4098,2.9925,0,29.65,30.08,30.9375
4099,2.9675,0,29.665,30.1225,30.93
4100,2.945,0,29.645,30.025,30.9775
4101,2.85,0,29.6125,30.135,31.0425
4102,2.8125,0,29.725,30.1825,31.105
4103,2.755,0,29.5625,30.1975,31.14
4104,2.7275,0,29.6825,30.1375,31.1525
4105,2.735,0,29.705,30.0225,31.26
4106,2.6625,0,29.805,30.1025,31.285
4107,2.63,0,29.7175,29.97,31.385
4108,2.5375,0,29.5725,29.93,31.5225
4109,2.4775,0,29.5275,29.9125,31.7
4110,2.405,0,29.5075,29.9675,31.755
4111,2.4025,0,29.6325,30.0575,31.745
4112,2.33,0,29.61,30.09,31.795
4113,2.2625,0,29.5825,30.045,31.845
4114,2.175,0,29.5125,30.2325,31.8975
4115,2.145,0,29.6325,30.2175,31.955
4116,2.0825,0,29.625,30.0575,32.045
4117,2.025,0,29.6625,30.15,32.1175
4118,1.9775,0,29.755,30.125,31.9875
4119,1.9175,0,29.8025,30.06,32.1125
4120,1.8875,0,29.73,30.04,32.09
4121,1.8175,0,29.635,30.03,32.095
4122,1.785,0,29.6525,30.0325,32.1275
4123,1.7525,0,29.7875,29.965,32.225
4124,1.715,0,29.75,30.07,32.1125
4125,1.675,0,29.7175,30.1575,31.9725
4126,1.6275,0,29.7325,30.2225,32.0075
4127,1.59,0,29.81,30.2025,31.9575
4128,1.5125,0,29.94,30.0675,32.0325
4129,1.4625,0,29.805,30.1325,31.99
4130,1.43,0,29.7825,30.275,32.095
4131,1.3825,0,29.815,30.1925,32.1875
4132,1.34,0,29.9125,30.24,32.01
4133,1.2975,0,29.8825,30.28,32.0225
4134,1.27,0,29.8625,30.3525,32.02
4135,1.2675,0,29.97,30.3925,32.0825
4136,1.25,0,29.915,30.375,32.0225
4137,1.2025,0,29.805,30.4625,32.045
4138,1.2175,0,29.69,30.56,32.11
4139,1.1975,0,29.715,30.6525,31.965
4140,1.21,0,29.5625,30.73,31.9575
4141,1.1725,0,29.37,30.88,31.94
4142,1.1525,0,29.2275,31.02,31.8425
4143,1.1275,0,29.1075,31.2075,31.735
4144,1.13,0,29.1225,31.36,31.7975
4145,1.075,0,29.0325,31.505,31.8575
4146,1.0425,0,29.1,31.6175,31.83
4147,1.0325,0,28.8725,31.7875,31.795
4148,1.0225,0,28.985,31.905,31.715
4149,1.0225,0,28.7875,31.9575,31.66
4150,1.04,0,28.7575,32.0275,31.545
4151,1.0375,0,28.665,32.19,31.48
4152,1.035,0,28.5775,32.365,31.5825
4153,1.03,0,28.4825,32.525,31.5575
4154,1.0525,0,28.555,32.515,31.5775
4155,1.0575,0,28.4025,32.55,31.675
4156,1.05,0,28.19,32.5925,31.795
4157,1.0675,0,28.2175,32.3725,31.7875
4158,1.1125,0,28.2575,32.4275,31.77
4159,1.1625,0,28.27,32.355,31.945
4160,1.1825,0,28.32,32.205,31.9825
4161,1.2425,0,28.2325,32.2575,31.82
4162,1.26,0,28.1625,32.2075,31.8225
4163,1.28,0,28.2175,32.2,31.885
4164,1.255,0,28.1375,32.345,31.8075
4165,1.2775,0,28.1525,32.3325,31.7625
4166,1.33,0,28.0925,32.4725,31.74
4167,1.37,0,28.08,32.4225,31.8575
4168,1.3725,0,28.08,32.4475,31.7725
4169,1.4025,0,28.12,32.5175,31.7125
4170,1.4025,0,28.125,32.495,31.795
4171,1.4025,0,28.1175,32.4575,31.68
4172,1.4075,0,28.14,32.4525,31.65
4173,1.3925,0,28.1725,32.455,31.4775
4174,1.4275,0,28.09,32.3975,31.5425
4175,1.4725,0,28.2,32.2925,31.5475
4176,1.4975,0,28.2275,32.37,31.3875
4177,1.53,0,28.275,32.4675,31.2775
4178,1.525,0,28.22,32.455,31.335
4179,1.5075,0,28.2575,32.425,31.2725
4180,1.5225,0,28.2225,32.505,31.245
4181,1.565,0,28.2475,32.535,31.175
4182,1.54,0,28.0925,32.61,31.095
4183,1.56,0,28.2175,32.645,31.075
4184,1.565,0,28.22,32.6075,30.965
4185,1.6,0,28.225,32.675,30.9725
4186,1.64,0,28.1775,32.565,31.0175
4187,1.6925,0,28.3775,32.6375,30.93
4188,1.665,0,28.435,32.5175,30.935
4189,1.6875,0,28.4,32.4825,31.0025
4190,1.725,0,28.4075,32.335,30.98
4191,1.7675,0,28.445,32.3725,30.9825
4192,1.8225,0,28.4475,32.3375,30.945
4193,1.8525,0,28.4975,32.3425,30.8075
4194,1.88,0,28.3275,32.445,30.73
4195,1.915,0,28.35,32.2625,30.8625
4196,1.915,0,28.5425,32.2475,30.9275
4197,1.9425,0,28.47,32.165,30.88
4198,1.98,0,28.54,32.115,30.8925
4199,2.0075,0,28.6925,31.9525,30.935
4200,2.0325,0,28.6225,31.785,30.9075
4201,2.0775,0,28.5475,31.89,31.02
4202,2.1125,0,28.615,31.9075,31.01
4203,2.1575,0,28.535,31.7475,31.13
4204,2.1675,0,28.615,31.6825,31.2475
4205,2.1975,0,28.635,31.6725,31.285
4206,2.185,0,28.545,31.605,31.3425
4207,2.2325,0,28.3575,31.3425,31.4425
4208,2.21,0,28.475,31.3275,31.5475
4209,2.195,0,28.3825,31.4225,31.745
4210,2.2025,0,28.41,31.2875,31.6375
4211,2.2175,0,28.4525,31.2475,31.755
4212,2.255,0,28.35,31.0725,31.8675
4213,2.29,0,28.475,30.9975,31.98
4214,2.2825,0,28.4525,30.96,32.13
4215,2.345,0,28.4275,30.875,32.16
4216,2.3225,0,28.2325,30.8,32.185
4217,2.3225,0,28.325,30.7,32.135
4218,2.3275,0,28.39,30.6925,32.1525
4219,2.3325,0,28.4225,30.7075,32.2125
4220,2.325,0,28.44,30.6525,32.1125
4221,2.3375,0,28.395,30.6375,32.2325
4222,2.32,0,28.4925,30.4875,32.3925
4223,2.295,0,28.435,30.5675,32.3425
4224,2.2975,0,28.56,30.5175,32.27
4225,2.2825,0,28.54,30.46,32.4125
4226,2.27,0,28.5725,30.505,32.3325
4227,2.2625,0,28.525,30.415,32.3725
4228,2.225,0,28.5875,30.3725,32.3375
4229,2.2125,0,28.7,30.435,32.405
4230,2.2075,0,28.7425,30.435,32.37
4231,2.195,0,28.675,30.31,32.35
4232,2.155,0,28.65,30.39,32.365
4233,2.135,0,28.6875,30.2225,32.425
4234,2.1125,0,28.75,30.2825,32.5625
4235,2.0625,0,28.82,30.355,32.4325
4236,2.025,0,28.975,30.2125,32.3575
4237,2.005,0,28.9325,30.11,32.375
4238,1.9825,0,29.1,30.1,32.4
4239,1.9525,0,29.18,30.145,32.325
4240,1.9225,0,29.205,30.0275,32.305
4241,1.9125,0,29.2425,30.0475,32.24
4242,1.8725,0,29.4375,30.1225,32.2875
4243,1.8725,0,29.465,30,32.3125
4244,1.8425,0,29.4925,30.0825,32.3025
4245,1.7875,0,29.7025,30.1,32.2625
4246,1.7475,0,29.62,30.1525,32.23
4247,1.7375,0,29.765,30.1875,32.1475
4248,1.7025,0,29.8025,30.125,32.075
4249,1.685,0,29.85,30.155,32.0225
4250,1.67,0,29.945,30.2025,32.12
4251,1.65,0,30.035,30.1325,32.115
4252,1.585,0,30.1575,30.1025,32.045
4253,1.5775,0,29.9925,30.2275,31.92
4254,1.585,0,30.0675,30.0775,31.865
4255,1.57,0,29.995,30.055,31.7675
4256,1.575,0,29.995,30.225,31.9525
4257,1.54,0,29.9775,30.1175,32.025
4258,1.5225,0,29.9675,30.1575,32.0675
4259,1.505,0,29.975,30.4275,31.995
4260,1.4625,0,29.87,30.4775,32.0575
4261,1.455,0,29.795,30.5375,31.96
4262,1.43,0,29.67,30.57,32.1075
4263,1.41,0,29.6525,30.6225,32.015
4264,1.3875,0,29.475,30.7375,32.165
4265,1.405,0,29.4175,30.7925,32.2125
4266,1.3975,0,29.335,30.78,32.0575
4267,1.375,0,29.34,30.78,32.1475
4268,1.385,0,29.2625,30.825,32.28
4269,1.36,0,29.2475,30.8825,32.2625
4270,1.3675,0,29.33,30.7825,32.24
4271,1.3675,0,29.48,30.8675,32.1225
4272,1.355,0,29.5975,30.83,32.1675
4273,1.3425,0,29.6825,30.695,32.16
4274,1.3275,0,29.7125,30.64,32.035
4275,1.3175,0,29.6725,30.595,32.0525
4276,1.3225,0,29.685,30.5625,32.04
4277,1.325,0,29.755,30.5875,31.9625
4278,1.345,0,29.7875,30.51,32.02
4279,1.3375,0,29.675,30.6075,32.0425
4280,1.3225,0,29.7475,30.5975,31.98
4281,1.34,0,29.8125,30.41,32.045
4282,1.3475,0,29.985,30.3625,32.0275
4283,1.3525,0,29.97,30.2975,31.96
4284,1.3675,0,30.065,30.21,31.96
4285,1.3875,0,29.955,30.1225,32.19
4286,1.3775,0,29.84,30.1,32.2
4287,1.37,0,29.9175,29.99,32.235
4288,1.3725,0,30.025,29.885,32.095
4289,1.3575,0,30.1175,29.9925,31.95
4290,1.395,0,30.195,30.045,31.8675
4291,1.425,0,30.1525,30.085,32.06
4292,1.425,0,30.2425,30,32.165
4293,1.44,0,30.065,29.935,32.1525
4294,1.4825,0,30.0225,29.85,32.2425
4295,1.5125,0,29.98,29.885,32.1925
4296,1.51,0,29.8875,29.9625,32.205
4297,1.52,0,29.77,29.8425,32.32
4298,1.5225,0,29.685,29.99,32.3425
4299,1.5375,0,29.6,30.0325,32.4825
4300,1.5375,0,29.3675,30.27,32.56
4301,1.5225,0,29.2025,30.29,32.465
4302,1.6025,0,29.1425,30.295,32.59
4303,1.5925,0,29.0575,30.275,32.825
4304,1.6025,0,28.8925,30.225,32.98
4305,1.58,0,28.715,30.2625,33.07
4306,1.5975,0,28.67,30.35,33.13
4307,1.5825,0,28.6575,30.34,33.16
4308,1.6225,0,28.5675,30.5275,33.21
4309,1.61,0,28.5075,30.615,33.2
4310,1.6175,0,28.395,30.7925,33.01
4311,1.64,0,28.215,30.86,32.975
4312,1.69,0,28.2125,31.1575,32.855
4313,1.7025,0,28.08,31.24,32.825
4314,1.7325,0,27.97,31.3325,32.8625
4315,1.7275,0,27.84,31.455,32.8025
4316,1.73,0,27.7325,31.645,32.7275
4317,1.7575,0,27.6725,31.7625,32.6
4318,1.78,0,27.4525,31.835,32.5875
4319,1.7875,0,27.265,31.9475,32.72
4320,1.7775,0,27.235,32.2225,32.5525
4321,1.7975,0,27.1575,32.42,32.5475
4322,1.7925,0,27.03,32.5025,32.3525
4323,1.78,0,26.905,32.6125,32.335
4324,1.7875,0,26.81,32.9425,32.2275
4325,1.8075,0,26.66,33.195,32.0975
4326,1.855,0,26.5225,33.3375,32.035
4327,1.8225,0,26.415,33.4575,31.94
4328,1.8475,0,26.515,33.655,31.8175
4329,1.805,0,26.3875,33.84,31.6475
4330,1.8125,0,26.24,34.0725,31.5025
4331,1.825,0,26.125,34.2525,31.4375
4332,1.845,0,26.125,34.4225,31.3525
4333,1.82,0,26.1225,34.5825,31.3
4334,1.825,0,26.0025,34.6025,31.2725
4335,1.8025,0,26.09,34.815,31.1625
4336,1.7825,0,26.0125,34.97,31.0725
4337,1.7775,0,26.17,35.0875,30.885
4338,1.76,0,26.2525,35.11,30.885
4339,1.74,0,26.2,35.2575,30.9375
4340,1.77,0,26.33,35.1775,30.7975
4341,1.715,0,26.3825,35.065,30.705
4342,1.695,0,26.345,35.145,30.65
4343,1.695,0,26.5,35.16,30.5675
4344,1.6725,0,26.59,35.1675,30.47
4345,1.6525,0,26.6475,35.0875,30.475
4346,1.675,0,26.5825,35.09,30.42
4347,1.695,0,26.68,35.0825,30.36
4348,1.65,0,26.875,35.055,30.3275
4349,1.6325,0,27.0675,35.0775,30.2975
4350,1.5575,0,27.1375,34.9675,30.1425
4351,1.535,0,27.1325,34.9575,30.125
4352,1.52,0,27.2725,34.9075,30.0025
4353,1.52,0,27.4875,35.04,29.7375
4354,1.4625,0,27.565,35.26,29.545
4355,1.425,0,27.615,35.36,29.4425
4356,1.4525,0,27.955,35.4225,29.365
4357,1.4275,0,27.98,35.205,29.155
4358,1.4175,0,28.0325,35.1975,29.0575
4359,1.3925,0,28.325,35.1375,29.005
4360,1.4175,0,28.5775,35.18,28.91
4361,1.3875,0,28.7325,35.1625,28.7125
4362,1.395,0,28.8725,35.02,28.635
4363,1.3475,0,29.1125,35.105,28.3825
4364,1.3725,0,29.2275,34.9675,28.3125
4365,1.3675,0,29.3125,35.015,28.2175
4366,1.345,0,29.48,34.8275,28.015
4367,1.3025,0,29.65,34.8875,28.005
4368,1.2975,0,29.84,34.77,27.8275
4369,1.3,0,29.93,34.7975,27.6925
4370,1.2775,0,29.9525,34.865,27.555
4371,1.2575,0,30.1225,34.7275,27.605
4372,1.2125,0,30.3525,34.635,27.555
4373,1.1775,0,30.48,34.5725,27.3525
4374,1.2225,0,30.7325,34.48,27.2525
4375,1.1875,0,30.905,34.4275,27.025
4376,1.21,0,31.1325,34.43,27.0075
4377,1.21,0,31.365,34.3425,26.83
4378,1.2225,0,31.4925,34.2775,26.7275
4379,1.23,0,31.815,34.25,26.6325
4380,1.245,0,31.99,34.38,26.34
4381,1.2125,0,32.0475,34.3675,26.325
4382,1.2225,0,32.1175,34.235,26.3125
4383,1.215,0,32.195,34.1775,26.3175
4384,1.205,0,32.2825,34.185,26.245
4385,1.1925,0,32.385,34.1275,26.155
4386,1.1875,0,32.565,33.965,25.9975
4387,1.1875,0,32.6425,33.8125,25.8825
4388,1.1975,0,32.795,33.9025,25.9375
4389,1.24,0,32.9625,33.8,25.9425
4390,1.2525,0,33.015,33.71,25.905
4391,1.245,0,33.2,33.5725,25.9175
4392,1.2225,0,33.2475,33.415,25.9625
4393,1.195,0,33.24,33.2225,26.0325
4394,1.2075,0,33.355,33.115,26.0425
4395,1.1775,0,33.4575,33.115,26.0925
4396,1.1875,0,33.5225,32.9825,26.0875
4397,1.1925,0,33.695,32.7,25.9425
4398,1.1975,0,33.6475,32.535,26.03
4399,1.2075,0,33.6875,32.45,26.2275
4400,1.2125,0,33.7525,32.2325,26.4125
4401,1.2125,0,34.0175,32.05,26.445
4402,1.23,0,33.96,31.86,26.5375
4403,1.2275,0,34.0725,31.62,26.795
4404,1.215,0,33.98,31.4225,27.095
4405,1.23,0,34.0225,31.35,27.0875
4406,1.2575,0,34.01,31.335,27.1275
4407,1.265,0,34.0325,31.0975,27.1675
4408,1.2625,0,34.065,30.975,27.315
4409,1.27,0,34.195,30.7725,27.515
4410,1.255,0,34.19,30.545,27.7975
4411,1.28,0,34.1875,30.4875,28.0225
4412,1.3025,0,34.285,30.28,28.11
4413,1.295,0,34.1825,30.0725,28.3175
4414,1.32,0,34.14,29.9275,28.4375
4415,1.33,0,34.185,29.77,28.495
4416,1.3525,0,34.2275,29.6925,28.7375
4417,1.37,0,34.1025,29.555,28.825
4418,1.3875,0,34.0525,29.5825,28.895
4419,1.42,0,34.0025,29.52,28.99
4420,1.45,0,33.985,29.3475,29.1125
4421,1.48,0,33.85,29.395,29.17
4422,1.51,0,33.9875,29.455,29.2
4423,1.515,0,33.7475,29.35,29.3325
4424,1.52,0,33.73,29.15,29.3825
4425,1.5475,0,33.6325,29.075,29.7825
4426,1.5725,0,33.3875,29.16,29.865
4427,1.57,0,33.3225,28.9825,29.9425
4428,1.625,0,33.3125,28.975,30.085
4429,1.6075,0,33.08,28.7875,30.275
4430,1.6275,0,33.0375,28.715,30.4675
4431,1.605,0,32.93,28.615,30.75
4432,1.62,0,32.8625,28.46,30.78
4433,1.6275,0,32.7475,28.4,30.785
4434,1.67,0,32.765,28.315,30.9075
4435,1.695,0,32.885,28.3575,31.1075
4436,1.71,0,32.745,28.3075,31.235
4437,1.7075,0,32.44,28.3875,31.4275
4438,1.685,0,32.29,28.365,31.4325
4439,1.71,0,32.235,28.4325,31.475
4440,1.7175,0,32.36,28.3075,31.6175
4441,1.745,0,32.2025,28.105,31.7425
4442,1.76,0,31.97,28.2575,31.915
4443,1.7525,0,31.725,28.3175,32.07
4444,1.74,0,31.505,28.2325,32.195
4445,1.74,0,31.4675,28.3575,32.24
4446,1.7025,0,31.4125,28.4275,32.4275
4447,1.6875,0,31.3125,28.4025,32.4725
4448,1.6675,0,31.2475,28.4075,32.485
4449,1.6325,0,30.9875,28.47,32.6225
4450,1.62,0,30.785,28.525,32.69
4451,1.6375,0,30.58,28.6625,32.785
4452,1.6425,0,30.345,28.5625,32.8975
4453,1.64,0,30.23,28.665,33.0025
4454,1.66,0,30.1125,28.825,32.9575
4455,1.64,0,30.0875,28.98,33.085
4456,1.6475,0,29.865,29.155,33.185
4457,1.65,0,29.6875,29.225,33.245
4458,1.6775,0,29.435,29.2075,33.3325
4459,1.6475,0,29.33,29.3075,33.51
4460,1.6175,0,29.1025,29.3275,33.55
4461,1.6325,0,29.0425,29.415,33.5675
4462,1.6475,0,28.925,29.605,33.7025
4463,1.695,0,28.84,29.685,33.81
4464,1.7075,0,28.7125,29.76,33.7075
4465,1.7,0,28.6275,29.885,33.6875
4466,1.7125,0,28.55,29.8575,33.6725
4467,1.725,0,28.48,29.9775,33.6525
4468,1.7325,0,28.485,29.9225,33.635
4469,1.7375,0,28.59,30.0125,33.6125
4470,1.7975,0,28.3425,29.9325,33.5725
4471,1.8225,0,28.4475,29.935,33.545
4472,1.8425,0,28.3,30.0375,33.6125
4473,1.865,0,28.295,30.0575,33.5375
4474,1.8675,0,28.3675,30.205,33.465
4475,1.8575,0,28.37,30.2825,33.445
4476,1.8425,0,28.3,30.4125,33.3
4477,1.8575,0,28.3675,30.4825,33.1525
4478,1.8825,0,28.36,30.545,32.9125
4479,1.9075,0,28.3325,30.7575,32.8075
4480,1.865,0,28.275,30.9575,32.7375
4481,1.8475,0,28.125,31.12,32.53
4482,1.86,0,28.11,31.3025,32.455
4483,1.8825,0,28.1375,31.4975,32.4025
4484,1.8575,0,28.08,31.58,32.2125
4485,1.865,0,27.9525,31.635,32.235
4486,1.8375,0,27.845,31.765,32.2
4487,1.815,0,27.85,31.81,32.1925
4488,1.8025,0,27.6575,32.0325,32.0825
4489,1.7975,0,27.7525,32.345,31.8625
4490,1.79,0,27.755,32.5425,31.825
4491,1.7725,0,27.74,32.5725,31.6175
4492,1.7575,0,27.65,32.8225,31.51
4493,1.7325,0,27.64,32.955,31.3625
4494,1.705,0,27.6225,33.235,31.1125
4495,1.705,0,27.5275,33.49,31.0425
4496,1.6875,0,27.4575,33.67,30.8475
4497,1.6875,0,27.535,33.9425,30.7725
4498,1.685,0,27.47,34.095,30.745
4499,1.6575,0,27.515,34.135,30.5725
4500,1.6225,0,27.5125,34.2525,30.4825
4501,1.5875,0,27.56,34.435,30.25
4502,1.64,0,27.52,34.7425,30.0925
4503,1.63,0,27.4425,34.87,29.915
4504,1.625,0,27.495,34.8725,29.8
4505,1.64,0,27.54,35.14,29.625
4506,1.6375,0,27.6025,35.185,29.45
4507,1.6375,0,27.57,35.165,29.26
4508,1.6225,0,27.69,35.3875,29.1125
4509,1.62,0,27.7225,35.395,29.0425
4510,1.5875,0,27.9575,35.42,28.8525
4511,1.595,0,28.2075,35.4425,28.6375
4512,1.6025,0,28.3825,35.4275,28.3825
4513,1.6125,0,28.59,35.5325,28.16
4514,1.645,0,28.8,35.5475,28.065
4515,1.705,0,28.8825,35.3575,27.83
4516,1.72,0,29.0825,35.2275,27.86
4517,1.76,0,29.29,35.3425,27.555
4518,1.7825,0,29.51,35.385,27.28
4519,1.795,0,29.58,35.3675,27.15
4520,1.8225,0,29.765,35.245,26.8675
4521,1.8075,0,30.0825,35.265,26.8025
4522,1.8025,0,30.4125,35.2275,26.505
4523,1.79,0,30.5125,35.1475,26.365
4524,1.7675,0,30.5575,35.1875,26.41
4525,1.7925,0,30.7,35.09,26.31
4526,1.795,0,30.865,35.035,26.345
4527,1.7925,0,31.0075,34.885,26.2975
4528,1.8275,0,31.145,34.6625,26.25
4529,1.8725,0,31.135,34.385,26.37
4530,1.9225,0,31.25,34.325,26.355
4531,1.9625,0,31.505,34.175,26.335
4532,2.0125,0,31.58,34.06,26.3225
4533,2.0025,0,31.595,33.9175,26.335
4534,1.9825,0,31.6775,33.7575,26.42
4535,2.0175,0,31.6525,33.615,26.4275
4536,2.025,0,31.82,33.3225,26.57
4537,2,0,31.8625,32.9575,26.8025
4538,1.985,0,32.135,32.845,26.835
4539,2.01,0,32.2975,32.6725,26.9275
4540,2.055,0,32.405,32.4375,27.075
4541,2.0775,0,32.365,32.1475,27.2125
4542,2.06,0,32.5,32.1375,27.2675
4543,2.0575,0,32.7675,32.0225,27.3075
4544,2.095,0,32.725,31.6975,27.45
4545,2.1125,0,32.6725,31.465,27.465
4546,2.115,0,32.9375,31.23,27.485
4547,2.155,0,33.03,31.135,27.5525
4548,2.145,0,33.0775,30.9175,27.71
4549,2.1125,0,33.0875,30.7525,27.86
4550,2.13,0,33.185,30.535,27.8525
4551,2.1675,0,33.3625,30.455,27.9725
4552,2.185,0,33.3575,30.2675,28.185
4553,2.1725,0,33.395,30.04,28.2875
4554,2.1525,0,33.5225,29.82,28.425
4555,2.1675,0,33.7,29.59,28.5325
4556,2.1725,0,33.7325,29.4025,28.54
4557,2.145,0,33.725,29.2,28.725
4558,2.14,0,33.915,28.9925,28.855
4559,2.125,0,33.925,28.99,28.89
4560,2.125,0,33.975,28.825,29.0875
4561,2.17,0,33.99,28.6075,29.2475
4562,2.16,0,33.9025,28.54,29.355
4563,2.1725,0,34.07,28.22,29.5375
4564,2.1775,0,34.01,28.1,29.585
4565,2.1975,0,34.17,27.705,29.6575
4566,2.2,0,34.135,27.67,29.855
4567,2.2075,0,34.0175,27.5775,30.015
4568,2.2125,0,33.8525,27.585,30.19
4569,2.205,0,33.7175,27.4225,30.395
4570,2.25,0,33.655,27.3225,30.5725
4571,2.27,0,33.7425,27.145,30.7075
4572,2.2775,0,33.8075,27.0175,30.7575
4573,2.2925,0,33.6475,26.91,30.8475
4574,2.3075,0,33.625,27.0225,31.105
4575,2.32,0,33.4275,27.0875,31.23
4576,2.2825,0,33.3325,27.0075,31.4
4577,2.28,0,33.3275,26.93,31.605
4578,2.32,0,33.075,26.8075,31.5975
4579,2.3675,0,32.9675,26.7125,31.785
4580,2.3425,0,33.0125,26.585,31.98
4581,2.3575,0,32.8875,26.555,31.9125
4582,2.4025,0,32.82,26.685,31.925
4583,2.3975,0,32.7125,26.5025,32.035
4584,2.395,0,32.515,26.565,32.1825
4585,2.3975,0,32.4925,26.635,32.3775
4586,2.4325,0,32.5875,26.5325,32.32
4587,2.4325,0,32.285,26.675,32.3925
4588,2.465,0,32.05,26.685,32.6025
4589,2.49,0,31.8525,26.69,32.8125
4590,2.52,0,31.565,26.675,32.865
4591,2.5075,0,31.35,26.6925,33.0325
4592,2.5225,0,31.2575,26.785,33.18
4593,2.49,0,31.2675,26.95,33.3125
4594,2.4625,0,30.8325,26.9375,33.48
4595,2.46,0,30.6375,26.9425,33.6575
4596,2.485,0,30.4575,27.0975,33.85
4597,2.4825,0,30.325,27.1,33.7925
4598,2.475,0,30.27,27.1175,33.9725
4599,2.485,0,30.2175,27.2275,34.0525
4600,2.455,0,30.01,27.3375,34.2425
4601,2.425,0,29.735,27.4325,34.2675
4602,2.42,0,29.625,27.485,34.3875
4603,2.38,0,29.45,27.5,34.38
4604,2.39,0,29.265,27.6075,34.5575
4605,2.375,0,29.2,27.6725,34.7775
4606,2.3775,0,29.0375,27.78,34.8125
4607,2.35,0,28.8325,27.9275,34.9675
4608,2.29,0,28.59,28.095,34.845
4609,2.29,0,28.46,28.2875,34.975
4610,2.275,0,28.095,28.4275,35.16
4611,2.2875,0,27.7625,28.5675,35.03
4612,2.2975,0,27.65,28.8425,35.05
4613,2.2625,0,27.4525,28.9625,35.02
4614,2.24,0,27.16,29.1175,35.1025
4615,2.225,0,26.965,29.355,35.25
4616,2.2125,0,26.74,29.5525,35.2525
4617,2.1775,0,26.5525,29.6975,35.17
4618,2.1775,0,26.2475,30.01,35.2725
4619,2.1675,0,26.1925,30.1475,35.3575
4620,2.2225,0,25.8575,30.27,35.455
4621,2.2,0,25.7225,30.4225,35.4425
4622,2.19,0,25.43,30.63,35.42
4623,2.185,0,25.2775,30.7425,35.3475
4624,2.1875,0,25.2025,30.825,35.495
4625,2.1875,0,25.075,31.0375,35.505
4626,2.1875,0,25.02,31.1875,35.52
4627,2.1775,0,24.8575,31.2525,35.52
4628,2.17,0,24.67,31.305,35.4575
4629,2.18,0,24.4775,31.4525,35.3475
4630,2.2275,0,24.55,31.5675,35.35
4631,2.2475,0,24.5425,31.735,35.1175
4632,2.285,0,24.3775,31.8525,35.1225
4633,2.275,0,24.385,31.9925,34.8925
4634,2.25,0,24.35,32.21,34.775
4635,2.2225,0,24.3925,32.305,34.6075
4636,2.285,0,24.3125,32.5275,34.565
4637,2.28,0,24.4075,32.6,34.3025
4638,2.31,0,24.565,32.7275,34.0825
4639,2.335,0,24.555,32.8625,33.9075
4640,2.315,0,24.695,32.9475,33.63
4641,2.3475,0,24.7375,32.9525,33.4975
4642,2.335,0,24.7975,33.085,33.385
4643,2.335,0,24.8625,33.24,33.2225
4644,2.3175,0,25.0325,33.2675,33.02
4645,2.3225,0,25,33.4225,32.7625
4646,2.3175,0,25.145,33.45,32.5225
4647,2.345,0,25.24,33.5275,32.3075
4648,2.3875,0,25.415,33.5575,32.1475
4649,2.3975,0,25.615,33.74,31.87
4650,2.4175,0,25.82,33.735,31.6125
4651,2.4125,0,25.96,33.8425,31.51
4652,2.455,0,26.0225,33.9225,31.29
4653,2.5,0,26.26,33.7625,31.13
4654,2.54,0,26.4525,33.9625,30.8775
4655,2.5475,0,26.71,33.9475,30.54
4656,2.6075,0,26.945,34.01,30.3075
4657,2.63,0,27.0275,34.04,30.0825
4658,2.6775,0,27.0575,34.0975,29.67
4659,2.6775,0,27.375,34.305,29.4975
4660,2.705,0,27.4675,34.25,29.2975
4661,2.73,0,27.7375,34.18,29.295
4662,2.7125,0,27.885,34.0525,29.1225
4663,2.755,0,28.11,33.92,29.0425
4664,2.7925,0,28.2075,33.9525,28.9125
4665,2.835,0,28.4675,33.8725,28.81
4666,2.815,0,28.6125,33.7925,28.62
4667,2.785,0,28.7425,33.73,28.6425
4668,2.8125,0,28.915,33.5375,28.6375
4669,2.8275,0,29.005,33.4225,28.645
4670,2.825,0,29.1375,33.475,28.6975
4671,2.8375,0,29.23,33.33,28.5125
4672,2.825,0,29.2075,33.245,28.515
4673,2.8575,0,29.1925,33.14,28.5525
4674,2.9075,0,29.3425,33.0125,28.465
4675,2.9325,0,29.4825,33.045,28.495
4676,2.91,0,29.6175,32.9175,28.4825
4677,2.92,0,29.6275,32.7925,28.47
4678,3,0,29.66,32.6325,28.485
4679,2.95,0,29.705,32.5925,28.515
4680,2.9525,0,29.7825,32.3675,28.505
4681,2.975,0,29.625,32.27,28.5875
4682,2.9725,0,29.5725,32.1625,28.83
4683,2.9875,0,29.715,32.07,28.8475
4684,2.98,0,29.905,31.8975,28.9175
4685,2.985,0,29.9825,31.7175,28.9275
4686,2.9975,0,30.0225,31.695,29.095
4687,3.01,0,30.1625,31.3925,29.225
4688,2.965,0,30.165,31.12,29.2025
4689,2.9275,0,30.2775,31.2,29.3225
4690,2.945,0,30.385,31.095,29.21
4691,2.935,0,30.405,31.1025,29.35
4692,2.97,0,30.5375,30.9325,29.3525
4693,3.0075,0,30.5175,30.705,29.445
4694,3.0225,0,30.5625,30.55,29.5175
4695,3.0175,0,30.6775,30.505,29.555
4696,2.9825,0,30.675,30.41,29.72
4697,3.0575,0,30.6825,30.355,29.8775
4698,3.015,0,30.5875,30.395,29.915
4699,2.9825,0,30.4375,30.24,30.0175
4700,2.9175,0,30.5675,30.2325,30.0625
4701,2.96,0,30.5125,30.1,30.2575
4702,2.915,0,30.3,29.9675,30.3575
4703,2.905,0,30.1275,29.9625,30.455
4704,2.84,0,29.98,29.995,30.6875
4705,2.8475,0,29.8925,29.93,30.805
4706,2.79,0,29.7825,29.7675,31.035
4707,2.7525,0,29.68,29.7825,31.315
4708,2.7525,0,29.6175,29.7475,31.6225
4709,2.75,0,29.54,29.695,31.6125
4710,2.715,0,29.54,29.8025,31.8925
4711,2.67,0,29.1875,29.79,32.035
4712,2.6075,0,29.005,29.835,32.235
4713,2.5325,0,29.0025,29.765,32.3875
4714,2.5075,0,28.81,29.78,32.66
4715,2.4875,0,28.695,29.725,32.715
4716,2.475,0,28.4675,29.75,32.7625
4717,2.445,0,28.33,29.76,33.035
4718,2.4025,0,28.2675,29.885,33.245
4719,2.34,0,28.24,29.8075,33.435
4720,2.3075,0,28.055,29.9275,33.69
4721,2.25,0,27.83,29.9275,33.7225
4722,2.2275,0,27.83,30.0575,33.66
4723,2.2,0,27.5875,30.08,33.7775
4724,2.1675,0,27.51,30.155,33.8425
4725,2.14,0,27.39,30.085,34.085
4726,2.095,0,27.385,30.0225,34.1975
4727,2.09,0,27.275,30.0425,34.2775
4728,2.07,0,27.055,30.075,34.2875
4729,2.06,0,26.8825,30.0875,34.535
4730,2.05,0,26.6925,30.2375,34.53
4731,2.06,0,26.5025,30.215,34.6475
4732,2.0475,0,26.4775,30.22,34.8325
4733,2.0475,0,26.315,30.24,34.945
4734,2.045,0,26.15,30.325,34.95
4735,1.9925,0,25.98,30.5075,35.065
4736,1.995,0,25.7225,30.7425,35.0525
4737,2.0075,0,25.6075,30.89,35.13
4738,1.98,0,25.37,30.97,35.3125
4739,2.0075,0,25.3975,31.06,35.23
4740,2.03,0,25.3425,31,35.17
4741,2.055,0,25.3375,30.96,35.07
4742,2.0725,0,25.2325,31.1975,35.125
4743,2.0875,0,25.2875,31.17,35.035
4744,2.115,0,25.3175,31.175,34.975
4745,2.105,0,25.2575,31.205,34.8625
4746,2.095,0,25.095,31.3775,34.8375
4747,2.185,0,25.1625,31.3,34.745
4748,2.1525,0,25.0975,31.54,34.73
4749,2.1325,0,24.985,31.685,34.7275
4750,2.1275,0,25.0975,31.745,34.8075
4751,2.145,0,24.945,31.5925,34.8425
4752,2.15,0,24.93,31.7575,34.6425
4753,2.135,0,25.035,31.875,34.72
4754,2.1375,0,24.9575,31.95,34.61
4755,2.1625,0,24.915,31.8275,34.5575
4756,2.165,0,24.97,31.79,34.6225
4757,2.1625,0,25.0525,31.8625,34.6075
4758,2.1775,0,25.1425,32.0025,34.38
4759,2.19,0,25.09,32.125,34.235
4760,2.1875,0,25.1075,32.2775,34.025
4761,2.1925,0,25.13,32.4125,33.9025
4762,2.1925,0,25.14,32.545,33.76
4763,2.2025,0,25.125,32.7925,33.6275
4764,2.195,0,25.015,32.975,33.605
4765,2.185,0,25.0625,33.1525,33.2725
4766,2.2275,0,25.0125,33.2525,32.9825
4767,2.265,0,25.08,33.4625,32.97
4768,2.31,0,25.0825,33.4975,32.755
4769,2.3375,0,25.1825,33.585,32.5175
4770,2.37,0,25.195,33.7825,32.37
4771,2.425,0,25.2875,33.87,32.14
4772,2.435,0,25.2875,33.995,31.8925
4773,2.4525,0,25.4425,34.0875,31.72
4774,2.4875,0,25.46,34.11,31.6575
4775,2.5325,0,25.49,34.2975,31.5425
4776,2.5725,0,25.5075,34.345,31.275
4777,2.6175,0,25.5025,34.655,31.105
4778,2.625,0,25.445,34.725,30.93
4779,2.665,0,25.6375,34.85,30.7475
4780,2.6275,0,25.7525,34.9275,30.5825
4781,2.655,0,25.815,34.9975,30.3975
4782,2.6625,0,25.8425,34.96,30.135
4783,2.69,0,25.9175,35.195,30.1175
4784,2.65,0,26.07,35.405,29.7275
4785,2.64,0,26.05,35.56,29.68
4786,2.6175,0,26.11,35.5,29.5725
4787,2.6175,0,26.18,35.4725,29.505
4788,2.6425,0,26.21,35.4825,29.3975
4789,2.62,0,26.395,35.4675,29.2675
4790,2.6025,0,26.395,35.5125,29.2175
4791,2.6475,0,26.54,35.4675,29.085
4792,2.6575,0,26.7025,35.2925,29.0475
4793,2.6325,0,26.73,35.2525,29.1025
4794,2.665,0,26.8275,35.2375,29.1125
4795,2.6225,0,26.94,35.1575,29.02
4796,2.63,0,27.03,35.145,28.9125
4797,2.58,0,27.12,35.08,28.87
4798,2.5875,0,27.1875,35.105,28.87
4799,2.5825,0,27.365,35.1125,28.8075
4800,2.515,0,27.3575,34.9925,28.985
4801,2.52,0,27.37,34.79,29.02
4802,2.5125,0,27.4025,34.7825,29.1825
4803,2.5625,0,27.59,34.6475,29.1875
4804,2.535,0,27.645,34.54,29.205
4805,2.5275,0,27.8225,34.3325,29.275
4806,2.58,0,27.875,34.3,29.235
4807,2.62,0,28.0425,34.0925,29.225
4808,2.62,0,28.245,33.9125,29.32
4809,2.63,0,28.495,33.6675,29.165
4810,2.6625,0,28.56,33.465,29.2675
4811,2.67,0,28.7125,33.3325,29.345
4812,2.7275,0,28.955,33.1075,29.36
4813,2.72,0,29.0775,32.8975,29.3125
4814,2.715,0,29.1375,32.7475,29.3075
4815,2.73,0,29.265,32.595,29.3625
4816,2.72,0,29.3675,32.395,29.425
4817,2.74,0,29.49,32.1675,29.5775
4818,2.745,0,29.76,31.935,29.445
4819,2.7475,0,30.04,31.7775,29.4525
4820,2.7725,0,30.0875,31.655,29.555
4821,2.755,0,30.1825,31.3325,29.6025
4822,2.72,0,30.255,31.125,29.6375
4823,2.7125,0,30.505,30.9825,29.7025
4824,2.6975,0,30.615,30.7675,29.665
4825,2.7175,0,30.8475,30.645,29.6425
4826,2.7525,0,31.0025,30.5475,29.5925
4827,2.755,0,31.0675,30.3825,29.5425
4828,2.7325,0,31.31,30.2375,29.6325
4829,2.6975,0,31.425,30.09,29.62
4830,2.695,0,31.5625,30.0825,29.55
4831,2.6775,0,31.5425,29.975,29.53
4832,2.6975,0,31.61,29.9775,29.555
4833,2.71,0,31.6875,29.97,29.6425
4834,2.75,0,31.675,29.79,29.5525
4835,2.7975,0,31.865,29.6825,29.6275
4836,2.8125,0,31.8225,29.675,29.505
4837,2.8275,0,31.82,29.695,29.53
4838,2.845,0,31.7825,29.505,29.55
4839,2.8525,0,31.7675,29.6325,29.635
4840,2.885,0,31.8675,29.625,29.5975
4841,2.9325,0,31.8575,29.47,29.65
4842,2.9675,0,31.715,29.3825,29.59
4843,2.9675,0,31.71,29.42,29.6075
4844,2.995,0,31.8,29.405,29.6875
4845,2.985,0,31.8125,29.3925,29.75
4846,3,0,31.9,29.37,29.785
4847,3.01,0,31.7375,29.25,29.92
4848,3.0025,0,31.7025,29.335,29.87
4849,2.975,0,31.66,29.3875,30.0325
4850,3.0425,0,31.65,29.44,30.075
4851,3.0225,0,31.6175,29.3975,30.0225
4852,3.025,0,31.6725,29.325,30.1125
4853,3.01,0,31.455,29.305,30.2775
4854,3,0,31.41,29.2675,30.225
4855,2.9975,0,31.2875,29.3575,30.315
4856,2.96,0,31.3125,29.3575,30.4425
4857,2.9625,0,31.3525,29.44,30.4725
4858,2.95,0,31.2475,29.4425,30.575
4859,2.9575,0,31.1875,29.51,30.62
4860,2.895,0,31.15,29.5375,30.6075
4861,2.9,0,31.035,29.5525,30.6525
4862,2.91,0,31.0125,29.5775,30.6275
4863,2.9175,0,30.8875,29.5175,30.7575
4864,2.93,0,30.7275,29.5525,30.895
4865,2.955,0,30.6125,29.54,30.84
4866,2.95,0,30.5825,29.7175,30.905
4867,2.94,0,30.345,29.6275,31.1275
4868,2.9325,0,30.3875,29.74,31.15
4869,2.92,0,30.18,29.705,31.315
4870,2.9525,0,29.9875,29.7,31.51
4871,2.9475,0,29.75,29.7775,31.64
4872,2.9625,0,29.59,29.815,31.755
4873,2.985,0,29.3975,29.7725,31.8525
4874,3.015,0,29.33,29.59,32.08
4875,3.06,0,29.31,29.56,32.1475
4876,3.0825,0,29.14,29.6075,32.235
4877,3.095,0,29.01,29.5725,32.32
4878,3.145,0,28.835,29.4825,32.48
4879,3.1725,0,28.64,29.435,32.5625
4880,3.18,0,28.54,29.4675,32.7225
4881,3.2225,0,28.335,29.4775,32.9375
4882,3.2175,0,28.245,29.5525,33.03
4883,3.23,0,28.04,29.5175,33.24
4884,3.2425,0,27.875,29.61,33.3875
4885,3.2325,0,27.755,29.565,33.4075
4886,3.245,0,27.5525,29.5725,33.485
4887,3.215,0,27.4975,29.705,33.5425
4888,3.225,0,27.4225,29.865,33.55
4889,3.235,0,27.3525,29.7925,33.66
4890,3.1875,0,27.24,29.87,33.645
4891,3.2275,0,27.2725,29.91,33.74
4892,3.285,0,27.2375,29.77,33.77
4893,3.315,0,27.1675,29.745,33.72
4894,3.3175,0,27.18,29.715,33.78
4895,3.3,0,27.02,29.7675,33.775
4896,3.3125,0,26.9475,29.755,33.93
4897,3.2775,0,26.7775,29.7825,34.135
4898,3.31,0,26.7425,29.7575,34.2725
4899,3.275,0,26.705,29.685,34.3575
4900,3.285,0,26.6625,29.6475,34.5175
4901,3.29,0,26.54,29.5325,34.7425
4902,3.275,0,26.45,29.2975,34.865
4903,3.2525,0,26.3825,29.3725,35.0075
4904,3.245,0,26.425,29.3525,35.1825
4905,3.2475,0,26.4475,29.2,35.2925
4906,3.1875,0,26.485,29.1225,35.3075
4907,3.1875,0,26.4625,29.2225,35.2725
4908,3.135,0,26.4175,29.04,35.5225
4909,3.155,0,26.39,28.9725,35.665
4910,3.1225,0,26.4075,28.945,35.67
4911,3.0725,0,26.39,29.0775,35.69
4912,3.005,0,26.28,29.0525,35.84
4913,2.9675,0,26.1425,29.02,36.0775
4914,2.9275,0,26.185,29.1525,36.1475
4915,2.88,0,26.0675,29.1375,36.1775
4916,2.875,0,26.0575,29.26,36.205
4917,2.8625,0,26.11,29.2025,36.2375
4918,2.85,0,26.005,29.2125,36.245
4919,2.8625,0,26.0675,29.2875,36.0325
4920,2.8175,0,25.935,29.435,36.055
4921,2.8125,0,25.7775,29.4875,36.18
4922,2.79,0,25.59,29.555,36.2225
4923,2.7675,0,25.63,29.65,36.1525
4924,2.7475,0,25.55,29.8925,36.0075
4925,2.7025,0,25.555,30.125,35.96
4926,2.6825,0,25.5575,30.1575,35.8625
4927,2.6925,0,25.605,30.3225,35.75
4928,2.665,0,25.475,30.445,35.6
4929,2.6275,0,25.4425,30.63,35.6325
4930,2.6425,0,25.325,30.755,35.5925
4931,2.61,0,25.3,30.8725,35.5625
4932,2.605,0,25.285,30.93,35.5175
4933,2.62,0,25.235,31.025,35.4425
4934,2.6325,0,25.1325,31.165,35.4325
4935,2.625,0,24.925,31.3125,35.39
4936,2.595,0,24.885,31.4775,35.1275
4937,2.585,0,24.8525,31.555,35.0725
4938,2.57,0,24.78,31.715,35.0975
4939,2.59,0,24.6725,31.795,35
4940,2.615,0,24.54,32.0875,34.885
4941,2.5925,0,24.545,32.275,34.7325
4942,2.5925,0,24.5175,32.405,34.59
4943,2.6625,0,24.425,32.4575,34.4525
4944,2.66,0,24.3575,32.595,34.4475
4945,2.6475,0,24.35,32.64,34.335
4946,2.6325,0,24.43,32.8575,34.1725
4947,2.66,0,24.5025,32.935,33.98
4948,2.6975,0,24.5875,33.0425,33.9475
4949,2.72,0,24.57,33.0375,33.8325
4950,2.7325,0,24.49,33.055,33.74
4951,2.78,0,24.57,33.1525,33.6875
4952,2.82,0,24.4825,33.3125,33.61
4953,2.86,0,24.43,33.3225,33.415
4954,2.915,0,24.5025,33.3025,33.275
4955,2.96,0,24.5625,33.2675,33.0975
4956,3,0,24.6075,33.26,33.08
4957,3.0425,0,24.5875,33.3925,32.8975
4958,3.125,0,24.765,33.5,32.6875
4959,3.155,0,24.775,33.44,32.58
4960,3.2125,0,24.8125,33.44,32.3525
4961,3.2425,0,24.89,33.535,32.355
4962,3.26,0,24.995,33.5975,32.165
4963,3.25,0,25.0925,33.7275,31.9575
4964,3.2975,0,25.12,33.795,31.8275
4965,3.3175,0,25.37,33.6975,31.645
4966,3.355,0,25.3625,33.7575,31.5825
4967,3.3975,0,25.41,33.725,31.335
4968,3.4275,0,25.515,33.7575,31.315
4969,3.445,0,25.6025,33.7025,31.235
4970,3.4725,0,25.815,33.535,31.1825
4971,3.4925,0,26.04,33.44,30.925
4972,3.5,0,26.23,33.4525,30.815
4973,3.5425,0,26.2925,33.4025,30.68
4974,3.62,0,26.2825,33.3675,30.6475
4975,3.6325,0,26.4225,33.365,30.5625
4976,3.67,0,26.5125,33.285,30.34
4977,3.7425,0,26.715,33.155,30.3
4978,3.7925,0,26.7425,33.0575,30.1975
4979,3.8225,0,26.8875,32.97,30.1325
4980,3.8675,0,26.9225,32.96,30.09
4981,3.94,0,27.0975,32.835,30.115
4982,4.01,0,27.255,32.72,29.9925
4983,4.0725,0,27.42,32.6725,29.85
4984,4.0825,0,27.4175,32.55,29.815
4985,4.13,0,27.58,32.455,29.7325
4986,4.145,0,27.7175,32.37,29.85
4987,4.18,0,27.785,31.995,29.8325
4988,4.2075,0,28.18,31.8575,29.84
4989,4.23,0,28.29,31.555,29.935
4990,4.27,0,28.6125,31.465,29.76
4991,4.265,0,28.685,31.2975,29.685
4992,4.2925,0,28.89,31.33,29.665
4993,4.3,0,29.0975,31.0625,29.5725
4994,4.345,0,29.2525,30.905,29.5725
4995,4.33,0,29.37,30.7675,29.3875
4996,4.33,0,29.5275,30.635,29.3725
4997,4.42,0,29.755,30.4175,29.4475
4998,4.415,0,29.9275,30.275,29.3525
4999,4.4275,0,30.0625,30.1025,29.355
5000,4.425,0,30.255,29.99,29.2375
5001,4.435,0,30.415,29.9275,29.2275
5002,4.4325,0,30.5075,29.7475,29.385
5003,4.4275,0,30.6825,29.605,29.32
5004,4.365,0,30.645,29.5875,29.365
5005,4.415,0,30.65,29.4175,29.4775
5006,4.3725,0,30.73,29.365,29.5525
5007,4.345,0,30.6725,29.5775,29.4775
5008,4.3375,0,30.61,29.53,29.4825
5009,4.3125,0,30.7175,29.53,29.45
5010,4.28,0,30.55,29.465,29.695
5011,4.265,0,30.5625,29.3475,29.8125
5012,4.2425,0,30.46,29.475,29.8575
5013,4.255,0,30.5375,29.325,29.9725
5014,4.2175,0,30.52,29.2725,30.0175
5015,4.2,0,30.4525,29.2775,30.045
5016,4.21,0,30.48,29.3075,30.125
5017,4.1325,0,30.35,29.36,30.1775
5018,4.0975,0,30.3225,29.4175,30.27
5019,4.0575,0,30.26,29.3875,30.49
5020,4.0675,0,30.1875,29.215,30.6375
5021,4.0175,0,30.14,29.1475,30.7
5022,3.97,0,29.9775,29.235,30.8875
5023,3.905,0,29.7575,29.225,30.98
5024,3.9125,0,29.69,29.2275,31.0975
5025,3.91,0,29.53,29.37,31.2075
5026,3.8225,0,29.295,29.47,31.28
5027,3.7325,0,29.3125,29.5275,31.3325
5028,3.6925,0,29.205,29.5575,31.445
5029,3.64,0,29.1275,29.605,31.585
5030,3.6225,0,29.105,29.685,31.62
5031,3.5725,0,28.96,29.71,31.6375
5032,3.505,0,28.9475,29.8225,31.67
5033,3.5175,0,28.865,29.6875,31.8975
5034,3.4775,0,28.8525,29.8375,31.9175
5035,3.425,0,28.8125,29.7775,31.7875
5036,3.4225,0,28.555,29.9025,31.89
5037,3.3975,0,28.3975,30.035,32.0575
5038,3.345,0,28.265,30.1975,31.995
5039,3.295,0,28.225,30.365,31.885
5040,3.3625,0,28.145,30.4975,31.8575
5041,3.345,0,28.0525,30.7075,31.8625
5042,3.2925,0,27.9375,30.62,31.955
5043,3.285,0,27.795,30.76,32.12
5044,3.295,0,27.715,30.7775,32.265
5045,3.2125,0,27.69,30.8225,32.18
5046,3.2325,0,27.68,30.9825,32.33
5047,3.1975,0,27.53,31.0725,32.325
5048,3.1725,0,27.405,31.06,32.43
5049,3.1575,0,27.38,30.9725,32.3625
5050,3.1975,0,27.32,31.0475,32.35
5051,3.185,0,27.315,31.09,32.3625
5052,3.1725,0,27.35,31.0725,32.5175
5053,3.14,0,27.1625,31.235,32.43
5054,3.15,0,27.11,31.4175,32.425
5055,3.1625,0,26.9825,31.3425,32.4625
5056,3.1575,0,27.01,31.44,32.4925
5057,3.145,0,26.9,31.55,32.3525
5058,3.1325,0,26.8375,31.725,32.42
5059,3.1525,0,26.595,31.89,32.5125
5060,3.17,0,26.3925,31.995,32.4125
5061,3.1575,0,26.31,31.98,32.46
5062,3.165,0,26.315,32.055,32.2675
5063,3.19,0,26.2475,32.1925,32.2725
5064,3.2125,0,26.0025,32.3275,32.3225
5065,3.2275,0,26.0925,32.4275,32.3225
5066,3.2125,0,26.07,32.5275,32.2475
5067,3.195,0,25.86,32.655,32.255
5068,3.21,0,25.89,32.7975,32.1375
5069,3.23,0,25.8325,32.9575,31.975
5070,3.215,0,25.8175,33.1125,31.8375
5071,3.225,0,25.8325,33.275,31.7925
5072,3.2175,0,25.7325,33.3325,31.7075
5073,3.2,0,25.78,33.475,31.6425
5074,3.125,0,25.6075,33.5975,31.435
5075,3.1525,0,25.615,33.71,31.4125
5076,3.1275,0,25.5375,33.99,31.2425
5077,3.1525,0,25.35,34.2,31.0775
5078,3.1325,0,25.39,34.4575,30.9225
5079,3.1375,0,25.4,34.53,30.7725
5080,3.1425,0,25.38,34.63,30.76
5081,3.1375,0,25.2425,34.7125,30.6525
5082,3.135,0,25.2925,34.9275,30.52
5083,3.165,0,25.2575,34.985,30.4125
5084,3.185,0,25.3175,35.13,30.2175
5085,3.2325,0,25.3125,35.245,30.2925
5086,3.27,0,25.32,35.2625,29.985
5087,3.3175,0,25.425,35.33,29.835
5088,3.325,0,25.305,35.535,29.8725
5089,3.41,0,25.375,35.575,29.815
5090,3.4425,0,25.3175,35.66,29.695
5091,3.455,0,25.2325,35.695,29.5725
5092,3.505,0,25.0825,35.65,29.5175
5093,3.5775,0,25.185,35.7525,29.4075
5094,3.595,0,25.2125,35.7225,29.4675
5095,3.63,0,25.235,35.6725,29.295
5096,3.65,0,25.2425,35.6775,29.1725
5097,3.66,0,25.1525,35.8225,29.21
5098,3.675,0,25.245,35.88,29.0325
5099,3.695,0,25.1575,35.92,29.015
5100,3.71,0,25.165,36.0375,29.0475
5101,3.785,0,25.255,35.9625,28.8775
5102,3.82,0,25.355,35.95,28.8575
5103,3.8425,0,25.37,36.0125,28.54
5104,3.89,0,25.41,36.0375,28.5575
5105,3.8975,0,25.64,35.955,28.5175
5106,3.935,0,25.7125,35.96,28.3375
5107,3.975,0,25.7125,35.9125,28.2475
5108,4.04,0,25.6925,35.9475,28.225
5109,4.0825,0,25.7325,35.8325,28.1325
5110,4.1075,0,25.9325,35.63,28.045
5111,4.1125,0,26.0225,35.685,28.06
5112,4.17,0,25.9875,35.3875,28.1025
5113,4.235,0,26.0925,35.36,28.085
5114,4.2875,0,26.265,35.1675,28.0675
5115,4.34,0,26.4525,35.1925,28.055
5116,4.395,0,26.6125,34.9075,28.035
5117,4.4575,0,26.5475,34.7475,28.0575
5118,4.4875,0,26.615,34.6025,28.205
5119,4.5375,0,26.69,34.405,28.2225
5120,4.605,0,26.8025,34.29,28.4125
5121,4.6275,0,26.9575,33.99,28.425
5122,4.74,0,27.205,33.6775,28.34
5123,4.815,0,27.49,33.315,28.415
5124,4.8575,0,27.6325,33.03,28.545
5125,4.9625,0,27.5675,32.69,28.74
5126,4.9975,0,27.5425,32.5225,28.865
5127,5.0825,0,27.49,32.3625,28.9275
5128,5.155,0,27.555,32.23,28.9625
5129,5.26,0,27.6875,31.9275,29.0675
5130,5.36,0,27.7375,31.765,29.0275
5131,5.4225,0,27.7375,31.585,29.185
5132,5.46,0,27.75,31.2625,29.2425
5133,5.54,0,28.0225,31.1225,29.2675
5134,5.575,0,28.1375,30.9175,29.41
5135,5.64,0,28.0875,30.635,29.485
5136,5.6475,0,28.2125,30.495,29.425
5137,5.7175,0,28.1925,30.525,29.4925
5138,5.77,0,28.27,30.2325,29.645
5139,5.7925,0,28.3475,30.005,29.8575
5140,5.7525,0,28.36,29.915,30.075
5141,5.7875,0,28.3325,29.75,30.1425
5142,5.7575,0,28.1925,29.645,30.3375
5143,5.805,0,28.145,29.445,30.605
5144,5.8225,0,28.2675,29.32,30.845
5145,5.795,0,28.215,29.1225,31.055
5146,5.855,0,28.24,28.785,31.135
5147,5.8675,0,28.31,28.62,31.3325
5148,5.8525,0,28.3,28.53,31.5125
5149,5.885,0,28.1375,28.375,31.6225
5150,5.895,0,28.17,28.2125,31.7125
5151,5.9175,0,28.065,28.23,31.7675
5152,5.8625,0,27.9425,28.27,31.8825
5153,5.83,0,27.86,28.2875,31.945
5154,5.79,0,27.765,28.43,32.055
5155,5.8425,0,27.67,28.3325,32.1575
5156,5.79,0,27.5225,28.275,32.1725
5157,5.805,0,27.52,28.265,32.3825
5158,5.85,0,27.31,28.3525,32.58
5159,5.8775,0,27.255,28.2525,32.6075
5160,5.795,0,27.1425,28.305,32.6975
5161,5.795,0,26.93,28.3025,32.7725
5162,5.8025,0,26.875,28.535,32.83
5163,5.7875,0,26.885,28.5625,32.97
5164,5.745,0,26.7225,28.5225,33.04
5165,5.7825,0,26.485,28.6325,33.195
5166,5.8025,0,26.47,28.5975,33.22
5167,5.765,0,26.38,28.645,33.375
5168,5.77,0,26.2625,28.6,33.455
5169,5.73,0,26.19,28.5775,33.535
5170,5.7075,0,26.0775,28.7025,33.45
5171,5.6625,0,25.975,28.6425,33.5675
5172,5.6525,0,25.9125,28.71,33.7375
5173,5.6175,0,25.82,28.73,33.7675
5174,5.595,0,25.6675,28.75,33.855
5175,5.515,0,25.4675,28.9125,34.0975
5176,5.555,0,25.3525,28.89,34.1475
5177,5.55,0,25.2575,29.03,34.315
5178,5.49,0,25.185,29.13,34.36
5179,5.42,0,25.02,29.075,34.3475
5180,5.365,0,24.88,29.0875,34.47
5181,5.3375,0,24.65,29.255,34.6675
5182,5.3025,0,24.39,29.4,34.64
5183,5.275,0,24.185,29.6175,34.7675
5184,5.295,0,24.0925,29.685,34.7825
5185,5.265,0,23.895,29.715,34.865
5186,5.21,0,23.795,29.8,34.925
5187,5.2875,0,23.61,29.8475,34.92
5188,5.27,0,23.495,29.86,34.8725
5189,5.28,0,23.38,30.02,34.72
5190,5.2525,0,23.39,30.1875,34.7575
5191,5.2325,0,23.335,30.14,34.87
5192,5.185,0,23.315,30.21,34.78
5193,5.2175,0,23.31,30.3675,34.745
5194,5.2275,0,23.1725,30.455,34.7425
5195,5.305,0,23.13,30.5125,34.7725
5196,5.3075,0,23.1075,30.55,34.6075
5197,5.325,0,22.975,30.545,34.6525
5198,5.31,0,23.1025,30.62,34.63
5199,5.32,0,23.1275,30.635,34.6
5200,5.3225,0,23.125,30.6775,34.5125
5201,5.3375,0,23.0575,30.725,34.295
5202,5.3725,0,23.18,30.8525,34.125
5203,5.33,0,23.1625,30.915,34.03
5204,5.285,0,23.2575,30.91,34.015
5205,5.2475,0,23.4075,31.21,33.8525
5206,5.2525,0,23.5675,31.0825,33.625
5207,5.2675,0,23.7125,31.2075,33.4425
5208,5.33,0,23.6425,31.3125,33.345
5209,5.35,0,23.7125,31.3125,33.2475
5210,5.3875,0,23.6875,31.5525,33.05
5211,5.3625,0,23.7275,31.6175,32.9
5212,5.3675,0,23.9325,31.6975,32.725
5213,5.4175,0,23.8175,31.8375,32.64
5214,5.47,0,23.7075,31.735,32.595
5215,5.47,0,23.6775,31.905,32.6075
5216,5.485,0,23.7325,31.925,32.5475
5217,5.5025,0,23.7175,32.0175,32.56
5218,5.52,0,23.68,32.075,32.4375
5219,5.47,0,23.7025,32.18,32.4875
5220,5.4425,0,23.635,32.28,32.44
5221,5.435,0,23.725,32.1975,32.435
5222,5.35,0,23.755,32.325,32.39
5223,5.3125,0,23.7175,32.365,32.3925
5224,5.255,0,23.8575,32.2575,32.2525
5225,5.2075,0,23.9,32.425,32.0175
5226,5.2225,0,24.18,32.4425,31.9825
5227,5.19,0,24.1075,32.54,32.09
5228,5.1675,0,24.2425,32.3775,32.14
5229,5.1275,0,24.22,32.305,31.96
5230,5.1325,0,24.3225,32.2125,31.9725
5231,5.1575,0,24.355,32.115,31.915
5232,5.2375,0,24.295,32.205,31.88
5233,5.225,0,24.165,32.4125,31.8275
5234,5.2125,0,24.1775,32.3125,31.825
5235,5.1925,0,24.17,32.3475,31.85
5236,5.2075,0,24.135,32.3675,31.82
5237,5.2875,0,24.1375,32.335,31.86
5238,5.275,0,24.2825,32.3275,31.76
5239,5.295,0,24.3075,32.22,31.6775
5240,5.3,0,24.385,32.24,31.6325
5241,5.33,0,24.63,32.225,31.57
5242,5.3275,0,24.5575,32.47,31.33
5243,5.37,0,24.71,32.3025,31.34
5244,5.38,0,24.88,32.255,31.2375
5245,5.395,0,24.7625,32.17,31.2225
5246,5.4425,0,24.6975,32.2075,31.2075
5247,5.42,0,24.81,32.1975,31.1575
5248,5.425,0,24.82,32.1525,31.22
5249,5.4525,0,24.97,32.1575,30.8875
5250,5.5425,0,25.0325,32.185,30.8775
5251,5.6075,0,25.1075,31.97,30.8275
5252,5.6325,0,25.2375,32.03,30.68
5253,5.7,0,25.3875,32.045,30.465
5254,5.74,0,25.4425,31.9075,30.42
5255,5.8025,0,25.5575,31.845,30.435
5256,5.8275,0,25.67,31.7525,30.2125
5257,5.86,0,25.7175,31.815,30.1175
5258,5.875,0,25.865,31.565,30.0425
5259,5.8875,0,25.8675,31.69,30.025
5260,5.89,0,25.7975,31.7,29.895
5261,5.9625,0,26.055,31.7325,29.6775
5262,6.0225,0,26.225,31.6125,29.75
5263,6.005,0,26.265,31.73,29.625
5264,6.0325,0,26.37,31.565,29.575
5265,6.1025,0,26.3675,31.6,29.4375
5266,6.075,0,26.4925,31.5625,29.4
5267,6.1375,0,26.6575,31.4925,29.345
5268,6.16,0,26.76,31.3525,29.3775
5269,6.1725,0,26.77,31.195,29.255
5270,6.2275,0,26.84,31.12,29.2
5271,6.2625,0,26.895,31.1175,29.2325
5272,6.27,0,27.005,31.205,29.1425
5273,6.365,0,26.955,31.165,29.05
5274,6.4375,0,26.9975,31.0425,29.115
5275,6.475,0,27.0375,31.1325,29.18
5276,6.5225,0,27.0675,31.165,29.12
5277,6.5125,0,27.0175,31.145,28.9825
5278,6.475,0,27.015,31.1575,29.0575
5279,6.4125,0,27.0575,31.07,29.085
5280,6.4775,0,26.9775,31.0925,29.1325
5281,6.4775,0,26.98,31.025,29.1275
5282,6.495,0,26.9825,31.0575,29.2075
5283,6.5225,0,26.77,31.15,29.16
5284,6.49,0,26.765,31.185,29.29
5285,6.52,0,26.6425,31.0725,29.3425
5286,6.5125,0,26.6275,31.1425,29.5
5287,6.5225,0,26.46,31.12,29.6125
5288,6.5125,0,26.4425,31.0025,29.5875
5289,6.4625,0,26.41,31.0125,29.7675
5290,6.4525,0,26.4025,31.0475,29.8575
5291,6.4,0,26.255,30.9575,30.0425
5292,6.395,0,26.145,30.84,30.1175
5293,6.36,0,26,30.7425,30.185
5294,6.36,0,26.035,30.535,30.2925
5295,6.325,0,26.115,30.5225,30.4875
5296,6.355,0,26.13,30.54,30.58
5297,6.31,0,26.1575,30.3425,30.605
5298,6.3475,0,26.1225,30.3725,30.68
5299,6.305,0,26.1875,30.4125,30.84
5300,6.315,0,26.1125,30.28,30.8425
5301,6.29,0,26.115,30.245,30.8425
5302,6.26,0,26.18,30.2825,30.8825
5303,6.24,0,26.1375,30.3725,31.0925
5304,6.195,0,26.12,30.2,31.1625
5305,6.19,0,26.2175,30.1125,31.175
5306,6.1825,0,26.365,29.9425,31.24
5307,6.07,0,26.42,29.8,31.21
5308,6.045,0,26.485,29.68,31.4275
5309,6.0525,0,26.5075,29.645,31.52
5310,5.9925,0,26.4575,29.6775,31.515
5311,5.9425,0,26.555,29.55,31.6625
5312,5.935,0,26.465,29.6,31.7025
5313,5.93,0,26.49,29.3675,31.8125
5314,5.875,0,26.4925,29.2775,31.8225
5315,5.8375,0,26.4675,29.36,31.915
5316,5.825,0,26.465,29.37,32.0225
5317,5.8125,0,26.55,29.43,31.915
5318,5.775,0,26.6025,29.4475,31.8625
5319,5.7375,0,26.6575,29.4275,31.815
5320,5.6775,0,26.5725,29.555,31.7275
5321,5.61,0,26.5675,29.63,31.92
5322,5.59,0,26.6125,29.5425,31.9175
5323,5.5575,0,26.62,29.7325,31.88
5324,5.54,0,26.6375,29.765,31.92
5325,5.52,0,26.68,29.7725,31.885
5326,5.5375,0,26.6225,29.765,31.8325
5327,5.525,0,26.5925,29.7675,31.7825
5328,5.5125,0,26.625,29.775,31.805
5329,5.4825,0,26.5825,29.765,31.7625
5330,5.4425,0,26.75,29.8675,31.8525
5331,5.41,0,26.7125,29.8875,31.7675
5332,5.3625,0,26.695,29.8025,31.87
5333,5.3625,0,26.8975,29.805,31.8575
5334,5.4025,0,26.78,29.6525,31.9325
5335,5.3825,0,26.87,29.6975,31.8325
5336,5.32,0,26.8125,29.7575,31.8725
5337,5.3275,0,26.905,29.6975,31.8475
5338,5.265,0,26.925,29.7125,31.9125
5339,5.17,0,26.995,29.655,31.9375
5340,5.115,0,26.995,29.71,31.9625
5341,5.0375,0,26.9675,29.8375,32.0125
5342,4.9675,0,26.9825,29.9075,31.9975
5343,4.92,0,26.935,29.9025,32.1225
5344,4.9275,0,26.8625,29.9625,32.1
5345,4.9075,0,26.99,30.015,32.0775
5346,4.89,0,26.9925,29.9125,32.0425
5347,4.8675,0,26.895,29.905,32.0375
5348,4.89,0,27.005,29.9475,31.985
5349,4.87,0,26.88,30.0125,32.01
5350,4.8725,0,26.9725,30.065,31.9975
5351,4.835,0,26.8525,30.21,32.0275
5352,4.8375,0,26.805,30.2,32.0825
5353,4.8375,0,26.8325,30.185,32.2025
5354,4.82,0,26.6775,30.1175,32.13
5355,4.805,0,26.5225,30.1325,32.18
5356,4.8325,0,26.5475,30.13,32.1925
5357,4.83,0,26.4725,30.08,32.2875
5358,4.8675,0,26.405,30.115,32.5
5359,4.925,0,26.39,30.1775,32.53
5360,4.9075,0,26.335,30,32.515
5361,4.9625,0,26.2175,30.0175,32.58
5362,4.93,0,26.23,30.0475,32.66
5363,4.9525,0,26.16,30.1225,32.805
5364,4.9575,0,26.0375,29.9475,32.995
5365,4.9425,0,26.0225,29.9525,33.01
5366,4.925,0,26.0625,29.97,33.05
5367,4.9425,0,25.885,29.845,33.3325
5368,4.96,0,25.8825,29.8175,33.2525
5369,4.9375,0,25.9075,29.82,33.2525
5370,5.03,0,25.98,29.825,33.245
5371,4.9875,0,25.965,29.7375,33.295
5372,4.955,0,26.045,29.8575,33.415
5373,4.9875,0,25.835,29.8475,33.3
5374,5.01,0,25.8175,29.855,33.34
5375,5.0175,0,25.7625,29.8725,33.41
5376,5.03,0,25.78,29.825,33.32
5377,5.0875,0,25.94,29.8325,33.23
5378,5.12,0,25.9475,29.905,33.195
5379,5.14,0,26,29.8425,33.17
5380,5.165,0,26.04,29.895,32.975
5381,5.1975,0,25.905,29.925,33
5382,5.2025,0,26.0125,29.955,32.9575
5383,5.22,0,26.01,29.965,32.91
5384,5.1925,0,26.15,29.94,32.7825
5385,5.165,0,26.15,29.94,32.6425
5386,5.1425,0,26.27,30.005,32.5425
5387,5.1975,0,26.2875,30.0725,32.4575
5388,5.1575,0,26.3975,30.1375,32.4125
5389,5.2075,0,26.4225,30.1425,32.21
5390,5.215,0,26.47,30.005,32.22
5391,5.29,0,26.49,30.23,32.1175
5392,5.3075,0,26.4775,30.1575,32.0225
5393,5.3,0,26.46,30.44,31.78
5394,5.3575,0,26.3725,30.6025,31.735
5395,5.3625,0,26.1825,30.65,31.7625
5396,5.395,0,26.1125,30.835,31.695
5397,5.3775,0,26.105,30.8875,31.625
5398,5.425,0,26.0175,30.88,31.6675
5399,5.43,0,25.9775,31.035,31.5725
5400,5.42,0,25.85,31.17,31.5375
5401,5.4275,0,25.6475,31.335,31.455
5402,5.3975,0,25.5775,31.5425,31.45
5403,5.4175,0,25.5325,31.5075,31.4925
5404,5.44,0,25.5125,31.6225,31.3775
5405,5.47,0,25.495,31.68,31.15
5406,5.4875,0,25.375,31.735,31.2475
5407,5.475,0,25.3225,31.765,31.4075
5408,5.45,0,25.22,31.83,31.4925
5409,5.48,0,25.04,31.845,31.425
5410,5.58,0,24.955,31.9,31.4
5411,5.59,0,24.78,31.905,31.515
5412,5.605,0,24.8275,32.025,31.6325
5413,5.6675,0,24.7775,32.1275,31.5875
5414,5.6575,0,24.8625,32.135,31.6375
5415,5.64,0,24.735,32.0325,31.6275
5416,5.6375,0,24.6475,32.0975,31.7575
5417,5.6075,0,24.4925,32.2,31.8825
5418,5.615,0,24.3875,32.24,31.8075
5419,5.67,0,24.2725,32.3325,31.755
5420,5.675,0,24.2825,32.325,31.7475
5421,5.655,0,24.1275,32.34,31.7025
5422,5.6825,0,24.12,32.47,31.7475
5423,5.6675,0,24.0275,32.5375,31.895
5424,5.69,0,23.995,32.575,31.845
5425,5.735,0,23.8125,32.55,31.8375
5426,5.725,0,23.7675,32.7675,31.8325
5427,5.6825,0,23.705,32.875,31.8075
5428,5.66,0,23.725,32.8575,31.7875
5429,5.68,0,23.675,32.8475,31.785
5430,5.6875,0,23.6775,32.8875,31.805
5431,5.7125,0,23.6075,33.0025,31.6975
5432,5.6575,0,23.6075,32.99,31.7375
5433,5.6475,0,23.6875,32.9775,31.775
5434,5.675,0,23.6725,33.0525,31.72
5435,5.7,0,23.6925,32.9975,31.7175
5436,5.64,0,23.76,32.8575,31.68
5437,5.645,0,23.835,32.8175,31.7725
5438,5.7,0,23.935,32.7525,31.68
5439,5.6675,0,23.9125,32.78,31.6925
5440,5.72,0,23.9025,32.8325,31.6875
5441,5.7475,0,23.9475,32.865,31.6875
5442,5.735,0,23.9125,32.8325,31.4625
5443,5.75,0,24.0375,32.8775,31.3775
5444,5.795,0,24.2625,32.8525,31.3475
5445,5.83,0,24.445,32.835,31.125
5446,5.7525,0,24.4125,32.8175,31.02
5447,5.7975,0,24.39,32.7525,31.0675
5448,5.8225,0,24.5,32.7975,31.085
5449,5.825,0,24.5325,32.7375,30.955
5450,5.7825,0,24.665,32.7375,30.9325
5451,5.77,0,24.76,32.8275,30.935
5452,5.805,0,24.86,32.66,30.8125
5453,5.735,0,25.085,32.595,30.8525
5454,5.665,0,25.065,32.5275,30.755
5455,5.725,0,25.1375,32.6175,30.7325
5456,5.69,0,25.255,32.5125,30.7825
5457,5.7,0,25.2975,32.3725,30.7325
5458,5.6725,0,25.5275,32.3575,30.585
5459,5.655,0,25.575,32.45,30.5275
5460,5.665,0,25.635,32.265,30.58
5461,5.63,0,25.6975,32.325,30.5025
5462,5.6425,0,25.5925,32.395,30.5075
5463,5.68,0,25.62,32.42,30.485
5464,5.725,0,25.5175,32.455,30.3425
5465,5.7525,0,25.595,32.4425,30.4375
5466,5.78,0,25.605,32.425,30.26
5467,5.815,0,25.645,32.4775,30.215
5468,5.8375,0,25.725,32.4625,30.135
5469,5.9125,0,25.6775,32.345,30.1375
5470,5.8725,0,25.785,32.44,30.0925
5471,5.845,0,25.835,32.4225,29.9325
5472,5.835,0,25.7675,32.41,29.885
5473,5.845,0,25.825,32.4575,29.64
5474,5.8725,0,25.8825,32.4525,29.6025
5475,5.92,0,25.9725,32.635,29.5425
5476,5.93,0,25.97,32.6425,29.61
5477,5.9925,0,25.97,32.6725,29.58
5478,5.9675,0,26.185,32.52,29.5125
5479,6.045,0,26.135,32.25,29.5275
5480,6.08,0,26.23,32.36,29.3625
5481,6.125,0,26.2325,32.3725,29.34
5482,6.165,0,26.3,32.18,29.3725
5483,6.155,0,26.275,32.0475,29.4725
5484,6.255,0,26.335,32.1425,29.6525
5485,6.2325,0,26.4,31.785,29.5525
5486,6.2425,0,26.425,31.735,29.375
5487,6.325,0,26.5875,31.605,29.4575
5488,6.3975,0,26.7725,31.5275,29.5625
5489,6.395,0,26.81,31.24,29.6575
5490,6.46,0,26.8925,31.1775,29.735
5491,6.5575,0,26.935,31.1325,29.6725
5492,6.6125,0,27.0025,30.94,29.63
5493,6.625,0,27.1025,30.7175,29.645
5494,6.605,0,27.1725,30.555,29.6475
5495,6.6725,0,27.2825,30.4875,29.71
5496,6.7025,0,27.3125,30.385,29.685
5497,6.6875,0,27.325,30.085,29.755
5498,6.665,0,27.3575,30.1725,29.91
5499,6.695,0,27.395,30.2175,29.865
5500,6.685,0,27.385,30.0975,29.9675
5501,6.7025,0,27.36,29.9825,29.93
5502,6.7275,0,27.4,29.9075,29.98
5503,6.78,0,27.295,29.92,30.1925
5504,6.7925,0,27.4325,29.7575,30.28
5505,6.7875,0,27.495,29.61,30.195
5506,6.795,0,27.4675,29.4475,30.3625
5507,6.8025,0,27.405,29.35,30.28
5508,6.835,0,27.425,29.33,30.605
5509,6.8675,0,27.43,29.2,30.5675
5510,6.9,0,27.58,29.105,30.6875
5511,6.945,0,27.575,29.02,30.7525
5512,6.995,0,27.5225,28.855,30.955
5513,6.96,0,27.32,28.8575,31.0775
5514,6.88,0,27.285,28.96,31.2175
5515,6.965,0,27.2575,28.6625,31.2925
5516,6.93,0,27.305,28.6725,31.2825
5517,6.885,0,27.325,28.68,31.3025
5518,6.9375,0,27.235,28.5275,31.325
5519,6.945,0,27.185,28.5575,31.4
5520,6.9525,0,27.2925,28.6275,31.3625
5521,6.8825,0,27.275,28.51,31.4975
5522,6.8975,0,27.2325,28.59,31.4375
5523,6.88,0,27.2075,28.48,31.365
5524,6.895,0,27.235,28.495,31.46
5525,6.91,0,27.0775,28.44,31.555
5526,6.955,0,27.0675,28.36,31.62
5527,6.8975,0,27.0325,28.4275,31.64
5528,6.8625,0,26.9375,28.39,31.7275
5529,6.8325,0,26.8175,28.49,31.8075
5530,6.855,0,26.7025,28.4675,32.01
5531,6.905,0,26.4425,28.5175,32.0675
5532,6.915,0,26.41,28.5175,32.1175
5533,6.95,0,26.475,28.6475,32.1775
5534,6.965,0,26.345,28.6625,32.2125
5535,7.0825,0,26.2475,28.7025,32.465
5536,7.06,0,26.0725,28.595,32.425
5537,7.045,0,25.9975,28.6975,32.475
5538,7.1125,0,25.855,28.7,32.5325
5539,7.1525,0,25.625,28.675,32.56
5540,7.1475,0,25.52,28.77,32.585
5541,7.13,0,25.455,28.795,32.7425
5542,7.115,0,25.3225,28.9375,32.765
5543,7.1325,0,25.1325,29.08,32.88
5544,7.1175,0,25.13,29.24,32.94
5545,7.1025,0,25.11,29.3125,32.76
5546,7.08,0,24.88,29.325,32.705
5547,7.1225,0,24.8725,29.35,32.735
5548,7.1325,0,24.835,29.475,32.7525
5549,7.1425,0,24.62,29.595,32.7225
5550,7.12,0,24.59,29.5675,32.7025
5551,7.095,0,24.4025,29.8425,32.675
5552,7.0675,0,24.5,29.9425,32.71
5553,7.0175,0,24.37,30.0075,32.72
5554,6.9775,0,24.315,30.045,32.7375
5555,7.0375,0,24.155,30.0475,32.84
5556,6.9775,0,24.0425,30.1375,32.8375
5557,6.9025,0,24.015,30.26,32.79
5558,6.915,0,24.03,30.4,32.76
5559,6.8825,0,24.045,30.48,32.785
5560,6.905,0,23.98,30.39,32.83
5561,6.8775,0,24.0275,30.4725,32.7825
5562,6.83,0,23.9575,30.61,32.7475
5563,6.7375,0,23.915,30.71,32.7425
5564,6.69,0,23.9,30.7075,32.7
5565,6.7,0,23.92,30.7575,32.71
5566,6.6925,0,23.9,30.6525,32.8275
5567,6.6725,0,23.83,30.795,32.7525
5568,6.67,0,23.8475,30.6675,32.79
5569,6.6525,0,23.6775,30.8775,32.705
5570,6.6125,0,23.6575,30.98,32.6025
5571,6.6475,0,23.685,31.1425,32.4775
5572,6.5825,0,23.585,31.2525,32.605
5573,6.5375,0,23.66,31.5125,32.4475
5574,6.4975,0,23.6,31.5475,32.43
5575,6.4725,0,23.605,31.64,32.5075
5576,6.43,0,23.5325,31.8,32.34
5577,6.445,0,23.535,31.665,32.1925
5578,6.3975,0,23.565,31.6325,32.275
5579,6.3825,0,23.7625,31.7775,32.115
5580,6.32,0,23.775,31.9775,31.92
5581,6.3675,0,23.7675,32.06,31.6425
5582,6.37,0,23.875,32.17,31.575
5583,6.3325,0,23.8425,32.235,31.49
5584,6.27,0,23.8625,32.225,31.4475
5585,6.225,0,24.01,32.3,31.2825
5586,6.25,0,24.045,32.255,31.3175
5587,6.215,0,24.1,32.475,31.2525
5588,6.1925,0,24.19,32.4875,31.1425
5589,6.13,0,24.2775,32.4775,31.2025
5590,6.1975,0,24.265,32.565,31.0575
5591,6.235,0,24.2825,32.6075,31.03
5592,6.22,0,24.2725,32.5,30.9325
5593,6.2925,0,24.3575,32.495,30.8075
5594,6.3125,0,24.485,32.6025,30.59
5595,6.3225,0,24.61,32.74,30.6
5596,6.2725,0,24.725,32.9175,30.36
5597,6.215,0,24.835,32.7425,30.3025
5598,6.2475,0,25.0075,32.7,30.1475
5599,6.24,0,25.0375,32.68,30.07
5600,6.26,0,25.1675,32.555,30.0025
5601,6.28,0,25.3075,32.6025,29.91
5602,6.26,0,25.4275,32.515,29.8175
5603,6.2275,0,25.5725,32.4825,29.7575
5604,6.2025,0,25.5675,32.4475,29.7575
5605,6.1975,0,25.515,32.5375,29.8775
5606,6.13,0,25.65,32.4975,29.795
5607,6.17,0,25.6675,32.4925,29.755
5608,6.13,0,25.735,32.565,29.5575
5609,6.15,0,25.7925,32.41,29.5025
5610,6.17,0,25.855,32.3025,29.495
5611,6.1725,0,25.8525,32.3675,29.41
5612,6.185,0,25.9775,32.4725,29.4525
5613,6.1575,0,26.1025,32.32,29.4375
5614,6.165,0,26.225,32.2475,29.395
5615,6.1725,0,26.3725,32.1975,29.4175
5616,6.1825,0,26.4175,32.0675,29.2975
5617,6.1725,0,26.485,31.9875,29.345
5618,6.2425,0,26.56,31.9375,29.37
5619,6.26,0,26.4825,31.9675,29.39
5620,6.33,0,26.575,31.79,29.3575
5621,6.3225,0,26.6625,31.6825,29.35
5622,6.31,0,26.6725,31.5475,29.5075
5623,6.3225,0,26.78,31.42,29.4225
5624,6.29,0,26.7925,31.365,29.4325
5625,6.3475,0,27.0075,31.22,29.49
5626,6.39,0,27.045,30.875,29.6075
5627,6.3675,0,27.04,30.79,29.6225
5628,6.425,0,27.1675,30.6175,29.6725
5629,6.4475,0,27.305,30.53,29.85
5630,6.4075,0,27.345,30.3025,29.9075
5631,6.3975,0,27.3525,30.205,30.0075
5632,6.345,0,27.4375,30.15,30.185
5633,6.3575,0,27.3875,30.165,30.025
5634,6.3125,0,27.38,29.9075,30.245
5635,6.2825,0,27.3525,29.775,30.3975
5636,6.2625,0,27.31,29.7425,30.4525
5637,6.225,0,27.365,29.775,30.5325
5638,6.27,0,27.3625,29.64,30.535
5639,6.2775,0,27.4225,29.535,30.58
5640,6.2225,0,27.5675,29.5,30.6725
5641,6.2325,0,27.5325,29.4175,30.705
5642,6.2175,0,27.605,29.2375,30.815
5643,6.1575,0,27.685,29.25,30.8875
5644,6.2,0,27.6575,29.0525,31.0025
5645,6.1875,0,27.7475,29.06,31.06
5646,6.24,0,27.6975,29.055,31.055
5647,6.29,0,27.695,29.03,31.025
5648,6.22,0,27.485,29.0575,31.2075
5649,6.15,0,27.6025,29.05,31.345
5650,6.075,0,27.585,28.8625,31.5
5651,6,0,27.615,28.9,31.525
5652,5.9525,0,27.5425,28.7325,31.72
5653,5.9925,0,27.5275,28.7825,31.9225
5654,5.93,0,27.4025,28.7675,31.9525
5655,5.8775,0,27.2925,28.74,31.9925
5656,5.9075,0,27.3125,28.68,32.0725
5657,5.85,0,27.265,28.8125,32.1625
5658,5.8575,0,27.1575,28.775,32.3175
5659,5.79,0,27.1325,28.835,32.345
5660,5.6625,0,26.9925,28.985,32.4475
5661,5.67,0,26.895,28.9425,32.6675
5662,5.6,0,26.795,29.0325,32.75
5663,5.5775,0,26.8125,29.095,32.7875
5664,5.4775,0,26.6475,29.065,32.905
5665,5.435,0,26.29,29.16,33.075
5666,5.405,0,26.2425,29.175,33.3675
5667,5.3575,0,25.9175,29.21,33.37
5668,5.295,0,25.75,29.385,33.495
5669,5.2475,0,25.6025,29.47,33.5775
5670,5.2625,0,25.3425,29.6475,33.585
5671,5.2825,0,25.17,29.82,33.63
5672,5.255,0,24.935,29.8225,33.7725
5673,5.2175,0,24.885,29.8875,33.8325
5674,5.2125,0,24.8,29.9675,33.9225
5675,5.1225,0,24.6475,30.075,34.0575
5676,5.12,0,24.615,30.1325,34.035
5677,5.09,0,24.4875,30.1575,34.24
5678,5.0475,0,24.415,30.19,34.2425
5679,5.015,0,24.405,30.315,34.2275
5680,5.0575,0,24.185,30.3075,34.365
5681,5.015,0,24.195,30.4025,34.3825
5682,5.0125,0,24.1,30.415,34.425
5683,4.965,0,23.9325,30.665,34.435
5684,4.9625,0,23.8225,30.7875,34.355
5685,4.935,0,23.7375,30.86,34.44
5686,4.965,0,23.5975,30.8975,34.4
5687,4.9625,0,23.5675,30.965,34.3025
5688,4.92,0,23.445,31.095,34.2725
5689,4.905,0,23.365,31.34,34.3175
5690,4.8575,0,23.2825,31.2175,34.35
5691,4.84,0,23.2525,31.6,34.3275
5692,4.875,0,23.225,31.5775,34.225
5693,4.895,0,23.1175,31.7075,34.12
5694,4.8425,0,23.02,31.61,34.145
5695,4.87,0,23.02,31.63,34.03
5696,4.825,0,23.075,31.795,34.0625
5697,4.8425,0,23.065,31.82,33.8525
5698,4.8775,0,23.065,32,33.875
5699,4.825,0,22.9825,32.105,33.7775
5700,4.85,0,23.1225,32.115,33.67
5701,4.835,0,23.1275,32.2075,33.5
5702,4.84,0,23.31,32.3375,33.23
5703,4.84,0,23.3725,32.53,33.08
5704,4.8925,0,23.215,32.675,33.04
5705,4.8825,0,23.225,32.6875,32.91
5706,4.8825,0,23.2425,32.835,32.8025
5707,4.9375,0,23.18,33.0225,32.675
5708,4.96,0,23.2475,33.085,32.5075
5709,4.9825,0,23.26,33.315,32.29
5710,5.05,0,23.355,33.385,32.1775
5711,5.075,0,23.2675,33.4525,32.04
5712,5.085,0,23.4275,33.465,31.7925
5713,5.09,0,23.5125,33.465,31.6775
5714,5.0975,0,23.6375,33.425,31.605
5715,5.125,0,23.7275,33.5775,31.5125
5716,5.1825,0,23.86,33.6575,31.3075
5717,5.18,0,24.01,33.5575,31.1775
5718,5.2125,0,24.1525,33.62,30.8775
5719,5.2,0,24.1625,33.855,30.5925
5720,5.255,0,24.335,33.9675,30.3475
5721,5.2875,0,24.505,33.9325,30.2275
5722,5.35,0,24.555,33.845,30.27
5723,5.405,0,24.595,33.7775,30.0575
5724,5.4025,0,24.7975,33.84,29.805
5725,5.4575,0,24.965,33.8425,29.6325
5726,5.4775,0,24.9925,33.71,29.61
5727,5.5425,0,25.105,33.7475,29.585
5728,5.5625,0,25.1075,33.5775,29.47
5729,5.59,0,25.3225,33.565,29.24
5730,5.625,0,25.39,33.6275,29.19
5731,5.645,0,25.4225,33.5125,29.0925
5732,5.695,0,25.6,33.7025,28.98
5733,5.72,0,25.6975,33.6725,29.015
5734,5.7725,0,25.7275,33.5725,28.9125
5735,5.8125,0,25.83,33.525,28.735
5736,5.8875,0,25.99,33.3775,28.805
5737,5.885,0,26.1875,33.25,28.7475
5738,5.945,0,26.385,33.055,28.5375
5739,6.01,0,26.4425,32.9575,28.415
5740,6.015,0,26.73,32.8575,28.455
5741,6.07,0,26.8,32.725,28.385
5742,6.07,0,26.9725,32.7325,28.2425
5743,6.1275,0,26.97,32.64,28.115
5744,6.1475,0,27.0725,32.54,28.165
5745,6.1725,0,27.295,32.3225,28.0525
5746,6.23,0,27.365,32.33,27.8675
5747,6.28,0,27.4525,32.2925,27.84
5748,6.2925,0,27.61,32.2325,27.8475
5749,6.34,0,27.78,32.1025,27.7475
5750,6.31,0,27.9825,32.0175,27.5975
5751,6.355,0,28.11,31.7775,27.5725
5752,6.4,0,28.195,31.7975,27.4875
5753,6.425,0,28.45,31.6575,27.5
5754,6.3925,0,28.455,31.5775,27.41
5755,6.455,0,28.545,31.6325,27.2925
5756,6.4275,0,28.655,31.5575,27.3125
5757,6.445,0,28.715,31.5325,27.2775
5758,6.46,0,28.835,31.47,27.1575
5759,6.525,0,28.81,31.3825,27.1975
5760,6.5025,0,29.01,31.11,27.285
5761,6.4875,0,29.0475,31.0225,27.32
5762,6.4625,0,29.2,30.8375,27.4
5763,6.515,0,29.2425,30.745,27.5125
5764,6.5,0,29.1275,30.7275,27.5275
5765,6.4825,0,29.3,30.4725,27.6975
5766,6.5325,0,29.27,30.515,27.63
5767,6.58,0,29.2175,30.3975,27.71
5768,6.5925,0,29.165,30.18,27.9625
5769,6.595,0,29.115,30.0875,28.0625
5770,6.575,0,29.0125,29.945,28.31
5771,6.57,0,29.0375,29.7825,28.4025
5772,6.5475,0,28.975,29.74,28.51
5773,6.505,0,28.82,29.7625,28.61
5774,6.555,0,28.755,29.635,28.895
5775,6.515,0,28.7,29.555,29.1775
5776,6.56,0,28.7825,29.335,29.275
5777,6.535,0,28.7025,29.215,29.37
5778,6.4975,0,28.745,29.065,29.435
5779,6.48,0,28.6975,28.95,29.7325
5780,6.4775,0,28.675,28.9,29.83
5781,6.52,0,28.6375,28.91,30.02
5782,6.465,0,28.63,28.7625,30.0575
5783,6.51,0,28.645,28.64,30.2775
5784,6.52,0,28.4225,28.5425,30.4175
5785,6.4625,0,28.38,28.48,30.52
5786,6.415,0,28.1825,28.4,30.7125
5787,6.4225,0,28.0975,28.2575,30.9225
5788,6.3425,0,28.1875,28.2775,31.005
5789,6.3475,0,28.0125,28.135,31.2725
5790,6.35,0,27.89,27.9875,31.4925
5791,6.4025,0,27.92,27.8325,31.875
5792,6.355,0,27.7525,27.8375,32.045
5793,6.335,0,27.69,27.685,32.2225
5794,6.3,0,27.635,27.54,32.5825
5795,6.2625,0,27.5825,27.3475,32.7775
5796,6.2,0,27.49,27.1575,32.98
5797,6.1725,0,27.4025,27.0975,33.0925
5798,6.1775,0,27.375,27.185,33.365
5799,6.2,0,27.2625,27.14,33.305
5800,6.1375,0,27.32,27.145,33.5075
5801,6.145,0,27.215,27.1175,33.635
5802,6.0975,0,27.1325,27.0175,33.755
5803,6.1,0,27.055,27.0675,33.865
5804,6.0525,0,26.9475,27.0275,33.9575
5805,6.0325,0,26.7675,27.0675,34.0475
5806,6,0,26.6825,27.025,34.2925
5807,5.9425,0,26.5325,27.13,34.3775
5808,5.8925,0,26.435,27.0825,34.3875
5809,5.8875,0,26.3275,27.11,34.5075
5810,5.765,0,26.42,27.1075,34.64
5811,5.7225,0,26.3425,27.21,34.74
5812,5.6675,0,26.37,27.205,34.7925
5813,5.6425,0,26.3375,27.1475,34.9075
5814,5.565,0,26.245,27.1175,35.0475
5815,5.5475,0,26.245,27.08,35.165
5816,5.5075,0,26.1225,26.9925,35.21
5817,5.4675,0,26.0325,27.0575,35.17
5818,5.425,0,25.995,27.0225,35.195
5819,5.4075,0,26.03,27.15,35.2375
5820,5.345,0,26.1425,27.2275,35.275
5821,5.3575,0,26.075,27.285,35.1875
5822,5.3275,0,26.1025,27.195,35.3625
5823,5.245,0,26.13,27.235,35.0475
5824,5.245,0,26.1375,27.47,34.8575
5825,5.1975,0,26.1525,27.7825,34.755
5826,5.2025,0,25.96,27.9125,34.6525
5827,5.19,0,25.95,27.9525,34.7925
5828,5.195,0,25.81,28.11,34.6475
5829,5.13,0,25.875,28.2175,34.6075
5830,5.08,0,25.87,28.42,34.57
5831,5.0675,0,25.7625,28.5075,34.6575
5832,5.05,0,25.7875,28.7225,34.5225
5833,5.0425,0,25.7175,28.7825,34.57
5834,5.0175,0,25.59,28.86,34.605
5835,4.9775,0,25.5825,28.955,34.5975
5836,4.8975,0,25.4175,28.94,34.6825
5837,4.825,0,25.305,28.995,34.6625
5838,4.8125,0,25.2225,29.075,34.6175
5839,4.785,0,25.245,29.33,34.6075
5840,4.7525,0,25.295,29.295,34.6175
5841,4.6875,0,25.26,29.355,34.5475
5842,4.635,0,25.2625,29.49,34.53
5843,4.555,0,25.33,29.5925,34.54
5844,4.5875,0,25.175,29.8325,34.4025
5845,4.5675,0,25.14,29.9575,34.295
5846,4.4925,0,25.1475,29.995,34.325
5847,4.51,0,25.22,30.13,34.2525
5848,4.48,0,25.2275,30.1825,34.05
5849,4.5125,0,25.26,30.31,33.915
5850,4.485,0,25.1725,30.47,33.8075
5851,4.39,0,25.3375,30.4775,33.8175
5852,4.3225,0,25.44,30.4525,33.6975
5853,4.3425,0,25.305,30.495,33.6425
5854,4.39,0,25.335,30.56,33.71
5855,4.36,0,25.2525,30.62,33.725
5856,4.33,0,25.3375,30.6325,33.52
5857,4.3125,0,25.2825,30.735,33.4425
5858,4.325,0,25.2875,30.93,33.425
5859,4.325,0,25.1475,31.0575,33.255
5860,4.3375,0,25.0425,31.18,33.195
5861,4.3325,0,24.9675,31.3475,33.2375
5862,4.3175,0,24.9375,31.34,33.2175
5863,4.295,0,24.97,31.375,33.105
5864,4.28,0,25.11,31.4375,32.9675
5865,4.2775,0,24.96,31.635,33.0225
5866,4.2725,0,24.91,31.7025,32.9625
5867,4.2625,0,25.04,31.77,32.8375
5868,4.3125,0,24.9375,31.89,32.8175
5869,4.3725,0,24.925,31.895,32.695
5870,4.385,0,24.9925,31.8725,32.605
5871,4.3675,0,25.0075,32.0025,32.57
5872,4.365,0,24.98,32.1075,32.505
5873,4.365,0,24.98,32.1725,32.4675
5874,4.395,0,24.9975,32.145,32.5225
5875,4.385,0,25,32.1125,32.46
5876,4.4025,0,25.0525,32.0625,32.3125
5877,4.3675,0,24.9725,32.27,32.1675
5878,4.3425,0,25.0525,32.33,32.1
5879,4.3325,0,25.155,32.37,31.975
5880,4.3,0,25.0525,32.58,31.8875
5881,4.3125,0,25.1025,32.63,31.71
5882,4.38,0,25.235,32.6325,31.5775
5883,4.3425,0,25.2725,32.735,31.635
5884,4.3425,0,25.1725,32.815,31.505
5885,4.3875,0,25.21,32.6925,31.32
5886,4.3925,0,25.2425,32.9,31.1775
5887,4.385,0,25.29,32.945,31.15
5888,4.36,0,25.3225,32.87,31.1525
5889,4.355,0,25.3575,32.8975,31.005
5890,4.4175,0,25.3725,33.02,30.92
5891,4.4275,0,25.51,33.0075,30.7975
5892,4.4125,0,25.53,32.9825,30.885
5893,4.385,0,25.665,32.98,30.825
5894,4.395,0,25.6,32.975,30.7275
5895,4.3775,0,25.785,32.94,30.74
5896,4.385,0,25.915,32.96,30.7525
5897,4.4025,0,25.8825,32.8275,30.5775
5898,4.34,0,25.995,32.64,30.63
5899,4.3725,0,25.9975,32.5875,30.7725
5900,4.3725,0,26.11,32.5425,30.65
5901,4.3775,0,26.1525,32.4725,30.5675
5902,4.4,0,26.2075,32.4675,30.42
5903,4.4075,0,26.22,32.625,30.53
5904,4.375,0,26.3375,32.65,30.4425
5905,4.37,0,26.3,32.7225,30.3825
5906,4.425,0,26.3425,32.4525,30.3825
5907,4.355,0,26.25,32.5575,30.3225
5908,4.3275,0,26.46,32.575,30.2725
5909,4.315,0,26.6075,32.455,30.4925
5910,4.3475,0,26.5275,32.3925,30.3625
5911,4.3375,0,26.6975,32.38,30.2575
5912,4.34,0,26.84,32.4225,30.255
5913,4.345,0,26.94,32.3125,30.1525
5914,4.3875,0,26.98,32.3325,30.105
5915,4.415,0,27.0975,32.415,29.9575
5916,4.44,0,27.26,32.2475,29.775
5917,4.45,0,27.4175,32.0625,29.6925
5918,4.45,0,27.4625,31.98,29.615
5919,4.4475,0,27.61,31.84,29.605
5920,4.4425,0,27.7075,31.655,29.605
5921,4.45,0,27.775,31.6925,29.53
5922,4.425,0,27.9875,31.6125,29.615
5923,4.4525,0,28.155,31.525,29.4825
5924,4.45,0,28.235,31.485,29.5175
5925,4.4,0,28.2475,31.4525,29.4425
5926,4.4175,0,28.255,31.2875,29.495
5927,4.4,0,28.325,31.2125,29.47
5928,4.3275,0,28.565,31.185,29.5475
5929,4.3775,0,28.635,31.1875,29.5675
5930,4.3625,0,28.6775,31.0525,29.635
5931,4.3125,0,28.6975,30.78,29.875
5932,4.29,0,28.7525,30.7225,30.095
5933,4.2825,0,28.785,30.5825,29.9925
5934,4.305,0,28.9025,30.4475,30.2
5935,4.3225,0,28.8625,30.2925,30.2325
5936,4.3075,0,28.6675,30.3275,30.515
5937,4.2175,0,28.69,30.1725,30.4375
5938,4.2775,0,28.54,29.955,30.5875
5939,4.255,0,28.6075,29.9075,30.71
5940,4.285,0,28.4725,29.825,30.84
5941,4.315,0,28.3375,29.76,31.16
5942,4.2875,0,28.3175,29.66,31.405
5943,4.325,0,28.1125,29.5925,31.6
5944,4.3525,0,27.95,29.39,31.785
5945,4.325,0,27.88,29.37,31.94
5946,4.3625,0,27.745,29.3875,32.03
5947,4.33,0,27.6625,29.37,32.2025
5948,4.37,0,27.56,29.3425,32.395
5949,4.3975,0,27.5425,29.255,32.53
5950,4.35,0,27.52,29.26,32.6325
5951,4.3675,0,27.49,29.16,32.7625
5952,4.395,0,27.4325,29.1675,32.8575
5953,4.3725,0,27.315,29.1025,32.905
5954,4.44,0,27.145,29.185,32.965
5955,4.445,0,27.13,29.1425,33.2675
5956,4.4575,0,27.0175,29.1,33.375
5957,4.505,0,26.94,29.03,33.4475
5958,4.5175,0,26.79,28.8675,33.42
5959,4.53,0,26.5025,28.8775,33.6025
5960,4.5875,0,26.625,28.82,33.77
5961,4.585,0,26.5075,28.8075,33.7975
5962,4.5525,0,26.4925,28.8825,33.8375
5963,4.605,0,26.38,28.825,33.945
5964,4.615,0,26.205,28.795,33.9225
5965,4.6275,0,26.1525,28.8025,34.075
5966,4.6625,0,26.235,28.8325,34.2425
5967,4.6525,0,26.0225,28.855,34.255
5968,4.6725,0,25.805,28.9225,34.375
5969,4.695,0,25.5925,29.045,34.4025
5970,4.705,0,25.6325,29.0675,34.315
5971,4.715,0,25.63,28.8275,34.385
5972,4.795,0,25.655,28.8375,34.475
5973,4.815,0,25.615,28.82,34.3975
5974,4.8175,0,25.585,28.775,34.4325
5975,4.84,0,25.545,28.765,34.5775
5976,4.82,0,25.47,28.7875,34.535
5977,4.875,0,25.3775,28.9575,34.595
5978,4.915,0,25.35,29.0575,34.51
5979,4.885,0,25.2,29.1975,34.445
5980,4.9375,0,25.06,29.33,34.4125
5981,4.9475,0,24.915,29.47,34.34
5982,4.91,0,24.78,29.51,34.275
5983,4.9875,0,24.6775,29.8475,34.1025
5984,4.9825,0,24.6975,29.8975,33.9825
5985,5.0475,0,24.75,29.975,34.1075
5986,5.085,0,24.5325,29.9975,33.92
5987,5.0775,0,24.44,30.255,33.9675
5988,5.015,0,24.2125,30.4375,34.1225
5989,5.035,0,24.04,30.4975,34.1325
5990,5.005,0,23.9375,30.615,34.2575
5991,5.005,0,23.9275,30.76,34.0925
5992,4.9775,0,23.9075,30.99,33.8425
5993,4.945,0,23.7875,31.005,33.8475
5994,4.98,0,23.7575,31.305,33.7825
5995,4.98,0,23.61,31.63,33.5775
5996,4.955,0,23.4575,31.7475,33.5175
5997,4.8925,0,23.495,32.01,33.4825
5998,4.88,0,23.2925,32.06,33.5375
5999,4.865,0,23.245,32.195,33.645
6000,4.835,0,23.0275,32.2425,33.5575
