-1938369920,127,-1593913200,85,-1594572736,85,-1593913200,85,0,0,0,0,0,0,0,0,0,0,0,0,0,0,0,0,0,0,0,0,0,0,0,0,0,0,0,0,0,0,0,0,176,0,176,0,168,0,-1271604736,10,4,0,0,0,0,0,0,0,0,0,0,0,0,0,0,0,0,0,0,0,0,0,0,0,0,0,0,0,0,0,0,0,0,0,0,0,0,0,529,0,-1582943776,85,-1938371888,127,0,0,0,0,0,0,0,0,0,0,0,0,0,0,0,0,0,0,0,0,0,0,0,0,0,0,0,0,0,0,0,0,0,0,0,0,0,0,353,0,-1592370256,85,-1593917744,85,4,0,0,0,0,0,0,0,0,0,0,0,0,0,0,0,0,0,0,0,0,0,0,0,0,0,0,0,0,0,0,0,0,0,0,0,0,0,177,0,-1582466656,85,-1938371888,127,0,0,0,0,0,0,0,0,0,0,0,0,0,0,0,0,0,0,0,0
0,0,0,0,0,0,0,0,0,0,0,0,0,0,0,0,880,0,80,0,0,0,0,0,4080,0,4488,0,-1594589560,85,-1582889752,85,1,2170,408,0,0,0,529,0,-1584372736,85,-1582921760,85,8,0,0,0,0,0,0,0,0,0,0,0,0,0,0,0,0,0,0,0,0,0,0,0,0,0,0,0,0,0,0,0,0,0,0,0,0,0,353,0,-1582974128,85,-1938371888,127,4,0,0,0,0,0,0,0,0,0,0,0,0,0,0,0,0,0,0,0,0,0,0,0,0,0,0,0,0,0,0,0,0,0,0,0,0,0,177,0,-1582974128,85,-1938371888,127,0,0,0,0,0,0,0,0,0,0,0,0,0,0,0,0,0,0,0,0,0,0,0,0,0,0,0,0,0,0,0,0,0,0,0,0,1488,0,80,0,0,0,0,0,5544,0,5544,0,-1594589560,85,-1582927304,85,1,2171,1848,0,0,0,140401,0,-1582799872,85,-1938371888,127,0,0,0,0
0,0,0,0,0,0,0,0,0,0,0,0,0,0,0,0,0,0,0,0,0,0,0,0,0,0,0,0,0,0,0,0,0,0,12945,0,-1583174080,85,-1938371888,127,0,0,0,0,0,0,0,0,0,0,0,0,0,0,0,0,0,0,0,0,0,0,0,0,0,0,0,0,0,0,0,0,0,0,0,0,0,0,12769,0,-1582799872,85,-1583738528,85,0,0,0,0,-1594589560,85,-1582852280,85,1,2180,32,0,0,0,81,0,-1586153536,85,-1582642304,85,0,0,4096,0,-1594589560,85,-1582898312,85,1,2172,512,0,160,0,80,0,-1582920032,85,-1582973320,85,0,0,4160,0,-1594589560,85,-1582868776,85,1,2177,80,0,0,0,4177,0,-1582777520,85,-1582972912,85,0,0,0,0,0,0,0,0,64,0,4112,0,4104,0,-1592542992,85,5491,0,-1582898408,85,-1582911912,85,-1582786200,85,-1582813208,85,0,0,-1582915376,85,3961381,85,-1582976184,85,-1593806299,85,-1582976184,85,-1592542992,85,5490,0,-1582590232,85,-1582570328,85,0,0,-1582915336,85,3958309,85,-1582976184,85,-1593809371,85
-1582976184,85,-1592542992,85,5489,0,-1582938808,85,-1582617928,85,0,0,-1582915256,85,1014198821,0,-1582976184,85,7565861,85,-1582976184,85,-1592542992,85,5488,0,-1582939576,85,-1582617128,85,0,0,-1582915216,85,3960869,85,-1582976184,85,-1593806811,85,-1582976184,85,-1592542992,85,5487,0,-1582938728,85,-1582911592,85,-1582939736,85,-1582813048,85,0,0,-1582915176,85,1280332581,0,-1582976184,85,-1592542992,85,5486,0,-1582939416,85,-1582911512,85,-1582939400,85,-1582812728,85,0,0,-1582915136,85,5264165,85,-1582976184,85,-1592542992,85,5485,0,-1582507944,85,-1582911432,85,-1582939336,85,-1582911432,85,-1582898504,85,-1582570728,85,1,15,-1,85,0,0,-1582915096,85,0,0,72,0,1869373279,1600938339,1869636964,14452,-1592542992,85,5484,0,-1582898520,85,-1582911352,85,-1582939224,85,-1582570648,85,-1592542992,85,5483,0,-1582844808,85,-1582911272,85,-1582939240,85,-1582911272,85,-1582939752,85,-1582911832,85,-1582939080,85,-1582911192,85,-1582939064,85,-1582911192,85,-1582939656,85,-1582619768,85,-1582939032,85,-1582911112,85,-1582939016,85,-1582911112,85,-1582939000,85,-1582619688,85,-1582938984,85,-1582911032,85,-1582938968,85,-1582911032,85,-1582938952,85,-1582618888,85,-1582938936,85,-1582910952,85,-1582938920,85,-1582910952,85,-1582938904,85,-1582618808,85,-1582938888,85,-1582910872,85,-1582938872,85,-1582910872,85,-1582938856,85
-1582618008,85,-1582938840,85,-1582960392,85,-1582938824,85,-1582960392,85,-1582938792,85,-1582960312,85,-1582938776,85,-1582960312,85,-1582938664,85,-1582911672,85,0,85,-1582976184,85,0,0,0,0,-1582816648,85,-1582530664,85,-1582939048,85,-1582911752,85,-1582030728,85,-1582976184,85,-1582590840,85,-1582960232,85,0,0,-1582915016,85,-1592542992,85,5482,0,-1592542992,85,5481,0,-1582938616,85,-1585532496,85,-1592542992,85,5480,0,-1582938568,85,-1585532416,85,-1592542992,85,5479,0,-1582938536,85,-1585532336,85,-1592542992,85,5478,0,0,0,-1582960152,85,1,28,-1,85,-1592542992,85,5470,0,1,1276,-1,85,-1582938472,85,-1582960072,85,1,27,-1,85,-1592542992,85,5469,0,1668183398,1684956511,-1583022025,85,1,1275,-1,85,0,0,0,85,-1582938408,85,-1582959992,85,1,26,-1,85,-1592542992,85,5468,0,946892148,13876,-1582976184,85,0,0,-1582949416,85,0,5467,0,85,0,0,-1582976184,85,-1582938216,85,-1582976184,85,0,255,-1582976184,85,-1592542992,85,5467,0,7628146,85,-1582976184,85,1,218,5,85,-1582938248,85,-1582949392,85,0,5460,0,85,-1594366712,85,-1582976184,85,-1582928088,85,-1582928248,85,7,255,-1582976184,85,1987339634,3173473,-1582976184,85,-1582937144,85,-1582959832,85,808546853,0
-1582976184,85,-1592542992,85,5460,0,-1593809812,85,-1582976184,85,-1582938120,85,-1582949344,85,0,5454,0,85,0,0,-1582976184,85,0,255,-1582976184,85,-1592542992,85,5459,0,-1582937864,85,-1582927992,85,0,0,-1582928024,85,-1592542992,85,5458,0,1634886000,12653,-1582976184,85,-1592542992,85,5457,0,1634886000,12397,-1582976184,85,-1592542992,85,5455,0,0,0,-1582927896,85,1987339634,3173473,-1582976184,85,-1592542992,85,5454,0,1819042147,0,-1582976184,85,-1582938760,85,-1582959752,85,0,0,-1582959752,85,1,219,1,85,0,0,-1585531936,85,1987339634,3173473,-1582976184,85,-1592542992,85,5453,0,-1582937960,85,-1582949296,85,0,5452,0,85,-1594366712,85,-1582976184,85,-1582927832,85,-1582927864,85,7,255,-1582976184,85,3764773,85,-1582976184,85,1634886000,12653,-1582976184,85,-1592542992,85,5452,0,-1593805709,85,-1582976184,85,-1582937704,85,-1582959672,85,-1582937688,85,-1582959672,85,-1582938312,85,-1582959912,85,0,0,-1585531896,85,1634886000,12653,-1582976184,85,-1592542992,85,5451,0,-1582937608,85,-1582949248,85,0,5450,0,85,-1594366912,85,-1582976184,85,-1582927672,85,-1582927704,85,7,255,-1582976184,85,946106917,0,-1582976184,85,1634886000,12397,-1582976184,85,-1592542992,85,5450,0,-1593805709,85,-1582976184,85,-1582937464,85,-1582959592,85,-1582937448,85
-1582959592,85,0,0,-1585531856,85,1634886000,12397,-1582976184,85,-1592542992,85,5449,0,-1582937208,85,-1582959512,85,-1592542992,85,5465,0,0,0,-1585531816,85,1886217588,1918988383,1918856545,26469,-1592542992,85,5447,0,1,1274,-1,85,-1592542992,85,5466,0,1597456962,55,-1582976184,85,1,25,-1,85,-1582937368,85,-1582949200,85,0,5444,0,85,-1594366992,85,-1582976184,85,-1582927448,85,-1582927480,85,0,255,-1582976184,85,-1582938024,85,-1582959432,85,3764773,85,-1582976184,85,-1592542992,85,5444,0,7761773,85,-1582976184,85,-1582937000,85,-1582949176,85,0,5443,0,85,-1593201016,85,-1582976184,85,0,255,-1582976184,85,929329701,0,-1582976184,85,845443621,0,-1582976184,85,-1582936920,85,-1582959352,85,946106917,0,-1582976184,85,-1592542992,85,5443,0,6579297,85,-1582976184,85,-1582936856,85,-1582949128,85,0,5442,0,85,-1594366912,85,-1582976184,85,0,255,-1582976184,85,-1582936696,85,-1582949080,85,0,5441,0,85,-1593201016,85,-1594367272,85,-1582956088,85,-1582956120,85,0,255,-1582976184,85,3306021,85,-1582976184,85,912552485,0,-1582976184,85,-1583056336,85,35,0,7632483,85,-1582976184,85,-1582972280,85,-1583056336,85,-1582874312,85,-1582976184,85,7104627,85,-1582976184,85,912552485,622865440,-1593822606,85,-1582936184,85,-1582976184,85,875983662,842232622
-1582976256,85,-1582936576,85,-1582976184,85,-1582936576,85,-1582976184,85,3306021,85,-1582976184,85,912552485,0,-1582976184,85,912552485,0,-1582976184,85,-1582936760,85,-1582959272,85,-1582936320,85,-1582976184,85,-1592542992,85,5442,0,929329701,0,-1582976184,85,-1582936320,85,-1582976184,85,3306021,85,-1582976184,85,-1582936312,85,-1582959192,85,912552485,0,-1582976184,85,-1592542992,85,5441,0,7632483,85,-1582976184,85,1,215,9,85,-1592542992,85,5440,0,1,1273,-1,85,-1582937432,85,-1582959112,85,1,24,-1,85,-1592542992,85,5439,0,1597456962,54,-1582976184,85,1,1272,-1,85,1,218,5,85,-1582936104,85,-1582959032,85,1,23,-1,85,-1592542992,85,5437,0,946892148,13620,-1582976184,85,-1582936632,85,-1582949056,85,0,5436,0,85,0,0,-1582976184,85,-1582955896,85,-1582976184,85,0,255,-1582976184,85,-1582935944,85,-1582949032,85,0,5431,0,85,-1594366712,85,-1582976184,85,-1582955608,85,-1582955768,85,7,255,-1582976184,85,1987339634,3173473,-1582976184,85,-1582893064,85,-1582958952,85,825324069,0,-1582976184,85,-1592542992,85,5431,0,-1593809812,85,-1582976184,85,-1582935864,85,-1582948984,85,0,5425,4416,0,4240,0,4232,0,0,0,0,0,0,0,0,0,0,0,0,0,0,0
0,0,0,0,0,0,0,0,0,0,0,0,-1582935560,85,0,0,61,0,0,0,0,0,0,0,0,0,0,0,0,0,0,0,0,0,0,0,0,0,0,0,0,0,0,0,0,0,0,0,0,0,0,0,0,0,0,0,-1582935384,85,0,0,56,0,0,0,0,0,0,0,0,0,0,0,0,0,0,0,0,0,0,0,0,0,0,0,0,0,0,0,0,0,0,0,0,0,0,0,0,0,0,0,-1582935208,85,0,0,50,0,0,0,0,0,0,0,0,0,0,0,0,0,0,0,0,0,0,0,0,0,0,0,0,0,0,0,0,0,0,0,0,0,0,0,0,0,0,0,-1582935032,85,0,0,18,0,0,0,0,0,0,0,0,0,0,0,0,0,0,0,0,0,0,0,0,0,0,0,0,0,0,0,0,0,0,0,0,0,0,0,0,0,0,0,0,0,0,0,0,0,0,0,0,0,0,0
0,0,0,0,-1582868888,85,0,0,0,0,0,0,0,0,0,0,0,0,0,0,0,0,0,0,0,0,0,0,0,0,0,0,0,0,0,0,0,0,0,0,0,0,0,0,0,0,0,0,-1582916096,85,0,0,0,0,0,0,0,0,0,0,0,0,0,0,0,0,0,0,0,0,0,0,0,0,0,0,0,0,0,0,0,0,0,0,0,0,0,0,0,0,0,0,-1582823016,85,0,0,0,0,0,0,0,0,0,0,0,0,0,0,0,0,0,0,0,0,0,0,0,0,0,0,-1582934328,85,0,0,14,0,0,0,0,0,0,0,0,0,0,0,0,0,0,0,0,0,0,0,0,0,0,0,0,0,0,0,0,0,0,0,0,0,0,0,0,0,0,0,-1582934152,85,0,0,11,0,0,0,0,0,0,0,0,0,0,0,0,0,0,0,0,0,0,0,0,0,0,0,0,0,0,0,0,0,0,0
0,0,0,0,0,0,0,0,-1582933976,85,0,0,10,0,0,0,0,0,0,0,0,0,0,0,0,0,0,0,0,0,0,0,0,0,0,0,0,0,0,0,0,0,0,0,0,0,0,0,0,0,0,0,-1582933800,85,0,0,10,0,0,0,0,0,0,0,0,0,0,0,0,0,0,0,0,0,0,0,0,0,0,0,0,0,0,0,0,0,0,0,0,0,0,0,0,0,0,0,-1582933624,85,0,0,0,0,0,0,0,0,0,0,0,0,0,0,0,0,0,0,0,0,0,0,0,0,0,0,0,0,0,0,0,0,0,0,0,0,0,0,0,0,0,0,0,0,0,0,0,0,0,0,0,0,0,0,0,0,0,0,-1582885672,85,0,0,0,0,0,0,0,0,0,0,0,0,0,0,0,0,0,0,0,0,0,0,0,0,0,0,0,0,0,0,0,0,0,0,0,0,0,0,0,0,0,0
-1582902904,85,0,0,0,0,0,0,0,0,0,0,0,0,0,0,0,0,0,0,0,0,0,0,0,0,0,0,0,0,0,0,0,0,0,0,0,0,0,0,0,0,0,0,-1582928600,85,0,0,0,0,0,0,0,0,0,0,0,0,0,0,0,0,0,0,0,0,0,0,0,0,0,0,0,0,0,0,0,0,0,0,0,0,0,0,0,0,0,0,-1582915296,85,0,0,0,0,0,0,0,0,0,0,0,0,0,0,0,0,0,0,0,0,0,0,0,0,0,0,0,0,0,0,0,0,0,0,0,0,0,0,0,0,0,0,-1582906928,85,0,0,0,0,0,0,0,0,0,0,0,0,0,0,0,0,0,0,0,0,0,0,0,0,0,0,-1582932568,85,0,0,0,0,0,0,0,0,0,0,0,0,0,0,0,0,1,0,8,0,0,0,0,0,0,0,0,0,-1,-1,-1,0,-1,-1,0,0,0,0
0,0,0,0,-1582932392,85,-1594361000,85,0,0,0,0,-1582891880,85,0,0,0,0,-1582585176,85,0,0,0,0,0,0,0,0,0,0,0,0,0,0,0,0,0,0,0,0,0,0,0,0,0,0,0,0,-1582932216,85,0,0,50,0,0,0,0,0,0,0,0,0,0,0,0,0,0,0,0,0,0,0,0,0,0,0,0,0,0,0,0,0,0,0,0,0,0,0,0,0,0,0,-1582932040,85,0,0,50,0,0,0,0,0,0,0,0,0,0,0,0,0,0,0,0,0,0,0,0,0,0,0,0,0,0,0,0,0,0,0,0,0,0,0,0,0,0,0,-1582931864,85,0,0,50,0,0,0,0,0,0,0,0,0,0,0,0,0,0,0,0,0,0,0,0,0,0,0,0,0,0,0,0,0,0,0,0,0,0,0,0,0,0,0,-1582931688,85,0,0,49,0,0,0,0,0,0,0,0,0,0,0,0,0,0,0
0,0,0,0,0,0,0,0,0,0,0,0,0,0,0,0,0,0,0,0,0,0,0,0,-1582931512,85,0,0,41,0,0,0,0,0,0,0,0,0,0,0,0,0,4113,0,-1583740096,85,-1583177312,85,0,0,0,0,0,0,196,0,-1594366992,85,-1582913752,85,0,0,1969446751,1935630692,1596994157,1601595748,1597125491,828863073,0,0,196,0,-1594366712,85,-1582913512,85,0,0,196,0,-1594366992,85,-1582913672,85,0,0,1969446751,1935630692,1596994157,1601595748,1597125491,812085857,-1582913792,85,1969446751,1935630692,1596994157,1601595748,1597125491,828863073,0,0,1969446751,1935630692,1596994157,1601595748,1597125491,812085857,0,0,196,0,-1594366712,85,-1582913272,85,0,0,196,0,-1594366712,85,-1582913512,85,0,0,196,0,-1594366712,85,-1582913592,85,0,0,66,0,-1593201016,85,1,0,0,0,196,0,-1594366712,85,-1582913432,85,0,0,196,0,-1594366712,85,-1582913512,85,0,0,196,0,-1594366712,85,-1582913272,85,0,0,196,0,-1594366712,85,-1582912952,85,0,0,196,0,-1594366712,85,-1582913432,85,0,0,66,0,-1593201016,85,24,0,0,0,66,0,-1593201016,85,356,0,0,0,66,0
-1593201016,85,1,0,0,0,196,0,-1594366712,85,-1582913192,85,0,0,196,0,-1594366712,85,-1582913112,85,0,0,196,0,-1594366712,85,-1582913272,85,0,0,-1582930616,85,1,0,0,0,0,0,134,0,-1594366712,85,-1582930680,85,0,0,196,0,-1594366872,85,-1594233192,85,0,0,196,0,-1594366712,85,-1582913192,85,0,0,-1582930488,85,1,0,0,0,0,0,134,0,-1594366712,85,-1582930552,85,0,0,196,0,-1594366872,85,-1594233752,85,0,0,196,0,-1594366712,85,-1582913112,85,0,0,66,0,-1593201016,85,22,0,0,0,66,0,-1593201016,85,355,0,0,0,66,0,-1593201016,85,1,0,0,0,196,0,-1594366712,85,-1582912712,85,0,0,196,0,-1594366712,85,-1582912632,85,0,0,196,0,-1594366712,85,-1582912952,85,0,0,66,0,-1593201016,85,11,0,0,0,66,0,-1593201016,85,354,0,0,0,66,0,-1593201016,85,1,0,0,0,140,0,-1594366992,85,-1582930104,85,0,0,75,0,-1594366992,85,-1582930072,85,0,0,196,0,-1594366992,85,-1582911272,85,0,0,196,0,-1594366712,85,-1582912712,85,0,0,140,0
-1594366992,85,-1582929976,85,0,0,75,0,-1594366992,85,-1582929944,85,0,0,196,0,-1594366992,85,-1582911192,85,0,0,196,0,-1594366712,85,-1582912632,85,0,0,140,0,-1594366992,85,-1582929848,85,0,0,75,0,-1594366992,85,-1582929816,85,0,0,196,0,-1594368312,85,-1582911112,85,0,0,196,0,-1594368312,85,-1582912552,85,0,0,140,0,-1594366992,85,-1582929720,85,0,0,75,0,-1594366992,85,-1582929688,85,0,0,196,0,-1594368312,85,-1582911032,85,0,0,196,0,-1594368312,85,-1582912472,85,0,0,140,0,-1594366992,85,-1582929592,85,0,0,75,0,-1594366992,85,-1582929560,85,0,0,196,0,-1594367792,85,-1582910952,85,0,0,196,0,-1594366912,85,-1582912392,85,0,0,140,0,-1594366992,85,-1582929464,85,0,0,75,0,-1594366992,85,-1582929432,85,0,0,196,0,-1594367792,85,-1582910872,85,0,0,196,0,-1594366912,85,-1582912312,85,0,0,140,0,-1594366992,85,-1582929336,85,0,0,75,0,-1594366992,85,-1582929304,85,0,0,196,0,-1594367792,85,-1582960392,85,0,0,196,0,-1594366912,85,-1582912232,85,0,0,140,0,-1594366992,85,-1582929208,85,0,0,75,0
-1594366992,85,-1582929176,85,0,0,196,0,-1594367792,85,-1582960312,85,0,0,196,0,-1594366912,85,-1582912152,85,0,0,196,0,-1594366912,85,-1582911592,85,0,0,196,0,-1594366912,85,-1582911512,85,0,0,75,0,-1594366992,85,-1582929016,85,0,0,196,0,-1592409688,85,-1582911432,85,0,0,196,0,-1594366912,85,-1582911592,85,0,0,66,0,-1593201016,85,1,0,0,0,66,0,-1593201016,85,353,0,0,0,66,0,-1593201016,85,1,0,0,0,66,0,-1593201016,85,0,0,0,0,66,0,-1593201016,85,0,0,0,0,66,0,-1593201016,85,1,0,0,0,66,0,-1593201016,85,1,0,0,0,66,0,-1593201016,85,353,0,0,0,66,0,-1593201016,85,1,0,0,0,66,0,-1593201016,85,51,0,0,0,66,0,-1593201016,85,58,0,0,0,0,0,-1582912472,85,-1582912552,85,-1582803000,85,66,0,-1593201016,85,4,0,0,0,66,0,-1593201016,85,5,0,0,0,66,0,-1593201016,85,37,0,0,0,66,0,-1593201016,85,72,0,0,0,1600085796,1668246623,1683975265,1953460325,895442744,3422260,0,0,66,0
-1593201016,85,8,0,0,0,1664703071,1600218229,1885697139,1599301968,1716543315,1768515174,0,0,66,0,-1593201016,85,1,0,0,0,66,0,-1593201016,85,219,0,0,0,66,0,-1593201016,85,1,0,0,0,140,0,-1594366992,85,-1582928216,85,0,0,64,0,-1594366992,85,-1582949368,85,0,0,75,0,-1594366992,85,-1582928120,85,0,0,66,0,-1593201016,85,0,0,0,0,196,0,-1594366712,85,-1582959752,85,0,0,196,0,-1594366712,85,-1582959832,85,0,0,79,0,-1592410568,85,-1582937880,85,0,0,196,0,-1594366712,85,-1582959672,85,0,0,196,0,-1594366912,85,-1582959592,85,0,0,68,0,-1594367232,85,-1592406296,85,0,0,79,0,-1592410568,85,-1582937768,85,0,0,196,0,-1594366712,85,-1582959752,85,0,0,196,0,-1594366712,85,-1582959432,85,0,0,140,0,-1594366992,85,-1582927800,85,0,0,64,0,-1594366992,85,-1582949272,85,0,0,75,0,-1594366992,85,-1582927512,85,0,0,66,0,-1593201016,85,0,0,0,0,196,0,-1594366912,85,-1582959352,85,0,0,140,0,-1594366992,85,-1582927640,85,0,0,64,0,-1594366992,85,-1582949224,85,0,0,75,0
-1594366992,85,-1582927544,85,0,0,66,0,-1593201016,85,0,0,0,0,196,0,-1594366912,85,-1582959592,85,0,0,196,0,-1594366712,85,-1582959672,85,0,0,66,0,-1593201016,85,1,0,0,0,196,0,-1594366712,85,-1582959432,85,0,0,196,0,-1594366912,85,-1582959272,85,0,0,196,0,-1594366912,85,-1582993160,85,0,0,196,0,-1594366912,85,-1582959352,85,13120,0,5568,0,5552,0,0,0,-1582940504,85,-1582927328,85,0,0,0,0,0,0,0,0,0,0,0,0,0,0,0,0,0,0,0,0,0,0,0,0,0,0,0,0,0,0,0,0,0,0,0,0,0,0,0,0,0,0,0,0,0,0,0,0,0,0,0,0,0,0,0,0,0,0,0,0,0,0,0,0,0,0,0,0,0,0,0,0,0,0,0,0,0,0,0,0,0,0,0,0,0,0,7265,0,0,0,0,0,0,0,0,0,0,0,0,0,0,0,0,0,0,0,0,0,0,0,0,0,0,0,0,0,0,0,0,0
0,0,0,0,0,0,0,0,0,0,0,0,0,0,0,0,0,0,0,0,0,0,0,0,0,0,0,0,0,0,0,0,0,0,0,0,0,0,0,0,0,0,0,0,0,0,0,0,0,0,0,0,0,0,0,0,0,0,0,0,0,0,0,0,0,0,0,0,0,0,0,0,0,0,0,0,0,0,0,0,0,0,0,0,0,0,0,0,0,0,0,0,0,0,0,0,0,0,0,0,0,0,0,0,0,0,0,0,0,0,0,0,0,0,0,0,0,0,0,0,0,0,0,0,0,0,0,0,0,0,0,0,0,0,0,0,0,0,0,0,0,0,0,0,0,0,0,0,0,0,0,0,0,0,0,0,0,0,0,0,0,0,0,0,0,0,0,0,0,0,0,0,0,0,0,0,0,0,0,0,0,0,0,0,0,0,0,0,0,0,0,0,0,0,0,0,0,0,0,0
0,0,0,0,0,0,0,0,0,0,0,0,0,0,0,0,0,0,0,0,0,0,0,0,0,0,0,0,0,0,0,0,0,0,0,0,0,0,0,0,0,0,0,0,0,0,0,0,0,0,0,0,0,0,0,0,0,0,0,0,0,0,0,0,0,0,0,0,0,0,0,0,0,0,0,0,0,0,0,0,0,0,0,0,0,0,0,0,0,0,0,0,0,0,0,0,0,0,0,0,0,0,0,0,0,0,0,0,0,0,0,0,0,0,0,0,0,0,0,0,0,0,0,0,0,0,0,0,0,0,0,0,0,0,0,0,-1582927304,85,-1582940504,85,0,0,0,0,0,0,0,0,0,0,0,0,0,0,0,0,0,0,0,0,0,0,0,0,0,0,0,0,0,0,0,0,0,0,0,0,0,0,0,0,0,0,0,0,0,0,0,0,0,0,0,0,0,0,0,0,0,0,0,0
0,0,0,0,0,0,0,0,0,0,0,0,0,0,0,0,0,0,0,0,0,0,0,0,0,0,0,0,0,0,0,0,0,0,0,0,0,0,0,0,0,0,0,0,0,0,0,0,0,0,0,0,0,0,0,0,0,0,0,0,0,0,0,0,0,0,0,0,0,0,0,0,0,0,0,0,0,0,0,0,0,0,0,0,0,0,0,0,0,0,0,0,0,0,0,0,0,0,0,0,0,0,0,0,0,0,0,0,0,0,0,0,0,0,0,0,0,0,0,0,0,0,0,0,0,0,0,0,0,0,0,0,0,0,0,0,0,0,0,0,0,0,0,0,0,0,0,0,0,0,0,0,0,0,0,0,0,0,0,0,0,0,0,0,0,0,0,0,0,0,0,0,0,0,0,0,0,0,0,0,0,0,0,0,0,0,0,0,0,0,0,0,0,0,0,0,0,0,0,0
0,0,0,0,0,0,0,0,0,0,0,0,0,0,0,0,0,0,0,0,0,0,0,0,0,0,0,0,0,0,0,0,0,0,0,0,0,0,0,0,0,0,0,0,0,0,0,0,0,0,0,0,0,0,0,0,0,0,0,0,0,0,0,0,0,0,0,0,0,0,0,0,0,0,0,0,0,0,0,0,0,0,0,0,0,0,0,0,0,0,0,0,0,0,0,0,0,0,0,0,0,0,0,0,0,0,0,0,0,0,0,0,0,0,0,0,0,0,0,0,0,0,0,0,0,0,0,0,0,0,0,0,0,0,0,0,0,0,0,0,0,0,0,0,0,0,0,0,0,0,0,0,0,0,0,0,0,0,0,0,0,0,0,0,0,0,0,0,0,0,0,0,0,0,0,0,0,0,0,0,0,0,0,0,0,0,0,0,0,0,0,0,0,0,0,0,0,0,-1582925456,85
-1582940504,85,863317536,1600069682,1633973603,846033759,1768185648,863199094,1918983986,539766887,1969446751,1935630692,1596994157,1601595748,1597125491,828863073,538970683,538976288,538976288,1734701614,863317536,1600069682,1633973603,846033759,1768185648,863199094,1935957810,537541492,538976288,538976288,1869422624,863317622,1600069682,1633973603,846033759,1768185648,863199094,1918983986,539766887,993489445,538976266,538976288,538976288,779513709,540160885,1969446751,1935630692,1596994157,1601595748,1597125491,828863073,1915035692,171651889,538970747,538976288,538976288,1915625504,773875557,540160885,842822181,539770421,811692581,1915035692,539767137,813068837,538970683,538976288,538976288,1915625504,773875557,540160870,893150757,537541438,538976288,538976288,773857312,543647090,1701998638,1881481316,993932860,538976266,538976288,1112286240,1600074050,1685414751,1836277601,1683959858,1935636073,979317299,538976266,538976288,538976288,1987013920,842228270,1634870560,1595943984,1685414751,1836277601,1683959858,1935636073,1633628723,993027954,538976266,538976288,538976288,1987013920,842228270,1634870560,1595943985,1685414751,1836277601,1683959858,1935636073,1633628723,993093490,538976266,538976288,538976288,1987013920,842228270,829564192,1915035692,171651169,538976288,538976288,538976288,779513709,540160866,741503525,1634870560,537541425,538976288,538976288,1629495328,1932424034,622866995,539767666,993161765,538976266,538976288,538976288,1953915680,779121198,775041894,540160885,741434917,863118624,538970683,538976288,538976288,1668423712,1885417072,2020569712,2054448686,842229294,845554976,1713709100,537541425,538976288,538976288,1830821920,1647212143,622866995,539767922,993158693,538976266,538976288,538976288,1684300064,842232622,896673056,1915035692,840969268,859060278,875902005,538970683,538976288,538976288,1869422624,862072438,1713709106,622865459,171652466,538976288,538976288,538976288,779384419,778664562,779777126,775041909,540160870,741765669,862332192,538970683,538976288,538976288,1970085920,1869360748,842233134,930227488
1915035692,622865459,171652722,538976288,538976288,538976288,778528110,540160883,741896741,930227488,538970683,538976288,538976288,1970085920,1768435308,842233134,963781920,1915035692,622865462,171653234,538976288,538976288,538976288,778331233,540160885,808546853,1915035692,622865462,171653490,538976288,538976288,538976288,779313761,540160883,825324069,1915035692,537541425,538976288,538976288,1830821920,1747872885,863317609,1915035698,539767345,808546853,1915035692,171651377,538976288,538976288,538976288,778859885,1965977452,622866995,741552498,863118624,1915035692,171651633,538976288,538976288,538976288,778331233,540160885,875655717,1915035692,539767345,537541425,538976288,538976288,1931485216,1965974133,622866995,741683570,829564192,622865457,993210738,538976266,538976288,538976288,1952805664,1701588592,842233134,829433120,1915035692,622865459,993341810,538976266,538976288,538976288,1818587936,863317616,1915035698,539768369,875655717,1915035692,539767345,993095717,538976266,538976288,538976288,1684300064,842233134,829564192,622865463,741749106,171651360,538976288,538976288,538976288,778204531,540160885,942764581,1915035692,539768113,993227301,538976266,538976288,538976288,1818587936,863317616,1915035698,539769137,942764581,1915035692,539768113,993095717,538976266,538976288,538976288,1952805664,1701260912,842233134,846210336,1915035692,539769137,993227301,538976266,538976288,538976288,1818587936,863317616,1915035698,539766834,925987365,1915035692,539768369,993161253,538976266,538976288,538976288,1919907872,842228270,846341408,622865457,539767154,993161765,538976266,538976288,538976288,1987013920,842233134,846341408,807414834,538970683,538976288,538976288,1702043680,1731096692,863186533,1881481266,622865459,741421682,846341408,537541426,538976288,538976288,1075847200,540241957,543257186,1601457188,825581360,171651634,538976288,538976288,538976288,778528110,540160883,808612389,1915035692,171651122,538976288,538976288,1601457188,825581360,171586098,538976288,538976288,538976288,779513709,540160885,858944037
993009708,538976266,538976288,538976288,1952805664,1701719664,842232622,879764768,1915035692,622865458,993210994,538976266,538976288,538976288,622936096,1847604336,1647211631,622866995,741356146,846341408,538970683,538976288,538976288,1869422624,862072438,1915035698,539766902,808612389,538970683,538976288,538976288,1869422624,862072438,1600069682,1633973603,846033759,1768185648,863199094,1935957810,622865524,993031794,538976266,538976288,538976288,537558304,538976288,538976288,538976288,779513709,540160866,875786789,1600069676,1633973603,846033759,1768185648,863199094,1935957810,2097822580,10,0,0,0,61281,0,-1584372736,85,-1582942016,85,0,0,0,0,0,0,0,0,0,0,0,0,0,0,0,0,0,0,0,0,0,0,0,0,0,0,0,0,0,0,0,0,0,0,0,0,0,0,177,0,-1582761088,85,-1938371888,127,0,0,0,0,0,0,0,0,0,0,0,0,0,0,0,0,0,0,0,0,0,0,0,0,0,0,0,0,0,0,0,0,0,0,0,0,352,0,176,0,168,0,-1271597056,10,4,0,0,0,0,0,0,0,0,0,0,0,0,0,0,0,0,0,0,0,0,0,0,0,0,0,0,0,0,0,0,0,0,0,0,0,0,0,1329,0,-1582761088,85,-1938371888,127
0,0,0,0,0,0,0,0,0,0,0,0,0,0,0,0,0,0,0,0,0,0,0,0,0,0,0,0,0,0,0,0,0,0,0,0,0,0,1153,0,-1582940096,85,-1582878336,85,0,0,0,0,-1594589560,85,-1582839816,85,1,2183,96,0,80,0,176,0,168,0,-1271596288,10,0,0,0,0,0,0,0,0,0,0,0,0,0,0,0,0,0,0,0,0,0,0,0,0,0,0,0,0,0,0,0,0,0,0,0,0,256,0,80,0,-1582856624,85,-1583077816,85,0,0,4104,0,-1594589560,85,-1582835672,85,1,2184,24,0,336,0,80,0,-1582879552,85,-1582940072,85,0,0,4096,0,-1594589560,85,-1582822792,85,1,2185,32,0,858878501,538970683,609,0,-1583038624,85,-1583036784,85,4,0,0,0,0,0,0,0,0,0,0,0,0,0,0,0,0,0,0,0,0,0,0,0,0,0,0,0,0,0,0,0,0,0,0,0,0,0,433,0,-1583038624,85,-1938371888,127,0,0,0,0,0,0,0,0
0,0,0,0,0,0,0,0,0,0,0,0,0,0,0,0,0,0,0,0,0,0,0,0,0,0,0,0,0,0,257,0,-1583035040,85,-1582880416,85,0,0,4096,0,-1594589560,85,-1582818680,85,1,2186,16,0,538976288,538976288,177,0,-1582810416,85,-1582818704,85,0,0,0,0,0,0,0,0,0,0,0,0,0,0,0,0,0,0,0,0,0,0,0,0,0,0,0,0,0,0,0,0,0,0,0,0,1024,0,80,0,-1582877552,85,-1582939912,85,0,0,4160,0,-1594589560,85,-1582814568,85,1,2187,80,0,538976288,538976288,49,0,-1592499200,85,-1581856832,85,1768185648,863199094,1935957810,2097822580,1856,0,176,0,168,0,-1271599104,10,8,0,0,0,0,0,0,0,0,0,0,0,0,0,0,0,0,0,0,0,0,0,0,0,0,0,0,0,0,0,0,0,0,0,0,0,0,0,8929,0,-1582839840,85,-1582964560,85,0,0,0,0,0,0,0,0,0,0,0,0,0,0,0,0,0,0,0,0,0,0,0,0
0,0,0,0,0,0,0,0,0,0,0,0,0,0,177,0,-1582856624,85,-1938371888,127,0,0,0,0,0,0,0,0,0,0,0,0,0,0,0,0,0,0,0,0,0,0,0,0,0,0,0,0,0,0,0,0,0,0,0,0,352,0,176,0,168,0,-1271595264,10,4,0,0,0,0,0,0,0,0,0,0,0,0,0,0,0,0,0,0,0,0,0,0,0,0,0,0,0,0,0,0,0,0,0,0,0,0,0,81,0,-1594582208,85,-1582880416,85,48,0,4096,0,-1594589560,85,-1582877032,85,1,2175,16,0,608,0,4144,0,4128,0,-1582595624,85,0,0,2,255,0,0,-1,0,-1582595432,85,0,0,7,255,0,0,-1,0,-1582595384,85,0,0,7,255,0,0,-1,0,-1582595336,85,0,0,7,255,0,0,-1,0,-1582595288,85,0,0,2,255,0,0,-1,0,-1582681816,85,0,0,7,255,0,0,-1,0,-1582681768,85,0,0,7,255,0,0,-1,0,-1582681720,85,0,0
7,255,0,0,-1,0,-1582681672,85,0,0,2,255,0,0,-1,0,-1582681336,85,0,0,7,255,0,0,-1,0,-1582681288,85,0,0,7,255,0,0,-1,0,-1582681240,85,0,0,7,255,0,0,-1,0,-1582681192,85,0,0,2,255,0,0,-1,0,-1582679368,85,0,0,2,255,0,0,-1,6,0,0,-1582687672,85,-1582687752,85,-1582687992,85,0,0,-1582679320,85,0,0,2,255,0,0,-1,5,-1582679272,85,0,0,2,255,0,0,-1,0,-1582679224,85,0,0,2,255,0,0,-1,0,-1582679176,85,0,0,2,255,0,0,-1,0,-1582679128,85,0,0,2,255,0,0,-1,22,-1582679080,85,0,0,2,255,0,0,-1,0,-1582679032,85,0,0,2,255,0,0,-1,0,-1582678984,85,0,0,2,255,0,0,-1,0,-1582735288,85,0,0,2,255,0,0,-1,6,0,0,-1582701032,85,-1582701112,85,-1582701352,85,0,0,-1582735240,85,0,0,2,255,0,0,-1,5,-1582735192,85,0,0,2,255,0,0,-1,0,-1582735144,85,0,0
2,255,0,0,-1,0,-1582735096,85,0,0,2,255,0,0,-1,0,-1582735048,85,0,0,2,255,0,0,-1,22,-1582735000,85,0,0,2,255,0,0,-1,0,-1582734952,85,0,0,2,255,0,0,-1,0,-1582734904,85,0,0,2,255,0,0,-1,0,-1582732984,85,0,0,2,255,0,0,-1,6,0,0,-1582742680,85,-1582742760,85,-1582743000,85,0,0,-1582732936,85,0,0,2,255,0,0,-1,5,-1582732888,85,0,0,2,255,0,0,-1,0,-1582732840,85,0,0,2,255,0,0,-1,0,-1582732792,85,0,0,2,255,0,0,-1,0,-1582732744,85,0,0,2,255,0,0,-1,22,-1582732696,85,0,0,2,255,0,0,-1,0,-1582732648,85,0,0,2,255,0,0,-1,0,-1582732600,85,0,0,2,255,0,0,-1,0,-1582863448,85,0,0,2,255,0,0,-1,6,0,0,-1582805240,85,-1582805320,85,-1582805560,85,0,0,-1582863400,85,0,0,2,255,0,0,-1,5,-1582863352,85,0,0,2,255,0,0,-1,0,-1582863304,85,0,0
2,255,0,0,-1,0,-1582863256,85,0,0,2,255,0,0,-1,0,-1582863208,85,0,0,2,255,0,0,-1,25,-1582863160,85,0,0,2,255,0,0,-1,0,-1582863112,85,0,0,2,255,0,0,-1,0,-1582863064,85,0,0,2,255,0,0,-1,0,-1582862584,85,0,0,7,255,0,0,-1,0,-1582862536,85,0,0,7,255,0,0,-1,0,-1582862488,85,0,0,7,255,0,0,-1,0,-1582862440,85,0,0,7,255,0,0,-1,0,-1582862392,85,0,0,2,540161023,0,0,-1,0,-1582862056,85,0,0,7,255,0,0,-1,0,-1582862008,85,0,0,7,255,0,0,-1,0,-1582861960,85,0,0,7,255,0,0,-1,0,-1582861912,85,0,0,2,540161023,0,0,-1,0,-1582861528,85,0,0,7,255,0,0,-1,0,-1582861480,85,0,0,7,255,0,0,-1,0,-1582861432,85,0,0,7,255,0,0,-1,0,-1582861384,85,0,0,2,540161023,0,0,-1,0,-1582872728,85,0,0,7,255,0,0,-1,0,-1582872680,85,0,0
7,255,0,0,-1,0,-1582872632,85,0,0,7,255,0,0,-1,0,-1582872584,85,0,0,2,255,0,0,-1,0,-1582871192,85,0,0,7,255,0,0,-1,0,-1582871144,85,0,0,7,255,0,0,-1,0,-1582871096,85,0,0,7,255,0,0,-1,0,-1582871048,85,0,0,2,255,0,0,-1,0,-1582868840,85,0,0,2,255,0,0,-1,6,0,0,-1582914712,85,-1582914792,85,-1582864696,85,0,0,-1582981032,85,0,0,2,255,0,0,-1,5,-1582980984,85,0,0,2,255,0,0,-1,0,-1582980936,85,0,0,2,255,0,0,-1,0,-1582980888,85,0,0,2,255,0,0,-1,0,-1582980840,85,0,0,2,255,0,0,-1,25,-1582980792,85,0,0,2,255,0,0,-1,0,-1582980744,85,0,0,2,255,0,0,-1,0,-1582980696,85,0,0,2,255,0,0,-1,0,1664703071,1600218229,1885697139,1599301968,1716543315,1768515174,1918988383,929000801,0,0,1664703071,1600218229,1885697139,1599301968,1716543315,1768515174,1918988383,912223585,0,0,1664703071,1600218229,1885697139,1599301968,1716543315,1768515174,1918988383,895446369,0,0,1664703071,1600218229,1885697139,1599301968
1716543315,1768515174,1918988383,878669153,0,0,1664703071,1600218229,1885697139,1599301968,1716543315,1768515174,1918988383,861891937,0,0,1664703071,1600218229,1885697139,1599301968,1716543315,1768515174,1918988383,845114721,0,0,1664703071,1600218229,1885697139,1599301968,1716543315,1768515174,1918988383,828337505,0,0,1664703071,1600218229,1885697139,1599301968,1716543315,1768515174,1918988383,811560289,0,0,-1582979688,85,0,0,2,255,0,0,-1,51,-1582979640,85,0,0,2,255,0,0,-1,58,-1582979592,85,0,0,2,255,0,0,-1,4,0,0,-1582616728,85,-1582616808,85,-1582618488,85,-1582618568,85,-1582979544,85,0,0,2,255,0,0,-1,5,-1582979496,85,0,0,2,255,0,0,-1,37,-1582979448,85,0,0,2,255,0,0,-1,0,-1582979400,85,0,0,2,255,0,0,-1,0,-1582979352,85,0,0,6,255,0,0,-1,0,8,160,388,642,876,939,-1,0,0,0,-1582979160,85,0,0,7,255,0,0,-1,0,4752,0,4176,0,4168,0,4,0,-1582869272,85,0,0,0,0,2,255,0,0,0,0,-1594361400,85,0,0,0,0,4,0,-1582869224,85,0,0,0,0,2,255,0,0,0,0,-1594361400,85,0,0
0,0,4,0,-1582869176,85,0,0,0,0,2,255,0,0,0,0,-1594361400,85,0,0,0,0,4,0,-1582869128,85,0,0,0,0,2,255,0,0,0,0,-1594361400,85,0,0,0,0,4,0,-1582869080,85,0,0,0,0,2,255,0,0,0,0,-1594361400,85,0,0,0,0,4,0,-1582869032,85,0,0,0,0,2,255,0,0,0,0,-1594361400,85,0,0,0,0,4,0,-1582868984,85,0,0,0,0,2,255,0,0,0,0,-1594361400,85,0,0,0,0,0,0,-1582868936,85,0,0,0,0,0,255,0,0,0,0,0,0,0,0,-1582935128,85,4,0,-1582868840,85,0,0,0,0,2,255,0,0,0,0,0,0,6,0,-1582934952,85,4,0,-1582981032,85,0,0,0,0,2,255,0,0,0,0,0,0,5,0,-1582934776,85,4,0,-1582980984,85,0,0,0,0,2,255,0,0,0,0,0,0,0,0,0,0,4,0,-1582980936,85,0,0,0,0,2,255,0,0,0,0,0,0,0,0
0,0,4,0,-1582980888,85,0,0,0,0,2,255,0,0,0,0,0,0,0,0,0,0,4,0,-1582980840,85,0,0,0,0,2,255,0,0,0,0,0,0,25,0,-1582934600,85,4,0,-1582980792,85,0,0,0,0,2,255,0,0,0,0,0,0,0,0,0,0,4,0,-1582980744,85,0,0,0,0,2,255,0,0,0,0,0,0,0,0,0,0,4,0,-1582980696,85,0,0,0,0,2,255,0,0,0,0,0,0,0,0,0,0,4,0,-1582980648,85,0,0,0,0,2,255,0,0,0,0,-1594361000,85,0,0,0,0,4,0,-1582980600,85,0,0,0,0,2,255,0,0,0,0,-1594361000,85,0,0,0,0,4,0,-1582980552,85,0,0,0,0,2,255,0,0,0,0,-1594361000,85,0,0,0,0,0,0,-1582980504,85,0,0,0,0,0,255,0,0,0,0,-1594361000,85,0,0,-1582934424,85,4,0,-1582980456,85,0,0,0,0,2,255,0,0,0,0,-1594361000,85,0,0
0,0,4,0,-1582980408,85,0,0,0,0,2,255,0,0,0,0,-1594361000,85,0,0,0,0,4,0,-1582980360,85,0,0,0,0,2,255,0,0,0,0,-1594361000,85,0,0,0,0,0,0,-1582980312,85,0,0,0,0,0,255,0,0,0,0,-1594361000,85,0,0,-1582934248,85,4,0,-1582980264,85,0,0,0,0,2,255,0,0,0,0,-1594361000,85,0,0,0,0,0,0,-1582980216,85,0,0,0,0,0,255,0,0,0,0,-1594361000,85,0,0,-1582934072,85,0,0,-1582980168,85,0,0,0,0,0,255,0,0,0,0,-1594361000,85,0,0,-1582933896,85,4,0,-1582980120,85,0,0,0,0,2,255,0,0,0,0,-1594361000,85,0,0,0,0,4,0,-1582980072,85,0,0,0,0,2,255,0,0,0,0,-1594361000,85,0,0,0,0,4,0,-1582980024,85,0,0,0,0,2,255,0,0,0,0,-1594361000,85,0,0,0,0,4,0,-1582979976,85,0,0,0,0,2,255,0,0,0,0,-1594361000,85,0,0
0,0,4,0,-1582979928,85,0,0,0,0,2,255,0,0,0,0,-1594361000,85,0,0,0,0,4,0,-1582979880,85,0,0,0,0,2,255,0,0,0,0,-1594361000,85,0,0,0,0,4,0,-1582979832,85,0,0,0,0,2,255,0,0,0,0,-1594361000,85,0,0,0,0,4,0,-1582979784,85,0,0,0,0,2,255,0,0,0,0,-1594361000,85,0,0,0,0,0,0,-1582979736,85,0,0,0,0,0,255,0,0,0,0,-1594361000,85,0,0,-1582933720,85,4,0,-1582979688,85,0,0,0,0,2,255,0,0,0,0,-1594361000,85,51,0,-1582933544,85,4,0,-1582979640,85,0,0,0,0,2,255,0,0,0,0,-1594361000,85,58,0,-1582933368,85,4,0,-1582979592,85,0,0,0,0,2,255,0,0,0,0,-1594361000,85,4,0,-1582933192,85,4,0,-1582979544,85,0,0,0,0,2,255,0,0,0,0,-1594361000,85,5,0,-1582933016,85,4,0,-1582979496,85,0,0,0,0,2,255,0,0,0,0,-1594361000,85,37,0
-1582932840,85,4,0,-1582979448,85,0,0,0,0,2,255,0,0,0,0,-1594361000,85,0,0,0,0,4,0,-1582979400,85,0,0,0,0,2,255,0,0,0,0,-1594361000,85,0,0,0,0,4,0,-1582979352,85,0,0,0,0,6,255,13144,0,0,0,-1594361000,85,0,0,0,0,0,0,-1582979304,85,0,0,0,0,0,255,0,0,0,0,-1594361000,85,0,0,-1582932664,85,4,0,-1582979160,85,0,0,0,0,7,255,277,0,0,0,-1594361000,85,0,0,0,0,4,0,-1582979112,85,0,0,0,0,7,255,273,0,0,0,-1594361000,85,0,0,0,0,4,0,-1582979064,85,0,0,0,0,7,255,269,0,0,0,-1594361000,85,0,0,0,0,4,0,-1582979016,85,0,0,0,0,7,255,265,0,0,0,-1594361000,85,0,0,0,0,4,0,-1582978968,85,0,0,0,0,7,255,257,0,0,0,-1594361000,85,0,0,0,0,4,0,-1582978920,85,0,0,0,0,7,255,249,0,0,0,-1594361000,85,0,0
10960,0,4160,0,4152,0,0,0,-1582943832,85,-1582910800,85,0,0,0,0,0,0,0,0,0,0,0,0,0,0,0,0,0,0,0,0,0,0,0,0,0,0,0,0,0,0,0,0,0,0,0,0,0,0,0,0,0,0,0,0,0,0,0,0,0,0,0,0,0,0,0,0,0,0,0,0,0,0,0,0,0,0,0,0,-1582910776,85,-1582943832,85,0,0,0,0,0,0,0,0,0,0,0,0,0,0,0,0,0,0,0,0,0,0,0,0,0,0,0,0,0,0,0,0,0,0,0,0,0,0,0,0,0,0,0,0,0,0,0,0,0,0,0,0,0,0,0,0,0,0,0,0,0,0,0,0,0,0,0,0,0,0,-1582910480,85,-1582943832,85,0,0,0,0,0,0,0,0,0,0,0,0,0,0,0,0,0,0,0,0,0,0,0,0,0,0,0,0,0,0,0,0,0,0,0,0,0,0,0,0,0,0
0,0,0,0,0,0,0,0,0,0,0,0,0,0,0,0,0,0,0,0,0,0,0,0,0,0,0,0,-1582910184,85,-1582943832,85,0,0,0,0,0,0,0,0,0,0,0,0,0,0,0,0,0,0,0,0,0,0,0,0,0,0,0,0,0,0,0,0,0,0,0,0,0,0,0,0,0,0,0,0,0,0,0,0,0,0,0,0,0,0,0,0,0,0,0,0,0,0,0,0,0,0,0,0,0,0,-1582909888,85,-1582943832,85,0,0,0,0,0,0,0,0,0,0,0,0,0,0,0,0,0,0,0,0,0,0,0,0,0,0,0,0,0,0,0,0,0,0,0,0,0,0,0,0,0,0,0,0,0,0,0,0,0,0,0,0,0,0,0,0,0,0,0,0,0,0,0,0,0,0,0,0,0,0,-1582909592,85,-1582943832,85,0,0,0,0,0,0,0,0,0,0,0,0,0,0,0,0,0,0,0,0
0,0,0,0,0,0,0,0,0,0,0,0,0,0,0,0,0,0,0,0,0,0,0,0,0,0,0,0,0,0,0,0,0,0,0,0,0,0,0,0,0,0,0,0,0,0,0,0,0,0,-1582909296,85,-1582943832,85,0,0,0,0,0,0,0,0,0,0,0,0,0,0,0,0,0,0,0,0,0,0,0,0,0,0,0,0,0,0,0,0,0,0,0,0,0,0,0,0,0,0,0,0,0,0,0,0,0,0,0,0,0,0,0,0,0,0,0,0,0,0,0,0,0,0,0,0,0,0,-1582909000,85,-1582943832,85,0,0,0,0,0,0,0,0,0,0,0,0,0,0,0,0,0,0,0,0,0,0,0,0,0,0,0,0,0,0,0,0,0,0,0,0,0,0,0,0,0,0,0,0,0,0,0,0,0,0,0,0,0,0,0,0,0,0,0,0,0,0,0,0,0,0,0,0,0,0,-1582908704,85
-1582943832,85,0,0,0,0,0,0,0,0,0,0,0,0,0,0,0,0,0,0,0,0,0,0,0,0,0,0,0,0,0,0,0,0,0,0,0,0,0,0,0,0,0,0,0,0,0,0,0,0,0,0,0,0,0,0,0,0,0,0,0,0,0,0,0,0,0,0,0,0,0,0,-1582908408,85,-1582943832,85,0,0,0,0,0,0,0,0,0,0,0,0,0,0,0,0,0,0,0,0,0,0,0,0,0,0,0,0,0,0,0,0,0,0,0,0,0,0,0,0,0,0,0,0,0,0,0,0,0,0,0,0,0,0,0,0,0,0,0,0,0,0,0,0,0,0,0,0,0,0,-1582908112,85,-1582943832,85,0,0,0,0,0,0,0,0,0,0,0,0,0,0,0,0,0,0,0,0,0,0,0,0,0,0,0,0,0,0,0,0,0,0,0,0,0,0,0,0,0,0,0,0,0,0,0,0,0,0
0,0,0,0,0,0,0,0,0,0,0,0,0,0,0,0,0,0,0,0,-1582907816,85,-1582943832,85,0,0,0,0,0,0,0,0,0,0,0,0,0,0,0,0,0,0,0,0,0,0,0,0,0,0,0,0,0,0,0,0,0,0,0,0,0,0,0,0,0,0,0,0,0,0,0,0,0,0,0,0,0,0,0,0,0,0,0,0,0,0,0,0,0,0,0,0,0,0,-1582907520,85,-1582943832,85,0,0,0,0,0,0,0,0,0,0,0,0,0,0,0,0,0,0,0,0,0,0,0,0,0,0,0,0,0,0,0,0,0,0,0,0,0,0,0,0,0,0,0,0,0,0,0,0,0,0,0,0,0,0,0,0,0,0,0,0,0,0,0,0,0,0,0,0,0,0,0,0,-1582813128,85,-1582813288,85,-1582571208,85,-1582571368,85,-1582572888,85,-1582573048,85,-1582867176,85,-1582867256,85,-1582810648,85,-1582810728,85,-1582811208,85,-1582811288,85,-1582812888,85,-1582812808,85,-1582813368,85
-1582616008,85,-1582616088,85,-1582570488,85,-1582570568,85,-1582574328,85,-1582574408,85,-1582570888,85,-1582570808,85,-1582570968,85,-1582571448,85,-1582572568,85,-1582572488,85,-1582572648,85,-1582573128,85,-1582616888,85,-1582616968,85,-1582618648,85,-1582618728,85,-1582812968,85,-1582571048,85,15120,0,4192,0,4184,0,0,0,-1582943400,85,-1582906640,85,0,0,0,0,0,0,0,0,0,0,0,0,0,0,0,0,0,0,0,0,0,0,0,0,0,0,0,0,0,0,0,0,0,0,0,0,0,0,0,0,0,0,0,0,0,0,0,0,0,0,0,0,0,0,0,0,0,0,0,0,0,0,0,0,0,0,0,0,0,0,0,0,0,0,0,0,0,0,0,0,0,0,0,0,0,0,0,0,0,0,0,0,0,0,0,0,0,0,0,0,0,0,0,0,0,0,0,0,0,0,-1582906616,85,-1582943400,85,0,0,0,0,0,0,0,0,0,0,0,0,0,0,0,0,0,0,0,0,0,0,0,0,0,0,0,0,0,0,0,0,0,0
0,0,0,0,0,0,0,0,0,0,0,0,0,0,0,0,0,0,0,0,0,0,0,0,0,0,0,0,0,0,0,0,0,0,0,0,0,0,0,0,0,0,0,0,0,0,0,0,0,0,0,0,0,0,0,0,0,0,0,0,0,0,0,0,0,0,0,0,0,0,0,0,0,0,0,0,0,0,-1582906152,85,-1582943400,85,0,0,0,0,0,0,0,0,0,0,0,0,0,0,0,0,0,0,0,0,0,0,0,0,0,0,0,0,0,0,0,0,0,0,0,0,0,0,0,0,0,0,0,0,0,0,0,0,0,0,0,0,0,0,0,0,0,0,0,0,0,0,0,0,0,0,0,0,0,0,0,0,0,0,0,0,0,0,0,0,0,0,0,0,0,0,0,0,0,0,0,0,0,0,0,0,0,0,0,0,0,0,0,0,0,0,0,0,0,0,0,0,-1582905688,85,-1582943400,85,0,0
0,0,0,0,0,0,0,0,0,0,0,0,0,0,0,0,0,0,0,0,0,0,0,0,0,0,0,0,0,0,0,0,0,0,0,0,0,0,0,0,0,0,0,0,0,0,0,0,0,0,0,0,0,0,0,0,0,0,0,0,0,0,0,0,0,0,0,0,0,0,0,0,0,0,0,0,0,0,0,0,0,0,0,0,0,0,0,0,0,0,0,0,0,0,0,0,0,0,0,0,0,0,0,0,0,0,0,0,0,0,-1582905224,85,-1582943400,85,0,0,0,0,0,0,0,0,0,0,0,0,0,0,0,0,0,0,0,0,0,0,0,0,0,0,0,0,0,0,0,0,0,0,0,0,0,0,0,0,0,0,0,0,0,0,0,0,0,0,0,0,0,0,0,0,0,0,0,0,0,0,0,0,0,0,0,0,0,0,0,0,0,0,0,0,0,0,0,0,0,0,0,0,0,0
0,0,0,0,0,0,0,0,0,0,0,0,0,0,0,0,0,0,0,0,0,0,0,0,0,0,-1582904760,85,-1582943400,85,0,0,0,0,0,0,0,0,0,0,0,0,0,0,0,0,0,0,0,0,0,0,0,0,0,0,0,0,0,0,0,0,0,0,0,0,0,0,0,0,0,0,0,0,0,0,0,0,0,0,0,0,0,0,0,0,0,0,0,0,0,0,0,0,0,0,0,0,0,0,0,0,0,0,0,0,0,0,0,0,0,0,0,0,0,0,0,0,0,0,0,0,0,0,0,0,0,0,0,0,0,0,0,0,0,0,0,0,0,0,0,0,-1582904296,85,-1582943400,85,0,0,0,0,0,0,0,0,0,0,0,0,0,0,0,0,0,0,0,0,0,0,0,0,0,0,0,0,0,0,0,0,0,0,0,0,0,0,0,0,0,0,0,0,0,0,0,0,0,0,0,0,0,0
0,0,0,0,0,0,0,0,0,0,0,0,0,0,0,0,0,0,0,0,0,0,0,0,0,0,0,0,0,0,0,0,0,0,0,0,0,0,0,0,0,0,0,0,0,0,0,0,0,0,0,0,0,0,0,0,0,0,-1582903832,85,-1582943400,85,0,0,0,0,0,0,0,0,0,0,0,0,0,0,0,0,0,0,0,0,0,0,0,0,0,0,0,0,0,0,0,0,0,0,0,0,0,0,0,0,0,0,0,0,0,0,0,0,0,0,0,0,0,0,0,0,0,0,0,0,0,0,0,0,0,0,0,0,0,0,0,0,0,0,0,0,0,0,0,0,0,0,0,0,0,0,0,0,0,0,0,0,0,0,0,0,0,0,0,0,0,0,0,0,0,0,0,0,0,0,0,0,0,0,-1582912952,85,-1582913592,85,-1582867016,85,-1582868456,85,-1582810488,85,-1582811048,85,-1582812648,85,-1582802600,85,-1582803480,85,-1582689832,85,-1582615848,85,-1582530824,85
-1582912632,85,-1582912712,85,-1582913112,85,-1582913192,85,-1582913272,85,-1582913432,85,-1582913512,85,-1582866696,85,-1582866776,85,-1582866856,85,-1582866936,85,-1582867496,85,-1582867896,85,-1582868136,85,-1582868216,85,-1582868296,85,-1582810968,85,-1582812568,85,-1582802200,85,-1582803880,85,-1582803960,85,-1582804120,85,-1582741560,85,-1582699672,85,-1582699752,85,-1582699832,85,-1582699912,85,-1582686312,85,-1582686392,85,-1582686472,85,-1582686552,85,-1582689752,85,-1582529624,85,-1582530344,85,-1582573928,85,-1582572248,85,-1582616648,85,-1582618408,85,-1582619208,85,-1582619608,85,-1582617448,85,-1582617848,85,-1582814168,85,-1582812088,85,-1582868616,85,12673,0,-1592365712,85,-1594558064,85,0,0,0,0,24,85,0,0,-1582916016,85,813068837,0,-1594582184,85,-1582902392,85,-1582915976,85,828469797,0,-1594582184,85,-1582902360,85,-1582915936,85,811692581,0,-1594582184,85,-1582902328,85,-1582915896,85,3961381,85,-1594582184,85,-1593806299,85,-1594582184,85,-1583056448,85,46,0,7761773,85,-1594582184,85,-1592542992,85,5526,0,7761773,85,-1594582184,85,0,255,-1594582184,85,-1582873384,85,-1582949968,85,0,5523,0,85,-1594366992,85,-1594582184,85,-1582931384,85,-1582931416,85,0,255,-1594582184,85,925987365,0,-1594582184,85,-1583056448,85,44,0,7761773,85,-1594582184,85,-1582902168,85,-1582949944,85,0,5523,0,85,-1594366992,85
-1594582184,85,-1582931288,85,-1582931320,85,0,255,-1594582184,85,959541797,0,-1594582184,85,-1583056448,85,43,0,7761773,85,-1594582184,85,-1582902424,85,-1582913832,85,1,357,12,85,0,0,-1582915856,85,-1583056448,85,42,0,-1582901912,85,-1582913752,85,-1582901848,85,-1582913672,85,-1582855832,85,-1582574008,85,0,0,-1582915816,85,-1582901800,85,-1582915776,85,-1582936488,85,-1583056448,85,-1582808088,85,-1594582184,85,946892148,12341,-1594582184,85,-1582901480,85,-1594582184,85,925987365,0,-1594582184,85,-1592542992,85,5525,0,959541797,0,-1594582184,85,1,1282,-1,85,3306021,85,-1594582184,85,-1583056448,85,41,0,-1582855848,85,-1582866616,85,-1582901760,85,-1594582184,85,-1592542992,85,5524,0,-1582901760,85,-1594582184,85,925987365,0,-1594582184,85,959541797,0,-1594582184,85,-1582901832,85,-1582913592,85,3306021,85,-1594582184,85,-1592542992,85,5523,0,7760228,85,-1594582184,85,-1582902040,85,-1582949896,85,0,5522,0,85,-1594367272,85,-1594582184,85,0,255,-1594582184,85,942764581,0,-1594582184,85,-1582901512,85,-1582913512,85,959541797,0,-1594582184,85,-1592542992,85,5522,0,6452595,85,-1594582184,85,-1582901448,85,-1582949848,85,0,5521,0,85,-1594367272,85,-1594582184,85,0,255,-1594582184,85,925987365,0,-1594582184,85,3240485,85,-1594582184,85,-1582901368,85
-1582913432,85,942764581,0,-1594582184,85,-1592542992,85,5521,0,6579297,85,-1594582184,85,1,355,22,85,-1592542992,85,5520,0,1,1281,-1,85,1,356,24,85,-1582873256,85,-1582913352,85,-1582549928,85,-1582572328,85,-1592542992,85,5519,0,946892148,14644,-1594582184,85,-1582901304,85,-1582949800,85,0,5518,0,85,-1594367272,85,-1594582184,85,0,255,-1594582184,85,909210149,0,-1594582184,85,892432933,0,-1594582184,85,-1582901208,85,-1582913272,85,925987365,0,-1594582184,85,-1592542992,85,5518,0,778859885,28524,-1594582184,85,-1582901016,85,-1582949752,85,0,5517,0,85,-1594366992,85,-1594582184,85,-1582930584,85,-1582930648,85,0,255,-1594582184,85,-1593804754,85,-1594582184,85,1769238053,100,-1594582184,85,-1582900920,85,-1582913192,85,909210149,0,-1594582184,85,-1592542992,85,5517,0,7761773,85,-1594582184,85,-1582900856,85,-1582949728,85,0,5516,0,85,-1594366992,85,-1594582184,85,-1582930456,85,-1582930520,85,0,255,-1594582184,85,-1593804754,85,-1594582184,85,1952673317,6580577,-1594582184,85,-1582900744,85,-1582913112,85,892432933,0,-1594582184,85,-1592542992,85,5516,0,7761773,85,-1594582184,85,1,354,11,85,-1592542992,85,5515,0,1,1280,-1,85,1,355,22,85,-1582901080,85,-1582913032,85,-1582901064,85,-1582571608,85,-1592542992,85
5514,0,946892148,14388,-1594582184,85,-1582900680,85,-1582949704,85,0,5513,0,85,-1594367272,85,-1594582184,85,0,255,-1594582184,85,875655717,0,-1594582184,85,858878501,0,-1594582184,85,-1582900568,85,-1582912952,85,3240485,85,-1594582184,85,-1592542992,85,5513,0,778859885,28524,-1594582184,85,1,353,1,85,-1592542992,85,5512,0,1,1279,-1,85,-1582900440,85,-1582912872,85,-1582900424,85,-1582571528,85,-1592542992,85,5511,0,1,1278,-1,85,1,354,11,85,-1582900168,85,-1582912792,85,-1582900152,85,-1582571288,85,-1592542992,85,5510,0,946892148,14132,-1594582184,85,-1582900376,85,-1582949632,85,0,5509,0,85,-1594366992,85,-1594582184,85,-1582930040,85,-1582930136,85,7,255,-1594582184,85,-1582900280,85,-1582912712,85,875655717,0,-1594582184,85,-1592542992,85,5509,0,-1593809812,85,-1594582184,85,-1582900024,85,-1582949608,85,0,5508,0,85,-1594366992,85,-1594582184,85,-1582929912,85,-1582930008,85,7,255,-1594582184,85,-1582899944,85,-1582912632,85,858878501,0,-1594582184,85,-1592542992,85,5508,0,-1593809812,85,-1594582184,85,-1582899880,85,-1582949584,85,0,5507,0,85,-1594368312,85,-1594582184,85,-1582929784,85,-1582929880,85,7,255,-1594582184,85,-1582899800,85,-1582912552,85,3302949,85,-1594582184,85,-1592542992,85,5507,0,-1593809812,85
-1594582184,85,-1582899736,85,-1582949560,85,0,5506,0,85,-1594368312,85,-1594582184,85,-1582929656,85,-1582929752,85,7,255,-1594582184,85,-1582899656,85,-1582912472,85,3237413,85,-1594582184,85,-1592542992,85,5506,0,-1593809812,85,-1594582184,85,-1582899592,85,-1582949536,85,0,5505,0,85,-1594367792,85,-1594582184,85,-1582929528,85,-1582929624,85,7,255,-1594582184,85,-1582899512,85,-1582912392,85,878998053,0,-1594582184,85,-1592542992,85,5505,0,-1593809812,85,-1594582184,85,-1582899448,85,-1582949512,85,0,5504,0,85,-1594367792,85,-1594582184,85,-1582929400,85,-1582929496,85,7,255,-1594582184,85,-1582899368,85,-1582912312,85,862220837,0,-1594582184,85,-1592542992,85,5504,0,-1593809812,85,-1594582184,85,-1582899304,85,-1582949488,85,0,5503,0,85,-1594367792,85,-1594582184,85,-1582929272,85,-1582929368,85,7,255,-1594582184,85,-1582899224,85,-1582912232,85,845443621,0,-1594582184,85,-1592542992,85,5503,0,-1593809812,85,-1594582184,85,-1582899160,85,-1582949464,85,0,5502,0,85,-1594367792,85,-1594582184,85,-1582929144,85,-1582929240,85,7,255,-1594582184,85,-1582899080,85,-1582912152,85,828666405,0,-1594582184,85,-1592542992,85,5502,0,-1593809812,85,-1594582184,85,-1582899016,85,-1582949440,85,0,5501,0,85,-1594367792,85,-1594582184,85,-1582929080,85,-1582929112,85,6,255
-1594582184,85,1280332581,0,-1594582184,85,5264165,85,-1594582184,85,-1592542992,85,5501,0,1635022435,0,-1594582184,85,-1582898872,85,-1593042680,85,0,5500,0,85,-1594367792,85,-1594582184,85,-1582928984,85,-1582929048,85,0,255,-1594582184,85,1869373279,1600938339,1869636964,14452,1280332581,0,-1594582184,85,-1592542992,85,5500,0,7761773,85,-1594582184,85,-1592542992,85,5498,0,-1592542992,85,5496,0,1,1277,-1,85,1,353,1,85,-1582900088,85,-1582912072,85,-1582900072,85,-1582571128,85,-1592542992,85,5495,0,1668183398,1734697567,3698281,85,1,353,1,85,877550175,862808420,1782919491,27242,-1592542992,85,5494,0,-1582898936,85,-1582911992,85,-1582815544,85,-1582868536,85,0,0,-1582915416,85,1013215781,0,-1594582184,85,6582821,85,4112,0,4112,0,4104,0,0,0,0,0,0,0,0,0,0,0,0,0,0,0,0,0,0,0,0,0,0,0,0,0,0,0,0,0,0,0,0,0,0,0,0,0,0,0,0,0,0,0,0,0,0,0,0,0,0,0,0,0,-1582471688,85,0,0,-1582471992,85,-1582472248,85,-1582472376,85,-1582472872,85,-1582472968,85,0,0,0,0,0,0,0,0,0,0,0,0
0,0,0,0,0,0,0,0,0,0,0,0,0,0,0,0,0,0,0,0,0,0,0,0,0,0,0,0,0,0,0,0,0,0,0,0,0,0,0,0,0,0,0,0,0,0,-1582471752,85,0,0,0,0,0,0,0,0,0,0,0,0,0,0,0,0,0,0,0,0,0,0,0,0,0,0,0,0,0,0,0,0,0,0,0,0,0,0,0,0,0,0,0,0,0,0,0,0,0,0,0,0,0,0,0,0,0,0,0,0,0,0,0,0,0,0,0,0,0,0,0,0,0,0,0,0,0,0,0,0,0,0,0,0,0,0,0,0,0,0,0,0,0,0,0,0,0,0,0,0,0,0,0,0,0,0,0,0,0,0,0,0,0,0,0,0,0,0,0,0,0,0,0,0,0,0,0,0,0,0,0,0,0,0,0,0,0,0,0,0,0,0,0,0,0,0,0,0,0,0,0,0
0,0,0,0,0,0,0,0,0,0,0,0,0,0,0,0,-1582490904,85,0,0,-1582491208,85,-1582491464,85,-1582470888,85,-1582471384,85,-1582471480,85,0,0,0,0,0,0,0,0,0,0,0,0,-1582491112,85,0,0,0,0,0,0,0,0,0,0,0,0,0,0,0,0,0,0,0,0,0,0,0,0,0,0,0,0,0,0,0,0,0,0,0,0,0,0,0,0,0,0,0,0,0,0,0,0,0,0,0,0,0,0,0,0,0,0,-1582490968,85,0,0,0,0,0,0,0,0,0,0,0,0,0,0,0,0,0,0,0,0,0,0,0,0,0,0,0,0,0,0,0,0,0,0,0,0,0,0,0,0,0,0,0,0,0,0,0,0,0,0,0,0,0,0,0,0,0,0,0,0,0,0,0,0,0,0,0,0,0,0,0,0,0,0,0,0,0,0,0,0,0,0,0,0,0,0,0,0,0,0,0,0,0,0,0,0
0,0,0,0,0,0,0,0,0,0,0,0,0,0,0,0,0,0,0,0,0,0,0,0,0,0,0,0,0,0,0,0,0,0,0,0,0,0,0,0,0,0,0,0,0,0,0,0,0,0,0,0,0,0,0,0,0,0,-1582489416,85,0,0,-1582489720,85,-1582489976,85,-1582490104,85,-1582490600,85,-1582490696,85,0,0,0,0,0,0,0,0,0,0,0,0,0,0,0,0,0,0,0,0,0,0,0,0,0,0,-1582489624,85,0,0,0,0,0,0,0,0,0,0,0,0,0,0,0,0,0,0,0,0,0,0,0,0,0,0,0,0,0,0,0,0,0,0,0,0,0,0,0,0,0,0,0,0,0,0,0,0,0,0,0,0,0,0,0,0,0,0,-1582489480,85,0,0,-1594363184,85,-1592409288,85,-1587591688,85,-1592409328,85,-1587391096,85,-1592409408,85,-1587174808,85,-1592409448,85,-1594363232,85,-1592409528,85,-1594363520,85,-1592409568,85,-1586573304,85,-1592409608,85,-1586356840,85,-1592409648,85,-1594363592,85,-1592409728,85,-1586335848,85
-1592409808,85,-1586336440,85,-1592409888,85,-1586337336,85,-1592409968,85,-1592658664,85,-1592412088,85,-1584054696,85,-1585530296,85,-1583056224,85,-1585531296,85,-1583056392,85,-1582915096,85,-1582501560,85,-1582592704,85,0,0,0,0,0,0,0,0,0,0,0,0,0,0,0,0,0,0,0,0,0,0,0,0,0,0,0,0,0,0,0,0,0,0,0,0,0,0,0,0,0,0,0,0,0,0,0,0,0,0,0,0,0,0,0,0,0,0,0,0,0,0,0,0,0,0,0,0,0,0,0,0,0,0,0,0,0,0,0,0,0,0,0,0,0,0,0,0,0,0,0,0,0,0,0,0,0,0,0,0,0,0,0,0,0,0,0,0,0,0,0,0,0,0,0,0,0,0,0,0,0,0,0,0,0,0,0,0,0,0,0,0,0,0,0,0,0,0,0,0,0,0,0,0,0,0,0,0,0,0,0,0,0,0,0,0,0,0,0,0,0,0,0,0,0,0,0,0,0,0
0,0,0,0,0,0,0,0,0,0,0,0,0,0,0,0,0,0,0,0,0,0,0,0,-1582507688,85,0,0,-1582507912,85,-1582487640,85,-1582488184,85,-1582488312,85,-1582489112,85,-1582489208,85,0,0,0,0,0,0,0,0,0,0,0,0,0,0,0,0,0,0,0,0,0,0,0,0,0,0,0,0,0,0,0,0,0,0,0,0,0,0,0,0,0,0,-1582487544,85,0,0,0,0,0,0,0,0,0,0,0,0,0,0,0,0,0,0,0,0,-1582508008,85,-1582487448,85,0,0,0,0,0,0,0,0,0,0,0,0,0,0,0,0,0,0,0,0,0,0,0,0,0,0,0,0,0,0,0,0,0,0,-1582507752,85,0,0,177,0,-1582941488,85,-1582976912,85,0,0,0,0,0,0,0,0,0,0,0,0,0,0,0,0,0,0,0,0,0,0,0,0,0,0,0,0,0,0,0,0,0,0,0,0,8400,0,80,0,-1582940096,85,-1582974968,85,0,0,4096,0
-1594589560,85,-1582831128,85,1,2173,32,0,0,0,4193,0,-1594375824,85,-1594662080,85,0,0,0,0,-1594589560,85,-1582827016,85,1,2174,200,0,80,0,4113,0,-1582976736,85,-1583078896,85,0,0,0,0,-1583076952,85,-1592542992,85,5430,0,-1582893800,85,-1582955512,85,0,0,-1582955544,85,-1592542992,85,5429,0,1634886000,12653,-1583076952,85,-1592542992,85,5428,0,1634886000,12397,-1583076952,85,-1592542992,85,5426,0,1769107574,6714478,-1583076952,85,0,0,-1582955416,85,1987339634,3173473,-1583076952,85,-1592542992,85,5425,0,1819042147,0,-1583076952,85,-1582937224,85,-1582958872,85,-1582936216,85,-1582958872,85,1597456962,55,-1583076952,85,0,0,-1585531776,85,1987339634,3173473,-1583076952,85,-1592542992,85,5424,0,-1582935704,85,-1582948936,85,0,5423,0,85,-1594366912,85,-1583076952,85,-1582955352,85,-1582955384,85,7,255,-1583076952,85,828666405,49,-1583076952,85,1634886000,12653,-1583076952,85,-1592542992,85,5423,0,-1593805709,85,-1583076952,85,-1582893624,85,-1582958792,85,-1582893608,85,-1582958792,85,-1592542992,85,5436,0,0,0,-1585531736,85,1634886000,12653,-1583076952,85,-1592542992,85,5422,0,-1582893528,85,-1582948888,85,0,5421,0,85,-1594366912,85,-1583076952,85,-1582955192,85,-1582955224,85,7,255,-1583076952,85,828666405,48
-1583076952,85,1634886000,12397,-1583076952,85,-1592542992,85,5421,0,-1593805709,85,-1583076952,85,-1582893384,85,-1582958712,85,-1582893368,85,-1582958712,85,0,0,-1585531696,85,1634886000,12397,-1583076952,85,-1592542992,85,5420,0,-1582893128,85,-1582958632,85,1,214,9,85,0,0,-1585531656,85,1886217588,1918988383,1918856545,26469,-1592542992,85,5418,0,-1582893592,85,-1582893352,85,1,219,1,85,-1592542992,85,5435,0,6386274,85,-1583076952,85,-1582893288,85,-1582948840,85,0,5415,0,85,-1594367792,85,-1583076952,85,0,255,-1583076952,85,5264165,85,-1583076952,85,-1582935768,85,-1582958552,85,828666405,49,-1583076952,85,-1592542992,85,5415,0,6579297,85,-1583076952,85,-1582892920,85,-1582948792,85,0,5414,0,85,-1594367792,85,-1583076952,85,-1582954872,85,-1582954904,85,5,255,-1583076952,85,962884133,0,-1583076952,85,-1582892840,85,-1582958472,85,828666405,48,-1583076952,85,-1592542992,85,5414,0,1635022435,0,-1583076952,85,-1582892776,85,-1582948768,85,0,5413,0,85,-1594367792,85,-1583076952,85,-1582954776,85,-1582954840,85,0,255,-1583076952,85,1920234276,0,-1583076952,85,-1582892680,85,-1582958392,85,962884133,0,-1583076952,85,-1592542992,85,5413,0,7761773,85,-1583076952,85,-1582892616,85,-1582948744,85,0,5412,0,85,-1594366992,85,-1583076952,85,-1582954712,85
-1582954744,85,12,255,-1583076952,85,3240485,85,-1583076952,85,5264165,85,-1583076952,85,-1592542992,85,5412,0,-1593805709,85,-1583076952,85,-1582892456,85,-1582948696,85,0,5411,0,85,-1594366992,85,-1583076952,85,-1582954552,85,-1582954584,85,12,255,-1583076952,85,3306021,85,-1583076952,85,5264165,85,-1583076952,85,-1592542992,85,5411,0,-1593805709,85,-1583076952,85,1,1271,-1,85,-1582936008,85,-1582958312,85,1,22,-1,85,-1592542992,85,5410,0,946892148,13364,-1583076952,85,1,213,5,85,-1592542992,85,5409,0,1,1270,-1,85,1,214,9,85,-1582892152,85,-1582958232,85,1,21,-1,85,-1592542992,85,5408,0,1597456962,53,-1583076952,85,-1582892312,85,-1582948648,85,0,5406,0,85,0,0,-1583076952,85,-1582954328,85,-1583076952,85,0,255,-1583076952,85,-1582890744,85,-1585532016,85,-1582891848,85,-1582891832,85,1597456962,53,-1583076952,85,-1592542992,85,5406,0,6386274,85,-1583076952,85,-1582891960,85,-1582948624,85,0,5405,0,85,0,0,-1583076952,85,-1582954296,85,-1583076952,85,0,255,-1583076952,85,-1592542992,85,5475,0,-1582891688,85,-1582891656,85,1597456962,54,-1583076952,85,6386274,85,-1583076952,85,-1592542992,85,5405,0,3633189,85,-1583076952,85,-1582891800,85,-1582948600,85,0,5404
0,85,-1593380688,85,-1583076952,85,-1582954136,85,-1582954200,85,0,255,-1583076952,85,3305509,85,-1583076952,85,-1582892520,85,-1582958152,85,3633189,85,-1583076952,85,-1592542992,85,5404,0,7630702,85,-1583076952,85,-1582891624,85,-1582948576,85,0,5403,0,85,-1593380688,85,-1583076952,85,-1582954040,85,-1582954104,85,0,255,-1583076952,85,3698725,85,-1583076952,85,-1582891528,85,-1582958072,85,3305509,85,-1583076952,85,-1592542992,85,5403,0,7761773,85,-1583076952,85,1,1269,-1,85,1,213,5,85,-1582892024,85,-1582957992,85,1,20,-1,85,-1592542992,85,5402,0,1597456962,52,-1583076952,85,-1582891464,85,-1582948552,85,0,5400,0,85,-1593380688,85,-1583076952,85,-1582953944,85,-1582954008,85,0,255,-1583076952,85,3239973,85,-1583076952,85,3698725,85,-1583076952,85,-1592542992,85,5400,0,7761773,85,-1583076952,85,-1582891208,85,-1582948528,85,0,5399,0,85,-1594367272,85,-1583076952,85,0,255,-1583076952,85,3306021,85,-1583076952,85,-1582891368,85,-1582957912,85,3239973,85,-1583076952,85,-1592542992,85,5399,0,1886676339,0,-1583076952,85,1,1268,-1,85,1,213,5,85,-1582891272,85,-1582957832,85,1,19,-1,85,-1592542992,85,5398,0,1597456962,51,-1583076952,85,-1582891064,85,-1582948480,85,0,5396
0,85,0,0,-1583076952,85,-1582953816,85,-1583076952,85,0,255,-1583076952,85,-1582971656,85,-1585532096,85,-1582890712,85,-1582890696,85,1597456962,51,-1583076952,85,-1592542992,85,5396,0,6386274,85,-1583076952,85,-1582890824,85,-1582948456,85,0,5395,0,85,0,0,-1583076952,85,-1582953784,85,-1583076952,85,0,255,-1583076952,85,-1592542992,85,5476,0,-1582890552,85,-1582890520,85,1597456962,52,-1583076952,85,6386274,85,-1583076952,85,-1592542992,85,5395,0,3567653,85,-1583076952,85,-1582890664,85,-1582948432,85,0,5394,0,85,-1593380688,85,-1583076952,85,-1582953624,85,-1582953688,85,0,255,-1583076952,85,3502117,85,-1583076952,85,-1582890984,85,-1582957752,85,3698725,85,-1583076952,85,-1592542992,85,5394,0,7761773,85,-1583076952,85,-1582890488,85,-1582948408,85,0,5393,0,85,-1593380688,85,-1583076952,85,-1582953528,85,-1582953592,85,0,255,-1583076952,85,-1582890392,85,-1582957672,85,3502117,85,-1583076952,85,-1592542992,85,5393,0,7761773,85,-1583076952,85,-1582890328,85,-1582948384,85,0,5392,0,85,-1594367272,85,-1583076952,85,0,255,-1583076952,85,3306021,85,-1583076952,85,-1582890248,85,-1582957592,85,3567653,85,-1583076952,85,-1592542992,85,5392,0,1886676339,0,-1583076952,85,1,211,17,85,-1592542992,85,5391,0,1,1267
-1,85,1,213,5,85,-1582890888,85,-1582957512,85,1,18,-1,85,-1592542992,85,5390,0,946892148,13108,-1583076952,85,-1582890184,85,-1582948336,85,0,5389,0,85,-1594366712,85,-1583076952,85,-1582953272,85,-1582953304,85,0,255,-1583076952,85,3699237,85,-1583076952,85,-1582890104,85,-1582957432,85,3306021,85,-1583076952,85,-1592542992,85,31984,0,4512,0,4496,0,0,0,-1582941112,85,0,0,0,0,0,0,0,0,0,0,0,0,0,0,0,0,0,0,0,0,0,0,0,0,0,0,0,0,0,0,0,0,0,0,0,0,0,0,0,0,0,0,0,0,0,0,0,0,0,0,0,0,0,0,0,0,0,0,0,0,0,0,0,0,0,0,0,0,0,0,0,0,0,0,0,0,0,0,0,0,0,0,0,0,0,0,0,0,0,0,0,0,0,0,0,0,0,0,-1582889752,85,-1582941112,85,0,0,0,0,0,0,0,0,0,0,0,0,0,0,0,0,0,0,0,0,0,0,0,0,0,0,0,0,0,0,0,0
0,0,0,0,0,0,0,0,0,0,0,0,0,0,0,0,0,0,0,0,0,0,0,0,0,0,0,0,0,0,0,0,0,0,0,0,0,0,0,0,0,0,0,0,0,0,0,0,0,0,0,0,0,0,0,0,0,0,0,0,0,0,0,0,0,0,-1582889344,85,-1582941112,85,0,0,0,0,0,0,0,0,0,0,0,0,0,0,0,0,0,0,0,0,0,0,0,0,0,0,0,0,0,0,0,0,0,0,0,0,0,0,0,0,0,0,0,0,0,0,0,0,0,0,0,0,0,0,0,0,0,0,0,0,0,0,0,0,0,0,0,0,0,0,0,0,0,0,0,0,0,0,0,0,0,0,0,0,0,0,0,0,0,0,0,0,0,0,0,0,0,0,-1582888936,85,-1582941112,85,0,0,0,0,0,0,0,0,0,0,0,0,0,0,0,0,0,0,0,0,0,0,0,0,0,0,0,0
0,0,0,0,0,0,0,0,0,0,0,0,0,0,0,0,0,0,0,0,0,0,0,0,0,0,0,0,0,0,0,0,0,0,0,0,0,0,0,0,0,0,0,0,0,0,0,0,0,0,0,0,0,0,0,0,0,0,0,0,0,0,0,0,0,0,0,0,0,0,-1582888528,85,-1582941112,85,0,0,0,0,0,0,0,0,0,0,0,0,0,0,0,0,0,0,0,0,0,0,0,0,0,0,0,0,0,0,0,0,0,0,0,0,0,0,0,0,0,0,0,0,0,0,0,0,0,0,0,0,0,0,0,0,0,0,0,0,0,0,0,0,0,0,0,0,0,0,0,0,0,0,0,0,0,0,0,0,0,0,0,0,0,0,0,0,0,0,0,0,0,0,0,0,0,0,-1582888120,85,-1582941112,85,0,0,0,0,0,0,0,0,0,0,0,0,0,0,0,0,0,0,0,0,0,0,0,0
0,0,0,0,0,0,0,0,0,0,0,0,0,0,0,0,0,0,0,0,0,0,0,0,0,0,0,0,0,0,0,0,0,0,0,0,0,0,0,0,0,0,0,0,0,0,0,0,0,0,0,0,0,0,0,0,0,0,0,0,0,0,0,0,0,0,0,0,0,0,0,0,0,0,-1582887712,85,-1582941112,85,0,0,0,0,0,0,0,0,0,0,0,0,0,0,0,0,0,0,0,0,0,0,0,0,0,0,0,0,0,0,0,0,0,0,0,0,0,0,0,0,0,0,0,0,0,0,0,0,0,0,0,0,0,0,0,0,0,0,0,0,0,0,0,0,0,0,0,0,0,0,0,0,0,0,0,0,0,0,0,0,0,0,0,0,0,0,0,0,0,0,0,0,0,0,0,0,0,0,-1582887304,85,-1582941112,85,0,0,0,0,0,0,0,0,0,0,0,0,0,0,0,0,0,0,0,0
0,0,0,0,0,0,0,0,0,0,0,0,0,0,0,0,0,0,0,0,0,0,0,0,0,0,0,0,0,0,0,0,0,0,0,0,0,0,0,0,0,0,0,0,0,0,0,0,0,0,0,0,0,0,0,0,0,0,0,0,0,0,0,0,0,0,0,0,0,0,0,0,0,0,0,0,0,0,-1582886896,85,-1582941112,85,0,0,0,0,0,0,0,0,0,0,0,0,0,0,0,0,0,0,0,0,0,0,0,0,0,0,0,0,0,0,0,0,0,0,0,0,0,0,0,0,0,0,0,0,0,0,0,0,0,0,0,0,0,0,0,0,0,0,0,0,0,0,0,0,0,0,0,0,0,0,0,0,0,0,0,0,0,0,0,0,0,0,0,0,0,0,0,0,0,0,0,0,0,0,0,0,0,0,-1582886488,85,-1582941112,85,0,0,0,0,0,0,0,0,0,0,0,0,0,0,0,0
0,0,0,0,0,0,0,0,0,0,0,0,0,0,0,0,0,0,0,0,0,0,0,0,0,0,0,0,0,0,0,0,0,0,0,0,0,0,0,0,0,0,0,0,0,0,0,0,0,0,0,0,0,0,0,0,0,0,0,0,0,0,0,0,0,0,0,0,0,0,0,0,0,0,0,0,0,0,0,0,0,0,0,0,-1582912152,85,-1582912232,85,-1582912312,85,-1582912392,85,-1582812328,85,-1582812408,85,-1582812488,85,-1582814408,85,-1582814488,85,-1582814568,85,-1582802760,85,-1582802840,85,-1582802920,85,-1582803640,85,-1582803720,85,-1582803800,85,-1582699352,85,-1582699432,85,-1582699512,85,-1582699592,85,-1582703112,85,-1582703192,85,-1582686232,85,-1582689992,85,-1582690072,85,-1582690152,85,-1582529064,85,-1582529144,85,-1582529224,85,-1582529784,85,-1582529864,85,-1582529944,85,-1582573368,85,-1582573448,85,-1582573528,85,-1582571688,85,-1582571768,85,-1582571848,85,-1582618968,85,-1582619048,85,-1582619128,85,-1582617208,85,-1582617288,85,-1582617368,85,-1582813608,85,-1582813688,85,-1582813768,85,-1582811528,85,-1582811608,85,-1582811688,85,0,0,24785,0,-1594289936,85,-1582777520,85,0,0,0,0,-1594495232,85,-1582846600,85
1,0,0,0,0,0,0,0,-1582846616,85,-1582846632,85,-1582846648,85,3316,0,0,0,0,0,-1594495232,85,-1582846456,85,1,0,0,0,0,0,0,0,-1582846472,85,-1582846488,85,-1582846504,85,3315,0,0,0,0,0,-1594506784,85,-1582846312,85,0,0,0,0,0,0,0,0,-1582846328,85,-1582846344,85,-1582846360,85,3314,0,0,0,0,0,-1594495232,85,-1582846168,85,1,0,0,0,0,0,0,0,-1582846184,85,-1582846200,85,-1582846216,85,3311,0,0,0,0,0,-1594494032,85,-1582845640,85,1,0,0,0,0,0,0,0,-1582845656,85,-1582845672,85,-1582845688,85,3310,0,0,0,0,0,-1594396808,85,-1582845496,85,0,0,4,256,0,0,0,0,-1582951720,85,-1582845512,85,-1582845528,85,3309,0,0,0,0,0,-1594495432,85,-1582845128,85,1,0,0,0,0,0,0,0,-1582845144,85,-1582845160,85,-1582845176,85,3308,0,0,0,0,0,-1594495432,85,-1582844888,85,1,0,0,0,0,0,0,0,-1582844904,85,-1582844920,85,-1582844936,85,3313,0,0,0,0,0,-1594495232,85,-1582846024,85,1,0,0,0,0,0,0,0
-1582846040,85,-1582846056,85,-1582846072,85,3312,0,0,0,0,0,-1594506784,85,-1582845880,85,0,0,0,0,0,0,0,0,-1582845896,85,-1582845912,85,-1582845928,85,3307,0,0,0,0,0,-1594506784,85,-1582844520,85,0,0,0,0,0,0,0,0,-1582844536,85,-1582844552,85,-1582844568,85,3306,0,0,0,0,0,-1594404840,85,-1582844168,85,0,0,4,256,0,0,0,0,-1582844184,85,-1582844200,85,-1582844216,85,3305,0,-1582848888,85,0,0,-1594404840,85,-1582856328,85,0,0,0,0,0,0,0,0,-1582856344,85,-1582856360,85,-1582856376,85,3304,0,0,0,0,0,-1594504184,85,-1582856152,85,0,0,0,0,0,0,0,0,-1582856168,85,-1582856184,85,-1582856200,85,3303,0,0,0,0,0,-1594513128,85,-1582856008,85,0,0,0,0,0,0,1,0,-1582951480,85,-1582856024,85,-1582856040,85,3302,0,0,0,0,0,-1594657976,85,-1582855736,85,0,0,0,0,0,0,0,0,-1582951432,85,-1582855752,85,-1582855768,85,3301,0,0,0,0,0,-1594506784,85,-1582855560,85,0,0,0,0,0,0,0,0,-1582855576,85,-1582855592,85,-1582855608,85,3296,0
0,0,0,0,-1594506984,85,-1582854920,85,0,0,0,0,0,0,0,0,-1582854936,85,-1582854952,85,-1582854968,85,3295,0,0,0,0,0,-1594506984,85,-1582854792,85,0,0,0,0,0,0,0,0,-1582854808,85,-1582854824,85,-1582854840,85,3294,0,-1582830552,85,0,0,-1594503784,85,-1582854648,85,0,0,0,0,0,0,0,0,-1582854664,85,-1582854680,85,-1582854696,85,3293,0,0,0,0,0,-1594513128,85,-1582854504,85,0,0,0,0,0,0,2,0,-1582951120,85,-1582854520,85,-1582854536,85,3292,0,0,0,0,0,-1594506784,85,-1582854328,85,0,0,0,0,0,0,0,0,-1582854344,85,-1582854360,85,-1582854376,85,3291,0,0,0,0,0,-1594532928,85,-1582854120,85,0,0,0,0,0,0,0,0,-1582854136,85,-1582854152,85,-1582854168,85,3290,0,-1582830232,85,0,0,-1594404840,85,-1582853976,85,0,0,0,0,0,0,0,0,-1582853992,85,-1582854008,85,-1582854024,85,3289,0,0,0,0,0,-1594513128,85,-1582853816,85,0,0,0,0,0,0,6,0,-1582951000,85,-1582853832,85,-1582853848,85,3288,0,0,0,0,0,-1594506784,85,-1582853640,85
0,0,0,0,0,0,0,0,-1582853656,85,-1582853672,85,-1582853688,85,3287,0,0,0,0,0,-1594502984,85,-1582853512,85,0,0,0,0,0,0,0,0,-1582950928,85,-1582853528,85,-1582853544,85,3286,0,0,0,0,0,-1594514928,85,-1582853352,85,0,0,0,0,0,0,0,0,-1582829912,85,-1582853368,85,-1582853384,85,3285,0,0,0,0,0,-1594513128,85,-1582853176,85,0,0,0,0,0,0,6,0,-1582950856,85,-1582853192,85,-1582853208,85,3284,0,0,0,0,0,-1594514928,85,-1582853016,85,0,0,0,0,0,0,0,0,-1582829624,85,-1582853032,85,-1582853048,85,3283,0,0,0,0,0,-1594658376,85,-1582852840,85,0,0,0,0,0,0,0,0,-1582950784,85,-1582852856,85,-1582852872,85,3282,0,0,0,0,0,-1594657976,85,-1582852680,85,0,0,0,0,0,0,0,0,-1582950736,85,-1582852696,85,-1582852712,85,3281,0,0,0,0,0,-1594514928,85,-1582852536,85,0,0,0,0,0,0,0,0,-1582829240,85,-1582852552,85,-1582852568,85,3280,0,0,0,0,0,-1594513128,85,-1582852360,85,0,0,0,0,0,0,4,0
-1582950664,85,-1582852376,85,-1582852392,85,3279,0,0,0,0,0,-1594658376,85,-1582876936,85,0,0,0,0,0,0,0,0,-1582950616,85,-1582876952,85,-1582876968,85,3278,0,0,0,0,0,-1594657976,85,-1582876776,85,0,0,0,0,0,0,0,0,-1582950568,85,-1582876792,85,-1582876808,85,3277,0,0,0,0,0,-1594659776,85,-1582876632,85,0,0,0,0,0,0,0,0,-1582950520,85,-1582876648,85,-1582876664,85,3276,0,0,0,0,0,-1594659976,85,-1582876472,85,0,0,0,0,0,0,0,0,-1582950472,85,-1582876488,85,-1582876504,85,3275,0,0,0,0,0,-1594531928,85,-1582876296,85,0,0,0,0,0,0,0,0,-1582876312,85,-1582876328,85,-1582876344,85,3274,0,0,0,0,0,-1594657976,85,-1582876152,85,0,0,0,0,0,0,0,0,-1582950400,85,-1582876168,85,-1582876184,85,3273,0,0,0,0,0,-1594659976,85,-1582875992,85,0,0,0,0,0,0,0,0,-1582950352,85,-1582876008,85,-1582876024,85,3270,0,0,0,0,0,-1594489000,85,-1582875576,85,0,4194372,0,0,0,0,0,0,-1582875592,85,-1582875608,85,-1582875624,85,3272,0
0,0,0,0,-1594532928,85,-1582875816,85,0,0,0,0,0,0,0,0,-1582875832,85,-1582875848,85,4144,0,176,0,168,0,-1271593728,10,4,0,0,0,0,0,0,0,0,0,0,0,0,0,0,0,0,0,0,0,0,0,0,0,0,0,0,0,0,0,0,0,0,0,0,0,0,0,177,0,-1582810416,85,-1938371888,127,0,0,0,0,0,0,0,0,0,0,0,0,0,0,0,0,0,0,0,0,0,0,0,0,0,0,0,0,0,0,0,0,0,0,0,0,4496,0,176,0,168,0,-1271593216,10,4,0,0,0,0,0,0,0,0,0,0,0,0,0,0,0,0,0,0,0,0,0,0,0,0,0,0,0,0,0,0,0,0,0,0,0,0,0,1905,0,-1582810416,85,-1938371888,127,0,0,0,0,0,0,0,0,0,0,0,0,0,0,0,0,0,0,0,0,0,0,0,0,0,0,0,0,0,0,0,0,0,0,0,0,0,0,1729,0
-1582745728,85,-1582877472,85,0,0,0,0,-1594589560,85,-1582810392,85,1,2188,16,0,80,0,176,0,168,0,-1271592704,10,4,0,0,0,0,0,0,0,0,0,0,0,0,0,0,0,0,0,0,0,0,0,0,0,0,0,0,0,0,0,0,0,0,0,0,0,0,0,1473,0,-1582745728,85,-1938371888,127,0,0,0,0,0,0,0,0,0,0,0,0,0,0,0,0,0,0,0,0,0,0,0,0,0,0,0,0,0,0,0,0,0,0,0,0,0,0,1297,0,-1583038624,85,-1593382528,85,0,0,0,0,-1594589560,85,-1582864600,85,1,2189,48,0,0,0,1217,0,-1582740288,85,-1582864624,85,0,0,0,0,0,0,0,0,0,0,0,0,0,0,0,0,0,0,0,0,0,0,0,0,0,0,0,0,0,0,0,0,0,0,0,0,0,0,1041,0,-1582740288,85,-1938371888,127,0,0,0,0,0,0,0,0,0,0,0,0,0,0,0,0,0,0,0,0,0,0,0,0
0,0,0,0,0,0,0,0,0,0,0,0,0,0,865,0,-1582921056,85,-1582800912,85,0,0,4096,0,-1594589560,85,-1582798072,85,1,2190,32,0,0,0,785,0,-1582800832,85,-1582798320,85,4,0,0,0,0,0,0,0,0,0,0,0,0,0,0,0,0,0,0,0,0,0,0,0,0,0,0,0,0,0,0,0,0,0,0,0,0,0,177,0,-1582793984,85,-1938371888,127,0,0,0,0,0,0,0,0,0,0,0,0,0,0,0,0,0,0,0,0,0,0,0,0,0,0,0,0,0,0,0,0,0,0,0,0,352,0,176,0,168,0,-1271591168,10,4,0,0,0,0,0,0,0,0,0,0,0,0,0,0,0,0,0,0,0,0,0,0,0,0,0,0,0,0,0,0,0,0,0,0,0,0,0,257,0,-1582793984,85,-1938371888,127,0,0,0,0,0,0,0,0,0,0,0,0,0,0,0,0,0,0,0,0,0,0,0,0,0,0,0,0
0,0,0,0,0,0,0,0,0,0,81,0,-1582974912,85,-1582747296,85,0,0,4128,0,-1594589560,85,-1582793960,85,1,2191,96,0,6576,0,176,0,168,0,-1271595008,10,12,0,0,0,0,0,0,0,0,0,-1582800024,85,0,0,0,0,0,0,0,0,0,0,0,0,0,0,0,0,0,0,0,0,0,0,0,0,0,0,18033,0,-1582801264,85,-1938371888,127,0,0,0,0,0,0,0,0,0,0,0,0,0,0,0,0,0,0,0,0,0,0,0,0,0,0,0,0,0,0,0,0,0,0,0,0,0,0,17857,0,-1582974128,85,-1582769232,85,0,0,0,0,0,0,0,0,0,0,0,0,0,0,0,0,0,0,0,0,0,0,0,0,0,0,0,0,0,0,0,0,0,0,0,0,0,0,177,0,-1582777520,85,-1938371888,127,0,0,0,0,0,0,0,0,0,0,0,0,0,0,0,0,0,0,0,0,0,0,0,0,0,0,0,0,0,0,0,0
0,0,0,0,352,0,80,0,-1582802128,85,-1582880392,85,16,0,4096,0,-1594589560,85,-1582789816,85,1,2192,16,0,432,0,176,0,168,0,-1271590144,10,4,0,0,0,0,0,0,0,0,0,0,0,0,0,0,0,0,0,0,0,0,0,0,0,0,0,0,0,0,0,0,0,0,0,0,0,0,0,177,0,-1582740288,85,-1938371888,127,0,0,0,0,0,0,0,0,0,0,0,0,0,0,0,0,0,0,0,0,0,0,0,0,0,0,0,0,0,0,0,0,0,0,0,0,784,0,80,0,-1582858272,85,-1582920008,85,0,0,4160,0,-1594589560,85,-1582806280,85,1,2193,80,0,0,0,16993,0,-1582839840,85,-1582919728,85,0,0,0,0,0,0,0,0,0,0,0,0,0,0,0,0,0,0,0,0,0,0,0,0,0,0,0,0,0,0,0,0,0,0,0,0,0,0,8497,0,-1582880416,85,-1938371888,127,0,0,0,0,0,0,0,0,0,0,0,0,0,0,0,0
0,0,0,0,0,0,0,0,0,0,0,0,0,0,0,0,0,0,0,0,0,0,8321,0,-1582864624,85,-1583080016,85,0,0,0,0,0,0,0,0,64,0,4112,0,4104,0,3239973,0,-1582919176,85,-1583056448,85,70,0,1886676339,0,-1582919176,85,-1582852408,85,-1582950640,85,0,5523,0,85,-1594366992,85,-1582919176,85,0,255,-1582919176,85,858878501,0,-1582919176,85,825324069,0,-1582919176,85,-1582852312,85,-1582865496,85,892432933,0,-1582919176,85,-1583056448,85,69,0,6452595,85,-1582919176,85,-1582876984,85,-1582950592,85,0,5523,0,85,-1594366992,85,-1582919176,85,0,255,-1582919176,85,842101285,0,-1582919176,85,-1582876888,85,-1582865416,85,875655717,0,-1582919176,85,-1583056448,85,68,0,6579297,85,-1582919176,85,-1582876824,85,-1582950544,85,0,5523,0,85,-1594366992,85,-1582919176,85,0,255,-1582919176,85,842101285,0,-1582919176,85,3371557,85,-1582919176,85,-1582876744,85,-1582865336,85,858878501,0,-1582919176,85,-1583056448,85,67,0,778859885,28524,-1582919176,85,-1582876680,85,-1582950496,85,0,5523,0,85,-1594366992,85,-1582919176,85,0,255,-1582919176,85,825324069,0,-1582919176,85,808546853,0,-1582919176,85,-1582876584,85,-1582865256,85,842101285,0
-1582919176,85,-1583056448,85,66,0,778859885,26984,-1582919176,85,-1582876520,85,-1582950448,85,0,5523,0,85,-1594367272,85,-1582919176,85,-1582828536,85,-1582828568,85,0,255,-1582919176,85,3240485,85,-1582919176,85,-1582876424,85,-1582865176,85,825324069,0,-1582919176,85,-1583056448,85,65,0,7561825,85,-1582919176,85,-1582876360,85,-1582950424,85,0,5523,0,85,-1594366992,85,-1582919176,85,0,255,-1582919176,85,3764773,85,-1582919176,85,3568165,85,-1582919176,85,-1582876264,85,-1582865096,85,808546853,0,-1582919176,85,-1583056448,85,64,0,6579297,85,-1582919176,85,-1582876200,85,-1582950376,85,0,5523,0,85,-1594366992,85,-1582919176,85,0,255,-1582919176,85,3699237,85,-1582919176,85,3568165,85,-1582919176,85,-1582876104,85,-1582865016,85,3764773,85,-1582919176,85,-1583056448,85,63,0,778859885,26984,-1582919176,85,-1582876040,85,-1582950328,85,0,5523,0,85,-1594367272,85,-1582919176,85,-1582828280,85,-1582828312,85,0,255,-1582919176,85,3633701,85,-1582919176,85,-1582875944,85,-1582864936,85,3699237,85,-1582919176,85,-1583056448,85,62,0,6776174,85,-1582919176,85,-1582875880,85,-1582950304,85,0,5523,0,85,-1594366992,85,-1582919176,85,0,255,-1582919176,85,3568165,85,-1582919176,85,-1582875720,85,-1582950256,85,0,5523,0,85,-1594366992,85
-1594368312,85,-1582828120,85,-1582828152,85,0,255,-1582919176,85,3368485,85,-1582919176,85,3568165,85,-1582919176,85,-1583056616,85,35,0,7632483,85,-1582919176,85,-1582874680,85,-1583056616,85,-1582901752,85,-1582919176,85,778859885,28524,-1582919176,85,-1582875240,85,-1582919176,85,842233134,842229294,-1582919424,85,3368485,85,-1582919176,85,3371557,85,-1582919176,85,3568165,85,-1582919176,85,-1582875784,85,-1582864856,85,-1582875392,85,-1582919176,85,-1583056448,85,61,0,3633701,85,-1582919176,85,-1582875392,85,-1582919176,85,3368485,85,-1582919176,85,-1582875368,85,-1582864776,85,3568165,85,-1582919176,85,-1583056448,85,60,0,7632483,85,-1582919176,85,-1582875640,85,-1582950232,85,0,5523,0,85,-1594366712,85,-1582919176,85,-1582827992,85,-1582828024,85,0,255,-1582919176,85,3502629,85,-1582919176,85,-1582875272,85,-1582864696,85,3368485,85,-1582919176,85,-1583056448,85,59,0,7761773,85,-1582919176,85,-1582875208,85,-1582950208,85,0,5523,0,85,-1594367272,85,-1582919176,85,0,255,-1582919176,85,3437093,85,-1582919176,85,-1582875112,85,-1582914952,85,3502629,85,-1582919176,85,-1583056448,85,58,0,6579297,85,-1582919176,85,-1582875048,85,-1582950160,85,0,5523,0,85,-1594366712,85,-1582919176,85,-1582827832,85,-1582827864,85,0,255,-1582919176,85,-1582874904,85,-1582950136,85,0,5523
0,85,-1594368312,85,-1582919176,85,-1582827768,85,-1582827800,85,0,255,-1582919176,85,3237413,85,-1582919176,85,3302949,85,-1582919176,85,-1583056560,85,84,0,7365490,85,-1582919176,85,-1582874328,85,-1583056560,85,-1582875480,85,-1582919176,85,7761773,85,-1582919176,85,-1582874120,85,-1582919176,85,842229294,0,-1582919176,85,3237413,85,-1582919176,85,3302949,85,-1582919176,85,3302949,85,-1582919176,85,-1582874968,85,-1582914872,85,-1582874624,85,-1582919176,85,-1583056448,85,57,0,3437093,85,-1582919176,85,-1582874624,85,-1582919176,85,-1582874824,85,-1582950112,85,0,5523,0,85,-1594368312,85,-1594366992,85,-1582827640,85,-1582827672,85,0,255,-1582919176,85,3371557,85,-1582919176,85,3237413,85,-1582919176,85,-1583056504,85,35,0,7632483,85,-1582919176,85,0,0,-1583056504,85,-1582874664,85,-1582919176,85,7365490,85,-1582919176,85,540108325,1915035692,-1582956493,85,-1582874024,85,-1582919176,85,842229294,842233134,-1582919424,85,-1582874368,85,-1582919176,85,-1582874368,85,-1582919176,85,3371557,85,-1582919176,85,3237413,85,-1582919176,85,3237413,85,-1582919176,85,-1582874552,85,-1582914792,85,-1582874368,85,-1582919176,85,-1583056448,85,56,0,3302949,85,-1582919176,85,-1582874112,85,-1582919176,85,3371557,85,-1582919176,85,-1582874152,85,-1582914712,85,3237413,85,-1582919176,85,-1583056448,85,55,0,7632483,85
-1582919176,85,-1582874472,85,-1582950088,85,0,5523,0,85,-1594367272,85,-1582919176,85,-1582827512,85,-1582827544,85,0,255,-1582919176,85,3306021,85,-1582919176,85,-1582874056,85,-1582914632,85,3371557,85,-1582919176,85,-1583056448,85,54,0,7561825,85,-1582919176,85,-1582873992,85,-1582950064,85,0,5523,0,85,-1594366712,85,-1582919176,85,-1582827448,85,-1582827480,85,0,255,-1582919176,85,828469797,0,-1582919176,85,-1582873896,85,-1582914552,85,3306021,85,-1582919176,85,-1583056448,85,53,0,7761773,85,-1582919176,85,-1582873832,85,-1582950040,85,0,5523,0,85,-1594366712,85,-1582919176,85,-1582827384,85,-1582827416,85,0,255,-1582919176,85,811692581,0,-1582919176,85,-1582873736,85,-1582914472,85,3240485,85,-1582919176,85,-1583056448,85,52,0,7761773,85,-1582919176,85,-1582873672,85,-1582950016,85,0,5523,0,85,-1594366712,85,-1582919176,85,-1582827288,85,-1582827352,85,0,255,-1582919176,85,828469797,0,-1582919176,85,-1583056448,85,51,0,7761773,85,-1582919176,85,-1582873512,85,-1582949992,85,0,5523,0,85,-1594366712,85,-1582919176,85,-1582827192,85,-1582827256,85,0,255,-1582919176,85,811692581,0,-1582919176,85,-1583056448,85,50,0,7761773,85,-1582919176,85,-1582854248,85,-1582914392,85,0,5523,0,85,-1583056448,85,49,0,-1582873576,85
-1582914312,85,-1583056448,85,89,0,0,0,-1582916136,85,3960869,85,-1582919176,85,-1593806811,85,-1582919176,85,-1583056448,85,48,0,-1582873208,85,-1582914232,85,3306021,85,-1582919176,85,0,0,-1582916056,85,3958309,85,-1582919176,85,-1593809371,85,-1582919176,85,-1583056448,85,47,0,-1582873112,85,-1582914152,85,-1594366712,85,-1582919176,85,-1582873016,85,-1582914072,85,-1582830776,85,-1582830808,85,-1582872984,85,4176,0,4144,0,4136,0,-1582807816,85,-1582807816,85,-1594366912,85,1356,3,0,0,-1582939768,85,-1582807672,85,-1582807672,85,-1594367232,85,3626,0,0,0,-1582807688,85,-1582807576,85,-1582807576,85,-1594367232,85,3625,0,0,0,-1582807592,85,-1582807368,85,-1582807368,85,-1594366712,85,1781,2,0,0,-1582939672,85,-1582806984,85,-1582806984,85,-1594366712,85,1141,2,0,0,-1582806968,85,-1582806744,85,-1582806744,85,-1594366912,85,1140,3,0,0,-1582806728,85,-1582806520,85,-1582806520,85,-1594366912,85,1139,3,0,0,-1582806504,85,-1582806440,85,-1582806440,85,-1594366712,85,1138,2,0,0,-1582806424,85,-1582818632,85,-1582818632,85,-1594366912,85,2300,3,0,0,-1582939768,85,-1582818472,85,-1582818472,85,-1594366912,85,2265,3,0,0,-1582939768,85,-1582818312,85,-1582818312,85,-1594366912,85,2260,3,0,0
-1582939768,85,-1582818056,85,-1582818056,85,-1594367232,85,3624,0,0,0,-1582818072,85,-1582817928,85,-1582817928,85,-1594367232,85,3623,0,0,0,-1582817944,85,-1582817464,85,-1582817464,85,-1593380688,85,1170,2,0,0,-1582939432,85,-1582817304,85,-1582817304,85,-1593380688,85,1168,2,0,0,-1582939432,85,-1582817144,85,-1582817144,85,-1594367232,85,3622,0,0,0,-1582817160,85,-1582817016,85,-1582817016,85,-1594366712,85,1243,2,0,0,-1582939672,85,-1582816856,85,-1582816856,85,-1594366712,85,1565,2,0,0,-1582939672,85,-1582816744,85,-1582816744,85,-1594367232,85,3621,0,0,0,-1582816760,85,-1582816616,85,-1582816616,85,-1594367232,85,3620,0,0,0,-1582816632,85,-1582816152,85,-1582816152,85,-1593380688,85,1162,2,0,0,-1582939432,85,-1582815992,85,-1582815992,85,-1593380688,85,1161,2,0,0,-1582939432,85,-1582815864,85,-1582815864,85,-1594367232,85,3619,0,0,0,-1582815880,85,-1582815736,85,-1582815736,85,-1594366712,85,1246,2,0,0,-1582939672,85,-1582815592,85,-1582815592,85,-1594367232,85,3618,0,0,0,-1582815608,85,-1582815496,85,-1582815496,85,-1594367232,85,3617,0,0,0,-1582815512,85,-1582815368,85,-1582815368,85,-1594366712,85,1786,2,0,0,-1582939672,85,-1582815256,85,-1582815256,85,-1594367232,85
3616,0,0,0,-1582815272,85,-1582815128,85,-1582815128,85,-1594366712,85,1220,2,0,0,-1582939672,85,-1582815000,85,-1582815000,85,-1594367232,85,3615,0,0,0,-1582815016,85,-1582847432,85,-1582847432,85,-1594366712,85,1561,2,0,0,-1582939672,85,-1582846280,85,-1582846280,85,-1594366712,85,1547,2,0,0,-1582939672,85,-1582845848,85,-1582845848,85,-1594366712,85,1541,2,0,0,-1582939672,85,-1582844632,85,-1582844632,85,-1594367232,85,3614,0,0,0,-1582845720,85,-1582844616,85,-1582844616,85,-1594367232,85,3613,0,0,0,-1582844712,85,-1582845592,85,-1582845592,85,-1594366712,85,1536,2,0,0,-1582939672,85,-1582845224,85,-1582845224,85,-1594366712,85,1141,2,0,0,-1582845208,85,-1582844984,85,-1582844984,85,-1594366712,85,1140,2,0,0,-1582844968,85,-1582844760,85,-1582844760,85,-1594366912,85,1139,3,0,0,-1582844744,85,-1582844680,85,-1582844680,85,-1594366712,85,1138,2,0,0,-1582844664,85,-1582844488,85,-1582844488,85,-1594366712,85,1524,2,0,0,-1582939672,85,-1582844376,85,-1582844376,85,-1594367232,85,3612,0,0,0,-1582844392,85,-1582844248,85,-1582844248,85,-1594367232,85,3611,0,0,0,-1582844264,85,-1582856104,85,-1582856104,85,-1593380688,85,1212,2,0,0,-1582939432,85,-1582855960,85
-1582855960,85,-1593380688,85,1210,2,0,0,-1582939432,85,-1582855800,85,-1582855800,85,-1594367232,85,3610,0,0,0,-1582855816,85,-1582855672,85,-1582855672,85,-1594366712,85,1219,2,0,0,-1582939672,85,-1582855496,85,-1582855496,85,-1594366712,85,1519,2,0,0,-1582939672,85,-1582855336,85,-1582855336,85,-1594366712,85,1515,2,0,0,-1582939672,85,-1582855160,85,-1582855160,85,-1594366712,85,1505,2,0,0,-1582939672,85,-1582853960,85,-1582853960,85,-1594366712,85,1501,2,0,0,-1582939672,85,-1582901736,85,-1582901736,85,-1594367232,85,3609,0,0,0,-1582901576,85,-1582854440,85,-1582854440,85,-1593380688,85,1194,2,0,0,-1582873128,85,-1582854296,85,-1582854296,85,-1594366992,85,1519,2,0,0,-1582902248,85,-1582854200,85,-1582854200,85,-1594367232,85,3608,0,0,0,-1582854216,85,-1582853752,85,-1582853752,85,-1593380688,85,1192,2,0,0,-1582873128,85,-1582853608,85,-1582853608,85,-1594366992,85,1515,2,0,0,-1582902248,85,-1582853448,85,-1582853448,85,-1594366992,85,1505,2,0,0,-1582902248,85,-1582853272,85,-1582853272,85,-1594366992,85,1501,2,0,0,-1582902248,85,-1582853112,85,-1582853112,85,-1593380688,85,1185,2,0,0,-1582873128,85,-1582852936,85,-1582852936,85,-1594366992,85,1496,2,0,0
-1582902248,85,-1582852776,85,-1582852776,85,-1594366992,85,1478,2,0,0,-1582902248,85,-1582852632,85,-1582852632,85,-1594366992,85,1473,2,0,0,-1582902248,85,-1582852456,85,-1582852456,85,-1594366992,85,1457,2,0,0,-1582902248,85,-1582877032,85,-1582877032,85,-1593380688,85,1183,2,0,0,-1582873128,85,-1582876872,85,-1582876872,85,-1594366992,85,1452,2,0,0,-1582902248,85,-1582876728,85,-1582876728,85,-1594366992,85,1446,2,0,0,-1582902248,85,-1582876568,85,-1582876568,85,-1594366992,85,1441,2,0,0,-1582902248,85,-1582876408,85,-1582876408,85,-1594366992,85,1436,2,0,0,-1582902248,85,-1582876248,85,-1582876248,85,-1594366992,85,1427,2,0,0,-1582902248,85,-1582876088,85,-1582876088,85,-1594366992,85,1422,2,0,0,-1582902248,85,-1582875928,85,-1582875928,85,-1594366992,85,1418,2,0,0,-1582902248,85,-1582875768,85,-1582875768,85,-1594366992,85,1237,2,0,0,-1582902248,85,-1582875320,85,-1582875320,85,-1594366992,85,1236,2,0,0,-1582902248,85,-1582875256,85,-1582875256,85,-1594366992,85,1243,2,0,0,-1582902248,85,-1582875096,85,-1582875096,85,-1594368312,85,1231,2,0,0,-1582873032,85,-1582874952,85,-1582874952,85,-1594366992,85,1246,2,0,0,-1582902248,85,-1582874504,85,-1582874504,85,-1594366992,85
1220,2,0,0,-1582902248,85,-1582874104,85,-1582874104,85,-1594368312,85,1230,2,0,0,-1582873032,85,-1582874040,85,-1582874040,85,-1594368312,85,1229,2,0,0,-1582873032,85,-1582873880,85,-1582873880,85,-1594366992,85,1219,2,0,0,-1582902248,85,-1582873720,85,-1582873720,85,-1594366992,85,1142,2,0,0,-1582902248,85,-1582873560,85,-1582873560,85,-1594366992,85,1135,2,0,0,-1582902248,85,-1582827160,85,-1582827160,85,-1594367232,85,3607,0,0,0,-1582873224,85,0,0,-1582865576,85,-1582865976,85,-1582866296,85,-1582866536,85,0,0,-1582873160,85,-1582873160,85,-1593380688,85,1156,2,0,0,8672,0,4176,0,4168,0,0,0,-1582871768,85,0,0,0,0,0,255,0,0,0,0,-1594361000,85,0,0,-1582841240,85,0,0,-1582871720,85,0,0,0,0,0,255,0,0,0,0,-1594361000,85,0,0,-1582841064,85,4,0,-1582871672,85,0,0,0,0,2,255,0,0,0,0,-1594361000,85,0,0,0,0,0,0,-1582871624,85,0,0,0,0,0,255,0,0,0,0,-1594361000,85,0,0,-1582840888,85,4,0,-1582871576,85,0,0,0,0,2,255,0,0,0,0
-1594361000,85,0,0,0,0,0,0,-1582871528,85,0,0,0,0,0,255,0,0,0,0,-1594361000,85,0,0,-1582840712,85,4,0,-1582871480,85,0,0,0,0,2,255,0,0,0,0,-1594361000,85,0,0,0,0,4,0,-1582871432,85,0,0,0,0,2,255,0,0,0,0,-1594361000,85,0,0,0,0,4,0,-1582871384,85,0,0,0,0,2,255,0,0,0,0,-1594361000,85,0,0,0,0,0,0,-1582871336,85,0,0,0,0,0,255,0,0,0,0,-1594361000,85,0,0,-1582840536,85,0,0,-1582871288,85,0,0,0,0,0,255,0,0,0,0,-1594361000,85,0,0,-1582840360,85,4,0,-1582871240,85,0,0,0,0,2,255,0,0,0,0,-1594361000,85,0,0,0,0,4,0,-1582871192,85,0,0,0,0,7,255,293,0,0,0,0,0,0,0,0,0,4,0,-1582871144,85,0,0,0,0,7,255,289,0,0,0,0,0,0,0,0,0,4,0,-1582871096,85,0,0,0,0,7,255,281,0,0,0
0,0,0,0,0,0,4,0,-1582871048,85,0,0,0,0,2,255,0,0,0,0,0,0,0,0,0,0,4,0,-1582871000,85,0,0,0,0,2,255,0,0,0,0,-1594361000,85,0,0,0,0,0,0,-1582870952,85,0,0,0,0,0,255,0,0,0,0,-1594361000,85,0,0,-1582840184,85,0,0,-1582870904,85,0,0,0,0,0,255,0,0,0,0,-1594361000,85,0,0,-1582840008,85,4,0,-1582870856,85,0,0,0,0,2,255,0,0,0,0,-1594361000,85,0,0,0,0,4,0,-1582870808,85,0,0,0,0,2,255,0,0,0,0,-1594361000,85,0,0,0,0,0,0,-1582870760,85,0,0,0,0,0,255,0,0,0,0,-1594361000,85,0,0,-1582935656,85,4,0,-1582870712,85,0,0,0,0,2,255,0,0,0,0,-1594361000,85,0,0,0,0,4,0,-1582870664,85,0,0,0,0,2,255,0,0,0,0,-1594361000,85,0,0,0,0,4,0,-1582870616,85,0,0,0,0,2,255,0,0,0,0
-1594361000,85,0,0,0,0,4,0,-1582870568,85,0,0,0,0,2,255,0,0,0,0,-1594361000,85,0,0,0,0,4,0,-1582870520,85,0,0,0,0,2,255,0,0,0,0,-1594361000,85,0,0,0,0,0,0,-1582870472,85,0,0,0,0,0,255,0,0,0,0,-1594361000,85,0,0,-1582935480,85,4,0,-1582870424,85,0,0,0,0,2,255,0,0,0,0,-1594361400,85,0,0,0,0,4,0,-1582870376,85,0,0,0,0,2,255,0,0,0,0,-1594361400,85,0,0,0,0,0,0,-1582870328,85,0,0,0,0,0,255,0,0,0,0,0,0,0,0,-1582935304,85,4,0,-1582870280,85,0,0,0,0,2,255,0,0,0,0,-1594361400,85,0,0,0,0,4,0,-1582870232,85,0,0,0,0,2,255,0,0,0,0,-1594361400,85,0,0,0,0,4,0,-1582870184,85,0,0,0,0,2,255,0,0,0,0,-1594361400,85,0,0,0,0,4,0,-1582870136,85,0,0,0,0,2,255,0,0,0,0
-1594361400,85,0,0,0,0,4,0,-1582870088,85,0,0,0,0,2,255,0,0,0,0,-1594361400,85,0,0,0,0,4,0,-1582870040,85,0,0,0,0,2,255,0,0,0,0,-1594361400,85,0,0,0,0,4,0,-1582869992,85,0,0,0,0,2,255,0,0,0,0,-1594361400,85,0,0,0,0,4,0,-1582869944,85,0,0,0,0,2,255,0,0,0,0,-1594361400,85,0,0,0,0,4,0,-1582869896,85,0,0,0,0,2,255,0,0,0,0,-1594361400,85,0,0,0,0,4,0,-1582869848,85,0,0,0,0,2,255,0,0,0,0,-1594361400,85,0,0,0,0,4,0,-1582869800,85,0,0,0,0,2,255,0,0,0,0,-1594361400,85,0,0,0,0,4,0,-1582869752,85,0,0,0,0,2,255,0,0,0,0,-1594361400,85,0,0,0,0,4,0,-1582869704,85,0,0,0,0,2,255,0,0,0,0,-1594361400,85,0,0,0,0,4,0,-1582869656,85,0,0,0,0,2,255,0,0,0,0
-1594361400,85,0,0,0,0,4,0,-1582869608,85,0,0,0,0,2,255,0,0,0,0,-1594361400,85,0,0,0,0,4,0,-1582869560,85,0,0,0,0,2,255,0,0,0,0,-1594361400,85,0,0,0,0,4,0,-1582869512,85,0,0,0,0,2,255,0,0,0,0,-1594361400,85,0,0,0,0,4,0,-1582869464,85,0,0,0,0,2,255,0,0,0,0,-1594361400,85,0,0,0,0,4,0,-1582869416,85,0,0,0,0,2,255,0,0,0,0,-1594361400,85,0,0,0,0,4,0,-1582869368,85,0,0,0,0,2,255,0,0,0,0,-1594361400,85,0,0,0,0,4,0,-1582869320,85,0,0,0,0,2,255,0,0,0,0,-1594361400,85,0,0,0,0,4145,0,-1594346432,85,-1583080016,85,0,0,0,0,1478,2,0,0,-1582753544,85,-1582695832,85,-1582695832,85,-1594366992,85,1473,2,0,0,-1582753544,85,-1582695656,85,-1582695656,85,-1594366992,85,1457,2,0,0,-1582753544,85,-1582695496,85,-1582695496,85,-1593380688,85,1183,2,0,0,-1582753912,85,-1582695336,85
-1582695336,85,-1594366992,85,1452,2,0,0,-1582753544,85,-1582695192,85,-1582695192,85,-1594366992,85,1446,2,0,0,-1582753544,85,-1582695032,85,-1582695032,85,-1594366992,85,1441,2,0,0,-1582753544,85,-1582694872,85,-1582694872,85,-1594366992,85,1436,2,0,0,-1582753544,85,-1582694712,85,-1582694712,85,-1594366992,85,1427,2,0,0,-1582753544,85,-1582694552,85,-1582694552,85,-1594366992,85,1422,2,0,0,-1582753544,85,-1582756712,85,-1582756712,85,-1594366992,85,1418,2,0,0,-1582753544,85,-1582756552,85,-1582756552,85,-1594366992,85,1237,2,0,0,-1582753544,85,-1582756104,85,-1582756104,85,-1594366992,85,1236,2,0,0,-1582753544,85,-1582756040,85,-1582756040,85,-1594366992,85,1243,2,0,0,-1582753544,85,-1582755880,85,-1582755880,85,-1594368312,85,1231,2,0,0,-1582753816,85,-1582755736,85,-1582755736,85,-1594366992,85,1246,2,0,0,-1582753544,85,-1582755288,85,-1582755288,85,-1594366992,85,1220,2,0,0,-1582753544,85,-1582754888,85,-1582754888,85,-1594368312,85,1230,2,0,0,-1582753816,85,-1582754824,85,-1582754824,85,-1594368312,85,1229,2,0,0,-1582753816,85,-1582754664,85,-1582754664,85,-1594366992,85,1219,2,0,0,-1582753544,85,-1582754504,85,-1582754504,85,-1594366992,85,1142,2,0,0
-1582753544,85,-1582754344,85,-1582754344,85,-1594366992,85,1135,2,0,0,-1582753544,85,-1582784008,85,-1582784008,85,-1594367232,85,3607,0,0,0,-1582754008,85,0,0,-1582740440,85,-1582740840,85,-1582741160,85,-1582741400,85,0,0,-1582753944,85,-1582753944,85,-1593380688,85,1156,2,0,0,-1582753912,85,-1582753848,85,-1582753848,85,-1594368312,85,1227,2,0,0,-1582753816,85,-1582753672,85,-1582753672,85,-1594366992,85,2834,2,0,0,-1582753544,85,-1582753640,85,-1582753640,85,-1594366992,85,2833,2,0,0,-1582753544,85,-1582753608,85,-1582753608,85,-1594366992,85,2832,2,0,0,-1582753544,85,-1582753576,85,-1582753576,85,-1594366992,85,1133,2,0,0,-1582753544,85,-1582834664,85,-1582834664,85,-1594366992,85,3606,2,0,0,-1582753160,85,-1582783688,85,-1582783688,85,-1594366992,85,3605,2,0,0,-1582752920,85,-1582783656,85,-1582783656,85,-1594366992,85,3604,2,0,0,-1582752920,85,-1582752792,85,-1582752792,85,-1594366712,85,1604,2,0,0,-1582939672,85,-1582777464,85,-1582777464,85,-1594367232,85,3637,0,0,0,-1582777480,85,-1582777336,85,-1582777336,85,-1594366712,85,1599,2,0,0,-1582939672,85,-1582777176,85,-1582777176,85,-1594366712,85,1595,2,0,0,-1582939672,85,-1582777016,85,-1582777016,85,-1594366912,85
1558,3,0,0,-1582939768,85,-1582776536,85,-1582776536,85,-1594366912,85,1553,3,0,0,-1582939768,85,-1582776472,85,-1582776472,85,-1594366912,85,1545,3,0,0,-1582939768,85,-1582775032,85,-1582775032,85,-1594367232,85,3636,0,0,0,-1582775128,85,-1582776296,85,-1582776296,85,-1594366712,85,1418,2,0,0,-1582939672,85,-1582775864,85,-1582775864,85,-1594366712,85,1141,2,0,0,-1582775848,85,-1582775640,85,-1582775640,85,-1594366712,85,3635,2,0,0,-1582775624,85,-1582775400,85,-1582775400,85,-1594366712,85,1140,2,0,0,-1582775384,85,-1582775176,85,-1582775176,85,-1594366712,85,1139,2,0,0,-1582775160,85,-1582775096,85,-1582775096,85,-1594366712,85,1138,2,0,0,-1582775080,85,-1582774856,85,-1582774856,85,-1594368312,85,1231,2,0,0,-1582939592,85,-1582774696,85,-1582774696,85,-1594366912,85,1512,3,0,0,-1582939768,85,-1582774216,85,-1582774216,85,-1594366912,85,1510,3,0,0,-1582939768,85,-1582773656,85,-1582773656,85,-1594366912,85,1415,3,0,0,-1582939768,85,-1582774120,85,-1582774120,85,-1594367232,85,3634,0,0,0,-1582774136,85,-1582773992,85,-1582773992,85,-1594366712,85,1237,2,0,0,-1582939672,85,-1582773624,85,-1582773624,85,-1594366712,85,1141,2,0,0,-1582773608,85,-1582789800,85
-1582789800,85,-1594366712,85,1140,2,0,0,-1582789784,85,-1582789576,85,-1582789576,85,-1594366912,85,1139,3,0,0,-1582789560,85,-1582789496,85,-1582789496,85,-1594366712,85,1138,2,0,0,-1582789480,85,-1582789304,85,-1582789304,85,-1594366712,85,1582,2,0,0,-1582939672,85,-1582789112,85,-1582789112,85,-1594366912,85,1413,3,0,0,-1582939768,85,-1582788632,85,-1582788632,85,-1594366912,85,1411,3,0,0,-1582939768,85,-1582788568,85,-1582788568,85,-1594366912,85,1390,3,0,0,-1582939768,85,-1582788424,85,-1582788424,85,-1594367232,85,3633,0,0,0,-1582788440,85,-1582788328,85,-1582788328,85,-1594367232,85,3632,0,0,0,-1582788344,85,-1582788120,85,-1582788120,85,-1594366712,85,1771,2,0,0,-1582939672,85,-1582787736,85,-1582787736,85,-1594366712,85,1141,2,0,0,-1582787720,85,-1582787496,85,-1582787496,85,-1594366912,85,1140,3,0,0,-1582787480,85,-1582787272,85,-1582787272,85,-1594366912,85,1139,3,0,0,-1582787256,85,-1582787192,85,-1582787192,85,-1594366712,85,1138,2,0,0,-1582787176,85,-1582787000,85,-1582787000,85,-1594366912,85,2229,3,0,0,-1582939768,85,-1582786840,85,-1582786840,85,-1594366912,85,2224,3,0,0,-1582939768,85,-1582786680,85,-1582786680,85,-1594366912,85,2214,3,0,0
-1582939768,85,-1582786280,85,-1582786280,85,-1594367232,85,3631,0,0,0,-1582786296,85,-1582786152,85,-1582786152,85,-1594367232,85,3630,0,0,0,-1582786168,85,-1582810360,85,-1582810360,85,-1593380688,85,1166,2,0,0,-1582939432,85,-1582810200,85,-1582810200,85,-1593380688,85,1185,2,0,0,-1582939432,85,-1582810088,85,-1582810088,85,-1594367232,85,3629,0,0,0,-1582810104,85,-1582809816,85,-1582809816,85,-1593380688,85,1183,2,0,0,-1582939432,85,-1582809704,85,-1582809704,85,-1594367232,85,3628,0,0,0,-1582809720,85,-1582809240,85,-1582809240,85,-1593380688,85,2282,2,0,0,-1582939432,85,-1582809096,85,-1582809096,85,-1593380688,85,1172,2,0,0,-1582939432,85,-1582808952,85,-1582808952,85,-1593380688,85,1164,2,0,0,-1582939432,85,-1582808808,85,-1582808808,85,-1594367232,85,3627,0,0,0,-1582808824,85,-1582808680,85,-1582808680,85,-1594366712,85,1236,2,0,0,-1582939672,85,-1582808520,85,-1582808520,85,-1594366712,85,1570,2,0,0,-1582939672,85,-1582808360,85,-1582808360,85,-1594366912,85,1362,3,0,0,-1582939768,85,-1582807880,85,-1582807880,85,-1594366912,85,1360,3,0,0,79968,0,176,0,168,0,-1271585280,10,4,0,0,0,0,0,0,0,0,0,0,0
0,0,0,0,0,0,0,0,0,0,0,0,0,0,0,0,0,0,0,0,0,0,0,0,0,0,60257,0,-1582799872,85,-1938371888,127,0,0,0,0,0,0,0,0,0,0,0,0,0,0,0,0,0,0,0,0,0,0,0,0,0,0,0,0,0,0,0,0,0,0,0,0,0,0,60081,0,-1582777520,85,-1582671056,85,0,0,0,0,-1594589560,85,-1582711416,85,1,2208,16,0,538976266,538976288,177,0,-1582698864,85,-1582715584,85,0,0,0,0,0,0,0,0,0,0,0,0,0,0,0,0,0,0,0,0,0,0,0,0,0,0,0,0,0,0,0,0,0,0,0,0,256,0,176,0,168,0,-1271580416,10,4,0,0,0,0,0,0,0,0,0,0,0,0,0,0,0,0,0,0,0,0,0,0,0,0,0,0,0,0,0,0,0,0,0,0,0,0,0,177,0,-1582636224,85,-1938371888,127,0,0,0,0,0,0,0,0,0,0,0,0,0,0,0,0
0,0,0,0,0,0,0,0,0,0,0,0,0,0,0,0,0,0,0,0,608,0,80,0,-1582746864,85,-1582857464,85,0,0,4096,0,-1594589560,85,-1582707304,85,1,2209,32,0,688,0,176,0,168,0,-1271579904,10,4,0,0,0,0,0,0,0,0,0,0,0,0,0,0,0,0,0,0,0,0,0,0,0,0,0,0,0,0,0,0,0,0,0,0,0,0,0,177,0,-1582698608,85,-1938371888,127,0,0,0,0,0,0,0,0,0,0,0,0,0,0,0,0,0,0,0,0,0,0,0,0,0,0,0,0,0,0,0,0,0,0,0,0,1040,0,80,0,-1582698688,85,-1582858248,85,0,0,4160,0,-1594589560,85,-1582703192,85,1,2210,80,0,538970683,538976288,14929,0,-1582878336,85,-1938371888,127,0,0,0,0,0,0,0,0,0,0,0,0,0,0,0,0,0,0,0,0,0,0,0,0,0,0,0,0,0,0,0,0,0,0,0,0,0,0,561,0,-1582860128,85,-1938371888,127
0,0,0,0,0,0,0,0,0,0,0,0,0,0,0,0,0,0,0,0,0,0,0,0,0,0,0,0,0,0,0,0,0,0,0,0,0,0,385,0,-1594669888,85,-1582756784,85,32,0,176,0,168,0,-1271578880,10,4,0,0,0,0,0,0,0,0,0,0,0,0,0,0,0,0,0,0,0,0,0,0,0,0,0,0,0,0,0,0,0,0,0,0,0,0,0,177,0,-1582798320,85,-1938371888,127,0,0,0,0,0,0,0,0,0,0,0,0,0,0,0,0,0,0,0,0,0,0,0,0,0,0,0,0,0,0,0,0,0,0,0,0,736,0,80,0,-1582859088,85,-1582877528,85,0,0,4160,0,-1594589560,85,-1582744440,85,1,2201,80,0,0,0,14113,0,-1582715664,85,-1582745728,85,0,0,0,0,0,0,0,0,0,0,0,0,0,0,0,0,0,0,0,0,0,0,0,0,0,0,0,0,0,0,0,0,0,0,0,0,0,0,177,0
-1582715664,85,-1938371888,127,0,0,0,0,0,0,0,0,0,0,0,0,0,0,0,0,0,0,0,0,0,0,0,0,0,0,0,0,0,0,0,0,0,0,0,0,352,0,176,0,168,0,-1271584512,10,4,0,0,0,0,0,0,0,0,0,0,0,0,0,0,0,0,0,0,0,0,0,0,0,0,0,0,0,0,0,0,0,0,0,0,0,0,0,13585,0,-1582715664,85,-1938371888,127,0,0,0,0,0,0,0,0,0,0,0,0,0,0,0,0,0,0,0,0,0,0,0,0,0,0,0,0,0,0,0,0,0,0,0,0,0,0,13409,0,-1582879984,85,-1593382528,85,0,0,0,0,-1594589560,85,-1582740264,85,1,2202,32,0,80,0,176,0,168,0,-1271584000,10,4,0,0,0,0,0,0,0,0,0,0,0,0,0,0,0,0,0,0,0,0,0,0,0,0,0,0,0,0,0,0,0,0,0,0,0,0,0,177,0,-1582683040,85,-1938371888,127
0,0,0,0,0,0,0,0,0,0,0,0,0,0,0,0,0,0,0,0,0,0,0,0,0,0,0,0,0,0,0,0,0,0,0,0,432,0,80,0,-1582683120,85,-1582879960,85,0,0,4128,0,-1594589560,85,-1582736152,85,1,2203,48,0,0,0,12897,0,-1582683040,85,-1582740288,85,0,0,0,0,0,0,0,0,0,0,0,0,0,0,0,0,0,0,0,0,0,0,0,0,0,0,0,0,0,0,0,0,0,0,0,0,0,0,12721,0,-1582857488,85,-1938371888,127,0,0,0,0,0,0,0,0,0,0,0,0,0,0,0,0,0,0,0,0,0,0,0,0,0,0,0,0,0,0,0,0,0,0,0,0,0,0,12545,0,-1583036784,85,-1582839840,85,0,0,0,0,-1594589560,85,-1582732008,85,1,2204,24,0,0,0,4241,0,-1582860128,85,-1582745904,85,0,0,0,0,-1594589560,85,-1582694424,85,1,2211,16,0,0,0,4161,0,-1582848192,85,-1583038272,85,0,0,0,0,48,0,4112,0
4104,0,-1582844232,85,-1582951552,85,0,5535,0,85,0,0,-1583036760,85,-1582848920,85,-1583036760,85,0,255,-1583036760,85,-1582585272,85,-1582531944,85,-1582856280,85,-1582856248,85,1597522498,50,-1583036760,85,6386274,85,-1583036760,85,-1592542992,85,5535,0,3698725,85,-1583036760,85,-1582856392,85,-1582951528,85,0,5534,0,85,-1593380688,85,-1583036760,85,-1582848760,85,-1582848824,85,0,255,-1583036760,85,3633189,85,-1583036760,85,-1582844504,85,-1582867256,85,3698725,85,-1583036760,85,-1592542992,85,5534,0,7630702,85,-1583036760,85,-1582856216,85,-1582951504,85,0,5533,0,85,-1594367272,85,-1583036760,85,0,255,-1583036760,85,3371557,85,-1583036760,85,-1582856120,85,-1582867176,85,3633189,85,-1583036760,85,-1592542992,85,5533,0,1886676339,0,-1583036760,85,1,357,12,85,-1592542992,85,5532,0,1,1283,-1,85,1,364,5,85,-1582844296,85,-1582867096,85,-1582844280,85,-1582574088,85,-1592542992,85,5531,0,946892148,12597,-1583036760,85,-1582856056,85,-1582951456,85,0,5530,0,85,-1594367272,85,-1583036760,85,0,255,-1583036760,85,858944037,0,-1583036760,85,842166821,0,-1583036760,85,-1582855976,85,-1582867016,85,3371557,85,-1583036760,85,-1592542992,85,5530,0,6579297,85,-1583036760,85,-1582855784,85,-1582951408,85,0,5529
0,85,-1594366992,85,-1583036760,85,-1582848344,85,-1582848408,85,0,255,-1583036760,85,-1593804754,85,-1583036760,85,1684632613,0,-1583036760,85,-1582855688,85,-1582866936,85,858944037,0,-1583036760,85,-1592542992,85,5529,0,7761773,85,-1583036760,85,-1582855624,85,-1582951384,85,0,5528,0,85,-1594367272,85,-1583036760,85,0,255,-1583036760,85,825389605,0,-1583036760,85,808612389,0,-1583036760,85,-1582855512,85,-1582866856,85,842166821,0,-1583036760,85,-1592542992,85,5528,0,778859885,28524,-1583036760,85,-1582855448,85,-1582951336,85,0,5527,0,85,-1594366992,85,-1583036760,85,-1582831064,85,-1582831128,85,0,255,-1583036760,85,-1593804754,85,-1583036760,85,1769238053,100,-1583036760,85,-1582855352,85,-1582866776,85,825389605,0,-1583036760,85,-1592542992,85,5527,0,7761773,85,-1583036760,85,-1582855288,85,-1582951312,85,0,5526,0,85,-1594366992,85,-1583036760,85,-1582830936,85,-1582831000,85,0,255,-1583036760,85,-1593804754,85,-1583036760,85,1635017509,25705,-1583036760,85,-1582855176,85,-1582866696,85,-1582854232,85,-1582951240,85,0,5523,0,85,-1594366712,85,-1583036760,85,-1582830712,85,-1582830744,85,0,255,-1583036760,85,813068837,0,-1583036760,85,-1583056448,85,87,0,7761773,85,-1583036760,85,-1582854984,85,-1582951192,85,0,5523,0,85,-1594366712,85,-1583036760,85,-1582830648,85
-1582830680,85,0,255,-1583036760,85,808612389,0,-1583036760,85,813068837,0,-1583036760,85,-1583056448,85,86,0,7761773,85,-1583036760,85,-1582854856,85,-1582951168,85,0,5523,0,85,-1594366712,85,-1583036760,85,-1582830584,85,-1582830616,85,0,255,-1583036760,85,3306021,85,-1583036760,85,808612389,0,-1583036760,85,7630702,85,-1583036760,85,-1583056448,85,85,0,3436581,85,-1583036760,85,-1582854712,85,-1582951144,85,0,5523,0,85,-1594367272,85,-1583036760,85,0,255,-1583036760,85,858944037,0,-1583036760,85,3306021,85,-1583036760,85,-1582855000,85,-1582866536,85,3436581,85,-1583036760,85,-1583056448,85,84,0,1886676339,0,-1583036760,85,-1582854552,85,-1582951096,85,0,5523,0,85,-1594366992,85,-1583036760,85,-1582830360,85,-1582830392,85,0,255,-1583036760,85,-1582854456,85,-1582866456,85,858944037,0,-1583036760,85,-1583056448,85,83,0,7761773,85,-1583036760,85,-1582901608,85,-1582866376,85,-1582855112,85,-1582951288,85,-1583056448,85,82,0,1601457188,825581360,-1593822670,85,-1582854392,85,-1582951072,85,0,5523,0,85,-1594367272,85,-1583036760,85,-1582830296,85,-1582830328,85,0,255,-1583036760,85,808612389,0,-1583036760,85,808612389,0,-1583036760,85,-1583056448,85,81,0,6776174,85,-1583036760,85,-1582854184,85,-1582951048,85,0,5523,0,85,0,0
-1583036760,85,-1582830264,85,-1583036760,85,0,255,-1583036760,85,808612389,0,-1583036760,85,-1582853928,85,-1582853896,85,1601457188,825581360,-1593822670,85,6386274,85,-1583036760,85,-1583056448,85,80,0,3371045,85,-1583036760,85,-1582854040,85,-1582951024,85,0,5523,0,85,-1594367272,85,-1583036760,85,0,255,-1583036760,85,842166821,0,-1583036760,85,825389605,0,-1583036760,85,-1582854312,85,-1582866296,85,3371045,85,-1583036760,85,-1583056448,85,79,0,1886676339,0,-1583036760,85,-1582853864,85,-1582950976,85,0,5523,0,85,-1594366992,85,-1583036760,85,-1582830040,85,-1582830072,85,0,255,-1583036760,85,-1582853768,85,-1582866216,85,842166821,0,-1583036760,85,-1583056448,85,78,0,7761773,85,-1583036760,85,-1582853704,85,-1582950952,85,0,5523,0,85,-1594366712,85,-1583036760,85,0,255,-1583036760,85,3306021,85,-1583036760,85,3240485,85,-1583036760,85,-1582853624,85,-1582866136,85,825389605,0,-1583036760,85,-1583056448,85,77,0,7499640,85,-1583036760,85,-1582853560,85,-1582950904,85,0,5523,0,85,-1594366992,85,-1583036760,85,0,255,-1583036760,85,3305509,85,-1583036760,85,909210149,0,-1583036760,85,925987365,0,-1583036760,85,-1582853464,85,-1582866056,85,808612389,0,-1583036760,85,-1583056448,85,76,0,1886152051,0,-1583036760,85,-1582853400,85,-1582950880,85,0,5523
0,85,-1594366992,85,-1583036760,85,0,255,-1583036760,85,3371557,85,-1583036760,85,959541797,0,-1583036760,85,-1582853288,85,-1582865976,85,3305509,85,-1583036760,85,-1583056448,85,75,0,1886676339,0,-1583036760,85,-1582853224,85,-1582950832,85,0,5523,0,85,-1594366992,85,-1583036760,85,0,255,-1583036760,85,3239973,85,-1583036760,85,892432933,0,-1583036760,85,942764581,0,-1583036760,85,-1582853128,85,-1582865896,85,959541797,0,-1583036760,85,-1583056448,85,74,0,1886152051,0,-1583036760,85,-1582853064,85,-1582950808,85,0,5523,0,85,-1594366992,85,-1583036760,85,0,255,-1583036760,85,3371557,85,-1583036760,85,892432933,0,-1583036760,85,-1582852952,85,-1582865816,85,942764581,0,-1583036760,85,-1583056448,85,73,0,6452595,85,-1583036760,85,-1582852888,85,-1582950760,85,0,5523,0,85,-1594366992,85,-1583036760,85,0,255,-1583036760,85,909210149,0,-1583036760,85,-1582852792,85,-1582865736,85,925987365,0,-1583036760,85,-1583056448,85,72,0,6579297,85,-1583036760,85,-1582852728,85,-1582950712,85,0,5523,0,85,-1594366992,85,-1583036760,85,0,255,-1583036760,85,3239973,85,-1583036760,85,842101285,0,-1583036760,85,875655717,0,-1583036760,85,-1582852648,85,-1582865656,85,909210149,0,-1583036760,85,-1583056448,85,71,0,1886152051,0,-1583036760,85,-1582852584,85
-1582950688,85,0,5523,0,85,-1594366992,85,-1583036760,85,0,255,-1583036760,85,892432933,0,-1583036760,85,3371557,85,-1583036760,85,-1582852472,85,4320,0,4112,0,4104,0,196,0,-1594366712,85,-1582868296,85,0,0,140,0,-1594366912,85,-1582852216,85,0,0,64,0,-1594366912,85,-1582831928,85,0,0,66,0,-1593201016,85,12,0,0,0,196,0,-1594366912,85,-1582911512,85,0,0,196,0,-1594366712,85,-1582868296,85,0,0,140,0,-1594366912,85,-1582852056,85,0,0,64,0,-1594366912,85,-1582831880,85,0,0,66,0,-1593201016,85,16,0,0,0,196,0,-1594366912,85,-1582911512,85,0,0,196,0,-1594366712,85,-1582868216,85,0,0,140,0,-1594366912,85,-1582851896,85,0,0,64,0,-1594366912,85,-1582831832,85,0,0,66,0,-1593201016,85,20,0,0,0,196,0,-1594366912,85,-1582911512,85,0,0,196,0,-1594366712,85,-1582868296,85,0,0,140,0,-1594366912,85,-1582851736,85,0,0,64,0,-1594366912,85,-1582831784,85,0,0,66,0,-1593201016,85,24,0,0,0,196,0,-1594366912,85,-1582911512,85,0,0,66,0,-1593201016,85,0,0,0,0,196,0
-1594366712,85,-1582868296,85,0,0,196,0,-1594366712,85,-1582868136,85,0,0,140,0,-1594366912,85,-1582851512,85,0,0,64,0,-1594366912,85,-1582831712,85,0,0,66,0,-1593201016,85,28,0,0,0,196,0,-1594366912,85,-1582911512,85,0,0,196,0,-1594366712,85,-1582868216,85,0,0,140,0,-1594366912,85,-1582851352,85,0,0,64,0,-1594366912,85,-1582831664,85,0,0,66,0,-1593201016,85,32,0,0,0,196,0,-1594366912,85,-1582911512,85,0,0,196,0,-1594366712,85,-1582868216,85,0,0,140,0,-1594366912,85,-1582851192,85,0,0,64,0,-1594366912,85,-1582831616,85,0,0,66,0,-1593201016,85,36,0,0,0,196,0,-1594366912,85,-1582911512,85,0,0,196,0,-1594366712,85,-1582868216,85,0,0,140,0,-1594366912,85,-1582851032,85,0,0,64,0,-1594366912,85,-1582952104,85,0,0,66,0,-1593201016,85,40,0,0,0,196,0,-1594366912,85,-1582911512,85,0,0,196,0,-1594366712,85,-1582868136,85,0,0,140,0,-1594366912,85,-1582850872,85,0,0,64,0,-1594366912,85,-1582952056,85,0,0,66,0,-1593201016,85,44,0,0,0,196,0
-1594366912,85,-1582911512,85,0,0,196,0,-1594366712,85,-1582868136,85,0,0,140,0,-1594366912,85,-1582850712,85,0,0,64,0,-1594366912,85,-1582952008,85,0,0,66,0,-1593201016,85,48,0,0,0,196,0,-1594366912,85,-1582911512,85,0,0,196,0,-1594366712,85,-1582868216,85,0,0,140,0,-1594366912,85,-1582850552,85,0,0,64,0,-1594366912,85,-1582951960,85,0,0,66,0,-1593201016,85,52,0,0,0,196,0,-1594366912,85,-1582911512,85,0,0,66,0,-1593201016,85,-1,-1,0,0,66,0,-1593201016,85,1,0,0,0,196,0,-1594366712,85,-1582868216,85,0,0,196,0,-1594366712,85,-1582868136,85,0,0,140,0,-1594366912,85,-1582850296,85,0,0,64,0,-1594366912,85,-1582951888,85,0,0,66,0,-1593201016,85,56,0,0,0,196,0,-1594366912,85,-1582911512,85,0,0,196,0,-1594366712,85,-1582868136,85,0,0,140,0,-1594366912,85,-1582850136,85,0,0,64,0,-1594366912,85,-1582951840,85,0,0,66,0,-1593201016,85,60,0,0,0,196,0,-1594366912,85,-1582911512,85,0,0,66,0,-1593201016,85,1,0,0,0,196,0
-1594366712,85,-1582868136,85,0,0,66,0,-1593201016,85,29,0,0,0,66,0,-1593201016,85,369,0,0,0,66,0,-1593201016,85,1,0,0,0,140,0,-1594366992,85,-1582849848,85,0,0,64,0,-1594366992,85,-1582951768,85,0,0,75,0,-1594366992,85,-1582849752,85,0,0,66,0,-1593201016,85,0,0,0,0,196,0,-1594366712,85,-1582867816,85,0,0,196,0,-1594366712,85,-1582867896,85,0,0,79,0,-1592410568,85,-1582845464,85,0,0,196,0,-1594366712,85,-1582867736,85,0,0,196,0,-1594366912,85,-1582867656,85,0,0,68,0,-1594367232,85,-1592407736,85,0,0,79,0,-1592410568,85,-1582845352,85,0,0,196,0,-1594366712,85,-1582867816,85,0,0,196,0,-1594366712,85,-1582867496,85,0,0,140,0,-1594366992,85,-1582849432,85,0,0,64,0,-1594366992,85,-1582951672,85,0,0,75,0,-1594366992,85,-1582849144,85,0,0,66,0,-1593201016,85,0,0,0,0,196,0,-1594366912,85,-1582912152,85,0,0,140,0,-1594366992,85,-1582849272,85,0,0,64,0,-1594366992,85,-1582951624,85,0,0,75,0,-1594366992,85,-1582849176,85,0,0,66,0
-1593201016,85,0,0,0,0,196,0,-1594366912,85,-1582867656,85,0,0,196,0,-1594366712,85,-1582867736,85,0,0,66,0,-1593201016,85,99,0,0,0,196,0,-1594366712,85,-1582867496,85,0,0,66,0,-1593201016,85,9,0,0,0,66,0,-1593201016,85,365,0,0,0,66,0,-1593201016,85,1,0,0,0,68,0,-1594367232,85,-1582867336,85,0,0,68,0,-1594367232,85,-1582868056,85,0,0,9,0,-1593380688,85,-1582848856,85,0,0,196,0,-1593380688,85,-1582867256,85,0,0,9,0,-1593380688,85,-1582848792,85,0,0,196,0,-1593380688,85,-1582867176,85,0,0,196,0,-1593380688,85,-1582867256,85,0,0,66,0,-1593201016,85,0,0,0,0,196,0,-1594366712,85,-1582867016,85,0,0,196,0,-1593380688,85,-1582867176,85,0,0,66,0,-1593201016,85,5,0,0,0,66,0,-1593201016,85,364,0,0,0,66,0,-1593201016,85,1,0,0,0,196,0,-1594366712,85,-1582866936,85,0,0,196,0,-1594366712,85,-1582866856,85,0,0,196,0,-1594366712,85,-1582867016,85,0,0,-1582848376,85,1,0,0,0,0,0,134,0
-1594366712,85,-1582848440,85,0,0,196,0,-1594366872,85,-1594233112,85,0,0,196,0,-1594366712,85,-1582866936,85,0,0,196,0,-1594366712,85,-1582866776,85,0,0,196,0,-1594366712,85,-1582866696,85,0,0,196,0,-1594366712,85,-1582866856,85,0,0,-1582831096,85,1,0,0,0,0,0,4113,0,-1582810416,85,-1582877120,85,0,0,0,0,-1583035016,85,-1592542992,85,5581,0,-1593805709,85,-1583035016,85,-1582814664,85,-1582831952,85,0,5580,0,85,-1594366992,85,-1583035016,85,-1582852248,85,-1582852280,85,12,255,-1583035016,85,942830117,0,-1583035016,85,5264165,85,-1583035016,85,-1592542992,85,5580,0,-1593805709,85,-1583035016,85,-1582848104,85,-1582831904,85,0,5579,0,85,-1594366992,85,-1583035016,85,-1582852088,85,-1582852120,85,12,255,-1583035016,85,942830117,0,-1583035016,85,5264165,85,-1583035016,85,-1592542992,85,5579,0,-1593805709,85,-1583035016,85,-1582847960,85,-1582831856,85,0,5578,0,85,-1594366992,85,-1583035016,85,-1582851928,85,-1582851960,85,12,255,-1583035016,85,926052901,0,-1583035016,85,5264165,85,-1583035016,85,-1592542992,85,5578,0,-1593805709,85,-1583035016,85,-1582847816,85,-1582831808,85,0,5577,0,85,-1594366992,85,-1583035016,85,-1582851768,85,-1582851800,85,12,255
-1583035016,85,942830117,0,-1583035016,85,5264165,85,-1583035016,85,-1592542992,85,5577,0,-1593805709,85,-1583035016,85,-1582847672,85,-1582831760,85,0,5576,0,85,-1594366992,85,-1583035016,85,-1582851608,85,-1582851640,85,0,255,-1583035016,85,-1582815144,85,-1582868296,85,942830117,0,-1583035016,85,-1592542992,85,5576,0,7761773,85,-1583035016,85,-1582847528,85,-1582831736,85,0,5575,0,85,-1594366992,85,-1583035016,85,-1582851544,85,-1582851576,85,12,255,-1583035016,85,909275685,0,-1583035016,85,5264165,85,-1583035016,85,-1592542992,85,5575,0,-1593805709,85,-1583035016,85,-1582847384,85,-1582831688,85,0,5574,0,85,-1594366992,85,-1583035016,85,-1582851384,85,-1582851416,85,12,255,-1583035016,85,926052901,0,-1583035016,85,5264165,85,-1583035016,85,-1592542992,85,5574,0,-1593805709,85,-1583035016,85,-1582847240,85,-1582831640,85,0,5573,0,85,-1594366992,85,-1583035016,85,-1582851224,85,-1582851256,85,12,255,-1583035016,85,926052901,0,-1583035016,85,5264165,85,-1583035016,85,-1592542992,85,5573,0,-1593805709,85,-1583035016,85,-1582847096,85,-1582831592,85,0,5572,0,85,-1594366992,85,-1583035016,85,-1582851064,85,-1582851096,85,12,255,-1583035016,85,926052901,0,-1583035016,85,5264165,85,-1583035016,85,-1592542992,85,5572,0,-1593805709,85,-1583035016,85,-1582846952,85
-1582952080,85,0,5571,0,85,-1594366992,85,-1583035016,85,-1582850904,85,-1582850936,85,12,255,-1583035016,85,909275685,0,-1583035016,85,5264165,85,-1583035016,85,-1592542992,85,5571,0,-1593805709,85,-1583035016,85,-1582846808,85,-1582952032,85,0,5570,0,85,-1594366992,85,-1583035016,85,-1582850744,85,-1582850776,85,12,255,-1583035016,85,909275685,0,-1583035016,85,5264165,85,-1583035016,85,-1592542992,85,5570,0,-1593805709,85,-1583035016,85,-1582846664,85,-1582951984,85,0,5569,0,85,-1594366992,85,-1583035016,85,-1582850584,85,-1582850616,85,12,255,-1583035016,85,926052901,0,-1583035016,85,5264165,85,-1583035016,85,-1592542992,85,5569,0,-1593805709,85,-1583035016,85,-1582846520,85,-1582951936,85,0,5568,0,85,-1594366992,85,-1583035016,85,-1582850392,85,-1582850456,85,0,255,-1583035016,85,-1582847448,85,-1582868216,85,926052901,0,-1583035016,85,-1592542992,85,5568,0,7761773,85,-1583035016,85,-1582846376,85,-1582951912,85,0,5567,0,85,-1594366992,85,-1583035016,85,-1582850328,85,-1582850360,85,12,255,-1583035016,85,909275685,0,-1583035016,85,5264165,85,-1583035016,85,-1592542992,85,5567,0,-1593805709,85,-1583035016,85,-1582846232,85,-1582951864,85,0,5566,0,85,-1594366992,85,-1583035016,85,-1582850168,85,-1582850200,85,12,255,-1583035016,85,909275685,0
-1583035016,85,5264165,85,-1583035016,85,-1592542992,85,5566,0,-1593805709,85,-1583035016,85,-1582846088,85,-1582951816,85,0,5565,0,85,-1594366992,85,-1583035016,85,-1582850008,85,-1582850040,85,0,255,-1583035016,85,-1582846296,85,-1582868136,85,909275685,0,-1583035016,85,-1592542992,85,5565,0,7761773,85,-1583035016,85,1,365,9,85,-1592542992,85,5564,0,1,1287,-1,85,-1582815048,85,-1582868056,85,-1582548984,85,-1582528984,85,-1592542992,85,5563,0,-1582845944,85,-1582951792,85,0,5557,0,85,-1594366712,85,-1583035016,85,-1582849720,85,-1582849880,85,7,255,-1583035016,85,1987339634,3173473,-1583035016,85,-1582844728,85,-1582867896,85,892498469,0,-1583035016,85,-1592542992,85,5557,0,-1593809812,85,-1583035016,85,-1582845704,85,-1582951744,85,0,5551,0,85,0,0,-1583035016,85,0,255,-1583035016,85,-1592542992,85,5556,0,-1582845448,85,-1582849624,85,0,0,-1582849656,85,-1592542992,85,5555,0,1634886000,12653,-1583035016,85,-1592542992,85,5554,0,1634886000,12397,-1583035016,85,-1592542992,85,5552,0,0,0,-1582849528,85,1987339634,3173473,-1583035016,85,-1592542992,85,5551,0,1819042147,0,-1583035016,85,-1582806568,85,-1582867816,85,-1582845864,85,-1582867816,85,1,369,29,85,0,0,-1582916296,85,1987339634,3173473,-1583035016,85,-1592542992,85
5550,0,-1582845544,85,-1582951696,85,0,5549,0,85,-1594366712,85,-1583035016,85,-1582849464,85,-1582849496,85,7,255,-1583035016,85,875721253,0,-1583035016,85,1634886000,12653,-1583035016,85,-1592542992,85,5549,0,-1593805709,85,-1583035016,85,-1582845288,85,-1582867736,85,-1582845272,85,-1582867736,85,-1582845752,85,-1582867976,85,0,0,-1582916256,85,1634886000,12653,-1583035016,85,-1592542992,85,5548,0,-1582845192,85,-1582951648,85,0,5547,0,85,-1594366912,85,-1583035016,85,-1582849304,85,-1582849336,85,7,255,-1583035016,85,828666405,0,-1583035016,85,1634886000,12397,-1583035016,85,-1592542992,85,5547,0,-1593805709,85,-1583035016,85,-1582845048,85,-1582867656,85,-1582845032,85,-1582867656,85,0,0,-1582916216,85,1634886000,12397,-1583035016,85,-1592542992,85,5546,0,-1582844792,85,-1582867576,85,-1592542992,85,5561,0,0,0,-1582916176,85,1886217588,1918988383,1918856545,26469,-1592542992,85,5544,0,1,1286,-1,85,1597522498,50,-1583035016,85,946892148,13109,-1583035016,85,-1582845736,85,-1582528904,85,-1582844952,85,-1582951600,85,0,5541,0,85,-1594366992,85,-1583035016,85,-1582849080,85,-1582849112,85,0,255,-1583035016,85,-1582845608,85,-1582867496,85,875721253,0,-1583035016,85,-1592542992,85,5541,0,7761773,85,-1583035016,85,1,1285,-1,85,-1582845016,85,-1582867416,85,-1582844600,85
-1582574248,85,-1592542992,85,5540,0,946892148,12853,-1583035016,85,1,364,5,85,-1592542992,85,5539,0,1,1284,-1,85,1,365,9,85,-1582844424,85,-1582867336,85,-1582844408,85,-1582574168,85,-1592542992,85,5538,0,1597522498,49,-1583035016,85,-1582844584,85,-1582951576,85,0,5536,0,85,0,0,-1583035016,85,-1582848952,85,-1583035016,85,0,255,-1583035016,85,1,4,-1,85,-1582844120,85,-1582844104,85,1597522498,49,-1583035016,85,-1592542992,85,5536,0,6386274,85,16048,0,4240,0,4232,0,0,0,0,0,0,0,0,0,0,0,0,0,0,0,0,0,0,0,0,0,0,0,0,0,0,0,-1582843960,85,0,0,145,0,0,0,0,0,0,0,0,0,0,0,0,0,0,0,0,0,0,0,0,0,0,0,0,0,0,0,0,0,0,0,0,0,0,0,0,0,0,0,-1582843784,85,0,0,137,0,0,0,0,0,0,0,0,0,0,0,0,0,0,0,0,0,0,0,0,0,0,0,0,0,0,0,0,0,0,0,0,0,0,0,0,0,0,0
-1582843608,85,0,0,137,0,0,0,0,0,0,0,0,0,0,0,0,0,0,0,0,0,0,0,0,0,0,0,0,0,0,0,0,0,0,0,0,0,0,0,0,0,0,0,-1582843432,85,0,0,127,0,0,0,0,0,0,0,0,0,0,0,0,0,0,0,0,0,0,0,0,0,0,0,0,0,0,0,0,0,0,0,0,0,0,0,0,0,0,0,-1582843256,85,0,0,127,0,0,0,0,0,0,0,0,0,0,0,0,0,0,0,0,0,0,0,0,0,0,0,0,0,0,0,0,0,0,0,0,0,0,0,0,0,0,0,-1582843080,85,0,0,123,0,0,0,0,0,0,0,0,0,0,0,0,0,0,0,0,0,0,0,0,0,0,0,0,0,0,0,0,0,0,0,0,0,0,0,0,0,0,0,-1582842904,85,0,0,121,0,0,0,0,0,0,0,0,0,0,0,0,0,0,0,0,0,0,0
0,0,0,0,0,0,0,0,0,0,0,0,0,0,0,0,0,0,0,0,-1582842728,85,0,0,116,0,0,0,0,0,0,0,0,0,0,0,0,0,0,0,0,0,0,0,0,0,0,0,0,0,0,0,0,0,0,0,0,0,0,0,0,0,0,0,-1582842552,85,0,0,111,0,0,0,0,0,0,0,0,0,0,0,0,0,0,0,0,0,0,0,0,0,0,0,0,0,0,0,0,0,0,0,0,0,0,0,0,0,0,0,-1582842376,85,0,0,111,0,0,0,0,0,0,0,0,0,0,0,0,0,0,0,0,0,0,0,0,0,0,0,0,0,0,0,0,0,0,0,0,0,0,0,0,0,0,0,-1582842200,85,0,0,102,0,0,0,0,0,0,0,0,0,0,0,0,0,0,0,0,0,0,0,0,0,0,0,0,0,0,0,0,0,0,0,0,0,0,0,0,0,0,0,-1582842024,85,0,0
102,0,0,0,0,0,0,0,0,0,0,0,0,0,0,0,0,0,0,0,0,0,0,0,0,0,0,0,0,0,0,0,0,0,0,0,0,0,0,0,-1582841848,85,0,0,98,0,0,0,0,0,0,0,0,0,0,0,0,0,0,0,0,0,0,0,0,0,0,0,0,0,0,0,0,0,0,0,0,0,0,0,0,0,0,0,-1582841672,85,0,0,96,0,0,0,0,0,0,0,0,0,0,0,0,0,0,0,0,0,0,0,0,0,0,0,0,0,0,0,0,0,0,0,0,0,0,0,0,0,0,0,-1582841496,85,0,0,96,0,0,0,0,0,0,0,0,0,0,0,0,0,0,0,0,0,0,0,0,0,0,0,0,0,0,0,0,0,0,0,0,0,0,0,0,0,0,0,-1582841320,85,0,0,92,0,0,0,0,0,0,0,0,0,0,0,0,0,0,0,0,0,0,0,0,0,0,0
0,0,0,0,0,0,0,0,0,0,0,0,0,0,0,0,-1582841144,85,0,0,91,0,0,0,0,0,0,0,0,0,0,0,0,0,0,0,0,0,0,0,0,0,0,0,0,0,0,0,0,0,0,0,0,0,0,0,0,0,0,0,-1582840968,85,0,0,91,0,0,0,0,0,0,0,0,0,0,0,0,0,0,0,0,0,0,0,0,0,0,0,0,0,0,0,0,0,0,0,0,0,0,0,0,0,0,0,-1582840792,85,0,0,90,0,0,0,0,0,0,0,0,0,0,0,0,0,0,0,0,0,0,0,0,0,0,0,0,0,0,0,0,0,0,0,0,0,0,0,0,0,0,0,-1582840616,85,0,0,89,0,0,0,0,0,0,0,0,0,0,0,0,0,0,0,0,0,0,0,0,0,0,0,0,0,0,0,0,0,0,0,0,0,0,0,0,0,0,0,-1582840440,85,0,0,70,0,0,0
0,0,0,0,0,0,0,0,0,0,0,0,0,0,0,0,0,0,0,0,0,0,0,0,0,0,0,0,0,0,0,0,0,0,0,0,-1582840264,85,0,0,70,0,0,0,0,0,0,0,0,0,0,0,0,0,0,0,0,0,0,0,0,0,0,0,0,0,0,0,0,0,0,0,0,0,0,0,0,0,0,0,-1582840088,85,0,0,65,0,0,0,0,0,0,0,0,0,0,0,0,0,0,0,0,0,0,0,0,0,0,0,0,0,0,0,0,0,0,0,0,0,0,0,0,0,0,0,-1582839912,85,0,0,65,0,0,0,0,0,0,0,0,0,0,0,0,0,38145,0,-1582885264,85,-1582964560,85,0,0,0,0,-1594493432,85,-1582809288,85,0,0,0,0,0,0,0,0,-1582809304,85,-1582809320,85,-1582809336,85,3360,0,0,0,0,0,-1594493432,85,-1582809128,85,0,0,0,0,0,0,0,0,-1582809144,85,-1582809160,85,-1582809176,85,3359,0,0,0,0,0
-1594513128,85,-1582809000,85,0,0,0,0,0,0,1,0,-1582833056,85,-1582809016,85,-1582809032,85,3358,0,0,0,0,0,-1594506984,85,-1582808728,85,0,0,0,0,0,0,0,0,-1582808744,85,-1582808760,85,-1582808776,85,3357,0,0,0,0,0,-1594493832,85,-1582808568,85,1,0,0,0,0,0,0,0,-1582808584,85,-1582808600,85,-1582808616,85,3354,0,0,0,0,0,-1594489200,85,-1582808184,85,0,0,0,0,0,0,0,0,-1582808200,85,-1582808216,85,-1582808232,85,3356,0,0,0,0,0,-1594657976,85,-1582808424,85,0,0,0,0,0,0,0,0,-1582832960,85,-1582808440,85,-1582808456,85,3351,0,0,0,0,0,-1594494032,85,-1582807416,85,1,0,0,0,0,0,0,0,-1582807432,85,-1582807448,85,-1582807464,85,3350,0,0,0,0,0,-1594396808,85,-1582807272,85,0,0,4,256,0,0,0,0,-1582832768,85,-1582807288,85,-1582807304,85,3349,0,0,0,0,0,-1594495432,85,-1582806888,85,1,0,0,0,0,0,0,0,-1582806904,85,-1582806920,85,-1582806936,85,3348,0,0,0,0,0,-1594495432,85,-1582806648,85,1,0,0,0
0,0,0,0,-1582806664,85,-1582806680,85,-1582806696,85,3355,0,0,0,0,0,-1594504584,85,-1582808264,85,0,0,0,0,0,0,0,0,-1582832912,85,-1582808280,85,-1582808296,85,3352,0,0,0,0,0,-1594404840,85,-1582807496,85,0,0,4,256,0,0,0,0,-1582807512,85,-1582807528,85,-1582807544,85,3347,0,0,0,0,0,-1594657976,85,-1582818680,85,0,0,0,0,0,0,0,0,-1582832624,85,-1582806312,85,-1582806328,85,3346,0,0,0,0,0,-1594496432,85,-1582818520,85,1,0,0,0,0,0,0,0,-1582818536,85,-1582818552,85,-1582818568,85,3345,0,0,0,0,0,-1594506784,85,-1582818360,85,0,0,0,0,0,0,0,0,-1582818376,85,-1582818392,85,-1582818408,85,3344,0,0,0,0,0,-1594495232,85,-1582818200,85,1,0,0,0,0,0,0,0,-1582818216,85,-1582818232,85,-1582818248,85,3343,0,0,0,0,0,-1594404840,85,-1582817848,85,0,0,4,256,0,0,0,0,-1582817864,85,-1582817880,85,-1582817896,85,3342,0,-1582820520,85,0,0,-1594404840,85,-1582817688,85,0,0,0,0,0,0,0,0,-1582817704,85,-1582817720,85
-1582817736,85,3341,0,0,0,0,0,-1594504184,85,-1582817512,85,0,0,0,0,0,0,0,0,-1582817528,85,-1582817544,85,-1582817560,85,3340,0,0,0,0,0,-1594513128,85,-1582817368,85,0,0,0,0,0,0,6,0,-1582832408,85,-1582817384,85,-1582817400,85,3339,0,0,0,0,0,-1594657976,85,-1582817080,85,0,0,0,0,0,0,0,0,-1582832360,85,-1582817096,85,-1582817112,85,3338,0,0,0,0,0,-1594659776,85,-1582816920,85,0,0,0,0,0,0,0,0,-1582832312,85,-1582816936,85,-1582816952,85,3337,0,0,0,0,0,-1594404840,85,-1582816536,85,0,0,4,256,0,0,0,0,-1582816552,85,-1582816568,85,-1582816584,85,3336,0,-1582819816,85,0,0,-1594404840,85,-1582816376,85,0,0,0,0,0,0,0,0,-1582816392,85,-1582816408,85,-1582816424,85,3335,0,0,0,0,0,-1594504184,85,-1582816200,85,0,0,0,0,0,0,0,0,-1582816216,85,-1582816232,85,-1582816248,85,3334,0,0,0,0,0,-1594513128,85,-1582816056,85,0,0,0,0,0,0,3,0,-1582832192,85,-1582816072,85,-1582816088,85,3333,0,0,0,0,0
-1594506784,85,-1582815784,85,0,0,0,0,0,0,0,0,-1582815800,85,-1582815816,85,-1582815832,85,3332,0,0,0,0,0,-1594506784,85,-1582815416,85,0,0,0,0,0,0,0,0,-1582815432,85,-1582815448,85,-1582815464,85,3331,0,0,0,0,0,-1594506984,85,-1582815176,85,0,0,0,0,0,0,0,0,-1582815192,85,-1582815208,85,-1582815224,85,3330,0,0,0,0,0,-1594495232,85,-1582814888,85,1,0,0,0,0,0,0,0,-1582814904,85,-1582814920,85,-1582814936,85,3329,0,0,0,0,0,-1594495232,85,-1582814744,85,1,0,0,0,0,0,0,0,-1582814760,85,-1582814776,85,-1582814792,85,3328,0,0,0,0,0,-1594495232,85,-1582814600,85,1,0,0,0,0,0,0,0,-1582814616,85,-1582814632,85,-1582814648,85,3327,0,0,0,0,0,-1594495232,85,-1582848040,85,1,0,0,0,0,0,0,0,-1582848056,85,-1582848072,85,-1582848088,85,3326,0,0,0,0,0,-1594495232,85,-1582847896,85,1,0,0,0,0,0,0,0,-1582847912,85,-1582847928,85,-1582847944,85,3325,0,0,0,0,0,-1594495232,85,-1582847752,85,1,0,0,0
0,0,0,0,-1582847768,85,-1582847784,85,-1582847800,85,3324,0,0,0,0,0,-1594495232,85,-1582847608,85,1,0,0,0,0,0,0,0,-1582847624,85,-1582847640,85,-1582847656,85,3323,0,0,0,0,0,-1594506784,85,-1582847464,85,0,0,0,0,0,0,0,0,-1582847480,85,-1582847496,85,-1582847512,85,3322,0,0,0,0,0,-1594495232,85,-1582847320,85,1,0,0,0,0,0,0,0,-1582847336,85,-1582847352,85,-1582847368,85,3321,0,0,0,0,0,-1594495232,85,-1582847176,85,1,0,0,0,0,0,0,0,-1582847192,85,-1582847208,85,-1582847224,85,3320,0,0,0,0,0,-1594495232,85,-1582847032,85,1,0,0,0,0,0,0,0,-1582847048,85,-1582847064,85,-1582847080,85,3319,0,0,0,0,0,-1594495232,85,-1582846888,85,1,0,0,0,0,0,0,0,-1582846904,85,-1582846920,85,-1582846936,85,3318,0,0,0,0,0,-1594495232,85,-1582846744,85,1,0,0,0,0,0,0,0,-1582846760,85,-1582846776,85,4144,0,4128,0,4112,0,-1582737256,85,-1582737288,85,-1582737320,85,0,0,-1582767960,85,0,0,0,0,-1582767864,85,0,0
-1582736968,85,-1582737000,85,-1582737032,85,0,0,-1582767768,85,0,0,0,0,-1582767672,85,0,0,-1582736680,85,-1582736712,85,-1582736744,85,0,0,-1582767576,85,0,0,-1582736584,85,-1582736616,85,-1582736648,85,0,0,-1582767480,85,0,0,0,0,-1582767384,85,0,0,-1582736296,85,-1582736328,85,-1582736360,85,0,0,-1582767288,85,0,0,-1582736200,85,-1582736232,85,-1582736264,85,0,0,-1582767192,85,0,0,-1582785640,85,-1582785672,85,-1582785704,85,0,0,-1582767096,85,0,0,-1582785544,85,-1582785576,85,-1582785608,85,0,0,-1582767000,85,0,0,-1582785448,85,-1582785480,85,-1582785512,85,0,0,-1582766904,85,0,0,0,0,-1582766808,85,0,0,-1582785288,85,-1582785320,85,-1582785352,85,0,0,-1582766712,85,0,0,-1582785192,85,-1582785224,85,-1582785256,85,0,0,-1582766520,85,0,0,0,0,-1582766424,85,0,0,-1582785032,85,-1582785064,85,-1582785096,85,0,0,-1582766616,85,0,0,0,0,-1582766328,85,0,0,0,0,-1582766040,85,0,0,-1582784744,85,-1582784776,85,-1582784808,85,0,0,-1582765944,85,0,0,0,0,-1582766232,85,0,0,0,0,-1582766136,85,0,0,0,0,-1582765848,85,0,0,0,0
-1582765752,85,0,0,0,0,-1582765656,85,0,0,0,0,-1582765560,85,0,0,0,0,-1582765464,85,0,0,0,0,-1582765176,85,0,0,0,0,-1582793960,85,0,0,1969446751,1935630692,1596994157,1601595748,1597125491,7631716,0,0,-1582793672,85,0,0,0,0,-1582793576,85,0,0,0,0,-1582792904,85,0,0,-1582783208,85,-1582783240,85,-1582783272,85,0,0,-1582792808,85,0,0,-1582783112,85,-1582783144,85,-1582783176,85,0,0,-1582793480,85,0,0,0,0,-1582793384,85,0,0,12,0,-1582782792,85,-1582782760,85,0,0,-1582793288,85,0,0,-1582782504,85,-1582782536,85,-1582782664,85,0,0,-1582793192,85,0,0,12,0,-1582782344,85,-1582782312,85,0,0,-1582793096,85,0,0,12,0,-1582782152,85,-1582782120,85,0,0,-1582793000,85,0,0,12,0,-1582781992,85,-1582781960,85,0,0,-1582792712,85,0,0,0,0,-1582792136,85,0,0,-1582798072,85,-1582781640,85,-1582781672,85,0,0,-1582792040,85,0,0,-1582797976,85,-1582798008,85,-1582798040,85,0,0,-1582792616,85,0,0,0,0,-1582792520,85,0,0,12,0,-1582797656,85,-1582797624,85,0,0,-1582792424,85,0,0,-1582797400,85,-1582797432,85
-1582797528,85,0,0,-1582792328,85,0,0,12,0,-1582797240,85,-1582797208,85,0,0,-1582792232,85,0,0,12,0,-1582797080,85,-1582797048,85,0,0,-1582791944,85,0,0,0,0,-1582791752,85,0,0,-1582796728,85,-1582796760,85,-1582796792,85,0,0,-1582791272,85,0,0,-1582796632,85,-1582796664,85,-1582796696,85,0,0,-1582791848,85,0,0,0,0,-1582791176,85,0,0,0,0,-1582791656,85,0,0,12,0,-1582796184,85,-1582796152,85,0,0,-1582791560,85,0,0,-1582795928,85,-1582795960,85,-1582796056,85,0,0,-1582791464,85,0,0,12,0,-1582795768,85,-1582795736,85,0,0,-1582791368,85,0,0,12,0,-1582795608,85,-1582795576,85,0,0,-1582791080,85,0,0,-1582795416,85,-1582795448,85,-1582795480,85,0,0,-1582790984,85,0,0,0,0,-1582790888,85,0,0,0,0,-1582790792,85,0,0,12,0,-1582795096,85,-1582795128,85,0,0,-1582790696,85,0,0,12,0,-1582794936,85,-1582794968,85,0,0,-1582790600,85,0,0,0,0,-1582790504,85,0,0,0,0,-1582790408,85,0,0,0,0,-1582790312,85,0,0,0,0,-1582790216,85,0,0,0,0,-1582790120,85,0,0
-1582794328,85,-1582794360,85,-1582794392,85,0,0,-1582790024,85,0,0,0,0,-1582789928,85,0,0,0,0,-1582839816,85,0,0,0,0,-1582839720,85,0,0,0,0,-1582839624,85,0,0,-1582822696,85,-1582822728,85,-1582822792,85,0,0,-1582839528,85,0,0,0,0,-1582839432,85,0,0,0,0,-1582839240,85,0,0,-1582822344,85,-1582822376,85,-1582822408,85,0,0,-1582838760,85,0,0,-1582822248,85,-1582822280,85,-1582822312,85,0,0,-1582839336,85,0,0,0,0,-1582838664,85,0,0,0,0,-1582839144,85,0,0,12,0,-1582821800,85,-1582821768,85,0,0,-1582839048,85,0,0,-1582821544,85,-1582821576,85,-1582821672,85,0,0,-1582838952,85,0,0,12,0,-1582821384,85,-1582821352,85,0,0,-1582838856,85,0,0,12,0,-1582821224,85,-1582821192,85,0,0,-1582838568,85,0,0,-1582821032,85,-1582821064,85,-1582821096,85,0,0,-1582838472,85,0,0,0,0,-1582838376,85,0,0,0,0,-1582838280,85,0,0,12,0,-1582820712,85,-1582820744,85,0,0,-1582838184,85,0,0,0,0,-1582838088,85,0,0,0,0,-1582837992,85,0,0,0,0,-1582837896,85,0,0,-1582820296,85
-1582820328,85,-1582820360,85,0,0,-1582837800,85,0,0,-1582820104,85,-1582820136,85,-1582820168,85,0,0,-1582837704,85,0,0,-1582820008,85,-1582820040,85,-1582820072,85,0,0,-1582837608,85,0,0,0,0,-1582837512,85,0,0,0,0,-1582837416,85,0,0,0,0,-1582837320,85,0,0,-1582819592,85,-1582819624,85,-1582819656,85,0,0,-1582837224,85,0,0,0,0,-1582837128,85,0,0,0,0,-1582837032,85,0,0,0,0,-1582836936,85,0,0,12,0,-1582819048,85,-1582819080,85,0,0,-1582836840,85,0,0,12,0,-1582818888,85,-1582818920,85,0,0,-1582836744,85,0,0,12,0,-1582818728,85,-1582818760,85,0,0,-1582836648,85,0,0,12,0,-1582852152,85,-1582852184,85,0,0,-1582836552,85,0,0,12,0,-1582851992,85,-1582852024,85,0,0,-1582836456,85,0,0,12,0,-1582851832,85,-1582851864,85,0,0,-1582836360,85,0,0,12,0,-1582851672,85,-1582851704,85,0,0,-1582836264,85,0,0,0,0,-1582836168,85,0,0,12,0,-1582851448,85,-1582851480,85,0,0,-1582836072,85,0,0,12,0,-1582851288,85,-1582851320,85,0,0,-1582835976,85,0,0,12,0,-1582851128,85
-1582851160,85,0,0,-1582835880,85,0,0,0,0,417,0,-1582921056,85,-1938371888,127,4,0,0,0,0,0,0,0,0,0,0,0,0,0,0,0,0,0,0,0,0,0,0,0,0,0,0,0,0,0,0,0,0,0,0,0,176,0,176,0,168,0,-1271595776,10,0,0,0,0,0,0,0,0,0,0,0,0,0,0,0,0,0,0,0,0,0,0,0,0,0,0,0,0,0,0,0,0,0,0,0,0,0,0,65,0,-1583051440,85,-1582761088,85,0,0,0,0,0,0,0,0,8688,0,4112,0,4104,0,134,0,-1594366712,85,-1582848216,85,0,0,196,0,-1594366872,85,-1594233192,85,0,0,196,0,-1594366712,85,-1582866776,85,0,0,-1582830968,85,1,0,0,0,0,0,134,0,-1594366712,85,-1582831032,85,0,0,196,0,-1594366872,85,-1594233672,85,0,0,196,0,-1594366712,85,-1582866696,85,0,0,66,0,-1593201016,85,12,0,0,0,66,0,-1593201016,85,357,0,0,0,66,0,-1593201016,85,1,0,0,0,196,0
-1594366992,85,-1582913832,85,0,0,196,0,-1594366712,85,-1582913592,85,0,0,196,0,-1594366992,85,-1582914152,85,0,0,196,0,-1594366992,85,-1582913832,85,0,0,196,0,-1594366992,85,-1582866056,85,0,0,196,0,-1594366992,85,-1582914152,85,0,0,196,0,-1594366992,85,-1582914552,85,0,0,196,0,-1594366992,85,-1582866056,85,0,0,265,0,-1593380688,85,-1582830520,85,0,0,196,0,-1593380688,85,-1582866536,85,0,0,196,0,-1594366992,85,-1582866456,85,0,0,196,0,-1594366992,85,-1582914552,85,0,0,196,0,-1593380688,85,-1582866536,85,0,0,66,0,-1593201016,85,0,0,0,0,196,0,-1594366992,85,-1582866456,85,0,0,196,0,-1594366992,85,-1582866056,85,0,0,196,0,-1594366992,85,-1582866056,85,0,0,68,0,-1594367232,85,-1582866376,85,0,0,9,0,-1593380688,85,-1582830200,85,0,0,196,0,-1593380688,85,-1582866296,85,0,0,196,0,-1594366992,85,-1582866216,85,0,0,196,0,-1594366992,85,-1582866136,85,0,0,196,0,-1593380688,85,-1582866296,85,0,0,66,0,-1593201016,85,0,0,0,0,196,0,-1594366992,85,-1582866216,85,0,0,196,0
-1594366992,85,-1582914552,85,0,0,196,0,-1594366992,85,-1582914472,85,0,0,196,0,-1594366992,85,-1582866136,85,0,0,-1582829752,85,-1582829784,85,-1582829816,85,-1582829880,85,9,0,-1593380688,85,-1582829848,85,0,0,196,0,-1593380688,85,-1582865976,85,0,0,196,0,-1594366992,85,-1582865656,85,0,0,196,0,-1594366992,85,-1582865736,85,0,0,196,0,-1594366992,85,-1582866056,85,0,0,196,0,-1594366992,85,-1582914632,85,0,0,196,0,-1594366992,85,-1582865896,85,0,0,196,0,-1593380688,85,-1582865976,85,0,0,-1582829464,85,-1582829496,85,-1582829528,85,-1582829592,85,9,0,-1593380688,85,-1582829560,85,0,0,196,0,-1593380688,85,-1582865576,85,0,0,196,0,-1594366992,85,-1582865496,85,0,0,196,0,-1594366992,85,-1582865816,85,0,0,196,0,-1594366992,85,-1582865896,85,0,0,196,0,-1594366992,85,-1582914632,85,0,0,196,0,-1594366992,85,-1582865496,85,0,0,196,0,-1594366992,85,-1582865816,85,0,0,66,0,-1593201016,85,1,0,0,0,196,0,-1594366992,85,-1582865656,85,0,0,196,0,-1594366992,85,-1582865736,85,0,0,-1582829080,85,-1582829112,85,-1582829144,85,-1582829208,85,9,0
-1593380688,85,-1582829176,85,0,0,196,0,-1593380688,85,-1582865576,85,0,0,196,0,-1594366992,85,-1582865256,85,0,0,196,0,-1594366992,85,-1582865416,85,0,0,196,0,-1594366992,85,-1582865656,85,0,0,196,0,-1594366992,85,-1582865496,85,0,0,196,0,-1594366992,85,-1582914632,85,0,0,196,0,-1593380688,85,-1582865576,85,0,0,196,0,-1594366992,85,-1582865336,85,0,0,196,0,-1594366992,85,-1582865176,85,0,0,196,0,-1594366992,85,-1582865496,85,0,0,66,0,-1593201016,85,1,0,0,0,196,0,-1594366992,85,-1582865256,85,0,0,196,0,-1594366992,85,-1582865416,85,0,0,196,0,-1594366992,85,-1582865256,85,0,0,196,0,-1594366992,85,-1582914632,85,0,0,196,0,-1594366992,85,-1582865336,85,0,0,196,0,-1594366992,85,-1582865176,85,0,0,196,0,-1594366992,85,-1582865096,85,0,0,196,0,-1594366992,85,-1582865256,85,0,0,196,0,-1594366992,85,-1582914472,85,0,0,196,0,-1594366992,85,-1582865176,85,0,0,196,0,-1594366992,85,-1582865016,85,0,0,196,0,-1594366992,85,-1582864776,85,0,0,196,0,-1594366992,85,-1582865096,85,0,0,196,0
-1594366992,85,-1582864936,85,0,0,196,0,-1594366992,85,-1582864776,85,0,0,196,0,-1594366992,85,-1582865016,85,0,0,196,0,-1594366992,85,-1582864856,85,0,0,196,0,-1594366992,85,-1582864936,85,0,0,196,0,-1594366992,85,-1582864776,85,0,0,196,0,-1594366992,85,-1582914632,85,0,0,196,0,-1594366992,85,-1582864856,85,0,0,196,0,-1594368312,85,-1582864696,85,0,0,196,0,-1594366992,85,-1582864776,85,0,0,196,0,-1594368312,85,-1582864696,85,0,0,196,0,-1594366992,85,-1582864776,85,0,0,196,0,-1594366992,85,-1582914952,85,0,0,196,0,-1594368312,85,-1582864696,85,0,0,66,0,-1593201016,85,268435454,0,0,0,196,0,-1594366992,85,-1582914872,85,0,0,196,0,-1594366992,85,-1582914952,85,0,0,196,0,-1594368312,85,-1582914792,85,0,0,196,0,-1594366992,85,-1582914872,85,0,0,196,0,-1594368312,85,-1582914712,85,0,0,196,0,-1594368312,85,-1582914792,85,0,0,196,0,-1594368312,85,-1582914712,85,0,0,196,0,-1594368312,85,-1582914792,85,0,0,196,0,-1594366992,85,-1582914632,85,0,0,196,0,-1594368312,85,-1582914712,85,0,0,196,0
-1594366992,85,-1582914632,85,0,0,196,0,-1594368312,85,-1582914712,85,0,0,196,0,-1594366992,85,-1582914552,85,0,0,196,0,-1594366992,85,-1582914632,85,0,0,196,0,-1594366992,85,-1582914072,85,0,0,196,0,-1594366992,85,-1582914552,85,0,0,196,0,-1594366992,85,-1582913992,85,0,0,196,0,-1594366992,85,-1582914472,85,0,0,196,0,-1594366992,85,-1582913752,85,0,0,1969446751,1935630692,1596994157,1601595748,1597125491,828863073,0,0,196,0,-1594366992,85,-1582914072,85,0,0,196,0,-1594366992,85,-1582913672,85,0,0,1969446751,1935630692,1596994157,1601595748,1597125491,812085857,0,0,196,0,-1594366992,85,-1582913992,85,0,0,1111641124,1600085809,1633973603,846033759,1768185648,863199094,24370,0,66,0,-1593201016,85,6,0,0,0,66,0,-1593201016,85,5,0,0,0,66,0,-1593201016,85,25,0,0,0,12449,0,-1582920640,85,-1583036784,85,0,0,0,0,0,0,0,0,0,0,0,0,0,0,0,0,0,0,0,0,0,0,0,0,0,0,0,0,0,0,0,0,0,0,0,0,0,0,0,0,0,0,0,0,0,0,0,0,-1582827016,85,-1582893944,85
0,0,0,0,0,0,0,0,0,0,0,0,0,0,0,0,0,0,0,0,0,0,0,0,0,0,0,0,0,0,0,0,0,0,0,0,0,0,0,0,0,0,0,0,0,0,-1582826816,85,-1582893944,85,0,0,0,0,0,0,0,0,0,0,0,0,0,0,0,0,0,0,0,0,0,0,0,0,0,0,0,0,0,0,0,0,0,0,0,0,0,0,0,0,0,0,0,0,0,0,-1582826616,85,-1582893944,85,0,0,0,0,0,0,0,0,0,0,0,0,0,0,0,0,0,0,0,0,0,0,0,0,0,0,0,0,0,0,0,0,0,0,0,0,0,0,0,0,0,0,0,0,0,0,-1582826416,85,-1582893944,85,0,0,0,0,0,0,0,0,0,0,0,0,0,0,0,0,0,0,0,0,0,0,0,0,0,0,0,0,0,0,0,0,0,0,0,0,0,0,0,0,0,0,0,0,0,0,-1582826216,85,-1582893944,85
0,0,0,0,0,0,0,0,0,0,0,0,0,0,0,0,0,0,0,0,0,0,0,0,0,0,0,0,0,0,0,0,0,0,0,0,0,0,0,0,0,0,0,0,0,0,-1582826016,85,-1582893944,85,0,0,0,0,0,0,0,0,0,0,0,0,0,0,0,0,0,0,0,0,0,0,0,0,0,0,0,0,0,0,0,0,0,0,0,0,0,0,0,0,0,0,0,0,0,0,-1582825816,85,-1582893944,85,0,0,0,0,0,0,0,0,0,0,0,0,0,0,0,0,0,0,0,0,0,0,0,0,0,0,0,0,0,0,0,0,0,0,0,0,0,0,0,0,0,0,0,0,0,0,-1582825616,85,-1582893944,85,0,0,0,0,0,0,0,0,0,0,0,0,0,0,0,0,0,0,0,0,0,0,0,0,0,0,0,0,0,0,0,0,0,0,0,0,0,0,0,0,0,0,0,0,0,0,-1582825416,85,-1582893944,85
0,0,0,0,0,0,0,0,0,0,0,0,0,0,0,0,0,0,0,0,0,0,0,0,0,0,0,0,0,0,0,0,0,0,0,0,0,0,0,0,0,0,0,0,0,0,-1582825216,85,-1582893944,85,0,0,0,0,0,0,0,0,0,0,0,0,0,0,0,0,0,0,0,0,0,0,0,0,0,0,0,0,0,0,0,0,0,0,0,0,0,0,0,0,0,0,0,0,0,0,-1582825016,85,-1582893944,85,0,0,0,0,0,0,0,0,0,0,0,0,0,0,0,0,0,0,0,0,0,0,0,0,0,0,0,0,0,0,0,0,0,0,0,0,0,0,0,0,0,0,0,0,0,0,-1582495576,85,-1582495480,85,0,0,-1582824600,85,0,0,-1582824584,85,-1582454680,85,-1582455336,85,0,0,-1582824552,85,0,0,-1582824536,85,0,0,-1582824520,85,0,0,-1582824504,85,0,0,-1582824488,85,0,0,-1582824472,85,-1594359200,85,-1582455128,85,-1582455688,85,5,0,0,0,-1582494904,85,-1582494808,85
0,0,-1582824400,85,0,0,-1582824384,85,-1582474136,85,-1582474792,85,0,0,-1582824352,85,0,0,-1582824336,85,0,0,-1582824320,85,0,0,-1582824304,85,0,0,-1582824288,85,0,0,-1582824272,85,-1594359200,85,-1582474584,85,-1582454408,85,5,0,0,0,-1582494328,85,-1582494232,85,0,0,-1582824200,85,0,0,-1582824184,85,-1582473192,85,-1582473512,85,0,0,-1582824152,85,0,0,-1582824136,85,0,0,-1582824120,85,0,0,-1582824104,85,0,0,-1582824088,85,0,0,-1582824072,85,-1594359200,85,-1582473448,85,-1582473864,85,4,0,0,0,-1582493752,85,-1582493656,85,-1582472008,85,-1582471896,85,0,0,-1582823984,85,-1582471768,85,-1582472472,85,0,0,-1582823952,85,0,0,-1582823936,85,0,0,-1582823920,85,0,0,-1582823904,85,0,0,-1582823888,85,0,0,-1582823872,85,-1594359200,85,-1582472216,85,-1582472824,85,4,0,0,0,-1582493176,85,-1582493080,85,-1582491224,85,-1582471496,85,0,0,-1582823784,85,-1582490984,85,-1582470984,85,0,0,-1582823752,85,0,0,-1582823736,85,0,0,-1582823720,85,0,0,-1582823704,85,0,0,-1582823688,85,0,0,-1582823672,85,-1594359200,85,-1582491432,85,-1582471336,85,4,0,0,0,-1582492600,85,-1582492504,85
-1582489736,85,-1582490712,85,0,0,-1582823584,85,-1582489496,85,-1582490200,85,0,0,-1582823552,85,0,0,-1582823536,85,0,0,-1582823520,85,0,0,-1582823504,85,0,0,-1582823488,85,0,0,-1582823472,85,-1594359200,85,-1582489944,85,-1582490552,85,4,0,0,0,-1582491640,85,-1582540792,85,-1582487656,85,-1582489224,85,0,0,-1582823384,85,-1582507768,85,-1582488712,85,0,0,-1582823352,85,0,0,-1582823336,85,0,0,-1582823320,85,0,0,-1582823304,85,0,0,-1582823288,85,0,0,-1582823272,85,-1594359200,85,-1582487864,85,-1582489064,85,8,0,0,0,0,0,-1582805000,85,-1582805080,85,-1582805160,85,-1582805400,85,-1582805480,85,-1582805640,85,-1582805720,85,-1582805800,85,-1582805880,85,-1582805960,85,-1582806040,85,-1582806120,85,-1582806200,85,-1582806280,85,-1582740360,85,-1582740520,85,-1582740600,85,-1582740680,85,-1582740760,85,-1582740920,85,-1582741000,85,-1582741080,85,-1582741320,85,0,0,0,0,-1582914472,85,-1582914552,85,-1582914632,85,-1582914872,85,-1582914952,85,-1582864776,85,-1582864856,85,-1582864936,85,-1582865016,85,-1582865096,85,-1582865176,85,-1582865256,85,-1582865336,85,-1582865416,85,-1582865496,85,-1582865656,85,-1582865736,85,-1582865816,85,-1582865896,85,-1582866056,85,-1582866136,85,-1582866216,85,-1582866456,85,0,0,4224,0,4112,0
4104,0,66,0,-1593201016,85,-1,-1,0,0,66,0,-1593201016,85,1,0,0,0,196,0,-1594366712,85,-1582812648,85,0,0,196,0,-1593380688,85,-1582812808,85,0,0,66,0,-1593201016,85,9,0,0,0,66,0,-1593201016,85,389,0,0,0,66,0,-1593201016,85,1,0,0,0,196,0,-1594366712,85,-1582812568,85,0,0,196,0,-1594366712,85,-1582812648,85,0,0,140,0,-1594366912,85,-1582822472,85,0,0,196,0,-1594366912,85,-1582812488,85,0,0,196,0,-1594366712,85,-1582812568,85,0,0,196,0,-1594366912,85,-1582812408,85,0,0,196,0,-1594366912,85,-1582912232,85,0,0,196,0,-1594366912,85,-1582812488,85,0,0,66,0,-1593201016,85,2,0,0,0,196,0,-1594366912,85,-1582812328,85,0,0,196,0,-1594366912,85,-1582812408,85,0,0,196,0,-1594366712,85,-1582811048,85,0,0,196,0,-1594366912,85,-1582812328,85,0,0,196,0,-1594366712,85,-1582811048,85,0,0,196,0,-1594366912,85,-1582812328,85,0,0,66,0,-1593201016,85,24,0,0,0,66,0,-1593201016,85,388,0,0,0,66,0,-1593201016,85,1,0
0,0,68,0,-1594367232,85,-1582531224,85,0,0,66,0,-1593201016,85,13,0,0,0,66,0,-1593201016,85,385,0,0,0,66,0,-1593201016,85,1,0,0,0,140,0,-1594366992,85,-1582821832,85,0,0,64,0,-1594366992,85,-1582832816,85,0,0,75,0,-1594366992,85,-1582821736,85,0,0,66,0,-1593201016,85,0,0,0,0,196,0,-1594366712,85,-1582812008,85,0,0,196,0,-1594366712,85,-1582812088,85,0,0,79,0,-1592410568,85,-1582807240,85,0,0,196,0,-1594366912,85,-1582811928,85,0,0,196,0,-1594366912,85,-1582811848,85,0,0,68,0,-1594367232,85,-1592403896,85,0,0,79,0,-1592410568,85,-1582807112,85,0,0,196,0,-1594366712,85,-1582812008,85,0,0,196,0,-1594366912,85,-1582811688,85,0,0,140,0,-1594366992,85,-1582821416,85,0,0,64,0,-1594366992,85,-1582832720,85,0,0,75,0,-1594366992,85,-1582821128,85,0,0,66,0,-1593201016,85,0,0,0,0,196,0,-1594366912,85,-1582811608,85,0,0,140,0,-1594366992,85,-1582821256,85,0,0,64,0,-1594366992,85,-1582832672,85,0,0,75,0,-1594366992,85,-1582821160,85
0,0,66,0,-1593201016,85,0,0,0,0,196,0,-1594366912,85,-1582811848,85,0,0,196,0,-1594366912,85,-1582811928,85,0,0,66,0,-1593201016,85,64,0,0,0,196,0,-1594366912,85,-1582911512,85,0,0,196,0,-1594366912,85,-1582811688,85,0,0,196,0,-1594366912,85,-1582811528,85,0,0,196,0,-1594366912,85,-1582811608,85,0,0,75,0,-1594366992,85,-1582820904,85,0,0,196,0,-1592409848,85,-1592405016,85,0,0,196,0,-1594366912,85,-1582811528,85,0,0,196,0,-1594366712,85,-1582811048,85,0,0,140,0,-1594366912,85,-1582820776,85,0,0,64,0,-1594366912,85,-1582832528,85,0,0,66,0,-1593201016,85,64,0,0,0,196,0,-1594366912,85,-1582911512,85,0,0,66,0,-1593201016,85,13,0,0,0,66,0,-1593201016,85,384,0,0,0,66,0,-1593201016,85,1,0,0,0,68,0,-1594367232,85,-1582811368,85,0,0,68,0,-1594367232,85,-1582812248,85,0,0,9,0,-1593380688,85,-1582820488,85,0,0,196,0,-1593380688,85,-1582811288,85,0,0,9,0,-1593380688,85,-1582820424,85,0,0,196,0,-1593380688,85,-1582811208,85
0,0,196,0,-1593380688,85,-1582811288,85,0,0,196,0,-1594366712,85,-1582912952,85,0,0,196,0,-1594366712,85,-1582811048,85,0,0,196,0,-1593380688,85,-1582811208,85,0,0,66,0,-1593201016,85,9,0,0,0,66,0,-1593201016,85,383,0,0,0,66,0,-1593201016,85,1,0,0,0,196,0,-1594366712,85,-1582810488,85,0,0,196,0,-1594366712,85,-1582810968,85,0,0,196,0,-1594366712,85,-1582811048,85,0,0,196,0,-1594366712,85,-1582913592,85,0,0,196,0,-1594366712,85,-1582867016,85,0,0,196,0,-1594366712,85,-1582810968,85,0,0,66,0,-1593201016,85,19,0,0,0,66,0,-1593201016,85,381,0,0,0,66,0,-1593201016,85,1,0,0,0,68,0,-1594367232,85,-1582810808,85,0,0,68,0,-1594367232,85,-1582531144,85,0,0,9,0,-1593380688,85,-1582819784,85,0,0,196,0,-1593380688,85,-1582810728,85,0,0,9,0,-1593380688,85,-1582819720,85,0,0,196,0,-1593380688,85,-1582810648,85,0,0,196,0,-1593380688,85,-1582810728,85,0,0,196,0,-1594366712,85,-1582913592,85,0,0,196,0,-1594366712,85,-1582810488,85
0,0,196,0,-1593380688,85,-1582810648,85,0,0,196,0,-1594366712,85,-1582868616,85,0,0,196,0,-1594366712,85,-1582810488,85,0,0,66,0,-1593201016,85,5,0,0,0,66,0,-1593201016,85,380,0,0,0,66,0,-1593201016,85,1,0,0,0,196,0,-1594366712,85,-1582868456,85,0,0,196,0,-1594366712,85,-1582868616,85,0,0,196,0,-1594366712,85,-1582868296,85,0,0,196,0,-1594366712,85,-1582868456,85,0,0,66,0,-1593201016,85,16,0,0,0,66,0,-1593201016,85,380,0,0,0,66,0,-1593201016,85,1,0,0,0,196,0,-1594366712,85,-1582868216,85,0,0,140,0,-1594366912,85,-1582819112,85,0,0,64,0,-1594366912,85,-1582832072,85,0,0,66,0,-1593201016,85,0,0,0,0,196,0,-1594366912,85,-1582911512,85,0,0,196,0,-1594366712,85,-1582868296,85,0,0,140,0,-1594366912,85,-1582818952,85,0,0,64,0,-1594366912,85,-1582832024,85,0,0,66,0,-1593201016,85,4,0,0,0,196,0,-1594366912,85,-1582911512,85,0,0,196,0,-1594366712,85,-1582868136,85,0,0,140,0,-1594366912,85,-1582818792,85
0,0,64,0,-1594366912,85,-1582831976,85,0,0,66,0,-1593201016,85,8,0,0,0,196,0,-1594366912,85,-1582911512,85,0,0,4113,0,-1582810416,85,-1582848192,85,0,0,0,0,-1582920264,85,-1582807384,85,-1582811688,85,895775269,48,-1582920264,85,-1592542992,85,5618,0,6579297,85,-1582920264,85,-1582806344,85,-1582832600,85,0,5617,0,85,-1594367792,85,-1582920264,85,-1582820968,85,-1582821000,85,5,255,-1582920264,85,878998053,56,-1582920264,85,-1582818648,85,-1582811608,85,878998053,57,-1582920264,85,-1592542992,85,5617,0,1635022435,0,-1582920264,85,-1582818584,85,-1582832576,85,0,5616,0,85,-1594367792,85,-1582920264,85,-1582820872,85,-1582820936,85,0,255,-1582920264,85,1920234276,49,-1582920264,85,-1582818488,85,-1582811528,85,878998053,56,-1582920264,85,-1592542992,85,5616,0,7761773,85,-1582920264,85,-1582818424,85,-1582832552,85,0,5615,0,85,-1594366992,85,-1582920264,85,-1582820808,85,-1582820840,85,12,255,-1582920264,85,3568165,85,-1582920264,85,5264165,85,-1582920264,85,-1592542992,85,5615,0,-1593805709,85,-1582920264,85,1,1297,-1,85,-1582807624,85,-1582811448,85,-1582807608,85,-1582531144,85,-1592542992,85,5614,0,946892148,12342,-1582920264,85,1,383,9,85,-1592542992,85,5613,0,1,1296
-1,85,1,384,13,85,-1582818104,85,-1582811368,85,-1582818088,85,-1582531064,85,-1592542992,85,5612,0,1597522498,53,-1582920264,85,-1582818264,85,-1582832504,85,0,5610,0,85,0,0,-1582920264,85,-1582820584,85,-1582920264,85,0,255,-1582920264,85,-1592542992,85,6138,0,-1582817800,85,-1582817784,85,1597522498,53,-1582920264,85,-1592542992,85,5610,0,6386274,85,-1582920264,85,-1582817912,85,-1582832480,85,0,5609,0,85,0,0,-1582920264,85,-1582820552,85,-1582920264,85,0,255,-1582920264,85,-1593806299,85,-1582920264,85,-1582817640,85,-1582817608,85,1597522498,54,-1582920264,85,6386274,85,-1582920264,85,-1592542992,85,5609,0,842100773,0,-1582920264,85,-1582817752,85,-1582832456,85,0,5608,0,85,-1593380688,85,-1582920264,85,-1582820392,85,-1582820456,85,0,255,-1582920264,85,825323557,0,-1582920264,85,-1582818328,85,-1582811288,85,842100773,0,-1582920264,85,-1592542992,85,5608,0,7630702,85,-1582920264,85,-1582817576,85,-1582832432,85,0,5607,0,85,-1594367272,85,-1582920264,85,0,255,-1582920264,85,3240485,85,-1582920264,85,3568165,85,-1582920264,85,-1582817480,85,-1582811208,85,825323557,0,-1582920264,85,-1592542992,85,5607,0,1886676339,0,-1582920264,85,1,381,19,85,-1592542992,85,5606,0,1,1295,-1,85,1,383
9,85,-1582817976,85,-1582811128,85,-1582817960,85,-1582530984,85,-1592542992,85,5605,0,946892148,14645,-1582920264,85,-1582817416,85,-1582832384,85,0,5604,0,85,-1594367272,85,-1582920264,85,0,255,-1582920264,85,3502629,85,-1582920264,85,959607333,0,-1582920264,85,-1582817320,85,-1582811048,85,3568165,85,-1582920264,85,-1592542992,85,5604,0,6579297,85,-1582920264,85,-1582817128,85,-1582832336,85,0,5603,0,85,-1594367272,85,-1582920264,85,0,255,-1582920264,85,3306021,85,-1582920264,85,3371557,85,-1582920264,85,-1582817032,85,-1582810968,85,959607333,0,-1582920264,85,-1592542992,85,5603,0,778859885,28524,-1582920264,85,1,1294,-1,85,-1582817192,85,-1582810888,85,-1582817176,85,-1582530904,85,-1592542992,85,5602,0,946892148,14389,-1582920264,85,1,380,5,85,-1592542992,85,5601,0,1,1293,-1,85,1,381,19,85,-1582816792,85,-1582810808,85,-1582816776,85,-1582530744,85,-1592542992,85,5600,0,1597522498,52,-1582920264,85,-1582816968,85,-1582832288,85,0,5598,0,85,0,0,-1582920264,85,-1582819880,85,-1582920264,85,0,255,-1582920264,85,3961381,85,-1582920264,85,-1582816488,85,-1582816472,85,1597522498,52,-1582920264,85,-1592542992,85,5598,0,6386274,85,-1582920264,85,-1582816600,85,-1582832264,85,0,5597,0,85,0,0
-1582920264,85,-1582819848,85,-1582920264,85,0,255,-1582920264,85,0,0,-1582592064,85,-1582816328,85,-1582816296,85,1597522498,13619,-1582920264,85,6386274,85,-1582920264,85,-1592542992,85,5597,0,808546341,0,-1582920264,85,-1582816440,85,-1582832240,85,0,5596,0,85,-1593380688,85,-1582920264,85,-1582819688,85,-1582819752,85,0,255,-1582920264,85,3764261,85,-1582920264,85,-1582816872,85,-1582810728,85,808546341,0,-1582920264,85,-1592542992,85,5596,0,7630702,85,-1582920264,85,-1582816264,85,-1582832216,85,0,5595,0,85,-1594367272,85,-1582920264,85,0,255,-1582920264,85,3306021,85,-1582920264,85,3502629,85,-1582920264,85,-1582816168,85,-1582810648,85,3764261,85,-1582920264,85,-1592542992,85,5595,0,1886676339,0,-1582920264,85,1,1292,-1,85,1,380,5,85,-1582816664,85,-1582810568,85,2,6,64,-1,-1592542992,85,5594,0,946892148,14133,-1582920264,85,-1582816104,85,-1582832168,85,0,5593,0,85,-1594366992,85,-1582920264,85,-1582819528,85,-1582819560,85,0,255,-1582920264,85,926249509,0,-1582920264,85,-1582816008,85,-1582810488,85,3502629,85,-1582920264,85,-1592542992,85,5593,0,7761773,85,-1582920264,85,1,380,16,85,-1592542992,85,5592,0,1,1291,-1,85,-1582815912,85,-1582868776,85,-1582938680,85,-1582530584,85,-1592542992,85
5591,0,1597522498,51,-1582920264,85,1,1290,-1,85,1,380,5,85,-1582815640,85,-1582868696,85,-1582815624,85,-1582530504,85,-1592542992,85,5589,0,946892148,13877,-1582920264,85,-1582815848,85,-1582832144,85,0,5588,0,85,-1594366992,85,-1582920264,85,-1582819368,85,-1582819400,85,0,255,-1582920264,85,3437093,85,-1582920264,85,-1582815752,85,-1582868616,85,926249509,0,-1582920264,85,-1592542992,85,5588,0,7761773,85,-1582920264,85,1,1289,-1,85,1,380,16,85,-1582815528,85,-1582530424,85,-1592542992,85,5587,0,946892148,13621,-1582920264,85,-1582815480,85,-1582832120,85,0,5586,0,85,-1594366712,85,-1582920264,85,-1582819304,85,-1582819336,85,0,255,-1582920264,85,942830117,0,-1582920264,85,-1582815384,85,-1582868456,85,3437093,85,-1582920264,85,-1592542992,85,5586,0,7761773,85,-1582920264,85,1,1288,-1,85,1,380,16,85,-1582898392,85,-1582868376,85,1,28,-1,85,-1592542992,85,5585,0,946892148,13365,-1582920264,85,1,369,29,85,-1592542992,85,5584,0,-1582815240,85,-1582832096,85,0,5583,0,85,-1594366992,85,-1582920264,85,-1582819144,85,-1582819176,85,12,255,-1582920264,85,926052901,0,-1582920264,85,5264165,85,-1582920264,85,-1592542992,85,5583,0,-1593805709,85,-1582920264,85,-1582814952,85
-1582832048,85,0,5582,0,85,-1594366992,85,-1582920264,85,-1582818984,85,-1582819016,85,12,255,-1582920264,85,942830117,0,-1582920264,85,5264165,85,-1582920264,85,-1592542992,85,5582,0,-1593805709,85,-1582920264,85,-1582814808,85,-1582832000,85,0,5581,0,85,-1594366992,85,-1582920264,85,-1582818824,85,-1582818856,85,12,255,25248,0,4176,0,4168,0,4,0,-1582861816,85,0,0,0,0,2,255,0,0,0,0,-1594361000,85,0,0,0,0,4,0,-1582861768,85,0,0,0,0,2,255,0,0,0,0,-1594361000,85,0,0,0,0,4,0,-1582861720,85,0,0,0,0,2,255,0,0,0,0,-1594361000,85,0,0,0,0,0,0,-1582861672,85,0,0,0,0,0,255,0,0,0,0,-1594361000,85,0,0,-1582843880,85,0,0,-1582861624,85,0,0,0,0,0,255,0,0,0,0,-1594361000,85,0,0,-1582843704,85,4,0,-1582861576,85,0,0,0,0,2,255,0,0,0,0,-1594361000,85,0,0,0,0,4,0,-1582861528,85,0,0,0,0,7,255,333,0,0,0,0,0,0,0,0,0,4,0
-1582861480,85,0,0,0,0,7,255,325,0,0,0,0,0,0,0,0,0,4,0,-1582861432,85,0,0,0,0,7,255,317,0,0,0,0,0,0,0,0,0,4,0,-1582861384,85,0,0,0,0,2,540161023,0,0,0,0,0,0,0,0,0,0,4,0,-1582861336,85,0,0,0,0,2,255,0,0,0,0,-1594361000,85,0,0,0,0,4,0,-1582861288,85,0,0,0,0,2,255,0,0,0,0,-1594361000,85,0,0,0,0,4,0,-1582861240,85,0,0,0,0,2,255,0,0,0,0,-1594361000,85,0,0,0,0,0,0,-1582861192,85,0,0,0,0,0,255,0,0,0,0,-1594361000,85,0,0,-1582843528,85,0,0,-1582861144,85,0,0,0,0,0,255,0,0,0,0,-1594361000,85,0,0,-1582843352,85,4,0,-1582861096,85,0,0,0,0,2,255,0,0,0,0,-1594361000,85,0,0,0,0,4,0,-1582861048,85,0,0,0,0,2,255,0,0,0,0,-1594361000,85,0,0,0,0,0,0
-1582861000,85,0,0,0,0,0,255,0,0,0,0,-1594361000,85,0,0,-1582843176,85,4,0,-1582860952,85,0,0,0,0,2,255,0,0,0,0,-1594361000,85,0,0,0,0,0,0,-1582860904,85,0,0,0,0,0,255,0,0,0,0,-1594361000,85,0,0,-1582843000,85,4,0,-1582860856,85,0,0,0,0,2,255,0,0,0,0,-1594361000,85,0,0,0,0,4,0,-1582860808,85,0,0,0,0,2,255,0,0,0,0,-1594361000,85,0,0,0,0,4,0,-1582860760,85,0,0,0,0,2,255,0,0,0,0,-1594361000,85,0,0,0,0,0,0,-1582860712,85,0,0,0,0,0,255,0,0,0,0,-1594361000,85,0,0,-1582842824,85,4,0,-1582860664,85,0,0,0,0,2,255,0,0,0,0,-1594361000,85,0,0,0,0,4,0,-1582860616,85,0,0,0,0,2,255,0,0,0,0,-1594361000,85,0,0,0,0,4,0,-1582860568,85,0,0,0,0,2,255,0,0,0,0,-1594361000,85,0,0,0,0,4,0
-1582860520,85,0,0,0,0,2,255,0,0,0,0,-1594361000,85,0,0,0,0,4,0,-1582872920,85,0,0,0,0,2,255,0,0,0,0,-1594361000,85,0,0,0,0,0,0,-1582872872,85,0,0,0,0,0,255,0,0,0,0,-1594361000,85,0,0,-1582842648,85,0,0,-1582872824,85,0,0,0,0,0,255,0,0,0,0,-1594361000,85,0,0,-1582842472,85,4,0,-1582872776,85,0,0,0,0,2,255,0,0,0,0,-1594361000,85,0,0,0,0,4,0,-1582872728,85,0,0,0,0,7,255,313,0,0,0,0,0,0,0,0,0,4,0,-1582872680,85,0,0,0,0,7,255,305,0,0,0,0,0,0,0,0,0,4,0,-1582872632,85,0,0,0,0,7,255,297,0,0,0,0,0,0,0,0,0,4,0,-1582872584,85,0,0,0,0,2,255,0,0,0,0,0,0,0,0,0,0,4,0,-1582872536,85,0,0,0,0,2,255,0,0,0,0,-1594361000,85,0,0,0,0,4,0
-1582872488,85,0,0,0,0,2,255,0,0,0,0,-1594361000,85,0,0,0,0,4,0,-1582872440,85,0,0,0,0,2,255,0,0,0,0,-1594361000,85,0,0,0,0,0,0,-1582872392,85,0,0,0,0,0,255,0,0,0,0,-1594361000,85,0,0,-1582842296,85,0,0,-1582872344,85,0,0,0,0,0,255,0,0,0,0,-1594361000,85,0,0,-1582842120,85,4,0,-1582872296,85,0,0,0,0,2,255,0,0,0,0,-1594361000,85,0,0,0,0,4,0,-1582872248,85,0,0,0,0,2,255,0,0,0,0,-1594361000,85,0,0,0,0,0,0,-1582872200,85,0,0,0,0,0,255,0,0,0,0,-1594361000,85,0,0,-1582841944,85,4,0,-1582872152,85,0,0,0,0,2,255,0,0,0,0,-1594361000,85,0,0,0,0,4,0,-1582872104,85,0,0,0,0,2,255,0,0,0,0,-1594361000,85,0,0,0,0,0,0,-1582872056,85,0,0,0,0,0,255,0,0,0,0,-1594361000,85,0,0,-1582841768,85,0,0
-1582872008,85,0,0,0,0,0,255,0,0,0,0,-1594361000,85,0,0,-1582841592,85,4,0,-1582871960,85,0,0,0,0,2,255,0,0,0,0,-1594361000,85,0,0,0,0,4,0,-1582871912,85,0,0,0,0,2,255,0,0,0,0,-1594361000,85,0,0,0,0,0,0,-1582871864,85,0,0,0,0,0,255,0,0,0,0,-1594361000,85,0,0,-1582841416,85,4,0,-1582871816,85,0,0,0,0,2,255,0,0,0,0,-1594361000,85,0,0,0,0,8721,0,-1582877472,85,-1582885264,85,0,0,0,0,-1582813368,85,892432421,0,-1582880392,85,-1592542992,85,5663,0,7630702,85,-1582880392,85,-1582785800,85,-1582833272,85,0,5662,0,85,-1593380688,85,-1582880392,85,-1582794520,85,-1582794584,85,0,255,-1582880392,85,875786277,0,-1582880392,85,-1582810376,85,-1582813288,85,3305509,85,-1582880392,85,-1592542992,85,5662,0,7761773,85,-1582880392,85,1,1302,-1,85,1,389,9,85,2,15,42,-1,-1592542992,85,5661,0,1597522498,56,-1582880392,85,-1582810312,85,-1582833248,85,0,5659,0,85,-1593380688,85,-1582880392,85,-1582794424,85,-1582794488,85,0,255
-1582880392,85,3239973,85,-1582880392,85,875786277,0,-1582880392,85,-1592542992,85,5659,0,7761773,85,-1582880392,85,-1582810072,85,-1582833224,85,0,5658,0,85,-1594367272,85,-1582880392,85,0,255,-1582880392,85,3240485,85,-1582880392,85,3633701,85,-1582880392,85,-1582810216,85,-1582813128,85,3239973,85,-1582880392,85,-1592542992,85,5658,0,1886676339,0,-1582880392,85,1,1301,-1,85,1,389,9,85,0,0,-1582531464,85,-1592542992,85,5657,0,1597522498,55,-1582880392,85,-1582809928,85,-1582833176,85,0,5655,0,85,0,0,-1582880392,85,-1582794296,85,-1582880392,85,0,255,-1582880392,85,1,3,-1,85,-1582809576,85,-1582809560,85,1597522498,55,-1582880392,85,-1592542992,85,5655,0,6386274,85,-1582880392,85,-1582809688,85,-1582833152,85,0,5654,0,85,0,0,-1582880392,85,-1582794264,85,-1582880392,85,0,255,-1582880392,85,-1582856312,85,-1582531864,85,-1582809416,85,-1582809384,85,1597522498,56,-1582880392,85,6386274,85,-1582880392,85,-1592542992,85,5654,0,875655205,0,-1582880392,85,-1582809528,85,-1582833128,85,0,5653,0,85,-1593380688,85,-1582880392,85,-1582794104,85,-1582794168,85,0,255,-1582880392,85,858877989,0,-1582880392,85,-1582809832,85,-1582812968,85,875786277,0,-1582880392,85,-1592542992,85,5653,0,7761773,85
-1582880392,85,-1582809352,85,-1582833104,85,0,5652,0,85,-1593380688,85,-1582880392,85,-1582794008,85,-1582794072,85,0,255,-1582880392,85,-1582809256,85,-1582812888,85,858877989,0,-1582880392,85,-1592542992,85,5652,0,7761773,85,-1582880392,85,-1582809192,85,-1582833080,85,0,5651,0,85,-1594367272,85,-1582880392,85,0,255,-1582880392,85,3633701,85,-1582880392,85,-1582809112,85,-1582812808,85,875655205,0,-1582880392,85,-1592542992,85,5651,0,1886676339,0,-1582880392,85,1,388,24,85,-1592542992,85,5650,0,1,1300,-1,85,1,389,9,85,-1582809736,85,-1582531384,85,-1592542992,85,5649,0,946892148,12854,-1582880392,85,-1582809048,85,-1582833032,85,0,5648,0,85,-1594366712,85,-1582880392,85,-1582822536,85,-1582822568,85,0,255,-1582880392,85,808677925,0,-1582880392,85,-1582808968,85,-1582812648,85,3633701,85,-1582880392,85,-1592542992,85,5648,0,7761773,85,-1582880392,85,-1582808792,85,-1582833008,85,0,5647,0,85,-1594366992,85,-1582880392,85,-1582822440,85,-1582822504,85,12,255,-1582880392,85,929329701,0,-1582880392,85,-1582808696,85,-1582812568,85,808677925,0,-1582880392,85,-1592542992,85,5647,0,-1593809812,85,-1582880392,85,-1582808632,85,-1582832984,85,0,5646,0,85,-1593201016,85,-1582880392,85,0,255,-1582880392,85,912552485,0
-1582880392,85,845443621,0,-1582880392,85,-1582808536,85,-1582812488,85,929329701,0,-1582880392,85,-1592542992,85,5646,0,6579297,85,-1582880392,85,-1582808472,85,-1582832936,85,0,5645,0,85,-1594366912,85,-1582880392,85,0,255,-1582880392,85,-1582808312,85,-1582832888,85,0,5644,0,85,-1593201016,85,-1594367272,85,-1582822184,85,-1582822216,85,0,255,-1582880392,85,3568165,85,-1582880392,85,895775269,0,-1582880392,85,-1583056672,85,35,0,7632483,85,-1582880392,85,-1582901768,85,-1583056672,85,-1582788840,85,-1582880392,85,7104627,85,-1582880392,85,895775269,622865440,-1593821582,85,-1582807800,85,-1582880392,85,875983662,842232622,-1582880512,85,-1582808064,85,-1582880392,85,-1582808064,85,-1582880392,85,3568165,85,-1582880392,85,895775269,0,-1582880392,85,895775269,0,-1582880392,85,-1582808376,85,-1582812408,85,-1582808064,85,-1582880392,85,-1592542992,85,5645,0,912552485,0,-1582880392,85,-1582808064,85,-1582880392,85,3568165,85,-1582880392,85,-1582807928,85,-1582812328,85,895775269,0,-1582880392,85,-1592542992,85,5644,0,7632483,85,-1582880392,85,1,385,13,85,-1592542992,85,5643,0,1,1299,-1,85,-1582939320,85,-1582812248,85,-1582808840,85,-1582531304,85,-1592542992,85,5642,0,1597522498,54,-1582880392,85,1,1298,-1,85,1,388,24,85,-1582807720,85,-1582812168,85,-1582807704,85
-1582531224,85,-1592542992,85,5640,0,946892148,12598,-1582880392,85,-1582808248,85,-1582832864,85,0,5639,0,85,0,0,-1582880392,85,-1582821992,85,-1582880392,85,0,255,-1582880392,85,-1582807560,85,-1582832840,85,0,5634,0,85,-1594366712,85,-1582880392,85,-1582821704,85,-1582821864,85,7,255,-1582880392,85,1987339634,3173473,-1582880392,85,-1582806488,85,-1582812088,85,909472293,0,-1582880392,85,-1592542992,85,5634,0,-1593809812,85,-1582880392,85,-1582807480,85,-1582832792,85,0,5628,0,85,0,0,-1582880392,85,0,255,-1582880392,85,-1592542992,85,5633,0,-1582807224,85,-1582821608,85,0,0,-1582821640,85,-1592542992,85,5632,0,1634886000,12653,-1582880392,85,-1592542992,85,5631,0,1634886000,12397,-1582880392,85,-1592542992,85,5629,0,1769107574,6714478,-1582880392,85,0,0,-1582821512,85,1987339634,3173473,-1582880392,85,-1592542992,85,5628,0,1819042147,0,-1582880392,85,-1582787320,85,-1582812008,85,-1582807832,85,-1582812008,85,1597522498,13875,-1582880392,85,0,0,-1582916456,85,1987339634,3173473,-1582880392,85,-1592542992,85,5627,0,-1582807320,85,-1582832744,85,0,5626,0,85,-1594366912,85,-1582880392,85,-1582821448,85,-1582821480,85,7,255,-1582880392,85,895775269,48,-1582880392,85,1634886000,12653,-1582880392,85,-1592542992,85,5626,0,-1593805709,85,-1582880392,85,-1582807048,85
-1582811928,85,-1582807032,85,-1582811928,85,-1592542992,85,5639,0,0,0,-1582916416,85,1634886000,12653,-1582880392,85,-1592542992,85,5625,0,-1582806952,85,-1582832696,85,0,5624,0,85,-1594366912,85,-1582880392,85,-1582821288,85,-1582821320,85,7,255,-1582880392,85,878998053,57,-1582880392,85,1634886000,12397,-1582880392,85,-1592542992,85,5624,0,-1593805709,85,-1582880392,85,-1582806808,85,-1582811848,85,-1582806792,85,-1582811848,85,0,0,-1582916376,85,1634886000,12397,-1582880392,85,-1592542992,85,5623,0,-1582806552,85,-1582811768,85,1,384,13,85,0,0,-1582916336,85,1886217588,1918988383,1918856545,26469,-1592542992,85,5621,0,-1582807016,85,-1582806776,85,-1582504648,85,-1582531864,85,-1592542992,85,5638,0,6386274,85,-1582880392,85,-1582806712,85,-1582832648,85,0,5618,0,85,-1594367792,85,4112,0,4176,0,4168,0,4,0,-1582864360,85,0,0,0,0,2,255,0,0,0,0,-1594361400,85,0,0,0,0,4,0,-1582864312,85,0,0,0,0,2,255,0,0,0,0,-1594361400,85,0,0,0,0,4,0,-1582864264,85,0,0,0,0,2,255,0,0,0,0,-1594361400,85,0,0,0,0,4,0,-1582864216,85,0,0,0,0,2,255
0,0,0,0,-1594361400,85,0,0,0,0,4,0,-1582864168,85,0,0,0,0,2,255,0,0,0,0,-1594361400,85,0,0,0,0,4,0,-1582864120,85,0,0,0,0,2,255,0,0,0,0,-1594361400,85,0,0,0,0,4,0,-1582864072,85,0,0,0,0,2,255,0,0,0,0,-1594361400,85,0,0,0,0,4,0,-1582864024,85,0,0,0,0,2,255,0,0,0,0,-1594361400,85,0,0,0,0,4,0,-1582863976,85,0,0,0,0,2,255,0,0,0,0,-1594361400,85,0,0,0,0,4,0,-1582863928,85,0,0,0,0,2,255,0,0,0,0,-1594361400,85,0,0,0,0,4,0,-1582863880,85,0,0,0,0,2,255,0,0,0,0,-1594361400,85,0,0,0,0,4,0,-1582863832,85,0,0,0,0,2,255,0,0,0,0,-1594361400,85,0,0,0,0,4,0,-1582863784,85,0,0,0,0,2,255,0,0,0,0,-1594361400,85,0,0,0,0,4,0,-1582863736,85,0,0,0,0,2,255
0,0,0,0,-1594361400,85,0,0,0,0,4,0,-1582863688,85,0,0,0,0,2,255,0,0,0,0,-1594361400,85,0,0,0,0,4,0,-1582863640,85,0,0,0,0,2,255,0,0,0,0,-1594361400,85,0,0,0,0,4,0,-1582863592,85,0,0,0,0,2,255,0,0,0,0,-1594361400,85,0,0,0,0,0,0,-1582863544,85,0,0,0,0,0,255,0,0,0,0,0,0,0,0,-1582757832,85,4,0,-1582863448,85,0,0,0,0,2,255,0,0,0,0,0,0,6,0,-1582757656,85,4,0,-1582863400,85,0,0,0,0,2,255,0,0,0,0,0,0,5,0,-1582757480,85,4,0,-1582863352,85,0,0,0,0,2,255,0,0,0,0,0,0,0,0,0,0,4,0,-1582863304,85,0,0,0,0,2,255,0,0,0,0,0,0,0,0,0,0,4,0,-1582863256,85,0,0,0,0,2,255,0,0,0,0,0,0,0,0,0,0,4,0,-1582863208,85,0,0,0,0,2,255
0,0,0,0,0,0,25,0,-1582757304,85,4,0,-1582863160,85,0,0,0,0,2,255,0,0,0,0,0,0,0,0,0,0,4,0,-1582863112,85,0,0,0,0,2,255,0,0,0,0,0,0,0,0,0,0,4,0,-1582863064,85,0,0,0,0,2,255,0,0,0,0,0,0,0,0,0,0,4,0,-1582863016,85,0,0,0,0,2,255,0,0,0,0,-1594361000,85,0,0,0,0,0,0,-1582862968,85,0,0,0,0,0,255,0,0,0,0,-1594361000,85,0,0,-1582757128,85,4,0,-1582862920,85,0,0,0,0,2,255,0,0,0,0,-1594361000,85,0,0,0,0,4,0,-1582862872,85,0,0,0,0,2,255,0,0,0,0,-1594361000,85,0,0,0,0,4,0,-1582862824,85,0,0,0,0,2,255,0,0,0,0,-1594361000,85,0,0,0,0,4,0,-1582862776,85,0,0,0,0,2,255,0,0,0,0,-1594361000,85,0,0,0,0,4,0,-1582862728,85,0,0,0,0,2,255
0,0,0,0,-1594361000,85,0,0,0,0,0,0,-1582862680,85,0,0,0,0,0,255,0,0,0,0,-1594361000,85,0,0,-1582756952,85,4,0,-1582862632,85,0,0,0,0,2,255,0,0,0,0,-1594361000,85,0,0,0,0,4,0,-1582862584,85,0,0,0,0,7,255,365,0,0,0,0,0,0,0,0,0,4,0,-1582862536,85,0,0,0,0,7,255,361,0,0,0,0,0,0,0,0,0,4,0,-1582862488,85,0,0,0,0,7,255,357,0,0,0,0,0,0,0,0,0,4,0,-1582862440,85,0,0,0,0,7,255,353,0,0,0,0,0,0,0,0,0,4,0,-1582862392,85,0,0,0,0,2,540161023,0,0,0,0,0,0,0,0,0,0,4,0,-1582862344,85,0,0,0,0,2,255,0,0,0,0,-1594361000,85,0,0,0,0,4,0,-1582862296,85,0,0,0,0,2,255,0,0,0,0,-1594361000,85,0,0,0,0,4,0,-1582862248,85,0,0,0,0,2,255
0,0,0,0,-1594361000,85,0,0,0,0,4,0,-1582862200,85,0,0,0,0,2,255,0,0,0,0,-1594361000,85,0,0,0,0,0,0,-1582862152,85,0,0,0,0,0,255,0,0,0,0,0,0,0,0,-1582844056,85,4,0,-1582862104,85,0,0,0,0,2,255,0,0,0,0,-1594361000,85,0,0,0,0,4,0,-1582862056,85,0,0,0,0,7,255,349,0,0,0,0,0,0,0,0,0,4,0,-1582862008,85,0,0,0,0,7,255,345,0,0,0,0,0,0,0,0,0,4,0,-1582861960,85,0,0,0,0,7,255,337,0,0,0,0,0,0,0,0,0,4,0,-1582861912,85,0,0,0,0,2,540161023,0,0,0,0,0,0,0,0,0,0,4,0,-1582861864,85,0,0,0,0,2,255,0,0,0,0,-1594361000,85,0,0,0,0,433,0,-1594582208,85,-1582799520,85,32,0,4096,0,-1594589560,85,-1582777496,85,1,2194,16,0,0,0,353,0,-1582756784,85,-1582777520,85,4,0,0,0
0,0,0,0,0,0,0,0,0,0,0,0,0,0,0,0,0,0,0,0,0,0,0,0,0,0,0,0,0,0,0,0,0,0,177,0,-1582756784,85,-1938371888,127,0,0,0,0,0,0,0,0,0,0,0,0,0,0,0,0,0,0,0,0,0,0,0,0,0,0,0,0,0,0,0,0,0,0,0,0,58432,0,176,0,168,0,-1271588608,10,4,0,0,0,0,0,0,0,0,0,0,0,0,0,0,0,0,0,0,0,0,0,0,0,0,0,0,0,0,0,0,0,0,0,0,0,0,0,177,0,-1594289936,85,-1938371888,127,0,0,0,0,0,0,0,0,0,0,0,0,0,0,0,0,0,0,0,0,0,0,0,0,0,0,0,0,0,0,0,0,0,0,0,0,58784,0,80,0,-1582660064,85,-1583051960,85,0,0,4160,0,-1594589560,85,-1582773384,85,1,2195,160,0,0,0,1217,0,-1594289936,85,-1582885264,85,0,0,0,0,0,0,0,0
0,0,0,0,0,0,0,0,0,0,0,0,0,0,0,0,0,0,0,0,0,0,0,0,0,0,0,0,0,0,1041,0,-1582860128,85,-1938371888,127,0,0,0,0,0,0,0,0,0,0,0,0,0,0,0,0,0,0,0,0,0,0,0,0,0,0,0,0,0,0,0,0,0,0,0,0,0,0,865,0,-1583051904,85,-1582761168,85,0,0,4096,0,-1594589560,85,-1582785704,85,1,2196,32,0,0,0,353,0,-1582878336,85,-1582798320,85,4,0,0,0,0,0,0,0,0,0,0,0,0,0,0,0,0,0,0,0,0,0,0,0,0,0,0,0,0,0,0,0,0,0,0,0,0,0,177,0,-1582878336,85,-1938371888,127,0,0,0,0,0,0,0,0,0,0,0,0,0,0,0,0,0,0,0,0,0,0,0,0,0,0,0,0,0,0,0,0,0,0,0,0,432,0,80,0,-1582761168,85,-1583034936,85,0,0,4224,0,-1594589560,85,-1582761000,85,1,2197,176,0
0,0,353,0,-1582657456,85,-1582799872,85,4,0,0,0,0,0,0,0,0,0,0,0,0,0,0,0,0,0,0,0,0,0,0,0,0,0,0,0,0,0,0,0,0,0,0,0,0,0,177,0,-1582657456,85,-1938371888,127,0,0,0,0,0,0,0,0,0,0,0,0,0,0,0,0,0,0,0,0,0,0,0,0,0,0,0,0,0,0,0,0,0,0,0,0,141968,0,176,0,168,0,-1271586816,10,8,0,0,0,0,0,0,0,0,0,0,0,0,0,0,0,0,0,0,0,0,0,0,0,0,0,0,0,0,0,0,0,0,0,0,0,0,0,785,0,-1583731264,85,-1938371888,127,4,0,0,0,0,0,0,0,0,0,0,0,0,0,0,0,0,0,0,0,0,0,0,0,0,0,0,0,0,0,0,0,0,0,0,0,0,0,257,0,-1582800400,85,-1938371888,127,0,0,0,0,0,0,0,0,0,0,0,0,0,0,0,0
0,0,0,0,0,0,0,0,0,0,0,0,0,0,0,0,0,0,0,0,0,0,81,0,-1594582208,85,-1582658080,85,64,0,4096,0,-1594589560,85,-1582756760,85,1,2198,16,0,432,0,176,0,168,0,-1271586048,10,4,0,0,0,0,0,0,0,0,0,0,0,0,0,0,0,0,0,0,0,0,0,0,0,0,0,0,0,0,0,0,0,0,0,0,0,0,0,177,0,-1582940448,85,-1938371888,127,0,0,0,0,0,0,0,0,0,0,0,0,0,0,0,0,0,0,0,0,0,0,0,0,0,0,0,0,0,0,0,0,0,0,0,0,142928,0,80,0,0,0,0,0,5184,0,5184,0,-1594589560,85,-1582752648,85,1,2205,1728,0,0,0,21297,0,-1582636224,85,-1592403216,85,0,0,0,0,-1594589560,85,-1582769208,85,1,2199,96,0,0,0,353,0,-1582715584,85,-1582769232,85,4,0,0,0,0,0,0,0,0,0,0,0,0,0,0,0,0,0,0,0,0,0,0,0
0,0,0,0,0,0,0,0,0,0,0,0,0,0,177,0,-1582715584,85,-1938371888,127,0,0,0,0,0,0,0,0,0,0,0,0,0,0,0,0,0,0,0,0,0,0,0,0,0,0,0,0,0,0,0,0,0,0,0,0,432,0,80,0,-1582745728,85,-1582799496,85,16,0,4096,0,-1594589560,85,-1582698536,85,1,2200,16,0,512,0,176,0,168,0,-1271582720,10,8,0,0,0,0,0,0,0,0,0,0,0,0,0,0,0,0,0,0,0,0,0,0,0,0,0,0,0,0,0,0,0,0,0,0,0,0,0,20609,0,-1582878336,85,-1583036784,85,0,0,0,0,0,0,0,0,0,0,0,0,0,0,0,0,0,0,0,0,0,0,0,0,0,0,0,0,0,0,0,0,0,0,0,0,0,0,49,0,-1582919952,85,-1582856464,85,0,0,0,0,224,0,4112,0,4104,0,196,0,-1594366912,85,-1582802920,85,0,0,66,0,-1593201016,85,2,0,0,0,196,0
-1594366912,85,-1582802760,85,0,0,196,0,-1594366912,85,-1582802840,85,0,0,196,0,-1594366712,85,-1582811048,85,0,0,196,0,-1594366912,85,-1582802760,85,0,0,196,0,-1594366712,85,-1582811048,85,0,0,196,0,-1594366912,85,-1582802760,85,0,0,66,0,-1593201016,85,17,0,0,0,66,0,-1593201016,85,395,0,0,0,66,0,-1593201016,85,1,0,0,0,140,0,-1594366992,85,-1582797688,85,0,0,64,0,-1594366992,85,-1582834064,85,0,0,75,0,-1594366992,85,-1582797592,85,0,0,66,0,-1593201016,85,0,0,0,0,196,0,-1594366712,85,-1582802520,85,0,0,196,0,-1594366712,85,-1582802600,85,0,0,79,0,-1592410568,85,-1582773864,85,0,0,196,0,-1594366712,85,-1582802440,85,0,0,196,0,-1594366912,85,-1582802360,85,0,0,68,0,-1594367232,85,-1592406296,85,0,0,79,0,-1592410568,85,-1582773752,85,0,0,196,0,-1594366712,85,-1582802520,85,0,0,196,0,-1594366712,85,-1582802200,85,0,0,140,0,-1594366992,85,-1582797272,85,0,0,64,0,-1594366992,85,-1582833968,85,0,0,75,0,-1594366992,85,-1582796984,85,0,0,66,0
-1593201016,85,0,0,0,0,196,0,-1594366912,85,-1582814568,85,0,0,140,0,-1594366992,85,-1582797112,85,0,0,64,0,-1594366992,85,-1582833920,85,0,0,75,0,-1594366992,85,-1582797016,85,0,0,66,0,-1593201016,85,0,0,0,0,196,0,-1594366912,85,-1582802360,85,0,0,196,0,-1594366712,85,-1582802440,85,0,0,66,0,-1593201016,85,0,0,0,0,196,0,-1594366712,85,-1582802200,85,0,0,66,0,-1593201016,85,22,0,0,0,66,0,-1593201016,85,394,0,0,0,66,0,-1593201016,85,1,0,0,0,196,0,-1594366912,85,-1582814488,85,0,0,196,0,-1594366912,85,-1582912152,85,0,0,196,0,-1594366912,85,-1582814568,85,0,0,66,0,-1593201016,85,2,0,0,0,196,0,-1594366912,85,-1582814408,85,0,0,196,0,-1594366912,85,-1582814488,85,0,0,196,0,-1594366712,85,-1582812648,85,0,0,196,0,-1594366912,85,-1582814408,85,0,0,196,0,-1594366712,85,-1582812648,85,0,0,196,0,-1594366912,85,-1582814408,85,0,0,66,0,-1593201016,85,20,0,0,0,66,0,-1593201016,85,394,0,0,0,66,0
-1593201016,85,1,0,0,0,68,0,-1594367232,85,-1582530744,85,0,0,66,0,-1593201016,85,13,0,0,0,66,0,-1593201016,85,391,0,0,0,66,0,-1593201016,85,1,0,0,0,140,0,-1594366992,85,-1582796216,85,0,0,64,0,-1594366992,85,-1582833704,85,0,0,75,0,-1594366992,85,-1582796120,85,0,0,66,0,-1593201016,85,0,0,0,0,196,0,-1594366712,85,-1582814088,85,0,0,196,0,-1594366712,85,-1582814168,85,0,0,79,0,-1592410568,85,-1582787992,85,0,0,196,0,-1594366912,85,-1582814008,85,0,0,196,0,-1594366912,85,-1582813928,85,0,0,68,0,-1594367232,85,-1592403896,85,0,0,79,0,-1592410568,85,-1582787864,85,0,0,196,0,-1594366712,85,-1582814088,85,0,0,196,0,-1594366912,85,-1582813768,85,0,0,140,0,-1594366992,85,-1582795800,85,0,0,64,0,-1594366992,85,-1582833608,85,0,0,75,0,-1594366992,85,-1582795512,85,0,0,66,0,-1593201016,85,0,0,0,0,196,0,-1594366912,85,-1582813688,85,0,0,140,0,-1594366992,85,-1582795640,85,0,0,64,0,-1594366992,85,-1582833560,85,0,0,75,0
-1594366992,85,-1582795544,85,0,0,66,0,-1593201016,85,0,0,0,0,196,0,-1594366912,85,-1582813928,85,0,0,196,0,-1594366912,85,-1582814008,85,0,0,66,0,-1593201016,85,64,0,0,0,196,0,-1594366912,85,-1582911512,85,0,0,196,0,-1594366912,85,-1582813768,85,0,0,196,0,-1594366912,85,-1582813608,85,0,0,196,0,-1594366912,85,-1582813688,85,0,0,75,0,-1594366992,85,-1582795288,85,0,0,196,0,-1592409928,85,-1592405096,85,0,0,196,0,-1594366912,85,-1582813608,85,0,0,196,0,-1594366712,85,-1582811048,85,0,0,140,0,-1594366912,85,-1582795160,85,0,0,64,0,-1594366912,85,-1582833416,85,0,0,66,0,-1593201016,85,68,0,0,0,196,0,-1594366912,85,-1582911512,85,0,0,196,0,-1594366712,85,-1582812648,85,0,0,140,0,-1594366912,85,-1582795000,85,0,0,64,0,-1594366912,85,-1582833368,85,0,0,66,0,-1593201016,85,64,0,0,0,196,0,-1594366912,85,-1582911512,85,0,0,66,0,-1593201016,85,13,0,0,0,66,0,-1593201016,85,390,0,0,0,66,0,-1593201016,85,1,0,0,0,68,0
-1594367232,85,-1582813448,85,0,0,68,0,-1594367232,85,-1582814328,85,0,0,9,0,-1593380688,85,-1582794712,85,0,0,196,0,-1593380688,85,-1582813368,85,0,0,9,0,-1593380688,85,-1582794648,85,0,0,196,0,-1593380688,85,-1582813288,85,0,0,196,0,-1593380688,85,-1582813368,85,0,0,9,0,-1593380688,85,-1582794552,85,0,0,196,0,-1593380688,85,-1582812968,85,0,0,196,0,-1593380688,85,-1582813288,85,0,0,9,0,-1593380688,85,-1582794456,85,0,0,196,0,-1593380688,85,-1582813128,85,0,0,196,0,-1593380688,85,-1582812968,85,0,0,196,0,-1594366712,85,-1582912952,85,0,0,196,0,-1594366712,85,-1582812648,85,0,0,196,0,-1593380688,85,-1582813128,85,0,0,68,0,-1594367232,85,-1582813048,85,0,0,68,0,-1594367232,85,-1582813208,85,0,0,9,0,-1593380688,85,-1582794200,85,0,0,196,0,-1593380688,85,-1582812808,85,0,0,9,0,-1593380688,85,-1582794136,85,0,0,196,0,-1593380688,85,-1582812888,85,0,0,196,0,-1593380688,85,-1582812968,85,0,0,66,0,-1593201016,85,-1,-1,0,0,66,0,-1593201016,85,1,0,0,0,196,0
-1593380688,85,-1582812888,85,0,0,16273,0,-1582800832,85,-1582879472,85,0,0,0,0,-1594506784,85,-1582753272,85,0,0,0,0,0,0,0,0,-1582753288,85,-1582753304,85,-1582753320,85,3493,0,0,0,0,0,-1594657976,85,-1582710712,85,0,0,0,0,0,0,0,0,-1582729632,85,-1582710728,85,-1582710744,85,3492,0,0,0,0,0,-1594504584,85,-1582710568,85,0,0,0,0,0,0,0,0,-1582729584,85,-1582710584,85,-1582710600,85,3404,0,0,0,0,0,-1594506984,85,-1582777384,85,0,0,0,0,0,0,0,0,-1582777400,85,-1582777416,85,-1582777432,85,3403,0,0,0,0,0,-1594493832,85,-1582777224,85,1,0,0,0,0,0,0,0,-1582777240,85,-1582777256,85,-1582777272,85,3400,0,0,0,0,0,-1594489200,85,-1582776840,85,0,0,0,0,0,0,0,0,-1582776856,85,-1582776872,85,-1582776888,85,3398,0,0,0,0,0,-1594494032,85,-1582776344,85,1,0,0,0,0,0,0,0,-1582776360,85,-1582776376,85,-1582776392,85,3397,0,0,0,0,0,-1594396808,85,-1582776200,85,0,0,4,256,0,0,0,0,-1582834400,85,-1582776216,85
-1582776232,85,3396,0,0,0,0,0,-1594495032,85,-1582775768,85,1,0,0,0,0,0,0,0,-1582775784,85,-1582775800,85,-1582775816,85,3395,0,0,0,0,0,-1594495032,85,-1582775544,85,1,0,0,0,0,0,0,0,-1582775560,85,-1582775576,85,-1582775592,85,3394,0,0,0,0,0,-1594495032,85,-1582775304,85,1,0,0,0,0,0,0,0,-1582775320,85,-1582775336,85,-1582775352,85,3402,0,0,0,0,0,-1594657976,85,-1582777080,85,0,0,0,0,0,0,0,0,-1582834568,85,-1582777096,85,-1582777112,85,3401,0,0,0,0,0,-1594504584,85,-1582776920,85,0,0,0,0,0,0,0,0,-1582834520,85,-1582776936,85,-1582776952,85,3393,0,0,0,0,0,-1594493632,85,-1582774904,85,1,0,0,0,0,0,0,0,-1582774920,85,-1582774936,85,-1582774952,85,3390,0,0,0,0,0,-1594489200,85,-1582774520,85,0,0,0,0,0,0,0,0,-1582774536,85,-1582774552,85,-1582774568,85,3388,0,0,0,0,0,-1594494032,85,-1582774040,85,1,0,0,0,0,0,0,0,-1582774056,85,-1582774072,85,-1582774088,85,3387,0,0,0,0,0
-1594396808,85,-1582773896,85,0,0,4,256,0,0,0,0,-1582834016,85,-1582773912,85,-1582773928,85,3386,0,0,0,0,0,-1594495432,85,-1582773528,85,1,0,0,0,0,0,0,0,-1582773544,85,-1582773560,85,-1582773576,85,3385,0,0,0,0,0,-1594495432,85,-1582789704,85,1,0,0,0,0,0,0,0,-1582789720,85,-1582789736,85,-1582789752,85,3392,0,0,0,0,0,-1594657976,85,-1582774760,85,0,0,0,0,0,0,0,0,-1582834184,85,-1582774776,85,-1582774792,85,3391,0,0,0,0,0,-1594504584,85,-1582774600,85,0,0,0,0,0,0,0,0,-1582834136,85,-1582774616,85,-1582774632,85,3384,0,0,0,0,0,-1594506784,85,-1582789336,85,0,0,0,0,0,0,0,0,-1582789352,85,-1582789368,85,-1582789384,85,3381,0,0,0,0,0,-1594489200,85,-1582788936,85,0,0,0,0,0,0,0,0,-1582788952,85,-1582788968,85,-1582788984,85,3383,0,0,0,0,0,-1594657976,85,-1582789176,85,0,0,0,0,0,0,0,0,-1582833848,85,-1582789192,85,-1582789208,85,3378,0,0,0,0,0,-1594494032,85,-1582788168,85,1,0,0,0
0,0,0,0,-1582788184,85,-1582788200,85,-1582788216,85,3377,0,0,0,0,0,-1594396808,85,-1582788024,85,0,0,4,256,0,0,0,0,-1582833656,85,-1582788040,85,-1582788056,85,3376,0,0,0,0,0,-1594495432,85,-1582787640,85,1,0,0,0,0,0,0,0,-1582787656,85,-1582787672,85,-1582787688,85,3375,0,0,0,0,0,-1594495432,85,-1582787400,85,1,0,0,0,0,0,0,0,-1582787416,85,-1582787432,85,-1582787448,85,3382,0,0,0,0,0,-1594504584,85,-1582789016,85,0,0,0,0,0,0,0,0,-1582833800,85,-1582789032,85,-1582789048,85,3379,0,0,0,0,0,-1594404840,85,-1582788248,85,0,0,4,256,0,0,0,0,-1582788264,85,-1582788280,85,-1582788296,85,3374,0,0,0,0,0,-1594657976,85,-1582787048,85,0,0,0,0,0,0,0,0,-1582833512,85,-1582787064,85,-1582787080,85,3373,0,0,0,0,0,-1594496432,85,-1582786888,85,1,0,0,0,0,0,0,0,-1582786904,85,-1582786920,85,-1582786936,85,3372,0,0,0,0,0,-1594506784,85,-1582786728,85,0,0,0,0,0,0,0,0,-1582786744,85,-1582786760,85
-1582786776,85,3371,0,0,0,0,0,-1594495232,85,-1582786568,85,1,0,0,0,0,0,0,0,-1582786584,85,-1582786600,85,-1582786616,85,3370,0,0,0,0,0,-1594495232,85,-1582786424,85,1,0,0,0,0,0,0,0,-1582786440,85,-1582786456,85,-1582786472,85,3369,0,0,0,0,0,-1594404840,85,-1582786072,85,0,0,4,256,0,0,0,0,-1582786088,85,-1582786104,85,-1582786120,85,3368,0,-1582794744,85,0,0,-1594404840,85,-1582785912,85,0,0,0,0,0,0,0,0,-1582785928,85,-1582785944,85,-1582785960,85,3367,0,0,0,0,0,-1594504184,85,-1582785736,85,0,0,0,0,0,0,0,0,-1582785752,85,-1582785768,85,-1582785784,85,3366,0,0,0,0,0,-1594493432,85,-1582810248,85,0,0,0,0,0,0,0,0,-1582810264,85,-1582810280,85,-1582810296,85,3365,0,0,0,0,0,-1594493432,85,-1582810008,85,0,0,0,0,0,0,0,0,-1582810024,85,-1582810040,85,-1582810056,85,3364,0,0,0,0,0,-1594513128,85,-1582809880,85,0,0,0,0,0,0,6,0,-1582833200,85,-1582809896,85,-1582809912,85,3363,0,0,0,0,0
-1594404840,85,-1582809624,85,0,0,4,256,0,0,0,0,-1582809640,85,-1582809656,85,-1582809672,85,3362,0,-1582794232,85,0,0,-1594404840,85,-1582809464,85,0,0,0,0,0,0,0,0,-1582809480,85,-1582809496,85,4144,0,4112,0,4104,0,0,0,-1582916736,85,1634886000,12653,-1582877960,85,-1592542992,85,5711,0,-1582773592,85,-1582833944,85,0,5710,0,85,-1594366912,85,-1582877960,85,-1582797144,85,-1582797176,85,7,255,-1582877960,85,828666405,48,-1582877960,85,1634886000,12397,-1582877960,85,-1592542992,85,5710,0,-1593805709,85,-1582877960,85,-1582773448,85,-1582802360,85,-1582773432,85,-1582802360,85,0,0,-1582916696,85,1634886000,12397,-1582877960,85,-1592542992,85,5709,0,-1582789608,85,-1582802280,85,-1582775432,85,-1582802680,85,0,0,-1582916656,85,1886217588,1918988383,1918856545,26469,-1592542992,85,5707,0,-1582774264,85,-1582802760,85,3568165,85,-1582877960,85,-1592542992,85,5725,0,7632483,85,-1582877960,85,-1582789768,85,-1582833896,85,0,5704,0,85,-1594366992,85,-1582877960,85,-1582796920,85,-1582796952,85,0,255,-1582877960,85,-1582774008,85,-1582802200,85,825455141,0,-1582877960,85,-1592542992,85,5704,0,7761773,85,-1582877960,85,1,394,20,85,-1592542992,85,5703,0,-1582789400,85,-1582833872,85,0,5702
0,85,-1593201016,85,-1582877960,85,0,255,-1582877960,85,962884133,0,-1582877960,85,828666405,0,-1582877960,85,-1582789320,85,-1582814568,85,828666405,48,-1582877960,85,-1592542992,85,5702,0,6579297,85,-1582877960,85,-1582789224,85,-1582833824,85,0,5701,0,85,-1594366912,85,-1582877960,85,0,255,-1582877960,85,-1582789064,85,-1582833776,85,0,5700,0,85,-1593201016,85,-1594367272,85,-1582796568,85,-1582796600,85,0,255,-1582877960,85,3633701,85,-1582877960,85,946106917,0,-1582877960,85,-1583056728,85,35,0,7632483,85,-1582877960,85,-1582808104,85,-1583056728,85,-1582774424,85,-1582877960,85,7104627,85,-1582877960,85,946106917,622865440,-1593821326,85,-1582788552,85,-1582877960,85,875983662,842232622,-1582878208,85,-1582788864,85,-1582877960,85,-1582788864,85,-1582877960,85,3633701,85,-1582877960,85,946106917,0,-1582877960,85,946106917,0,-1582877960,85,-1582789128,85,-1582814488,85,-1582788864,85,-1582877960,85,-1592542992,85,5701,0,962884133,0,-1582877960,85,-1582788864,85,-1582877960,85,3633701,85,-1582877960,85,-1582788680,85,-1582814408,85,946106917,0,-1582877960,85,-1592542992,85,5700,0,7632483,85,-1582877960,85,1,391,13,85,-1592542992,85,5699,0,1,1306,-1,85,-1582789528,85,-1582814328,85,1,46,-1,85,-1592542992,85,5698,0,1597522498,12337,-1582877960,85,1,1305
-1,85,1,394,20,85,-1582788472,85,-1582814248,85,1,45,-1,85,-1592542992,85,5696,0,946892148,13366,-1582877960,85,-1582789000,85,-1582833752,85,0,5695,0,85,0,0,-1582877960,85,-1582796376,85,-1582877960,85,0,255,-1582877960,85,-1582788312,85,-1582833728,85,0,5690,0,85,-1594366712,85,-1582877960,85,-1582796088,85,-1582796248,85,7,255,-1582877960,85,1987339634,3173473,-1582877960,85,-1582787240,85,-1582814168,85,892695077,0,-1582877960,85,-1592542992,85,5690,0,-1593809812,85,-1582877960,85,-1582788232,85,-1582833680,85,0,5684,0,85,0,0,-1582877960,85,0,255,-1582877960,85,-1592542992,85,5689,0,-1582787976,85,-1582795992,85,0,0,-1582796024,85,-1592542992,85,5688,0,1634886000,12653,-1582877960,85,-1592542992,85,5687,0,1634886000,12397,-1582877960,85,-1592542992,85,5685,0,1769107574,6714478,-1582877960,85,0,0,-1582795896,85,1987339634,3173473,-1582877960,85,-1592542992,85,5684,0,1819042147,0,-1582877960,85,-1582789624,85,-1582814088,85,-1582788584,85,-1582814088,85,1597522498,13107,-1582877960,85,0,0,-1582916616,85,1987339634,3173473,-1582877960,85,-1592542992,85,5683,0,-1582788072,85,-1582833632,85,0,5682,0,85,-1594366912,85,-1582877960,85,-1582795832,85,-1582795864,85,7,255,-1582877960,85,878998053,55,-1582877960,85,1634886000,12653
-1582877960,85,-1592542992,85,5682,0,-1593805709,85,-1582877960,85,-1582787800,85,-1582814008,85,-1582787784,85,-1582814008,85,-1592542992,85,5695,0,0,0,-1582916576,85,1634886000,12653,-1582877960,85,-1592542992,85,5681,0,-1582787704,85,-1582833584,85,0,5680,0,85,-1594366912,85,-1582877960,85,-1582795672,85,-1582795704,85,7,255,-1582877960,85,878998053,54,-1582877960,85,1634886000,12397,-1582877960,85,-1592542992,85,5680,0,-1593805709,85,-1582877960,85,-1582787560,85,-1582813928,85,-1582787544,85,-1582813928,85,0,0,-1582916536,85,1634886000,12397,-1582877960,85,-1592542992,85,5679,0,-1582787304,85,-1582813848,85,1,390,13,85,0,0,-1582916496,85,1886217588,1918988383,1918856545,26469,-1592542992,85,5677,0,-1582787768,85,-1582787528,85,1,2,-1,85,-1592542992,85,5694,0,6386274,85,-1582877960,85,-1582787464,85,-1582833536,85,0,5674,0,85,-1594367792,85,-1582877960,85,0,255,-1582877960,85,5264165,85,-1582877960,85,-1582788136,85,-1582813768,85,878998053,55,-1582877960,85,-1592542992,85,5674,0,6579297,85,-1582877960,85,-1582787096,85,-1582833488,85,0,5673,0,85,-1594367792,85,-1582877960,85,-1582795352,85,-1582795384,85,5,255,-1582877960,85,878998053,53,-1582877960,85,-1582787016,85,-1582813688,85,878998053,54,-1582877960,85,-1592542992,85,5673,0,1635022435,0
-1582877960,85,-1582786952,85,-1582833464,85,0,5672,0,85,-1594367792,85,-1582877960,85,-1582795256,85,-1582795320,85,0,255,-1582877960,85,1920234276,50,-1582877960,85,-1582786856,85,-1582813608,85,878998053,53,-1582877960,85,-1592542992,85,5672,0,7761773,85,-1582877960,85,-1582786792,85,-1582833440,85,0,5671,0,85,-1594366992,85,-1582877960,85,-1582795192,85,-1582795224,85,12,255,-1582877960,85,3568165,85,-1582877960,85,5264165,85,-1582877960,85,-1592542992,85,5671,0,-1593805709,85,-1582877960,85,-1582786632,85,-1582833392,85,0,5670,0,85,-1594366992,85,-1582877960,85,-1582795032,85,-1582795064,85,12,255,-1582877960,85,3633701,85,-1582877960,85,5264165,85,-1582877960,85,-1592542992,85,5670,0,-1593805709,85,-1582877960,85,1,1304,-1,85,-1582788376,85,-1582813528,85,1,44,-1,85,-1592542992,85,5669,0,946892148,13110,-1582877960,85,1,389,9,85,-1592542992,85,5668,0,1,1303,-1,85,1,390,13,85,-1582786328,85,-1582813448,85,1,43,-1,85,-1592542992,85,5667,0,1597522498,57,-1582877960,85,-1582786488,85,-1582833344,85,0,5665,0,85,0,0,-1582877960,85,-1582794808,85,-1582877960,85,0,255,-1582877960,85,-1582809448,85,-1582531784,85,-1582786024,85,-1582786008,85,1597522498,57,-1582877960,85,-1592542992,85
5665,0,6386274,85,-1582877960,85,-1582786136,85,-1582833320,85,0,5664,0,85,0,0,-1582877960,85,-1582794776,85,-1582877960,85,0,255,-1582877960,85,-1582806392,85,-1582531784,85,-1582785864,85,-1582785832,85,1597522498,12337,-1582877960,85,6386274,85,-1582877960,85,-1592542992,85,5664,0,892432421,0,-1582877960,85,-1582785976,85,-1582833296,85,0,5663,0,85,-1593380688,85,-1582877960,85,-1582794616,85,-1582794680,85,0,255,8256,0,4112,0,4104,0,66,0,-1593201016,85,1,0,0,0,196,0,-1594366992,85,-1582806120,85,0,0,196,0,-1594366992,85,-1582806280,85,0,0,196,0,-1594366992,85,-1582806120,85,0,0,196,0,-1594366992,85,-1582805160,85,0,0,196,0,-1594366992,85,-1582806200,85,0,0,196,0,-1594366992,85,-1582806040,85,0,0,196,0,-1594366992,85,-1582805960,85,0,0,196,0,-1594366992,85,-1582806120,85,0,0,196,0,-1594366992,85,-1582805000,85,0,0,196,0,-1594366992,85,-1582806040,85,0,0,196,0,-1594366992,85,-1582805880,85,0,0,196,0,-1594366992,85,-1582805640,85,0,0,196,0,-1594366992,85,-1582805960,85,0,0,196,0,-1594366992,85,-1582805800,85,0,0,196,0,-1594366992,85,-1582805640,85
0,0,196,0,-1594366992,85,-1582805880,85,0,0,196,0,-1594366992,85,-1582805720,85,0,0,196,0,-1594366992,85,-1582805800,85,0,0,196,0,-1594366992,85,-1582805640,85,0,0,196,0,-1594366992,85,-1582805160,85,0,0,196,0,-1594366992,85,-1582805720,85,0,0,196,0,-1594368312,85,-1582805560,85,0,0,196,0,-1594366992,85,-1582805640,85,0,0,196,0,-1594368312,85,-1582805560,85,0,0,196,0,-1594366992,85,-1582805640,85,0,0,196,0,-1594366992,85,-1582805480,85,0,0,196,0,-1594368312,85,-1582805560,85,0,0,66,0,-1593201016,85,268435454,0,0,0,196,0,-1594366992,85,-1582805400,85,0,0,196,0,-1594366992,85,-1582805480,85,0,0,196,0,-1594368312,85,-1582805320,85,0,0,196,0,-1594366992,85,-1582805400,85,0,0,196,0,-1594368312,85,-1582805240,85,0,0,196,0,-1594368312,85,-1582805320,85,0,0,196,0,-1594368312,85,-1582805240,85,0,0,196,0,-1594368312,85,-1582805320,85,0,0,196,0,-1594366992,85,-1582805160,85,0,0,196,0,-1594368312,85,-1582805240,85,0,0,196,0,-1594366992,85,-1582805160,85,0,0,196,0,-1594368312,85,-1582805240,85
0,0,196,0,-1594366992,85,-1582805080,85,0,0,196,0,-1594366992,85,-1582805160,85,0,0,196,0,-1594366992,85,-1582804600,85,0,0,196,0,-1594366992,85,-1582805080,85,0,0,196,0,-1594366992,85,-1582804520,85,0,0,196,0,-1594366992,85,-1582805000,85,0,0,196,0,-1594366992,85,-1582804280,85,0,0,1969446751,1935630692,1596994157,1601595748,1597125491,828863073,0,0,196,0,-1594366992,85,-1582804600,85,0,0,196,0,-1594366992,85,-1582804200,85,0,0,1969446751,1935630692,1596994157,1601595748,1597125491,812085857,0,0,196,0,-1594366992,85,-1582804520,85,0,0,1111641124,1600085809,1633973603,846033759,1768185648,863199094,24370,0,66,0,-1593201016,85,6,0,0,0,66,0,-1593201016,85,5,0,0,0,66,0,-1593201016,85,25,0,0,0,196,0,-1594366712,85,-1582912632,85,0,0,196,0,-1594366992,85,-1582804280,85,0,0,1969446751,1935630692,1596994157,1601595748,1597125491,828863073,0,0,196,0,-1594366712,85,-1582812648,85,0,0,196,0,-1594366992,85,-1582804200,85,0,0,1969446751,1935630692,1596994157,1601595748,1597125491,812085857,-1582804480,85,1969446751,1935630692,1596994157,1601595748,1597125491,828863073,0,0,1969446751,1935630692,1596994157,1601595748,1597125491,812085857,0,0,196,0,-1594366712,85,-1582912632,85
0,0,196,0,-1594366712,85,-1582812648,85,0,0,196,0,-1594366712,85,-1582804120,85,0,0,66,0,-1593201016,85,17,0,0,0,66,0,-1593201016,85,399,0,0,0,66,0,-1593201016,85,1,0,0,0,196,0,-1594366712,85,-1582803880,85,0,0,196,0,-1594366712,85,-1582803960,85,0,0,140,0,-1594366912,85,-1582783336,85,0,0,196,0,-1594366912,85,-1582803800,85,0,0,196,0,-1594366712,85,-1582803880,85,0,0,196,0,-1594366912,85,-1582803720,85,0,0,196,0,-1594366912,85,-1582912312,85,0,0,196,0,-1594366912,85,-1582803800,85,0,0,66,0,-1593201016,85,2,0,0,0,196,0,-1594366912,85,-1582803640,85,0,0,196,0,-1594366912,85,-1582803720,85,0,0,196,0,-1594366712,85,-1582811048,85,0,0,196,0,-1594366912,85,-1582803640,85,0,0,196,0,-1594366712,85,-1582811048,85,0,0,196,0,-1594366912,85,-1582803640,85,0,0,66,0,-1593201016,85,19,0,0,0,66,0,-1593201016,85,396,0,0,0,66,0,-1593201016,85,1,0,0,0,140,0,-1594366992,85,-1582782824,85,0,0,64,0,-1594366992,85,-1582834448,85
0,0,75,0,-1594366992,85,-1582782728,85,0,0,66,0,-1593201016,85,0,0,0,0,196,0,-1594366712,85,-1582803400,85,0,0,196,0,-1594366712,85,-1582803480,85,0,0,79,0,-1592410568,85,-1582776168,85,0,0,196,0,-1594366712,85,-1582803320,85,0,0,196,0,-1594366712,85,-1582803240,85,0,0,196,0,-1594366712,85,-1582803160,85,0,0,68,0,-1594367232,85,-1586246600,85,0,0,79,0,-1592410568,85,-1582775992,85,0,0,196,0,-1594366712,85,-1582803400,85,0,0,196,0,-1594368312,85,-1582912552,85,0,0,140,0,-1594366992,85,-1582782376,85,0,0,64,0,-1594366992,85,-1582834352,85,0,0,75,0,-1594366992,85,-1582782280,85,0,0,66,0,-1593201016,85,0,0,0,0,196,0,-1594366712,85,-1582803320,85,0,0,196,0,-1594368312,85,-1582912472,85,0,0,140,0,-1594366992,85,-1582782184,85,0,0,64,0,-1594366992,85,-1582834304,85,0,0,75,0,-1594366992,85,-1582781896,85,0,0,66,0,-1593201016,85,0,0,0,0,196,0,-1594368312,85,-1582803000,85,0,0,140,0,-1594366992,85,-1582782024,85,0,0,64,0,-1594366992,85,-1582834256,85
